sim_time,x,y,speed,steer,throttle,style_scores,alert_state,alert_raw,alert_score
0.05,227.07386779785156,-172.86415100097656,0.9800000190734863,-0.00982666015625,0.20000000298023224,"[0.6268119812011719, 0.24779999256134033, 0.0, 0.9427351355552673]","[0.0, 0.0, -0.0056919436901807785, 2.566666626080405e-05, -0.028373777866363525, 1.0, 0.016333334147930145, -0.0056919436901807785, 0.0, 0.0, 0.9981881976127625, -0.016307666897773743, 0.0, 0.0]","[1.0, 0.0, 1.0, 1.1431878805160522, 2.0, 0.21038134396076202, 0.01711621880531311, 0.28540128469467163]",1.0
0.1,227.07386779785156,-172.86415100097656,1.4700000286102295,-0.00982666015625,0.20000000298023224,"[0.6589679718017578, 0.3716000020503998, 0.0, 0.9659090638160706]","[0.0, 0.0, -0.0056919436901807785, 2.566666626080405e-05, -0.028373777866363525, 1.0, 0.016333334147930145, -0.0056919436901807785, 0.0, 0.0, 0.9981881976127625, -0.016307666897773743, 0.0, 0.0]","[1.0, 0.0, 1.0, 1.1431878805160522, 2.0, 0.21038134396076202, 0.01711621880531311, 0.28540128469467163]",1.0
0.15000000000000002,227.07386779785156,-172.86415100097656,1.9600000381469727,-0.00982666015625,0.20000000298023224,"[0.6911239624023438, 0.49549999833106995, 0.0, 0.9659090042114258]","[0.0, 0.0, -0.0056919436901807785, 2.566666626080405e-05, -0.028373777866363525, 1.0, 0.016333334147930145, -0.0056919436901807785, 0.0, 0.0, 0.9981881976127625, -0.016307666897773743, 0.0, 0.0]","[1.0, 0.0, 1.0, 1.1431878805160522, 2.0, 0.21038134396076202, 0.01711621880531311, 0.28540128469467163]",1.0
0.2,227.07386779785156,-172.86415100097656,1.796090006828308,-0.00982666015625,0.20000000298023224,"[0.6803674697875977, 0.46970000863075256, 4.3956040940429375e-07, 0.5231031775474548]","[0.0, 0.0, -0.0056919436901807785, 2.566666626080405e-05, -0.028373777866363525, 1.0, 0.016333334147930145, -0.0056919436901807785, 0.0, 0.0, 0.9981881976127625, -0.016307666897773743, 0.0, 0.0]","[1.0, 0.0, 1.0, 1.1431878805160522, 2.0, 0.21038134396076202, 0.01711621880531311, 0.28540128469467163]",1.0
0.25,227.07386779785156,-172.86415100097656,0.9435200095176697,-0.00982666015625,0.20000000298023224,"[0.6244180202484131, 0.22939999401569366, 0.0, 0.5113636255264282]","[0.0, 0.0, -0.0056919436901807785, 2.566666626080405e-05, -0.028373777866363525, 1.0, 0.016333334147930145, -0.0056919436901807785, 0.0, 0.0, 0.9981881976127625, -0.016307666897773743, 0.0, 0.0]","[1.0, 0.0, 1.0, 1.1431878805160522, 2.0, 0.21038134396076202, 0.01711621880531311, 0.28540128469467163]",0.9770049441312442
0.3,227.07386779785156,-172.86415100097656,0.4353399872779846,-0.00982666015625,0.20000000298023224,"[0.5910689830780029, 0.10989999771118164, 0.0, 0.6528287529945374]","[0.0, 0.0, -0.0056919436901807785, 2.566666626080405e-05, -0.028373777866363525, 1.0, 0.016333334147930145, -0.0056919436901807785, 0.0, 0.0, 0.9981881976127625, -0.016307666897773743, 0.0, 0.0]","[1.0, 0.0, 1.0, 1.1431878805160522, 2.0, 0.21038134396076202, 0.01711621880531311, 0.28540128469467163]",0.8858183009826952
0.35,227.07386779785156,-172.86415100097656,0.14326000213623047,-0.00982666015625,0.20000000298023224,"[0.5719013810157776, 0.03700000047683716, 0.0, 0.7694510817527771]","[0.0, 0.0, -0.0056919436901807785, 2.566666626080405e-05, -0.028373777866363525, 1.0, 0.016333334147930145, -0.0056919436901807785, 0.0, 0.0, 0.9981881976127625, -0.016307666897773743, 0.0, 0.0]","[1.0, 0.0, 1.0, 1.1431878805160522, 2.0, 0.21038134396076202, 0.01711621880531311, 0.28540128469467163]",0.7824027208364557
0.39999999999999997,227.07386779785156,-172.86415100097656,0.01549999974668026,-0.00982666015625,0.20000000298023224,"[0.5635172128677368, 0.004100000020116568, 0.0, 0.861376941204071]","[0.0, 0.0, -0.0056919436901807785, 2.566666626080405e-05, -0.028373777866363525, 1.0, 0.016333334147930145, -0.0056919436901807785, 0.0, 0.0, 0.9981881976127625, -0.016307666897773743, 0.0, 0.0]","[1.0, 0.0, 1.0, 1.1431878805160522, 2.0, 0.21038134396076202, 0.01711621880531311, 0.28540128469467163]",0.5124350286853581
0.44999999999999996,227.07386779785156,-172.86415100097656,0.09382999688386917,-0.00982666015625,0.20000000298023224,"[0.5686575174331665, 0.024700000882148743, 0.0, 0.9162058234214783]","[0.0, 0.0, -0.0056919436901807785, 2.566666626080405e-05, -0.028373777866363525, 1.0, 0.016333334147930145, -0.0056919436901807785, 0.0, 0.0, 0.9981881976127625, -0.016307666897773743, 0.0, 0.0]","[1.0, 0.0, 1.0, 1.1431878805160522, 2.0, 0.21038134396076202, 0.01711621880531311, 0.28540128469467163]",0.3396081087655839
0.49999999999999994,227.07386779785156,-172.86415100097656,0.1251399964094162,-0.00982666015625,0.20000000298023224,"[0.5707122683525085, 0.03319999948143959, 0.0, 0.9529798626899719]","[0.0, 0.0, -0.0056919436901807785, 2.566666626080405e-05, -0.028373777866363525, 1.0, 0.016333334147930145, -0.0056919436901807785, 0.0, 0.0, 0.9981881976127625, -0.016307666897773743, 0.0, 0.0]","[1.0, 0.0, 1.0, 1.1431878805160522, 2.0, 0.21038134396076202, 0.01711621880531311, 0.28540128469467163]",0.1253657731658263
0.5499999999999999,227.07386779785156,-172.86415100097656,0.1301800012588501,-0.00982666015625,0.20000000298023224,"[0.5710430145263672, 0.03460000082850456, 0.0, 0.9754348993301392]","[0.0, 0.0, -0.0056919436901807785, 2.566666626080405e-05, -0.028373777866363525, 1.0, 0.016333334147930145, -0.0056919436901807785, 0.0, 0.0, 0.9981881976127625, -0.016307666897773743, 0.0, 0.0]","[1.0, 0.0, 1.0, 1.1431878805160522, 2.0, 0.21038134396076202, 0.01711621880531311, 0.28540128469467163]",-0.11323710843464285
0.6,227.07386779785156,-172.86415100097656,0.12161000072956085,-0.00982666015625,0.20000000298023224,"[0.5704805850982666, 0.03229999914765358, 0.0, 0.9864628911018372]","[0.0, 0.0, -0.0056919436901807785, 2.566666626080405e-05, -0.028373777866363525, 1.0, 0.016333334147930145, -0.0056919436901807785, 0.0, 0.0, 0.9981881976127625, -0.016307666897773743, 0.0, 0.0]","[1.0, 0.0, 1.0, 1.1431878805160522, 2.0, 0.21038134396076202, 0.01711621880531311, 0.28540128469467163]",-0.35897729431639425
0.65,227.07386779785156,-172.86415100097656,0.10694999992847443,-0.00982666015625,0.20000000298023224,"[0.5695185661315918, 0.0284000001847744, 0.0, 0.9924567341804504]","[0.0, 0.0, -0.0056919436901807785, 2.566666626080405e-05, -0.028373777866363525, 1.0, 0.016333334147930145, -0.0056919436901807785, 0.0, 0.0, 0.9981881976127625, -0.016307666897773743, 0.0, 0.0]","[1.0, 0.0, 1.0, 1.1431878805160522, 2.0, 0.21038134396076202, 0.01711621880531311, 0.28540128469467163]",-0.902806981105138
0.7000000000000001,227.07386779785156,-172.86415100097656,0.09047999978065491,-0.00982666015625,0.20000000298023224,"[0.5684376955032349, 0.024000000208616257, 0.0, 0.9961102604866028]","[0.0, 0.0, -0.0056919436901807785, 2.566666626080405e-05, -0.028373777866363525, 1.0, 0.016333334147930145, -0.0056919436901807785, 0.0, 0.0, 0.9981881976127625, -0.016307666897773743, 0.0, 0.0]","[1.0, 0.0, 1.0, 1.1431878805160522, 2.0, 0.21038134396076202, 0.01711621880531311, 0.28540128469467163]",-1.1886327506721028
0.7500000000000001,227.07386779785156,-172.86415100097656,0.07450000196695328,-0.00982666015625,0.20000000298023224,"[0.5673890113830566, 0.01979999989271164, 0.0, 0.9973715543746948]","[0.0, 0.0, -0.0056919436901807785, 2.566666626080405e-05, -0.028373777866363525, 1.0, 0.016333334147930145, -0.0056919436901807785, 0.0, 0.0, 0.9981881976127625, -0.016307666897773743, 0.0, 0.0]","[1.0, 0.0, 1.0, 1.1431878805160522, 2.0, 0.21038134396076202, 0.01711621880531311, 0.28540128469467163]",-1.4805521376552986
0.8000000000000002,227.07386779785156,-172.86415100097656,0.06013000011444092,-0.00982666015625,0.20000000298023224,"[0.5664460062980652, 0.01600000075995922, 0.0, 0.996576189994812]","[0.0, 0.0, -0.0056919436901807785, 2.566666626080405e-05, -0.028373777866363525, 1.0, 0.016333334147930145, -0.0056919436901807785, 0.0, 0.0, 0.9981881976127625, -0.016307666897773743, 0.0, 0.0]","[1.0, 0.0, 1.0, 1.1431878805160522, 2.0, 0.21038134396076202, 0.01711621880531311, 0.28540128469467163]",-2.108089272588459
0.8500000000000002,227.07386779785156,-172.86415100097656,0.04780000075697899,-0.00982666015625,0.20000000298023224,"[0.5656368732452393, 0.01269999984651804, 4.3956040940429375e-07, 0.9964690208435059]","[0.0, 0.0, -0.0056919436901807785, 2.566666626080405e-05, -0.028373777866363525, 1.0, 0.016333334147930145, -0.0056919436901807785, 0.0, 0.0, 0.9981881976127625, -0.016307666897773743, 0.0, 0.0]","[1.0, 0.0, 1.0, 1.1431878805160522, 2.0, 0.21038134396076202, 0.01711621880531311, 0.28540128469467163]",-2.4285299677259244
0.9000000000000002,227.07386779785156,-172.86415100097656,0.037539999932050705,-0.00982666015625,0.20000000298023224,"[0.5649635791778564, 0.009999999776482582, 0.0, 0.9967197775840759]","[0.0, 0.0, -0.0056919436901807785, 2.566666626080405e-05, -0.028373777866363525, 1.0, 0.016333334147930145, -0.0056919436901807785, 0.0, 0.0, 0.9981881976127625, -0.016307666897773743, 0.0, 0.0]","[1.0, 0.0, 1.0, 1.1431878805160522, 2.0, 0.21038134396076202, 0.01711621880531311, 0.28540128469467163]",-2.767904427173333
0.9500000000000003,227.07386779785156,-172.86415100097656,0.029190000146627426,-0.00982666015625,0.20000000298023224,"[0.5644155740737915, 0.007799999788403511, 0.0, 0.9971194863319397]","[0.0, 0.0, -0.0056919436901807785, 2.566666626080405e-05, -0.028373777866363525, 1.0, 0.016333334147930145, -0.0056919436901807785, 0.0, 0.0, 0.9981881976127625, -0.016307666897773743, 0.0, 0.0]","[1.0, 0.0, 1.0, 1.1431878805160522, 2.0, 0.21038134396076202, 0.01711621880531311, 0.28540128469467163]",-3.1193499289243327
1.0000000000000002,227.07386779785156,-172.86415100097656,0.022509999573230743,-0.00982666015625,0.20000000298023224,"[0.5639772415161133, 0.006000000052154064, 0.0, 0.9975723028182983]","[0.0, 0.0, -0.0056919436901807785, 2.566666626080405e-05, -0.028373777866363525, 1.0, 0.016333334147930145, -0.0056919436901807785, 0.0, 0.0, 0.9981881976127625, -0.016307666897773743, 0.0, 0.0]","[1.0, 0.0, 1.0, 1.1431878805160522, 2.0, 0.21038134396076202, 0.01711621880531311, 0.28540128469467163]",-3.4844976262871734
1.0500000000000003,227.07386779785156,-172.86415100097656,0.017249999567866325,-0.00982666015625,0.20000000298023224,"[0.5636320114135742, 0.004600000102072954, 0.0, 0.9979999661445618]","[0.0, 0.0, -0.0056919436901807785, 2.566666626080405e-05, -0.028373777866363525, 1.0, 0.016333334147930145, -0.0056919436901807785, 0.0, 0.0, 0.9981881976127625, -0.016307666897773743, 0.0, 0.0]","[1.0, 0.0, 1.0, 1.1431878805160522, 2.0, 0.21038134396076202, 0.01711621880531311, 0.28540128469467163]",-4.229526072057548
1.1000000000000003,227.07386779785156,-172.86415100097656,0.013129999861121178,-0.00982666015625,0.20000000298023224,"[0.563361644744873, 0.0035000001080334187, 0.0, 0.9983904361724854]","[0.0, 0.0, -0.0056919436901807785, 2.566666626080405e-05, -0.028373777866363525, 1.0, 0.016333334147930145, -0.0056919436901807785, 0.0, 0.0, 0.9981881976127625, -0.016307666897773743, 0.0, 0.0]","[1.0, 0.0, 1.0, 1.1431878805160522, 2.0, 0.21038134396076202, 0.01711621880531311, 0.28540128469467163]",-4.621274244898736
1.1500000000000004,227.07386779785156,-172.86415100097656,0.009949999861419201,-0.00982666015625,0.20000000298023224,"[0.5631529688835144, 0.0026000000070780516, 0.0, 0.9987188577651978]","[0.0, 0.0, -0.0056919436901807785, 2.566666626080405e-05, -0.028373777866363525, 1.0, 0.016333334147930145, -0.0056919436901807785, 0.0, 0.0, 0.9981881976127625, -0.016307666897773743, 0.0, 0.0]","[1.0, 0.0, 1.0, 1.1431878805160522, 2.0, 0.21038134396076202, 0.01711621880531311, 0.28540128469467163]",-5.030549271815591
1.2000000000000004,227.07386779785156,-172.86415100097656,0.007499999832361937,-0.00982666015625,0.20000000298023224,"[0.5629922151565552, 0.0020000000949949026, 0.0, 0.9989964962005615]","[0.0, 0.0, -0.0056919436901807785, 2.566666626080405e-05, -0.028373777866363525, 1.0, 0.016333334147930145, -0.0056919436901807785, 0.0, 0.0, 0.9981881976127625, -0.016307666897773743, 0.0, 0.0]","[1.0, 0.0, 1.0, 1.1431878805160522, 2.0, 0.21038134396076202, 0.01711621880531311, 0.28540128469467163]",-5.458175865848213
1.2500000000000004,227.07386779785156,-172.86415100097656,0.005640000104904175,-0.00982666015625,0.20000000298023224,"[0.5628701448440552, 0.001500000013038516, 0.0, 0.999219536781311]","[0.0, 0.0, -0.0056919436901807785, 2.566666626080405e-05, -0.028373777866363525, 1.0, 0.016333334147930145, -0.0056919436901807785, 0.0, 0.0, 0.9981881976127625, -0.016307666897773743, 0.0, 0.0]","[1.0, 0.0, 1.0, 1.1431878805160522, 2.0, 0.21038134396076202, 0.01711621880531311, 0.28540128469467163]",-6.394785547962647
1.3000000000000005,227.07386779785156,-172.86415100097656,0.004220000002533197,-0.00982666015625,0.20000000298023224,"[0.5627769231796265, 0.0010999999940395355, 0.0, 0.9993966817855835]","[0.0, 0.0, -0.0056919436901807785, 2.566666626080405e-05, -0.028373777866363525, 1.0, 0.016333334147930145, -0.0056919436901807785, 0.0, 0.0, 0.9981881976127625, -0.016307666897773743, 0.0, 0.0]","[1.0, 0.0, 1.0, 1.1431878805160522, 2.0, 0.21038134396076202, 0.01711621880531311, 0.28540128469467163]",-6.909414736480556
1.3500000000000005,227.07386779785156,-172.86415100097656,0.0031500000040978193,-0.00982666015625,0.20000000298023224,"[0.562706708908081, 0.0007999999797903001, 0.0, 0.9995390772819519]","[0.0, 0.0, -0.0056919436901807785, 2.566666626080405e-05, -0.028373777866363525, 1.0, 0.016333334147930145, -0.0056919436901807785, 0.0, 0.0, 0.9981881976127625, -0.016307666897773743, 0.0, 0.0]","[1.0, 0.0, 1.0, 1.1431878805160522, 2.0, 0.21038134396076202, 0.01711621880531311, 0.28540128469467163]",-7.426380800771534
1.4000000000000006,227.07386779785156,-172.86415100097656,0.000750000006519258,-0.00982666015625,0.20000000298023224,"[0.5625492334365845, 0.00019999999494757503, 0.0, 0.9984583854675293]","[0.0, 0.0, -0.0056919436901807785, 2.566666626080405e-05, -0.028373777866363525, 1.0, 0.016333334147930145, -0.0056919436901807785, 0.0, 0.0, 0.9981881976127625, -0.016307666897773743, 0.0, 0.0]","[1.0, 0.0, 1.0, 1.1431878805160522, 2.0, 0.21038134396076202, 0.01711621880531311, 0.28540128469467163]",-7.937515989153091
1.4500000000000006,227.07386779785156,-172.86415100097656,0.001129999989643693,-0.00982666015625,0.20000000298023224,"[0.5625741481781006, 0.0003000000142492354, 0.0, 0.9974155426025391]","[0.0, 0.0, -0.0056919436901807785, 2.566666626080405e-05, -0.028373777866363525, 1.0, 0.016333334147930145, -0.0056919436901807785, 0.0, 0.0, 0.9981881976127625, -0.016307666897773743, 0.0, 0.0]","[1.0, 0.0, 1.0, 1.1431878805160522, 2.0, 0.21038134396076202, 0.01711621880531311, 0.28540128469467163]",-8.960060704971763
1.5000000000000007,227.07386779785156,-172.86415100097656,0.0012199999764561653,-0.00982666015625,0.20000000298023224,"[0.5625801086425781, 0.0003000000142492354, 0.0, 0.999728798866272]","[0.0, 0.0, -0.0056919436901807785, 2.566666626080405e-05, -0.028373777866363525, 1.0, 0.016333334147930145, -0.0056919436901807785, 0.0, 0.0, 0.9981881976127625, -0.016307666897773743, 0.0, 0.0]","[1.0, 0.0, 1.0, 1.1431878805160522, 2.0, 0.21038134396076202, 0.01711621880531311, 0.28540128469467163]",-9.481998192235869
1.5500000000000007,227.07386779785156,-172.86415100097656,0.0011699999449774623,-0.00982666015625,0.20000000298023224,"[0.5625767707824707, 0.0003000000142492354, 0.0, 0.9998543858528137]","[0.0, 0.0, -0.0056919436901807785, 2.566666626080405e-05, -0.028373777866363525, 1.0, 0.016333334147930145, -0.0056919436901807785, 0.0, 0.0, 0.9981881976127625, -0.016307666897773743, 0.0, 0.0]","[1.0, 0.0, 1.0, 1.1431878805160522, 2.0, 0.21038134396076202, 0.01711621880531311, 0.28540128469467163]",-10.016563990364629
1.6000000000000008,227.07386779785156,-172.86415100097656,0.0010400000028312206,-0.00982666015625,0.20000000298023224,"[0.5625682473182678, 0.0003000000142492354, 0.0, 0.9999176859855652]","[0.0, 0.0, -0.0056919436901807785, 2.566666626080405e-05, -0.028373777866363525, 1.0, 0.016333334147930145, -0.0056919436901807785, 0.0, 0.0, 0.9981881976127625, -0.016307666897773743, 0.0, 0.0]","[1.0, 0.0, 1.0, 1.1431878805160522, 2.0, 0.21038134396076202, 0.01711621880531311, 0.28540128469467163]",-11.172863549889524
1.6500000000000008,227.07386779785156,-172.86415100097656,0.0008900000248104334,-0.00982666015625,0.20000000298023224,"[0.5625584125518799, 0.00019999999494757503, 0.0, 0.9999573826789856]","[0.0, 0.0, -0.0056919436901807785, 2.566666626080405e-05, -0.028373777866363525, 1.0, 0.016333334147930145, -0.0056919436901807785, 0.0, 0.0, 0.9981881976127625, -0.016307666897773743, 0.0, 0.0]","[1.0, 0.0, 1.0, 1.1431878805160522, 2.0, 0.21038134396076202, 0.01711621880531311, 0.28540128469467163]",-11.81303699393182
1.7000000000000008,227.07386779785156,-172.86415100097656,0.0007399999885819852,-0.00982666015625,0.20000000298023224,"[0.5625485181808472, 0.00019999999494757503, 0.0, 0.9999780654907227]","[0.0, 0.0, -0.0056919436901807785, 2.566666626080405e-05, -0.028373777866363525, 1.0, 0.016333334147930145, -0.0056919436901807785, 0.0, 0.0, 0.9981881976127625, -0.016307666897773743, 0.0, 0.0]","[1.0, 0.0, 1.0, 1.1431878805160522, 2.0, 0.21038134396076202, 0.01711621880531311, 0.28540128469467163]",-12.503031255260462
1.7500000000000009,227.07386779785156,-172.86415100097656,0.0006000000284984708,-0.00982666015625,0.21826171875,"[0.5625393390655518, 0.00019999999494757503, 0.0, 0.9999725818634033]","[0.0, 0.0, -0.0056919436901807785, 2.566666626080405e-05, -0.028373777866363525, 1.0, 0.016333334147930145, -0.0056919436901807785, 0.0, 0.0, 0.9981881976127625, -0.016307666897773743, 0.0, 0.0]","[1.0, 0.0, 1.0, 1.1431878805160522, 2.0, 0.21038134396076202, 0.01711621880531311, 0.28540128469467163]",-13.147021314038419
1.800000000000001,227.07386779785156,-172.86415100097656,9.000000136438757e-05,-0.00982666015625,0.2420654296875,"[0.5625059604644775, 0.0, 0.0, 0.9995982646942139]","[0.0, 0.0, -0.0056919436901807785, 2.566666626080405e-05, -0.028373777866363525, 1.0, 0.016333334147930145, -0.0056919436901807785, 0.0, 0.0, 0.9981881976127625, -0.016307666897773743, 0.0, 0.0]","[1.0, 0.0, 1.0, 1.1431878805160522, 2.0, 0.21038134396076202, 0.01711621880531311, 0.28540128469467163]",-13.767208656781849
1.850000000000001,227.07386779785156,-172.86415100097656,0.0002099999983329326,-0.00982666015625,0.2738037109375,"[0.5625137686729431, 9.999999747378752e-05, 0.0, 0.999415397644043]","[0.0, 0.0, -0.0056919436901807785, 2.566666626080405e-05, -0.028373777866363525, 1.0, 0.016333334147930145, -0.0056919436901807785, 0.0, 0.0, 0.9981881976127625, -0.016307666897773743, 0.0, 0.0]","[1.0, 0.0, 1.0, 1.1431878805160522, 2.0, 0.21038134396076202, 0.01711621880531311, 0.28540128469467163]",-14.00264132461937
1.900000000000001,227.07386779785156,-172.86415100097656,0.0002500000118743628,-0.00982666015625,0.3174591064453125,"[0.5625163912773132, 9.999999747378752e-05, 0.0, 0.9999251365661621]","[0.0, 0.0, -0.0056919436901807785, 2.566666626080405e-05, -0.028373777866363525, 1.0, 0.016333334147930145, -0.0056919436901807785, 0.0, 0.0, 0.9981881976127625, -0.016307666897773743, 0.0, 0.0]","[1.0, 0.0, 1.0, 1.1431878805160522, 2.0, 0.21038134396076202, 0.01711621880531311, 0.28540128469467163]",-14.25521525290057
1.950000000000001,227.07386779785156,-172.86415100097656,0.0002500000118743628,-0.00982666015625,0.3491973876953125,"[0.5625163912773132, 9.999999747378752e-05, 0.0, 0.9999598264694214]","[0.0, 0.0, -0.0056919436901807785, 2.566666626080405e-05, -0.028373777866363525, 1.0, 0.016333334147930145, -0.0056919436901807785, 0.0, 0.0, 0.9981881976127625, -0.016307666897773743, 0.0, 0.0]","[1.0, 0.0, 1.0, 1.1431878805160522, 2.0, 0.21038134396076202, 0.01711621880531311, 0.28540128469467163]",-14.533845842340368
2.000000000000001,227.07083129882812,-172.86415100097656,0.18312999606132507,-0.00982666015625,0.3690338134765625,"[0.5745178461074829, 0.037700001150369644, 0.16215956211090088, 0.7585041522979736]","[0.0, 0.0, -0.0056919436901807785, 2.566666626080405e-05, -0.028373777866363525, 1.0, 0.016333334147930145, -0.0056919436901807785, 0.0, 0.0, 0.9981881976127625, -0.016307666897773743, 0.0, 0.0]","[1.0, 0.0, 1.0, 1.1431878805160522, 2.0, 0.21038134396076202, 0.01711621880531311, 0.28540128469467163]",-15.128242940145853
2.0500000000000007,227.04856872558594,-172.86419677734375,0.5279499888420105,-0.00982666015625,0.376983642578125,"[0.5971464514732361, 0.1054999977350235, 0.3037731945514679, 0.7741515040397644]","[0.0, 0.0, -0.0056919436901807785, 2.566666626080405e-05, -0.028373777866363525, 1.0, 0.016333334147930145, -0.0056919436901807785, 0.0, 0.0, 0.9981881976127625, -0.016307666897773743, 0.0, 0.0]","[1.0, 0.0, 1.0, 1.1431878805160522, 2.0, 0.21038134396076202, 0.01711621880531311, 0.28540128469467163]",-15.420140502303887
2.1000000000000005,227.02001953125,-172.86422729492188,0.6406300067901611,-0.00982666015625,0.376983642578125,"[0.6045410633087158, 0.13109999895095825, 0.10187297314405441, 0.7100108861923218]","[0.0, 0.0, -0.0056919436901807785, 2.566666626080405e-05, -0.028373777866363525, 1.0, 0.016333334147930145, -0.0056919436901807785, 0.0, 0.0, 0.9981881976127625, -0.016307666897773743, 0.0, 0.0]","[1.0, 0.0, 1.0, 1.1431878805160522, 2.0, 0.21038134396076202, 0.01711621880531311, 0.28540128469467163]",-15.675997554523214
2.1500000000000004,226.986328125,-172.8641815185547,0.7269899845123291,-0.00982666015625,0.376983642578125,"[0.6102083325386047, 0.14920000731945038, 0.07840307056903839, 0.9568243622779846]","[0.0, 0.0, -0.0056919436901807785, 2.566666626080405e-05, -0.028373777866363525, 1.0, 0.016333334147930145, -0.0056919436901807785, 0.0, 0.0, 0.9981881976127625, -0.016307666897773743, 0.0, 0.0]","[1.0, 0.0, 1.0, 1.1431878805160522, 2.0, 0.21038134396076202, 0.01711621880531311, 0.28540128469467163]",-15.906603401727118
2.2,226.94778442382812,-172.86410522460938,0.7866899967193604,-0.00982666015625,0.380950927734375,"[0.6141261458396912, 0.16089999675750732, 0.053629450500011444, 0.958806037902832]","[0.0, 0.0, -0.0056919436901807785, 2.566666626080405e-05, -0.028373777866363525, 1.0, 0.016333334147930145, -0.0056919436901807785, 0.0, 0.0, 0.9981881976127625, -0.016307666897773743, 0.0, 0.0]","[1.0, 0.0, 1.0, 1.1431878805160522, 2.0, 0.21038134396076202, 0.01711621880531311, 0.28540128469467163]",-16.358172469894882
2.25,226.9057159423828,-172.86399841308594,0.8843500018119812,-0.00982666015625,0.380950927734375,"[0.6205350160598755, 0.1800999939441681, 0.086374931037426, 0.9404829144477844]","[0.0, 0.0, -0.0056919436901807785, 2.566666626080405e-05, -0.028373777866363525, 1.0, 0.016333334147930145, -0.0056919436901807785, 0.0, 0.0, 0.9981881976127625, -0.016307666897773743, 0.0, 0.0]","[1.0, 0.0, 1.0, 1.1431878805160522, 2.0, 0.21038134396076202, 0.01711621880531311, 0.28540128469467163]",-16.54939606385185
2.3,226.86219787597656,-172.86399841308594,0.8704000115394592,-0.00982666015625,0.380950927734375,"[0.6196195483207703, 0.17880000174045563, 0.0, 0.8653091192245483]","[0.0, 0.0, -0.0056919436901807785, 2.566666626080405e-05, -0.028373777866363525, 1.0, 0.016333334147930145, -0.0056919436901807785, 0.0, 0.0, 0.9981881976127625, -0.016307666897773743, 0.0, 0.0]","[1.0, 0.0, 1.0, 1.1431878805160522, 2.0, 0.21038134396076202, 0.01711621880531311, 0.28540128469467163]",-16.74041583568488
2.3499999999999996,226.81906127929688,-172.8639373779297,0.86735999584198,-0.00982666015625,0.380950927734375,"[0.619420051574707, 0.17839999496936798, 0.0035745054483413696, 0.986528217792511]","[0.0, 0.0, -0.0056919436901807785, 2.566666626080405e-05, -0.028373777866363525, 1.0, 0.016333334147930145, -0.0056919436901807785, 0.0, 0.0, 0.9981881976127625, -0.016307666897773743, 0.0, 0.0]","[1.0, 0.0, 1.0, 1.1431878805160522, 2.0, 0.21038134396076202, 0.01711621880531311, 0.28540128469467163]",-16.938600720982276
2.3999999999999995,226.7756805419922,-172.86387634277344,0.8773199915885925,-0.00982666015625,0.380950927734375,"[0.620073676109314, 0.18029999732971191, 0.007707165088504553, 0.9832417964935303]","[0.0, 0.0, -0.0056919436901807785, 2.566666626080405e-05, -0.028373777866363525, 1.0, 0.016333334147930145, -0.0056919436901807785, 0.0, 0.0, 0.9981881976127625, -0.016307666897773743, 0.0, 0.0]","[1.0, 0.0, 1.0, 1.1431878805160522, 2.0, 0.21038134396076202, 0.01711621880531311, 0.28540128469467163]",-17.404669374218344
2.4499999999999993,226.73167419433594,-172.86383056640625,0.8884900212287903,-0.00982666015625,0.380950927734375,"[0.6208066940307617, 0.1826000064611435, 0.010403956286609173, 0.9964166283607483]","[0.0, 0.0, -0.0056919436901807785, 2.566666626080405e-05, -0.028373777866363525, 1.0, 0.016333334147930145, -0.0056919436901807785, 0.0, 0.0, 0.9981881976127625, -0.016307666897773743, 0.0, 0.0]","[1.0, 0.0, 1.0, 1.1431878805160522, 2.0, 0.21038134396076202, 0.01711621880531311, 0.28540128469467163]",-17.61930304776764
2.499999999999999,226.6868133544922,-172.86376953125,0.9093000292778015,-0.00982666015625,0.3650665283203125,"[0.6221723556518555, 0.1914999932050705, 0.019472965970635414, 0.9855611324310303]","[0.0, 0.0, -0.0056919436901807785, 2.566666626080405e-05, -0.028373777866363525, 1.0, 0.016333334147930145, -0.0056919436901807785, 0.0, 0.0, 0.9981881976127625, -0.016307666897773743, 0.0, 0.0]","[1.0, 0.0, 1.0, 1.1431878805160522, 2.0, 0.21038134396076202, 0.01711621880531311, 0.28540128469467163]",-17.84012484005252
2.549999999999999,226.6409912109375,-172.86370849609375,0.9257599711418152,-0.00982666015625,0.3650665283203125,"[0.6232525110244751, 0.19499999284744263, 0.015242638066411018, 0.9924368858337402]","[0.0, 0.0, -0.0056919436901807785, 2.566666626080405e-05, -0.028373777866363525, 1.0, 0.016333334147930145, -0.0056919436901807785, 0.0, 0.0, 0.9981881976127625, -0.016307666897773743, 0.0, 0.0]","[1.0, 0.0, 1.0, 1.1431878805160522, 2.0, 0.21038134396076202, 0.01711621880531311, 0.28540128469467163]",-18.062132393413645
2.5999999999999988,226.5941619873047,-172.8636474609375,0.9480299949645996,-0.00982666015625,0.3650665283203125,"[0.6247140169143677, 0.1995999962091446, 0.0208602212369442, 0.9900012612342834]","[0.0, 0.0, -0.0056919436901807785, 2.566666626080405e-05, -0.028373777866363525, 1.0, 0.016333334147930145, -0.0056919436901807785, 0.0, 0.0, 0.9981881976127625, -0.016307666897773743, 0.0, 0.0]","[1.0, 0.0, 1.0, 1.1431878805160522, 2.0, 0.21038134396076202, 0.01711621880531311, 0.28540128469467163]",-18.56400005441208
2.6499999999999986,226.5463409423828,-172.86358642578125,0.9642699956893921,-0.00982666015625,0.3650665283203125,"[0.6257797479629517, 0.20309999585151672, 0.014984174631536007, 0.9905393719673157]","[0.0, 0.0, -0.0056919436901807785, 2.566666626080405e-05, -0.028373777866363525, 1.0, 0.016333334147930145, -0.0056919436901807785, 0.0, 0.0, 0.9981881976127625, -0.016307666897773743, 0.0, 0.0]","[1.0, 0.0, 1.0, 1.1431878805160522, 2.0, 0.21038134396076202, 0.01711621880531311, 0.28540128469467163]",-18.794690448366065
2.6999999999999984,226.49749755859375,-172.86349487304688,0.9876999855041504,-0.00982666015625,0.400787353515625,"[0.6273173093795776, 0.19619999825954437, 0.021903296932578087, 0.9881840944290161]","[0.0, 0.0, -0.0056919436901807785, 2.566666626080405e-05, -0.028373777866363525, 1.0, 0.016333334147930145, -0.0056919436901807785, 0.0, 0.0, 0.9981881976127625, -0.016307666897773743, 0.0, 0.0]","[1.0, 0.0, 1.0, 1.1431878805160522, 2.0, 0.21038134396076202, 0.01711621880531311, 0.28540128469467163]",-19.026850899605495
2.7499999999999982,226.44740295410156,-172.86338806152344,1.0132900476455688,-0.00982666015625,0.456329345703125,"[0.6289966106414795, 0.1826000064611435, 0.02316439524292946, 0.9937148690223694]","[0.0, 0.0, -0.0056919436901807785, 2.566666626080405e-05, -0.028373777866363525, 1.0, 0.016333334147930145, -0.0056919436901807785, 0.0, 0.0, 0.9981881976127625, -0.016307666897773743, 0.0, 0.0]","[1.0, 0.0, 1.0, 1.1431878805160522, 2.0, 0.21038134396076202, 0.01711621880531311, 0.28540128469467163]",-19.2677196423947
2.799999999999998,226.3954620361328,-172.8632354736328,1.0577000379562378,-0.00982666015625,0.5078125,"[0.631911039352417, 0.17219999432563782, 0.040459342300891876, 0.9716237187385559]","[0.0, 0.0, -0.0056919436901807785, 2.566666626080405e-05, -0.028373777866363525, 1.0, 0.016333334147930145, -0.0056919436901807785, 0.0, 0.0, 0.9981881976127625, -0.016307666897773743, 0.0, 0.0]","[1.0, 0.0, 1.0, 1.1431878805160522, 2.0, 0.21038134396076202, 0.01711621880531311, 0.28540128469467163]",-19.801039539152853
2.849999999999998,226.34085083007812,-172.8630828857422,1.1147700548171997,-0.00982666015625,0.5390625,"[0.6356561779975891, 0.16979999840259552, 0.050700221210718155, 0.9771391153335571]","[0.0, 0.0, -0.0056919436901807785, 2.566666626080405e-05, -0.028373777866363525, 1.0, 0.016333334147930145, -0.0056919436901807785, 0.0, 0.0, 0.9981881976127625, -0.016307666897773743, 0.0, 0.0]","[1.0, 0.0, 1.0, 1.1431878805160522, 2.0, 0.21038134396076202, 0.01711621880531311, 0.28540128469467163]",-20.04271362234494
2.8999999999999977,226.28317260742188,-172.86293029785156,1.1728099584579468,-0.00982666015625,0.5390625,"[0.6394650936126709, 0.1785999983549118, 0.05259033292531967, 0.9903761148452759]","[0.0, 0.0, -0.0056919436901807785, 2.566666626080405e-05, -0.028373777866363525, 1.0, 0.016333334147930145, -0.0056919436901807785, 0.0, 0.0, 0.9981881976127625, -0.016307666897773743, 0.0, 0.0]","[1.0, 0.0, 1.0, 1.1431878805160522, 2.0, 0.21038134396076202, 0.01711621880531311, 0.28540128469467163]",-20.27407917429346
2.9499999999999975,226.2229461669922,-172.8627471923828,1.2346099615097046,-0.00982666015625,0.5390625,"[0.6435205936431885, 0.18790000677108765, 0.05512571334838867, 0.9855420589447021]","[0.0, 0.0, -0.0056919436901807785, 2.566666626080405e-05, -0.028373777866363525, 1.0, 0.016333334147930145, -0.0056919436901807785, 0.0, 0.0, 0.9981881976127625, -0.016307666897773743, 0.0, 0.0]","[1.0, 0.0, 1.0, 1.1431878805160522, 2.0, 0.21038134396076202, 0.01711621880531311, 0.28540128469467163]",-20.502665104641103
2.9999999999999973,226.15701293945312,-172.8629608154297,1.34538996219635,0.0029296875,0.5390625,"[0.6507904529571533, 0.2037999927997589, 0.10495076328516006, 0.9241127967834473]","[0.0, 0.0, -0.0056919436901807785, 2.566666626080405e-05, -0.028373777866363525, 1.0, 0.016333334147930145, -0.0056919436901807785, 0.0, 0.0, 0.9981881976127625, -0.016307666897773743, 0.0, 0.0]","[1.0, 0.0, 1.0, 1.1431878805160522, 2.0, 0.21038134396076202, 0.01711621880531311, 0.28540128469467163]",-20.997512457052526
3.049999999999997,226.0859375,-172.86331176757812,1.4797999858856201,0.003509521484375,0.5390625,"[0.6596111059188843, 0.22360000014305115, 0.12006110697984695, 0.9514458179473877]","[0.0, 0.0, -0.0056919436901807785, 2.566666626080405e-05, -0.028373777866363525, 1.0, 0.016333334147930145, -0.0056919436901807785, 0.0, 0.0, 0.9981881976127625, -0.016307666897773743, 0.0, 0.0]","[1.0, 0.0, 1.0, 1.1431878805160522, 2.0, 0.21038134396076202, 0.01711621880531311, 0.28540128469467163]",-21.20007584768475
3.099999999999997,226.01039123535156,-172.86373901367188,1.525670051574707,0.00457763671875,0.5390625,"[0.6626213192939758, 0.23260000348091125, 0.0438237339258194, 0.8866011500358582]","[0.0, 0.0, -0.0056919436901807785, 2.566666626080405e-05, -0.028373777866363525, 1.0, 0.016333334147930145, -0.0056919436901807785, 0.0, 0.0, 0.9981881976127625, -0.016307666897773743, 0.0, 0.0]","[1.0, 0.0, 1.0, 1.1431878805160522, 2.0, 0.21038134396076202, 0.01711621880531311, 0.28540128469467163]",-21.38893864552878
3.149999999999997,225.929931640625,-172.8641815185547,1.649399995803833,0.005401611328125,0.5390625,"[0.6707410216331482, 0.24950000643730164, 0.11012087017297745, 0.8889648914337158]","[0.0, 0.0, -0.0056919436901807785, 2.566666626080405e-05, -0.028373777866363525, 1.0, 0.016333334147930145, -0.0056919436901807785, 0.0, 0.0, 0.9981881976127625, -0.016307666897773743, 0.0, 0.0]","[1.0, 0.0, 1.0, 1.1431878805160522, 2.0, 0.21038134396076202, 0.01711621880531311, 0.28540128469467163]",-21.571281126887886
3.1999999999999966,225.8462677001953,-172.8647003173828,1.6910799741744995,0.00628662109375,0.5390625,"[0.6734762191772461, 0.2578999996185303, 0.038437798619270325, 0.895476222038269]","[0.0, 0.0, -0.0056919436901807785, 2.566666626080405e-05, -0.028373777866363525, 1.0, 0.016333334147930145, -0.0056919436901807785, 0.0, 0.0, 0.9981881976127625, -0.016307666897773743, 0.0, 0.0]","[1.0, 0.0, 1.0, 1.1431878805160522, 2.0, 0.21038134396076202, 0.01711621880531311, 0.28540128469467163]",-21.999950057271622
3.2499999999999964,225.75894165039062,-172.865234375,1.786080002784729,0.006622314453125,0.5390625,"[0.6797105073928833, 0.2709999978542328, 0.08436834812164307, 0.9224457144737244]","[0.0, 0.0, -0.0056919436901807785, 2.566666626080405e-05, -0.028373777866363525, 1.0, 0.016333334147930145, -0.0056919436901807785, 0.0, 0.0, 0.9981881976127625, -0.016307666897773743, 0.0, 0.0]","[1.0, 0.0, 1.0, 1.1431878805160522, 2.0, 0.21038134396076202, 0.01711621880531311, 0.28540128469467163]",-22.158069343830764
3.2999999999999963,225.66868591308594,-172.86578369140625,1.8149000406265259,0.006805419921875,0.5390625,"[0.681601881980896, 0.27720001339912415, 0.027545496821403503, 0.9159876108169556]","[0.0, 0.0, -0.0056919436901807785, 2.566666626080405e-05, -0.028373777866363525, 1.0, 0.016333334147930145, -0.0056919436901807785, 0.0, 0.0, 0.9981881976127625, -0.016307666897773743, 0.0, 0.0]","[1.0, 0.0, 1.0, 1.1431878805160522, 2.0, 0.21038134396076202, 0.01711621880531311, 0.28540128469467163]",-22.30369536990457
3.349999999999996,225.57489013671875,-172.8662872314453,1.913349986076355,0.006805419921875,0.5390625,"[0.6880626082420349, 0.29019999504089355, 0.08756087720394135, 0.9016064405441284]","[0.0, 0.0, -0.0056919436901807785, 2.566666626080405e-05, -0.028373777866363525, 1.0, 0.016333334147930145, -0.0056919436901807785, 0.0, 0.0, 0.9981881976127625, -0.016307666897773743, 0.0, 0.0]","[1.0, 0.0, 1.0, 1.1431878805160522, 2.0, 0.21038134396076202, 0.01711621880531311, 0.28540128469467163]",-22.442944102613488
3.399999999999996,225.47845458984375,-172.86680603027344,1.9431899785995483,0.006622314453125,0.5390625,"[0.6900207996368408, 0.29679998755455017, 0.028160881251096725, 0.9121716022491455]","[0.0, 0.0, -0.0056919436901807785, 2.566666626080405e-05, -0.028373777866363525, 1.0, 0.016333334147930145, -0.0056919436901807785, 0.0, 0.0, 0.9981881976127625, -0.016307666897773743, 0.0, 0.0]","[1.0, 0.0, 1.0, 1.1431878805160522, 2.0, 0.21038134396076202, 0.01711621880531311, 0.28540128469467163]",-22.797672862354048
3.4499999999999957,225.3788299560547,-172.86732482910156,2.0273499488830566,0.0064697265625,0.5390625,"[0.6955437660217285, 0.30790001153945923, 0.07484176009893417, 0.9218651652336121]","[0.0, 0.0, -0.0056919436901807785, 2.566666626080405e-05, -0.028373777866363525, 1.0, 0.016333334147930145, -0.0056919436901807785, 0.0, 0.0, 0.9981881976127625, -0.016307666897773743, 0.0, 0.0]","[1.0, 0.0, 1.0, 1.1431878805160522, 2.0, 0.21038134396076202, 0.01711621880531311, 0.28540128469467163]",-22.91644013347123
3.4999999999999956,225.27664184570312,-172.86776733398438,2.0569798946380615,0.00634765625,0.5390625,"[0.6974881887435913, 0.3140999972820282, 0.028048353269696236, 0.9292150735855103]","[0.0, 0.0, -0.0056919436901807785, 2.566666626080405e-05, -0.028373777866363525, 1.0, 0.016333334147930145, -0.0056919436901807785, 0.0, 0.0, 0.9981881976127625, -0.016307666897773743, 0.0, 0.0]","[1.0, 0.0, 1.0, 1.1431878805160522, 2.0, 0.21038134396076202, 0.01711621880531311, 0.28540128469467163]",-23.024870127342187
3.5499999999999954,225.1711883544922,-172.86817932128906,2.143739938735962,0.00628662109375,0.5390625,"[0.7031818628311157, 0.3255000114440918, 0.07729537785053253, 0.9181745648384094]","[0.0, 0.0, -0.0056919436901807785, 2.566666626080405e-05, -0.028373777866363525, 1.0, 0.016333334147930145, -0.0056919436901807785, 0.0, 0.0, 0.9981881976127625, -0.016307666897773743, 0.0, 0.0]","[1.0, 0.0, 1.0, 1.1431878805160522, 2.0, 0.21038134396076202, 0.01711621880531311, 0.28540128469467163]",-23.12477012049095
3.599999999999995,225.06295776367188,-172.8686065673828,2.179419994354248,0.00628662109375,0.5390625,"[0.7055232524871826, 0.3325999975204468, 0.03298461437225342, 0.932445228099823]","[0.0, 0.0, -0.0056919436901807785, 2.566666626080405e-05, -0.028373777866363525, 1.0, 0.016333334147930145, -0.0056919436901807785, 0.0, 0.0, 0.9981881976127625, -0.016307666897773743, 0.0, 0.0]","[1.0, 0.0, 1.0, 1.1431878805160522, 2.0, 0.21038134396076202, 0.01711621880531311, 0.28540128469467163]",-23.40513964452308
3.649999999999995,224.95138549804688,-172.86900329589844,2.2664499282836914,0.006195068359375,0.5390625,"[0.7112345695495605, 0.3440999984741211, 0.07753626257181168, 0.9250533580780029]","[0.0, 0.0, -0.0056919436901807785, 2.566666626080405e-05, -0.028373777866363525, 1.0, 0.016333334147930145, -0.0056919436901807785, 0.0, 0.0, 0.9981881976127625, -0.016307666897773743, 0.0, 0.0]","[1.0, 0.0, 1.0, 1.1431878805160522, 2.0, 0.21038134396076202, 0.01711621880531311, 0.28540128469467163]",-23.491495283249872
3.699999999999995,224.8368682861328,-172.8694305419922,2.3070900440216064,0.006195068359375,0.5390625,"[0.7139015793800354, 0.35190001130104065, 0.03707912191748619, 0.9374139904975891]","[0.0, 0.0, -0.0056919436901807785, 2.566666626080405e-05, -0.028373777866363525, 1.0, 0.016333334147930145, -0.0056919436901807785, 0.0, 0.0, 0.9981881976127625, -0.016307666897773743, 0.0, 0.0]","[1.0, 0.0, 1.0, 1.1431878805160522, 2.0, 0.21038134396076202, 0.01711621880531311, 0.28540128469467163]",-23.57604133384482
3.7499999999999947,224.71888732910156,-172.8698272705078,2.394670009613037,0.006195068359375,0.54296875,"[0.7196489572525024, 0.3605000078678131, 0.07795032858848572, 0.9302444458007812]","[0.0, 0.0, -0.0056919436901807785, 2.566666626080405e-05, -0.028373777866363525, 1.0, 0.016333334147930145, -0.0056919436901807785, 0.0, 0.0, 0.9981881976127625, -0.016307666897773743, 0.0, 0.0]","[1.0, 0.0, 1.0, 1.1431878805160522, 2.0, 0.21038134396076202, 0.01711621880531311, 0.28540128469467163]",-23.655705247251163
3.7999999999999945,224.5977325439453,-172.87022399902344,2.4423000812530518,0.00628662109375,0.55859375,"[0.7227746844291687, 0.3564999997615814, 0.043246153742074966, 0.9441562294960022]","[0.0, 0.0, -0.0056919436901807785, 2.566666626080405e-05, -0.028373777866363525, 1.0, 0.016333334147930145, -0.0056919436901807785, 0.0, 0.0, 0.9981881976127625, -0.016307666897773743, 0.0, 0.0]","[1.0, 0.0, 1.0, 1.1431878805160522, 2.0, 0.21038134396076202, 0.01711621880531311, 0.28540128469467163]",-23.936858046809363
3.8499999999999943,224.47280883789062,-172.87062072753906,2.5357398986816406,0.0064697265625,0.578125,"[0.7289066314697266, 0.3522000014781952, 0.08360791206359863, 0.9308097958564758]","[0.0, 0.0, -0.0056919436901807785, 2.566666626080405e-05, -0.028373777866363525, 1.0, 0.016333334147930145, -0.0056919436901807785, 0.0, 0.0, 0.9981881976127625, -0.016307666897773743, 0.0, 0.0]","[1.0, 0.0, 1.0, 1.1431878805160522, 2.0, 0.21038134396076202, 0.01711621880531311, 0.28540128469467163]",-24.01062669149165
3.899999999999994,224.34413146972656,-172.87109375,2.5987799167633057,0.006927490234375,0.58984375,"[0.7330435514450073, 0.35199999809265137, 0.05718769505620003, 0.9534642100334167]","[0.0, 0.0, -0.0056919436901807785, 2.566666626080405e-05, -0.028373777866363525, 1.0, 0.016333334147930145, -0.0056919436901807785, 0.0, 0.0, 0.9981881976127625, -0.016307666897773743, 0.0, 0.0]","[1.0, 0.0, 1.0, 1.1431878805160522, 2.0, 0.21038134396076202, 0.01711621880531311, 0.28540128469467163]",-24.070918733652917
3.949999999999994,224.2110137939453,-172.87159729003906,2.7025599479675293,0.0076904296875,0.59765625,"[0.739854097366333, 0.35760000348091125, 0.0941643938422203, 0.9352751970291138]","[0.0, 0.0, -0.0056919436901807785, 2.566666626080405e-05, -0.028373777866363525, 1.0, 0.016333334147930145, -0.0056919436901807785, 0.0, 0.0, 0.9981881976127625, -0.016307666897773743, 0.0, 0.0]","[1.0, 0.0, 1.0, 1.1431878805160522, 2.0, 0.21038134396076202, 0.01711621880531311, 0.28540128469467163]",-24.120681912492554
3.999999999999994,224.07359313964844,-172.87216186523438,2.776510000228882,0.008636474609375,0.6015625,"[0.7447069883346558, 0.3684999942779541, 0.06702856719493866, 0.9521757364273071]","[0.0, 0.0, -0.0056919436901807785, 2.566666626080405e-05, -0.028373777866363525, 1.0, 0.016333334147930145, -0.0056919436901807785, 0.0, 0.0, 0.9981881976127625, -0.016307666897773743, 0.0, 0.0]","[1.0, 0.0, 1.0, 1.1431878805160522, 2.0, 0.21038134396076202, 0.01711621880531311, 0.28540128469467163]",-24.32787550338033
4.049999999999994,223.9326934814453,-172.87278747558594,2.847670078277588,0.009124755859375,0.6015625,"[0.7493768930435181, 0.37439998984336853, 0.06836923211812973, 0.98227858543396]","[0.0, 0.0, -0.0056919436901807785, 2.566666626080405e-05, -0.028373777866363525, 1.0, 0.016333334147930145, -0.0056919436901807785, 0.0, 0.0, 0.9981881976127625, -0.016307666897773743, 0.0, 0.0]","[1.0, 0.0, 1.0, 1.1431878805160522, 2.0, 0.21038134396076202, 0.01711621880531311, 0.28540128469467163]",-24.363144017342268
4.099999999999993,223.78770446777344,-172.87356567382812,2.9349100589752197,0.009246826171875,0.6015625,"[0.7551019191741943, 0.38519999384880066, 0.07903824001550674, 0.9657639265060425]","[0.0, 0.0, -0.0056919436901807785, 2.566666626080405e-05, -0.028373777866363525, 1.0, 0.016333334147930145, -0.0056919436901807785, 0.0, 0.0, 0.9981881976127625, -0.016307666897773743, 0.0, 0.0]","[1.0, 0.0, 1.0, 1.1431878805160522, 2.0, 0.21038134396076202, 0.01711621880531311, 0.28540128469467163]",-24.400334968949576
4.149999999999993,223.63800048828125,-172.87440490722656,3.0338499546051025,0.009246826171875,0.6015625,"[0.7615947723388672, 0.3977000117301941, 0.09196527302265167, 0.9693362712860107]","[0.0, 0.0, -0.0056919436901807785, 2.566666626080405e-05, -0.028373777866363525, 1.0, 0.016333334147930145, -0.0056919436901807785, 0.0, 0.0, 0.9981881976127625, -0.016307666897773743, 0.0, 0.0]","[1.0, 0.0, 1.0, 1.1431878805160522, 2.0, 0.21038134396076202, 0.01711621880531311, 0.28540128469467163]",-24.435492307285074
4.199999999999993,223.48301696777344,-172.8754119873047,3.1420199871063232,0.009246826171875,0.6015625,"[0.7686934471130371, 0.4115000069141388, 0.09726022183895111, 0.9712828397750854]","[0.0, 0.0, -0.0056919436901807785, 2.566666626080405e-05, -0.028373777866363525, 1.0, 0.016333334147930145, -0.0056919436901807785, 0.0, 0.0, 0.9981881976127625, -0.016307666897773743, 0.0, 0.0]","[1.0, 0.0, 1.0, 1.1431878805160522, 2.0, 0.21038134396076202, 0.01711621880531311, 0.28540128469467163]",-24.64930911782943
4.249999999999993,223.32235717773438,-172.87652587890625,3.256999969482422,0.009246826171875,0.6015625,"[0.7762389183044434, 0.4262999892234802, 0.10613318532705307, 0.9732886552810669]","[0.0, 0.0, -0.0056919436901807785, 2.566666626080405e-05, -0.028373777866363525, 1.0, 0.016333334147930145, -0.0056919436901807785, 0.0, 0.0, 0.9981881976127625, -0.016307666897773743, 0.0, 0.0]","[1.0, 0.0, 1.0, 1.1431878805160522, 2.0, 0.21038134396076202, 0.01711621880531311, 0.28540128469467163]",-24.694601681587073
4.299999999999993,223.15582275390625,-172.87779235839844,3.377000093460083,0.009246826171875,0.6015625,"[0.784113883972168, 0.44179999828338623, 0.10817055404186249, 0.9750015139579773]","[0.0, 0.0, -0.0056919436901807785, 2.566666626080405e-05, -0.028373777866363525, 1.0, 0.016333334147930145, -0.0056919436901807785, 0.0, 0.0, 0.9981881976127625, -0.016307666897773743, 0.0, 0.0]","[1.0, 0.0, 1.0, 1.1431878805160522, 2.0, 0.21038134396076202, 0.01711621880531311, 0.28540128469467163]",-24.73663931682037
4.3499999999999925,222.9832000732422,-172.879150390625,3.4998199939727783,0.0089111328125,0.6015625,"[0.7921738624572754, 0.4577000141143799, 0.11262857913970947, 0.9773492217063904]","[0.0, 0.0, -0.0056919436901807785, 2.566666626080405e-05, -0.028373777866363525, 1.0, 0.016333334147930145, -0.0056919436901807785, 0.0, 0.0, 0.9981881976127625, -0.016307666897773743, 0.0, 0.0]","[1.0, 0.0, 1.0, 1.1431878805160522, 2.0, 0.21038134396076202, 0.01711621880531311, 0.28540128469467163]",-24.779093854738267
4.399999999999992,222.80447387695312,-172.880615234375,3.6197800636291504,0.007720947265625,0.5625,"[0.8000462055206299, 0.5199000239372253, 0.10650021582841873, 0.9774830341339111]","[0.0, 0.0, -0.0056919436901807785, 2.566666626080405e-05, -0.028373777866363525, 1.0, 0.016333334147930145, -0.0056919436901807785, 0.0, 0.0, 0.9981881976127625, -0.016307666897773743, 0.0, 0.0]","[1.0, 0.0, 1.0, 1.1431878805160522, 2.0, 0.21038134396076202, 0.01711621880531311, 0.28540128469467163]",-25.011909723225287
4.449999999999992,222.6201934814453,-172.882080078125,3.7247800827026367,0.006317138671875,0.4999847412109375,"[0.8069367408752441, 0.6123999953269958, 0.09496966004371643, 0.9660194516181946]","[0.0, 0.0, -0.0056919436901807785, 2.566666626080405e-05, -0.028373777866363525, 1.0, 0.016333334147930145, -0.0056919436901807785, 0.0, 0.0, 0.9981881976127625, -0.016307666897773743, 0.0, 0.0]","[1.0, 0.0, 1.0, 1.1431878805160522, 2.0, 0.21038134396076202, 0.01711621880531311, 0.28540128469467163]",-25.04388473375427
4.499999999999992,222.431396484375,-172.883544921875,3.806230068206787,0.004486083984375,0.444427490234375,"[0.8122818470001221, 0.6970000267028809, 0.0731995552778244, 0.9586229920387268]","[0.0, 0.0, -0.0056919436901807785, 2.566666626080405e-05, -0.028373777866363525, 1.0, 0.016333334147930145, -0.0056919436901807785, 0.0, 0.0, 0.9981881976127625, -0.016307666897773743, 0.0, 0.0]","[1.0, 0.0, 1.0, 1.1431878805160522, 2.0, 0.21038134396076202, 0.01711621880531311, 0.28540128469467163]",-25.068045547868262
4.549999999999992,222.23931884765625,-172.88490295410156,3.8655500411987305,0.002899169921875,0.432525634765625,"[0.8161746859550476, 0.7246000170707703, 0.055770549923181534, 0.9640454649925232]","[0.0, 0.0, -0.0056919436901807785, 2.566666626080405e-05, -0.028373777866363525, 1.0, 0.016333334147930145, -0.0056919436901807785, 0.0, 0.0, 0.9981881976127625, -0.016307666897773743, 0.0, 0.0]","[1.0, 0.0, 1.0, 1.1431878805160522, 2.0, 0.21038134396076202, 0.01711621880531311, 0.28540128469467163]",-25.087669828902573
4.599999999999992,222.0447998046875,-172.88623046875,3.9097399711608887,0.001800537109375,0.424591064453125,"[0.8190746307373047, 0.7443000078201294, 0.04105011001229286, 0.9739065766334534]","[0.0, 0.0, -0.0056919436901807785, 2.566666626080405e-05, -0.028373777866363525, 1.0, 0.016333334147930145, -0.0056919436901807785, 0.0, 0.0, 0.9981881976127625, -0.016307666897773743, 0.0, 0.0]","[1.0, 0.0, 1.0, 1.1431878805160522, 2.0, 0.21038134396076202, 0.01711621880531311, 0.28540128469467163]",-25.286137496463176
4.6499999999999915,221.8484344482422,-172.88754272460938,3.943459987640381,0.0013427734375,0.420623779296875,"[0.8212875127792358, 0.7566999793052673, 0.03177318722009659, 0.981224536895752]","[0.0, 0.0, -0.0056919436901807785, 2.566666626080405e-05, -0.028373777866363525, 1.0, 0.016333334147930145, -0.0056919436901807785, 0.0, 0.0, 0.9981881976127625, -0.016307666897773743, 0.0, 0.0]","[1.0, 0.0, 1.0, 1.1431878805160522, 2.0, 0.21038134396076202, 0.01711621880531311, 0.28540128469467163]",-25.31716504181702
4.699999999999991,221.65061950683594,-172.8888702392578,3.9705400466918945,0.001220703125,0.420623779296875,"[0.8230646252632141, 0.7623999714851379, 0.024661097675561905, 0.9865640997886658]","[0.0, 0.0, -0.0056919436901807785, 2.566666626080405e-05, -0.028373777866363525, 1.0, 0.016333334147930145, -0.0056919436901807785, 0.0, 0.0, 0.9981881976127625, -0.016307666897773743, 0.0, 0.0]","[1.0, 0.0, 1.0, 1.1431878805160522, 2.0, 0.21038134396076202, 0.01711621880531311, 0.28540128469467163]",-25.355532399118964
4.749999999999991,221.45159912109375,-172.8902130126953,3.9935200214385986,0.001220703125,0.420623779296875,"[0.8245726823806763, 0.7670999765396118, 0.021389009431004524, 0.9902225136756897]","[0.0, 0.0, -0.0056919436901807785, 2.566666626080405e-05, -0.028373777866363525, 1.0, 0.016333334147930145, -0.0056919436901807785, 0.0, 0.0, 0.9981881976127625, -0.016307666897773743, 0.0, 0.0]","[1.0, 0.0, 1.0, 1.1431878805160522, 2.0, 0.21038134396076202, 0.01711621880531311, 0.28540128469467163]",-25.404939588158314
4.799999999999991,221.25148010253906,-172.8915557861328,4.014019966125488,0.0013427734375,0.420623779296875,"[0.8259179592132568, 0.7712000012397766, 0.019036924466490746, 0.9925096035003662]","[0.0, 0.0, -0.0056919436901807785, 2.566666626080405e-05, -0.028373777866363525, 1.0, 0.016333334147930145, -0.0056919436901807785, 0.0, 0.0, 0.9981881976127625, -0.016307666897773743, 0.0, 0.0]","[1.0, 0.0, 1.0, 1.1431878805160522, 2.0, 0.21038134396076202, 0.01711621880531311, 0.28540128469467163]",-25.69325834096284
4.849999999999991,221.0503692626953,-172.89291381835938,4.0328898429870605,0.0013427734375,0.420623779296875,"[0.8271563053131104, 0.7749999761581421, 0.018050549551844597, 0.9937908053398132]","[0.0, 0.0, -0.0056919436901807785, 2.566666626080405e-05, -0.028373777866363525, 1.0, 0.016333334147930145, -0.0056919436901807785, 0.0, 0.0, 0.9981881976127625, -0.016307666897773743, 0.0, 0.0]","[1.0, 0.0, 1.0, 1.1431878805160522, 2.0, 0.21038134396076202, 0.01711621880531311, 0.28540128469467163]",-25.780176714768846
4.899999999999991,220.8484649658203,-172.894287109375,4.0442399978637695,0.0013427734375,0.3650665283203125,"[0.8279011249542236, 0.8522999882698059, 0.010928791016340256, 0.9878669381141663]","[0.0, 0.0, -0.0056919436901807785, 2.566666626080405e-05, -0.028373777866363525, 1.0, 0.016333334147930145, -0.0056919436901807785, 0.0, 0.0, 0.9981881976127625, -0.016307666897773743, 0.0, 0.0]","[1.0, 0.0, 1.0, 1.1431878805160522, 2.0, 0.21038134396076202, 0.01711621880531311, 0.28540128469467163]",-25.88094329056069
4.94999999999999,220.64669799804688,-172.89572143554688,4.029059886932373,0.001495361328125,0.20000000298023224,"[0.8269049525260925, 1.0, 0.010467955842614174, 0.9647966623306274]","[0.0, 0.0, -0.0056919436901807785, 2.566666626080405e-05, -0.028373777866363525, 1.0, 0.016333334147930145, -0.0056919436901807785, 0.0, 0.0, 0.9981881976127625, -0.016307666897773743, 0.0, 0.0]","[1.0, 0.0, 1.0, 1.1431878805160522, 2.0, 0.21038134396076202, 0.01711621880531311, 0.28540128469467163]",-25.999942802474614
4.99999999999999,220.4468536376953,-172.89718627929688,3.9808199405670166,0.001556396484375,0.20000000298023224,"[0.823739230632782, 1.0, 0.04358241334557533, 0.9524856805801392]","[0.0, 0.0, -0.0056919436901807785, 2.566666626080405e-05, -0.028373777866363525, 1.0, 0.016333334147930145, -0.0056919436901807785, 0.0, 0.0, 0.9981881976127625, -0.016307666897773743, 0.0, 0.0]","[1.0, 0.0, 1.0, 1.1431878805160522, 2.0, 0.21038134396076202, 0.01711621880531311, 0.28540128469467163]",-26.441285788468516
5.04999999999999,220.25001525878906,-172.8986053466797,3.914669990539551,0.001708984375,0.20000000298023224,"[0.8193981647491455, 1.0, 0.060149893164634705, 0.9678025245666504]","[0.0, 0.0, -0.0056919436901807785, 2.566666626080405e-05, -0.028373777866363525, 1.0, 0.016333334147930145, -0.0056919436901807785, 0.0, 0.0, 0.9981881976127625, -0.016307666897773743, 0.0, 0.0]","[1.0, 0.0, 1.0, 1.1431878805160522, 2.0, 0.21038134396076202, 0.01711621880531311, 0.28540128469467163]",-26.61259837852355
5.09999999999999,220.05682373046875,-172.90005493164062,3.839010000228882,0.001708984375,0.20000000298023224,"[0.8144330382347107, 1.0, 0.06771208345890045, 0.9763407707214355]","[0.0, 0.0, -0.0056919436901807785, 2.566666626080405e-05, -0.028373777866363525, 1.0, 0.016333334147930145, -0.0056919436901807785, 0.0, 0.0, 0.9981881976127625, -0.016307666897773743, 0.0, 0.0]","[1.0, 0.0, 1.0, 1.1431878805160522, 2.0, 0.21038134396076202, 0.01711621880531311, 0.28540128469467163]",-26.791514641048956
5.14999999999999,219.8675994873047,-172.90147399902344,3.7583200931549072,0.001800537109375,0.20000000298023224,"[0.809137761592865, 0.991100013256073, 0.07294417172670364, 0.9808277487754822]","[0.0, 0.0, -0.0056919436901807785, 2.566666626080405e-05, -0.028373777866363525, 1.0, 0.016333334147930145, -0.0056919436901807785, 0.0, 0.0, 0.9981881976127625, -0.016307666897773743, 0.0, 0.0]","[1.0, 0.0, 1.0, 1.1431878805160522, 2.0, 0.21038134396076202, 0.01711621880531311, 0.28540128469467163]",-26.983506850927206
5.1999999999999895,219.6824188232422,-172.90292358398438,3.675379991531372,0.0018310546875,0.20000000298023224,"[0.8036948442459106, 0.968999981880188, 0.07422154396772385, 0.9836700558662415]","[0.0, 0.0, -0.0056919436901807785, 2.566666626080405e-05, -0.028373777866363525, 1.0, 0.016333334147930145, -0.0056919436901807785, 0.0, 0.0, 0.9981881976127625, -0.016307666897773743, 0.0, 0.0]","[1.0, 0.0, 1.0, 1.1431878805160522, 2.0, 0.21038134396076202, 0.01711621880531311, 0.28540128469467163]",-27.536561987832993
5.249999999999989,219.50140380859375,-172.90435791015625,3.5915799140930176,0.001953125,0.20000000298023224,"[0.7981955409049988, 0.9467999935150146, 0.07584438472986221, 0.9850484728813171]","[0.0, 0.0, -0.0056919436901807785, 2.566666626080405e-05, -0.028373777866363525, 1.0, 0.016333334147930145, -0.0056919436901807785, 0.0, 0.0, 0.9981881976127625, -0.016307666897773743, 0.0, 0.0]","[1.0, 0.0, 1.0, 1.1431878805160522, 2.0, 0.21038134396076202, 0.01711621880531311, 0.28540128469467163]",-27.695407890564013
5.299999999999989,219.32452392578125,-172.90579223632812,3.5079500675201416,0.001983642578125,0.20000000298023224,"[0.7927073836326599, 0.9247999787330627, 0.07494417577981949, 0.9857538342475891]","[0.0, 0.0, -0.0056919436901807785, 2.566666626080405e-05, -0.028373777866363525, 1.0, 0.016333334147930145, -0.0056919436901807785, 0.0, 0.0, 0.9981881976127625, -0.016307666897773743, 0.0, 0.0]","[1.0, 0.0, 1.0, 1.1431878805160522, 2.0, 0.21038134396076202, 0.01711621880531311, 0.28540128469467163]",-27.894010371784894
5.349999999999989,219.1518096923828,-172.9072265625,3.4248299598693848,0.001983642578125,0.20000000298023224,"[0.78725266456604, 0.902899980545044, 0.07518065720796585, 0.985283613204956]","[0.0, 0.0, -0.0056919436901807785, 2.566666626080405e-05, -0.028373777866363525, 1.0, 0.016333334147930145, -0.0056919436901807785, 0.0, 0.0, 0.9981881976127625, -0.016307666897773743, 0.0, 0.0]","[1.0, 0.0, 1.0, 1.1431878805160522, 2.0, 0.21038134396076202, 0.01711621880531311, 0.28540128469467163]",-28.111796122532684
5.399999999999989,218.98318481445312,-172.90866088867188,3.34266996383667,0.001983642578125,0.20000000298023224,"[0.7818609476089478, 0.8812999725341797, 0.07367340475320816, 0.9847712516784668]","[0.0, 0.0, -0.0056919436901807785, 2.566666626080405e-05, -0.028373777866363525, 1.0, 0.016333334147930145, -0.0056919436901807785, 0.0, 0.0, 0.9981881976127625, -0.016307666897773743, 0.0, 0.0]","[1.0, 0.0, 1.0, 1.1431878805160522, 2.0, 0.21038134396076202, 0.01711621880531311, 0.28540128469467163]",-28.657356620990328
5.449999999999989,218.81858825683594,-172.91009521484375,3.261460065841675,0.001983642578125,0.20000000298023224,"[0.7765315771102905, 0.8600000143051147, 0.07354945689439774, 0.9847915768623352]","[0.0, 0.0, -0.0056919436901807785, 2.566666626080405e-05, -0.028373777866363525, 1.0, 0.016333334147930145, -0.0056919436901807785, 0.0, 0.0, 0.9981881976127625, -0.016307666897773743, 0.0, 0.0]","[1.0, 0.0, 1.0, 1.1431878805160522, 2.0, 0.21038134396076202, 0.01711621880531311, 0.28540128469467163]",-28.895912490116125
5.4999999999999885,218.65821838378906,-172.9115447998047,3.1746699810028076,0.001861572265625,0.20000000298023224,"[0.5208360552787781, 0.8366000056266785, 0.07769054919481277, 0.9783868193626404]","[0.0, 0.0, -0.0056919436901807785, 2.566666626080405e-05, -0.028373777866363525, 1.0, 0.016333334147930145, -0.0056919436901807785, 0.0, 0.0, 0.9981881976127625, -0.016307666897773743, 0.0, 0.0]","[1.0, 0.0, 1.0, 1.1431878805160522, 2.0, 0.21038134396076202, 0.01711621880531311, 0.28540128469467163]",-29.154377938756056
5.549999999999988,218.50244140625,-172.9128875732422,3.0792601108551025,0.001861572265625,0.20000000298023224,"[0.5145748257637024, 0.8108000159263611, 0.08604966104030609, 0.9734830260276794]","[0.0, 0.0, -0.0056919436901807785, 2.566666626080405e-05, -0.028373777866363525, 1.0, 0.016333334147930145, -0.0056919436901807785, 0.0, 0.0, 0.9981881976127625, -0.016307666897773743, 0.0, 0.0]","[1.0, 0.0, 1.0, 1.1431878805160522, 2.0, 0.21038134396076202, 0.01711621880531311, 0.28540128469467163]",-29.419167883871836
5.599999999999988,218.35169982910156,-172.91427612304688,2.975399971008301,0.001861572265625,0.20000000298023224,"[0.5077590346336365, 0.782800018787384, 0.09297668933868408, 0.9723130464553833]","[0.0, 0.0, -0.0056919436901807785, 2.566666626080405e-05, -0.028373777866363525, 1.0, 0.016333334147930145, -0.0056919436901807785, 0.0, 0.0, 0.9981881976127625, -0.016307666897773743, 0.0, 0.0]","[1.0, 0.0, 1.0, 1.1431878805160522, 2.0, 0.21038134396076202, 0.01711621880531311, 0.28540128469467163]",-30.120649816006832
5.649999999999988,218.20643615722656,-172.91558837890625,2.8617300987243652,0.001861572265625,0.20000000298023224,"[0.5002995729446411, 0.7520999908447266, 0.10224176198244095, 0.9692191481590271]","[0.0, 0.0, -0.0056919436901807785, 2.566666626080405e-05, -0.028373777866363525, 1.0, 0.016333334147930145, -0.0056919436901807785, 0.0, 0.0, 0.9981881976127625, -0.016307666897773743, 0.0, 0.0]","[1.0, 0.0, 1.0, 1.1431878805160522, 2.0, 0.21038134396076202, 0.01711621880531311, 0.28540128469467163]",-30.46613875775936
5.699999999999988,218.06700134277344,-172.91688537597656,2.7441399097442627,0.001861572265625,0.20000000298023224,"[0.4925827383995056, 0.7208999991416931, 0.1051938384771347, 0.9754071235656738]","[0.0, 0.0, -0.0056919436901807785, 2.566666626080405e-05, -0.028373777866363525, 1.0, 0.016333334147930145, -0.0056919436901807785, 0.0, 0.0, 0.9981881976127625, -0.016307666897773743, 0.0, 0.0]","[1.0, 0.0, 1.0, 1.1431878805160522, 2.0, 0.21038134396076202, 0.01711621880531311, 0.28540128469467163]",-30.783951470119526
5.749999999999988,217.93341064453125,-172.91810607910156,2.627530097961426,0.001861572265625,0.20000000298023224,"[0.48493027687072754, 0.6904000043869019, 0.10494021326303482, 0.9788771867752075]","[0.0, 0.0, -0.0056919436901807785, 2.566666626080405e-05, -0.028373777866363525, 1.0, 0.016333334147930145, -0.0056919436901807785, 0.0, 0.0, 0.9981881976127625, -0.016307666897773743, 0.0, 0.0]","[1.0, 0.0, 1.0, 1.1431878805160522, 2.0, 0.21038134396076202, 0.01711621880531311, 0.28540128469467163]",-31.024075407725746
5.799999999999987,217.8056182861328,-172.91937255859375,2.511539936065674,0.001861572265625,0.20000000298023224,"[0.47731849551200867, 0.6599000096321106, 0.10392264276742935, 0.9792013168334961]","[0.0, 0.0, -0.0056919436901807785, 2.566666626080405e-05, -0.028373777866363525, 1.0, 0.016333334147930145, -0.0056919436901807785, 0.0, 0.0, 0.9981881976127625, -0.016307666897773743, 0.0, 0.0]","[1.0, 0.0, 1.0, 1.1431878805160522, 2.0, 0.21038134396076202, 0.01711621880531311, 0.28540128469467163]",-31.59295122377076
5.849999999999987,217.68356323242188,-172.9204864501953,2.397160053253174,0.0018310546875,0.20000000298023224,"[0.46981239318847656, 0.6299999952316284, 0.1030404344201088, 0.9781220555305481]","[0.0, 0.0, -0.0056919436901807785, 2.566666626080405e-05, -0.028373777866363525, 1.0, 0.016333334147930145, -0.0056919436901807785, 0.0, 0.0, 0.9981881976127625, -0.016307666897773743, 0.0, 0.0]","[1.0, 0.0, 1.0, 1.1431878805160522, 2.0, 0.21038134396076202, 0.01711621880531311, 0.28540128469467163]",-31.875343172153002
5.899999999999987,217.5671844482422,-172.921630859375,2.2841999530792236,0.0018310546875,0.20000000298023224,"[0.462399423122406, 0.6003999710083008, 0.10137010365724564, 0.9783461689949036]","[0.0, 0.0, -0.0056919436901807785, 2.566666626080405e-05, -0.028373777866363525, 1.0, 0.016333334147930145, -0.0056919436901807785, 0.0, 0.0, 0.9981881976127625, -0.016307666897773743, 0.0, 0.0]","[1.0, 0.0, 1.0, 1.1431878805160522, 2.0, 0.21038134396076202, 0.01711621880531311, 0.28540128469467163]",-32.17525819591031
5.949999999999987,217.4563446044922,-172.9226531982422,2.173180103302002,0.0018310546875,0.20000000298023224,"[0.45511379837989807, 0.5713000297546387, 0.10021143406629562, 0.9778935313224792]","[0.0, 0.0, -0.0056919436901807785, 2.566666626080405e-05, -0.028373777866363525, 1.0, 0.016333334147930145, -0.0056919436901807785, 0.0, 0.0, 0.9981881976127625, -0.016307666897773743, 0.0, 0.0]","[1.0, 0.0, 1.0, 1.1431878805160522, 2.0, 0.21038134396076202, 0.01711621880531311, 0.28540128469467163]",-32.47398391074671
5.999999999999987,217.35079956054688,-172.9237518310547,2.0709500312805176,0.0018310546875,0.20000000298023224,"[0.44840502738952637, 0.5449000000953674, 0.0920611023902893, 0.9708369374275208]","[0.0, 0.0, -0.0056919436901807785, 2.566666626080405e-05, -0.028373777866363525, 1.0, 0.016333334147930145, -0.0056919436901807785, 0.0, 0.0, 0.9981881976127625, -0.016307666897773743, 0.0, 0.0]","[1.0, 0.0, 1.0, 1.1431878805160522, 2.0, 0.21038134396076202, 0.01711621880531311, 0.28540128469467163]",-33.16833634139337
6.0499999999999865,217.2500762939453,-172.9246826171875,1.9781099557876587,0.001983642578125,0.20000000298023224,"[0.44231241941452026, 0.5210000276565552, 0.08445011079311371, 0.9713090658187866]","[0.0, 0.0, -0.0056919436901807785, 2.566666626080405e-05, -0.028373777866363525, 1.0, 0.016333334147930145, -0.0056919436901807785, 0.0, 0.0, 0.9981881976127625, -0.016307666897773743, 0.0, 0.0]","[1.0, 0.0, 1.0, 1.1431878805160522, 2.0, 0.21038134396076202, 0.01711621880531311, 0.28540128469467163]",-33.51171145877926
6.099999999999986,217.1533203125,-172.9257049560547,1.9065200090408325,0.002166748046875,0.20000000298023224,"[0.437614381313324, 0.5031999945640564, 0.06529098749160767, 0.960185170173645]","[0.0, 0.0, -0.0056919436901807785, 2.566666626080405e-05, -0.028373777866363525, 1.0, 0.016333334147930145, -0.0056919436901807785, 0.0, 0.0, 0.9981881976127625, -0.016307666897773743, 0.0, 0.0]","[1.0, 0.0, 1.0, 1.1431878805160522, 2.0, 0.21038134396076202, 0.01711621880531311, 0.28540128469467163]",-33.863285373305494
6.149999999999986,217.0597381591797,-172.92662048339844,1.8454400300979614,0.002593994140625,0.20000000298023224,"[0.6836060285568237, 0.4875999987125397, 0.05684439092874527, 0.9742661714553833]","[0.0, 0.0, -0.0056919436901807785, 2.566666626080405e-05, -0.028373777866363525, 1.0, 0.016333334147930145, -0.0056919436901807785, 0.0, 0.0, 0.9981881976127625, -0.016307666897773743, 0.0, 0.0]","[1.0, 0.0, 1.0, 1.1431878805160522, 2.0, 0.21038134396076202, 0.01711621880531311, 0.28540128469467163]",-34.22354581104103
6.199999999999986,216.9690704345703,-172.9276123046875,1.7878400087356567,0.003021240234375,0.20000000298023224,"[0.679826021194458, 0.4726000130176544, 0.05293846130371094, 0.983029842376709]","[0.0, 0.0, -0.0056919436901807785, 2.566666626080405e-05, -0.028373777866363525, 1.0, 0.016333334147930145, -0.0056919436901807785, 0.0, 0.0, 0.9981881976127625, -0.016307666897773743, 0.0, 0.0]","[1.0, 0.0, 1.0, 1.1431878805160522, 2.0, 0.21038134396076202, 0.01711621880531311, 0.28540128469467163]",-34.965717751755456
6.249999999999986,216.8812255859375,-172.92852783203125,1.732699990272522,0.003509521484375,0.20000000298023224,"[0.6762075424194336, 0.45809999108314514, 0.0521257147192955, 0.9842870235443115]","[0.0, 0.0, -0.0056919436901807785, 2.566666626080405e-05, -0.028373777866363525, 1.0, 0.016333334147930145, -0.0056919436901807785, 0.0, 0.0, 0.9981881976127625, -0.016307666897773743, 0.0, 0.0]","[1.0, 0.0, 1.0, 1.1431878805160522, 2.0, 0.21038134396076202, 0.01711621880531311, 0.28540128469467163]",-35.24359700611539
6.299999999999986,216.7960662841797,-172.92953491210938,1.679919958114624,0.004150390625,0.20000000298023224,"[0.6727438569068909, 0.4442000091075897, 0.04917142167687416, 0.9849131107330322]","[0.0, 0.0, -0.0056919436901807785, 2.566666626080405e-05, -0.028373777866363525, 1.0, 0.016333334147930145, -0.0056919436901807785, 0.0, 0.0, 0.9981881976127625, -0.016307666897773743, 0.0, 0.0]","[1.0, 0.0, 1.0, 1.1431878805160522, 2.0, 0.21038134396076202, 0.01711621880531311, 0.28540128469467163]",-35.55702862893122
6.349999999999985,216.71348571777344,-172.930419921875,1.6289199590682983,0.004730224609375,0.20000000298023224,"[0.6693969964981079, 0.4307999908924103, 0.04855164512991905, 0.9856792092323303]","[0.0, 0.0, -0.0056919436901807785, 2.566666626080405e-05, -0.028373777866363525, 1.0, 0.016333334147930145, -0.0056919436901807785, 0.0, 0.0, 0.9981881976127625, -0.016307666897773743, 0.0, 0.0]","[1.0, 0.0, 1.0, 1.1431878805160522, 2.0, 0.21038134396076202, 0.01711621880531311, 0.28540128469467163]",-35.87289100174912
6.399999999999985,216.63340759277344,-172.93150329589844,1.579859972000122,0.0052490234375,0.20000000298023224,"[0.66617751121521, 0.4178999960422516, 0.04573098570108414, 0.985764741897583]","[0.0, 0.0, -0.0056919436901807785, 2.566666626080405e-05, -0.028373777866363525, 1.0, 0.016333334147930145, -0.0056919436901807785, 0.0, 0.0, 0.9981881976127625, -0.016307666897773743, 0.0, 0.0]","[1.0, 0.0, 1.0, 1.1431878805160522, 2.0, 0.21038134396076202, 0.01711621880531311, 0.28540128469467163]",-36.52795533010423
6.449999999999985,216.55577087402344,-172.9324951171875,1.532230019569397,0.005828857421875,0.20000000298023224,"[0.6630517840385437, 0.40540000796318054, 0.04572615027427673, 0.9864335060119629]","[0.0, 0.0, -0.0056919436901807785, 2.566666626080405e-05, -0.028373777866363525, 1.0, 0.016333334147930145, -0.0056919436901807785, 0.0, 0.0, 0.9981881976127625, -0.016307666897773743, 0.0, 0.0]","[1.0, 0.0, 1.0, 1.1431878805160522, 2.0, 0.21038134396076202, 0.01711621880531311, 0.28540128469467163]",-36.86339812648173
6.499999999999985,216.48046875,-172.93356323242188,1.485859990119934,0.00628662109375,0.23809814453125,"[0.6600087881088257, 0.37450000643730164, 0.043347254395484924, 0.9865923523902893]","[0.0, 0.0, -0.0056919436901807785, 2.566666626080405e-05, -0.028373777866363525, 1.0, 0.016333334147930145, -0.0056919436901807785, 0.0, 0.0, 0.9981881976127625, -0.016307666897773743, 0.0, 0.0]","[1.0, 0.0, 1.0, 1.1431878805160522, 2.0, 0.21038134396076202, 0.01711621880531311, 0.28540128469467163]",-37.23556887409041
6.549999999999985,216.4073028564453,-172.9345703125,1.4477900266647339,0.00628662109375,0.3412628173828125,"[0.6575104594230652, 0.3156999945640564, 0.03673802316188812, 0.979654848575592]","[0.0, 0.0, -0.0056919436901807785, 2.566666626080405e-05, -0.028373777866363525, 1.0, 0.016333334147930145, -0.0056919436901807785, 0.0, 0.0, 0.9981881976127625, -0.016307666897773743, 0.0, 0.0]","[1.0, 0.0, 1.0, 1.1431878805160522, 2.0, 0.21038134396076202, 0.01711621880531311, 0.28540128469467163]",-37.614897159663414
6.5999999999999845,216.33572387695312,-172.93565368652344,1.4213800430297852,0.006195068359375,0.456329345703125,"[0.6557773351669312, 0.25609999895095825, 0.025430329144001007, 0.9773032665252686]","[0.0, 0.0, -0.0056919436901807785, 2.566666626080405e-05, -0.028373777866363525, 1.0, 0.016333334147930145, -0.0056919436901807785, 0.0, 0.0, 0.9981881976127625, -0.016307666897773743, 0.0, 0.0]","[1.0, 0.0, 1.0, 1.1431878805160522, 2.0, 0.21038134396076202, 0.01711621880531311, 0.28540128469467163]",-37.84461126004834
6.649999999999984,216.2646484375,-172.93666076660156,1.41975998878479,0.006134033203125,0.53515625,"[0.6556710004806519, 0.21930000185966492, 0.004545934032648802, 0.9652281999588013]","[0.0, 0.0, -0.0056919436901807785, 2.566666626080405e-05, -0.028373777866363525, 1.0, 0.016333334147930145, -0.0056919436901807785, 0.0, 0.0, 0.9981881976127625, -0.016307666897773743, 0.0, 0.0]","[1.0, 0.0, 1.0, 1.1431878805160522, 2.0, 0.21038134396076202, 0.01711621880531311, 0.28540128469467163]",-38.10854051523531
6.699999999999984,216.19290161132812,-172.93772888183594,1.4421099424362183,0.00567626953125,0.60546875,"[0.6571377515792847, 0.18860000371932983, 0.017338989302515984, 0.9636667370796204]","[0.0, 0.0, -0.0056919436901807785, 2.566666626080405e-05, -0.028373777866363525, 1.0, 0.016333334147930145, -0.0056919436901807785, 0.0, 0.0, 0.9981881976127625, -0.016307666897773743, 0.0, 0.0]","[1.0, 0.0, 1.0, 1.1431878805160522, 2.0, 0.21038134396076202, 0.01711621880531311, 0.28540128469467163]",-38.25580870035214
6.749999999999984,216.11929321289062,-172.938720703125,1.488510012626648,0.004730224609375,0.64453125,"[0.6601827144622803, 0.17499999701976776, 0.04401230812072754, 0.9605807065963745]","[0.0, 0.0, -0.0056919436901807785, 2.566666626080405e-05, -0.028373777866363525, 1.0, 0.016333334147930145, -0.0056919436901807785, 0.0, 0.0, 0.9981881976127625, -0.016307666897773743, 0.0, 0.0]","[1.0, 0.0, 1.0, 1.1431878805160522, 2.0, 0.21038134396076202, 0.01711621880531311, 0.28540128469467163]",-38.4198394992719
6.799999999999984,216.04275512695312,-172.93980407714844,1.551900029182434,0.0035400390625,0.6484375,"[0.6643426418304443, 0.18019999563694, 0.05795780569314957, 0.9665957689285278]","[0.0, 0.0, -0.0056919436901807785, 2.566666626080405e-05, -0.028373777866363525, 1.0, 0.016333334147930145, -0.0056919436901807785, 0.0, 0.0, 0.9981881976127625, -0.016307666897773743, 0.0, 0.0]","[1.0, 0.0, 1.0, 1.1431878805160522, 2.0, 0.21038134396076202, 0.01711621880531311, 0.28540128469467163]",-38.5933724394753
6.849999999999984,215.962646484375,-172.94081115722656,1.6275500059127808,0.00286865234375,0.6484375,"[0.6693071126937866, 0.18870000541210175, 0.06946592777967453, 0.9707889556884766]","[0.0, 0.0, -0.0056919436901807785, 2.566666626080405e-05, -0.028373777866363525, 1.0, 0.016333334147930145, -0.0056919436901807785, 0.0, 0.0, 0.9981881976127625, -0.016307666897773743, 0.0, 0.0]","[1.0, 0.0, 1.0, 1.1431878805160522, 2.0, 0.21038134396076202, 0.01711621880531311, 0.28540128469467163]",-38.970948367493044
6.8999999999999835,215.87835693359375,-172.94190979003906,1.7155699729919434,0.002593994140625,0.6484375,"[0.6750833988189697, 0.19869999587535858, 0.07925274968147278, 0.9689484238624573]","[0.0, 0.0, -0.0056919436901807785, 2.566666626080405e-05, -0.028373777866363525, 1.0, 0.016333334147930145, -0.0056919436901807785, 0.0, 0.0, 0.9981881976127625, -0.016307666897773743, 0.0, 0.0]","[1.0, 0.0, 1.0, 1.1431878805160522, 2.0, 0.21038134396076202, 0.01711621880531311, 0.28540128469467163]",-39.146223661413174
6.949999999999983,215.7893524169922,-172.94302368164062,1.81496000289917,0.002593994140625,0.65625,"[0.6816058158874512, 0.2053000032901764, 0.08979428559541702, 0.9687098860740662]","[0.0, 0.0, -0.0056919436901807785, 2.566666626080405e-05, -0.028373777866363525, 1.0, 0.016333334147930145, -0.0056919436901807785, 0.0, 0.0, 0.9981881976127625, -0.016307666897773743, 0.0, 0.0]","[1.0, 0.0, 1.0, 1.1431878805160522, 2.0, 0.21038134396076202, 0.01711621880531311, 0.28540128469467163]",-39.31161398388141
6.999999999999983,215.69505310058594,-172.94427490234375,1.9255399703979492,0.002593994140625,0.66796875,"[0.6888625621795654, 0.210099995136261, 0.09926857054233551, 0.9674973487854004]","[0.0, 0.0, -0.0056919436901807785, 2.566666626080405e-05, -0.028373777866363525, 1.0, 0.016333334147930145, -0.0056919436901807785, 0.0, 0.0, 0.9981881976127625, -0.016307666897773743, 0.0, 0.0]","[1.0, 0.0, 1.0, 1.1431878805160522, 2.0, 0.21038134396076202, 0.01711621880531311, 0.28540128469467163]",-39.46970670655563
7.049999999999983,215.5948944091797,-172.94552612304688,2.0471699237823486,0.002593994140625,0.6796875,"[0.6968444585800171, 0.21529999375343323, 0.10945845395326614, 0.9661964774131775]","[0.0, 0.0, -0.0056919436901807785, 2.566666626080405e-05, -0.028373777866363525, 1.0, 0.016333334147930145, -0.0056919436901807785, 0.0, 0.0, 0.9981881976127625, -0.016307666897773743, 0.0, 0.0]","[1.0, 0.0, 1.0, 1.1431878805160522, 2.0, 0.21038134396076202, 0.01711621880531311, 0.28540128469467163]",-39.77621642894704
7.099999999999983,215.48825073242188,-172.9469451904297,2.182569980621338,0.002593994140625,0.71875,"[0.7057299613952637, 0.2011999934911728, 0.1210663691163063, 0.9612717628479004]","[0.0, 0.0, -0.0056919436901807785, 2.566666626080405e-05, -0.028373777866363525, 1.0, 0.016333334147930145, -0.0056919436901807785, 0.0, 0.0, 0.9981881976127625, -0.016307666897773743, 0.0, 0.0]","[1.0, 0.0, 1.0, 1.1431878805160522, 2.0, 0.21038134396076202, 0.01711621880531311, 0.28540128469467163]",-39.93727659961777
7.149999999999983,215.374267578125,-172.9484405517578,2.338779926300049,0.002593994140625,0.77734375,"[0.7159811854362488, 0.17030000686645508, 0.13983649015426636, 0.9502322673797607]","[0.0, 0.0, -0.0056919436901807785, 2.566666626080405e-05, -0.028373777866363525, 1.0, 0.016333334147930145, -0.0056919436901807785, 0.0, 0.0, 0.9981881976127625, -0.016307666897773743, 0.0, 0.0]","[1.0, 0.0, 1.0, 1.1431878805160522, 2.0, 0.21038134396076202, 0.01711621880531311, 0.28540128469467163]",-40.11480352821129
7.199999999999982,215.25161743164062,-172.9500732421875,2.523279905319214,0.002593994140625,0.8203125,"[0.7280888557434082, 0.14790000021457672, 0.16411252319812775, 0.9377967119216919]","[0.0, 0.0, -0.0056919436901807785, 2.566666626080405e-05, -0.028373777866363525, 1.0, 0.016333334147930145, -0.0056919436901807785, 0.0, 0.0, 0.9981881976127625, -0.016307666897773743, 0.0, 0.0]","[1.0, 0.0, 1.0, 1.1431878805160522, 2.0, 0.21038134396076202, 0.01711621880531311, 0.28540128469467163]",-40.300565615791875
7.249999999999982,215.11878967285156,-172.9518280029297,2.7374799251556396,0.002593994140625,0.828125,"[0.7421456575393677, 0.15299999713897705, 0.19071339070796967, 0.9323160648345947]","[0.0, 0.0, -0.0056919436901807785, 2.566666626080405e-05, -0.028373777866363525, 1.0, 0.016333334147930145, -0.0056919436901807785, 0.0, 0.0, 0.9981881976127625, -0.016307666897773743, 0.0, 0.0]","[1.0, 0.0, 1.0, 1.1431878805160522, 2.0, 0.21038134396076202, 0.01711621880531311, 0.28540128469467163]",-40.69592069638128
7.299999999999982,214.9744110107422,-172.9538116455078,2.976759910583496,0.002593994140625,0.828125,"[0.75784832239151, 0.16599999368190765, 0.21201801300048828, 0.9347931146621704]","[0.0, 0.0, -0.0056919436901807785, 2.566666626080405e-05, -0.028373777866363525, 1.0, 0.016333334147930145, -0.0056919436901807785, 0.0, 0.0, 0.9981881976127625, -0.016307666897773743, 0.0, 0.0]","[1.0, 0.0, 1.0, 1.1431878805160522, 2.0, 0.21038134396076202, 0.01711621880531311, 0.28540128469467163]",-40.89371952663232
7.349999999999982,214.81741333007812,-172.9559326171875,3.2371699810028076,0.002593994140625,0.828125,"[0.7749375700950623, 0.1800999939441681, 0.23103691637516022, 0.9384586811065674]","[0.0, 0.0, -0.0056919436901807785, 2.566666626080405e-05, -0.028373777866363525, 1.0, 0.016333334147930145, -0.0056919436901807785, 0.0, 0.0, 0.9981881976127625, -0.016307666897773743, 0.0, 0.0]","[1.0, 0.0, 1.0, 1.1431878805160522, 2.0, 0.21038134396076202, 0.01711621880531311, 0.28540128469467163]",-41.09486898141063
7.399999999999982,214.64666748046875,-172.9582977294922,3.51842999458313,0.002593994140625,0.80859375,"[0.7933951616287231, 0.2175000011920929, 0.2481626570224762, 0.9397916197776794]","[0.0, 0.0, -0.0056919436901807785, 2.566666626080405e-05, -0.028373777866363525, 1.0, 0.016333334147930145, -0.0056919436901807785, 0.0, 0.0, 0.9981881976127625, -0.016307666897773743, 0.0, 0.0]","[1.0, 0.0, 1.0, 1.1431878805160522, 2.0, 0.21038134396076202, 0.01711621880531311, 0.28540128469467163]",-41.30503169346653
7.4499999999999815,214.462158203125,-172.96087646484375,3.788450002670288,0.002593994140625,0.8046875,"[0.811115026473999, 0.23919999599456787, 0.23891513049602509, 0.9519423246383667]","[0.0, 0.0, -0.0056919436901807785, 2.566666626080405e-05, -0.028373777866363525, 1.0, 0.016333334147930145, -0.0056919436901807785, 0.0, 0.0, 0.9981881976127625, -0.016307666897773743, 0.0, 0.0]","[1.0, 0.0, 1.0, 1.1431878805160522, 2.0, 0.21038134396076202, 0.01711621880531311, 0.28540128469467163]",-41.74830723903014
7.499999999999981,214.2648162841797,-172.96368408203125,4.04019021987915,0.002593994140625,0.8046875,"[0.8276353478431702, 0.2556000053882599, 0.2227652668952942, 0.9441474676132202]","[0.0, 0.0, -0.0056919436901807785, 2.566666626080405e-05, -0.028373777866363525, 1.0, 0.016333334147930145, -0.0056919436901807785, 0.0, 0.0, 0.9981881976127625, -0.016307666897773743, 0.0, 0.0]","[1.0, 0.0, 1.0, 1.1431878805160522, 2.0, 0.21038134396076202, 0.01711621880531311, 0.28540128469467163]",-41.97722546627127
7.549999999999981,214.05535888671875,-172.9666748046875,4.280940055847168,0.00244140625,0.8046875,"[0.8434344530105591, 0.2712000012397766, 0.21292570233345032, 0.9541307091712952]","[0.0, 0.0, -0.0056919436901807785, 2.566666626080405e-05, -0.028373777866363525, 1.0, 0.016333334147930145, -0.0056919436901807785, 0.0, 0.0, 0.9981881976127625, -0.016307666897773743, 0.0, 0.0]","[1.0, 0.0, 1.0, 1.1431878805160522, 2.0, 0.21038134396076202, 0.01711621880531311, 0.28540128469467163]",-42.212654298437855
7.599999999999981,213.83413696289062,-172.96983337402344,4.516729831695557,0.00201416015625,0.8046875,"[0.8589080572128296, 0.28619998693466187, 0.20798197388648987, 0.9618894457817078]","[0.0, 0.0, -0.0056919436901807785, 2.566666626080405e-05, -0.028373777866363525, 1.0, 0.016333334147930145, -0.0056919436901807785, 0.0, 0.0, 0.9981881976127625, -0.016307666897773743, 0.0, 0.0]","[1.0, 0.0, 1.0, 1.1431878805160522, 2.0, 0.21038134396076202, 0.01711621880531311, 0.28540128469467163]",-42.46216138216338
7.649999999999981,213.60122680664062,-172.97320556640625,4.750380039215088,0.001556396484375,0.8046875,"[0.8742412328720093, 0.3010999858379364, 0.2066267877817154, 0.9655018448829651]","[0.0, 0.0, -0.0056919436901807785, 2.566666626080405e-05, -0.028373777866363525, 1.0, 0.016333334147930145, -0.0056919436901807785, 0.0, 0.0, 0.9981881976127625, -0.016307666897773743, 0.0, 0.0]","[1.0, 0.0, 1.0, 1.1431878805160522, 2.0, 0.21038134396076202, 0.01711621880531311, 0.28540128469467163]",-42.963809297816674
7.699999999999981,213.35667419433594,-172.97669982910156,4.983329772949219,0.001068115234375,0.8046875,"[0.8895283937454224, 0.3158999979496002, 0.20600570738315582, 0.966069221496582]","[0.0, 0.0, -0.0056919436901807785, 2.566666626080405e-05, -0.028373777866363525, 1.0, 0.016333334147930145, -0.0056919436901807785, 0.0, 0.0, 0.9981881976127625, -0.016307666897773743, 0.0, 0.0]","[1.0, 0.0, 1.0, 1.1431878805160522, 2.0, 0.21038134396076202, 0.01711621880531311, 0.28540128469467163]",-43.22932835649942
7.7499999999999805,213.10047912597656,-172.9803466796875,5.21658992767334,0.000885009765625,0.8046875,"[0.9048359394073486, 0.33070001006126404, 0.20549316704273224, 0.9648867845535278]","[0.0, 0.0, -0.0056919436901807785, 2.566666626080405e-05, -0.028373777866363525, 1.0, 0.016333334147930145, -0.0056919436901807785, 0.0, 0.0, 0.9981881976127625, -0.016307666897773743, 0.0, 0.0]","[1.0, 0.0, 1.0, 1.1431878805160522, 2.0, 0.21038134396076202, 0.01711621880531311, 0.28540128469467163]",-43.50154543452477
7.79999999999998,212.83395385742188,-172.98416137695312,5.353400230407715,0.000885009765625,0.8046875,"[0.9138140678405762, 0.3427000045776367, 0.12061757594347, 0.8672119379043579]","[0.0, 0.0, -0.0056919436901807785, 2.566666626080405e-05, -0.028373777866363525, 1.0, 0.016333334147930145, -0.0056919436901807785, 0.0, 0.0, 0.9981881976127625, -0.016307666897773743, 0.0, 0.0]","[1.0, 0.0, 1.0, 1.1431878805160522, 2.0, 0.21038134396076202, 0.01711621880531311, 0.28540128469467163]",-43.77817856091318
7.84999999999998,212.5678253173828,-172.98794555664062,5.328070163726807,0.0008544921875,0.8046875,"[0.9121518135070801, 0.3449000120162964, 0.0, 0.8049280643463135]","[0.0, 0.0, -0.0056919436901807785, 2.566666626080405e-05, -0.028373777866363525, 1.0, 0.016333334147930145, -0.0056919436901807785, 0.0, 0.0, 0.9981881976127625, -0.016307666897773743, 0.0, 0.0]","[1.0, 0.0, 1.0, 1.1431878805160522, 2.0, 0.21038134396076202, 0.01711621880531311, 0.28540128469467163]",-44.28700695276842
7.89999999999998,212.30296325683594,-172.99172973632812,5.305500030517578,0.000579833984375,0.82421875,"[0.9106706380844116, 0.3091999888420105, 0.020240439102053642, 0.9935029745101929]","[0.0, 0.0, -0.0056919436901807785, 2.566666626080405e-05, -0.028373777866363525, 1.0, 0.016333334147930145, -0.0056919436901807785, 0.0, 0.0, 0.9981881976127625, -0.016307666897773743, 0.0, 0.0]","[1.0, 0.0, 1.0, 1.1431878805160522, 2.0, 0.21038134396076202, 0.01711621880531311, 0.28540128469467163]",-44.54989751739641
7.94999999999998,212.0373992919922,-172.99549865722656,5.331669807434082,0.0001220703125,0.82421875,"[0.912388026714325, 0.31060001254081726, 0.015068482607603073, 0.9387171268463135]","[0.0, 0.0, -0.0056919436901807785, 2.566666626080405e-05, -0.028373777866363525, 1.0, 0.016333334147930145, -0.0056919436901807785, 0.0, 0.0, 0.9981881976127625, -0.016307666897773743, 0.0, 0.0]","[1.0, 0.0, 1.0, 1.1431878805160522, 2.0, 0.21038134396076202, 0.01711621880531311, 0.28540128469467163]",-44.81018220054362
7.99999999999998,211.77206420898438,-172.99929809570312,5.309679985046387,0.0,0.82421875,"[0.910944938659668, 0.3095000088214874, 0.0112599553540349, 0.9400176405906677]","[0.0, 0.0, -0.0056919436901807785, 2.566666626080405e-05, -0.028373777866363525, 1.0, 0.016333334147930145, -0.0056919436901807785, 0.0, 0.0, 0.9981881976127625, -0.016307666897773743, 0.0, 0.0]","[1.0, 0.0, 1.0, 1.1431878805160522, 2.0, 0.21038134396076202, 0.01711621880531311, 0.28540128469467163]",-45.06944539437939
8.04999999999998,211.50436401367188,-173.0031280517578,5.509749889373779,-0.000213623046875,0.828125,"[0.9240744113922119, 0.3084000051021576, 0.13735587894916534, 0.7102104425430298]","[0.0, 0.0, -0.0056919436901807785, 2.566666626080405e-05, -0.028373777866363525, 1.0, 0.016333334147930145, -0.0056919436901807785, 0.0, 0.0, 0.9981881976127625, -0.016307666897773743, 0.0, 0.0]","[1.0, 0.0, 1.0, 1.1431878805160522, 2.0, 0.21038134396076202, 0.01711621880531311, 0.28540128469467163]",-45.54130267323096
8.09999999999998,211.21128845214844,-173.0072479248047,5.978010177612305,-0.0003662109375,0.828125,"[0.9548038244247437, 0.3253999948501587, 0.41200172901153564, 0.6538946628570557]","[0.0, 0.0, -0.0056919436901807785, 2.566666626080405e-05, -0.028373777866363525, 1.0, 0.016333334147930145, -0.0056919436901807785, 0.0, 0.0, 0.9981881976127625, -0.016307666897773743, 0.0, 0.0]","[1.0, 0.0, 1.0, 1.1431878805160522, 2.0, 0.21038134396076202, 0.01711621880531311, 0.28540128469467163]",-45.81650435491772
8.14999999999998,210.9016571044922,-173.01158142089844,6.302670001983643,-0.0003662109375,0.828125,"[0.9761093854904175, 0.3483000099658966, 0.2860136330127716, 0.7961412668228149]","[0.0, 0.0, -0.0056919436901807785, 2.566666626080405e-05, -0.028373777866363525, 1.0, 0.016333334147930145, -0.0056919436901807785, 0.0, 0.0, 0.9981881976127625, -0.016307666897773743, 0.0, 0.0]","[1.0, 0.0, 1.0, 1.1431878805160522, 2.0, 0.21038134396076202, 0.01711621880531311, 0.28540128469467163]",-46.10879853466091
8.199999999999982,210.57693481445312,-173.01608276367188,6.596519947052002,-0.000457763671875,0.828125,"[0.9953931570053101, 0.36570000648498535, 0.25872308015823364, 0.9294856190681458]","[0.0, 0.0, -0.0056919436901807785, 2.566666626080405e-05, -0.028373777866363525, 1.0, 0.016333334147930145, -0.0056919436901807785, 0.0, 0.0, 0.9981881976127625, -0.016307666897773743, 0.0, 0.0]","[1.0, 0.0, 1.0, 1.1431878805160522, 2.0, 0.21038134396076202, 0.01711621880531311, 0.28540128469467163]",-46.412043614135655
8.249999999999982,210.23753356933594,-173.0209503173828,6.904250144958496,-0.000518798828125,0.828125,"[0.9844121932983398, 0.3822000026702881, 0.2729446291923523, 0.945645809173584]","[0.0, 0.0, -0.0056919436901807785, 2.566666626080405e-05, -0.028373777866363525, 1.0, 0.016333334147930145, -0.0056919436901807785, 0.0, 0.0, 0.9981881976127625, -0.016307666897773743, 0.0, 0.0]","[1.0, 0.0, 1.0, 1.1431878805160522, 2.0, 0.21038134396076202, 0.01711621880531311, 0.28540128469467163]",-46.99074092449796
8.299999999999983,209.88375854492188,-173.0255889892578,7.182799816131592,-0.00054931640625,0.828125,"[0.9661325216293335, 0.39879998564720154, 0.24758240580558777, 0.9289653897285461]","[0.0, 0.0, -0.0056919436901807785, 2.566666626080405e-05, -0.028373777866363525, 1.0, 0.016333334147930145, -0.0056919436901807785, 0.0, 0.0, 0.9981881976127625, -0.016307666897773743, 0.0, 0.0]","[1.0, 0.0, 1.0, 1.1431878805160522, 2.0, 0.21038134396076202, 0.01711621880531311, 0.28540128469467163]",-47.353758101035176
8.349999999999984,209.51565551757812,-173.0308380126953,7.536320209503174,-0.0006103515625,0.828125,"[0.9429329633712769, 0.41499999165534973, 0.31416088342666626, 0.8529902696609497]","[0.0, 0.0, -0.0056919436901807785, 2.566666626080405e-05, -0.028373777866363525, 1.0, 0.016333334147930145, -0.0056919436901807785, 0.0, 0.0, 0.9981881976127625, -0.016307666897773743, 0.0, 0.0]","[1.0, 0.0, 1.0, 1.1431878805160522, 2.0, 0.21038134396076202, 0.01711621880531311, 0.28540128469467163]",-47.73785639583762
8.399999999999984,209.12899780273438,-173.03634643554688,7.945879936218262,-0.0006103515625,0.828125,"[0.9160557985305786, 0.4348999857902527, 0.3636553883552551, 0.8960006237030029]","[0.0, 0.0, -0.0056919436901807785, 2.566666626080405e-05, -0.028373777866363525, 1.0, 0.016333334147930145, -0.0056919436901807785, 0.0, 0.0, 0.9981881976127625, -0.016307666897773743, 0.0, 0.0]","[1.0, 0.0, 1.0, 1.1431878805160522, 2.0, 0.21038134396076202, 0.01711621880531311, 0.28540128469467163]",-48.14905742998826
8.449999999999985,208.7240447998047,-173.04202270507812,8.338520050048828,-0.0006103515625,0.828125,"[0.8902890086174011, 0.4569000005722046, 0.3456690013408661, 0.926297128200531]","[0.0, 0.0, -0.0056919436901807785, 2.566666626080405e-05, -0.028373777866363525, 1.0, 0.016333334147930145, -0.0056919436901807785, 0.0, 0.0, 0.9981881976127625, -0.016307666897773743, 0.0, 0.0]","[1.0, 0.0, 1.0, 1.1431878805160522, 2.0, 0.21038134396076202, 0.01711621880531311, 0.28540128469467163]",-48.92301595712896
8.499999999999986,208.30296325683594,-173.04766845703125,8.686209678649902,-0.0006103515625,0.828125,"[0.8674720525741577, 0.478300005197525, 0.3033525347709656, 0.9075865149497986]","[0.0, 0.0, -0.0056919436901807785, 2.566666626080405e-05, -0.028373777866363525, 1.0, 0.016333334147930145, -0.0056919436901807785, 0.0, 0.0, 0.9981881976127625, -0.016307666897773743, 0.0, 0.0]","[1.0, 0.0, 1.0, 1.1431878805160522, 2.0, 0.21038134396076202, 0.01711621880531311, 0.28540128469467163]",-49.3788363081648
8.549999999999986,207.86761474609375,-173.05332946777344,8.990280151367188,-0.000518798828125,0.828125,"[0.8475176095962524, 0.4975000023841858, 0.26432791352272034, 0.9057838320732117]","[0.0, 0.0, -0.0056919436901807785, 2.566666626080405e-05, -0.028373777866363525, 1.0, 0.016333334147930145, -0.0056919436901807785, 0.0, 0.0, 0.9981881976127625, -0.016307666897773743, 0.0, 0.0]","[1.0, 0.0, 1.0, 1.1431878805160522, 2.0, 0.21038134396076202, 0.01711621880531311, 0.28540128469467163]",-49.84879200479316
8.599999999999987,207.4188995361328,-173.0583953857422,9.211150169372559,-0.000518798828125,0.828125,"[0.8330230712890625, 0.5135999917984009, 0.212941974401474, 0.7840615510940552]","[0.0, 0.0, -0.0056919436901807785, 2.566666626080405e-05, -0.028373777866363525, 1.0, 0.016333334147930145, -0.0056919436901807785, 0.0, 0.0, 0.9981881976127625, -0.016307666897773743, 0.0, 0.0]","[1.0, 0.0, 1.0, 1.1431878805160522, 2.0, 0.21038134396076202, 0.01711621880531311, 0.28540128469467163]",-50.3515259705923
8.649999999999988,206.95921325683594,-173.06399536132812,9.284740447998047,-0.000518798828125,0.828125,"[0.8281937837600708, 0.5192999839782715, 0.09009670466184616, 0.7731905579566956]","[0.0, 0.0, -0.0056919436901807785, 2.566666626080405e-05, -0.028373777866363525, 1.0, 0.016333334147930145, -0.0056919436901807785, 0.0, 0.0, 0.9981881976127625, -0.016307666897773743, 0.0, 0.0]","[1.0, 0.0, 1.0, 1.1431878805160522, 2.0, 0.21038134396076202, 0.01711621880531311, 0.28540128469467163]",-51.281076158044414
8.699999999999989,206.49539184570312,-173.07081604003906,9.286279678344727,-0.000457763671875,0.828125,"[0.8280927538871765, 0.5271000266075134, 0.01521450374275446, 0.827165424823761]","[0.0, 0.0, -0.0056919436901807785, 2.566666626080405e-05, -0.028373777866363525, 1.0, 0.016333334147930145, -0.0056919436901807785, 0.0, 0.0, 0.9981881976127625, -0.016307666897773743, 0.0, 0.0]","[1.0, 0.0, 1.0, 1.1431878805160522, 2.0, 0.21038134396076202, 0.01711621880531311, 0.28540128469467163]",-51.767776395795664
8.74999999999999,206.02728271484375,-173.07757568359375,9.356619834899902,9.1552734375e-05,0.8046875,"[0.8234767317771912, 0.6021000146865845, 0.06379560381174088, 0.8486217260360718]","[0.0, 0.0, -0.0056919436901807785, 2.566666626080405e-05, -0.028373777866363525, 1.0, 0.016333334147930145, -0.0056919436901807785, 0.0, 0.0, 0.9981881976127625, -0.016307666897773743, 0.0, 0.0]","[1.0, 0.0, 1.0, 1.1431878805160522, 2.0, 0.21038134396076202, 0.01711621880531311, 0.28540128469467163]",-52.29799027760173
8.79999999999999,205.53782653808594,-173.0843963623047,9.813570022583008,0.000701904296875,0.796875,"[0.7934895753860474, 0.6316999793052673, 0.401231586933136, 0.542960524559021]","[0.0, 0.0, -0.0056919436901807785, 2.566666626080405e-05, -0.028373777866363525, 1.0, 0.016333334147930145, -0.0056919436901807785, 0.0, 0.0, 0.9981881976127625, -0.016307666897773743, 0.0, 0.0]","[1.0, 0.0, 1.0, 1.1431878805160522, 2.0, 0.21038134396076202, 0.01711621880531311, 0.28540128469467163]",-52.834444618209254
8.84999999999999,205.02658081054688,-173.09117126464844,10.163310050964355,0.000701904296875,0.7890625,"[0.7705380916595459, 0.6615999937057495, 0.3057674765586853, 0.8369954228401184]","[0.0, 0.0, -0.0056919436901807785, 2.566666626080405e-05, -0.028373777866363525, 1.0, 0.016333334147930145, -0.0056919436901807785, 0.0, 0.0, 0.9981881976127625, -0.016307666897773743, 0.0, 0.0]","[1.0, 0.0, 1.0, 1.1431878805160522, 2.0, 0.21038134396076202, 0.01711621880531311, 0.28540128469467163]",-53.732244864247996
8.899999999999991,204.5000762939453,-173.09768676757812,10.448439598083496,0.000579833984375,0.78515625,"[0.7518266439437866, 0.7240999937057495, 0.2584782540798187, 0.808315634727478]","[0.0, 0.0, -0.0056919436901807785, 2.566666626080405e-05, -0.028373777866363525, 1.0, 0.016333334147930145, -0.0056919436901807785, 0.0, 0.0, 0.9981881976127625, -0.016307666897773743, 0.0, 0.0]","[1.0, 0.0, 1.0, 1.1431878805160522, 2.0, 0.21038134396076202, 0.01711621880531311, 0.28540128469467163]",-54.32310964183357
8.949999999999992,203.9652862548828,-173.10476684570312,10.682290077209473,0.00042724609375,0.78125,"[0.7364803552627563, 0.7526999711990356, 0.21056042611598969, 0.821113109588623]","[0.0, 0.0, -0.0056919436901807785, 2.566666626080405e-05, -0.028373777866363525, 1.0, 0.016333334147930145, -0.0056919436901807785, 0.0, 0.0, 0.9981881976127625, -0.016307666897773743, 0.0, 0.0]","[1.0, 0.0, 1.0, 1.1431878805160522, 2.0, 0.21038134396076202, 0.01711621880531311, 0.28540128469467163]",-54.920607372297674
8.999999999999993,203.4230194091797,-173.11216735839844,10.888999938964844,0.000396728515625,0.77734375,"[0.7229150533676147, 0.786899983882904, 0.18216834962368011, 0.8758639097213745]","[0.0, 0.0, -0.0056919436901807785, 2.566666626080405e-05, -0.028373777866363525, 1.0, 0.016333334147930145, -0.0056919436901807785, 0.0, 0.0, 0.9981881976127625, -0.016307666897773743, 0.0, 0.0]","[1.0, 0.0, 1.0, 1.1431878805160522, 2.0, 0.21038134396076202, 0.01711621880531311, 0.28540128469467163]",-55.52295886202009
9.049999999999994,202.87257385253906,-173.11962890625,11.07649040222168,0.00042724609375,0.77734375,"[0.71061110496521, 0.803600013256073, 0.16657011210918427, 0.9140858054161072]","[0.0, 0.0, -0.0056919436901807785, 2.566666626080405e-05, -0.028373777866363525, 1.0, 0.016333334147930145, -0.0056919436901807785, 0.0, 0.0, 0.9981881976127625, -0.016307666897773743, 0.0, 0.0]","[1.0, 0.0, 1.0, 1.1431878805160522, 2.0, 0.21038134396076202, 0.01711621880531311, 0.28540128469467163]",-56.464406694582216
9.099999999999994,202.3139190673828,-173.12733459472656,11.249119758605957,0.000885009765625,0.7734375,"[0.6992824077606201, 0.8321999907493591, 0.1548052728176117, 0.937691330909729]","[0.0, 0.0, -0.0056919436901807785, 2.566666626080405e-05, -0.028373777866363525, 1.0, 0.016333334147930145, -0.0056919436901807785, 0.0, 0.0, 0.9981881976127625, -0.016307666897773743, 0.0, 0.0]","[1.0, 0.0, 1.0, 1.1431878805160522, 2.0, 0.21038134396076202, 0.01711621880531311, 0.28540128469467163]",-57.08701747551416
9.149999999999995,201.74708557128906,-173.1352081298828,11.414730072021484,0.00115966796875,0.76953125,"[0.6884143352508545, 0.8597000241279602, 0.1500004231929779, 0.954570472240448]","[0.0, 0.0, -0.0056919436901807785, 2.566666626080405e-05, -0.028373777866363525, 1.0, 0.016333334147930145, -0.0056919436901807785, 0.0, 0.0, 0.9981881976127625, -0.016307666897773743, 0.0, 0.0]","[1.0, 0.0, 1.0, 1.1431878805160522, 2.0, 0.21038134396076202, 0.01711621880531311, 0.28540128469467163]",-57.73718931432896
9.199999999999996,201.17218017578125,-173.14334106445312,11.57664966583252,0.001190185546875,0.73046875,"[0.6777884364128113, 0.8723000288009644, 0.14595471322536469, 0.9641890525817871]","[0.0, 0.0, -0.0056919436901807785, 2.566666626080405e-05, -0.028373777866363525, 1.0, 0.016333334147930145, -0.0056919436901807785, 0.0, 0.0, 0.9981881976127625, -0.016307666897773743, 0.0, 0.0]","[1.0, 0.0, 1.0, 1.1431878805160522, 2.0, 0.21038134396076202, 0.01711621880531311, 0.28540128469467163]",-58.40213780278423
9.249999999999996,200.58924865722656,-173.15133666992188,11.725859642028809,0.0013427734375,0.6640625,"[0.6679966449737549, 1.0, 0.1377551555633545, 0.9504273533821106]","[0.0, 0.0, -0.0056919436901807785, 2.566666626080405e-05, -0.028373777866363525, 1.0, 0.016333334147930145, -0.0056919436901807785, 0.0, 0.0, 0.9981881976127625, -0.016307666897773743, 0.0, 0.0]","[1.0, 0.0, 1.0, 1.1431878805160522, 2.0, 0.21038134396076202, 0.01711621880531311, 0.28540128469467163]",-59.48264092645595
9.299999999999997,199.9990997314453,-173.1591796875,11.8543701171875,0.001495361328125,0.6171875,"[0.6595631837844849, 1.0, 0.12705889344215393, 0.940648078918457]","[0.0, 0.0, -0.0056919436901807785, 2.566666626080405e-05, -0.028373777866363525, 1.0, 0.016333334147930145, -0.0056919436901807785, 0.0, 0.0, 0.9981881976127625, -0.016307666897773743, 0.0, 0.0]","[1.0, 0.0, 1.0, 1.1431878805160522, 2.0, 0.21038134396076202, 0.01711621880531311, 0.28540128469467163]",-60.223216609902515
9.349999999999998,199.40347290039062,-173.16851806640625,11.965869903564453,0.00152587890625,0.61328125,"[0.6522460579872131, 1.0, 0.1035345047712326, 0.9506396055221558]","[0.0, 0.0, -0.0056919436901807785, 2.566666626080405e-05, -0.028373777866363525, 1.0, 0.016333334147930145, -0.0056919436901807785, 0.0, 0.0, 0.9981881976127625, -0.016307666897773743, 0.0, 0.0]","[1.0, 0.0, 1.0, 1.1431878805160522, 2.0, 0.21038134396076202, 0.01711621880531311, 0.28540128469467163]",-60.98299564664693
9.399999999999999,198.80245971679688,-173.17947387695312,12.060799598693848,0.0013427734375,0.609375,"[0.6460163593292236, 1.0, 0.09342900663614273, 0.9259033203125]","[0.0, 0.0, -0.0056919436901807785, 2.566666626080405e-05, -0.028373777866363525, 1.0, 0.016333334147930145, -0.0056919436901807785, 0.0, 0.0, 0.9981881976127625, -0.016307666897773743, 0.0, 0.0]","[1.0, 0.0, 1.0, 1.1431878805160522, 2.0, 0.21038134396076202, 0.01711621880531311, 0.28540128469467163]",-61.7665552420556
9.45,198.19686889648438,-173.18910217285156,12.152839660644531,0.00115966796875,0.609375,"[0.6399762630462646, 1.0, 0.09081055223941803, 0.919693112373352]","[0.0, 0.0, -0.0056919436901807785, 2.566666626080405e-05, -0.028373777866363525, 1.0, 0.016333334147930145, -0.0056919436901807785, 0.0, 0.0, 0.9981881976127625, -0.016307666897773743, 0.0, 0.0]","[1.0, 0.0, 1.0, 1.1431878805160522, 2.0, 0.21038134396076202, 0.01711621880531311, 0.28540128469467163]",-62.83235046155094
9.5,197.5876007080078,-173.19749450683594,12.237560272216797,0.000762939453125,0.609375,"[0.6344165205955505, 1.0, 0.08532527089118958, 0.9336262941360474]","[0.0, 0.0, -0.0056919436901807785, 2.566666626080405e-05, -0.028373777866363525, 1.0, 0.016333334147930145, -0.0056919436901807785, 0.0, 0.0, 0.9981881976127625, -0.016307666897773743, 0.0, 0.0]","[1.0, 0.0, 1.0, 1.1431878805160522, 2.0, 0.21038134396076202, 0.01711621880531311, 0.28540128469467163]",-63.387121489344835
9.55,196.97439575195312,-173.20648193359375,12.322099685668945,0.000274658203125,0.609375,"[0.6288686394691467, 1.0, 0.0853305459022522, 0.9436803460121155]","[0.0, 0.0, -0.0056919436901807785, 2.566666626080405e-05, -0.028373777866363525, 1.0, 0.016333334147930145, -0.0056919436901807785, 0.0, 0.0, 0.9981881976127625, -0.016307666897773743, 0.0, 0.0]","[1.0, 0.0, 1.0, 1.1431878805160522, 2.0, 0.21038134396076202, 0.01711621880531311, 0.28540128469467163]",-63.96205219170224
9.600000000000001,196.35667419433594,-173.21624755859375,12.404009819030762,-0.0003662109375,0.609375,"[0.6234933733940125, 1.0, 0.07717714458703995, 0.9664028882980347]","[0.0, 0.0, -0.0056919436901807785, 2.566666626080405e-05, -0.028373777866363525, 1.0, 0.016333334147930145, -0.0056919436901807785, 0.0, 0.0, 0.9981881976127625, -0.016307666897773743, 0.0, 0.0]","[1.0, 0.0, 1.0, 1.1431878805160522, 2.0, 0.21038134396076202, 0.01711621880531311, 0.28540128469467163]",-64.55136031716565
9.650000000000002,195.7327423095703,-173.22671508789062,12.431940078735352,-0.000823974609375,0.609375,"[0.6216604709625244, 1.0, 0.027752527967095375, 0.6280991435050964]","[0.0, 0.0, -0.0056919436901807785, 2.566666626080405e-05, -0.028373777866363525, 1.0, 0.016333334147930145, -0.0056919436901807785, 0.0, 0.0, 0.9981881976127625, -0.016307666897773743, 0.0, 0.0]","[1.0, 0.0, 1.0, 1.1431878805160522, 2.0, 0.21038134396076202, 0.01711621880531311, 0.28540128469467163]",-65.3897058246059
9.700000000000003,195.1031036376953,-173.2357177734375,12.486300468444824,-0.001129150390625,0.609375,"[0.6180930733680725, 1.0, 0.04722505435347557, 0.705511748790741]","[0.0, 0.0, -0.0056919436901807785, 2.566666626080405e-05, -0.028373777866363525, 1.0, 0.016333334147930145, -0.0056919436901807785, 0.0, 0.0, 0.9981881976127625, -0.016307666897773743, 0.0, 0.0]","[1.0, 0.0, 1.0, 1.1431878805160522, 2.0, 0.21038134396076202, 0.01711621880531311, 0.28540128469467163]",-66.03419239015574
9.750000000000004,194.47084045410156,-173.244384765625,12.553420066833496,-0.00128173828125,0.609375,"[0.6136883497238159, 1.0, 0.07137362658977509, 0.8245129585266113]","[0.0, 0.0, -0.0056919436901807785, 2.566666626080405e-05, -0.028373777866363525, 1.0, 0.016333334147930145, -0.0056919436901807785, 0.0, 0.0, 0.9981881976127625, -0.016307666897773743, 0.0, 0.0]","[1.0, 0.0, 1.0, 1.1431878805160522, 2.0, 0.21038134396076202, 0.01711621880531311, 0.28540128469467163]",-66.69548471683837
9.800000000000004,193.83778381347656,-173.25375366210938,12.634710311889648,-0.00146484375,0.609375,"[0.6083537340164185, 1.0, 0.08404308557510376, 0.9333994388580322]","[0.0, 0.0, -0.0056919436901807785, 2.566666626080405e-05, -0.028373777866363525, 1.0, 0.016333334147930145, -0.0056919436901807785, 0.0, 0.0, 0.9981881976127625, -0.016307666897773743, 0.0, 0.0]","[1.0, 0.0, 1.0, 1.1431878805160522, 2.0, 0.21038134396076202, 0.01711621880531311, 0.28540128469467163]",-67.3533458537857
9.850000000000005,193.20455932617188,-173.26271057128906,12.698439598083496,-0.001922607421875,0.609375,"[0.6041715741157532, 1.0, 0.05667823925614357, 0.7853273153305054]","[0.0, 0.0, -0.0056919436901807785, 2.566666626080405e-05, -0.028373777866363525, 1.0, 0.016333334147930145, -0.0056919436901807785, 0.0, 0.0, 0.9981881976127625, -0.016307666897773743, 0.0, 0.0]","[1.0, 0.0, 1.0, 1.1431878805160522, 2.0, 0.21038134396076202, 0.01711621880531311, 0.28540128469467163]",-68.21096300617658
9.900000000000006,192.57501220703125,-173.27142333984375,12.763290405273438,-0.002349853515625,0.609375,"[0.5999157428741455, 1.0, 0.057144176214933395, 0.9242357015609741]","[0.0, 0.0, -0.0056919436901807785, 2.566666626080405e-05, -0.028373777866363525, 1.0, 0.016333334147930145, -0.0056919436901807785, 0.0, 0.0, 0.9981881976127625, -0.016307666897773743, 0.0, 0.0]","[1.0, 0.0, 1.0, 1.1431878805160522, 2.0, 0.21038134396076202, 0.01711621880531311, 0.28540128469467163]",-68.84796255529324
9.950000000000006,191.943115234375,-173.27963256835938,12.838809967041016,-0.00250244140625,0.60546875,"[0.5949598550796509, 1.0, 0.0687270313501358, 0.861085832118988]","[0.0, 0.0, -0.0056919436901807785, 2.566666626080405e-05, -0.028373777866363525, 1.0, 0.016333334147930145, -0.0056919436901807785, 0.0, 0.0, 0.9981881976127625, -0.016307666897773743, 0.0, 0.0]","[1.0, 0.0, 1.0, 1.1431878805160522, 2.0, 0.21038134396076202, 0.01711621880531311, 0.28540128469467163]",-69.49217374108463
10.000000000000007,191.3045196533203,-173.28836059570312,12.915410041809082,-0.00238037109375,0.60546875,"[0.5899329781532288, 1.0, 0.07811779528856277, 0.8634892106056213]","[0.0, 0.0, -0.0056919436901807785, 2.566666626080405e-05, -0.028373777866363525, 1.0, 0.016333334147930145, -0.0056919436901807785, 0.0, 0.0, 0.9981881976127625, -0.016307666897773743, 0.0, 0.0]","[1.0, 0.0, 1.0, 1.1431878805160522, 2.0, 0.21038134396076202, 0.01711621880531311, 0.28540128469467163]",-70.15305679459362
10.050000000000008,190.65904235839844,-173.2970428466797,12.988840103149414,-0.001922607421875,0.59375,"[0.5851141810417175, 1.0, 0.07250726222991943, 0.9520993232727051]","[0.0, 0.0, -0.0056919436901807785, 2.566666626080405e-05, -0.028373777866363525, 1.0, 0.016333334147930145, -0.0056919436901807785, 0.0, 0.0, 0.9981881976127625, -0.016307666897773743, 0.0, 0.0]","[1.0, 0.0, 1.0, 1.1431878805160522, 2.0, 0.21038134396076202, 0.01711621880531311, 0.28540128469467163]",-71.06568234323322
10.100000000000009,190.00843811035156,-173.30552673339844,13.058939933776855,-0.0009765625,0.5859375,"[0.5805138945579529, 1.0, 0.06876615434885025, 0.9393086433410645]","[0.0, 0.0, -0.0056919436901807785, 2.566666626080405e-05, -0.028373777866363525, 1.0, 0.016333334147930145, -0.0056919436901807785, 0.0, 0.0, 0.9981881976127625, -0.016307666897773743, 0.0, 0.0]","[1.0, 0.0, 1.0, 1.1431878805160522, 2.0, 0.21038134396076202, 0.01711621880531311, 0.28540128469467163]",-71.77874988972988
10.15000000000001,189.35374450683594,-173.3138427734375,13.126449584960938,-0.000335693359375,0.5859375,"[0.5760836601257324, 1.0, 0.06323516368865967, 0.9595744609832764]","[0.0, 0.0, -0.0056919436901807785, 2.566666626080405e-05, -0.028373777866363525, 1.0, 0.016333334147930145, -0.0056919436901807785, 0.0, 0.0, 0.9981881976127625, -0.016307666897773743, 0.0, 0.0]","[1.0, 0.0, 1.0, 1.1431878805160522, 2.0, 0.21038134396076202, 0.01711621880531311, 0.28540128469467163]",-72.5141101954889
10.20000000000001,188.69544982910156,-173.32205200195312,13.192460060119629,0.0,0.5859375,"[0.5717517137527466, 1.0, 0.0618400014936924, 0.9730427861213684]","[0.0, 0.0, -0.0056919436901807785, 2.566666626080405e-05, -0.028373777866363525, 1.0, 0.016333334147930145, -0.0056919436901807785, 0.0, 0.0, 0.9981881976127625, -0.016307666897773743, 0.0, 0.0]","[1.0, 0.0, 1.0, 1.1431878805160522, 2.0, 0.21038134396076202, 0.01711621880531311, 0.28540128469467163]",-73.2740603529832
10.25000000000001,188.03379821777344,-173.33010864257812,13.257719993591309,0.0,0.5859375,"[0.5674691200256348, 1.0, 0.06048879027366638, 0.9800927042961121]","[0.0, 0.0, -0.0056919436901807785, 2.566666626080405e-05, -0.028373777866363525, 1.0, 0.016333334147930145, -0.0056919436901807785, 0.0, 0.0, 0.9981881976127625, -0.016307666897773743, 0.0, 0.0]","[1.0, 0.0, 1.0, 1.1431878805160522, 2.0, 0.21038134396076202, 0.01711621880531311, 0.28540128469467163]",-74.38029002929844
10.300000000000011,187.36888122558594,-173.3381805419922,13.32252025604248,0.0,0.5859375,"[0.5632165670394897, 1.0, 0.05965626239776611, 0.9846311807632446]","[0.0, 0.0, -0.0056919436901807785, 2.566666626080405e-05, -0.028373777866363525, 1.0, 0.016333334147930145, -0.0056919436901807785, 0.0, 0.0, 0.9981881976127625, -0.016307666897773743, 0.0, 0.0]","[1.0, 0.0, 1.0, 1.1431878805160522, 2.0, 0.21038134396076202, 0.01711621880531311, 0.28540128469467163]",-75.2121799037795
10.350000000000012,186.70074462890625,-173.34620666503906,13.387049674987793,0.000457763671875,0.5859375,"[0.5589818954467773, 1.0, 0.057982418686151505, 0.9862442016601562]","[0.0, 0.0, -0.0056919436901807785, 2.566666626080405e-05, -0.028373777866363525, 1.0, 0.016333334147930145, -0.0056919436901807785, 0.0, 0.0, 0.9981881976127625, -0.016307666897773743, 0.0, 0.0]","[1.0, 0.0, 1.0, 1.1431878805160522, 2.0, 0.21038134396076202, 0.01711621880531311, 0.28540128469467163]",-76.07641268638348
10.400000000000013,186.02938842773438,-173.35435485839844,13.451370239257812,0.000885009765625,0.5859375,"[0.5547608733177185, 1.0, 0.058719564229249954, 0.9877291321754456]","[0.0, 0.0, -0.0056919436901807785, 2.566666626080405e-05, -0.028373777866363525, 1.0, 0.016333334147930145, -0.0056919436901807785, 0.0, 0.0, 0.9981881976127625, -0.016307666897773743, 0.0, 0.0]","[1.0, 0.0, 1.0, 1.1431878805160522, 2.0, 0.21038134396076202, 0.01711621880531311, 0.28540128469467163]",-76.97707392242174
10.450000000000014,185.3548583984375,-173.36257934570312,13.515480041503906,0.000885009765625,0.5859375,"[0.5505536794662476, 1.0, 0.059069011360406876, 0.9888561367988586]","[0.0, 0.0, -0.0056919436901807785, 2.566666626080405e-05, -0.028373777866363525, 1.0, 0.016333334147930145, -0.0056919436901807785, 0.0, 0.0, 0.9981881976127625, -0.016307666897773743, 0.0, 0.0]","[1.0, 0.0, 1.0, 1.1431878805160522, 2.0, 0.21038134396076202, 0.01711621880531311, 0.28540128469467163]",-78.27962789718896
10.500000000000014,184.67713928222656,-173.37094116210938,13.5794095993042,0.0008544921875,0.5859375,"[0.5463583469390869, 1.0, 0.058219779282808304, 0.9889451265335083]","[0.0, 0.0, -0.0056919436901807785, 2.566666626080405e-05, -0.028373777866363525, 1.0, 0.016333334147930145, -0.0056919436901807785, 0.0, 0.0, 0.9981881976127625, -0.016307666897773743, 0.0, 0.0]","[1.0, 0.0, 1.0, 1.1431878805160522, 2.0, 0.21038134396076202, 0.01711621880531311, 0.28540128469467163]",-79.24584675075913
10.550000000000015,183.99623107910156,-173.37936401367188,13.6431303024292,0.000701904296875,0.5859375,"[0.5421767234802246, 1.0, 0.05864439159631729, 0.9889968633651733]","[0.0, 0.0, -0.0056919436901807785, 2.566666626080405e-05, -0.028373777866363525, 1.0, 0.016333334147930145, -0.0056919436901807785, 0.0, 0.0, 0.9981881976127625, -0.016307666897773743, 0.0, 0.0]","[1.0, 0.0, 1.0, 1.1431878805160522, 2.0, 0.21038134396076202, 0.01711621880531311, 0.28540128469467163]",-80.1789697159775
10.600000000000016,183.3121795654297,-173.38790893554688,13.706669807434082,0.0,0.5859375,"[0.5380070209503174, 1.0, 0.05647428333759308, 0.9878141283988953]","[0.0, 0.0, -0.0056919436901807785, 2.566666626080405e-05, -0.028373777866363525, 1.0, 0.016333334147930145, -0.0056919436901807785, 0.0, 0.0, 0.9981881976127625, -0.016307666897773743, 0.0, 0.0]","[1.0, 0.0, 1.0, 1.1431878805160522, 2.0, 0.21038134396076202, 0.01711621880531311, 0.28540128469467163]",-81.01060089405966
10.650000000000016,182.62493896484375,-173.396484375,13.769980430603027,-0.000213623046875,0.5859375,"[0.533852219581604, 1.0, 0.05659472569823265, 0.9896059036254883]","[0.0, 0.0, -0.0056919436901807785, 2.566666626080405e-05, -0.028373777866363525, 1.0, 0.016333334147930145, -0.0056919436901807785, 0.0, 0.0, 0.9981881976127625, -0.016307666897773743, 0.0, 0.0]","[1.0, 0.0, 1.0, 1.1431878805160522, 2.0, 0.21038134396076202, 0.01711621880531311, 0.28540128469467163]",-82.27556070189883
10.700000000000017,181.9345703125,-173.40509033203125,13.833100318908691,-0.000213623046875,0.5859375,"[0.529710054397583, 1.0, 0.05612527206540108, 0.9894949793815613]","[0.0, 0.0, -0.0056919436901807785, 2.566666626080405e-05, -0.028373777866363525, 1.0, 0.016333334147930145, -0.0056919436901807785, 0.0, 0.0, 0.9981881976127625, -0.016307666897773743, 0.0, 0.0]","[1.0, 0.0, 1.0, 1.1431878805160522, 2.0, 0.21038134396076202, 0.01711621880531311, 0.28540128469467163]",-83.2401681331431
10.750000000000018,181.2410430908203,-173.41368103027344,13.895990371704102,-0.0003662109375,0.5859375,"[0.5255829095840454, 1.0, 0.056134507060050964, 0.9896928668022156]","[0.0, 0.0, -0.0056919436901807785, 2.566666626080405e-05, -0.028373777866363525, 1.0, 0.016333334147930145, -0.0056919436901807785, 0.0, 0.0, 0.9981881976127625, -0.016307666897773743, 0.0, 0.0]","[1.0, 0.0, 1.0, 1.1431878805160522, 2.0, 0.21038134396076202, 0.01711621880531311, 0.28540128469467163]",-84.21904473290174
10.800000000000018,180.54440307617188,-173.42230224609375,13.958629608154297,-0.00067138671875,0.5859375,"[0.5214722156524658, 1.0, 0.05707164853811264, 0.9893860816955566]","[0.0, 0.0, -0.0056919436901807785, 2.566666626080405e-05, -0.028373777866363525, 1.0, 0.016333334147930145, -0.0056919436901807785, 0.0, 0.0, 0.9981881976127625, -0.016307666897773743, 0.0, 0.0]","[1.0, 0.0, 1.0, 1.1431878805160522, 2.0, 0.21038134396076202, 0.01711621880531311, 0.28540128469467163]",-85.19986041967013
10.85000000000002,179.84466552734375,-173.4308624267578,14.021010398864746,-0.0008544921875,0.5859375,"[0.517378568649292, 1.0, 0.05674241483211517, 0.9901816844940186]","[0.0, 0.0, -0.0056919436901807785, 2.566666626080405e-05, -0.028373777866363525, 1.0, 0.016333334147930145, -0.0056919436901807785, 0.0, 0.0, 0.9981881976127625, -0.016307666897773743, 0.0, 0.0]","[1.0, 0.0, 1.0, 1.1431878805160522, 2.0, 0.21038134396076202, 0.01711621880531311, 0.28540128469467163]",-86.5954481938755
10.90000000000002,179.1417694091797,-173.43934631347656,14.08314037322998,-0.000946044921875,0.5859375,"[0.5133013129234314, 1.0, 0.05745977163314819, 0.990327000617981]","[0.0, 0.0, -0.0056919436901807785, 2.566666626080405e-05, -0.028373777866363525, 1.0, 0.016333334147930145, -0.0056919436901807785, 0.0, 0.0, 0.9981881976127625, -0.016307666897773743, 0.0, 0.0]","[1.0, 0.0, 1.0, 1.1431878805160522, 2.0, 0.21038134396076202, 0.01711621880531311, 0.28540128469467163]",-87.58665622191954
10.95000000000002,178.43582153320312,-173.44776916503906,14.14501953125,-0.0009765625,0.5859375,"[0.5092405080795288, 1.0, 0.05694812908768654, 0.9907510876655579]","[0.0, 0.0, -0.0056919436901807785, 2.566666626080405e-05, -0.028373777866363525, 1.0, 0.016333334147930145, -0.0056919436901807785, 0.0, 0.0, 0.9981881976127625, -0.016307666897773743, 0.0, 0.0]","[1.0, 0.0, 1.0, 1.1431878805160522, 2.0, 0.21038134396076202, 0.01711621880531311, 0.28540128469467163]",-88.62981972527282
11.000000000000021,177.72671508789062,-173.45606994628906,14.208239555358887,-0.001251220703125,0.60546875,"[0.5050917267799377, 1.0, 0.05964219197630882, 0.9888638854026794]","[0.0, 0.0, -0.0056919436901807785, 2.566666626080405e-05, -0.028373777866363525, 1.0, 0.016333334147930145, -0.0056919436901807785, 0.0, 0.0, 0.9981881976127625, -0.016307666897773743, 0.0, 0.0]","[1.0, 0.0, 1.0, 1.1431878805160522, 2.0, 0.21038134396076202, 0.01711621880531311, 0.28540128469467163]",-89.70067257563556
11.050000000000022,177.01437377929688,-173.46417236328125,14.273889541625977,-0.001556396484375,0.60546875,"[0.5007835030555725, 1.0, 0.06253097951412201, 0.9878582954406738]","[0.0, 0.0, -0.0056919436901807785, 2.566666626080405e-05, -0.028373777866363525, 1.0, 0.016333334147930145, -0.0056919436901807785, 0.0, 0.0, 0.9981881976127625, -0.016307666897773743, 0.0, 0.0]","[1.0, 0.0, 1.0, 1.1431878805160522, 2.0, 0.21038134396076202, 0.01711621880531311, 0.28540128469467163]",-91.2976826995436
11.100000000000023,176.2987060546875,-173.47210693359375,14.341320037841797,-0.001739501953125,0.609375,"[0.49635839462280273, 1.0, 0.06488791108131409, 0.9882763624191284]","[0.0, 0.0, -0.0056919436901807785, 2.566666626080405e-05, -0.028373777866363525, 1.0, 0.016333334147930145, -0.0056919436901807785, 0.0, 0.0, 0.9981881976127625, -0.016307666897773743, 0.0, 0.0]","[1.0, 0.0, 1.0, 1.1431878805160522, 2.0, 0.21038134396076202, 0.01711621880531311, 0.28540128469467163]",-92.262559005133
11.150000000000023,175.57960510253906,-173.47979736328125,14.410189628601074,-0.001739501953125,0.609375,"[0.49183887243270874, 1.0, 0.06617801636457443, 0.9888657331466675]","[0.0, 0.0, -0.0056919436901807785, 2.566666626080405e-05, -0.028373777866363525, 1.0, 0.016333334147930145, -0.0056919436901807785, 0.0, 0.0, 0.9981881976127625, -0.016307666897773743, 0.0, 0.0]","[1.0, 0.0, 1.0, 1.1431878805160522, 2.0, 0.21038134396076202, 0.01711621880531311, 0.28540128469467163]",-93.25276608787749
11.200000000000024,174.85702514648438,-173.4873046875,14.479909896850586,-0.001617431640625,0.609375,"[0.4872635006904602, 1.0, 0.06685274094343185, 0.9893960356712341]","[0.0, 0.0, -0.0056919436901807785, 2.566666626080405e-05, -0.028373777866363525, 1.0, 0.016333334147930145, -0.0056919436901807785, 0.0, 0.0, 0.9981881976127625, -0.016307666897773743, 0.0, 0.0]","[1.0, 0.0, 1.0, 1.1431878805160522, 2.0, 0.21038134396076202, 0.01711621880531311, 0.28540128469467163]",-94.24989809273373
11.250000000000025,174.1309356689453,-173.4945831298828,14.550129890441895,-0.00146484375,0.609375,"[0.4826553463935852, 1.0, 0.06706812232732773, 0.9897227883338928]","[0.0, 0.0, -0.0056919436901807785, 2.566666626080405e-05, -0.028373777866363525, 1.0, 0.016333334147930145, -0.0056919436901807785, 0.0, 0.0, 0.9981881976127625, -0.016307666897773743, 0.0, 0.0]","[1.0, 0.0, 1.0, 1.1431878805160522, 2.0, 0.21038134396076202, 0.01711621880531311, 0.28540128469467163]",-95.69779390585978
11.300000000000026,173.4013214111328,-173.50173950195312,14.620599746704102,-0.000946044921875,0.609375,"[0.478030800819397, 1.0, 0.06592527776956558, 0.9888812899589539]","[0.0, 0.0, -0.0056919436901807785, 2.566666626080405e-05, -0.028373777866363525, 1.0, 0.016333334147930145, -0.0056919436901807785, 0.0, 0.0, 0.9981881976127625, -0.016307666897773743, 0.0, 0.0]","[1.0, 0.0, 1.0, 1.1431878805160522, 2.0, 0.21038134396076202, 0.01711621880531311, 0.28540128469467163]",-96.7687968971203
11.350000000000026,172.66818237304688,-173.50872802734375,14.691180229187012,-0.000518798828125,0.609375,"[0.47339898347854614, 1.0, 0.06498988717794418, 0.9892793297767639]","[0.0, 0.0, -0.0056919436901807785, 2.566666626080405e-05, -0.028373777866363525, 1.0, 0.016333334147930145, -0.0056919436901807785, 0.0, 0.0, 0.9981881976127625, -0.016307666897773743, 0.0, 0.0]","[1.0, 0.0, 1.0, 1.1431878805160522, 2.0, 0.21038134396076202, 0.01711621880531311, 0.28540128469467163]",-97.84123238569143
11.400000000000027,171.9315185546875,-173.51559448242188,14.761770248413086,-0.000213623046875,0.609375,"[0.4687665104866028, 1.0, 0.06421099603176117, 0.9895584583282471]","[0.0, 0.0, -0.0056919436901807785, 2.566666626080405e-05, -0.028373777866363525, 1.0, 0.016333334147930145, -0.0056919436901807785, 0.0, 0.0, 0.9981881976127625, -0.016307666897773743, 0.0, 0.0]","[1.0, 0.0, 1.0, 1.1431878805160522, 2.0, 0.21038134396076202, 0.01711621880531311, 0.28540128469467163]",-98.92518734479577
11.450000000000028,171.19134521484375,-173.52243041992188,14.832289695739746,-0.00018310546875,0.609375,"[0.46413880586624146, 1.0, 0.06403999775648117, 0.9901685118675232]","[0.0, 0.0, -0.0056919436901807785, 2.566666626080405e-05, -0.028373777866363525, 1.0, 0.016333334147930145, -0.0056919436901807785, 0.0, 0.0, 0.9981881976127625, -0.016307666897773743, 0.0, 0.0]","[1.0, 0.0, 1.0, 1.1431878805160522, 2.0, 0.21038134396076202, 0.01711621880531311, 0.28540128469467163]",-100.54692635998627
11.500000000000028,170.4476318359375,-173.52919006347656,14.902700424194336,-0.00018310546875,0.609375,"[0.45951807498931885, 1.0, 0.06371120363473892, 0.9901056885719299]","[0.0, 0.0, -0.0056919436901807785, 2.566666626080405e-05, -0.028373777866363525, 1.0, 0.016333334147930145, -0.0056919436901807785, 0.0, 0.0, 0.9981881976127625, -0.016307666897773743, 0.0, 0.0]","[1.0, 0.0, 1.0, 1.1431878805160522, 2.0, 0.21038134396076202, 0.01711621880531311, 0.28540128469467163]",-101.69135117392855
11.55000000000003,169.70042419433594,-173.53587341308594,14.972990036010742,-0.000213623046875,0.609375,"[0.45490533113479614, 1.0, 0.06342505663633347, 0.9901617169380188]","[0.0, 0.0, -0.0056919436901807785, 2.566666626080405e-05, -0.028373777866363525, 1.0, 0.016333334147930145, -0.0056919436901807785, 0.0, 0.0, 0.9981881976127625, -0.016307666897773743, 0.0, 0.0]","[1.0, 0.0, 1.0, 1.1431878805160522, 2.0, 0.21038134396076202, 0.01711621880531311, 0.28540128469467163]",-102.90458295187032
11.60000000000003,168.94967651367188,-173.54254150390625,15.043120384216309,-0.000213623046875,0.609375,"[0.4503031373023987, 1.0, 0.0630483478307724, 0.9901099801063538]","[0.0, 0.0, -0.0056919436901807785, 2.566666626080405e-05, -0.028373777866363525, 1.0, 0.016333334147930145, -0.0056919436901807785, 0.0, 0.0, 0.9981881976127625, -0.016307666897773743, 0.0, 0.0]","[1.0, 0.0, 1.0, 1.1431878805160522, 2.0, 0.21038134396076202, 0.01711621880531311, 0.28540128469467163]",-104.13119772165976
11.65000000000003,168.19546508789062,-173.54920959472656,15.113089561462402,-9.1552734375e-05,0.609375,"[0.4457114338874817, 1.0, 0.06234373152256012, 0.9898101091384888]","[0.0, 0.0, -0.0056919436901807785, 2.566666626080405e-05, -0.028373777866363525, 1.0, 0.016333334147930145, -0.0056919436901807785, 0.0, 0.0, 0.9981881976127625, -0.016307666897773743, 0.0, 0.0]","[1.0, 0.0, 1.0, 1.1431878805160522, 2.0, 0.21038134396076202, 0.01711621880531311, 0.28540128469467163]",-105.48957895387667
11.700000000000031,167.437744140625,-173.55587768554688,15.182880401611328,0.0001220703125,0.609375,"[0.4411314129829407, 1.0, 0.061437804251909256, 0.989630401134491]","[0.0, 0.0, -0.0056919436901807785, 2.566666626080405e-05, -0.028373777866363525, 1.0, 0.016333334147930145, -0.0056919436901807785, 0.0, 0.0, 0.9981881976127625, -0.016307666897773743, 0.0, 0.0]","[1.0, 0.0, 1.0, 1.1431878805160522, 2.0, 0.21038134396076202, 0.01711621880531311, 0.28540128469467163]",-106.452863149729
11.750000000000032,166.67654418945312,-173.56253051757812,15.252829551696777,0.00030517578125,0.61328125,"[0.4365410804748535, 1.0, 0.06201363354921341, 0.989770770072937]","[0.0, 0.0, -0.0056919436901807785, 2.566666626080405e-05, -0.028373777866363525, 1.0, 0.016333334147930145, -0.0056919436901807785, 0.0, 0.0, 0.9981881976127625, -0.016307666897773743, 0.0, 0.0]","[1.0, 0.0, 1.0, 1.1431878805160522, 2.0, 0.21038134396076202, 0.01711621880531311, 0.28540128469467163]",-107.4282219073685
11.800000000000033,165.9118194580078,-173.56919860839844,15.323149681091309,-3.0517578125e-05,0.61328125,"[0.4319263696670532, 1.0, 0.0623907670378685, 0.9891842603683472]","[0.0, 0.0, -0.0056919436901807785, 2.566666626080405e-05, -0.028373777866363525, 1.0, 0.016333334147930145, -0.0056919436901807785, 0.0, 0.0, 0.9981881976127625, -0.016307666897773743, 0.0, 0.0]","[1.0, 0.0, 1.0, 1.1431878805160522, 2.0, 0.21038134396076202, 0.01711621880531311, 0.28540128469467163]",-108.43748410066623
11.850000000000033,165.14356994628906,-173.57582092285156,15.39365005493164,-0.00067138671875,0.61328125,"[0.42729973793029785, 1.0, 0.06422373652458191, 0.9884875416755676]","[0.0, 0.0, -0.0056919436901807785, 2.566666626080405e-05, -0.028373777866363525, 1.0, 0.016333334147930145, -0.0056919436901807785, 0.0, 0.0, 0.9981881976127625, -0.016307666897773743, 0.0, 0.0]","[1.0, 0.0, 1.0, 1.1431878805160522, 2.0, 0.21038134396076202, 0.01711621880531311, 0.28540128469467163]",-109.84946626068982
11.900000000000034,164.37181091308594,-173.58236694335938,15.46420955657959,-0.0009765625,0.61328125,"[0.42266935110092163, 1.0, 0.06489890068769455, 0.9896925687789917]","[0.0, 0.0, -0.0056919436901807785, 2.566666626080405e-05, -0.028373777866363525, 1.0, 0.016333334147930145, -0.0056919436901807785, 0.0, 0.0, 0.9981881976127625, -0.016307666897773743, 0.0, 0.0]","[1.0, 0.0, 1.0, 1.1431878805160522, 2.0, 0.21038134396076202, 0.01711621880531311, 0.28540128469467163]",-110.94038769288618
11.950000000000035,163.59649658203125,-173.58880615234375,15.535070419311523,-0.0009765625,0.6171875,"[0.4180191159248352, 1.0, 0.06512219458818436, 0.9898105263710022]","[0.0, 0.0, -0.0056919436901807785, 2.566666626080405e-05, -0.028373777866363525, 1.0, 0.016333334147930145, -0.0056919436901807785, 0.0, 0.0, 0.9981881976127625, -0.016307666897773743, 0.0, 0.0]","[1.0, 0.0, 1.0, 1.1431878805160522, 2.0, 0.21038134396076202, 0.01711621880531311, 0.28540128469467163]",-112.06929011209459
12.000000000000036,162.81761169433594,-173.59515380859375,15.606410026550293,-0.0009765625,0.6171875,"[0.4133375287055969, 1.0, 0.06578285992145538, 0.9895882606506348]","[0.0, 0.0, -0.0056919436901807785, 2.566666626080405e-05, -0.028373777866363525, 1.0, 0.016333334147930145, -0.0056919436901807785, 0.0, 0.0, 0.9981881976127625, -0.016307666897773743, 0.0, 0.0]","[1.0, 0.0, 1.0, 1.1431878805160522, 2.0, 0.21038134396076202, 0.01711621880531311, 0.28540128469467163]",-113.23569427639534
12.050000000000036,162.03515625,-173.60140991210938,15.678339958190918,-0.000823974609375,0.62109375,"[0.40861719846725464, 1.0, 0.06608527153730392, 0.9894548058509827]","[0.0, 0.0, -0.0056919436901807785, 2.566666626080405e-05, -0.028373777866363525, 1.0, 0.016333334147930145, -0.0056919436901807785, 0.0, 0.0, 0.9981881976127625, -0.016307666897773743, 0.0, 0.0]","[1.0, 0.0, 1.0, 1.1431878805160522, 2.0, 0.21038134396076202, 0.01711621880531311, 0.28540128469467163]",-114.88047830194108
12.100000000000037,161.24908447265625,-173.60752868652344,15.750940322875977,-0.000518798828125,0.625,"[0.40385276079177856, 1.0, 0.06698373705148697, 0.989218533039093]","[0.0, 0.0, -0.0056919436901807785, 2.566666626080405e-05, -0.028373777866363525, 1.0, 0.016333334147930145, -0.0056919436901807785, 0.0, 0.0, 0.9981881976127625, -0.016307666897773743, 0.0, 0.0]","[1.0, 0.0, 1.0, 1.1431878805160522, 2.0, 0.21038134396076202, 0.01711621880531311, 0.28540128469467163]",-116.10718167788765
12.150000000000038,160.45936584472656,-173.61361694335938,15.824250221252441,-0.000335693359375,0.625,"[0.39904189109802246, 1.0, 0.06623252481222153, 0.9882199764251709]","[0.0, 0.0, -0.0056919436901807785, 2.566666626080405e-05, -0.028373777866363525, 1.0, 0.016333334147930145, -0.0056919436901807785, 0.0, 0.0, 0.9981881976127625, -0.016307666897773743, 0.0, 0.0]","[1.0, 0.0, 1.0, 1.1431878805160522, 2.0, 0.21038134396076202, 0.01711621880531311, 0.28540128469467163]",-117.3417749384632
12.200000000000038,159.6659393310547,-173.61949157714844,15.898320198059082,-0.00128173828125,0.625,"[0.39418113231658936, 1.0, 0.07021626085042953, 0.9861307740211487]","[0.0, 0.0, -0.0056919436901807785, 2.566666626080405e-05, -0.028373777866363525, 1.0, 0.016333334147930145, -0.0056919436901807785, 0.0, 0.0, 0.9981881976127625, -0.016307666897773743, 0.0, 0.0]","[1.0, 0.0, 1.0, 1.1431878805160522, 2.0, 0.21038134396076202, 0.01711621880531311, 0.28540128469467163]",-118.57863467256061
12.250000000000039,158.86878967285156,-173.62513732910156,15.973139762878418,-0.00177001953125,0.62890625,"[0.3892711400985718, 1.0, 0.07210329920053482, 0.9880721569061279]","[0.0, 0.0, -0.0056919436901807785, 2.566666626080405e-05, -0.028373777866363525, 1.0, 0.016333334147930145, -0.0056919436901807785, 0.0, 0.0, 0.9981881976127625, -0.016307666897773743, 0.0, 0.0]","[1.0, 0.0, 1.0, 1.1431878805160522, 2.0, 0.21038134396076202, 0.01711621880531311, 0.28540128469467163]",-120.33336297093518
12.30000000000004,158.06787109375,-173.63059997558594,16.049110412597656,-0.0009765625,0.6328125,"[0.38428550958633423, 1.0, 0.07050196826457977, 0.9864214062690735]","[0.0, 0.0, -0.0056919436901807785, 2.566666626080405e-05, -0.028373777866363525, 1.0, 0.016333334147930145, -0.0056919436901807785, 0.0, 0.0, 0.9981881976127625, -0.016307666897773743, 0.0, 0.0]","[1.0, 0.0, 1.0, 1.1431878805160522, 2.0, 0.21038134396076202, 0.01711621880531311, 0.28540128469467163]",-121.65065672441757
12.35000000000004,157.2631072998047,-173.63601684570312,16.12611961364746,-0.00018310546875,0.6328125,"[0.3792318105697632, 1.0, 0.06946109980344772, 0.9869186282157898]","[0.0, 0.0, -0.0056919436901807785, 2.566666626080405e-05, -0.028373777866363525, 1.0, 0.016333334147930145, -0.0056919436901807785, 0.0, 0.0, 0.9981881976127625, -0.016307666897773743, 0.0, 0.0]","[1.0, 0.0, 1.0, 1.1431878805160522, 2.0, 0.21038134396076202, 0.01711621880531311, 0.28540128469467163]",-122.95328998287307
12.400000000000041,156.45445251464844,-173.64132690429688,16.204099655151367,0.000244140625,0.63671875,"[0.37411439418792725, 1.0, 0.06940571218729019, 0.9877162575721741]","[0.0, 0.0, -0.0056919436901807785, 2.566666626080405e-05, -0.028373777866363525, 1.0, 0.016333334147930145, -0.0056919436901807785, 0.0, 0.0, 0.9981881976127625, -0.016307666897773743, 0.0, 0.0]","[1.0, 0.0, 1.0, 1.1431878805160522, 2.0, 0.21038134396076202, 0.01711621880531311, 0.28540128469467163]",-124.05605623062817
12.450000000000042,155.64187622070312,-173.64663696289062,16.283000946044922,0.000457763671875,0.63671875,"[0.36893653869628906, 1.0, 0.06961800903081894, 0.9877862930297852]","[0.0, 0.0, -0.0056919436901807785, 2.566666626080405e-05, -0.028373777866363525, 1.0, 0.016333334147930145, -0.0056919436901807785, 0.0, 0.0, 0.9981881976127625, -0.016307666897773743, 0.0, 0.0]","[1.0, 0.0, 1.0, 1.1431878805160522, 2.0, 0.21038134396076202, 0.01711621880531311, 0.28540128469467163]",-125.26835509412788
12.500000000000043,154.82533264160156,-173.65199279785156,16.36248016357422,0.00054931640625,0.63671875,"[0.36372077465057373, 1.0, 0.07017802447080612, 0.9881836771965027]","[0.0, 0.0, -0.0056919436901807785, 2.566666626080405e-05, -0.028373777866363525, 1.0, 0.016333334147930145, -0.0056919436901807785, 0.0, 0.0, 0.9981881976127625, -0.016307666897773743, 0.0, 0.0]","[1.0, 0.0, 1.0, 1.1431878805160522, 2.0, 0.21038134396076202, 0.01711621880531311, 0.28540128469467163]",-126.26600362255606
12.550000000000043,154.0048370361328,-173.65728759765625,16.442270278930664,-3.0517578125e-05,0.63671875,"[0.3584846258163452, 1.0, 0.07148439437150955, 0.9874752759933472]","[0.0, 0.0, -0.0056919436901807785, 2.566666626080405e-05, -0.028373777866363525, 1.0, 0.016333334147930145, -0.0056919436901807785, 0.0, 0.0, 0.9981881976127625, -0.016307666897773743, 0.0, 0.0]","[1.0, 0.0, 1.0, 1.1431878805160522, 2.0, 0.21038134396076202, 0.01711621880531311, 0.28540128469467163]",-127.30176503734188
12.600000000000044,153.18031311035156,-173.66249084472656,16.522220611572266,-0.000823974609375,0.63671875,"[0.35323792695999146, 1.0, 0.0733349397778511, 0.9870374798774719]","[0.0, 0.0, -0.0056919436901807785, 2.566666626080405e-05, -0.028373777866363525, 1.0, 0.016333334147930145, -0.0056919436901807785, 0.0, 0.0, 0.9981881976127625, -0.016307666897773743, 0.0, 0.0]","[1.0, 0.0, 1.0, 1.1431878805160522, 2.0, 0.21038134396076202, 0.01711621880531311, 0.28540128469467163]",-128.35668710886392
12.650000000000045,152.351806640625,-173.6675567626953,16.60219955444336,-0.001251220703125,0.63671875,"[0.3479893207550049, 1.0, 0.07422813028097153, 0.988166868686676]","[0.0, 0.0, -0.0056919436901807785, 2.566666626080405e-05, -0.028373777866363525, 1.0, 0.016333334147930145, -0.0056919436901807785, 0.0, 0.0, 0.9981881976127625, -0.016307666897773743, 0.0, 0.0]","[1.0, 0.0, 1.0, 1.1431878805160522, 2.0, 0.21038134396076202, 0.01711621880531311, 0.28540128469467163]",-129.73915703468444
12.700000000000045,151.51930236816406,-173.67245483398438,16.682260513305664,-0.001251220703125,0.63671875,"[0.3427353501319885, 1.0, 0.07422109693288803, 0.9886293411254883]","[0.0, 0.0, -0.0056919436901807785, 2.566666626080405e-05, -0.028373777866363525, 1.0, 0.016333334147930145, -0.0056919436901807785, 0.0, 0.0, 0.9981881976127625, -0.016307666897773743, 0.0, 0.0]","[1.0, 0.0, 1.0, 1.1431878805160522, 2.0, 0.21038134396076202, 0.01711621880531311, 0.28540128469467163]",-130.80152446432297
12.750000000000046,150.6859893798828,-173.6772003173828,16.665239334106445,-0.001434326171875,0.63671875,"[0.3438524007797241, 1.0, 0.0020712106488645077, 0.8828268647193909]","[0.0, 0.0, -0.0056919436901807785, 2.566666626080405e-05, -0.028373777866363525, 1.0, 0.016333334147930145, -0.0056919436901807785, 0.0, 0.0, 0.9981881976127625, -0.016307666897773743, 0.0, 0.0]","[1.0, 0.0, 1.0, 1.1431878805160522, 2.0, 0.21038134396076202, 0.01711621880531311, 0.28540128469467163]",-131.84288714289403
12.800000000000047,149.8530731201172,-173.68153381347656,16.660480499267578,-0.003021240234375,0.63671875,"[0.3441646695137024, 1.0, 0.014490109868347645, 0.9827550649642944]","[0.0, 0.0, -0.0056919436901807785, 2.566666626080405e-05, -0.028373777866363525, 1.0, 0.016333334147930145, -0.0056919436901807785, 0.0, 0.0, 0.9981881976127625, -0.016307666897773743, 0.0, 0.0]","[1.0, 0.0, 1.0, 1.1431878805160522, 2.0, 0.21038134396076202, 0.01711621880531311, 0.28540128469467163]",-132.87078683451432
12.850000000000048,149.01553344726562,-173.6852569580078,16.830659866333008,-0.0050048828125,0.63671875,"[0.3329967260360718, 1.0, 0.1351499706506729, 0.7688845992088318]","[0.0, 0.0, -0.0056919436901807785, 2.566666626080405e-05, -0.028373777866363525, 1.0, 0.016333334147930145, -0.0056919436901807785, 0.0, 0.0, 0.9981881976127625, -0.016307666897773743, 0.0, 0.0]","[1.0, 0.0, 1.0, 1.1431878805160522, 2.0, 0.21038134396076202, 0.01711621880531311, 0.28540128469467163]",-134.15296112493854
12.900000000000048,148.16885375976562,-173.688232421875,16.988710403442383,-0.00531005859375,0.63671875,"[0.32262474298477173, 1.0, 0.15640218555927277, 0.963367760181427]","[0.0, 0.0, -0.0056919436901807785, 2.566666626080405e-05, -0.028373777866363525, 1.0, 0.016333334147930145, -0.0056919436901807785, 0.0, 0.0, 0.9981881976127625, -0.016307666897773743, 0.0, 0.0]","[1.0, 0.0, 1.0, 1.1431878805160522, 2.0, 0.21038134396076202, 0.01711621880531311, 0.28540128469467163]",-135.1993707171584
12.950000000000049,147.31529235839844,-173.69046020507812,17.115339279174805,-0.00518798828125,0.63671875,"[0.3143148422241211, 1.0, 0.12982681393623352, 0.9451982975006104]","[0.0, 0.0, -0.0056919436901807785, 2.566666626080405e-05, -0.028373777866363525, 1.0, 0.016333334147930145, -0.0056919436901807785, 0.0, 0.0, 0.9981881976127625, -0.016307666897773743, 0.0, 0.0]","[1.0, 0.0, 1.0, 1.1431878805160522, 2.0, 0.21038134396076202, 0.01711621880531311, 0.28540128469467163]",-136.25659852712144
13.00000000000005,146.4561309814453,-173.69178771972656,17.2214298248291,-0.005035400390625,0.63671875,"[0.3073526620864868, 1.0, 0.113063745200634, 0.960995614528656]","[0.0, 0.0, -0.0056919436901807785, 2.566666626080405e-05, -0.028373777866363525, 1.0, 0.016333334147930145, -0.0056919436901807785, 0.0, 0.0, 0.9981881976127625, -0.016307666897773743, 0.0, 0.0]","[1.0, 0.0, 1.0, 1.1431878805160522, 2.0, 0.21038134396076202, 0.01711621880531311, 0.28540128469467163]",-137.3253720440073
13.05000000000005,145.59214782714844,-173.69227600097656,17.31402015686035,-0.004364013671875,0.63671875,"[0.30127644538879395, 1.0, 0.10071428120136261, 0.9712886810302734]","[0.0, 0.0, -0.0056919436901807785, 2.566666626080405e-05, -0.028373777866363525, 1.0, 0.016333334147930145, -0.0056919436901807785, 0.0, 0.0, 0.9981881976127625, -0.016307666897773743, 0.0, 0.0]","[1.0, 0.0, 1.0, 1.1431878805160522, 2.0, 0.21038134396076202, 0.01711621880531311, 0.28540128469467163]",-138.6842966024375
13.100000000000051,144.72390747070312,-173.69192504882812,17.39776039123535,-0.0032958984375,0.63671875,"[0.2957810163497925, 1.0, 0.09099560230970383, 0.977511465549469]","[0.0, 0.0, -0.0056919436901807785, 2.566666626080405e-05, -0.028373777866363525, 1.0, 0.016333334147930145, -0.0056919436901807785, 0.0, 0.0, 0.9981881976127625, -0.016307666897773743, 0.0, 0.0]","[1.0, 0.0, 1.0, 1.1431878805160522, 2.0, 0.21038134396076202, 0.01711621880531311, 0.28540128469467163]",-139.78157495703425
13.150000000000052,143.85169982910156,-173.6907958984375,17.47563934326172,-0.001922607421875,0.63671875,"[0.2906702756881714, 1.0, 0.08258988708257675, 0.9811132550239563]","[0.0, 0.0, -0.0056919436901807785, 2.566666626080405e-05, -0.028373777866363525, 1.0, 0.016333334147930145, -0.0056919436901807785, 0.0, 0.0, 0.9981881976127625, -0.016307666897773743, 0.0, 0.0]","[1.0, 0.0, 1.0, 1.1431878805160522, 2.0, 0.21038134396076202, 0.01711621880531311, 0.28540128469467163]",-140.8914346970632
13.200000000000053,142.97573852539062,-173.68911743164062,17.549680709838867,-0.000335693359375,0.63671875,"[0.2858113646507263, 1.0, 0.07470814138650894, 0.9827775955200195]","[0.0, 0.0, -0.0056919436901807785, 2.566666626080405e-05, -0.028373777866363525, 1.0, 0.016333334147930145, -0.0056919436901807785, 0.0, 0.0, 0.9981881976127625, -0.016307666897773743, 0.0, 0.0]","[1.0, 0.0, 1.0, 1.1431878805160522, 2.0, 0.21038134396076202, 0.01711621880531311, 0.28540128469467163]",-142.0074956548431
13.250000000000053,142.09616088867188,-173.68702697753906,17.621139526367188,0.000885009765625,0.63671875,"[0.28112196922302246, 1.0, 0.06849934160709381, 0.9846606850624084]","[0.0, 0.0, -0.0056919436901807785, 2.566666626080405e-05, -0.028373777866363525, 1.0, 0.016333334147930145, -0.0056919436901807785, 0.0, 0.0, 0.9981881976127625, -0.016307666897773743, 0.0, 0.0]","[1.0, 0.0, 1.0, 1.1431878805160522, 2.0, 0.21038134396076202, 0.01711621880531311, 0.28540128469467163]",-143.44872703024149
13.300000000000054,141.2130889892578,-173.68467712402344,17.690879821777344,0.001556396484375,0.63671875,"[0.27654528617858887, 1.0, 0.06414372473955154, 0.9864217042922974]","[0.0, 0.0, -0.0056919436901807785, 2.566666626080405e-05, -0.028373777866363525, 1.0, 0.016333334147930145, -0.0056919436901807785, 0.0, 0.0, 0.9981881976127625, -0.016307666897773743, 0.0, 0.0]","[1.0, 0.0, 1.0, 1.1431878805160522, 2.0, 0.21038134396076202, 0.01711621880531311, 0.28540128469467163]",-144.6071913982258
13.350000000000055,140.32652282714844,-173.68226623535156,17.75946044921875,0.002593994140625,0.63671875,"[0.27204465866088867, 1.0, 0.062466371804475784, 0.9851056337356567]","[0.0, 0.0, -0.0056919436901807785, 2.566666626080405e-05, -0.028373777866363525, 1.0, 0.016333334147930145, -0.0056919436901807785, 0.0, 0.0, 0.9981881976127625, -0.016307666897773743, 0.0, 0.0]","[1.0, 0.0, 1.0, 1.1431878805160522, 2.0, 0.21038134396076202, 0.01711621880531311, 0.28540128469467163]",-145.7864656804871
13.400000000000055,139.4365692138672,-173.68002319335938,17.827220916748047,0.003326416015625,0.63671875,"[0.26759791374206543, 1.0, 0.06579648703336716, 0.9862194061279297]","[0.0, 0.0, -0.0056919436901807785, 2.566666626080405e-05, -0.028373777866363525, 1.0, 0.016333334147930145, -0.0056919436901807785, 0.0, 0.0, 0.9981881976127625, -0.016307666897773743, 0.0, 0.0]","[1.0, 0.0, 1.0, 1.1431878805160522, 2.0, 0.21038134396076202, 0.01711621880531311, 0.28540128469467163]",-146.98534582215078
13.450000000000056,138.54324340820312,-173.67807006835938,17.894420623779297,0.00396728515625,0.63671875,"[0.2631880044937134, 1.0, 0.06930725276470184, 0.986421525478363]","[0.0, 0.0, -0.0056919436901807785, 2.566666626080405e-05, -0.028373777866363525, 1.0, 0.016333334147930145, -0.0056919436901807785, 0.0, 0.0, 0.9981881976127625, -0.016307666897773743, 0.0, 0.0]","[1.0, 0.0, 1.0, 1.1431878805160522, 2.0, 0.21038134396076202, 0.01711621880531311, 0.28540128469467163]",-148.64697667323645
13.500000000000057,137.64654541015625,-173.67662048339844,17.961219787597656,0.004119873046875,0.63671875,"[0.2588043212890625, 1.0, 0.07148527354001999, 0.988068699836731]","[0.0, 0.0, -0.0056919436901807785, 2.566666626080405e-05, -0.028373777866363525, 1.0, 0.016333334147930145, -0.0056919436901807785, 0.0, 0.0, 0.9981881976127625, -0.016307666897773743, 0.0, 0.0]","[1.0, 0.0, 1.0, 1.1431878805160522, 2.0, 0.21038134396076202, 0.01711621880531311, 0.28540128469467163]",-149.95181311908678
13.550000000000058,136.74659729003906,-173.6755828857422,18.028409957885742,0.004119873046875,0.63671875,"[0.2543950080871582, 1.0, 0.07440351694822311, 0.9782127141952515]","[0.0, 0.0, -0.0056919436901807785, 2.566666626080405e-05, -0.028373777866363525, 1.0, 0.016333334147930145, -0.0056919436901807785, 0.0, 0.0, 0.9981881976127625, -0.016307666897773743, 0.0, 0.0]","[1.0, 0.0, 1.0, 1.1431878805160522, 2.0, 0.21038134396076202, 0.01711621880531311, 0.28540128469467163]",-151.29770411783738
13.600000000000058,135.84506225585938,-173.67271423339844,18.09865951538086,0.00396728515625,0.63671875,"[0.24978488683700562, 1.0, 0.08466417342424393, 0.8486267328262329]","[0.0, 0.0, -0.0056919436901807785, 2.566666626080405e-05, -0.028373777866363525, 1.0, 0.016333334147930145, -0.0056919436901807785, 0.0, 0.0, 0.9981881976127625, -0.016307666897773743, 0.0, 0.0]","[1.0, 0.0, 1.0, 1.1431878805160522, 2.0, 0.21038134396076202, 0.01711621880531311, 0.28540128469467163]",-152.64771701041184
13.650000000000059,134.94288635253906,-173.67404174804688,18.169139862060547,0.0035400390625,0.63671875,"[0.24515968561172485, 1.0, 0.0747947245836258, 0.8765801787376404]","[0.0, 0.0, -0.0056919436901807785, 2.566666626080405e-05, -0.028373777866363525, 1.0, 0.016333334147930145, -0.0056919436901807785, 0.0, 0.0, 0.9981881976127625, -0.016307666897773743, 0.0, 0.0]","[1.0, 0.0, 1.0, 1.1431878805160522, 2.0, 0.21038134396076202, 0.01711621880531311, 0.28540128469467163]",-154.55698301741216
13.70000000000006,134.0353546142578,-173.67588806152344,18.23493003845215,0.002899169921875,0.61328125,"[0.2408422827720642, 1.0, 0.07048000395298004, 0.8862446546554565]","[0.0, 0.0, -0.0056919436901807785, 2.566666626080405e-05, -0.028373777866363525, 1.0, 0.016333334147930145, -0.0056919436901807785, 0.0, 0.0, 0.9981881976127625, -0.016307666897773743, 0.0, 0.0]","[1.0, 0.0, 1.0, 1.1431878805160522, 2.0, 0.21038134396076202, 0.01711621880531311, 0.28540128469467163]",-155.9809239156538
13.75000000000006,133.12217712402344,-173.67630004882812,18.297840118408203,0.0020751953125,0.609375,"[0.23671376705169678, 1.0, 0.07410065829753876, 0.8702263832092285]","[0.0, 0.0, -0.0056919436901807785, 2.566666626080405e-05, -0.028373777866363525, 1.0, 0.016333334147930145, -0.0056919436901807785, 0.0, 0.0, 0.9981881976127625, -0.016307666897773743, 0.0, 0.0]","[1.0, 0.0, 1.0, 1.1431878805160522, 2.0, 0.21038134396076202, 0.01711621880531311, 0.28540128469467163]",-157.40868055629096
13.800000000000061,132.2021942138672,-173.67909240722656,18.355060577392578,0.0013427734375,0.609375,"[0.23295873403549194, 1.0, 0.0640905499458313, 0.9824511408805847]","[0.0, 0.0, -0.0056919436901807785, 2.566666626080405e-05, -0.028373777866363525, 1.0, 0.016333334147930145, -0.0056919436901807785, 0.0, 0.0, 0.9981881976127625, -0.016307666897773743, 0.0, 0.0]","[1.0, 0.0, 1.0, 1.1431878805160522, 2.0, 0.21038134396076202, 0.01711621880531311, 0.28540128469467163]",-158.83745074784244
13.850000000000062,131.28070068359375,-173.68324279785156,18.41390037536621,0.001068115234375,0.609375,"[0.2290974259376526, 1.0, 0.06343955546617508, 0.8677296042442322]","[0.0, 0.0, -0.0056919436901807785, 2.566666626080405e-05, -0.028373777866363525, 1.0, 0.016333334147930145, -0.0056919436901807785, 0.0, 0.0, 0.9981881976127625, -0.016307666897773743, 0.0, 0.0]","[1.0, 0.0, 1.0, 1.1431878805160522, 2.0, 0.21038134396076202, 0.01711621880531311, 0.28540128469467163]",-160.84700359638433
13.900000000000063,130.35739135742188,-173.68777465820312,18.472930908203125,0.001007080078125,0.609375,"[0.2252236008644104, 1.0, 0.06503428518772125, 0.9606812596321106]","[0.0, 0.0, -0.0056919436901807785, 2.566666626080405e-05, -0.028373777866363525, 1.0, 0.016333334147930145, -0.0056919436901807785, 0.0, 0.0, 0.9981881976127625, -0.016307666897773743, 0.0, 0.0]","[1.0, 0.0, 1.0, 1.1431878805160522, 2.0, 0.21038134396076202, 0.01711621880531311, 0.28540128469467163]",-162.27523167850046
13.950000000000063,129.43142700195312,-173.69216918945312,18.528079986572266,0.001007080078125,0.609375,"[0.22160446643829346, 1.0, 0.06526768952608109, 0.9708269834518433]","[0.0, 0.0, -0.0056919436901807785, 2.566666626080405e-05, -0.028373777866363525, 1.0, 0.016333334147930145, -0.0056919436901807785, 0.0, 0.0, 0.9981881976127625, -0.016307666897773743, 0.0, 0.0]","[1.0, 0.0, 1.0, 1.1431878805160522, 2.0, 0.21038134396076202, 0.01711621880531311, 0.28540128469467163]",-163.5924553000373
14.000000000000064,128.501220703125,-173.69338989257812,18.574169158935547,0.001068115234375,0.609375,"[0.21857982873916626, 1.0, 0.08980967104434967, 0.928439199924469]","[0.0, 0.0, -0.0056919436901807785, 2.566666626080405e-05, -0.028373777866363525, 1.0, 0.016333334147930145, -0.0056919436901807785, 0.0, 0.0, 0.9981881976127625, -0.016307666897773743, 0.0, 0.0]","[1.0, 0.0, 1.0, 1.1431878805160522, 2.0, 0.21038134396076202, 0.01711621880531311, 0.28540128469467163]",-164.9774582213067
14.050000000000065,127.56700134277344,-173.69921875,18.61893081665039,0.001068115234375,0.609375,"[0.21564239263534546, 1.0, 0.07582724094390869, 0.9760666489601135]","[0.0, 0.0, -0.0056919436901807785, 2.566666626080405e-05, -0.028373777866363525, 1.0, 0.016333334147930145, -0.0056919436901807785, 0.0, 0.0, 0.9981881976127625, -0.016307666897773743, 0.0, 0.0]","[1.0, 0.0, 1.0, 1.1431878805160522, 2.0, 0.21038134396076202, 0.01711621880531311, 0.28540128469467163]",-166.82836624395014
14.100000000000065,126.6297836303711,-173.71177673339844,18.663639068603516,0.001068115234375,0.6015625,"[0.21270841360092163, 1.0, 0.05696482956409454, 0.9221779108047485]","[0.0, 0.0, -0.0056919436901807785, 2.566666626080405e-05, -0.028373777866363525, 1.0, 0.016333334147930145, -0.0056919436901807785, 0.0, 0.0, 0.9981881976127625, -0.016307666897773743, 0.0, 0.0]","[1.0, 0.0, 1.0, 1.1431878805160522, 2.0, 0.21038134396076202, 0.01711621880531311, 0.28540128469467163]",-168.22962588288172
14.150000000000066,125.69290924072266,-173.72154235839844,18.70755958557129,0.001068115234375,0.6015625,"[0.20982617139816284, 1.0, 0.03904659301042557, 0.9737362265586853]","[0.0, 0.0, -0.0056919436901807785, 2.566666626080405e-05, -0.028373777866363525, 1.0, 0.016333334147930145, -0.0056919436901807785, 0.0, 0.0, 0.9981881976127625, -0.016307666897773743, 0.0, 0.0]","[1.0, 0.0, 1.0, 1.1431878805160522, 2.0, 0.21038134396076202, 0.01711621880531311, 0.28540128469467163]",-169.66016442513808
14.200000000000067,124.7569808959961,-173.73089599609375,18.75558090209961,0.00091552734375,0.59765625,"[0.2066747546195984, 1.0, 0.053525712341070175, 0.9435786604881287]","[0.0, 0.0, -0.0056919436901807785, 2.566666626080405e-05, -0.028373777866363525, 1.0, 0.016333334147930145, -0.0056919436901807785, 0.0, 0.0, 0.9981881976127625, -0.016307666897773743, 0.0, 0.0]","[1.0, 0.0, 1.0, 1.1431878805160522, 2.0, 0.21038134396076202, 0.01711621880531311, 0.28540128469467163]",-171.10119375434127
14.250000000000068,123.82118225097656,-173.74375915527344,18.80487060546875,0.000885009765625,0.59765625,"[0.20344018936157227, 1.0, 0.058226365596055984, 0.944818377494812]","[0.0, 0.0, -0.0056919436901807785, 2.566666626080405e-05, -0.028373777866363525, 1.0, 0.016333334147930145, -0.0056919436901807785, 0.0, 0.0, 0.9981881976127625, -0.016307666897773743, 0.0, 0.0]","[1.0, 0.0, 1.0, 1.1431878805160522, 2.0, 0.21038134396076202, 0.01711621880531311, 0.28540128469467163]",-173.07811578234353
14.300000000000068,122.88316345214844,-173.75657653808594,18.8546199798584,0.000885009765625,0.59375,"[0.20017540454864502, 1.0, 0.0646008774638176, 0.969865620136261]","[0.0, 0.0, -0.0056919436901807785, 2.566666626080405e-05, -0.028373777866363525, 1.0, 0.016333334147930145, -0.0056919436901807785, 0.0, 0.0, 0.9981881976127625, -0.016307666897773743, 0.0, 0.0]","[1.0, 0.0, 1.0, 1.1431878805160522, 2.0, 0.21038134396076202, 0.01711621880531311, 0.28540128469467163]",-174.51268417062934
14.350000000000069,121.94156646728516,-173.7668914794922,18.903820037841797,0.000885009765625,0.59375,"[0.19694668054580688, 1.0, 0.051292311400175095, 0.971202552318573]","[0.0, 0.0, -0.0056919436901807785, 2.566666626080405e-05, -0.028373777866363525, 1.0, 0.016333334147930145, -0.0056919436901807785, 0.0, 0.0, 0.9981881976127625, -0.016307666897773743, 0.0, 0.0]","[1.0, 0.0, 1.0, 1.1431878805160522, 2.0, 0.21038134396076202, 0.01711621880531311, 0.28540128469467163]",-176.0256899768572
14.40000000000007,120.99618530273438,-173.77542114257812,18.95186996459961,0.0008544921875,0.58984375,"[0.19379347562789917, 1.0, 0.04838681221008301, 0.9745344519615173]","[0.0, 0.0, -0.0056919436901807785, 2.566666626080405e-05, -0.028373777866363525, 1.0, 0.016333334147930145, -0.0056919436901807785, 0.0, 0.0, 0.9981881976127625, -0.016307666897773743, 0.0, 0.0]","[1.0, 0.0, 1.0, 1.1431878805160522, 2.0, 0.21038134396076202, 0.01711621880531311, 0.28540128469467163]",-177.55839458622722
14.45000000000007,120.04769897460938,-173.78378295898438,18.99897003173828,0.000244140625,0.58984375,"[0.19070255756378174, 1.0, 0.0486312098801136, 0.9654914140701294]","[0.0, 0.0, -0.0056919436901807785, 2.566666626080405e-05, -0.028373777866363525, 1.0, 0.016333334147930145, -0.0056919436901807785, 0.0, 0.0, 0.9981881976127625, -0.016307666897773743, 0.0, 0.0]","[1.0, 0.0, 1.0, 1.1431878805160522, 2.0, 0.21038134396076202, 0.01711621880531311, 0.28540128469467163]",-179.24988416444867
14.500000000000071,119.09657287597656,-173.79237365722656,19.045040130615234,-9.1552734375e-05,0.58203125,"[0.18767917156219482, 1.0, 0.04604395851492882, 0.9772080183029175]","[0.0, 0.0, -0.0056919436901807785, 2.566666626080405e-05, -0.028373777866363525, 1.0, 0.016333334147930145, -0.0056919436901807785, 0.0, 0.0, 0.9981881976127625, -0.016307666897773743, 0.0, 0.0]","[1.0, 0.0, 1.0, 1.1431878805160522, 2.0, 0.21038134396076202, 0.01711621880531311, 0.28540128469467163]",-180.51721118391407
14.550000000000072,118.14305114746094,-173.8012237548828,19.08892059326172,-0.000213623046875,0.56640625,"[0.18479955196380615, 1.0, 0.04257362335920334, 0.9839674830436707]","[0.0, 0.0, -0.0056919436901807785, 2.566666626080405e-05, -0.028373777866363525, 1.0, 0.016333334147930145, -0.0056919436901807785, 0.0, 0.0, 0.9981881976127625, -0.016307666897773743, 0.0, 0.0]","[1.0, 0.0, 1.0, 1.1431878805160522, 2.0, 0.21038134396076202, 0.01711621880531311, 0.28540128469467163]",-181.79133719548122
14.600000000000072,117.18741607666016,-173.81027221679688,19.129289627075195,-0.000213623046875,0.55078125,"[0.18215036392211914, 1.0, 0.038413625210523605, 0.98752361536026]","[0.0, 0.0, -0.0056919436901807785, 2.566666626080405e-05, -0.028373777866363525, 1.0, 0.016333334147930145, -0.0056919436901807785, 0.0, 0.0, 0.9981881976127625, -0.016307666897773743, 0.0, 0.0]","[1.0, 0.0, 1.0, 1.1431878805160522, 2.0, 0.21038134396076202, 0.01711621880531311, 0.28540128469467163]",-183.09922245131548
14.650000000000073,116.22987365722656,-173.81947326660156,19.165769577026367,-0.000213623046875,0.54296875,"[0.17975640296936035, 1.0, 0.03408483788371086, 0.9894720911979675]","[0.0, 0.0, -0.0056919436901807785, 2.566666626080405e-05, -0.028373777866363525, 1.0, 0.016333334147930145, -0.0056919436901807785, 0.0, 0.0, 0.9981881976127625, -0.016307666897773743, 0.0, 0.0]","[1.0, 0.0, 1.0, 1.1431878805160522, 2.0, 0.21038134396076202, 0.01711621880531311, 0.28540128469467163]",-184.88503267875365
14.700000000000074,115.27061462402344,-173.82875061035156,19.19841957092285,-0.000213623046875,0.53125,"[0.1776137351989746, 1.0, 0.029955603182315826, 0.9907114505767822]","[0.0, 0.0, -0.0056919436901807785, 2.566666626080405e-05, -0.028373777866363525, 1.0, 0.016333334147930145, -0.0056919436901807785, 0.0, 0.0, 0.9981881976127625, -0.016307666897773743, 0.0, 0.0]","[1.0, 0.0, 1.0, 1.1431878805160522, 2.0, 0.21038134396076202, 0.01711621880531311, 0.28540128469467163]",-186.28738619951636
14.750000000000075,114.30988311767578,-173.8380889892578,19.226999282836914,-0.000213623046875,0.51953125,"[0.17573821544647217, 1.0, 0.025773627683520317, 0.9911947250366211]","[0.0, 0.0, -0.0056919436901807785, 2.566666626080405e-05, -0.028373777866363525, 1.0, 0.016333334147930145, -0.0056919436901807785, 0.0, 0.0, 0.9981881976127625, -0.016307666897773743, 0.0, 0.0]","[1.0, 0.0, 1.0, 1.1431878805160522, 2.0, 0.21038134396076202, 0.01711621880531311, 0.28540128469467163]",-187.72577831142442
14.800000000000075,113.34783935546875,-173.847412109375,19.25111961364746,-0.000213623046875,0.50390625,"[0.17415529489517212, 1.0, 0.021385934203863144, 0.9913925528526306]","[0.0, 0.0, -0.0056919436901807785, 2.566666626080405e-05, -0.028373777866363525, 1.0, 0.016333334147930145, -0.0056919436901807785, 0.0, 0.0, 0.9981881976127625, -0.016307666897773743, 0.0, 0.0]","[1.0, 0.0, 1.0, 1.1431878805160522, 2.0, 0.21038134396076202, 0.01711621880531311, 0.28540128469467163]",-188.65353309194592
