sim_time,x,y,speed,steer,throttle,style_scores,alert_state,alert_raw,alert_score
0.05,227.07386779785156,-172.86415100097656,0.9800000190734863,-0.01434326171875,0.20000000298023224,"[0.6268119812011719, 0.24779999256134033, 0.0, 0.9425298571586609]","[0.0, 0.0, -0.0056919436901807785, 2.566666626080405e-05, -0.028997546061873436, 1.0, 0.016333334147930145, -0.0056919436901807785, 0.0, 0.0, 0.9981881976127625, -0.016307666897773743, 0.0, 0.0]","[1.0, 0.0, 1.0, 1.702134609222412, 0.0, 0.03485121205449104, 0.22474192082881927, 0.8082088828086853]",1.0
0.1,227.07386779785156,-172.86415100097656,1.4700000286102295,-0.01434326171875,0.20000000298023224,"[0.6589679718017578, 0.3716000020503998, 0.0, 0.9659090638160706]","[0.0, 0.0, -0.0056919436901807785, 2.566666626080405e-05, -0.028997546061873436, 1.0, 0.016333334147930145, -0.0056919436901807785, 0.0, 0.0, 0.9981881976127625, -0.016307666897773743, 0.0, 0.0]","[1.0, 0.0, 1.0, 1.702134609222412, 0.0, 0.03485121205449104, 0.22474192082881927, 0.8082088828086853]",1.0
0.15000000000000002,227.07386779785156,-172.86415100097656,1.9600000381469727,-0.01434326171875,0.3055572509765625,"[0.6911239624023438, 0.4300999939441681, 0.0, 0.9659090042114258]","[0.0, 0.0, -0.0056919436901807785, 2.566666626080405e-05, -0.028997546061873436, 1.0, 0.016333334147930145, -0.0056919436901807785, 0.0, 0.0, 0.9981881976127625, -0.016307666897773743, 0.0, 0.0]","[1.0, 0.0, 1.0, 1.702134609222412, 0.0, 0.03485121205449104, 0.22474192082881927, 0.8082088828086853]",1.0
0.2,227.07386779785156,-172.86415100097656,1.796090006828308,-0.01434326171875,0.3055572509765625,"[0.6803674697875977, 0.4077000021934509, 4.3956040940429375e-07, 0.5231031775474548]","[0.0, 0.0, -0.0056919436901807785, 2.566666626080405e-05, -0.028997546061873436, 1.0, 0.016333334147930145, -0.0056919436901807785, 0.0, 0.0, 0.9981881976127625, -0.016307666897773743, 0.0, 0.0]","[1.0, 0.0, 1.0, 1.702134609222412, 0.0, 0.03485121205449104, 0.22474192082881927, 0.8082088828086853]",1.0
0.25,227.07386779785156,-172.86415100097656,0.9435200095176697,-0.01434326171875,0.3055572509765625,"[0.6244180202484131, 0.19920000433921814, 0.0, 0.5113636255264282]","[0.0, 0.0, -0.0056919436901807785, 2.566666626080405e-05, -0.028997546061873436, 1.0, 0.016333334147930145, -0.0056919436901807785, 0.0, 0.0, 0.9981881976127625, -0.016307666897773743, 0.0, 0.0]","[1.0, 0.0, 1.0, 1.702134609222412, 0.0, 0.03485121205449104, 0.22474192082881927, 0.8082088828086853]",0.9770043821868459
0.3,227.07386779785156,-172.86415100097656,0.4353399872779846,-0.01434326171875,0.3055572509765625,"[0.5910689830780029, 0.09539999812841415, 0.0, 0.6528287529945374]","[0.0, 0.0, -0.0056919436901807785, 2.566666626080405e-05, -0.028997546061873436, 1.0, 0.016333334147930145, -0.0056919436901807785, 0.0, 0.0, 0.9981881976127625, -0.016307666897773743, 0.0, 0.0]","[1.0, 0.0, 1.0, 1.702134609222412, 0.0, 0.03485121205449104, 0.22474192082881927, 0.8082088828086853]",0.8870983296653221
0.35,227.07386779785156,-172.86415100097656,0.14326000213623047,-0.01434326171875,0.3055572509765625,"[0.5719013810157776, 0.032099999487400055, 0.0, 0.7694510817527771]","[0.0, 0.0, -0.0056919436901807785, 2.566666626080405e-05, -0.028997546061873436, 1.0, 0.016333334147930145, -0.0056919436901807785, 0.0, 0.0, 0.9981881976127625, -0.016307666897773743, 0.0, 0.0]","[1.0, 0.0, 1.0, 1.702134609222412, 0.0, 0.03485121205449104, 0.22474192082881927, 0.8082088828086853]",0.7890331566875155
0.39999999999999997,227.07386779785156,-172.86415100097656,0.01549999974668026,-0.01434326171875,0.380950927734375,"[0.5635172128677368, 0.003100000089034438, 0.0, 0.8613767027854919]","[0.0, 0.0, -0.0056919436901807785, 2.566666626080405e-05, -0.028997546061873436, 1.0, 0.016333334147930145, -0.0056919436901807785, 0.0, 0.0, 0.9981881976127625, -0.016307666897773743, 0.0, 0.0]","[1.0, 0.0, 1.0, 1.702134609222412, 0.0, 0.03485121205449104, 0.22474192082881927, 0.8082088828086853]",0.5644315267367046
0.44999999999999996,227.07386779785156,-172.86415100097656,0.09382999688386917,-0.01434326171875,0.59765625,"[0.5686575174331665, 0.012400000356137753, 0.0, 0.8934793472290039]","[0.0, 0.0, -0.0056919436901807785, 2.566666626080405e-05, -0.028997546061873436, 1.0, 0.016333334147930145, -0.0056919436901807785, 0.0, 0.0, 0.9981881976127625, -0.016307666897773743, 0.0, 0.0]","[1.0, 0.0, 1.0, 1.702134609222412, 0.0, 0.03485121205449104, 0.22474192082881927, 0.8082088828086853]",0.37812901902838547
0.49999999999999994,227.07386779785156,-172.86415100097656,0.1251399964094162,-0.01434326171875,0.83203125,"[0.5707122683525085, 0.007000000216066837, 0.0, 0.9302518963813782]","[0.0, 0.0, -0.0056919436901807785, 2.566666626080405e-05, -0.028997546061873436, 1.0, 0.016333334147930145, -0.0056919436901807785, 0.0, 0.0, 0.9981881976127625, -0.016307666897773743, 0.0, 0.0]","[1.0, 0.0, 1.0, 1.702134609222412, 0.0, 0.03485121205449104, 0.22474192082881927, 0.8082088828086853]",0.1598017475988872
0.5499999999999999,227.07386779785156,-172.86415100097656,0.1301800012588501,-0.01434326171875,1.0,"[0.5710430145263672, 0.0, 4.3956040940429375e-07, 0.9754351377487183]","[0.0, 0.0, -0.0056919436901807785, 2.566666626080405e-05, -0.028997546061873436, 1.0, 0.016333334147930145, -0.0056919436901807785, 0.0, 0.0, 0.9981881976127625, -0.016307666897773743, 0.0, 0.0]","[1.0, 0.0, 1.0, 1.702134609222412, 0.0, 0.03485121205449104, 0.22474192082881927, 0.8082088828086853]",-0.08199443414522967
0.6,227.07386779785156,-172.86415100097656,0.12161000072956085,-0.01434326171875,1.0,"[0.5704805850982666, 0.0, 4.3956040940429375e-07, 0.9864626526832581]","[0.0, 0.0, -0.0056919436901807785, 2.566666626080405e-05, -0.028997546061873436, 1.0, 0.016333334147930145, -0.0056919436901807785, 0.0, 0.0, 0.9981881976127625, -0.016307666897773743, 0.0, 0.0]","[1.0, 0.0, 1.0, 1.702134609222412, 0.0, 0.03485121205449104, 0.22474192082881927, 0.8082088828086853]",-0.35386131677959165
0.65,227.07386779785156,-172.86415100097656,0.10694999992847443,-0.01434326171875,1.0,"[0.5695185661315918, 0.0, 0.0, 0.992457389831543]","[0.0, 0.0, -0.0056919436901807785, 2.566666626080405e-05, -0.028997546061873436, 1.0, 0.016333334147930145, -0.0056919436901807785, 0.0, 0.0, 0.9981881976127625, -0.016307666897773743, 0.0, 0.0]","[1.0, 0.0, 1.0, 1.702134609222412, 0.0, 0.03485121205449104, 0.22474192082881927, 0.8082088828086853]",-0.9521804425763247
0.7000000000000001,227.07386779785156,-172.86415100097656,0.09047999978065491,-0.01434326171875,1.0,"[0.5684376955032349, 0.0, 0.0, 0.9961097240447998]","[0.0, 0.0, -0.0056919436901807785, 2.566666626080405e-05, -0.028997546061873436, 1.0, 0.016333334147930145, -0.0056919436901807785, 0.0, 0.0, 0.9981881976127625, -0.016307666897773743, 0.0, 0.0]","[1.0, 0.0, 1.0, 1.702134609222412, 0.0, 0.03485121205449104, 0.22474192082881927, 0.8082088828086853]",-1.2618367536694457
0.7500000000000001,227.07383728027344,-172.86415100097656,0.07452999800443649,-0.01434326171875,1.0,"[0.567391037940979, 0.0, 0.0020729671232402325, 0.9953895807266235]","[0.0, 0.0, -0.0056919436901807785, 2.566666626080405e-05, -0.028997546061873436, 1.0, 0.016333334147930145, -0.0056919436901807785, 0.0, 0.0, 0.9981881976127625, -0.016307666897773743, 0.0, 0.0]","[1.0, 0.0, 1.0, 1.702134609222412, 0.0, 0.03485121205449104, 0.22474192082881927, 0.8082088828086853]",-1.581728811169472
0.8000000000000002,227.0584259033203,-172.86412048339844,0.4630900025367737,-0.01434326171875,1.0,"[0.5928900241851807, 0.0, 0.4061129689216614, 0.4831978380680084]","[0.0, 0.0, -0.0056919436901807785, 2.566666626080405e-05, -0.028997546061873436, 1.0, 0.016333334147930145, -0.0056919436901807785, 0.0, 0.0, 0.9981881976127625, -0.016307666897773743, 0.0, 0.0]","[1.0, 0.0, 1.0, 1.702134609222412, 0.0, 0.03485121205449104, 0.22474192082881927, 0.8082088828086853]",-2.2315225423727147
0.8500000000000002,227.02337646484375,-172.864013671875,0.8164399862289429,-0.01434326171875,1.0,"[0.6160784363746643, 0.0, 0.3173424005508423, 0.8452731966972351]","[0.0, 0.0, -0.0056919436901807785, 2.566666626080405e-05, -0.028997546061873436, 1.0, 0.016333334147930145, -0.0056919436901807785, 0.0, 0.0, 0.9981881976127625, -0.016307666897773743, 0.0, 0.0]","[1.0, 0.0, 1.0, 1.702134609222412, 0.0, 0.03485121205449104, 0.22474192082881927, 0.8082088828086853]",-2.543440902000936
0.9000000000000002,226.97341918945312,-172.8639678955078,1.095329999923706,-0.01434326171875,1.0,"[0.6343804597854614, 0.0, 0.25026240944862366, 0.8732530474662781]","[0.0, 0.0, -0.0056919436901807785, 2.566666626080405e-05, -0.028997546061873436, 1.0, 0.016333334147930145, -0.0056919436901807785, 0.0, 0.0, 0.9981881976127625, -0.016307666897773743, 0.0, 0.0]","[1.0, 0.0, 1.0, 1.702134609222412, 0.0, 0.03485121205449104, 0.22474192082881927, 0.8082088828086853]",-2.85812958505638
0.9500000000000003,226.91172790527344,-172.8637237548828,1.3034299612045288,-0.01434326171875,1.0,"[0.6480369567871094, 0.0, 0.18578284978866577, 0.885764479637146]","[0.0, 0.0, -0.0056919436901807785, 2.566666626080405e-05, -0.028997546061873436, 1.0, 0.016333334147930145, -0.0056919436901807785, 0.0, 0.0, 0.9981881976127625, -0.016307666897773743, 0.0, 0.0]","[1.0, 0.0, 1.0, 1.702134609222412, 0.0, 0.03485121205449104, 0.22474192082881927, 0.8082088828086853]",-3.173193943199899
1.0000000000000002,226.83859252929688,-172.86343383789062,1.5179100036621094,-0.01434326171875,1.0,"[0.6621120572090149, 0.0, 0.19094109535217285, 0.9617671370506287]","[0.0, 0.0, -0.0056919436901807785, 2.566666626080405e-05, -0.028997546061873436, 1.0, 0.016333334147930145, -0.0056919436901807785, 0.0, 0.0, 0.9981881976127625, -0.016307666897773743, 0.0, 0.0]","[1.0, 0.0, 1.0, 1.702134609222412, 0.0, 0.03485121205449104, 0.22474192082881927, 0.8082088828086853]",-3.4936562090671295
1.0500000000000003,226.75439453125,-172.8630828857422,1.749959945678711,-0.01434326171875,1.0,"[0.6773402094841003, 0.0, 0.20841404795646667, 0.946021318435669]","[0.0, 0.0, -0.0056919436901807785, 2.566666626080405e-05, -0.028997546061873436, 1.0, 0.016333334147930145, -0.0056919436901807785, 0.0, 0.0, 0.9981881976127625, -0.016307666897773743, 0.0, 0.0]","[1.0, 0.0, 1.0, 1.702134609222412, 0.0, 0.03485121205449104, 0.22474192082881927, 0.8082088828086853]",-4.241710617077911
1.1000000000000003,226.6605224609375,-172.8626708984375,1.9658399820327759,-0.01434326171875,1.0,"[0.6915072202682495, 0.0, 0.19339075684547424, 0.9510363936424255]","[0.0, 0.0, -0.0056919436901807785, 2.566666626080405e-05, -0.028997546061873436, 1.0, 0.016333334147930145, -0.0056919436901807785, 0.0, 0.0, 0.9981881976127625, -0.016307666897773743, 0.0, 0.0]","[1.0, 0.0, 1.0, 1.702134609222412, 0.0, 0.03485121205449104, 0.22474192082881927, 0.8082088828086853]",-4.597376400195623
1.1500000000000004,226.5535888671875,-172.86212158203125,2.253429889678955,-0.01434326171875,1.0,"[0.7103801965713501, 0.0, 0.2588030695915222, 0.8802177906036377]","[0.0, 0.0, -0.0056919436901807785, 2.566666626080405e-05, -0.028997546061873436, 1.0, 0.016333334147930145, -0.0056919436901807785, 0.0, 0.0, 0.9981881976127625, -0.016307666897773743, 0.0, 0.0]","[1.0, 0.0, 1.0, 1.702134609222412, 0.0, 0.03485121205449104, 0.22474192082881927, 0.8082088828086853]",-4.962117132935259
1.2000000000000004,226.43101501464844,-172.86143493652344,2.5745201110839844,-0.01434326171875,1.0,"[0.7314515113830566, 0.0, 0.2875041663646698, 0.9258065223693848]","[0.0, 0.0, -0.0056919436901807785, 2.566666626080405e-05, -0.028997546061873436, 1.0, 0.016333334147930145, -0.0056919436901807785, 0.0, 0.0, 0.9981881976127625, -0.016307666897773743, 0.0, 0.0]","[1.0, 0.0, 1.0, 1.702134609222412, 0.0, 0.03485121205449104, 0.22474192082881927, 0.8082088828086853]",-5.344095232820374
1.2500000000000004,226.29136657714844,-172.86056518554688,2.930039882659912,-0.01434326171875,1.0,"[0.7547823190689087, 0.0, 0.31920748949050903, 0.9249967932701111]","[0.0, 0.0, -0.0056919436901807785, 2.566666626080405e-05, -0.028997546061873436, 1.0, 0.016333334147930145, -0.0056919436901807785, 0.0, 0.0, 0.9981881976127625, -0.016307666897773743, 0.0, 0.0]","[1.0, 0.0, 1.0, 1.702134609222412, 0.0, 0.03485121205449104, 0.22474192082881927, 0.8082088828086853]",-6.213810276951109
1.3000000000000005,226.1324920654297,-172.8594512939453,3.3278698921203613,-0.01434326171875,1.0,"[0.7808897495269775, 0.0, 0.35699909925460815, 0.9155989289283752]","[0.0, 0.0, -0.0056919436901807785, 2.566666626080405e-05, -0.028997546061873436, 1.0, 0.016333334147930145, -0.0056919436901807785, 0.0, 0.0, 0.9981881976127625, -0.016307666897773743, 0.0, 0.0]","[1.0, 0.0, 1.0, 1.702134609222412, 0.0, 0.03485121205449104, 0.22474192082881927, 0.8082088828086853]",-6.543980659553284
1.3500000000000005,225.95425415039062,-172.85806274414062,3.7025299072265625,-0.01434326171875,1.0,"[0.8054765462875366, 0.0, 0.3373432755470276, 0.9382346868515015]","[0.0, 0.0, -0.0056919436901807785, 2.566666626080405e-05, -0.028997546061873436, 1.0, 0.016333334147930145, -0.0056919436901807785, 0.0, 0.0, 0.9981881976127625, -0.016307666897773743, 0.0, 0.0]","[1.0, 0.0, 1.0, 1.702134609222412, 0.0, 0.03485121205449104, 0.22474192082881927, 0.8082088828086853]",-6.951759856037949
1.4000000000000006,225.75804138183594,-172.85633850097656,4.058229923248291,-0.01434326171875,1.0,"[0.828819215297699, 0.0, 0.32130327820777893, 0.9432151317596436]","[0.0, 0.0, -0.0056919436901807785, 2.566666626080405e-05, -0.028997546061873436, 1.0, 0.016333334147930145, -0.0056919436901807785, 0.0, 0.0, 0.9981881976127625, -0.016307666897773743, 0.0, 0.0]","[1.0, 0.0, 1.0, 1.702134609222412, 0.0, 0.03485121205449104, 0.22474192082881927, 0.8082088828086853]",-7.352083515896469
1.4500000000000006,225.5443572998047,-172.854248046875,4.407529830932617,-0.01434326171875,1.0,"[0.8517418503761292, 0.0, 0.31640878319740295, 0.9580274820327759]","[0.0, 0.0, -0.0056919436901807785, 2.566666626080405e-05, -0.028997546061873436, 1.0, 0.016333334147930145, -0.0056919436901807785, 0.0, 0.0, 0.9981881976127625, -0.016307666897773743, 0.0, 0.0]","[1.0, 0.0, 1.0, 1.702134609222412, 0.0, 0.03485121205449104, 0.22474192082881927, 0.8082088828086853]",-8.315930042951821
1.5000000000000007,225.31333923339844,-172.8517608642578,4.756080150604248,-0.01434326171875,1.0,"[0.8746152520179749, 0.0, 0.3165331780910492, 0.9642376899719238]","[0.0, 0.0, -0.0056919436901807785, 2.566666626080405e-05, -0.028997546061873436, 1.0, 0.016333334147930145, -0.0056919436901807785, 0.0, 0.0, 0.9981881976127625, -0.016307666897773743, 0.0, 0.0]","[1.0, 0.0, 1.0, 1.702134609222412, 0.0, 0.03485121205449104, 0.22474192082881927, 0.8082088828086853]",-8.59689990882054
1.5500000000000007,225.06488037109375,-172.84877014160156,5.1074700355529785,-0.01434326171875,1.0,"[0.8976750373840332, 0.0, 0.31983470916748047, 0.9593952894210815]","[0.0, 0.0, -0.0056919436901807785, 2.566666626080405e-05, -0.028997546061873436, 1.0, 0.016333334147930145, -0.0056919436901807785, 0.0, 0.0, 0.9981881976127625, -0.016307666897773743, 0.0, 0.0]","[1.0, 0.0, 1.0, 1.702134609222412, 0.0, 0.03485121205449104, 0.22474192082881927, 0.8082088828086853]",-8.726963337297484
1.6000000000000008,224.79876708984375,-172.84523010253906,5.461830139160156,-0.01434326171875,1.0,"[0.9209297299385071, 0.0, 0.3234078884124756, 0.9571377038955688]","[0.0, 0.0, -0.0056919436901807785, 2.566666626080405e-05, -0.028997546061873436, 1.0, 0.016333334147930145, -0.0056919436901807785, 0.0, 0.0, 0.9981881976127625, -0.016307666897773743, 0.0, 0.0]","[1.0, 0.0, 1.0, 1.702134609222412, 0.0, 0.03485121205449104, 0.22474192082881927, 0.8082088828086853]",-9.39053681202174
1.6500000000000008,224.5157928466797,-172.84103393554688,5.751229763031006,-0.01434326171875,1.0,"[0.9399214386940002, 0.0, 0.26516351103782654, 0.8830198049545288]","[0.0, 0.0, -0.0056919436901807785, 2.566666626080405e-05, -0.028997546061873436, 1.0, 0.016333334147930145, -0.0056919436901807785, 0.0, 0.0, 0.9981881976127625, -0.016307666897773743, 0.0, 0.0]","[1.0, 0.0, 1.0, 1.702134609222412, 0.0, 0.03485121205449104, 0.22474192082881927, 0.8082088828086853]",-9.59579454480343
1.7000000000000008,224.22860717773438,-172.83663940429688,5.7535200119018555,-0.01434326171875,1.0,"[0.940071702003479, 0.0, 0.01857978105545044, 0.6564286351203918]","[0.0, 0.0, -0.0056919436901807785, 2.566666626080405e-05, -0.028997546061873436, 1.0, 0.016333334147930145, -0.0056919436901807785, 0.0, 0.0, 0.9981881976127625, -0.016307666897773743, 0.0, 0.0]","[1.0, 0.0, 1.0, 1.702134609222412, 0.0, 0.03485121205449104, 0.22474192082881927, 0.8082088828086853]",-9.7941644253843
1.7500000000000009,223.94195556640625,-172.83169555664062,5.7522101402282715,-0.01434326171875,1.0,"[0.9399857521057129, 0.0, 0.010717625729739666, 0.9792342782020569]","[0.0, 0.0, -0.0056919436901807785, 2.566666626080405e-05, -0.028997546061873436, 1.0, 0.016333334147930145, -0.0056919436901807785, 0.0, 0.0, 0.9981881976127625, -0.016307666897773743, 0.0, 0.0]","[1.0, 0.0, 1.0, 1.702134609222412, 0.0, 0.03485121205449104, 0.22474192082881927, 0.8082088828086853]",-9.989433392693973
1.800000000000001,223.65338134765625,-172.826416015625,5.916759967803955,-0.01434326171875,1.0,"[0.9507842659950256, 0.0, 0.12937591969966888, 0.7731842994689941]","[0.0, 0.0, -0.0056919436901807785, 2.566666626080405e-05, -0.028997546061873436, 1.0, 0.016333334147930145, -0.0056919436901807785, 0.0, 0.0, 0.9981881976127625, -0.016307666897773743, 0.0, 0.0]","[1.0, 0.0, 1.0, 1.702134609222412, 0.0, 0.03485121205449104, 0.22474192082881927, 0.8082088828086853]",-10.673517304409238
1.850000000000001,223.34042358398438,-172.820068359375,6.477749824523926,-0.01434326171875,1.0,"[0.9875988960266113, 0.0, 0.4953776001930237, 0.5349827408790588]","[0.0, 0.0, -0.0056919436901807785, 2.566666626080405e-05, -0.028997546061873436, 1.0, 0.016333334147930145, -0.0056919436901807785, 0.0, 0.0, 0.9981881976127625, -0.016307666897773743, 0.0, 0.0]","[1.0, 0.0, 1.0, 1.702134609222412, 0.0, 0.03485121205449104, 0.22474192082881927, 0.8082088828086853]",-10.852011979355892
1.900000000000001,223.00167846679688,-172.814208984375,6.955999851226807,0.0013427734375,0.984375,"[0.9810161590576172, 0.03440000116825104, 0.4455907940864563, 0.8598145842552185]","[0.0, 0.0, -0.0056919436901807785, 2.566666626080405e-05, -0.028997546061873436, 1.0, 0.016333334147930145, -0.0056919436901807785, 0.0, 0.0, 0.9981881976127625, -0.016307666897773743, 0.0, 0.0]","[1.0, 0.0, 1.0, 1.702134609222412, 0.0, 0.03485121205449104, 0.22474192082881927, 0.8082088828086853]",-11.035549795430304
1.950000000000001,222.64077758789062,-172.80856323242188,7.3673601150512695,0.002716064453125,0.890625,"[0.9540208578109741, 0.25679999589920044, 0.3752588927745819, 0.8781392574310303]","[0.0, 0.0, -0.0056919436901807785, 2.566666626080405e-05, -0.028997546061873436, 1.0, 0.016333334147930145, -0.0056919436901807785, 0.0, 0.0, 0.9981881976127625, -0.016307666897773743, 0.0, 0.0]","[1.0, 0.0, 1.0, 1.702134609222412, 0.0, 0.03485121205449104, 0.22474192082881927, 0.8082088828086853]",-11.198623832174633
2.000000000000001,222.26345825195312,-172.80296325683594,7.640639781951904,0.002044677734375,0.76953125,"[0.9360870122909546, 0.5691999793052673, 0.25011998414993286, 0.7938312292098999]","[0.0, 0.0, -0.0056919436901807785, 2.566666626080405e-05, -0.028997546061873436, 1.0, 0.016333334147930145, -0.0056919436901807785, 0.0, 0.0, 0.9981881976127625, -0.016307666897773743, 0.0, 0.0]","[1.0, 0.0, 1.0, 1.702134609222412, 0.0, 0.03485121205449104, 0.22474192082881927, 0.8082088828086853]",-11.864049751603773
2.0500000000000007,221.8738250732422,-172.79718017578125,7.894090175628662,0.000946044921875,0.72265625,"[0.9194544553756714, 0.5892999768257141, 0.2315208613872528, 0.9313018918037415]","[0.0, 0.0, -0.0056919436901807785, 2.566666626080405e-05, -0.028997546061873436, 1.0, 0.016333334147930145, -0.0056919436901807785, 0.0, 0.0, 0.9981881976127625, -0.016307666897773743, 0.0, 0.0]","[1.0, 0.0, 1.0, 1.702134609222412, 0.0, 0.03485121205449104, 0.22474192082881927, 0.8082088828086853]",-12.021331180998029
2.1000000000000005,221.47203063964844,-172.7914276123047,8.13368034362793,0.000701904296875,0.71484375,"[0.9037314653396606, 0.7523000240325928, 0.21585185825824738, 0.939766526222229]","[0.0, 0.0, -0.0056919436901807785, 2.566666626080405e-05, -0.028997546061873436, 1.0, 0.016333334147930145, -0.0056919436901807785, 0.0, 0.0, 0.9981881976127625, -0.016307666897773743, 0.0, 0.0]","[1.0, 0.0, 1.0, 1.702134609222412, 0.0, 0.03485121205449104, 0.22474192082881927, 0.8082088828086853]",-12.158176046936795
2.1500000000000004,221.05889892578125,-172.78536987304688,8.356679916381836,0.000885009765625,0.71484375,"[0.889097273349762, 0.7742000222206116, 0.20230987668037415, 0.9394956231117249]","[0.0, 0.0, -0.0056919436901807785, 2.566666626080405e-05, -0.028997546061873436, 1.0, 0.016333334147930145, -0.0056919436901807785, 0.0, 0.0, 0.9981881976127625, -0.016307666897773743, 0.0, 0.0]","[1.0, 0.0, 1.0, 1.702134609222412, 0.0, 0.03485121205449104, 0.22474192082881927, 0.8082088828086853]",-12.355448714081499
2.2,220.63494873046875,-172.7793731689453,8.571419715881348,0.000946044921875,0.74609375,"[0.8750050663948059, 0.7077000141143799, 0.19489623606204987, 0.9506065845489502]","[0.0, 0.0, -0.0056919436901807785, 2.566666626080405e-05, -0.028997546061873436, 1.0, 0.016333334147930145, -0.0056919436901807785, 0.0, 0.0, 0.9981881976127625, -0.016307666897773743, 0.0, 0.0]","[1.0, 0.0, 1.0, 1.702134609222412, 0.0, 0.03485121205449104, 0.22474192082881927, 0.8082088828086853]",-13.032257765490625
2.25,220.2002716064453,-172.77317810058594,8.78555965423584,0.000946044921875,0.75390625,"[0.8609522581100464, 0.7031000256538391, 0.1944267898797989, 0.9597806334495544]","[0.0, 0.0, -0.0056919436901807785, 2.566666626080405e-05, -0.028997546061873436, 1.0, 0.016333334147930145, -0.0056919436901807785, 0.0, 0.0, 0.9981881976127625, -0.016307666897773743, 0.0, 0.0]","[1.0, 0.0, 1.0, 1.702134609222412, 0.0, 0.03485121205449104, 0.22474192082881927, 0.8082088828086853]",-13.145810755613729
2.3,219.7625274658203,-172.76710510253906,8.76572036743164,0.0010986328125,0.7578125,"[0.8622542023658752, 0.7041000127792358, 0.0, 0.7101265788078308]","[0.0, 0.0, -0.0056919436901807785, 2.566666626080405e-05, -0.028997546061873436, 1.0, 0.016333334147930145, -0.0056919436901807785, 0.0, 0.0, 0.9981881976127625, -0.016307666897773743, 0.0, 0.0]","[1.0, 0.0, 1.0, 1.702134609222412, 0.0, 0.03485121205449104, 0.22474192082881927, 0.8082088828086853]",-13.28224322411796
2.3499999999999996,219.3251953125,-172.76104736328125,8.762439727783203,0.00146484375,0.7578125,"[0.862469494342804, 0.7049000263214111, 0.011841758154332638, 0.9680408835411072]","[0.0, 0.0, -0.0056919436901807785, 2.566666626080405e-05, -0.028997546061873436, 1.0, 0.016333334147930145, -0.0056919436901807785, 0.0, 0.0, 0.9981881976127625, -0.016307666897773743, 0.0, 0.0]","[1.0, 0.0, 1.0, 1.702134609222412, 0.0, 0.03485121205449104, 0.22474192082881927, 0.8082088828086853]",-13.424407863822545
2.3999999999999995,218.8776092529297,-172.75511169433594,9.155960083007812,0.001678466796875,0.76171875,"[0.8366448879241943, 0.6965000033378601, 0.27966222167015076, 0.5306676030158997]","[0.0, 0.0, -0.0056919436901807785, 2.566666626080405e-05, -0.028997546061873436, 1.0, 0.016333334147930145, -0.0056919436901807785, 0.0, 0.0, 0.9981881976127625, -0.016307666897773743, 0.0, 0.0]","[1.0, 0.0, 1.0, 1.702134609222412, 0.0, 0.03485121205449104, 0.22474192082881927, 0.8082088828086853]",-14.025675032468191
2.4499999999999993,218.4075469970703,-172.74899291992188,9.537949562072754,0.00146484375,0.76171875,"[0.8115770816802979, 0.7264000177383423, 0.34095606207847595, 0.9506292939186096]","[0.0, 0.0, -0.0056919436901807785, 2.566666626080405e-05, -0.028997546061873436, 1.0, 0.016333334147930145, -0.0056919436901807785, 0.0, 0.0, 0.9981881976127625, -0.016307666897773743, 0.0, 0.0]","[1.0, 0.0, 1.0, 1.702134609222412, 0.0, 0.03485121205449104, 0.22474192082881927, 0.8082088828086853]",-13.874479801916493
2.499999999999999,217.9211883544922,-172.7428436279297,9.831489562988281,0.000732421875,0.76171875,"[0.7923136353492737, 0.7555999755859375, 0.26056352257728577, 0.8583046793937683]","[0.0, 0.0, -0.0056919436901807785, 2.566666626080405e-05, -0.028997546061873436, 1.0, 0.016333334147930145, -0.0056919436901807785, 0.0, 0.0, 0.9981881976127625, -0.016307666897773743, 0.0, 0.0]","[1.0, 0.0, 1.0, 1.702134609222412, 0.0, 0.03485121205449104, 0.22474192082881927, 0.8082088828086853]",-13.733551146447601
2.549999999999999,217.42230224609375,-172.73655700683594,10.06486988067627,0.0003662109375,0.76171875,"[0.7769981622695923, 0.7784000039100647, 0.20836220681667328, 0.8932803273200989]","[0.0, 0.0, -0.0056919436901807785, 2.566666626080405e-05, -0.028997546061873436, 1.0, 0.016333334147930145, -0.0056919436901807785, 0.0, 0.0, 0.9981881976127625, -0.016307666897773743, 0.0, 0.0]","[1.0, 0.0, 1.0, 1.702134609222412, 0.0, 0.03485121205449104, 0.22474192082881927, 0.8082088828086853]",-13.577123677421232
2.5999999999999988,216.91294860839844,-172.73028564453125,10.265480041503906,0.00048828125,0.76171875,"[0.7638332843780518, 0.796500027179718, 0.18051734566688538, 0.9285145401954651]","[0.0, 0.0, -0.0056919436901807785, 2.566666626080405e-05, -0.028997546061873436, 1.0, 0.016333334147930145, -0.0056919436901807785, 0.0, 0.0, 0.9981881976127625, -0.016307666897773743, 0.0, 0.0]","[1.0, 0.0, 1.0, 1.702134609222412, 0.0, 0.03485121205449104, 0.22474192082881927, 0.8082088828086853]",-13.746640188579873
2.6499999999999986,216.39454650878906,-172.7239227294922,10.44081974029541,0.0008544921875,0.76171875,"[0.7523266673088074, 0.8122000098228455, 0.15949450433254242, 0.939737856388092]","[0.0, 0.0, -0.0056919436901807785, 2.566666626080405e-05, -0.028997546061873436, 1.0, 0.016333334147930145, -0.0056919436901807785, 0.0, 0.0, 0.9981881976127625, -0.016307666897773743, 0.0, 0.0]","[1.0, 0.0, 1.0, 1.702134609222412, 0.0, 0.03485121205449104, 0.22474192082881927, 0.8082088828086853]",-13.574937044935343
2.6999999999999984,215.86788940429688,-172.7176513671875,10.602129936218262,0.00091552734375,0.73828125,"[0.7417408227920532, 0.9071999788284302, 0.14685098826885223, 0.9544788599014282]","[0.0, 0.0, -0.0056919436901807785, 2.566666626080405e-05, -0.028997546061873436, 1.0, 0.016333334147930145, -0.0056919436901807785, 0.0, 0.0, 0.9981881976127625, -0.016307666897773743, 0.0, 0.0]","[1.0, 0.0, 1.0, 1.702134609222412, 0.0, 0.03485121205449104, 0.22474192082881927, 0.8082088828086853]",-13.387629650679205
2.7499999999999982,215.33349609375,-172.7112274169922,10.753100395202637,0.00030517578125,0.6953125,"[0.7318334579467773, 1.0, 0.13640263676643372, 0.960025429725647]","[0.0, 0.0, -0.0056919436901807785, 2.566666626080405e-05, -0.028997546061873436, 1.0, 0.016333334147930145, -0.0056919436901807785, 0.0, 0.0, 0.9981881976127625, -0.016307666897773743, 0.0, 0.0]","[1.0, 0.0, 1.0, 1.702134609222412, 0.0, 0.03485121205449104, 0.22474192082881927, 0.8082088828086853]",-13.185135599163825
2.799999999999998,214.79196166992188,-172.70472717285156,10.888810157775879,-0.000946044921875,0.625,"[0.7229275703430176, 1.0, 0.12502987682819366, 0.9558708071708679]","[0.0, 0.0, -0.0056919436901807785, 2.566666626080405e-05, -0.028997546061873436, 1.0, 0.016333334147930145, -0.0056919436901807785, 0.0, 0.0, 0.9981881976127625, -0.016307666897773743, 0.0, 0.0]","[1.0, 0.0, 1.0, 1.702134609222412, 0.0, 0.03485121205449104, 0.22474192082881927, 0.8082088828086853]",-13.176962561922895
2.849999999999998,214.24432373046875,-172.69784545898438,11.003560066223145,-0.002349853515625,0.5625,"[0.7153971195220947, 1.0, 0.10872351378202438, 0.9529284834861755]","[0.0, 0.0, -0.0056919436901807785, 2.566666626080405e-05, -0.028997546061873436, 1.0, 0.016333334147930145, -0.0056919436901807785, 0.0, 0.0, 0.9981881976127625, -0.016307666897773743, 0.0, 0.0]","[1.0, 0.0, 1.0, 1.702134609222412, 0.0, 0.03485121205449104, 0.22474192082881927, 0.8082088828086853]",-12.890353143479816
2.8999999999999977,213.691650390625,-172.690673828125,11.0943603515625,-0.00360107421875,0.4880828857421875,"[0.7094384431838989, 1.0, 0.09129317849874496, 0.9515299797058105]","[0.0, 0.0, -0.0056919436901807785, 2.566666626080405e-05, -0.028997546061873436, 1.0, 0.016333334147930145, -0.0056919436901807785, 0.0, 0.0, 0.9981881976127625, -0.016307666897773743, 0.0, 0.0]","[1.0, 0.0, 1.0, 1.702134609222412, 0.0, 0.03485121205449104, 0.22474192082881927, 0.8082088828086853]",-12.596425103220213
2.9499999999999975,213.1353302001953,-172.68270874023438,11.158220291137695,-0.0069580078125,0.408721923828125,"[0.7052476406097412, 1.0, 0.07150285691022873, 0.9521389007568359]","[0.0, 0.0, -0.0056919436901807785, 2.566666626080405e-05, -0.028997546061873436, 1.0, 0.016333334147930145, -0.0056919436901807785, 0.0, 0.0, 0.9981881976127625, -0.016307666897773743, 0.0, 0.0]","[1.0, 0.0, 1.0, 1.702134609222412, 0.0, 0.03485121205449104, 0.22474192082881927, 0.8082088828086853]",-12.303017084072131
2.9999999999999973,212.57669067382812,-172.67300415039062,11.194890022277832,-0.019500732421875,0.3531646728515625,"[0.7028412222862244, 1.0, 0.0842791199684143, 0.9375750422477722]","[0.0, 0.0, -0.0056919436901807785, 2.566666626080405e-05, -0.028997546061873436, 1.0, 0.016333334147930145, -0.0056919436901807785, 0.0, 0.0, 0.9981881976127625, -0.016307666897773743, 0.0, 0.0]","[1.0, 0.0, 1.0, 1.702134609222412, 0.0, 0.03485121205449104, 0.22474192082881927, 0.8082088828086853]",-12.24253167322989
3.049999999999997,212.01722717285156,-172.65899658203125,11.203849792480469,-0.0445556640625,0.2936553955078125,"[0.7022532224655151, 1.0, 0.11224132031202316, 0.9295153021812439]","[0.0, 0.0, -0.0056919436901807785, 2.566666626080405e-05, -0.028997546061873436, 1.0, 0.016333334147930145, -0.0056919436901807785, 0.0, 0.0, 0.9981881976127625, -0.016307666897773743, 0.0, 0.0]","[1.0, 0.0, 1.0, 1.702134609222412, 0.0, 0.03485121205449104, 0.22474192082881927, 0.8082088828086853]",-12.001284692404555
3.099999999999997,211.45806884765625,-172.64100646972656,11.193750381469727,-0.0755615234375,0.26983642578125,"[0.7029160261154175, 1.0, 0.10456536710262299, 0.9558448791503906]","[0.0, 0.0, -0.0056919436901807785, 2.566666626080405e-05, -0.028997546061873436, 1.0, 0.016333334147930145, -0.0056919436901807785, 0.0, 0.0, 0.9981881976127625, -0.016307666897773743, 0.0, 0.0]","[1.0, 0.0, 1.0, 1.702134609222412, 0.0, 0.03485121205449104, 0.22474192082881927, 0.8082088828086853]",-11.766968501310911
3.149999999999997,210.90052795410156,-172.61489868164062,11.157259941101074,-0.100067138671875,0.25,"[0.7053106427192688, 1.0, 0.2556333839893341, 0.8547678589820862]","[0.0, 0.0, -0.0056919436901807785, 2.566666626080405e-05, -0.028997546061873436, 1.0, 0.016333334147930145, -0.0056919436901807785, 0.0, 0.0, 0.9981881976127625, -0.016307666897773743, 0.0, 0.0]","[1.0, 0.0, 1.0, 1.702134609222412, 0.0, 0.03485121205449104, 0.22474192082881927, 0.8082088828086853]",-11.550781972342232
3.1999999999999966,210.34600830078125,-172.57814025878906,11.106780052185059,-0.117156982421875,0.24603271484375,"[0.7086234092712402, 1.0, 0.28572216629981995, 0.945512056350708]","[0.0, 0.0, -0.0056919436901807785, 2.566666626080405e-05, -0.028997546061873436, 1.0, 0.016333334147930145, -0.0056919436901807785, 0.0, 0.0, 0.9981881976127625, -0.016307666897773743, 0.0, 0.0]","[1.0, 0.0, 1.0, 1.702134609222412, 0.0, 0.03485121205449104, 0.22474192082881927, 0.8082088828086853]",-11.590402333512865
3.2499999999999964,209.79541015625,-172.53036499023438,11.047800064086914,-0.12872314453125,0.24603271484375,"[0.712493896484375, 1.0, 0.3063560426235199, 0.969016432762146]","[0.0, 0.0, -0.0056919436901807785, 2.566666626080405e-05, -0.028997546061873436, 1.0, 0.016333334147930145, -0.0056919436901807785, 0.0, 0.0, 0.9981881976127625, -0.016307666897773743, 0.0, 0.0]","[1.0, 0.0, 1.0, 1.702134609222412, 0.0, 0.03485121205449104, 0.22474192082881927, 0.8082088828086853]",-11.404063343596013
3.2999999999999963,209.2499237060547,-172.4713897705078,11.00076961517334,-0.13934326171875,0.24603271484375,"[0.7155802249908447, 1.0, 0.27611076831817627, 0.8715846538543701]","[0.0, 0.0, -0.0056919436901807785, 2.566666626080405e-05, -0.028997546061873436, 1.0, 0.016333334147930145, -0.0056919436901807785, 0.0, 0.0, 0.9981881976127625, -0.016307666897773743, 0.0, 0.0]","[1.0, 0.0, 1.0, 1.702134609222412, 0.0, 0.03485121205449104, 0.22474192082881927, 0.8082088828086853]",-11.244586485448389
3.349999999999996,208.7113037109375,-172.40286254882812,10.950570106506348,-0.149688720703125,0.24603271484375,"[0.7188745737075806, 1.0, 0.2830241620540619, 0.9295457601547241]","[0.0, 0.0, -0.0056919436901807785, 2.566666626080405e-05, -0.028997546061873436, 1.0, 0.016333334147930145, -0.0056919436901807785, 0.0, 0.0, 0.9981881976127625, -0.016307666897773743, 0.0, 0.0]","[1.0, 0.0, 1.0, 1.702134609222412, 0.0, 0.03485121205449104, 0.22474192082881927, 0.8082088828086853]",-11.094880004624828
3.399999999999996,208.18006896972656,-172.32278442382812,10.899470329284668,-0.164093017578125,0.24603271484375,"[0.7222279906272888, 1.0, 0.3337287902832031, 0.9276421070098877]","[0.0, 0.0, -0.0056919436901807785, 2.566666626080405e-05, -0.028997546061873436, 1.0, 0.016333334147930145, -0.0056919436901807785, 0.0, 0.0, 0.9981881976127625, -0.016307666897773743, 0.0, 0.0]","[1.0, 0.0, 1.0, 1.702134609222412, 0.0, 0.03485121205449104, 0.22474192082881927, 0.8082088828086853]",-11.209202247379617
3.4499999999999957,207.65582275390625,-172.22911071777344,10.833720207214355,-0.181915283203125,0.2738037109375,"[0.7265427708625793, 1.0, 0.41743382811546326, 0.8543020486831665]","[0.0, 0.0, -0.0056919436901807785, 2.566666626080405e-05, -0.028997546061873436, 1.0, 0.016333334147930145, -0.0056919436901807785, 0.0, 0.0, 0.9981881976127625, -0.016307666897773743, 0.0, 0.0]","[1.0, 0.0, 1.0, 1.702134609222412, 0.0, 0.03485121205449104, 0.22474192082881927, 0.8082088828086853]",-11.06758930048814
3.4999999999999956,207.13706970214844,-172.1172637939453,10.73052978515625,-0.20135498046875,0.28570556640625,"[0.7333146333694458, 1.0, 0.5144496560096741, 0.7433080673217773]","[0.0, 0.0, -0.0056919436901807785, 2.566666626080405e-05, -0.028997546061873436, 1.0, 0.016333334147930145, -0.0056919436901807785, 0.0, 0.0, 0.9981881976127625, -0.016307666897773743, 0.0, 0.0]","[1.0, 0.0, 1.0, 1.702134609222412, 0.0, 0.03485121205449104, 0.22474192082881927, 0.8082088828086853]",-10.930276591689601
3.5499999999999954,206.62374877929688,-171.98422241210938,10.644689559936523,-0.21905517578125,0.3015899658203125,"[0.738947868347168, 1.0, 0.45286816358566284, 0.9251646995544434]","[0.0, 0.0, -0.0056919436901807785, 2.566666626080405e-05, -0.028997546061873436, 1.0, 0.016333334147930145, -0.0056919436901807785, 0.0, 0.0, 0.9981881976127625, -0.016307666897773743, 0.0, 0.0]","[1.0, 0.0, 1.0, 1.702134609222412, 0.0, 0.03485121205449104, 0.22474192082881927, 0.8082088828086853]",-10.806128501680664
3.599999999999995,206.11468505859375,-171.83338928222656,10.559869766235352,-0.237152099609375,0.3095245361328125,"[0.7445141077041626, 1.0, 0.4574100971221924, 0.8112985491752625]","[0.0, 0.0, -0.0056919436901807785, 2.566666626080405e-05, -0.028997546061873436, 1.0, 0.016333334147930145, -0.0056919436901807785, 0.0, 0.0, 0.9981881976127625, -0.016307666897773743, 0.0, 0.0]","[1.0, 0.0, 1.0, 1.702134609222412, 0.0, 0.03485121205449104, 0.22474192082881927, 0.8082088828086853]",-11.000639819528184
3.649999999999995,205.61328125,-171.66195678710938,10.463529586791992,-0.259674072265625,0.3095245361328125,"[0.7508363723754883, 1.0, 0.5521538257598877, 0.8836510181427002]","[0.0, 0.0, -0.0056919436901807785, 2.566666626080405e-05, -0.028997546061873436, 1.0, 0.016333334147930145, -0.0056919436901807785, 0.0, 0.0, 0.9981881976127625, -0.016307666897773743, 0.0, 0.0]","[1.0, 0.0, 1.0, 1.702134609222412, 0.0, 0.03485121205449104, 0.22474192082881927, 0.8082088828086853]",-10.924332961885616
3.699999999999995,205.1220703125,-171.46954345703125,10.380189895629883,-0.2796630859375,0.3095245361328125,"[0.756305456161499, 1.0, 0.5497063994407654, 0.9406516551971436]","[0.0, 0.0, -0.0056919436901807785, 2.566666626080405e-05, -0.028997546061873436, 1.0, 0.016333334147930145, -0.0056919436901807785, 0.0, 0.0, 0.9981881976127625, -0.016307666897773743, 0.0, 0.0]","[1.0, 0.0, 1.0, 1.702134609222412, 0.0, 0.03485121205449104, 0.22474192082881927, 0.8082088828086853]",-10.856810966005712
3.7499999999999947,204.64581298828125,-171.2555389404297,10.279740333557129,-0.289276123046875,0.3095245361328125,"[0.7628974318504333, 1.0, 0.6146114468574524, 0.8397240042686462]","[0.0, 0.0, -0.0056919436901807785, 2.566666626080405e-05, -0.028997546061873436, 1.0, 0.016333334147930145, -0.0056919436901807785, 0.0, 0.0, 0.9981881976127625, -0.016307666897773743, 0.0, 0.0]","[1.0, 0.0, 1.0, 1.702134609222412, 0.0, 0.03485121205449104, 0.22474192082881927, 0.8082088828086853]",-10.796298713188826
3.7999999999999945,204.19114685058594,-171.01661682128906,10.179659843444824,-0.292266845703125,0.3095245361328125,"[0.7694651484489441, 1.0, 0.6200413107872009, 0.8942906260490417]","[0.0, 0.0, -0.0056919436901807785, 2.566666626080405e-05, -0.028997546061873436, 1.0, 0.016333334147930145, -0.0056919436901807785, 0.0, 0.0, 0.9981881976127625, -0.016307666897773743, 0.0, 0.0]","[1.0, 0.0, 1.0, 1.702134609222412, 0.0, 0.03485121205449104, 0.22474192082881927, 0.8082088828086853]",-11.097035684218358
3.8499999999999943,203.7572021484375,-170.7550811767578,10.104290008544922,-0.29150390625,0.3095245361328125,"[0.7744112610816956, 1.0, 0.5809336304664612, 0.89140784740448]","[0.0, 0.0, -0.0056919436901807785, 2.566666626080405e-05, -0.028997546061873436, 1.0, 0.016333334147930145, -0.0056919436901807785, 0.0, 0.0, 0.9981881976127625, -0.016307666897773743, 0.0, 0.0]","[1.0, 0.0, 1.0, 1.702134609222412, 0.0, 0.03485121205449104, 0.22474192082881927, 0.8082088828086853]",-11.083641318559831
3.899999999999994,203.341064453125,-170.4754638671875,10.028800010681152,-0.290313720703125,0.3095245361328125,"[0.7793652415275574, 1.0, 0.5368404388427734, 0.9052528738975525]","[0.0, 0.0, -0.0056919436901807785, 2.566666626080405e-05, -0.028997546061873436, 1.0, 0.016333334147930145, -0.0056919436901807785, 0.0, 0.0, 0.9981881976127625, -0.016307666897773743, 0.0, 0.0]","[1.0, 0.0, 1.0, 1.702134609222412, 0.0, 0.03485121205449104, 0.22474192082881927, 0.8082088828086853]",-11.082387859394354
3.949999999999994,202.94204711914062,-170.17864990234375,9.952850341796875,-0.289093017578125,0.3134918212890625,"[0.7843494415283203, 1.0, 0.5313318967819214, 0.9590548872947693]","[0.0, 0.0, -0.0056919436901807785, 2.566666626080405e-05, -0.028997546061873436, 1.0, 0.016333334147930145, -0.0056919436901807785, 0.0, 0.0, 0.9981881976127625, -0.016307666897773743, 0.0, 0.0]","[1.0, 0.0, 1.0, 1.702134609222412, 0.0, 0.03485121205449104, 0.22474192082881927, 0.8082088828086853]",-11.091585264374565
3.999999999999994,202.55943298339844,-169.86685180664062,9.8916597366333,-0.287933349609375,0.3253936767578125,"[0.7883650064468384, 1.0, 0.5074501633644104, 0.908235490322113]","[0.0, 0.0, -0.0056919436901807785, 2.566666626080405e-05, -0.028997546061873436, 1.0, 0.016333334147930145, -0.0056919436901807785, 0.0, 0.0, 0.9981881976127625, -0.016307666897773743, 0.0, 0.0]","[1.0, 0.0, 1.0, 1.702134609222412, 0.0, 0.03485121205449104, 0.22474192082881927, 0.8082088828086853]",-11.525938618283847
4.049999999999994,202.1946563720703,-169.53941345214844,9.836170196533203,-0.28515625,0.3650665283203125,"[0.7920064926147461, 1.0, 0.5011898875236511, 0.9674463272094727]","[0.0, 0.0, -0.0056919436901807785, 2.566666626080405e-05, -0.028997546061873436, 1.0, 0.016333334147930145, -0.0056919436901807785, 0.0, 0.0, 0.9981881976127625, -0.016307666897773743, 0.0, 0.0]","[1.0, 0.0, 1.0, 1.702134609222412, 0.0, 0.03485121205449104, 0.22474192082881927, 0.8082088828086853]",-11.578049056863465
4.099999999999993,201.8473358154297,-169.19754028320312,9.786060333251953,-0.278289794921875,0.432525634765625,"[0.7952949404716492, 1.0, 0.4847085773944855, 0.9646428823471069]","[0.0, 0.0, -0.0056919436901807785, 2.566666626080405e-05, -0.028997546061873436, 1.0, 0.016333334147930145, -0.0056919436901807785, 0.0, 0.0, 0.9981881976127625, -0.016307666897773743, 0.0, 0.0]","[1.0, 0.0, 1.0, 1.702134609222412, 0.0, 0.03485121205449104, 0.22474192082881927, 0.8082088828086853]",-11.653626411507618
4.149999999999993,201.5170135498047,-168.84173583984375,9.756790161132812,-0.264739990234375,0.4801483154296875,"[0.7972157597541809, 1.0, 0.4516105651855469, 0.9608409404754639]","[0.0, 0.0, -0.0056919436901807785, 2.566666626080405e-05, -0.028997546061873436, 1.0, 0.016333334147930145, -0.0056919436901807785, 0.0, 0.0, 0.9981881976127625, -0.016307666897773743, 0.0, 0.0]","[1.0, 0.0, 1.0, 1.702134609222412, 0.0, 0.03485121205449104, 0.22474192082881927, 0.8082088828086853]",-11.751601098943272
4.199999999999993,201.20277404785156,-168.47274780273438,9.742630004882812,-0.250732421875,0.53125,"[0.7981449961662292, 1.0, 0.41843029856681824, 0.9686389565467834]","[0.0, 0.0, -0.0056919436901807785, 2.566666626080405e-05, -0.028997546061873436, 1.0, 0.016333334147930145, -0.0056919436901807785, 0.0, 0.0, 0.9981881976127625, -0.016307666897773743, 0.0, 0.0]","[1.0, 0.0, 1.0, 1.702134609222412, 0.0, 0.03485121205449104, 0.22474192082881927, 0.8082088828086853]",-12.36880646812054
4.249999999999993,200.90492248535156,-168.09127807617188,9.740119934082031,-0.24017333984375,0.578125,"[0.7983097434043884, 1.0, 0.40322989225387573, 0.956811785697937]","[0.0, 0.0, -0.0056919436901807785, 2.566666626080405e-05, -0.028997546061873436, 1.0, 0.016333334147930145, -0.0056919436901807785, 0.0, 0.0, 0.9981881976127625, -0.016307666897773743, 0.0, 0.0]","[1.0, 0.0, 1.0, 1.702134609222412, 0.0, 0.03485121205449104, 0.22474192082881927, 0.8082088828086853]",-12.47124276153479
4.299999999999993,200.621826171875,-167.697021484375,9.7672700881958,-0.23309326171875,0.6171875,"[0.7965280413627625, 1.0, 0.3753306269645691, 0.9299500584602356]","[0.0, 0.0, -0.0056919436901807785, 2.566666626080405e-05, -0.028997546061873436, 1.0, 0.016333334147930145, -0.0056919436901807785, 0.0, 0.0, 0.9981881976127625, -0.016307666897773743, 0.0, 0.0]","[1.0, 0.0, 1.0, 1.702134609222412, 0.0, 0.03485121205449104, 0.22474192082881927, 0.8082088828086853]",-12.609474651706659
4.3499999999999925,200.35360717773438,-167.28982543945312,9.806529998779297,-0.228179931640625,0.66015625,"[0.7939516305923462, 1.0, 0.3986448049545288, 0.9650977253913879]","[0.0, 0.0, -0.0056919436901807785, 2.566666626080405e-05, -0.028997546061873436, 1.0, 0.016333334147930145, -0.0056919436901807785, 0.0, 0.0, 0.9981881976127625, -0.016307666897773743, 0.0, 0.0]","[1.0, 0.0, 1.0, 1.702134609222412, 0.0, 0.03485121205449104, 0.22474192082881927, 0.8082088828086853]",-12.7725697735453
4.399999999999992,200.10025024414062,-166.8699951171875,9.866649627685547,-0.223876953125,0.68359375,"[0.7900062799453735, 0.9973000288009644, 0.41149187088012695, 0.9732456803321838]","[0.0, 0.0, -0.0056919436901807785, 2.566666626080405e-05, -0.028997546061873436, 1.0, 0.016333334147930145, -0.0056919436901807785, 0.0, 0.0, 0.9981881976127625, -0.016307666897773743, 0.0, 0.0]","[1.0, 0.0, 1.0, 1.702134609222412, 0.0, 0.03485121205449104, 0.22474192082881927, 0.8082088828086853]",-13.490571369315637
4.449999999999992,199.8622283935547,-166.4373016357422,9.934679985046387,-0.217926025390625,0.71875,"[0.785541832447052, 0.8921999931335449, 0.4212694466114044, 0.9491747617721558]","[0.0, 0.0, -0.0056919436901807785, 2.566666626080405e-05, -0.028997546061873436, 1.0, 0.016333334147930145, -0.0056919436901807785, 0.0, 0.0, 0.9981881976127625, -0.016307666897773743, 0.0, 0.0]","[1.0, 0.0, 1.0, 1.702134609222412, 0.0, 0.03485121205449104, 0.22474192082881927, 0.8082088828086853]",-13.638159006625495
4.499999999999992,199.63905334472656,-165.99183654785156,10.027850151062012,-0.20916748046875,0.76171875,"[0.7794275879859924, 0.7649999856948853, 0.41797757148742676, 0.9436004757881165]","[0.0, 0.0, -0.0056919436901807785, 2.566666626080405e-05, -0.028997546061873436, 1.0, 0.016333334147930145, -0.0056919436901807785, 0.0, 0.0, 0.9981881976127625, -0.016307666897773743, 0.0, 0.0]","[1.0, 0.0, 1.0, 1.702134609222412, 0.0, 0.03485121205449104, 0.22474192082881927, 0.8082088828086853]",-13.779341010838417
4.549999999999992,199.4295196533203,-165.53382873535156,10.133939743041992,-0.202911376953125,0.80078125,"[0.7724655270576477, 0.6456999778747559, 0.4337323009967804, 0.9471123814582825]","[0.0, 0.0, -0.0056919436901807785, 2.566666626080405e-05, -0.028997546061873436, 1.0, 0.016333334147930145, -0.0056919436901807785, 0.0, 0.0, 0.9981881976127625, -0.016307666897773743, 0.0, 0.0]","[1.0, 0.0, 1.0, 1.702134609222412, 0.0, 0.03485121205449104, 0.22474192082881927, 0.8082088828086853]",-13.913739945625512
4.599999999999992,199.23370361328125,-165.0629425048828,10.262319564819336,-0.198089599609375,0.828125,"[0.7640406489372253, 0.5638999938964844, 0.4529600143432617, 0.9594146013259888]","[0.0, 0.0, -0.0056919436901807785, 2.566666626080405e-05, -0.028997546061873436, 1.0, 0.016333334147930145, -0.0056919436901807785, 0.0, 0.0, 0.9981881976127625, -0.016307666897773743, 0.0, 0.0]","[1.0, 0.0, 1.0, 1.702134609222412, 0.0, 0.03485121205449104, 0.22474192082881927, 0.8082088828086853]",-14.59904503571687
4.6499999999999915,199.05218505859375,-164.57882690429688,10.406609535217285,-0.194549560546875,0.8515625,"[0.7545716762542725, 0.4936000108718872, 0.4661002457141876, 0.9614794254302979]","[0.0, 0.0, -0.0056919436901807785, 2.566666626080405e-05, -0.028997546061873436, 1.0, 0.016333334147930145, -0.0056919436901807785, 0.0, 0.0, 0.9981881976127625, -0.016307666897773743, 0.0, 0.0]","[1.0, 0.0, 1.0, 1.702134609222412, 0.0, 0.03485121205449104, 0.22474192082881927, 0.8082088828086853]",-14.71373326512722
4.699999999999991,198.88490295410156,-164.0813446044922,10.569939613342285,-0.193328857421875,0.8671875,"[0.7438532114028931, 0.448199987411499, 0.48368263244628906, 0.9567784667015076]","[0.0, 0.0, -0.0056919436901807785, 2.566666626080405e-05, -0.028997546061873436, 1.0, 0.016333334147930145, -0.0056919436901807785, 0.0, 0.0, 0.9981881976127625, -0.016307666897773743, 0.0, 0.0]","[1.0, 0.0, 1.0, 1.702134609222412, 0.0, 0.03485121205449104, 0.22474192082881927, 0.8082088828086853]",-14.819628874532777
4.749999999999991,198.7333221435547,-163.5699005126953,10.743439674377441,-0.193145751953125,0.875,"[0.7324674129486084, 0.42809998989105225, 0.5037389397621155, 0.95236736536026]","[0.0, 0.0, -0.0056919436901807785, 2.566666626080405e-05, -0.028997546061873436, 1.0, 0.016333334147930145, -0.0056919436901807785, 0.0, 0.0, 0.9981881976127625, -0.016307666897773743, 0.0, 0.0]","[1.0, 0.0, 1.0, 1.702134609222412, 0.0, 0.03485121205449104, 0.22474192082881927, 0.8082088828086853]",-14.916006628653161
4.799999999999991,198.59730529785156,-163.045166015625,10.921199798583984,-0.193145751953125,0.87890625,"[0.7208019495010376, 0.4212999939918518, 0.5115476846694946, 0.9484342932701111]","[0.0, 0.0, -0.0056919436901807785, 2.566666626080405e-05, -0.028997546061873436, 1.0, 0.016333334147930145, -0.0056919436901807785, 0.0, 0.0, 0.9981881976127625, -0.016307666897773743, 0.0, 0.0]","[1.0, 0.0, 1.0, 1.702134609222412, 0.0, 0.03485121205449104, 0.22474192082881927, 0.8082088828086853]",-15.700588930480325
4.849999999999991,198.47747802734375,-162.50758361816406,11.10632038116455,-0.193115234375,0.8828125,"[0.7086535692214966, 0.4142000079154968, 0.5239718556404114, 0.956058144569397]","[0.0, 0.0, -0.0056919436901807785, 2.566666626080405e-05, -0.028997546061873436, 1.0, 0.016333334147930145, -0.0056919436901807785, 0.0, 0.0, 0.9981881976127625, -0.016307666897773743, 0.0, 0.0]","[1.0, 0.0, 1.0, 1.702134609222412, 0.0, 0.03485121205449104, 0.22474192082881927, 0.8082088828086853]",-15.65317885935724
4.899999999999991,198.37464904785156,-161.95730590820312,11.290539741516113,-0.19293212890625,0.88671875,"[0.6965641975402832, 0.4068000018596649, 0.5294730067253113, 0.9524840712547302]","[0.0, 0.0, -0.0056919436901807785, 2.566666626080405e-05, -0.028997546061873436, 1.0, 0.016333334147930145, -0.0056919436901807785, 0.0, 0.0, 0.9981881976127625, -0.016307666897773743, 0.0, 0.0]","[1.0, 0.0, 1.0, 1.702134609222412, 0.0, 0.03485121205449104, 0.22474192082881927, 0.8082088828086853]",-15.434309434127812
4.94999999999999,198.28952026367188,-161.39459228515625,11.480629920959473,-0.191680908203125,0.88671875,"[0.6840896606445312, 0.4133000075817108, 0.5409722924232483, 0.9580211639404297]","[0.0, 0.0, -0.0056919436901807785, 2.566666626080405e-05, -0.028997546061873436, 1.0, 0.016333334147930145, -0.0056919436901807785, 0.0, 0.0, 0.9981881976127625, -0.016307666897773743, 0.0, 0.0]","[1.0, 0.0, 1.0, 1.702134609222412, 0.0, 0.03485121205449104, 0.22474192082881927, 0.8082088828086853]",-15.207219546608933
4.99999999999999,198.22286987304688,-160.8199920654297,11.667830467224121,-0.18914794921875,0.890625,"[0.6718047857284546, 0.40540000796318054, 0.5430817604064941, 0.9536054730415344]","[0.0, 0.0, -0.0056919436901807785, 2.566666626080405e-05, -0.028997546061873436, 1.0, 0.016333334147930145, -0.0056919436901807785, 0.0, 0.0, 0.9981881976127625, -0.016307666897773743, 0.0, 0.0]","[1.0, 0.0, 1.0, 1.702134609222412, 0.0, 0.03485121205449104, 0.22474192082881927, 0.8082088828086853]",-15.33074754925882
5.04999999999999,198.1752166748047,-160.23397827148438,11.859620094299316,-0.184112548828125,0.89453125,"[0.6592186689376831, 0.39719998836517334, 0.5494272708892822, 0.9602319598197937]","[0.0, 0.0, -0.0056919436901807785, 2.566666626080405e-05, -0.028997546061873436, 1.0, 0.016333334147930145, -0.0056919436901807785, 0.0, 0.0, 0.9981881976127625, -0.016307666897773743, 0.0, 0.0]","[1.0, 0.0, 1.0, 1.702134609222412, 0.0, 0.03485121205449104, 0.22474192082881927, 0.8082088828086853]",-15.13827361555298
5.09999999999999,198.14671325683594,-159.63706970214844,12.052510261535645,-0.17437744140625,0.89453125,"[0.6465603113174438, 0.40400001406669617, 0.5438497066497803, 0.9600657224655151]","[0.0, 0.0, -0.0056919436901807785, 2.566666626080405e-05, -0.028997546061873436, 1.0, 0.016333334147930145, -0.0056919436901807785, 0.0, 0.0, 0.9981881976127625, -0.016307666897773743, 0.0, 0.0]","[1.0, 0.0, 1.0, 1.702134609222412, 0.0, 0.03485121205449104, 0.22474192082881927, 0.8082088828086853]",-14.953421296958188
5.14999999999999,198.1372833251953,-159.02969360351562,12.250129699707031,-0.161773681640625,0.89453125,"[0.6335916519165039, 0.4108999967575073, 0.5385433435440063, 0.9587191939353943]","[0.0, 0.0, -0.0056919436901807785, 2.566666626080405e-05, -0.028997546061873436, 1.0, 0.016333334147930145, -0.0056919436901807785, 0.0, 0.0, 0.9981881976127625, -0.016307666897773743, 0.0, 0.0]","[1.0, 0.0, 1.0, 1.702134609222412, 0.0, 0.03485121205449104, 0.22474192082881927, 0.8082088828086853]",-14.769703190996301
5.1999999999999895,198.14654541015625,-158.4122772216797,12.450480461120605,-0.146514892578125,0.89453125,"[0.6204437017440796, 0.41830000281333923, 0.5260382294654846, 0.9526192545890808]","[0.0, 0.0, -0.0056919436901807785, 2.566666626080405e-05, -0.028997546061873436, 1.0, 0.016333334147930145, -0.0056919436901807785, 0.0, 0.0, 0.9981881976127625, -0.016307666897773743, 0.0, 0.0]","[1.0, 0.0, 1.0, 1.702134609222412, 0.0, 0.03485121205449104, 0.22474192082881927, 0.8082088828086853]",-14.911829637707868
5.249999999999989,198.173828125,-157.7851104736328,12.654950141906738,-0.12896728515625,0.89453125,"[0.6070255041122437, 0.4259999990463257, 0.5095705986022949, 0.945976972579956]","[0.0, 0.0, -0.0056919436901807785, 2.566666626080405e-05, -0.028997546061873436, 1.0, 0.016333334147930145, -0.0056919436901807785, 0.0, 0.0, 0.9981881976127625, -0.016307666897773743, 0.0, 0.0]","[1.0, 0.0, 1.0, 1.702134609222412, 0.0, 0.03485121205449104, 0.22474192082881927, 0.8082088828086853]",-14.676790935018223
5.299999999999989,198.21815490722656,-157.1484375,12.863100051879883,-0.109771728515625,0.8984375,"[0.5933657884597778, 0.4178999960422516, 0.4873916506767273, 0.938839316368103]","[0.0, 0.0, -0.0056919436901807785, 2.566666626080405e-05, -0.028997546061873436, 1.0, 0.016333334147930145, -0.0056919436901807785, 0.0, 0.0, 0.9981881976127625, -0.016307666897773743, 0.0, 0.0]","[1.0, 0.0, 1.0, 1.702134609222412, 0.0, 0.03485121205449104, 0.22474192082881927, 0.8082088828086853]",-14.446810975278572
5.349999999999989,198.27838134765625,-156.5023651123047,13.074950218200684,-0.09136962890625,0.90234375,"[0.5794632434844971, 0.40939998626708984, 0.464708536863327, 0.9371153712272644]","[0.0, 0.0, -0.0056919436901807785, 2.566666626080405e-05, -0.028997546061873436, 1.0, 0.016333334147930145, -0.0056919436901807785, 0.0, 0.0, 0.9981881976127625, -0.016307666897773743, 0.0, 0.0]","[1.0, 0.0, 1.0, 1.702134609222412, 0.0, 0.03485121205449104, 0.22474192082881927, 0.8082088828086853]",-14.22563269787797
5.399999999999989,198.3534393310547,-155.84695434570312,13.290160179138184,-0.075775146484375,0.91015625,"[0.5653402209281921, 0.38359999656677246, 0.4445327818393707, 0.9398584961891174]","[0.0, 0.0, -0.0056919436901807785, 2.566666626080405e-05, -0.028997546061873436, 1.0, 0.016333334147930145, -0.0056919436901807785, 0.0, 0.0, 0.9981881976127625, -0.016307666897773743, 0.0, 0.0]","[1.0, 0.0, 1.0, 1.702134609222412, 0.0, 0.03485121205449104, 0.22474192082881927, 0.8082088828086853]",-14.446826258920003
5.449999999999989,198.44247436523438,-155.1822509765625,13.50844955444336,-0.064727783203125,0.9140625,"[0.5510151386260986, 0.3734000027179718, 0.43030810356140137, 0.9471715688705444]","[0.0, 0.0, -0.0056919436901807785, 2.566666626080405e-05, -0.028997546061873436, 1.0, 0.016333334147930145, -0.0056919436901807785, 0.0, 0.0, 0.9981881976127625, -0.016307666897773743, 0.0, 0.0]","[1.0, 0.0, 1.0, 1.702134609222412, 0.0, 0.03485121205449104, 0.22474192082881927, 0.8082088828086853]",-14.282623435450967
5.4999999999999885,198.54481506347656,-154.5082550048828,13.729519844055176,-0.057769775390625,0.91796875,"[0.5365074872970581, 0.3625999987125397, 0.420423686504364, 0.9534013271331787]","[0.0, 0.0, -0.0056919436901807785, 2.566666626080405e-05, -0.028997546061873436, 1.0, 0.016333334147930145, -0.0056919436901807785, 0.0, 0.0, 0.9981881976127625, -0.016307666897773743, 0.0, 0.0]","[1.0, 0.0, 1.0, 1.702134609222412, 0.0, 0.03485121205449104, 0.22474192082881927, 0.8082088828086853]",-14.13603499874788
5.549999999999988,198.6599884033203,-153.82496643066406,13.953009605407715,-0.05377197265625,0.91796875,"[0.5218410491943359, 0.3686999976634979, 0.4131903052330017, 0.9579294919967651]","[0.0, 0.0, -0.0056919436901807785, 2.566666626080405e-05, -0.028997546061873436, 1.0, 0.016333334147930145, -0.0056919436901807785, 0.0, 0.0, 0.9981881976127625, -0.016307666897773743, 0.0, 0.0]","[1.0, 0.0, 1.0, 1.702134609222412, 0.0, 0.03485121205449104, 0.22474192082881927, 0.8082088828086853]",-13.979366681982444
5.599999999999988,198.78761291503906,-153.13243103027344,14.178409576416016,-0.05157470703125,0.91796875,"[0.5070492625236511, 0.3747999966144562, 0.40741050243377686, 0.9610949158668518]","[0.0, 0.0, -0.0056919436901807785, 2.566666626080405e-05, -0.028997546061873436, 1.0, 0.016333334147930145, -0.0056919436901807785, 0.0, 0.0, 0.9981881976127625, -0.016307666897773743, 0.0, 0.0]","[1.0, 0.0, 1.0, 1.702134609222412, 0.0, 0.03485121205449104, 0.22474192082881927, 0.8082088828086853]",-14.351052367992837
5.649999999999988,198.92623901367188,-152.43438720703125,14.225179672241211,-0.047943115234375,0.91796875,"[0.5039800405502319, 0.38040000200271606, 0.23678503930568695, 0.7767841219902039]","[0.0, 0.0, -0.0056919436901807785, 2.566666626080405e-05, -0.028997546061873436, 1.0, 0.016333334147930145, -0.0056919436901807785, 0.0, 0.0, 0.9981881976127625, -0.016307666897773743, 0.0, 0.0]","[1.0, 0.0, 1.0, 1.702134609222412, 0.0, 0.03485121205449104, 0.22474192082881927, 0.8082088828086853]",-14.23383567466732
5.699999999999988,199.073486328125,-151.7385711669922,14.24666976928711,-0.041900634765625,0.921875,"[0.5025697946548462, 0.3635999858379364, 0.19743603467941284, 0.9574342370033264]","[0.0, 0.0, -0.0056919436901807785, 2.566666626080405e-05, -0.028997546061873436, 1.0, 0.016333334147930145, -0.0056919436901807785, 0.0, 0.0, 0.9981881976127625, -0.016307666897773743, 0.0, 0.0]","[1.0, 0.0, 1.0, 1.702134609222412, 0.0, 0.03485121205449104, 0.22474192082881927, 0.8082088828086853]",-14.11478221691358
5.749999999999988,199.22872924804688,-151.04273986816406,14.368300437927246,-0.034332275390625,0.921875,"[0.494587779045105, 0.3659999966621399, 0.2593986988067627, 0.860092282295227]","[0.0, 0.0, -0.0056919436901807785, 2.566666626080405e-05, -0.028997546061873436, 1.0, 0.016333334147930145, -0.0056919436901807785, 0.0, 0.0, 0.9981881976127625, -0.016307666897773743, 0.0, 0.0]","[1.0, 0.0, 1.0, 1.702134609222412, 0.0, 0.03485121205449104, 0.22474192082881927, 0.8082088828086853]",-13.995372482085795
5.799999999999987,199.39366149902344,-150.33465576171875,14.650810241699219,-0.026153564453125,0.921875,"[0.4760482907295227, 0.3686999976634979, 0.37643954157829285, 0.7709976434707642]","[0.0, 0.0, -0.0056919436901807785, 2.566666626080405e-05, -0.028997546061873436, 1.0, 0.016333334147930145, -0.0056919436901807785, 0.0, 0.0, 0.9981881976127625, -0.016307666897773743, 0.0, 0.0]","[1.0, 0.0, 1.0, 1.702134609222412, 0.0, 0.03485121205449104, 0.22474192082881927, 0.8082088828086853]",-14.425422293113748
5.849999999999987,199.56747436523438,-149.6151123046875,14.898019790649414,-0.020294189453125,0.921875,"[0.45982521772384644, 0.3763999938964844, 0.32827824354171753, 0.9171959757804871]","[0.0, 0.0, -0.0056919436901807785, 2.566666626080405e-05, -0.028997546061873436, 1.0, 0.016333334147930145, -0.0056919436901807785, 0.0, 0.0, 0.9981881976127625, -0.016307666897773743, 0.0, 0.0]","[1.0, 0.0, 1.0, 1.702134609222412, 0.0, 0.03485121205449104, 0.22474192082881927, 0.8082088828086853]",-14.357044054163964
5.899999999999987,199.74937438964844,-148.88555908203125,15.123180389404297,-0.01800537109375,0.92578125,"[0.4450492262840271, 0.3637999892234802, 0.2999151647090912, 0.9388436079025269]","[0.0, 0.0, -0.0056919436901807785, 2.566666626080405e-05, -0.028997546061873436, 1.0, 0.016333334147930145, -0.0056919436901807785, 0.0, 0.0, 0.9981881976127625, -0.016307666897773743, 0.0, 0.0]","[1.0, 0.0, 1.0, 1.702134609222412, 0.0, 0.03485121205449104, 0.22474192082881927, 0.8082088828086853]",-14.27427821469057
5.949999999999987,199.93917846679688,-148.1469268798828,15.333749771118164,-0.02069091796875,0.9296875,"[0.43123066425323486, 0.3499000072479248, 0.2907679080963135, 0.9512407779693604]","[0.0, 0.0, -0.0056919436901807785, 2.566666626080405e-05, -0.028997546061873436, 1.0, 0.016333334147930145, -0.0056919436901807785, 0.0, 0.0, 0.9981881976127625, -0.016307666897773743, 0.0, 0.0]","[1.0, 0.0, 1.0, 1.702134609222412, 0.0, 0.03485121205449104, 0.22474192082881927, 0.8082088828086853]",-13.984692842880062
5.999999999999987,200.1374053955078,-147.40000915527344,15.534379959106445,-0.028961181640625,0.93359375,"[0.4180644154548645, 0.33480000495910645, 0.30066636204719543, 0.9466648697853088]","[0.0, 0.0, -0.0056919436901807785, 2.566666626080405e-05, -0.028997546061873436, 1.0, 0.016333334147930145, -0.0056919436901807785, 0.0, 0.0, 0.9981881976127625, -0.016307666897773743, 0.0, 0.0]","[1.0, 0.0, 1.0, 1.702134609222412, 0.0, 0.03485121205449104, 0.22474192082881927, 0.8082088828086853]",-13.833489305430998
6.0499999999999865,200.34515380859375,-146.6456298828125,15.727740287780762,-0.04315185546875,0.94140625,"[0.40537530183792114, 0.2985999882221222, 0.32951250672340393, 0.9322099685668945]","[0.0, 0.0, -0.0056919436901807785, 2.566666626080405e-05, -0.028997546061873436, 1.0, 0.016333334147930145, -0.0056919436901807785, 0.0, 0.0, 0.9981881976127625, -0.016307666897773743, 0.0, 0.0]","[1.0, 0.0, 1.0, 1.702134609222412, 0.0, 0.03485121205449104, 0.22474192082881927, 0.8082088828086853]",-13.412889416290383
6.099999999999986,200.5639190673828,-145.88453674316406,15.916139602661133,-0.05853271484375,0.94921875,"[0.3930116295814514, 0.2614000141620636, 0.3643960654735565, 0.929269552230835]","[0.0, 0.0, -0.0056919436901807785, 2.566666626080405e-05, -0.028997546061873436, 1.0, 0.016333334147930145, -0.0056919436901807785, 0.0, 0.0, 0.9981881976127625, -0.016307666897773743, 0.0, 0.0]","[1.0, 0.0, 1.0, 1.702134609222412, 0.0, 0.03485121205449104, 0.22474192082881927, 0.8082088828086853]",-13.004901114443136
6.149999999999986,200.79530334472656,-145.11752319335938,16.10112953186035,-0.07269287109375,0.953125,"[0.3808717727661133, 0.2433999925851822, 0.39578109979629517, 0.9294269680976868]","[0.0, 0.0, -0.0056919436901807785, 2.566666626080405e-05, -0.028997546061873436, 1.0, 0.016333334147930145, -0.0056919436901807785, 0.0, 0.0, 0.9981881976127625, -0.016307666897773743, 0.0, 0.0]","[1.0, 0.0, 1.0, 1.702134609222412, 0.0, 0.03485121205449104, 0.22474192082881927, 0.8082088828086853]",-12.60100960997761
6.199999999999986,201.0409393310547,-144.3453826904297,16.283479690551758,-0.084320068359375,0.953125,"[0.3689051866531372, 0.24560000002384186, 0.42359164357185364, 0.9313838481903076]","[0.0, 0.0, -0.0056919436901807785, 2.566666626080405e-05, -0.028997546061873436, 1.0, 0.016333334147930145, -0.0056919436901807785, 0.0, 0.0, 0.9981881976127625, -0.016307666897773743, 0.0, 0.0]","[1.0, 0.0, 1.0, 1.702134609222412, 0.0, 0.03485121205449104, 0.22474192082881927, 0.8082088828086853]",-12.574528865607915
6.249999999999986,201.30227661132812,-143.56890869140625,16.463899612426758,-0.092132568359375,0.953125,"[0.35706520080566406, 0.24770000576972961, 0.4483565092086792, 0.9368168115615845]","[0.0, 0.0, -0.0056919436901807785, 2.566666626080405e-05, -0.028997546061873436, 1.0, 0.016333334147930145, -0.0056919436901807785, 0.0, 0.0, 0.9981881976127625, -0.016307666897773743, 0.0, 0.0]","[1.0, 0.0, 1.0, 1.702134609222412, 0.0, 0.03485121205449104, 0.22474192082881927, 0.8082088828086853]",-12.15988528365489
6.299999999999986,201.5808563232422,-142.78897094726562,16.642459869384766,-0.097747802734375,0.953125,"[0.3453472852706909, 0.24969999492168427, 0.4730224311351776, 0.9384922385215759]","[0.0, 0.0, -0.0056919436901807785, 2.566666626080405e-05, -0.028997546061873436, 1.0, 0.016333334147930145, -0.0056919436901807785, 0.0, 0.0, 0.9981881976127625, -0.016307666897773743, 0.0, 0.0]","[1.0, 0.0, 1.0, 1.702134609222412, 0.0, 0.03485121205449104, 0.22474192082881927, 0.8082088828086853]",-11.712068870805075
6.349999999999985,201.87808227539062,-142.0065155029297,16.819040298461914,-0.1019287109375,0.953125,"[0.33375924825668335, 0.2517000138759613, 0.497389018535614, 0.9399763941764832]","[0.0, 0.0, -0.0056919436901807785, 2.566666626080405e-05, -0.028997546061873436, 1.0, 0.016333334147930145, -0.0056919436901807785, 0.0, 0.0, 0.9981881976127625, -0.016307666897773743, 0.0, 0.0]","[1.0, 0.0, 1.0, 1.702134609222412, 0.0, 0.03485121205449104, 0.22474192082881927, 0.8082088828086853]",-11.24244558714113
6.399999999999985,202.1953887939453,-141.2225799560547,16.993330001831055,-0.105560302734375,0.953125,"[0.3223215937614441, 0.25369998812675476, 0.5217674970626831, 0.9404900670051575]","[0.0, 0.0, -0.0056919436901807785, 2.566666626080405e-05, -0.028997546061873436, 1.0, 0.016333334147930145, -0.0056919436901807785, 0.0, 0.0, 0.9981881976127625, -0.016307666897773743, 0.0, 0.0]","[1.0, 0.0, 1.0, 1.702134609222412, 0.0, 0.03485121205449104, 0.22474192082881927, 0.8082088828086853]",-11.069435542126818
6.449999999999985,202.53379821777344,-140.4381103515625,17.166610717773438,-0.109771728515625,0.953125,"[0.3109501600265503, 0.2558000087738037, 0.5393516421318054, 0.949726402759552]","[0.0, 0.0, -0.0056919436901807785, 2.566666626080405e-05, -0.028997546061873436, 1.0, 0.016333334147930145, -0.0056919436901807785, 0.0, 0.0, 0.9981881976127625, -0.016307666897773743, 0.0, 0.0]","[1.0, 0.0, 1.0, 1.702134609222412, 0.0, 0.03485121205449104, 0.22474192082881927, 0.8082088828086853]",-10.601228114378207
6.499999999999985,202.89491271972656,-139.65452575683594,17.334579467773438,-0.113739013671875,0.953125,"[0.299927294254303, 0.2572999894618988, 0.5718544721603394, 0.9290147423744202]","[0.0, 0.0, -0.0056919436901807785, 2.566666626080405e-05, -0.028997546061873436, 1.0, 0.016333334147930145, -0.0056919436901807785, 0.0, 0.0, 0.9981881976127625, -0.016307666897773743, 0.0, 0.0]","[1.0, 0.0, 1.0, 1.702134609222412, 0.0, 0.03485121205449104, 0.22474192082881927, 0.8082088828086853]",-10.129611207163025
6.549999999999985,203.27989196777344,-138.87315368652344,17.499710083007812,-0.11767578125,0.953125,"[0.289090633392334, 0.2590999901294708, 0.5934826135635376, 0.9429492354393005]","[0.0, 0.0, -0.0056919436901807785, 2.566666626080405e-05, -0.028997546061873436, 1.0, 0.016333334147930145, -0.0056919436901807785, 0.0, 0.0, 0.9981881976127625, -0.016307666897773743, 0.0, 0.0]","[1.0, 0.0, 1.0, 1.702134609222412, 0.0, 0.03485121205449104, 0.22474192082881927, 0.8082088828086853]",-9.662904179908624
6.5999999999999845,203.689697265625,-138.09539794921875,17.6618595123291,-0.12115478515625,0.953125,"[0.2784497141838074, 0.26089999079704285, 0.6146373748779297, 0.9434871077537537]","[0.0, 0.0, -0.0056919436901807785, 2.566666626080405e-05, -0.028997546061873436, 1.0, 0.016333334147930145, -0.0056919436901807785, 0.0, 0.0, 0.9981881976127625, -0.016307666897773743, 0.0, 0.0]","[1.0, 0.0, 1.0, 1.702134609222412, 0.0, 0.03485121205449104, 0.22474192082881927, 0.8082088828086853]",-9.204339564042963
6.649999999999984,204.12513732910156,-137.32249450683594,17.8222599029541,-0.12176513671875,0.953125,"[0.2679235339164734, 0.262800008058548, 0.6310373544692993, 0.9497475028038025]","[0.0, 0.0, -0.0056919436901807785, 2.566666626080405e-05, -0.028997546061873436, 1.0, 0.016333334147930145, -0.0056919436901807785, 0.0, 0.0, 0.9981881976127625, -0.016307666897773743, 0.0, 0.0]","[1.0, 0.0, 1.0, 1.702134609222412, 0.0, 0.03485121205449104, 0.22474192082881927, 0.8082088828086853]",-9.154013076490251
6.699999999999984,204.58677673339844,-136.55575561523438,17.97905921936035,-0.12176513671875,0.92578125,"[0.25763362646102905, 0.41909998655319214, 0.6452426314353943, 0.9499322175979614]","[0.0, 0.0, -0.0056919436901807785, 2.566666626080405e-05, -0.028997546061873436, 1.0, 0.016333334147930145, -0.0056919436901807785, 0.0, 0.0, 0.9981881976127625, -0.016307666897773743, 0.0, 0.0]","[1.0, 0.0, 1.0, 1.702134609222412, 0.0, 0.03485121205449104, 0.22474192082881927, 0.8082088828086853]",-8.742697573697033
6.749999999999984,205.0750732421875,-135.79666137695312,18.129709243774414,-0.1217041015625,0.9140625,"[0.2477473020553589, 0.4884999990463257, 0.6567920446395874, 0.9489119052886963]","[0.0, 0.0, -0.0056919436901807785, 2.566666626080405e-05, -0.028997546061873436, 1.0, 0.016333334147930145, -0.0056919436901807785, 0.0, 0.0, 0.9981881976127625, -0.016307666897773743, 0.0, 0.0]","[1.0, 0.0, 1.0, 1.702134609222412, 0.0, 0.03485121205449104, 0.22474192082881927, 0.8082088828086853]",-8.347592656708922
6.799999999999984,205.5902557373047,-135.04669189453125,18.273019790649414,-0.12030029296875,0.87890625,"[0.23834264278411865, 0.6930000185966492, 0.6636043787002563, 0.9512386322021484]","[0.0, 0.0, -0.0056919436901807785, 2.566666626080405e-05, -0.028997546061873436, 1.0, 0.016333334147930145, -0.0056919436901807785, 0.0, 0.0, 0.9981881976127625, -0.016307666897773743, 0.0, 0.0]","[1.0, 0.0, 1.0, 1.702134609222412, 0.0, 0.03485121205449104, 0.22474192082881927, 0.8082088828086853]",-7.964518308926666
6.849999999999984,206.13211059570312,-134.30728149414062,18.40740966796875,-0.11590576171875,0.84375,"[0.22952336072921753, 0.9004999995231628, 0.6588413119316101, 0.9539775848388672]","[0.0, 0.0, -0.0056919436901807785, 2.566666626080405e-05, -0.028997546061873436, 1.0, 0.016333334147930145, -0.0056919436901807785, 0.0, 0.0, 0.9981881976127625, -0.016307666897773743, 0.0, 0.0]","[1.0, 0.0, 1.0, 1.702134609222412, 0.0, 0.03485121205449104, 0.22474192082881927, 0.8082088828086853]",-8.101279740088025
6.8999999999999835,206.70013427734375,-133.57958984375,18.533010482788086,-0.108795166015625,0.82421875,"[0.22128087282180786, 1.0, 0.6524364948272705, 0.9552103877067566]","[0.0, 0.0, -0.0056919436901807785, 2.566666626080405e-05, -0.028997546061873436, 1.0, 0.016333334147930145, -0.0056919436901807785, 0.0, 0.0, 0.9981881976127625, -0.016307666897773743, 0.0, 0.0]","[1.0, 0.0, 1.0, 1.702134609222412, 0.0, 0.03485121205449104, 0.22474192082881927, 0.8082088828086853]",-7.7712882166016275
6.949999999999983,207.29356384277344,-132.86459350585938,18.65131950378418,-0.099578857421875,0.8046875,"[0.2135169506072998, 1.0, 0.6421512365341187, 0.9564184546470642]","[0.0, 0.0, -0.0056919436901807785, 2.566666626080405e-05, -0.028997546061873436, 1.0, 0.016333334147930145, -0.0056919436901807785, 0.0, 0.0, 0.9981881976127625, -0.016307666897773743, 0.0, 0.0]","[1.0, 0.0, 1.0, 1.702134609222412, 0.0, 0.03485121205449104, 0.22474192082881927, 0.8082088828086853]",-7.431003187273225
6.999999999999983,207.9115447998047,-132.16297912597656,18.76374053955078,-0.089324951171875,0.79296875,"[0.20613932609558105, 1.0, 0.6260615587234497, 0.9565482139587402]","[0.0, 0.0, -0.0056919436901807785, 2.566666626080405e-05, -0.028997546061873436, 1.0, 0.016333334147930145, -0.0056919436901807785, 0.0, 0.0, 0.9981881976127625, -0.016307666897773743, 0.0, 0.0]","[1.0, 0.0, 1.0, 1.702134609222412, 0.0, 0.03485121205449104, 0.22474192082881927, 0.8082088828086853]",-7.081961482505372
7.049999999999983,208.55300903320312,-131.4752197265625,18.871299743652344,-0.07989501953125,0.78125,"[0.19908082485198975, 1.0, 0.6087872982025146, 0.9572651982307434]","[0.0, 0.0, -0.0056919436901807785, 2.566666626080405e-05, -0.028997546061873436, 1.0, 0.016333334147930145, -0.0056919436901807785, 0.0, 0.0, 0.9981881976127625, -0.016307666897773743, 0.0, 0.0]","[1.0, 0.0, 1.0, 1.702134609222412, 0.0, 0.03485121205449104, 0.22474192082881927, 0.8082088828086853]",-7.331411990630317
7.099999999999983,209.21690368652344,-130.80165100097656,18.975160598754883,-0.072509765625,0.78125,"[0.19226497411727905, 1.0, 0.5921455025672913, 0.9593806266784668]","[0.0, 0.0, -0.0056919436901807785, 2.566666626080405e-05, -0.028997546061873436, 1.0, 0.016333334147930145, -0.0056919436901807785, 0.0, 0.0, 0.9981881976127625, -0.016307666897773743, 0.0, 0.0]","[1.0, 0.0, 1.0, 1.702134609222412, 0.0, 0.03485121205449104, 0.22474192082881927, 0.8082088828086853]",-7.077522189120989
7.149999999999983,209.90234375,-130.1425018310547,19.07663917541504,-0.0675048828125,0.77734375,"[0.18560552597045898, 1.0, 0.5768461227416992, 0.9623556733131409]","[0.0, 0.0, -0.0056919436901807785, 2.566666626080405e-05, -0.028997546061873436, 1.0, 0.016333334147930145, -0.0056919436901807785, 0.0, 0.0, 0.9981881976127625, -0.016307666897773743, 0.0, 0.0]","[1.0, 0.0, 1.0, 1.702134609222412, 0.0, 0.03485121205449104, 0.22474192082881927, 0.8082088828086853]",-6.741942129505395
7.199999999999982,210.60829162597656,-129.49789428710938,19.176450729370117,-0.06494140625,0.77734375,"[0.17905545234680176, 1.0, 0.5631494522094727, 0.9654349684715271]","[0.0, 0.0, -0.0056919436901807785, 2.566666626080405e-05, -0.028997546061873436, 1.0, 0.016333334147930145, -0.0056919436901807785, 0.0, 0.0, 0.9981881976127625, -0.016307666897773743, 0.0, 0.0]","[1.0, 0.0, 1.0, 1.702134609222412, 0.0, 0.03485121205449104, 0.22474192082881927, 0.8082088828086853]",-6.272430733481874
7.249999999999982,211.33399963378906,-128.86790466308594,19.27543067932129,-0.064117431640625,0.77734375,"[0.172559916973114, 1.0, 0.5507824420928955, 0.9683824181556702]","[0.0, 0.0, -0.0056919436901807785, 2.566666626080405e-05, -0.028997546061873436, 1.0, 0.016333334147930145, -0.0056919436901807785, 0.0, 0.0, 0.9981881976127625, -0.016307666897773743, 0.0, 0.0]","[1.0, 0.0, 1.0, 1.702134609222412, 0.0, 0.03485121205449104, 0.22474192082881927, 0.8082088828086853]",-6.352758357994059
7.299999999999982,212.07861328125,-128.25254821777344,19.374229431152344,-0.06414794921875,0.77734375,"[0.16607630252838135, 1.0, 0.53919517993927, 0.9706135988235474]","[0.0, 0.0, -0.0056919436901807785, 2.566666626080405e-05, -0.028997546061873436, 1.0, 0.016333334147930145, -0.0056919436901807785, 0.0, 0.0, 0.9981881976127625, -0.016307666897773743, 0.0, 0.0]","[1.0, 0.0, 1.0, 1.702134609222412, 0.0, 0.03485121205449104, 0.22474192082881927, 0.8082088828086853]",-5.9750106149335735
7.349999999999982,212.84141540527344,-127.6518325805664,19.473190307617188,-0.064605712890625,0.77734375,"[0.15958207845687866, 1.0, 0.5287898778915405, 0.9726349711418152]","[0.0, 0.0, -0.0056919436901807785, 2.566666626080405e-05, -0.028997546061873436, 1.0, 0.016333334147930145, -0.0056919436901807785, 0.0, 0.0, 0.9981881976127625, -0.016307666897773743, 0.0, 0.0]","[1.0, 0.0, 1.0, 1.702134609222412, 0.0, 0.03485121205449104, 0.22474192082881927, 0.8082088828086853]",-5.59092468602145
7.399999999999982,213.62171936035156,-127.0656967163086,19.57175064086914,-0.06512451171875,0.765625,"[0.15311408042907715, 1.0, 0.5190760493278503, 0.9737158417701721]","[0.0, 0.0, -0.0056919436901807785, 2.566666626080405e-05, -0.028997546061873436, 1.0, 0.016333334147930145, -0.0056919436901807785, 0.0, 0.0, 0.9981881976127625, -0.016307666897773743, 0.0, 0.0]","[1.0, 0.0, 1.0, 1.702134609222412, 0.0, 0.03485121205449104, 0.22474192082881927, 0.8082088828086853]",-5.204884676207449
7.4499999999999815,214.4188995361328,-126.49434661865234,19.66716957092285,-0.06634521484375,0.73828125,"[0.1468523144721985, 1.0, 0.5104171633720398, 0.9735026359558105]","[0.0, 0.0, -0.0056919436901807785, 2.566666626080405e-05, -0.028997546061873436, 1.0, 0.016333334147930145, -0.0056919436901807785, 0.0, 0.0, 0.9981881976127625, -0.016307666897773743, 0.0, 0.0]","[1.0, 0.0, 1.0, 1.702134609222412, 0.0, 0.03485121205449104, 0.22474192082881927, 0.8082088828086853]",-5.293915558845295
7.499999999999981,215.2322540283203,-125.938232421875,19.754779815673828,-0.06939697265625,0.6953125,"[0.14110291004180908, 1.0, 0.5038241744041443, 0.9688029289245605]","[0.0, 0.0, -0.0056919436901807785, 2.566666626080405e-05, -0.028997546061873436, 1.0, 0.016333334147930145, -0.0056919436901807785, 0.0, 0.0, 0.9981881976127625, -0.016307666897773743, 0.0, 0.0]","[1.0, 0.0, 1.0, 1.702134609222412, 0.0, 0.03485121205449104, 0.22474192082881927, 0.8082088828086853]",-4.940337919840678
7.549999999999981,216.06117248535156,-125.39820098876953,19.828880310058594,-0.07452392578125,0.63671875,"[0.13624006509780884, 1.0, 0.498727947473526, 0.9613543152809143]","[0.0, 0.0, -0.0056919436901807785, 2.566666626080405e-05, -0.028997546061873436, 1.0, 0.016333334147930145, -0.0056919436901807785, 0.0, 0.0, 0.9981881976127625, -0.016307666897773743, 0.0, 0.0]","[1.0, 0.0, 1.0, 1.702134609222412, 0.0, 0.03485121205449104, 0.22474192082881927, 0.8082088828086853]",-4.641384454563475
7.599999999999981,216.90472412109375,-124.87545776367188,19.884870529174805,-0.0811767578125,0.5859375,"[0.13256579637527466, 1.0, 0.4949248731136322, 0.9554409980773926]","[0.0, 0.0, -0.0056919436901807785, 2.566666626080405e-05, -0.028997546061873436, 1.0, 0.016333334147930145, -0.0056919436901807785, 0.0, 0.0, 0.9981881976127625, -0.016307666897773743, 0.0, 0.0]","[1.0, 0.0, 1.0, 1.702134609222412, 0.0, 0.03485121205449104, 0.22474192082881927, 0.8082088828086853]",-4.326840247030725
7.649999999999981,217.7620391845703,-124.3713150024414,19.92180061340332,-0.08709716796875,0.546875,"[0.1301422119140625, 1.0, 0.49101802706718445, 0.9559950232505798]","[0.0, 0.0, -0.0056919436901807785, 2.566666626080405e-05, -0.028997546061873436, 1.0, 0.016333334147930145, -0.0056919436901807785, 0.0, 0.0, 0.9981881976127625, -0.016307666897773743, 0.0, 0.0]","[1.0, 0.0, 1.0, 1.702134609222412, 0.0, 0.03485121205449104, 0.22474192082881927, 0.8082088828086853]",-4.01658929562981
7.699999999999981,218.63211059570312,-123.88697052001953,19.941699981689453,-0.0899658203125,0.51953125,"[0.12883633375167847, 1.0, 0.4855344891548157, 0.9621564745903015]","[0.0, 0.0, -0.0056919436901807785, 2.566666626080405e-05, -0.028997546061873436, 1.0, 0.016333334147930145, -0.0056919436901807785, 0.0, 0.0, 0.9981881976127625, -0.016307666897773743, 0.0, 0.0]","[1.0, 0.0, 1.0, 1.702134609222412, 0.0, 0.03485121205449104, 0.22474192082881927, 0.8082088828086853]",-3.409031819012478
7.7499999999999805,219.5139923095703,-123.42341613769531,19.946529388427734,-0.090362548828125,0.4880828857421875,"[0.12851941585540771, 1.0, 0.4801538288593292, 0.9677839875221252]","[0.0, 0.0, -0.0056919436901807785, 2.566666626080405e-05, -0.028997546061873436, 1.0, 0.016333334147930145, -0.0056919436901807785, 0.0, 0.0, 0.9981881976127625, -0.016307666897773743, 0.0, 0.0]","[1.0, 0.0, 1.0, 1.702134609222412, 0.0, 0.03485121205449104, 0.22474192082881927, 0.8082088828086853]",-2.8698225419141123
7.79999999999998,220.40670776367188,-122.98165130615234,19.935890197753906,-0.0899658203125,0.440460205078125,"[0.12921762466430664, 1.0, 0.4754009246826172, 0.9669771790504456]","[0.0, 0.0, -0.0056919436901807785, 2.566666626080405e-05, -0.028997546061873436, 1.0, 0.016333334147930145, -0.0056919436901807785, 0.0, 0.0, 0.9981881976127625, -0.016307666897773743, 0.0, 0.0]","[1.0, 0.0, 1.0, 1.702134609222412, 0.0, 0.03485121205449104, 0.22474192082881927, 0.8082088828086853]",-2.4175985308228958
7.84999999999998,221.30921936035156,-122.562744140625,19.90842056274414,-0.089935302734375,0.396820068359375,"[0.13102030754089355, 1.0, 0.4747065007686615, 0.9629085659980774]","[0.0, 0.0, -0.0056919436901807785, 2.566666626080405e-05, -0.028997546061873436, 1.0, 0.016333334147930145, -0.0056919436901807785, 0.0, 0.0, 0.9981881976127625, -0.016307666897773743, 0.0, 0.0]","[1.0, 0.0, 1.0, 1.702134609222412, 0.0, 0.03485121205449104, 0.22474192082881927, 0.8082088828086853]",-2.242762314380763
7.89999999999998,222.22036743164062,-122.1677474975586,19.864219665527344,-0.090301513671875,0.3610992431640625,"[0.13392096757888794, 1.0, 0.5002896785736084, 0.9605227708816528]","[0.0, 0.0, -0.0056919436901807785, 2.566666626080405e-05, -0.028997546061873436, 1.0, 0.016333334147930145, -0.0056919436901807785, 0.0, 0.0, 0.9981881976127625, -0.016307666897773743, 0.0, 0.0]","[1.0, 0.0, 1.0, 1.702134609222412, 0.0, 0.03485121205449104, 0.22474192082881927, 0.8082088828086853]",-1.9565328662130343
7.94999999999998,223.1389617919922,-121.79767608642578,19.803150177001953,-0.091156005859375,0.3095245361328125,"[0.13792860507965088, 1.0, 0.5234935879707336, 0.9577205777168274]","[0.0, 0.0, -0.0056919436901807785, 2.566666626080405e-05, -0.028997546061873436, 1.0, 0.016333334147930145, -0.0056919436901807785, 0.0, 0.0, 0.9981881976127625, -0.016307666897773743, 0.0, 0.0]","[1.0, 0.0, 1.0, 1.702134609222412, 0.0, 0.03485121205449104, 0.22474192082881927, 0.8082088828086853]",-1.7794528402403489
7.99999999999998,224.0637664794922,-121.45342254638672,19.726890563964844,-0.09173583984375,0.2976226806640625,"[0.14293313026428223, 1.0, 0.5437771677970886, 0.9577180743217468]","[0.0, 0.0, -0.0056919436901807785, 2.566666626080405e-05, -0.028997546061873436, 1.0, 0.016333334147930145, -0.0056919436901807785, 0.0, 0.0, 0.9981881976127625, -0.016307666897773743, 0.0, 0.0]","[1.0, 0.0, 1.0, 1.702134609222412, 0.0, 0.03485121205449104, 0.22474192082881927, 0.8082088828086853]",-1.7533038400004006
8.04999999999998,224.9936065673828,-121.13568115234375,19.640199661254883,-0.09173583984375,0.2976226806640625,"[0.14862215518951416, 1.0, 0.558081328868866, 0.9620481729507446]","[0.0, 0.0, -0.0056919436901807785, 2.566666626080405e-05, -0.028997546061873436, 1.0, 0.016333334147930145, -0.0056919436901807785, 0.0, 0.0, 0.9981881976127625, -0.016307666897773743, 0.0, 0.0]","[1.0, 0.0, 1.0, 1.702134609222412, 0.0, 0.03485121205449104, 0.22474192082881927, 0.8082088828086853]",-1.8422736299723739
8.09999999999998,225.927490234375,-120.844970703125,19.54673957824707,-0.09173583984375,0.2976226806640625,"[0.15475541353225708, 1.0, 0.5685442090034485, 0.9653492569923401]","[0.0, 0.0, -0.0056919436901807785, 2.566666626080405e-05, -0.028997546061873436, 1.0, 0.016333334147930145, -0.0056919436901807785, 0.0, 0.0, 0.9981881976127625, -0.016307666897773743, 0.0, 0.0]","[1.0, 0.0, 1.0, 1.702134609222412, 0.0, 0.03485121205449104, 0.22474192082881927, 0.8082088828086853]",-2.083075184345747
8.14999999999998,226.86448669433594,-120.58169555664062,19.449169158935547,-0.09130859375,0.2976226806640625,"[0.16115844249725342, 1.0, 0.5741604566574097, 0.9679751992225647]","[0.0, 0.0, -0.0056919436901807785, 2.566666626080405e-05, -0.028997546061873436, 1.0, 0.016333334147930145, -0.0056919436901807785, 0.0, 0.0, 0.9981881976127625, -0.016307666897773743, 0.0, 0.0]","[1.0, 0.0, 1.0, 1.702134609222412, 0.0, 0.03485121205449104, 0.22474192082881927, 0.8082088828086853]",-2.449254620131719
8.199999999999982,227.8037872314453,-120.3459243774414,19.351530075073242,-0.08819580078125,0.3174591064453125,"[0.1675659418106079, 1.0, 0.5721508264541626, 0.9708619713783264]","[0.0, 0.0, -0.0056919436901807785, 2.566666626080405e-05, -0.028997546061873436, 1.0, 0.016333334147930145, -0.0056919436901807785, 0.0, 0.0, 0.9981881976127625, -0.016307666897773743, 0.0, 0.0]","[1.0, 0.0, 1.0, 1.702134609222412, 0.0, 0.03485121205449104, 0.22474192082881927, 0.8082088828086853]",-2.8995322300152093
8.249999999999982,228.74462890625,-120.1372299194336,19.257539749145508,-0.081146240234375,0.3174591064453125,"[0.17373400926589966, 1.0, 0.5579068660736084, 0.966361403465271]","[0.0, 0.0, -0.0056919436901807785, 2.566666626080405e-05, -0.028997546061873436, 1.0, 0.016333334147930145, -0.0056919436901807785, 0.0, 0.0, 0.9981881976127625, -0.016307666897773743, 0.0, 0.0]","[1.0, 0.0, 1.0, 1.702134609222412, 0.0, 0.03485121205449104, 0.22474192082881927, 0.8082088828086853]",-3.207931694017396
8.299999999999983,229.6863555908203,-119.95492553710938,19.167619705200195,-0.07275390625,0.3174591064453125,"[0.17963498830795288, 1.0, 0.5399885773658752, 0.9627739787101746]","[0.0, 0.0, -0.0056919436901807785, 2.566666626080405e-05, -0.028997546061873436, 1.0, 0.016333334147930145, -0.0056919436901807785, 0.0, 0.0, 0.9981881976127625, -0.016307666897773743, 0.0, 0.0]","[1.0, 0.0, 1.0, 1.702134609222412, 0.0, 0.03485121205449104, 0.22474192082881927, 0.8082088828086853]",-3.7091616372368925
8.349999999999984,230.62835693359375,-119.79816436767578,19.08186912536621,-0.064117431640625,0.3174591064453125,"[0.18526232242584229, 1.0, 0.5194408893585205, 0.9599841833114624]","[0.0, 0.0, -0.0056919436901807785, 2.566666626080405e-05, -0.028997546061873436, 1.0, 0.016333334147930145, -0.0056919436901807785, 0.0, 0.0, 0.9981881976127625, -0.016307666897773743, 0.0, 0.0]","[1.0, 0.0, 1.0, 1.702134609222412, 0.0, 0.03485121205449104, 0.22474192082881927, 0.8082088828086853]",-4.235068361354288
8.399999999999984,231.5699920654297,-119.66588592529297,19.0006103515625,-0.056304931640625,0.3253936767578125,"[0.19059491157531738, 1.0, 0.4972510039806366, 0.9588546752929688]","[0.0, 0.0, -0.0056919436901807785, 2.566666626080405e-05, -0.028997546061873436, 1.0, 0.016333334147930145, -0.0056919436901807785, 0.0, 0.0, 0.9981881976127625, -0.016307666897773743, 0.0, 0.0]","[1.0, 0.0, 1.0, 1.702134609222412, 0.0, 0.03485121205449104, 0.22474192082881927, 0.8082088828086853]",-4.776240331561981
8.449999999999985,232.5107421875,-119.55696105957031,18.923900604248047,-0.050079345703125,0.3253936767578125,"[0.19562888145446777, 1.0, 0.4746263921260834, 0.9592806696891785]","[0.0, 0.0, -0.0056919436901807785, 2.566666626080405e-05, -0.028997546061873436, 1.0, 0.016333334147930145, -0.0056919436901807785, 0.0, 0.0, 0.9981881976127625, -0.016307666897773743, 0.0, 0.0]","[1.0, 0.0, 1.0, 1.702134609222412, 0.0, 0.03485121205449104, 0.22474192082881927, 0.8082088828086853]",-5.086916240856687
8.499999999999986,233.45016479492188,-119.47007751464844,18.851600646972656,-0.044342041015625,0.3253936767578125,"[0.2003735899925232, 1.0, 0.4491542875766754, 0.9571258425712585]","[0.0, 0.0, -0.0056919436901807785, 2.566666626080405e-05, -0.028997546061873436, 1.0, 0.016333334147930145, -0.0056919436901807785, 0.0, 0.0, 0.9981881976127625, -0.016307666897773743, 0.0, 0.0]","[1.0, 0.0, 1.0, 1.702134609222412, 0.0, 0.03485121205449104, 0.22474192082881927, 0.8082088828086853]",-5.626574147098727
8.549999999999986,234.3878631591797,-119.40377807617188,18.78329086303711,-0.03973388671875,0.3253936767578125,"[0.20485639572143555, 1.0, 0.42326900362968445, 0.9576076865196228]","[0.0, 0.0, -0.0056919436901807785, 2.566666626080405e-05, -0.028997546061873436, 1.0, 0.016333334147930145, -0.0056919436901807785, 0.0, 0.0, 0.9981881976127625, -0.016307666897773743, 0.0, 0.0]","[1.0, 0.0, 1.0, 1.702134609222412, 0.0, 0.03485121205449104, 0.22474192082881927, 0.8082088828086853]",-6.159425212017683
8.599999999999987,235.32347106933594,-119.35640716552734,18.719160079956055,-0.0341796875,0.3253936767578125,"[0.20906490087509155, 1.0, 0.3921322822570801, 0.9530917406082153]","[0.0, 0.0, -0.0056919436901807785, 2.566666626080405e-05, -0.028997546061873436, 1.0, 0.016333334147930145, -0.0056919436901807785, 0.0, 0.0, 0.9981881976127625, -0.016307666897773743, 0.0, 0.0]","[1.0, 0.0, 1.0, 1.702134609222412, 0.0, 0.03485121205449104, 0.22474192082881927, 0.8082088828086853]",-6.693721943508115
8.649999999999988,236.25677490234375,-119.32604217529297,18.65913963317871,-0.027557373046875,0.3253936767578125,"[0.2130037546157837, 1.0, 0.35678812861442566, 0.9492133259773254]","[0.0, 0.0, -0.0056919436901807785, 2.566666626080405e-05, -0.028997546061873436, 1.0, 0.016333334147930145, -0.0056919436901807785, 0.0, 0.0, 0.9981881976127625, -0.016307666897773743, 0.0, 0.0]","[1.0, 0.0, 1.0, 1.702134609222412, 0.0, 0.03485121205449104, 0.22474192082881927, 0.8082088828086853]",-6.920056549282043
8.699999999999989,237.18765258789062,-119.3106689453125,18.602739334106445,-0.02069091796875,0.3253936767578125,"[0.21670496463775635, 1.0, 0.31561538577079773, 0.9480134844779968]","[0.0, 0.0, -0.0056919436901807785, 2.566666626080405e-05, -0.028997546061873436, 1.0, 0.016333334147930145, -0.0056919436901807785, 0.0, 0.0, 0.9981881976127625, -0.016307666897773743, 0.0, 0.0]","[1.0, 0.0, 1.0, 1.702134609222412, 0.0, 0.03485121205449104, 0.22474192082881927, 0.8082088828086853]",-7.443805918133071
8.74999999999999,238.1160125732422,-119.30815124511719,18.54953956604004,-0.013092041015625,0.3253936767578125,"[0.22019612789154053, 1.0, 0.2700311839580536, 0.9451307654380798]","[0.0, 0.0, -0.0056919436901807785, 2.566666626080405e-05, -0.028997546061873436, 1.0, 0.016333334147930145, -0.0056919436901807785, 0.0, 0.0, 0.9981881976127625, -0.016307666897773743, 0.0, 0.0]","[1.0, 0.0, 1.0, 1.702134609222412, 0.0, 0.03485121205449104, 0.22474192082881927, 0.8082088828086853]",-7.95945202216304
8.79999999999999,239.0418243408203,-119.31607055664062,18.49909019470215,-0.00390625,0.3253936767578125,"[0.2235068678855896, 1.0, 0.21864570677280426, 0.9394565224647522]","[0.0, 0.0, -0.0056919436901807785, 2.566666626080405e-05, -0.028997546061873436, 1.0, 0.016333334147930145, -0.0056919436901807785, 0.0, 0.0, 0.9981881976127625, -0.016307666897773743, 0.0, 0.0]","[1.0, 0.0, 1.0, 1.702134609222412, 0.0, 0.03485121205449104, 0.22474192082881927, 0.8082088828086853]",-8.467116999039021
8.84999999999999,239.96514892578125,-119.33207702636719,18.45054054260254,0.0042724609375,0.3253936767578125,"[0.22669291496276855, 1.0, 0.16966372728347778, 0.9421535134315491]","[0.0, 0.0, -0.0056919436901807785, 2.566666626080405e-05, -0.028997546061873436, 1.0, 0.016333334147930145, -0.0056919436901807785, 0.0, 0.0, 0.9981881976127625, -0.016307666897773743, 0.0, 0.0]","[1.0, 0.0, 1.0, 1.702134609222412, 0.0, 0.03485121205449104, 0.22474192082881927, 0.8082088828086853]",-8.571789607588602
8.899999999999991,240.8860321044922,-119.35418701171875,18.403179168701172,0.00848388671875,0.3253936767578125,"[0.2298009991645813, 1.0, 0.13195031881332397, 0.9541767835617065]","[0.0, 0.0, -0.0056919436901807785, 2.566666626080405e-05, -0.028997546061873436, 1.0, 0.016333334147930145, -0.0056919436901807785, 0.0, 0.0, 0.9981881976127625, -0.016307666897773743, 0.0, 0.0]","[1.0, 0.0, 1.0, 1.702134609222412, 0.0, 0.03485121205449104, 0.22474192082881927, 0.8082088828086853]",-9.010772060889394
8.949999999999992,241.804443359375,-119.38063049316406,18.356670379638672,0.01104736328125,0.3253936767578125,"[0.23285311460494995, 1.0, 0.10055428743362427, 0.9583667516708374]","[0.0, 0.0, -0.0056919436901807785, 2.566666626080405e-05, -0.028997546061873436, 1.0, 0.016333334147930145, -0.0056919436901807785, 0.0, 0.0, 0.9981881976127625, -0.016307666897773743, 0.0, 0.0]","[1.0, 0.0, 1.0, 1.702134609222412, 0.0, 0.03485121205449104, 0.22474192082881927, 0.8082088828086853]",-9.421686629136119
8.999999999999993,242.7205047607422,-119.4103012084961,18.310760498046875,0.007843017578125,0.3253936767578125,"[0.23586595058441162, 1.0, 0.08942417800426483, 0.9783619046211243]","[0.0, 0.0, -0.0056919436901807785, 2.566666626080405e-05, -0.028997546061873436, 1.0, 0.016333334147930145, -0.0056919436901807785, 0.0, 0.0, 0.9981881976127625, -0.016307666897773743, 0.0, 0.0]","[1.0, 0.0, 1.0, 1.702134609222412, 0.0, 0.03485121205449104, 0.22474192082881927, 0.8082088828086853]",-9.81415365003707
9.049999999999994,243.6341552734375,-119.44246673583984,18.265289306640625,0.0032958984375,0.3253936767578125,"[0.238849937915802, 1.0, 0.07975604385137558, 0.9837537407875061]","[0.0, 0.0, -0.0056919436901807785, 2.566666626080405e-05, -0.028997546061873436, 1.0, 0.016333334147930145, -0.0056919436901807785, 0.0, 0.0, 0.9981881976127625, -0.016307666897773743, 0.0, 0.0]","[1.0, 0.0, 1.0, 1.702134609222412, 0.0, 0.03485121205449104, 0.22474192082881927, 0.8082088828086853]",-9.686372313990974
9.099999999999994,244.5454864501953,-119.47622680664062,18.22018051147461,0.00189208984375,0.3253936767578125,"[0.24181020259857178, 1.0, 0.06376703083515167, 0.9774191975593567]","[0.0, 0.0, -0.0056919436901807785, 2.566666626080405e-05, -0.028997546061873436, 1.0, 0.016333334147930145, -0.0056919436901807785, 0.0, 0.0, 0.9981881976127625, -0.016307666897773743, 0.0, 0.0]","[1.0, 0.0, 1.0, 1.702134609222412, 0.0, 0.03485121205449104, 0.22474192082881927, 0.8082088828086853]",-10.065877176818702
9.149999999999995,245.4545135498047,-119.5107650756836,18.175350189208984,0.001953125,0.3253936767578125,"[0.2447521686553955, 1.0, 0.04993274435400963, 0.9797621965408325]","[0.0, 0.0, -0.0056919436901807785, 2.566666626080405e-05, -0.028997546061873436, 1.0, 0.016333334147930145, -0.0056919436901807785, 0.0, 0.0, 0.9981881976127625, -0.016307666897773743, 0.0, 0.0]","[1.0, 0.0, 1.0, 1.702134609222412, 0.0, 0.03485121205449104, 0.22474192082881927, 0.8082088828086853]",-10.385646178181291
9.199999999999996,246.36129760742188,-119.54549407958984,18.130760192871094,0.002685546875,0.3253936767578125,"[0.24767833948135376, 1.0, 0.04307955503463745, 0.9832268357276917]","[0.0, 0.0, -0.0056919436901807785, 2.566666626080405e-05, -0.028997546061873436, 1.0, 0.016333334147930145, -0.0056919436901807785, 0.0, 0.0, 0.9981881976127625, -0.016307666897773743, 0.0, 0.0]","[1.0, 0.0, 1.0, 1.702134609222412, 0.0, 0.03485121205449104, 0.22474192082881927, 0.8082088828086853]",-10.670109975779763
9.249999999999996,247.26589965820312,-119.57987213134766,18.086589813232422,0.0042724609375,0.3293609619140625,"[0.2505769729614258, 1.0, 0.05262989178299904, 0.9835279583930969]","[0.0, 0.0, -0.0056919436901807785, 2.566666626080405e-05, -0.028997546061873436, 1.0, 0.016333334147930145, -0.0056919436901807785, 0.0, 0.0, 0.9981881976127625, -0.016307666897773743, 0.0, 0.0]","[1.0, 0.0, 1.0, 1.702134609222412, 0.0, 0.03485121205449104, 0.22474192082881927, 0.8082088828086853]",-10.330303977324466
9.299999999999997,248.16831970214844,-119.61354064941406,18.04347038269043,0.0052490234375,0.3372955322265625,"[0.25340670347213745, 1.0, 0.05776219815015793, 0.9874670505523682]","[0.0, 0.0, -0.0056919436901807785, 2.566666626080405e-05, -0.028997546061873436, 1.0, 0.016333334147930145, -0.0056919436901807785, 0.0, 0.0, 0.9981881976127625, -0.016307666897773743, 0.0, 0.0]","[1.0, 0.0, 1.0, 1.702134609222412, 0.0, 0.03485121205449104, 0.22474192082881927, 0.8082088828086853]",-10.56243166249137
9.349999999999998,249.06866455078125,-119.64649963378906,18.002349853515625,0.003875732421875,0.3491973876953125,"[0.2561051845550537, 1.0, 0.053954724222421646, 0.9909603595733643]","[0.0, 0.0, -0.0056919436901807785, 2.566666626080405e-05, -0.028997546061873436, 1.0, 0.016333334147930145, -0.0056919436901807785, 0.0, 0.0, 0.9981881976127625, -0.016307666897773743, 0.0, 0.0]","[1.0, 0.0, 1.0, 1.702134609222412, 0.0, 0.03485121205449104, 0.22474192082881927, 0.8082088828086853]",-10.878751900290132
9.399999999999999,249.96707153320312,-119.67890167236328,17.963279724121094,0.001495361328125,0.3491973876953125,"[0.2586691379547119, 1.0, 0.047030333429574966, 0.9883089661598206]","[0.0, 0.0, -0.0056919436901807785, 2.566666626080405e-05, -0.028997546061873436, 1.0, 0.016333334147930145, -0.0056919436901807785, 0.0, 0.0, 0.9981881976127625, -0.016307666897773743, 0.0, 0.0]","[1.0, 0.0, 1.0, 1.702134609222412, 0.0, 0.03485121205449104, 0.22474192082881927, 0.8082088828086853]",-11.32975904250732
9.45,250.86355590820312,-119.71083068847656,17.925559997558594,9.1552734375e-05,0.3491973876953125,"[0.2611444592475891, 1.0, 0.043294064700603485, 0.9913758039474487]","[0.0, 0.0, -0.0056919436901807785, 2.566666626080405e-05, -0.028997546061873436, 1.0, 0.016333334147930145, -0.0056919436901807785, 0.0, 0.0, 0.9981881976127625, -0.016307666897773743, 0.0, 0.0]","[1.0, 0.0, 1.0, 1.702134609222412, 0.0, 0.03485121205449104, 0.22474192082881927, 0.8082088828086853]",-11.21695788885193
9.5,251.7581787109375,-119.74227905273438,17.88874053955078,-0.00042724609375,0.3491973876953125,"[0.2635607123374939, 1.0, 0.04125010967254639, 0.99297696352005]","[0.0, 0.0, -0.0056919436901807785, 2.566666626080405e-05, -0.028997546061873436, 1.0, 0.016333334147930145, -0.0056919436901807785, 0.0, 0.0, 0.9981881976127625, -0.016307666897773743, 0.0, 0.0]","[1.0, 0.0, 1.0, 1.702134609222412, 0.0, 0.03485121205449104, 0.22474192082881927, 0.8082088828086853]",-11.566903957245
9.55,252.65103149414062,-119.77323913574219,17.8525390625,0.0001220703125,0.3491973876953125,"[0.2659364342689514, 1.0, 0.04159868136048317, 0.9932621717453003]","[0.0, 0.0, -0.0056919436901807785, 2.566666626080405e-05, -0.028997546061873436, 1.0, 0.016333334147930145, -0.0056919436901807785, 0.0, 0.0, 0.9981881976127625, -0.016307666897773743, 0.0, 0.0]","[1.0, 0.0, 1.0, 1.702134609222412, 0.0, 0.03485121205449104, 0.22474192082881927, 0.8082088828086853]",-11.910587289223939
9.600000000000001,253.54208374023438,-119.80357360839844,17.81679916381836,0.001495361328125,0.3491973876953125,"[0.26828187704086304, 1.0, 0.04395297169685364, 0.9920686483383179]","[0.0, 0.0, -0.0056919436901807785, 2.566666626080405e-05, -0.028997546061873436, 1.0, 0.016333334147930145, -0.0056919436901807785, 0.0, 0.0, 0.9981881976127625, -0.016307666897773743, 0.0, 0.0]","[1.0, 0.0, 1.0, 1.702134609222412, 0.0, 0.03485121205449104, 0.22474192082881927, 0.8082088828086853]",-12.245091708575114
9.650000000000002,254.43138122558594,-119.83309173583984,17.781370162963867,0.003875732421875,0.3491973876953125,"[0.2706068754196167, 1.0, 0.04955208674073219, 0.98890620470047]","[0.0, 0.0, -0.0056919436901807785, 2.566666626080405e-05, -0.028997546061873436, 1.0, 0.016333334147930145, -0.0056919436901807785, 0.0, 0.0, 0.9981881976127625, -0.016307666897773743, 0.0, 0.0]","[1.0, 0.0, 1.0, 1.702134609222412, 0.0, 0.03485121205449104, 0.22474192082881927, 0.8082088828086853]",-12.018190386799425
9.700000000000003,255.31895446777344,-119.86151123046875,17.746179580688477,0.006439208984375,0.3491973876953125,"[0.27291619777679443, 1.0, 0.05614417418837547, 0.9880233407020569]","[0.0, 0.0, -0.0056919436901807785, 2.566666626080405e-05, -0.028997546061873436, 1.0, 0.016333334147930145, -0.0056919436901807785, 0.0, 0.0, 0.9981881976127625, -0.016307666897773743, 0.0, 0.0]","[1.0, 0.0, 1.0, 1.702134609222412, 0.0, 0.03485121205449104, 0.22474192082881927, 0.8082088828086853]",-12.284530586236585
9.750000000000004,256.204833984375,-119.88850402832031,17.711130142211914,0.009307861328125,0.3491973876953125,"[0.27521634101867676, 1.0, 0.06475867331027985, 0.9860442280769348]","[0.0, 0.0, -0.0056919436901807785, 2.566666626080405e-05, -0.028997546061873436, 1.0, 0.016333334147930145, -0.0056919436901807785, 0.0, 0.0, 0.9981881976127625, -0.016307666897773743, 0.0, 0.0]","[1.0, 0.0, 1.0, 1.702134609222412, 0.0, 0.03485121205449104, 0.22474192082881927, 0.8082088828086853]",-12.491405559410762
9.800000000000004,257.0890197753906,-119.91368865966797,17.676219940185547,0.01153564453125,0.3491973876953125,"[0.27750730514526367, 1.0, 0.07241977751255035, 0.9871183037757874]","[0.0, 0.0, -0.0056919436901807785, 2.566666626080405e-05, -0.028997546061873436, 1.0, 0.016333334147930145, -0.0056919436901807785, 0.0, 0.0, 0.9981881976127625, -0.016307666897773743, 0.0, 0.0]","[1.0, 0.0, 1.0, 1.702134609222412, 0.0, 0.03485121205449104, 0.22474192082881927, 0.8082088828086853]",-12.680713314611328
9.850000000000005,257.9714660644531,-119.9366683959961,17.64137077331543,0.01409912109375,0.3491973876953125,"[0.27979427576065063, 1.0, 0.08249318599700928, 0.9846982955932617]","[0.0, 0.0, -0.0056919436901807785, 2.566666626080405e-05, -0.028997546061873436, 1.0, 0.016333334147930145, -0.0056919436901807785, 0.0, 0.0, 0.9981881976127625, -0.016307666897773743, 0.0, 0.0]","[1.0, 0.0, 1.0, 1.702134609222412, 0.0, 0.03485121205449104, 0.22474192082881927, 0.8082088828086853]",-12.650781009560598
9.900000000000006,258.8522644042969,-119.95706939697266,17.606639862060547,0.015289306640625,0.3491973876953125,"[0.282073438167572, 1.0, 0.08891032636165619, 0.9885026216506958]","[0.0, 0.0, -0.0056919436901807785, 2.566666626080405e-05, -0.028997546061873436, 1.0, 0.016333334147930145, -0.0056919436901807785, 0.0, 0.0, 0.9981881976127625, -0.016307666897773743, 0.0, 0.0]","[1.0, 0.0, 1.0, 1.702134609222412, 0.0, 0.03485121205449104, 0.22474192082881927, 0.8082088828086853]",-13.130090484909541
9.950000000000006,259.73138427734375,-119.97466278076172,17.572059631347656,0.015472412109375,0.3491973876953125,"[0.28434276580810547, 1.0, 0.09309933334589005, 0.9908320903778076]","[0.0, 0.0, -0.0056919436901807785, 2.566666626080405e-05, -0.028997546061873436, 1.0, 0.016333334147930145, -0.0056919436901807785, 0.0, 0.0, 0.9981881976127625, -0.016307666897773743, 0.0, 0.0]","[1.0, 0.0, 1.0, 1.702134609222412, 0.0, 0.03485121205449104, 0.22474192082881927, 0.8082088828086853]",-13.600772902371418
10.000000000000007,260.6088562011719,-119.98927307128906,17.537649154663086,0.01507568359375,0.3491973876953125,"[0.2866009473800659, 1.0, 0.09583692252635956, 0.992331862449646]","[0.0, 0.0, -0.0056919436901807785, 2.566666626080405e-05, -0.028997546061873436, 1.0, 0.016333334147930145, -0.0056919436901807785, 0.0, 0.0, 0.9981881976127625, -0.016307666897773743, 0.0, 0.0]","[1.0, 0.0, 1.0, 1.702134609222412, 0.0, 0.03485121205449104, 0.22474192082881927, 0.8082088828086853]",-14.038774519863123
10.050000000000008,261.4845886230469,-120.00080871582031,17.503429412841797,0.013885498046875,0.3491973876953125,"[0.28884661197662354, 1.0, 0.09578153491020203, 0.9949969053268433]","[0.0, 0.0, -0.0056919436901807785, 2.566666626080405e-05, -0.028997546061873436, 1.0, 0.016333334147930145, -0.0056919436901807785, 0.0, 0.0, 0.9981881976127625, -0.016307666897773743, 0.0, 0.0]","[1.0, 0.0, 1.0, 1.702134609222412, 0.0, 0.03485121205449104, 0.22474192082881927, 0.8082088828086853]",-13.939447742237514
10.100000000000009,262.3587341308594,-120.00933074951172,17.469459533691406,0.0118408203125,0.3491973876953125,"[0.29107582569122314, 1.0, 0.09241319447755814, 0.9918324947357178]","[0.0, 0.0, -0.0056919436901807785, 2.566666626080405e-05, -0.028997546061873436, 1.0, 0.016333334147930145, -0.0056919436901807785, 0.0, 0.0, 0.9981881976127625, -0.016307666897773743, 0.0, 0.0]","[1.0, 0.0, 1.0, 1.702134609222412, 0.0, 0.03485121205449104, 0.22474192082881927, 0.8082088828086853]",-14.2852135531248
10.15000000000001,263.2311706542969,-120.01498413085938,17.435710906982422,0.0096435546875,0.3491973876953125,"[0.29329055547714233, 1.0, 0.08771780133247375, 0.9904798865318298]","[0.0, 0.0, -0.0056919436901807785, 2.566666626080405e-05, -0.028997546061873436, 1.0, 0.016333334147930145, -0.0056919436901807785, 0.0, 0.0, 0.9981881976127625, -0.016307666897773743, 0.0, 0.0]","[1.0, 0.0, 1.0, 1.702134609222412, 0.0, 0.03485121205449104, 0.22474192082881927, 0.8082088828086853]",-14.63649042782941
10.20000000000001,264.1019287109375,-120.01800537109375,17.40220069885254,0.007293701171875,0.3491973876953125,"[0.29548966884613037, 1.0, 0.08126285672187805, 0.9886890053749084]","[0.0, 0.0, -0.0056919436901807785, 2.566666626080405e-05, -0.028997546061873436, 1.0, 0.016333334147930145, -0.0056919436901807785, 0.0, 0.0, 0.9981881976127625, -0.016307666897773743, 0.0, 0.0]","[1.0, 0.0, 1.0, 1.702134609222412, 0.0, 0.03485121205449104, 0.22474192082881927, 0.8082088828086853]",-14.99389480727448
10.25000000000001,264.9710388183594,-120.01860046386719,17.368879318237305,0.005706787109375,0.3491973876953125,"[0.2976763844490051, 1.0, 0.07598812878131866, 0.9899598360061646]","[0.0, 0.0, -0.0056919436901807785, 2.566666626080405e-05, -0.028997546061873436, 1.0, 0.016333334147930145, -0.0056919436901807785, 0.0, 0.0, 0.9981881976127625, -0.016307666897773743, 0.0, 0.0]","[1.0, 0.0, 1.0, 1.702134609222412, 0.0, 0.03485121205449104, 0.22474192082881927, 0.8082088828086853]",-14.730018783838245
10.300000000000011,265.8384704589844,-120.01696014404297,17.33576011657715,0.0048828125,0.3491973876953125,"[0.29984980821609497, 1.0, 0.07176043838262558, 0.991107702255249]","[0.0, 0.0, -0.0056919436901807785, 2.566666626080405e-05, -0.028997546061873436, 1.0, 0.016333334147930145, -0.0056919436901807785, 0.0, 0.0, 0.9981881976127625, -0.016307666897773743, 0.0, 0.0]","[1.0, 0.0, 1.0, 1.702134609222412, 0.0, 0.03485121205449104, 0.22474192082881927, 0.8082088828086853]",-14.986027801931597
10.350000000000012,266.7042541503906,-120.01322937011719,17.30278968811035,0.004913330078125,0.3491973876953125,"[0.30201345682144165, 1.0, 0.06927955895662308, 0.9929671883583069]","[0.0, 0.0, -0.0056919436901807785, 2.566666626080405e-05, -0.028997546061873436, 1.0, 0.016333334147930145, -0.0056919436901807785, 0.0, 0.0, 0.9981881976127625, -0.016307666897773743, 0.0, 0.0]","[1.0, 0.0, 1.0, 1.702134609222412, 0.0, 0.03485121205449104, 0.22474192082881927, 0.8082088828086853]",-15.246594216068203
10.400000000000013,267.568359375,-120.00751495361328,17.270000457763672,0.00531005859375,0.3491973876953125,"[0.304165244102478, 1.0, 0.06744351983070374, 0.9936487674713135]","[0.0, 0.0, -0.0056919436901807785, 2.566666626080405e-05, -0.028997546061873436, 1.0, 0.016333334147930145, -0.0056919436901807785, 0.0, 0.0, 0.9981881976127625, -0.016307666897773743, 0.0, 0.0]","[1.0, 0.0, 1.0, 1.702134609222412, 0.0, 0.03485121205449104, 0.22474192082881927, 0.8082088828086853]",-15.51042875302797
10.450000000000014,268.4308776855469,-119.99991607666016,17.237369537353516,0.005859375,0.3491973876953125,"[0.3063066005706787, 1.0, 0.0662175714969635, 0.9942855834960938]","[0.0, 0.0, -0.0056919436901807785, 2.566666626080405e-05, -0.028997546061873436, 1.0, 0.016333334147930145, -0.0056919436901807785, 0.0, 0.0, 0.9981881976127625, -0.016307666897773743, 0.0, 0.0]","[1.0, 0.0, 1.0, 1.702134609222412, 0.0, 0.03485121205449104, 0.22474192082881927, 0.8082088828086853]",-15.174621280447333
10.500000000000014,269.2917175292969,-119.99053192138672,17.20490074157715,0.006072998046875,0.3491973876953125,"[0.3084373474121094, 1.0, 0.06438945233821869, 0.9935848116874695]","[0.0, 0.0, -0.0056919436901807785, 2.566666626080405e-05, -0.028997546061873436, 1.0, 0.016333334147930145, -0.0056919436901807785, 0.0, 0.0, 0.9981881976127625, -0.016307666897773743, 0.0, 0.0]","[1.0, 0.0, 1.0, 1.702134609222412, 0.0, 0.03485121205449104, 0.22474192082881927, 0.8082088828086853]",-15.38223815791763
10.550000000000015,270.1509094238281,-119.97946166992188,17.172609329223633,0.006134033203125,0.3491973876953125,"[0.31055647134780884, 1.0, 0.0628013163805008, 0.9938900470733643]","[0.0, 0.0, -0.0056919436901807785, 2.566666626080405e-05, -0.028997546061873436, 1.0, 0.016333334147930145, -0.0056919436901807785, 0.0, 0.0, 0.9981881976127625, -0.016307666897773743, 0.0, 0.0]","[1.0, 0.0, 1.0, 1.702134609222412, 0.0, 0.03485121205449104, 0.22474192082881927, 0.8082088828086853]",-15.54572150215007
10.600000000000016,271.00848388671875,-119.96673583984375,17.140480041503906,0.00628662109375,0.3491973876953125,"[0.3126649260520935, 1.0, 0.06208483874797821, 0.9947551488876343]","[0.0, 0.0, -0.0056919436901807785, 2.566666626080405e-05, -0.028997546061873436, 1.0, 0.016333334147930145, -0.0056919436901807785, 0.0, 0.0, 0.9981881976127625, -0.016307666897773743, 0.0, 0.0]","[1.0, 0.0, 1.0, 1.702134609222412, 0.0, 0.03485121205449104, 0.22474192082881927, 0.8082088828086853]",-15.757833158736581
10.650000000000016,271.86444091796875,-119.95240020751953,17.108739852905273,0.0064697265625,0.3531646728515625,"[0.3147479295730591, 1.0, 0.0615978017449379, 0.9950293898582458]","[0.0, 0.0, -0.0056919436901807785, 2.566666626080405e-05, -0.028997546061873436, 1.0, 0.016333334147930145, -0.0056919436901807785, 0.0, 0.0, 0.9981881976127625, -0.016307666897773743, 0.0, 0.0]","[1.0, 0.0, 1.0, 1.702134609222412, 0.0, 0.03485121205449104, 0.22474192082881927, 0.8082088828086853]",-15.955396623859947
10.700000000000017,272.71875,-119.93646240234375,17.077770233154297,0.0064697265625,0.3571319580078125,"[0.3167802691459656, 1.0, 0.060434725135564804, 0.9946173429489136]","[0.0, 0.0, -0.0056919436901807785, 2.566666626080405e-05, -0.028997546061873436, 1.0, 0.016333334147930145, -0.0056919436901807785, 0.0, 0.0, 0.9981881976127625, -0.016307666897773743, 0.0, 0.0]","[1.0, 0.0, 1.0, 1.702134609222412, 0.0, 0.03485121205449104, 0.22474192082881927, 0.8082088828086853]",-16.534085635267886
10.750000000000018,273.57159423828125,-119.91895294189453,17.047819137573242,0.0064697265625,0.3610992431640625,"[0.31874579191207886, 1.0, 0.05932790786027908, 0.9946929216384888]","[0.0, 0.0, -0.0056919436901807785, 2.566666626080405e-05, -0.028997546061873436, 1.0, 0.016333334147930145, -0.0056919436901807785, 0.0, 0.0, 0.9981881976127625, -0.016307666897773743, 0.0, 0.0]","[1.0, 0.0, 1.0, 1.702134609222412, 0.0, 0.03485121205449104, 0.22474192082881927, 0.8082088828086853]",-17.102151413452084
10.800000000000018,274.4228820800781,-119.8998794555664,17.019020080566406,0.0064697265625,0.3650665283203125,"[0.32063567638397217, 1.0, 0.05820043385028839, 0.9947299957275391]","[0.0, 0.0, -0.0056919436901807785, 2.566666626080405e-05, -0.028997546061873436, 1.0, 0.016333334147930145, -0.0056919436901807785, 0.0, 0.0, 0.9981881976127625, -0.016307666897773743, 0.0, 0.0]","[1.0, 0.0, 1.0, 1.702134609222412, 0.0, 0.03485121205449104, 0.22474192082881927, 0.8082088828086853]",-17.646152645155098
10.85000000000002,275.2727355957031,-119.87924194335938,16.991230010986328,0.0064697265625,0.3650665283203125,"[0.3224593997001648, 1.0, 0.05724746733903885, 0.9950569272041321]","[0.0, 0.0, -0.0056919436901807785, 2.566666626080405e-05, -0.028997546061873436, 1.0, 0.016333334147930145, -0.0056919436901807785, 0.0, 0.0, 0.9981881976127625, -0.016307666897773743, 0.0, 0.0]","[1.0, 0.0, 1.0, 1.702134609222412, 0.0, 0.03485121205449104, 0.22474192082881927, 0.8082088828086853]",-17.851222397363266
10.90000000000002,276.1212158203125,-119.85704803466797,16.9643497467041,0.0064697265625,0.3690338134765625,"[0.3242233991622925, 1.0, 0.056401319801807404, 0.9953080415725708]","[0.0, 0.0, -0.0056919436901807785, 2.566666626080405e-05, -0.028997546061873436, 1.0, 0.016333334147930145, -0.0056919436901807785, 0.0, 0.0, 0.9981881976127625, -0.016307666897773743, 0.0, 0.0]","[1.0, 0.0, 1.0, 1.702134609222412, 0.0, 0.03485121205449104, 0.22474192082881927, 0.8082088828086853]",-18.364534650407844
10.95000000000002,276.96832275390625,-119.83329772949219,16.938329696655273,0.006439208984375,0.3690338134765625,"[0.32593095302581787, 1.0, 0.05550461634993553, 0.9954562187194824]","[0.0, 0.0, -0.0056919436901807785, 2.566666626080405e-05, -0.028997546061873436, 1.0, 0.016333334147930145, -0.0056919436901807785, 0.0, 0.0, 0.9981881976127625, -0.016307666897773743, 0.0, 0.0]","[1.0, 0.0, 1.0, 1.702134609222412, 0.0, 0.03485121205449104, 0.22474192082881927, 0.8082088828086853]",-18.90249243890482
11.000000000000021,277.8140869140625,-119.80801391601562,16.91288948059082,0.006439208984375,0.3690338134765625,"[0.3276004195213318, 1.0, 0.05495956167578697, 0.9958869814872742]","[0.0, 0.0, -0.0056919436901807785, 2.566666626080405e-05, -0.028997546061873436, 1.0, 0.016333334147930145, -0.0056919436901807785, 0.0, 0.0, 0.9981881976127625, -0.016307666897773743, 0.0, 0.0]","[1.0, 0.0, 1.0, 1.702134609222412, 0.0, 0.03485121205449104, 0.22474192082881927, 0.8082088828086853]",-19.469873961285696
11.050000000000022,278.6585998535156,-119.78118896484375,16.887849807739258,0.006439208984375,0.3690338134765625,"[0.32924365997314453, 1.0, 0.05454505607485771, 0.9961392283439636]","[0.0, 0.0, -0.0056919436901807785, 2.566666626080405e-05, -0.028997546061873436, 1.0, 0.016333334147930145, -0.0056919436901807785, 0.0, 0.0, 0.9981881976127625, -0.016307666897773743, 0.0, 0.0]","[1.0, 0.0, 1.0, 1.702134609222412, 0.0, 0.03485121205449104, 0.22474192082881927, 0.8082088828086853]",-19.809824434748567
11.100000000000023,279.5018005371094,-119.75282287597656,16.863100051879883,0.006439208984375,0.3690338134765625,"[0.33086782693862915, 1.0, 0.05421626195311546, 0.9962970614433289]","[0.0, 0.0, -0.0056919436901807785, 2.566666626080405e-05, -0.028997546061873436, 1.0, 0.016333334147930145, -0.0056919436901807785, 0.0, 0.0, 0.9981881976127625, -0.016307666897773743, 0.0, 0.0]","[1.0, 0.0, 1.0, 1.702134609222412, 0.0, 0.03485121205449104, 0.22474192082881927, 0.8082088828086853]",-20.40833911572318
11.150000000000023,280.34368896484375,-119.72296905517578,16.838579177856445,0.00628662109375,0.3690338134765625,"[0.33247703313827515, 1.0, 0.05345318466424942, 0.9959436655044556]","[0.0, 0.0, -0.0056919436901807785, 2.566666626080405e-05, -0.028997546061873436, 1.0, 0.016333334147930145, -0.0056919436901807785, 0.0, 0.0, 0.9981881976127625, -0.016307666897773743, 0.0, 0.0]","[1.0, 0.0, 1.0, 1.702134609222412, 0.0, 0.03485121205449104, 0.22474192082881927, 0.8082088828086853]",-20.98692850400628
11.200000000000024,281.1842956542969,-119.69163513183594,16.814260482788086,0.006072998046875,0.3690338134765625,"[0.33407294750213623, 1.0, 0.05257362127304077, 0.9958336353302002]","[0.0, 0.0, -0.0056919436901807785, 2.566666626080405e-05, -0.028997546061873436, 1.0, 0.016333334147930145, -0.0056919436901807785, 0.0, 0.0, 0.9981881976127625, -0.016307666897773743, 0.0, 0.0]","[1.0, 0.0, 1.0, 1.702134609222412, 0.0, 0.03485121205449104, 0.22474192082881927, 0.8082088828086853]",-21.544504836039078
11.250000000000025,282.0236511230469,-119.65886688232422,16.79010009765625,0.005645751953125,0.3690338134765625,"[0.3356584310531616, 1.0, 0.05101318657398224, 0.9951342940330505]","[0.0, 0.0, -0.0056919436901807785, 2.566666626080405e-05, -0.028997546061873436, 1.0, 0.016333334147930145, -0.0056919436901807785, 0.0, 0.0, 0.9981881976127625, -0.016307666897773743, 0.0, 0.0]","[1.0, 0.0, 1.0, 1.702134609222412, 0.0, 0.03485121205449104, 0.22474192082881927, 0.8082088828086853]",-21.790616572665883
11.300000000000026,282.86175537109375,-119.62479400634766,16.76609992980957,0.00469970703125,0.3690338134765625,"[0.33723342418670654, 1.0, 0.047789450734853745, 0.9934131503105164]","[0.0, 0.0, -0.0056919436901807785, 2.566666626080405e-05, -0.028997546061873436, 1.0, 0.016333334147930145, -0.0056919436901807785, 0.0, 0.0, 0.9981881976127625, -0.016307666897773743, 0.0, 0.0]","[1.0, 0.0, 1.0, 1.702134609222412, 0.0, 0.03485121205449104, 0.22474192082881927, 0.8082088828086853]",-22.314964386800792
11.350000000000026,283.6986083984375,-119.58961486816406,16.742250442504883,0.00335693359375,0.3690338134765625,"[0.33879852294921875, 1.0, 0.04333494231104851, 0.9921380281448364]","[0.0, 0.0, -0.0056919436901807785, 2.566666626080405e-05, -0.028997546061873436, 1.0, 0.016333334147930145, -0.0056919436901807785, 0.0, 0.0, 0.9981881976127625, -0.016307666897773743, 0.0, 0.0]","[1.0, 0.0, 1.0, 1.702134609222412, 0.0, 0.03485121205449104, 0.22474192082881927, 0.8082088828086853]",-22.833760142327808
11.400000000000027,284.53424072265625,-119.55352020263672,16.71854019165039,0.00189208984375,0.3690338134765625,"[0.3403545022010803, 1.0, 0.038349449634552, 0.9916025996208191]","[0.0, 0.0, -0.0056919436901807785, 2.566666626080405e-05, -0.028997546061873436, 1.0, 0.016333334147930145, -0.0056919436901807785, 0.0, 0.0, 0.9981881976127625, -0.016307666897773743, 0.0, 0.0]","[1.0, 0.0, 1.0, 1.702134609222412, 0.0, 0.03485121205449104, 0.22474192082881927, 0.8082088828086853]",-23.32545639121132
11.450000000000028,285.36865234375,-119.51673889160156,16.694950103759766,0.00048828125,0.3690338134765625,"[0.34190261363983154, 1.0, 0.03320923075079918, 0.9914599061012268]","[0.0, 0.0, -0.0056919436901807785, 2.566666626080405e-05, -0.028997546061873436, 1.0, 0.016333334147930145, -0.0056919436901807785, 0.0, 0.0, 0.9981881976127625, -0.016307666897773743, 0.0, 0.0]","[1.0, 0.0, 1.0, 1.702134609222412, 0.0, 0.03485121205449104, 0.22474192082881927, 0.8082088828086853]",-23.44821416552027
11.500000000000028,286.2018737792969,-119.47943115234375,16.671480178833008,-0.000335693359375,0.3690338134765625,"[0.34344279766082764, 1.0, 0.02948395349085331, 0.9929685592651367]","[0.0, 0.0, -0.0056919436901807785, 2.566666626080405e-05, -0.028997546061873436, 1.0, 0.016333334147930145, -0.0056919436901807785, 0.0, 0.0, 0.9981881976127625, -0.016307666897773743, 0.0, 0.0]","[1.0, 0.0, 1.0, 1.702134609222412, 0.0, 0.03485121205449104, 0.22474192082881927, 0.8082088828086853]",-23.902268888234765
11.55000000000003,287.0338134765625,-119.44166564941406,16.643430709838867,9.1552734375e-05,0.2896728515625,"[0.34528350830078125, 1.0, 0.03335779905319214, 0.9903762340545654]","[0.0, 0.0, -0.0056919436901807785, 2.566666626080405e-05, -0.028997546061873436, 1.0, 0.016333334147930145, -0.0056919436901807785, 0.0, 0.0, 0.9981881976127625, -0.016307666897773743, 0.0, 0.0]","[1.0, 0.0, 1.0, 1.702134609222412, 0.0, 0.03485121205449104, 0.22474192082881927, 0.8082088828086853]",-24.33482495423506
11.60000000000003,287.8638916015625,-119.40341186523438,16.60264015197754,0.001495361328125,0.20000000298023224,"[0.3479604125022888, 1.0, 0.046966589987277985, 0.978859007358551]","[0.0, 0.0, -0.0056919436901807785, 2.566666626080405e-05, -0.028997546061873436, 1.0, 0.016333334147930145, -0.0056919436901807785, 0.0, 0.0, 0.9981881976127625, -0.016307666897773743, 0.0, 0.0]","[1.0, 0.0, 1.0, 1.702134609222412, 0.0, 0.03485121205449104, 0.22474192082881927, 0.8082088828086853]",-24.743999190735746
11.65000000000003,288.69146728515625,-119.36454010009766,16.548879623413086,0.00372314453125,0.20000000298023224,"[0.3514884114265442, 1.0, 0.06335955858230591, 0.9756255745887756]","[0.0, 0.0, -0.0056919436901807785, 2.566666626080405e-05, -0.028997546061873436, 1.0, 0.016333334147930145, -0.0056919436901807785, 0.0, 0.0, 0.9981881976127625, -0.016307666897773743, 0.0, 0.0]","[1.0, 0.0, 1.0, 1.702134609222412, 0.0, 0.03485121205449104, 0.22474192082881927, 0.8082088828086853]",-24.658524366121732
11.700000000000031,289.5160217285156,-119.32493591308594,16.487319946289062,0.00506591796875,0.20000000298023224,"[0.35552823543548584, 1.0, 0.07278021425008774, 0.9811967611312866]","[0.0, 0.0, -0.0056919436901807785, 2.566666626080405e-05, -0.028997546061873436, 1.0, 0.016333334147930145, -0.0056919436901807785, 0.0, 0.0, 0.9981881976127625, -0.016307666897773743, 0.0, 0.0]","[1.0, 0.0, 1.0, 1.702134609222412, 0.0, 0.03485121205449104, 0.22474192082881927, 0.8082088828086853]",-24.976893964371143
11.750000000000032,290.33734130859375,-119.28471374511719,16.421100616455078,0.004669189453125,0.20000000298023224,"[0.35987383127212524, 1.0, 0.0751437321305275, 0.9844491481781006]","[0.0, 0.0, -0.0056919436901807785, 2.566666626080405e-05, -0.028997546061873436, 1.0, 0.016333334147930145, -0.0056919436901807785, 0.0, 0.0, 0.9981881976127625, -0.016307666897773743, 0.0, 0.0]","[1.0, 0.0, 1.0, 1.702134609222412, 0.0, 0.03485121205449104, 0.22474192082881927, 0.8082088828086853]",-25.284084570938884
11.800000000000033,291.15521240234375,-119.24432373046875,16.352170944213867,0.00067138671875,0.20000000298023224,"[0.3643973469734192, 1.0, 0.06561846286058426, 0.9770500659942627]","[0.0, 0.0, -0.0056919436901807785, 2.566666626080405e-05, -0.028997546061873436, 1.0, 0.016333334147930145, -0.0056919436901807785, 0.0, 0.0, 0.9981881976127625, -0.016307666897773743, 0.0, 0.0]","[1.0, 0.0, 1.0, 1.702134609222412, 0.0, 0.03485121205449104, 0.22474192082881927, 0.8082088828086853]",-25.60137435611372
11.850000000000033,291.9696350097656,-119.2044906616211,16.281620025634766,-0.00592041015625,0.20000000298023224,"[0.36902719736099243, 1.0, 0.07577934116125107, 0.9701492786407471]","[0.0, 0.0, -0.0056919436901807785, 2.566666626080405e-05, -0.028997546061873436, 1.0, 0.016333334147930145, -0.0056919436901807785, 0.0, 0.0, 0.9981881976127625, -0.016307666897773743, 0.0, 0.0]","[1.0, 0.0, 1.0, 1.702134609222412, 0.0, 0.03485121205449104, 0.22474192082881927, 0.8082088828086853]",-25.301243353434693
11.900000000000034,292.7805480957031,-119.16586303710938,16.210100173950195,-0.01153564453125,0.20000000298023224,"[0.373720645904541, 1.0, 0.09222285449504852, 0.9736565351486206]","[0.0, 0.0, -0.0056919436901807785, 2.566666626080405e-05, -0.028997546061873436, 1.0, 0.016333334147930145, -0.0056919436901807785, 0.0, 0.0, 0.9981881976127625, -0.016307666897773743, 0.0, 0.0]","[1.0, 0.0, 1.0, 1.702134609222412, 0.0, 0.03485121205449104, 0.22474192082881927, 0.8082088828086853]",-25.553607531536965
11.950000000000035,293.5879821777344,-119.12909698486328,16.138019561767578,-0.016387939453125,0.20000000298023224,"[0.3784509301185608, 1.0, 0.10807999968528748, 0.9740440249443054]","[0.0, 0.0, -0.0056919436901807785, 2.566666626080405e-05, -0.028997546061873436, 1.0, 0.016333334147930145, -0.0056919436901807785, 0.0, 0.0, 0.9981881976127625, -0.016307666897773743, 0.0, 0.0]","[1.0, 0.0, 1.0, 1.702134609222412, 0.0, 0.03485121205449104, 0.22474192082881927, 0.8082088828086853]",-25.8015590105417
12.000000000000036,294.39190673828125,-119.09455871582031,16.065860748291016,-0.017974853515625,0.20000000298023224,"[0.3831862807273865, 1.0, 0.11550769209861755, 0.9826663732528687]","[0.0, 0.0, -0.0056919436901807785, 2.566666626080405e-05, -0.028997546061873436, 1.0, 0.016333334147930145, -0.0056919436901807785, 0.0, 0.0, 0.9981881976127625, -0.016307666897773743, 0.0, 0.0]","[1.0, 0.0, 1.0, 1.702134609222412, 0.0, 0.03485121205449104, 0.22474192082881927, 0.8082088828086853]",-26.045273662764828
12.050000000000036,295.1922607421875,-119.06188201904297,15.991939544677734,-0.011993408203125,0.20000000298023224,"[0.3880373239517212, 1.0, 0.10311253368854523, 0.9744572043418884]","[0.0, 0.0, -0.0056919436901807785, 2.566666626080405e-05, -0.028997546061873436, 1.0, 0.016333334147930145, -0.0056919436901807785, 0.0, 0.0, 0.9981881976127625, -0.016307666897773743, 0.0, 0.0]","[1.0, 0.0, 1.0, 1.702134609222412, 0.0, 0.03485121205449104, 0.22474192082881927, 0.8082088828086853]",-25.637095459739754
12.100000000000037,295.98858642578125,-119.02909851074219,15.905400276184082,0.007659912109375,0.20000000298023224,"[0.3937164545059204, 1.0, 0.0985323041677475, 0.9261338710784912]","[0.0, 0.0, -0.0056919436901807785, 2.566666626080405e-05, -0.028997546061873436, 1.0, 0.016333334147930145, -0.0056919436901807785, 0.0, 0.0, 0.9981881976127625, -0.016307666897773743, 0.0, 0.0]","[1.0, 0.0, 1.0, 1.702134609222412, 0.0, 0.03485121205449104, 0.22474192082881927, 0.8082088828086853]",-25.79376303003695
12.150000000000038,296.7799072265625,-118.99354553222656,15.802430152893066,0.03387451171875,0.20000000298023224,"[0.40047383308410645, 1.0, 0.1759912073612213, 0.90716552734375]","[0.0, 0.0, -0.0056919436901807785, 2.566666626080405e-05, -0.028997546061873436, 1.0, 0.016333334147930145, -0.0056919436901807785, 0.0, 0.0, 0.9981881976127625, -0.016307666897773743, 0.0, 0.0]","[1.0, 0.0, 1.0, 1.702134609222412, 0.0, 0.03485121205449104, 0.22474192082881927, 0.8082088828086853]",-26.150667655894956
12.200000000000038,297.56512451171875,-118.95228576660156,15.679289817810059,0.0618896484375,0.20000000298023224,"[0.4085548520088196, 1.0, 0.26780569553375244, 0.8977453708648682]","[0.0, 0.0, -0.0056919436901807785, 2.566666626080405e-05, -0.028997546061873436, 1.0, 0.016333334147930145, -0.0056919436901807785, 0.0, 0.0, 0.9981881976127625, -0.016307666897773743, 0.0, 0.0]","[1.0, 0.0, 1.0, 1.702134609222412, 0.0, 0.03485121205449104, 0.22474192082881927, 0.8082088828086853]",-26.655690300712116
12.250000000000039,298.3431701660156,-118.90252685546875,15.542059898376465,0.086456298828125,0.20000000298023224,"[0.41756051778793335, 1.0, 0.3446311950683594, 0.9048275947570801]","[0.0, 0.0, -0.0056919436901807785, 2.566666626080405e-05, -0.028997546061873436, 1.0, 0.016333334147930145, -0.0056919436901807785, 0.0, 0.0, 0.9981881976127625, -0.016307666897773743, 0.0, 0.0]","[1.0, 0.0, 1.0, 1.702134609222412, 0.0, 0.03485121205449104, 0.22474192082881927, 0.8082088828086853]",-26.83632034782144
12.30000000000004,299.11328125,-118.84172821044922,15.398520469665527,0.10552978515625,0.20000000298023224,"[0.426980197429657, 1.0, 0.39674195647239685, 0.9168001413345337]","[0.0, 0.0, -0.0056919436901807785, 2.566666626080405e-05, -0.028997546061873436, 1.0, 0.016333334147930145, -0.0056919436901807785, 0.0, 0.0, 0.9981881976127625, -0.016307666897773743, 0.0, 0.0]","[1.0, 0.0, 1.0, 1.702134609222412, 0.0, 0.03485121205449104, 0.22474192082881927, 0.8082088828086853]",-27.283289596101447
12.35000000000004,299.8747253417969,-118.76731872558594,15.249930381774902,0.122833251953125,0.20000000298023224,"[0.43673133850097656, 1.0, 0.4487142860889435, 0.9172027707099915]","[0.0, 0.0, -0.0056919436901807785, 2.566666626080405e-05, -0.028997546061873436, 1.0, 0.016333334147930145, -0.0056919436901807785, 0.0, 0.0, 0.9981881976127625, -0.016307666897773743, 0.0, 0.0]","[1.0, 0.0, 1.0, 1.702134609222412, 0.0, 0.03485121205449104, 0.22474192082881927, 0.8082088828086853]",-27.711000994301713
12.400000000000041,300.6268005371094,-118.676513671875,15.098859786987305,0.14202880859375,0.20000000298023224,"[0.44664520025253296, 1.0, 0.5038030743598938, 0.9129201769828796]","[0.0, 0.0, -0.0056919436901807785, 2.566666626080405e-05, -0.028997546061873436, 1.0, 0.016333334147930145, -0.0056919436901807785, 0.0, 0.0, 0.9981881976127625, -0.016307666897773743, 0.0, 0.0]","[1.0, 0.0, 1.0, 1.702134609222412, 0.0, 0.03485121205449104, 0.22474192082881927, 0.8082088828086853]",-28.123169085059644
12.450000000000042,301.36859130859375,-118.56647491455078,14.950360298156738,0.16265869140625,0.20000000298023224,"[0.45639050006866455, 1.0, 0.5550791621208191, 0.9122626781463623]","[0.0, 0.0, -0.0056919436901807785, 2.566666626080405e-05, -0.028997546061873436, 1.0, 0.016333334147930145, -0.0056919436901807785, 0.0, 0.0, 0.9981881976127625, -0.016307666897773743, 0.0, 0.0]","[1.0, 0.0, 1.0, 1.702134609222412, 0.0, 0.03485121205449104, 0.22474192082881927, 0.8082088828086853]",-28.1810950758926
12.500000000000043,302.0995178222656,-118.43437957763672,14.817259788513184,0.184814453125,0.20000000298023224,"[0.4651251435279846, 1.0, 0.5951920747756958, 0.9109184741973877]","[0.0, 0.0, -0.0056919436901807785, 2.566666626080405e-05, -0.028997546061873436, 1.0, 0.016333334147930145, -0.0056919436901807785, 0.0, 0.0, 0.9981881976127625, -0.016307666897773743, 0.0, 0.0]","[1.0, 0.0, 1.0, 1.702134609222412, 0.0, 0.03485121205449104, 0.22474192082881927, 0.8082088828086853]",-28.618007910246206
12.550000000000043,302.8187561035156,-118.2777328491211,14.687560081481934,0.20587158203125,0.20000000298023224,"[0.4736366271972656, 1.0, 0.6236852407455444, 0.9200127124786377]","[0.0, 0.0, -0.0056919436901807785, 2.566666626080405e-05, -0.028997546061873436, 1.0, 0.016333334147930145, -0.0056919436901807785, 0.0, 0.0, 0.9981881976127625, -0.016307666897773743, 0.0, 0.0]","[1.0, 0.0, 1.0, 1.702134609222412, 0.0, 0.03485121205449104, 0.22474192082881927, 0.8082088828086853]",-29.065872901719327
12.600000000000044,303.52447509765625,-118.0943832397461,14.547439575195312,0.22906494140625,0.20000000298023224,"[0.4828318953514099, 1.0, 0.6302276849746704, 0.9112517833709717]","[0.0, 0.0, -0.0056919436901807785, 2.566666626080405e-05, -0.028997546061873436, 1.0, 0.016333334147930145, -0.0056919436901807785, 0.0, 0.0, 0.9981881976127625, -0.016307666897773743, 0.0, 0.0]","[1.0, 0.0, 1.0, 1.702134609222412, 0.0, 0.03485121205449104, 0.22474192082881927, 0.8082088828086853]",-29.515777547224506
12.650000000000045,304.2142028808594,-117.8826904296875,14.395400047302246,0.251068115234375,0.20000000298023224,"[0.4928094148635864, 1.0, 0.6378307938575745, 0.9113431572914124]","[0.0, 0.0, -0.0056919436901807785, 2.566666626080405e-05, -0.028997546061873436, 1.0, 0.016333334147930145, -0.0056919436901807785, 0.0, 0.0, 0.9981881976127625, -0.016307666897773743, 0.0, 0.0]","[1.0, 0.0, 1.0, 1.702134609222412, 0.0, 0.03485121205449104, 0.22474192082881927, 0.8082088828086853]",-29.68323877466249
12.700000000000045,304.88531494140625,-117.64140319824219,14.231030464172363,0.272613525390625,0.20000000298023224,"[0.5035960674285889, 1.0, 0.6455147862434387, 0.9104248881340027]","[0.0, 0.0, -0.0056919436901807785, 2.566666626080405e-05, -0.028997546061873436, 1.0, 0.016333334147930145, -0.0056919436901807785, 0.0, 0.0, 0.9981881976127625, -0.016307666897773743, 0.0, 0.0]","[1.0, 0.0, 1.0, 1.702134609222412, 0.0, 0.03485121205449104, 0.22474192082881927, 0.8082088828086853]",-30.110024939771435
12.750000000000046,305.5350341796875,-117.36978149414062,14.05657958984375,0.292266845703125,0.20000000298023224,"[0.5150443315505981, 1.0, 0.6511147022247314, 0.9155498743057251]","[0.0, 0.0, -0.0056919436901807785, 2.566666626080405e-05, -0.028997546061873436, 1.0, 0.016333334147930145, -0.0056919436901807785, 0.0, 0.0, 0.9981881976127625, -0.016307666897773743, 0.0, 0.0]","[1.0, 0.0, 1.0, 1.702134609222412, 0.0, 0.03485121205449104, 0.22474192082881927, 0.8082088828086853]",-30.521742428308002
12.800000000000047,306.1607666015625,-117.0678482055664,13.871540069580078,0.310455322265625,0.26983642578125,"[0.5271874666213989, 1.0, 0.6565613746643066, 0.9062522649765015]","[0.0, 0.0, -0.0056919436901807785, 2.566666626080405e-05, -0.028997546061873436, 1.0, 0.016333334147930145, -0.0056919436901807785, 0.0, 0.0, 0.9981881976127625, -0.016307666897773743, 0.0, 0.0]","[1.0, 0.0, 1.0, 1.702134609222412, 0.0, 0.03485121205449104, 0.22474192082881927, 0.8082088828086853]",-30.910175845088446
12.850000000000048,306.7598876953125,-116.73538970947266,13.685489654541016,0.325653076171875,0.376983642578125,"[0.5393968820571899, 1.0, 0.6539986729621887, 0.9158100485801697]","[0.0, 0.0, -0.0056919436901807785, 2.566666626080405e-05, -0.028997546061873436, 1.0, 0.016333334147930145, -0.0056919436901807785, 0.0, 0.0, 0.9981881976127625, -0.016307666897773743, 0.0, 0.0]","[1.0, 0.0, 1.0, 1.702134609222412, 0.0, 0.03485121205449104, 0.22474192082881927, 0.8082088828086853]",-30.98598774142942
12.900000000000048,307.3299560546875,-116.3724365234375,13.505200386047363,0.337890625,0.380950927734375,"[0.5512282848358154, 1.0, 0.6459340453147888, 0.9232427477836609]","[0.0, 0.0, -0.0056919436901807785, 2.566666626080405e-05, -0.028997546061873436, 1.0, 0.016333334147930145, -0.0056919436901807785, 0.0, 0.0, 0.9981881976127625, -0.016307666897773743, 0.0, 0.0]","[1.0, 0.0, 1.0, 1.702134609222412, 0.0, 0.03485121205449104, 0.22474192082881927, 0.8082088828086853]",-31.310470717883035
12.950000000000049,307.86895751953125,-115.97991180419922,13.327779769897461,0.349456787109375,0.392852783203125,"[0.5628714561462402, 1.0, 0.6404945254325867, 0.9207382202148438]","[0.0, 0.0, -0.0056919436901807785, 2.566666626080405e-05, -0.028997546061873436, 1.0, 0.016333334147930145, -0.0056919436901807785, 0.0, 0.0, 0.9981881976127625, -0.016307666897773743, 0.0, 0.0]","[1.0, 0.0, 1.0, 1.702134609222412, 0.0, 0.03485121205449104, 0.22474192082881927, 0.8082088828086853]",-31.60507759880361
13.00000000000005,308.3746337890625,-115.55935668945312,13.15330982208252,0.357391357421875,0.408721923828125,"[0.574320912361145, 1.0, 0.6350751519203186, 0.9210792183876038]","[0.0, 0.0, -0.0056919436901807785, 2.566666626080405e-05, -0.028997546061873436, 1.0, 0.016333334147930145, -0.0056919436901807785, 0.0, 0.0, 0.9981881976127625, -0.016307666897773743, 0.0, 0.0]","[1.0, 0.0, 1.0, 1.702134609222412, 0.0, 0.03485121205449104, 0.22474192082881927, 0.8082088828086853]",-31.865045923056137
13.05000000000005,308.84527587890625,-115.11272430419922,12.985099792480469,0.359649658203125,0.440460205078125,"[0.5853596329689026, 1.0, 0.6278532147407532, 0.9241675138473511]","[0.0, 0.0, -0.0056919436901807785, 2.566666626080405e-05, -0.028997546061873436, 1.0, 0.016333334147930145, -0.0056919436901807785, 0.0, 0.0, 0.9981881976127625, -0.016307666897773743, 0.0, 0.0]","[1.0, 0.0, 1.0, 1.702134609222412, 0.0, 0.03485121205449104, 0.22474192082881927, 0.8082088828086853]",-31.759898673150566
13.100000000000051,309.27880859375,-114.64141082763672,12.826970100402832,0.358306884765625,0.4722137451171875,"[0.5957368612289429, 1.0, 0.6180962920188904, 0.9282174706459045]","[0.0, 0.0, -0.0056919436901807785, 2.566666626080405e-05, -0.028997546061873436, 1.0, 0.016333334147930145, -0.0056919436901807785, 0.0, 0.0, 0.9981881976127625, -0.016307666897773743, 0.0, 0.0]","[1.0, 0.0, 1.0, 1.702134609222412, 0.0, 0.03485121205449104, 0.22474192082881927, 0.8082088828086853]",-31.95083707252556
13.150000000000052,309.67388916015625,-114.14749145507812,12.681280136108398,0.354644775390625,0.4999847412109375,"[0.6052976250648499, 1.0, 0.6074255108833313, 0.9284929633140564]","[0.0, 0.0, -0.0056919436901807785, 2.566666626080405e-05, -0.028997546061873436, 1.0, 0.016333334147930145, -0.0056919436901807785, 0.0, 0.0, 0.9981881976127625, -0.016307666897773743, 0.0, 0.0]","[1.0, 0.0, 1.0, 1.702134609222412, 0.0, 0.03485121205449104, 0.22474192082881927, 0.8082088828086853]",-32.09527930402506
13.200000000000053,310.0296325683594,-113.63323211669922,12.545490264892578,0.34906005859375,0.51171875,"[0.6142087578773499, 1.0, 0.5989481806755066, 0.9298847913742065]","[0.0, 0.0, -0.0056919436901807785, 2.566666626080405e-05, -0.028997546061873436, 1.0, 0.016333334147930145, -0.0056919436901807785, 0.0, 0.0, 0.9981881976127625, -0.016307666897773743, 0.0, 0.0]","[1.0, 0.0, 1.0, 1.702134609222412, 0.0, 0.03485121205449104, 0.22474192082881927, 0.8082088828086853]",-32.18941229057741
13.250000000000053,310.346435546875,-113.1017074584961,12.411520004272461,0.34283447265625,0.53125,"[0.6230005025863647, 1.0, 0.5985319018363953, 0.8929056525230408]","[0.0, 0.0, -0.0056919436901807785, 2.566666626080405e-05, -0.028997546061873436, 1.0, 0.016333334147930145, -0.0056919436901807785, 0.0, 0.0, 0.9981881976127625, -0.016307666897773743, 0.0, 0.0]","[1.0, 0.0, 1.0, 1.702134609222412, 0.0, 0.03485121205449104, 0.22474192082881927, 0.8082088828086853]",-31.801779813490825
13.300000000000054,310.62518310546875,-112.55609893798828,12.29071044921875,0.337646484375,0.54296875,"[0.6309285163879395, 1.0, 0.581635594367981, 0.9031959176063538]","[0.0, 0.0, -0.0056919436901807785, 2.566666626080405e-05, -0.028997546061873436, 1.0, 0.016333334147930145, -0.0056919436901807785, 0.0, 0.0, 0.9981881976127625, -0.016307666897773743, 0.0, 0.0]","[1.0, 0.0, 1.0, 1.702134609222412, 0.0, 0.03485121205449104, 0.22474192082881927, 0.8082088828086853]",-31.75647409720699
13.350000000000055,310.86090087890625,-111.99636840820312,12.181870460510254,0.332244873046875,0.5625,"[0.6380711197853088, 1.0, 0.5732962489128113, 0.9134777188301086]","[0.0, 0.0, -0.0056919436901807785, 2.566666626080405e-05, -0.028997546061873436, 1.0, 0.016333334147930145, -0.0056919436901807785, 0.0, 0.0, 0.9981881976127625, -0.016307666897773743, 0.0, 0.0]","[1.0, 0.0, 1.0, 1.702134609222412, 0.0, 0.03485121205449104, 0.22474192082881927, 0.8082088828086853]",-31.653456964529184
13.400000000000055,311.05517578125,-111.42550659179688,12.09218978881836,0.3226318359375,0.58203125,"[0.6439564228057861, 1.0, 0.5569186806678772, 0.9161165356636047]","[0.0, 0.0, -0.0056919436901807785, 2.566666626080405e-05, -0.028997546061873436, 1.0, 0.016333334147930145, -0.0056919436901807785, 0.0, 0.0, 0.9981881976127625, -0.016307666897773743, 0.0, 0.0]","[1.0, 0.0, 1.0, 1.702134609222412, 0.0, 0.03485121205449104, 0.22474192082881927, 0.8082088828086853]",-31.519783531663272
13.450000000000056,311.2063293457031,-110.84589385986328,12.023880004882812,0.30303955078125,0.59765625,"[0.6484391689300537, 1.0, 0.543828547000885, 0.9169878363609314]","[0.0, 0.0, -0.0056919436901807785, 2.566666626080405e-05, -0.028997546061873436, 1.0, 0.016333334147930145, -0.0056919436901807785, 0.0, 0.0, 0.9981881976127625, -0.016307666897773743, 0.0, 0.0]","[1.0, 0.0, 1.0, 1.702134609222412, 0.0, 0.03485121205449104, 0.22474192082881927, 0.8082088828086853]",-30.84896100529713
13.500000000000057,311.3175048828125,-110.25984191894531,11.984970092773438,0.2718505859375,0.61328125,"[0.6509926319122314, 1.0, 0.5234566926956177, 0.9152809977531433]","[0.0, 0.0, -0.0056919436901807785, 2.566666626080405e-05, -0.028997546061873436, 1.0, 0.016333334147930145, -0.0056919436901807785, 0.0, 0.0, 0.9981881976127625, -0.016307666897773743, 0.0, 0.0]","[1.0, 0.0, 1.0, 1.702134609222412, 0.0, 0.03485121205449104, 0.22474192082881927, 0.8082088828086853]",-30.622882069623643
13.550000000000058,311.39263916015625,-109.66868591308594,11.980449676513672,0.2276611328125,0.63671875,"[0.6512892842292786, 1.0, 0.5295729041099548, 0.9010164141654968]","[0.0, 0.0, -0.0056919436901807785, 2.566666626080405e-05, -0.028997546061873436, 1.0, 0.016333334147930145, -0.0056919436901807785, 0.0, 0.0, 0.9981881976127625, -0.016307666897773743, 0.0, 0.0]","[1.0, 0.0, 1.0, 1.702134609222412, 0.0, 0.03485121205449104, 0.22474192082881927, 0.8082088828086853]",-30.34771755959054
13.600000000000058,311.435791015625,-109.0728988647461,12.00979995727539,0.175872802734375,0.6640625,"[0.6493631601333618, 1.0, 0.5595533847808838, 0.8728192448616028]","[0.0, 0.0, -0.0056919436901807785, 2.566666626080405e-05, -0.028997546061873436, 1.0, 0.016333334147930145, -0.0056919436901807785, 0.0, 0.0, 0.9981881976127625, -0.016307666897773743, 0.0, 0.0]","[1.0, 0.0, 1.0, 1.702134609222412, 0.0, 0.03485121205449104, 0.22474192082881927, 0.8082088828086853]",-30.065065327722483
13.650000000000059,311.4518737792969,-108.47286224365234,12.067049980163574,0.120452880859375,0.6953125,"[0.6456061601638794, 1.0, 0.5153573751449585, 0.8515070080757141]","[0.0, 0.0, -0.0056919436901807785, 2.566666626080405e-05, -0.028997546061873436, 1.0, 0.016333334147930145, -0.0056919436901807785, 0.0, 0.0, 0.9981881976127625, -0.016307666897773743, 0.0, 0.0]","[1.0, 0.0, 1.0, 1.702134609222412, 0.0, 0.03485121205449104, 0.22474192082881927, 0.8082088828086853]",-29.76890200083534
13.70000000000006,311.4466552734375,-107.86849975585938,12.143980026245117,0.069671630859375,0.734375,"[0.6405576467514038, 1.0, 0.4172259271144867, 0.84004145860672]","[0.0, 0.0, -0.0056919436901807785, 2.566666626080405e-05, -0.028997546061873436, 1.0, 0.016333334147930145, -0.0056919436901807785, 0.0, 0.0, 0.9981881976127625, -0.016307666897773743, 0.0, 0.0]","[1.0, 0.0, 1.0, 1.702134609222412, 0.0, 0.03485121205449104, 0.22474192082881927, 0.8082088828086853]",-29.761690324650036
13.75000000000006,311.4254150390625,-107.2596664428711,12.23270034790039,0.0286865234375,0.75,"[0.6347354650497437, 0.9898999929428101, 0.32691383361816406, 0.8560202717781067]","[0.0, 0.0, -0.0056919436901807785, 2.566666626080405e-05, -0.028997546061873436, 1.0, 0.016333334147930145, -0.0056919436901807785, 0.0, 0.0, 0.9981881976127625, -0.016307666897773743, 0.0, 0.0]","[1.0, 0.0, 1.0, 1.702134609222412, 0.0, 0.03485121205449104, 0.22474192082881927, 0.8082088828086853]",-29.741099303283033
13.800000000000061,311.39324951171875,-106.64608764648438,12.32964038848877,-0.004913330078125,0.7578125,"[0.6283738017082214, 0.9754999876022339, 0.23025451600551605, 0.8646091818809509]","[0.0, 0.0, -0.0056919436901807785, 2.566666626080405e-05, -0.028997546061873436, 1.0, 0.016333334147930145, -0.0056919436901807785, 0.0, 0.0, 0.9981881976127625, -0.016307666897773743, 0.0, 0.0]","[1.0, 0.0, 1.0, 1.702134609222412, 0.0, 0.03485121205449104, 0.22474192082881927, 0.8082088828086853]",-29.743909122399284
13.850000000000062,311.3538513183594,-106.02763366699219,12.4302396774292,-0.020538330078125,0.76171875,"[0.621772050857544, 0.9715999960899353, 0.16423340141773224, 0.914797306060791]","[0.0, 0.0, -0.0056919436901807785, 2.566666626080405e-05, -0.028997546061873436, 1.0, 0.016333334147930145, -0.0056919436901807785, 0.0, 0.0, 0.9981881976127625, -0.016307666897773743, 0.0, 0.0]","[1.0, 0.0, 1.0, 1.702134609222412, 0.0, 0.03485121205449104, 0.22474192082881927, 0.8082088828086853]",-29.51434564654729
13.900000000000063,311.310302734375,-105.40406799316406,12.536860466003418,-0.02978515625,0.765625,"[0.6147751212120056, 0.9656999707221985, 0.12254372239112854, 0.9225526452064514]","[0.0, 0.0, -0.0056919436901807785, 2.566666626080405e-05, -0.028997546061873436, 1.0, 0.016333334147930145, -0.0056919436901807785, 0.0, 0.0, 0.9981881976127625, -0.016307666897773743, 0.0, 0.0]","[1.0, 0.0, 1.0, 1.702134609222412, 0.0, 0.03485121205449104, 0.22474192082881927, 0.8082088828086853]",-29.553394484505066
13.950000000000063,311.26507568359375,-104.77521514892578,12.64447021484375,-0.03271484375,0.765625,"[0.6077132821083069, 0.9742000102996826, 0.1164395660161972, 0.9453364610671997]","[0.0, 0.0, -0.0056919436901807785, 2.566666626080405e-05, -0.028997546061873436, 1.0, 0.016333334147930145, -0.0056919436901807785, 0.0, 0.0, 0.9981881976127625, -0.016307666897773743, 0.0, 0.0]","[1.0, 0.0, 1.0, 1.702134609222412, 0.0, 0.03485121205449104, 0.22474192082881927, 0.8082088828086853]",-29.609805751515218
14.000000000000064,311.2198486328125,-104.14085388183594,12.755880355834961,-0.032501220703125,0.76953125,"[0.6004019975662231, 0.965499997138977, 0.14646901190280914, 0.9553447961807251]","[0.0, 0.0, -0.0056919436901807785, 2.566666626080405e-05, -0.028997546061873436, 1.0, 0.016333334147930145, -0.0056919436901807785, 0.0, 0.0, 0.9981881976127625, -0.016307666897773743, 0.0, 0.0]","[1.0, 0.0, 1.0, 1.702134609222412, 0.0, 0.03485121205449104, 0.22474192082881927, 0.8082088828086853]",-29.674224998466325
14.050000000000065,311.17578125,-103.50083923339844,12.86946964263916,-0.02996826171875,0.78125,"[0.5929478406906128, 0.9239000082015991, 0.16105450689792633, 0.9698712229728699]","[0.0, 0.0, -0.0056919436901807785, 2.566666626080405e-05, -0.028997546061873436, 1.0, 0.016333334147930145, -0.0056919436901807785, 0.0, 0.0, 0.9981881976127625, -0.016307666897773743, 0.0, 0.0]","[1.0, 0.0, 1.0, 1.702134609222412, 0.0, 0.03485121205449104, 0.22474192082881927, 0.8082088828086853]",-29.500635623905193
14.100000000000065,311.1339416503906,-102.85496520996094,12.985269546508789,-0.024139404296875,0.78515625,"[0.5853484869003296, 0.9312000274658203, 0.18061362206935883, 0.9647119045257568]","[0.0, 0.0, -0.0056919436901807785, 2.566666626080405e-05, -0.028997546061873436, 1.0, 0.016333334147930145, -0.0056919436901807785, 0.0, 0.0, 0.9981881976127625, -0.016307666897773743, 0.0, 0.0]","[1.0, 0.0, 1.0, 1.702134609222412, 0.0, 0.03485121205449104, 0.22474192082881927, 0.8082088828086853]",-29.603351738849604
14.150000000000066,311.0936584472656,-102.20313262939453,13.104990005493164,-0.01690673828125,0.78515625,"[0.5774918794631958, 0.923799991607666, 0.15405187010765076, 0.9513551592826843]","[0.0, 0.0, -0.0056919436901807785, 2.566666626080405e-05, -0.028997546061873436, 1.0, 0.016333334147930145, -0.0056919436901807785, 0.0, 0.0, 0.9981881976127625, -0.016307666897773743, 0.0, 0.0]","[1.0, 0.0, 1.0, 1.702134609222412, 0.0, 0.03485121205449104, 0.22474192082881927, 0.8082088828086853]",-29.72249596737959
14.200000000000067,311.05462646484375,-101.54524230957031,13.225769996643066,-0.010101318359375,0.78515625,"[0.5695657730102539, 0.9322999715805054, 0.14839911460876465, 0.976449191570282]","[0.0, 0.0, -0.0056919436901807785, 2.566666626080405e-05, -0.028997546061873436, 1.0, 0.016333334147930145, -0.0056919436901807785, 0.0, 0.0, 0.9981881976127625, -0.016307666897773743, 0.0, 0.0]","[1.0, 0.0, 1.0, 1.702134609222412, 0.0, 0.03485121205449104, 0.22474192082881927, 0.8082088828086853]",-29.846874044828194
14.250000000000068,311.0164489746094,-100.8812484741211,13.348540306091309,-0.0028076171875,0.78515625,"[0.5615090131759644, 0.941100001335144, 0.1337788850069046, 0.9657108187675476]","[0.0, 0.0, -0.0056919436901807785, 2.566666626080405e-05, -0.028997546061873436, 1.0, 0.016333334147930145, -0.0056919436901807785, 0.0, 0.0, 0.9981881976127625, -0.016307666897773743, 0.0, 0.0]","[1.0, 0.0, 1.0, 1.702134609222412, 0.0, 0.03485121205449104, 0.22474192082881927, 0.8082088828086853]",-29.674175657733798
14.300000000000068,310.9784851074219,-100.21111297607422,13.471719741821289,0.004119873046875,0.7890625,"[0.5534254312515259, 0.932699978351593, 0.11677142977714539, 0.965060830116272]","[0.0, 0.0, -0.0056919436901807785, 2.566666626080405e-05, -0.028997546061873436, 1.0, 0.016333334147930145, -0.0056919436901807785, 0.0, 0.0, 0.9981881976127625, -0.016307666897773743, 0.0, 0.0]","[1.0, 0.0, 1.0, 1.702134609222412, 0.0, 0.03485121205449104, 0.22474192082881927, 0.8082088828086853]",-29.798516665869418
14.350000000000069,310.94036865234375,-99.5348129272461,13.59607982635498,0.00689697265625,0.7890625,"[0.5452643632888794, 0.9412000179290771, 0.11219955235719681, 0.9743193984031677]","[0.0, 0.0, -0.0056919436901807785, 2.566666626080405e-05, -0.028997546061873436, 1.0, 0.016333334147930145, -0.0056919436901807785, 0.0, 0.0, 0.9981881976127625, -0.016307666897773743, 0.0, 0.0]","[1.0, 0.0, 1.0, 1.702134609222412, 0.0, 0.03485121205449104, 0.22474192082881927, 0.8082088828086853]",-29.933637367532825
14.40000000000007,310.9019775390625,-98.852294921875,13.720800399780273,0.006500244140625,0.7890625,"[0.5370796322822571, 0.9498000144958496, 0.11377010494470596, 0.9812390208244324]","[0.0, 0.0, -0.0056919436901807785, 2.566666626080405e-05, -0.028997546061873436, 1.0, 0.016333334147930145, -0.0056919436901807785, 0.0, 0.0, 0.9981881976127625, -0.016307666897773743, 0.0, 0.0]","[1.0, 0.0, 1.0, 1.702134609222412, 0.0, 0.03485121205449104, 0.22474192082881927, 0.8082088828086853]",-30.072877358509608
14.45000000000007,310.86334228515625,-98.16354370117188,13.845919609069824,0.004852294921875,0.7890625,"[0.5288687944412231, 0.9584000110626221, 0.11495999991893768, 0.981820285320282]","[0.0, 0.0, -0.0056919436901807785, 2.566666626080405e-05, -0.028997546061873436, 1.0, 0.016333334147930145, -0.0056919436901807785, 0.0, 0.0, 0.9981881976127625, -0.016307666897773743, 0.0, 0.0]","[1.0, 0.0, 1.0, 1.702134609222412, 0.0, 0.03485121205449104, 0.22474192082881927, 0.8082088828086853]",-29.882698461184926
14.500000000000071,310.8243408203125,-97.46854400634766,13.971220016479492,0.0029296875,0.7890625,"[0.5206459760665894, 0.9671000242233276, 0.11488483101129532, 0.9820466637611389]","[0.0, 0.0, -0.0056919436901807785, 2.566666626080405e-05, -0.028997546061873436, 1.0, 0.016333334147930145, -0.0056919436901807785, 0.0, 0.0, 0.9981881976127625, -0.016307666897773743, 0.0, 0.0]","[1.0, 0.0, 1.0, 1.702134609222412, 0.0, 0.03485121205449104, 0.22474192082881927, 0.8082088828086853]",-30.080029834338745
14.550000000000072,310.7849426269531,-96.76728057861328,14.096670150756836,0.001678466796875,0.7890625,"[0.5124134421348572, 0.9757000207901001, 0.11332878470420837, 0.9809781312942505]","[0.0, 0.0, -0.0056919436901807785, 2.566666626080405e-05, -0.028997546061873436, 1.0, 0.016333334147930145, -0.0056919436901807785, 0.0, 0.0, 0.9981881976127625, -0.016307666897773743, 0.0, 0.0]","[1.0, 0.0, 1.0, 1.702134609222412, 0.0, 0.03485121205449104, 0.22474192082881927, 0.8082088828086853]",-30.267596371805833
14.600000000000072,310.7449645996094,-96.05978393554688,14.222220420837402,0.00164794921875,0.7890625,"[0.5041742324829102, 0.9843999743461609, 0.11373143643140793, 0.9791959524154663]","[0.0, 0.0, -0.0056919436901807785, 2.566666626080405e-05, -0.028997546061873436, 1.0, 0.016333334147930145, -0.0056919436901807785, 0.0, 0.0, 0.9981881976127625, -0.016307666897773743, 0.0, 0.0]","[1.0, 0.0, 1.0, 1.702134609222412, 0.0, 0.03485121205449104, 0.22474192082881927, 0.8082088828086853]",-30.47236982601476
14.650000000000073,310.70440673828125,-95.3460464477539,14.347860336303711,0.001678466796875,0.7890625,"[0.49592918157577515, 0.9930999875068665, 0.11518373340368271, 0.9810310006141663]","[0.0, 0.0, -0.0056919436901807785, 2.566666626080405e-05, -0.028997546061873436, 1.0, 0.016333334147930145, -0.0056919436901807785, 0.0, 0.0, 0.9981881976127625, -0.016307666897773743, 0.0, 0.0]","[1.0, 0.0, 1.0, 1.702134609222412, 0.0, 0.03485121205449104, 0.22474192082881927, 0.8082088828086853]",-30.38984036402612
14.700000000000074,310.6634826660156,-94.62601470947266,14.473580360412598,-0.000732421875,0.7890625,"[0.4876788854598999, 1.0, 0.1137186735868454, 0.9755804538726807]","[0.0, 0.0, -0.0056919436901807785, 2.566666626080405e-05, -0.028997546061873436, 1.0, 0.016333334147930145, -0.0056919436901807785, 0.0, 0.0, 0.9981881976127625, -0.016307666897773743, 0.0, 0.0]","[1.0, 0.0, 1.0, 1.702134609222412, 0.0, 0.03485121205449104, 0.22474192082881927, 0.8082088828086853]",-30.671335541290237
14.750000000000075,310.62274169921875,-93.89969635009766,14.59924030303955,-0.00592041015625,0.7890625,"[0.47943252325057983, 1.0, 0.12752394378185272, 0.9672353863716125]","[0.0, 0.0, -0.0056919436901807785, 2.566666626080405e-05, -0.028997546061873436, 1.0, 0.016333334147930145, -0.0056919436901807785, 0.0, 0.0, 0.9981881976127625, -0.016307666897773743, 0.0, 0.0]","[1.0, 0.0, 1.0, 1.702134609222412, 0.0, 0.03485121205449104, 0.22474192082881927, 0.8082088828086853]",-30.970157231544416
14.800000000000075,310.5823059082031,-93.16704559326172,14.725029945373535,-0.01495361328125,0.7890625,"[0.4711776375770569, 1.0, 0.125531405210495, 0.9784407019615173]","[0.0, 0.0, -0.0056919436901807785, 2.566666626080405e-05, -0.028997546061873436, 1.0, 0.016333334147930145, -0.0056919436901807785, 0.0, 0.0, 0.9981881976127625, -0.016307666897773743, 0.0, 0.0]","[1.0, 0.0, 1.0, 1.702134609222412, 0.0, 0.03485121205449104, 0.22474192082881927, 0.8082088828086853]",-31.33017176771144
14.850000000000076,310.5442810058594,-92.42805480957031,14.849080085754395,-0.0267333984375,0.7890625,"[0.4630369544029236, 1.0, 0.18900220096111298, 0.914030909538269]","[0.0, 0.0, -0.0056919436901807785, 2.566666626080405e-05, -0.028997546061873436, 1.0, 0.016333334147930145, -0.0056919436901807785, 0.0, 0.0, 0.9981881976127625, -0.016307666897773743, 0.0, 0.0]","[1.0, 0.0, 1.0, 1.702134609222412, 0.0, 0.03485121205449104, 0.22474192082881927, 0.8082088828086853]",-31.969806771346803
