sim_time,x,y,speed,steer,throttle,style_scores,alert_state,alert_raw,alert_score
0.05,234.2699737548828,55.84001922607422,0.9800000190734863,-0.00457763671875,0.20000000298023224,"[0.6268119812011719, 0.24779999256134033, 0.0, 0.9429737329483032]","[0.0, 0.0, 4.261057711119065e-06, 4.966666892869398e-05, -0.01669049821794033, 1.0, 0.016333334147930145, 4.261057711119065e-06, 0.0, 0.0, -0.9999986290931702, -0.016283666715025902, 0.0, 0.0]","[1.0, 0.0, 0.0, 1.0687994956970215, 0.0, 0.3898947834968567, 0.7063942551612854, 0.16378097236156464]",1.0
0.1,234.2699737548828,55.84001922607422,1.4700000286102295,-0.00457763671875,0.20000000298023224,"[0.6589679718017578, 0.3716000020503998, 0.0, 0.9659090638160706]","[0.0, 0.0, 4.261057711119065e-06, 4.966666892869398e-05, -0.01669049821794033, 1.0, 0.016333334147930145, 4.261057711119065e-06, 0.0, 0.0, -0.9999986290931702, -0.016283666715025902, 0.0, 0.0]","[1.0, 0.0, 0.0, 1.0687994956970215, 0.0, 0.3898947834968567, 0.7063942551612854, 0.16378097236156464]",1.0
0.15000000000000002,234.2699737548828,55.84001922607422,1.9600000381469727,-0.00457763671875,0.20000000298023224,"[0.6911239624023438, 0.49549999833106995, 0.0, 0.9659090042114258]","[0.0, 0.0, 4.261057711119065e-06, 4.966666892869398e-05, -0.01669049821794033, 1.0, 0.016333334147930145, 4.261057711119065e-06, 0.0, 0.0, -0.9999986290931702, -0.016283666715025902, 0.0, 0.0]","[1.0, 0.0, 0.0, 1.0687994956970215, 0.0, 0.3898947834968567, 0.7063942551612854, 0.16378097236156464]",1.0
0.2,234.2699737548828,55.84001922607422,1.125920057296753,-0.00457763671875,0.20000000298023224,"[0.6363878846168518, 0.274399995803833, 0.0, 0.5113636255264282]","[0.0, 0.0, 4.261057711119065e-06, 4.966666892869398e-05, -0.01669049821794033, 1.0, 0.016333334147930145, 4.261057711119065e-06, 0.0, 0.0, -0.9999986290931702, -0.016283666715025902, 0.0, 0.0]","[1.0, 0.0, 0.0, 1.0687994956970215, 0.0, 0.3898947834968567, 0.7063942551612854, 0.16378097236156464]",1.0
0.25,234.2699737548828,55.84001922607422,0.5760599970817566,-0.00457763671875,0.20000000298023224,"[0.6003036499023438, 0.14470000565052032, 0.0, 0.7075186371803284]","[0.0, 0.0, 4.261057711119065e-06, 4.966666892869398e-05, -0.01669049821794033, 1.0, 0.016333334147930145, 4.261057711119065e-06, 0.0, 0.0, -0.9999986290931702, -0.016283666715025902, 0.0, 0.0]","[1.0, 0.0, 0.0, 1.0687994956970215, 0.0, 0.3898947834968567, 0.7063942551612854, 0.16378097236156464]",0.9771972033273825
0.3,234.2699737548828,55.84001922607422,0.2510800063610077,-0.00457763671875,0.20000000298023224,"[0.5789769887924194, 0.06459999829530716, 0.0, 0.7614768147468567]","[0.0, 0.0, 4.261057711119065e-06, 4.966666892869398e-05, -0.01669049821794033, 1.0, 0.016333334147930145, 4.261057711119065e-06, 0.0, 0.0, -0.9999986290931702, -0.016283666715025902, 0.0, 0.0]","[1.0, 0.0, 0.0, 1.0687994956970215, 0.0, 0.3898947834968567, 0.7063942551612854, 0.16378097236156464]",0.8886695961913557
0.35,234.2699737548828,55.84001922607422,0.06662999838590622,-0.00457763671875,0.20000000298023224,"[0.5668725371360779, 0.017400000244379044, 0.0, 0.8470976948738098]","[0.0, 0.0, 4.261057711119065e-06, 4.966666892869398e-05, -0.01669049821794033, 1.0, 0.016333334147930145, 4.261057711119065e-06, 0.0, 0.0, -0.9999986290931702, -0.016283666715025902, 0.0, 0.0]","[1.0, 0.0, 0.0, 1.0687994956970215, 0.0, 0.3898947834968567, 0.7063942551612854, 0.16378097236156464]",0.7733426702296371
0.39999999999999997,234.2699737548828,55.84001922607422,0.031599998474121094,-0.00457763671875,0.20000000298023224,"[0.5645737648010254, 0.008299999870359898, 0.0, 0.9168357253074646]","[0.0, 0.0, 4.261057711119065e-06, 4.966666892869398e-05, -0.01669049821794033, 1.0, 0.016333334147930145, 4.261057711119065e-06, 0.0, 0.0, -0.9999986290931702, -0.016283666715025902, 0.0, 0.0]","[1.0, 0.0, 0.0, 1.0687994956970215, 0.0, 0.3898947834968567, 0.7063942551612854, 0.16378097236156464]",0.4473781674861792
0.44999999999999996,234.2699737548828,55.84001922607422,0.07818999886512756,-0.00457763671875,0.20000000298023224,"[0.567631185054779, 0.02070000022649765, 0.0, 0.9467031955718994]","[0.0, 0.0, 4.261057711119065e-06, 4.966666892869398e-05, -0.01669049821794033, 1.0, 0.016333334147930145, 4.261057711119065e-06, 0.0, 0.0, -0.9999986290931702, -0.016283666715025902, 0.0, 0.0]","[1.0, 0.0, 0.0, 1.0687994956970215, 0.0, 0.3898947834968567, 0.7063942551612854, 0.16378097236156464]",0.24415318782290307
0.49999999999999994,234.2699737548828,55.84001922607422,0.09489999711513519,-0.00457763671875,0.20000000298023224,"[0.5687277317047119, 0.025200000032782555, 0.0, 0.9705612659454346]","[0.0, 0.0, 4.261057711119065e-06, 4.966666892869398e-05, -0.01669049821794033, 1.0, 0.016333334147930145, 4.261057711119065e-06, 0.0, 0.0, -0.9999986290931702, -0.016283666715025902, 0.0, 0.0]","[1.0, 0.0, 0.0, 1.0687994956970215, 0.0, 0.3898947834968567, 0.7063942551612854, 0.16378097236156464]",0.02783972377475985
0.5499999999999999,234.2699737548828,55.84001922607422,0.09520000219345093,-0.00457763671875,0.20000000298023224,"[0.5687474608421326, 0.025299999862909317, 0.0, 0.9850340485572815]","[0.0, 0.0, 4.261057711119065e-06, 4.966666892869398e-05, -0.01669049821794033, 1.0, 0.016333334147930145, 4.261057711119065e-06, 0.0, 0.0, -0.9999986290931702, -0.016283666715025902, 0.0, 0.0]","[1.0, 0.0, 0.0, 1.0687994956970215, 0.0, 0.3898947834968567, 0.7063942551612854, 0.16378097236156464]",-0.20973260363482438
0.6,234.2699737548828,55.84001922607422,0.08722999691963196,-0.00457763671875,0.444427490234375,"[0.5682244300842285, 0.016100000590085983, 0.0, 0.9686753749847412]","[0.0, 0.0, 4.261057711119065e-06, 4.966666892869398e-05, -0.01669049821794033, 1.0, 0.016333334147930145, 4.261057711119065e-06, 0.0, 0.0, -0.9999986290931702, -0.016283666715025902, 0.0, 0.0]","[1.0, 0.0, 0.0, 1.0687994956970215, 0.0, 0.3898947834968567, 0.7063942551612854, 0.16378097236156464]",-0.47732220869044584
0.65,234.2699737548828,55.84001922607422,0.07580000162124634,-0.00457763671875,0.78125,"[0.567474365234375, 0.005499999970197678, 0.0, 0.9725637435913086]","[0.0, 0.0, 4.261057711119065e-06, 4.966666892869398e-05, -0.01669049821794033, 1.0, 0.016333334147930145, 4.261057711119065e-06, 0.0, 0.0, -0.9999986290931702, -0.016283666715025902, 0.0, 0.0]","[1.0, 0.0, 0.0, 1.0687994956970215, 0.0, 0.3898947834968567, 0.7063942551612854, 0.16378097236156464]",-1.0410849449515678
0.7000000000000001,234.2699737548828,55.84001922607422,0.0636100023984909,-0.00457763671875,0.8359375,"[0.5666743516921997, 0.0035000001080334187, 0.0, 0.9976432919502258]","[0.0, 0.0, 4.261057711119065e-06, 4.966666892869398e-05, -0.01669049821794033, 1.0, 0.016333334147930145, 4.261057711119065e-06, 0.0, 0.0, -0.9999986290931702, -0.016283666715025902, 0.0, 0.0]","[1.0, 0.0, 0.0, 1.0687994956970215, 0.0, 0.3898947834968567, 0.7063942551612854, 0.16378097236156464]",-1.3589581658704226
0.7500000000000001,234.2699737548828,55.84001922607422,0.052060000598430634,-0.00457763671875,0.81640625,"[0.5659164190292358, 0.0031999999191612005, 4.3956040940429375e-07, 0.997830331325531]","[0.0, 0.0, 4.261057711119065e-06, 4.966666892869398e-05, -0.01669049821794033, 1.0, 0.016333334147930145, 4.261057711119065e-06, 0.0, 0.0, -0.9999986290931702, -0.016283666715025902, 0.0, 0.0]","[1.0, 0.0, 0.0, 1.0687994956970215, 0.0, 0.3898947834968567, 0.7063942551612854, 0.16378097236156464]",-1.6845889195599475
0.8000000000000002,234.2699737548828,55.84001922607422,0.041839998215436935,-0.00457763671875,0.81640625,"[0.5652457475662231, 0.0026000000070780516, 0.0, 0.9974128603935242]","[0.0, 0.0, 4.261057711119065e-06, 4.966666892869398e-05, -0.01669049821794033, 1.0, 0.016333334147930145, 4.261057711119065e-06, 0.0, 0.0, -0.9999986290931702, -0.016283666715025902, 0.0, 0.0]","[1.0, 0.0, 0.0, 1.0687994956970215, 0.0, 0.3898947834968567, 0.7063942551612854, 0.16378097236156464]",-2.365512924075516
0.8500000000000002,234.2699737548828,55.84001922607422,0.03313999995589256,-0.00457763671875,0.83984375,"[0.5646747946739197, 0.0017999999690800905, 0.0, 0.9974225163459778]","[0.0, 0.0, 4.261057711119065e-06, 4.966666892869398e-05, -0.01669049821794033, 1.0, 0.016333334147930145, 4.261057711119065e-06, 0.0, 0.0, -0.9999986290931702, -0.016283666715025902, 0.0, 0.0]","[1.0, 0.0, 0.0, 1.0687994956970215, 0.0, 0.3898947834968567, 0.7063942551612854, 0.16378097236156464]",-2.729240050424347
0.9000000000000002,234.2699737548828,55.84001922607422,0.025949999690055847,-0.00457763671875,0.84765625,"[0.5642029643058777, 0.0013000000035390258, 0.0, 0.9976474046707153]","[0.0, 0.0, 4.261057711119065e-06, 4.966666892869398e-05, -0.01669049821794033, 1.0, 0.016333334147930145, 4.261057711119065e-06, 0.0, 0.0, -0.9999986290931702, -0.016283666715025902, 0.0, 0.0]","[1.0, 0.0, 0.0, 1.0687994956970215, 0.0, 0.3898947834968567, 0.7063942551612854, 0.16378097236156464]",-3.0987728583584344
0.9500000000000003,234.2699737548828,55.84001922607422,0.02012999914586544,-0.00457763671875,0.8671875,"[0.5638210773468018, 0.0008999999845400453, 0.0, 0.9979605674743652]","[0.0, 0.0, 4.261057711119065e-06, 4.966666892869398e-05, -0.01669049821794033, 1.0, 0.016333334147930145, 4.261057711119065e-06, 0.0, 0.0, -0.9999986290931702, -0.016283666715025902, 0.0, 0.0]","[1.0, 0.0, 0.0, 1.0687994956970215, 0.0, 0.3898947834968567, 0.7063942551612854, 0.16378097236156464]",-3.4757877866220497
1.0000000000000002,234.26087951660156,55.84004592895508,0.33254000544548035,-0.00457763671875,0.890625,"[0.5843228101730347, 0.011699999682605267, 0.2927986681461334, 0.5957377552986145]","[0.0, 0.0, 4.261057711119065e-06, 4.966666892869398e-05, -0.01669049821794033, 1.0, 0.016333334147930145, 4.261057711119065e-06, 0.0, 0.0, -0.9999986290931702, -0.016283666715025902, 0.0, 0.0]","[1.0, 0.0, 0.0, 1.0687994956970215, 0.0, 0.3898947834968567, 0.7063942551612854, 0.16378097236156464]",-3.8517499341027746
1.0500000000000003,234.2308349609375,55.840057373046875,0.7368599772453308,-0.00457763671875,0.91015625,"[0.6108560562133789, 0.0210999995470047, 0.357527494430542, 0.879453718662262]","[0.0, 0.0, 4.261057711119065e-06, 4.966666892869398e-05, -0.01669049821794033, 1.0, 0.016333334147930145, 4.261057711119065e-06, 0.0, 0.0, -0.9999986290931702, -0.016283666715025902, 0.0, 0.0]","[1.0, 0.0, 0.0, 1.0687994956970215, 0.0, 0.3898947834968567, 0.7063942551612854, 0.16378097236156464]",-4.61315784199646
1.1000000000000003,234.18667602539062,55.84017562866211,0.9355400204658508,-0.00457763671875,0.921875,"[0.6238943338394165, 0.023800000548362732, 0.17719252407550812, 0.7295441031455994]","[0.0, 0.0, 4.261057711119065e-06, 4.966666892869398e-05, -0.01669049821794033, 1.0, 0.016333334147930145, 4.261057711119065e-06, 0.0, 0.0, -0.9999986290931702, -0.016283666715025902, 0.0, 0.0]","[1.0, 0.0, 0.0, 1.0687994956970215, 0.0, 0.3898947834968567, 0.7063942551612854, 0.16378097236156464]",-4.9778812036931654
1.1500000000000004,234.13226318359375,55.84035873413086,1.135990023612976,-0.00457763671875,0.921875,"[0.6370487213134766, 0.02889999933540821, 0.1776883602142334, 0.9675337672233582]","[0.0, 0.0, 4.261057711119065e-06, 4.966666892869398e-05, -0.01669049821794033, 1.0, 0.016333334147930145, 4.261057711119065e-06, 0.0, 0.0, -0.9999986290931702, -0.016283666715025902, 0.0, 0.0]","[1.0, 0.0, 0.0, 1.0687994956970215, 0.0, 0.3898947834968567, 0.7063942551612854, 0.16378097236156464]",-5.344348738168341
1.2000000000000004,234.0667266845703,55.84054183959961,1.3924800157546997,-0.00457763671875,0.92578125,"[0.6538807153701782, 0.03350000083446503, 0.22838853299617767, 0.8964154720306396]","[0.0, 0.0, 4.261057711119065e-06, 4.966666892869398e-05, -0.01669049821794033, 1.0, 0.016333334147930145, 4.261057711119065e-06, 0.0, 0.0, -0.9999986290931702, -0.016283666715025902, 0.0, 0.0]","[1.0, 0.0, 0.0, 1.0687994956970215, 0.0, 0.3898947834968567, 0.7063942551612854, 0.16378097236156464]",-5.709919829847999
1.2500000000000004,233.99002075195312,55.84077835083008,1.6173100471496582,-0.00457763671875,0.9296875,"[0.6686351299285889, 0.03689999878406525, 0.19925932586193085, 0.9290078282356262]","[0.0, 0.0, 4.261057711119065e-06, 4.966666892869398e-05, -0.01669049821794033, 1.0, 0.016333334147930145, 4.261057711119065e-06, 0.0, 0.0, -0.9999986290931702, -0.016283666715025902, 0.0, 0.0]","[1.0, 0.0, 0.0, 1.0687994956970215, 0.0, 0.3898947834968567, 0.7063942551612854, 0.16378097236156464]",-6.541221425406618
1.3000000000000005,233.90200805664062,55.84114074707031,1.8519799709320068,-0.00457763671875,0.9296875,"[0.6840351819992065, 0.04230000078678131, 0.2086140513420105, 0.9541952013969421]","[0.0, 0.0, 4.261057711119065e-06, 4.966666892869398e-05, -0.01669049821794033, 1.0, 0.016333334147930145, 4.261057711119065e-06, 0.0, 0.0, -0.9999986290931702, -0.016283666715025902, 0.0, 0.0]","[1.0, 0.0, 0.0, 1.0687994956970215, 0.0, 0.3898947834968567, 0.7063942551612854, 0.16378097236156464]",-6.932168303042843
1.3500000000000005,233.8040008544922,55.84152603149414,2.0205600261688232,-0.00457763671875,0.9296875,"[0.6950981616973877, 0.04639999940991402, 0.1492835134267807, 0.898060142993927]","[0.0, 0.0, 4.261057711119065e-06, 4.966666892869398e-05, -0.01669049821794033, 1.0, 0.016333334147930145, 4.261057711119065e-06, 0.0, 0.0, -0.9999986290931702, -0.016283666715025902, 0.0, 0.0]","[1.0, 0.0, 0.0, 1.0687994956970215, 0.0, 0.3898947834968567, 0.7063942551612854, 0.16378097236156464]",-7.330590208876366
1.4000000000000006,233.6966552734375,55.84199142456055,2.240070104598999,-0.00457763671875,0.93359375,"[0.7095034122467041, 0.04830000177025795, 0.19434504210948944, 0.9090440273284912]","[0.0, 0.0, 4.261057711119065e-06, 4.966666892869398e-05, -0.01669049821794033, 1.0, 0.016333334147930145, 4.261057711119065e-06, 0.0, 0.0, -0.9999986290931702, -0.016283666715025902, 0.0, 0.0]","[1.0, 0.0, 0.0, 1.0687994956970215, 0.0, 0.3898947834968567, 0.7063942551612854, 0.16378097236156464]",-7.7341684848255206
1.4500000000000006,233.57736206054688,55.8425178527832,2.48294997215271,-0.00457763671875,0.93359375,"[0.7254422903060913, 0.05350000038743019, 0.214974507689476, 0.9382336139678955]","[0.0, 0.0, 4.261057711119065e-06, 4.966666892869398e-05, -0.01669049821794033, 1.0, 0.016333334147930145, 4.261057711119065e-06, 0.0, 0.0, -0.9999986290931702, -0.016283666715025902, 0.0, 0.0]","[1.0, 0.0, 0.0, 1.0687994956970215, 0.0, 0.3898947834968567, 0.7063942551612854, 0.16378097236156464]",-8.603912223396465
1.5000000000000007,233.44451904296875,55.84313201904297,2.770250082015991,-0.00457763671875,0.93359375,"[0.7442961931228638, 0.05939999967813492, 0.2545797526836395, 0.9133017659187317]","[0.0, 0.0, 4.261057711119065e-06, 4.966666892869398e-05, -0.01669049821794033, 1.0, 0.016333334147930145, 4.261057711119065e-06, 0.0, 0.0, -0.9999986290931702, -0.016283666715025902, 0.0, 0.0]","[1.0, 0.0, 0.0, 1.0687994956970215, 0.0, 0.3898947834968567, 0.7063942551612854, 0.16378097236156464]",-9.018876991286875
1.5500000000000007,233.29641723632812,55.84384536743164,3.084630012512207,-0.00457763671875,0.93359375,"[0.7649272680282593, 0.06589999794960022, 0.27833670377731323, 0.9338834285736084]","[0.0, 0.0, 4.261057711119065e-06, 4.966666892869398e-05, -0.01669049821794033, 1.0, 0.016333334147930145, 4.261057711119065e-06, 0.0, 0.0, -0.9999986290931702, -0.016283666715025902, 0.0, 0.0]","[1.0, 0.0, 0.0, 1.0687994956970215, 0.0, 0.3898947834968567, 0.7063942551612854, 0.16378097236156464]",-9.396222742344065
1.6000000000000008,233.1309356689453,55.844696044921875,3.4460699558258057,-0.00457763671875,0.9375,"[0.7886465191841125, 0.0689999982714653, 0.32015472650527954, 0.9101986885070801]","[0.0, 0.0, 4.261057711119065e-06, 4.966666892869398e-05, -0.01669049821794033, 1.0, 0.016333334147930145, 4.261057711119065e-06, 0.0, 0.0, -0.9999986290931702, -0.016283666715025902, 0.0, 0.0]","[1.0, 0.0, 0.0, 1.0687994956970215, 0.0, 0.3898947834968567, 0.7063942551612854, 0.16378097236156464]",-9.64607409301673
1.6500000000000008,232.9480438232422,55.84568405151367,3.781409978866577,-0.00457763671875,0.9375,"[0.8106530904769897, 0.07590000331401825, 0.2973203957080841, 0.9349671006202698]","[0.0, 0.0, 4.261057711119065e-06, 4.966666892869398e-05, -0.01669049821794033, 1.0, 0.016333334147930145, 4.261057711119065e-06, 0.0, 0.0, -0.9999986290931702, -0.016283666715025902, 0.0, 0.0]","[1.0, 0.0, 0.0, 1.0687994956970215, 0.0, 0.3898947834968567, 0.7063942551612854, 0.16378097236156464]",-9.641604830384862
1.7000000000000008,232.74905395507812,55.84681701660156,4.100269794464111,-0.00457763671875,0.9375,"[0.8315780758857727, 0.08240000158548355, 0.2830360233783722, 0.946370542049408]","[0.0, 0.0, 4.261057711119065e-06, 4.966666892869398e-05, -0.01669049821794033, 1.0, 0.016333334147930145, 4.261057711119065e-06, 0.0, 0.0, -0.9999986290931702, -0.016283666715025902, 0.0, 0.0]","[1.0, 0.0, 0.0, 1.0687994956970215, 0.0, 0.3898947834968567, 0.7063942551612854, 0.16378097236156464]",-9.606264061123717
1.7500000000000009,232.53445434570312,55.84811019897461,4.412990093231201,-0.00457763671875,0.9375,"[0.852100133895874, 0.08879999816417694, 0.2778492271900177, 0.9585695862770081]","[0.0, 0.0, 4.261057711119065e-06, 4.966666892869398e-05, -0.01669049821794033, 1.0, 0.016333334147930145, 4.261057711119065e-06, 0.0, 0.0, -0.9999986290931702, -0.016283666715025902, 0.0, 0.0]","[1.0, 0.0, 0.0, 1.0687994956970215, 0.0, 0.3898947834968567, 0.7063942551612854, 0.16378097236156464]",-9.556667047552263
1.800000000000001,232.30429077148438,55.849578857421875,4.724820137023926,-0.00457763671875,0.94140625,"[0.8725638389587402, 0.08910000324249268, 0.2772883474826813, 0.9647263288497925]","[0.0, 0.0, 4.261057711119065e-06, 4.966666892869398e-05, -0.01669049821794033, 1.0, 0.016333334147930145, 4.261057711119065e-06, 0.0, 0.0, -0.9999986290931702, -0.016283666715025902, 0.0, 0.0]","[1.0, 0.0, 0.0, 1.0687994956970215, 0.0, 0.3898947834968567, 0.7063942551612854, 0.16378097236156464]",-9.66745956173875
1.850000000000001,232.0585479736328,55.851234436035156,5.038529872894287,-0.00457763671875,0.94140625,"[0.8931508660316467, 0.0949999988079071, 0.27920353412628174, 0.9635720252990723]","[0.0, 0.0, 4.261057711119065e-06, 4.966666892869398e-05, -0.01669049821794033, 1.0, 0.016333334147930145, 4.261057711119065e-06, 0.0, 0.0, -0.9999986290931702, -0.016283666715025902, 0.0, 0.0]","[1.0, 0.0, 0.0, 1.0687994956970215, 0.0, 0.3898947834968567, 0.7063942551612854, 0.16378097236156464]",-9.614131594995987
1.900000000000001,231.79702758789062,55.85310363769531,5.355199813842773,-0.00457763671875,0.94140625,"[0.913932204246521, 0.10100000351667404, 0.2819867730140686, 0.961333692073822]","[0.0, 0.0, 4.261057711119065e-06, 4.966666892869398e-05, -0.01669049821794033, 1.0, 0.016333334147930145, 4.261057711119065e-06, 0.0, 0.0, -0.9999986290931702, -0.016283666715025902, 0.0, 0.0]","[1.0, 0.0, 0.0, 1.0687994956970215, 0.0, 0.3898947834968567, 0.7063942551612854, 0.16378097236156464]",-9.57062145640398
1.950000000000001,231.52044677734375,55.855194091796875,5.620029926300049,-0.00457763671875,0.94140625,"[0.9313114881515503, 0.10649999976158142, 0.2371208667755127, 0.9040212035179138]","[0.0, 0.0, 4.261057711119065e-06, 4.966666892869398e-05, -0.01669049821794033, 1.0, 0.016333334147930145, 4.261057711119065e-06, 0.0, 0.0, -0.9999986290931702, -0.016283666715025902, 0.0, 0.0]","[1.0, 0.0, 0.0, 1.0687994956970215, 0.0, 0.3898947834968567, 0.7063942551612854, 0.16378097236156464]",-9.52560126381837
2.000000000000001,231.24124145507812,55.857391357421875,5.593239784240723,-0.00457763671875,0.94140625,"[0.9295534491539001, 0.10859999805688858, 0.0, 0.6626116037368774]","[0.0, 0.0, 4.261057711119065e-06, 4.966666892869398e-05, -0.01669049821794033, 1.0, 0.016333334147930145, 4.261057711119065e-06, 0.0, 0.0, -0.9999986290931702, -0.016283666715025902, 0.0, 0.0]","[1.0, 0.0, 0.0, 1.0687994956970215, 0.0, 0.3898947834968567, 0.7063942551612854, 0.16378097236156464]",-9.740825001736974
2.0500000000000007,230.9622802734375,55.859710693359375,5.604410171508789,-0.00457763671875,0.94140625,"[0.9302864670753479, 0.10899999737739563, 0.007180307526141405, 0.9535155296325684]","[0.0, 0.0, 4.261057711119065e-06, 4.966666892869398e-05, -0.01669049821794033, 1.0, 0.016333334147930145, 4.261057711119065e-06, 0.0, 0.0, -0.9999986290931702, -0.016283666715025902, 0.0, 0.0]","[1.0, 0.0, 0.0, 1.0687994956970215, 0.0, 0.3898947834968567, 0.7063942551612854, 0.16378097236156464]",-9.73218291174609
2.1000000000000005,230.68360900878906,55.86213684082031,5.5818400382995605,-0.00457763671875,0.94140625,"[0.9288053512573242, 0.10840000212192535, 0.01682540401816368, 0.9569697976112366]","[0.0, 0.0, 4.261057711119065e-06, 4.966666892869398e-05, -0.01669049821794033, 1.0, 0.016333334147930145, 4.261057711119065e-06, 0.0, 0.0, -0.9999986290931702, -0.016283666715025902, 0.0, 0.0]","[1.0, 0.0, 0.0, 1.0687994956970215, 0.0, 0.3898947834968567, 0.7063942551612854, 0.16378097236156464]",-9.719897838448437
2.1500000000000004,230.39450073242188,55.86481857299805,6.047170162200928,-0.00457763671875,0.94140625,"[0.959342360496521, 0.11230000108480453, 0.32854488492012024, 0.454052597284317]","[0.0, 0.0, 4.261057711119065e-06, 4.966666892869398e-05, -0.01669049821794033, 1.0, 0.016333334147930145, 4.261057711119065e-06, 0.0, 0.0, -0.9999986290931702, -0.016283666715025902, 0.0, 0.0]","[1.0, 0.0, 0.0, 1.0687994956970215, 0.0, 0.3898947834968567, 0.7063942551612854, 0.16378097236156464]",-9.706121151312132
2.2,230.08056640625,55.86789321899414,6.398159980773926,-0.00457763671875,0.94140625,"[0.9823758602142334, 0.12020000070333481, 0.31306636333465576, 0.8307260870933533]","[0.0, 0.0, 4.261057711119065e-06, 4.966666892869398e-05, -0.01669049821794033, 1.0, 0.016333334147930145, 4.261057711119065e-06, 0.0, 0.0, -0.9999986290931702, -0.016283666715025902, 0.0, 0.0]","[1.0, 0.0, 0.0, 1.0687994956970215, 0.0, 0.3898947834968567, 0.7063942551612854, 0.16378097236156464]",-9.951971340332058
2.25,229.7483367919922,55.87133026123047,6.7788801193237305,-0.00457763671875,0.94140625,"[0.9926395416259766, 0.12700000405311584, 0.3401023745536804, 0.9307153224945068]","[0.0, 0.0, 4.261057711119065e-06, 4.966666892869398e-05, -0.01669049821794033, 1.0, 0.016333334147930145, 4.261057711119065e-06, 0.0, 0.0, -0.9999986290931702, -0.016283666715025902, 0.0, 0.0]","[1.0, 0.0, 0.0, 1.0687994956970215, 0.0, 0.3898947834968567, 0.7063942551612854, 0.16378097236156464]",-9.915358817212939
2.3,229.398193359375,55.87512969970703,7.133840084075928,-0.00457763671875,0.94140625,"[0.9693454504013062, 0.1340000033378601, 0.3169982433319092, 0.9354533553123474]","[0.0, 0.0, 4.261057711119065e-06, 4.966666892869398e-05, -0.01669049821794033, 1.0, 0.016333334147930145, 4.261057711119065e-06, 0.0, 0.0, -0.9999986290931702, -0.016283666715025902, 0.0, 0.0]","[1.0, 0.0, 0.0, 1.0687994956970215, 0.0, 0.3898947834968567, 0.7063942551612854, 0.16378097236156464]",-9.863479297701653
2.3499999999999996,229.02960205078125,55.87933349609375,7.516240119934082,-0.00457763671875,0.94140625,"[0.9442507028579712, 0.14079999923706055, 0.34251868724823, 0.9329787492752075]","[0.0, 0.0, 4.261057711119065e-06, 4.966666892869398e-05, -0.01669049821794033, 1.0, 0.016333334147930145, 4.261057711119065e-06, 0.0, 0.0, -0.9999986290931702, -0.016283666715025902, 0.0, 0.0]","[1.0, 0.0, 0.0, 1.0687994956970215, 0.0, 0.3898947834968567, 0.7063942551612854, 0.16378097236156464]",-9.792981745941082
2.3999999999999995,228.64266967773438,55.88396453857422,7.875539779663086,-0.00457763671875,0.94140625,"[0.920671820640564, 0.1477999985218048, 0.3218298852443695, 0.9385865926742554]","[0.0, 0.0, 4.261057711119065e-06, 4.966666892869398e-05, -0.01669049821794033, 1.0, 0.016333334147930145, 4.261057711119065e-06, 0.0, 0.0, -0.9999986290931702, -0.016283666715025902, 0.0, 0.0]","[1.0, 0.0, 0.0, 1.0687994956970215, 0.0, 0.3898947834968567, 0.7063942551612854, 0.16378097236156464]",-10.044236527533776
2.4499999999999993,228.23695373535156,55.88907241821289,8.264249801635742,-0.00457763671875,0.9453125,"[0.8951629400253296, 0.14429999887943268, 0.3483305275440216, 0.9306137561798096]","[0.0, 0.0, 4.261057711119065e-06, 4.966666892869398e-05, -0.01669049821794033, 1.0, 0.016333334147930145, 4.261057711119065e-06, 0.0, 0.0, -0.9999986290931702, -0.016283666715025902, 0.0, 0.0]","[1.0, 0.0, 0.0, 1.0687994956970215, 0.0, 0.3898947834968567, 0.7063942551612854, 0.16378097236156464]",-9.977669571892811
2.499999999999999,227.81256103515625,55.894676208496094,8.629210472106934,-0.00457763671875,0.9453125,"[0.8712126016616821, 0.15109999477863312, 0.3275652527809143, 0.9374444484710693]","[0.0, 0.0, 4.261057711119065e-06, 4.966666892869398e-05, -0.01669049821794033, 1.0, 0.016333334147930145, 4.261057711119065e-06, 0.0, 0.0, -0.9999986290931702, -0.016283666715025902, 0.0, 0.0]","[1.0, 0.0, 0.0, 1.0687994956970215, 0.0, 0.3898947834968567, 0.7063942551612854, 0.16378097236156464]",-9.899577506765208
2.549999999999999,227.37535095214844,55.900726318359375,8.747779846191406,-0.00457763671875,0.9453125,"[0.8634315133094788, 0.15710000693798065, 0.11144614964723587, 0.6924980878829956]","[0.0, 0.0, 4.261057711119065e-06, 4.966666892869398e-05, -0.01669049821794033, 1.0, 0.016333334147930145, 4.261057711119065e-06, 0.0, 0.0, -0.9999986290931702, -0.016283666715025902, 0.0, 0.0]","[1.0, 0.0, 0.0, 1.0687994956970215, 0.0, 0.3898947834968567, 0.7063942551612854, 0.16378097236156464]",-9.831799342745516
2.5999999999999988,226.93919372558594,55.90702819824219,8.733599662780762,-0.00457763671875,0.9453125,"[0.8643621206283569, 0.15850000083446503, 0.0, 0.8411391973495483]","[0.0, 0.0, 4.261057711119065e-06, 4.966666892869398e-05, -0.01669049821794033, 1.0, 0.016333334147930145, 4.261057711119065e-06, 0.0, 0.0, -0.9999986290931702, -0.016283666715025902, 0.0, 0.0]","[1.0, 0.0, 0.0, 1.0687994956970215, 0.0, 0.3898947834968567, 0.7063942551612854, 0.16378097236156464]",-10.181974048240596
2.6499999999999986,226.49993896484375,55.91367721557617,8.97996997833252,-0.00457763671875,0.9453125,"[0.8481941819190979, 0.15919999778270721, 0.1786910593509674, 0.6612678170204163]","[0.0, 0.0, 4.261057711119065e-06, 4.966666892869398e-05, -0.01669049821794033, 1.0, 0.016333334147930145, 4.261057711119065e-06, 0.0, 0.0, -0.9999986290931702, -0.016283666715025902, 0.0, 0.0]","[1.0, 0.0, 0.0, 1.0687994956970215, 0.0, 0.3898947834968567, 0.7063942551612854, 0.16378097236156464]",-10.161952010119922
2.6999999999999984,226.0342559814453,55.92109298706055,9.508469581604004,-0.00457763671875,0.9453125,"[0.8135116696357727, 0.16369999945163727, 0.47353532910346985, 0.6411627531051636]","[0.0, 0.0, 4.261057711119065e-06, 4.966666892869398e-05, -0.01669049821794033, 1.0, 0.016333334147930145, 4.261057711119065e-06, 0.0, 0.0, -0.9999986290931702, -0.016283666715025902, 0.0, 0.0]","[1.0, 0.0, 0.0, 1.0687994956970215, 0.0, 0.3898947834968567, 0.7063942551612854, 0.16378097236156464]",-10.14130605405184
2.7499999999999982,225.545166015625,55.92926788330078,9.935799598693848,-0.00457763671875,0.921875,"[0.785468339920044, 0.24690000712871552, 0.38478198647499084, 0.8462679386138916]","[0.0, 0.0, 4.261057711119065e-06, 4.966666892869398e-05, -0.01669049821794033, 1.0, 0.016333334147930145, 4.261057711119065e-06, 0.0, 0.0, -0.9999986290931702, -0.016283666715025902, 0.0, 0.0]","[1.0, 0.0, 0.0, 1.0687994956970215, 0.0, 0.3898947834968567, 0.7063942551612854, 0.16378097236156464]",-10.121356715686009
2.799999999999998,225.03707885742188,55.938148498535156,10.292309761047363,-0.00457763671875,0.8828125,"[0.7620725631713867, 0.3865000009536743, 0.32287338376045227, 0.8821548223495483]","[0.0, 0.0, 4.261057711119065e-06, 4.966666892869398e-05, -0.01669049821794033, 1.0, 0.016333334147930145, 4.261057711119065e-06, 0.0, 0.0, -0.9999986290931702, -0.016283666715025902, 0.0, 0.0]","[1.0, 0.0, 0.0, 1.0687994956970215, 0.0, 0.3898947834968567, 0.7063942551612854, 0.16378097236156464]",-10.627638613297425
2.849999999999998,224.5130615234375,55.94771957397461,10.595370292663574,-0.00457763671875,0.85546875,"[0.7421844005584717, 0.4934999942779541, 0.2762637436389923, 0.9026616811752319]","[0.0, 0.0, 4.261057711119065e-06, 4.966666892869398e-05, -0.01669049821794033, 1.0, 0.016333334147930145, 4.261057711119065e-06, 0.0, 0.0, -0.9999986290931702, -0.016283666715025902, 0.0, 0.0]","[1.0, 0.0, 0.0, 1.0687994956970215, 0.0, 0.3898947834968567, 0.7063942551612854, 0.16378097236156464]",-10.616035206435436
2.8999999999999977,223.97537231445312,55.957977294921875,10.859950065612793,-0.00457763671875,0.84765625,"[0.7248214483261108, 0.5351999998092651, 0.2428281009197235, 0.9203729629516602]","[0.0, 0.0, 4.261057711119065e-06, 4.966666892869398e-05, -0.01669049821794033, 1.0, 0.016333334147930145, 4.261057711119065e-06, 0.0, 0.0, -0.9999986290931702, -0.016283666715025902, 0.0, 0.0]","[1.0, 0.0, 0.0, 1.0687994956970215, 0.0, 0.3898947834968567, 0.7063942551612854, 0.16378097236156464]",-10.587327051353753
2.9499999999999975,223.42539978027344,55.968929290771484,11.099920272827148,-0.00457763671875,0.8671875,"[0.709073543548584, 0.4781000018119812, 0.22157756984233856, 0.9381168484687805]","[0.0, 0.0, 4.261057711119065e-06, 4.966666892869398e-05, -0.01669049821794033, 1.0, 0.016333334147930145, 4.261057711119065e-06, 0.0, 0.0, -0.9999986290931702, -0.016283666715025902, 0.0, 0.0]","[1.0, 0.0, 0.0, 1.0687994956970215, 0.0, 0.3898947834968567, 0.7063942551612854, 0.16378097236156464]",-10.552560199150497
2.9999999999999973,222.86392211914062,55.98058319091797,11.326990127563477,-0.00457763671875,0.88671875,"[0.694172203540802, 0.41670000553131104, 0.21061933040618896, 0.9537426233291626]","[0.0, 0.0, 4.261057711119065e-06, 4.966666892869398e-05, -0.01669049821794033, 1.0, 0.016333334147930145, 4.261057711119065e-06, 0.0, 0.0, -0.9999986290931702, -0.016283666715025902, 0.0, 0.0]","[1.0, 0.0, 0.0, 1.0687994956970215, 0.0, 0.3898947834968567, 0.7063942551612854, 0.16378097236156464]",-11.069292645897649
3.049999999999997,222.29132080078125,55.99296188354492,11.548450469970703,-0.00457763671875,0.90234375,"[0.6796389818191528, 0.36649999022483826, 0.20606330037117004, 0.9630787372589111]","[0.0, 0.0, 4.261057711119065e-06, 4.966666892869398e-05, -0.01669049821794033, 1.0, 0.016333334147930145, 4.261057711119065e-06, 0.0, 0.0, -0.9999986290931702, -0.016283666715025902, 0.0, 0.0]","[1.0, 0.0, 0.0, 1.0687994956970215, 0.0, 0.3898947834968567, 0.7063942551612854, 0.16378097236156464]",-11.10345644614763
3.099999999999997,221.70767211914062,56.006103515625,11.769410133361816,-0.00457763671875,0.921875,"[0.6651386022567749, 0.298799991607666, 0.2059744894504547, 0.9689942002296448]","[0.0, 0.0, 4.261057711119065e-06, 4.966666892869398e-05, -0.01669049821794033, 1.0, 0.016333334147930145, 4.261057711119065e-06, 0.0, 0.0, -0.9999986290931702, -0.016283666715025902, 0.0, 0.0]","[1.0, 0.0, 0.0, 1.0687994956970215, 0.0, 0.3898947834968567, 0.7063942551612854, 0.16378097236156464]",-11.129929981741926
3.149999999999997,221.11293029785156,56.02001953125,11.991860389709473,-0.00457763671875,0.921875,"[0.6505404710769653, 0.3043999969959259, 0.20765888690948486, 0.9677607417106628]","[0.0, 0.0, 4.261057711119065e-06, 4.966666892869398e-05, -0.01669049821794033, 1.0, 0.016333334147930145, 4.261057711119065e-06, 0.0, 0.0, -0.9999986290931702, -0.016283666715025902, 0.0, 0.0]","[1.0, 0.0, 0.0, 1.0687994956970215, 0.0, 0.3898947834968567, 0.7063942551612854, 0.16378097236156464]",-11.141716124167413
3.1999999999999966,220.50697326660156,56.034759521484375,12.215649604797363,-0.00457763671875,0.921875,"[0.6358543634414673, 0.3100000023841858, 0.2092030793428421, 0.9677532315254211]","[0.0, 0.0, 4.261057711119065e-06, 4.966666892869398e-05, -0.01669049821794033, 1.0, 0.016333334147930145, 4.261057711119065e-06, 0.0, 0.0, -0.9999986290931702, -0.016283666715025902, 0.0, 0.0]","[1.0, 0.0, 0.0, 1.0687994956970215, 0.0, 0.3898947834968567, 0.7063942551612854, 0.16378097236156464]",-11.745888696930693
3.2499999999999964,219.88978576660156,56.05034637451172,12.440950393676758,-0.00457763671875,0.92578125,"[0.6210691332817078, 0.29989999532699585, 0.2109002023935318, 0.9673571586608887]","[0.0, 0.0, 4.261057711119065e-06, 4.966666892869398e-05, -0.01669049821794033, 1.0, 0.016333334147930145, 4.261057711119065e-06, 0.0, 0.0, -0.9999986290931702, -0.016283666715025902, 0.0, 0.0]","[1.0, 0.0, 0.0, 1.0687994956970215, 0.0, 0.3898947834968567, 0.7063942551612854, 0.16378097236156464]",-11.73393875869873
3.2999999999999963,219.26124572753906,56.066810607910156,12.667940139770508,-0.00457763671875,0.92578125,"[0.606173038482666, 0.3052999973297119, 0.21276569366455078, 0.9669125080108643]","[0.0, 0.0, 4.261057711119065e-06, 4.966666892869398e-05, -0.01669049821794033, 1.0, 0.016333334147930145, 4.261057711119065e-06, 0.0, 0.0, -0.9999986290931702, -0.016283666715025902, 0.0, 0.0]","[1.0, 0.0, 0.0, 1.0687994956970215, 0.0, 0.3898947834968567, 0.7063942551612854, 0.16378097236156464]",-11.709963173773108
3.349999999999996,218.62132263183594,56.08418273925781,12.896400451660156,-0.00457763671875,0.92578125,"[0.5911804437637329, 0.3107999861240387, 0.2144254744052887, 0.9669770002365112]","[0.0, 0.0, 4.261057711119065e-06, 4.966666892869398e-05, -0.01669049821794033, 1.0, 0.016333334147930145, 4.261057711119065e-06, 0.0, 0.0, -0.9999986290931702, -0.016283666715025902, 0.0, 0.0]","[1.0, 0.0, 0.0, 1.0687994956970215, 0.0, 0.3898947834968567, 0.7063942551612854, 0.16378097236156464]",-11.695831694225163
3.399999999999996,217.96994018554688,56.10249710083008,13.12617015838623,-0.00457763671875,0.92578125,"[0.5761019587516785, 0.31630000472068787, 0.21596306562423706, 0.9669539928436279]","[0.0, 0.0, 4.261057711119065e-06, 4.966666892869398e-05, -0.01669049821794033, 1.0, 0.016333334147930145, 4.261057711119065e-06, 0.0, 0.0, -0.9999986290931702, -0.016283666715025902, 0.0, 0.0]","[1.0, 0.0, 0.0, 1.0687994956970215, 0.0, 0.3898947834968567, 0.7063942551612854, 0.16378097236156464]",-12.0006475591081
3.4499999999999957,217.30709838867188,56.121795654296875,13.353879928588867,-0.00457763671875,0.88671875,"[0.5611586570739746, 0.4912000000476837, 0.21454019844532013, 0.9663706421852112]","[0.0, 0.0, 4.261057711119065e-06, 4.966666892869398e-05, -0.01669049821794033, 1.0, 0.016333334147930145, 4.261057711119065e-06, 0.0, 0.0, -0.9999986290931702, -0.016283666715025902, 0.0, 0.0]","[1.0, 0.0, 0.0, 1.0687994956970215, 0.0, 0.3898947834968567, 0.7063942551612854, 0.16378097236156464]",-11.548396343362272
3.4999999999999956,216.6331329345703,56.142093658447266,13.5733003616333,-0.00457763671875,0.84375,"[0.5467592477798462, 0.689300000667572, 0.20765714347362518, 0.9602096080780029]","[0.0, 0.0, 4.261057711119065e-06, 4.966666892869398e-05, -0.01669049821794033, 1.0, 0.016333334147930145, 4.261057711119065e-06, 0.0, 0.0, -0.9999986290931702, -0.016283666715025902, 0.0, 0.0]","[1.0, 0.0, 0.0, 1.0687994956970215, 0.0, 0.3898947834968567, 0.7063942551612854, 0.16378097236156464]",-11.103533503514575
3.5499999999999954,215.9486541748047,56.16340255737305,13.77947998046875,-0.00457763671875,0.796875,"[0.533228874206543, 0.9108999967575073, 0.19642503559589386, 0.9561773538589478]","[0.0, 0.0, 4.261057711119065e-06, 4.966666892869398e-05, -0.01669049821794033, 1.0, 0.016333334147930145, 4.261057711119065e-06, 0.0, 0.0, -0.9999986290931702, -0.016283666715025902, 0.0, 0.0]","[1.0, 0.0, 0.0, 1.0687994956970215, 0.0, 0.3898947834968567, 0.7063942551612854, 0.16378097236156464]",-10.658644386183527
3.599999999999995,215.2543487548828,56.18574142456055,13.970629692077637,-0.00457763671875,0.7734375,"[0.5206847190856934, 1.0, 0.1836109757423401, 0.9561154246330261]","[0.0, 0.0, 4.261057711119065e-06, 4.966666892869398e-05, -0.01669049821794033, 1.0, 0.016333334147930145, 4.261057711119065e-06, 0.0, 0.0, -0.9999986290931702, -0.016283666715025902, 0.0, 0.0]","[1.0, 0.0, 0.0, 1.0687994956970215, 0.0, 0.3898947834968567, 0.7063942551612854, 0.16378097236156464]",-10.527279596515829
3.649999999999995,214.55096435546875,56.2091064453125,14.149310111999512,-0.00457763671875,0.76953125,"[0.5089589357376099, 1.0, 0.1730211079120636, 0.9608258008956909]","[0.0, 0.0, 4.261057711119065e-06, 4.966666892869398e-05, -0.01669049821794033, 1.0, 0.016333334147930145, 4.261057711119065e-06, 0.0, 0.0, -0.9999986290931702, -0.016283666715025902, 0.0, 0.0]","[1.0, 0.0, 0.0, 1.0687994956970215, 0.0, 0.3898947834968567, 0.7063942551612854, 0.16378097236156464]",-10.124281830267314
3.699999999999995,213.83895874023438,56.23351287841797,14.319290161132812,-0.00457763671875,0.76953125,"[0.49780410528182983, 1.0, 0.16573844850063324, 0.9664803743362427]","[0.0, 0.0, 4.261057711119065e-06, 4.966666892869398e-05, -0.01669049821794033, 1.0, 0.016333334147930145, 4.261057711119065e-06, 0.0, 0.0, -0.9999986290931702, -0.016283666715025902, 0.0, 0.0]","[1.0, 0.0, 0.0, 1.0687994956970215, 0.0, 0.3898947834968567, 0.7063942551612854, 0.16378097236156464]",-9.721084812907876
3.7499999999999947,213.11865234375,56.25897979736328,14.483440399169922,-0.00457763671875,0.76953125,"[0.48703181743621826, 1.0, 0.16096614301204681, 0.970664381980896]","[0.0, 0.0, 4.261057711119065e-06, 4.966666892869398e-05, -0.01669049821794033, 1.0, 0.016333334147930145, 4.261057711119065e-06, 0.0, 0.0, -0.9999986290931702, -0.016283666715025902, 0.0, 0.0]","[1.0, 0.0, 0.0, 1.0687994956970215, 0.0, 0.3898947834968567, 0.7063942551612854, 0.16378097236156464]",-9.295987006718121
3.7999999999999945,212.3903045654297,56.2855224609375,14.643699645996094,-0.00457763671875,0.76953125,"[0.47651487588882446, 1.0, 0.1578795611858368, 0.9734647274017334]","[0.0, 0.0, 4.261057711119065e-06, 4.966666892869398e-05, -0.01669049821794033, 1.0, 0.016333334147930145, 4.261057711119065e-06, 0.0, 0.0, -0.9999986290931702, -0.016283666715025902, 0.0, 0.0]","[1.0, 0.0, 0.0, 1.0687994956970215, 0.0, 0.3898947834968567, 0.7063942551612854, 0.16378097236156464]",-9.12812032240626
3.8499999999999943,211.65403747558594,56.31316375732422,14.801369667053223,-0.00457763671875,0.76953125,"[0.4661679267883301, 1.0, 0.15592791140079498, 0.9753449559211731]","[0.0, 0.0, 4.261057711119065e-06, 4.966666892869398e-05, -0.01669049821794033, 1.0, 0.016333334147930145, 4.261057711119065e-06, 0.0, 0.0, -0.9999986290931702, -0.016283666715025902, 0.0, 0.0]","[1.0, 0.0, 0.0, 1.0687994956970215, 0.0, 0.3898947834968567, 0.7063942551612854, 0.16378097236156464]",-8.674607420437255
3.899999999999994,210.909912109375,56.340476989746094,14.957070350646973,0.00872802734375,0.76953125,"[0.45595014095306396, 1.0, 0.1607666015625, 0.9349659085273743]","[0.0, 0.0, 4.261057711119065e-06, 4.966666892869398e-05, -0.01669049821794033, 1.0, 0.016333334147930145, 4.261057711119065e-06, 0.0, 0.0, -0.9999986290931702, -0.016283666715025902, 0.0, 0.0]","[1.0, 0.0, 0.0, 1.0687994956970215, 0.0, 0.3898947834968567, 0.7063942551612854, 0.16378097236156464]",-8.208132833357704
3.949999999999994,210.15798950195312,56.36713790893555,15.11340045928955,0.01007080078125,0.7890625,"[0.4456910490989685, 1.0, 0.16000483930110931, 0.9717312455177307]","[0.0, 0.0, 4.261057711119065e-06, 4.966666892869398e-05, -0.01669049821794033, 1.0, 0.016333334147930145, 4.261057711119065e-06, 0.0, 0.0, -0.9999986290931702, -0.016283666715025902, 0.0, 0.0]","[1.0, 0.0, 0.0, 1.0687994956970215, 0.0, 0.3898947834968567, 0.7063942551612854, 0.16378097236156464]",-7.736937474480223
3.999999999999994,209.39808654785156,56.39316177368164,15.271980285644531,0.010650634765625,0.7890625,"[0.43528425693511963, 1.0, 0.16514550149440765, 0.9733128547668457]","[0.0, 0.0, 4.261057711119065e-06, 4.966666892869398e-05, -0.01669049821794033, 1.0, 0.016333334147930145, 4.261057711119065e-06, 0.0, 0.0, -0.9999986290931702, -0.016283666715025902, 0.0, 0.0]","[1.0, 0.0, 0.0, 1.0687994956970215, 0.0, 0.3898947834968567, 0.7063942551612854, 0.16378097236156464]",-7.545483582618358
4.049999999999994,208.6308135986328,56.41828536987305,15.371009826660156,0.010833740234375,0.7890625,"[0.428785502910614, 1.0, 0.11662548035383224, 0.9149531126022339]","[0.0, 0.0, 4.261057711119065e-06, 4.966666892869398e-05, -0.01669049821794033, 1.0, 0.016333334147930145, 4.261057711119065e-06, 0.0, 0.0, -0.9999986290931702, -0.016283666715025902, 0.0, 0.0]","[1.0, 0.0, 0.0, 1.0687994956970215, 0.0, 0.3898947834968567, 0.7063942551612854, 0.16378097236156464]",-7.074244822211279
4.099999999999993,207.86251831054688,56.44207000732422,15.384220123291016,0.010833740234375,0.7890625,"[0.42791855335235596, 1.0, 0.04536834731698036, 0.8960615992546082]","[0.0, 0.0, 4.261057711119065e-06, 4.966666892869398e-05, -0.01669049821794033, 1.0, 0.016333334147930145, 4.261057711119065e-06, 0.0, 0.0, -0.9999986290931702, -0.016283666715025902, 0.0, 0.0]","[1.0, 0.0, 0.0, 1.0687994956970215, 0.0, 0.3898947834968567, 0.7063942551612854, 0.16378097236156464]",-6.621390778203967
4.149999999999993,207.09475708007812,56.4642333984375,15.36592960357666,0.010833740234375,0.765625,"[0.42911893129348755, 1.0, 0.04781731963157654, 0.9596827626228333]","[0.0, 0.0, 4.261057711119065e-06, 4.966666892869398e-05, -0.01669049821794033, 1.0, 0.016333334147930145, 4.261057711119065e-06, 0.0, 0.0, -0.9999986290931702, -0.016283666715025902, 0.0, 0.0]","[1.0, 0.0, 0.0, 1.0687994956970215, 0.0, 0.3898947834968567, 0.7063942551612854, 0.16378097236156464]",-6.182168306169632
4.199999999999993,206.31814575195312,56.48488998413086,15.6326904296875,0.010833740234375,0.7421875,"[0.411612868309021, 1.0, 0.22377115488052368, 0.6383426189422607]","[0.0, 0.0, 4.261057711119065e-06, 4.966666892869398e-05, -0.01669049821794033, 1.0, 0.016333334147930145, 4.261057711119065e-06, 0.0, 0.0, -0.9999986290931702, -0.016283666715025902, 0.0, 0.0]","[1.0, 0.0, 0.0, 1.0687994956970215, 0.0, 0.3898947834968567, 0.7063942551612854, 0.16378097236156464]",-6.053637228071295
4.249999999999993,205.53054809570312,56.503929138183594,15.827939987182617,0.010833740234375,0.6796875,"[0.39879971742630005, 1.0, 0.2139841765165329, 0.8885409832000732]","[0.0, 0.0, 4.261057711119065e-06, 4.966666892869398e-05, -0.01669049821794033, 1.0, 0.016333334147930145, 4.261057711119065e-06, 0.0, 0.0, -0.9999986290931702, -0.016283666715025902, 0.0, 0.0]","[1.0, 0.0, 0.0, 1.0687994956970215, 0.0, 0.3898947834968567, 0.7063942551612854, 0.16378097236156464]",-5.607473752906035
4.299999999999993,204.73439025878906,56.52111053466797,15.983819961547852,0.010833740234375,0.66015625,"[0.3885701894760132, 1.0, 0.18157713115215302, 0.9319356679916382]","[0.0, 0.0, 4.261057711119065e-06, 4.966666892869398e-05, -0.01669049821794033, 1.0, 0.016333334147930145, 4.261057711119065e-06, 0.0, 0.0, -0.9999986290931702, -0.016283666715025902, 0.0, 0.0]","[1.0, 0.0, 0.0, 1.0687994956970215, 0.0, 0.3898947834968567, 0.7063942551612854, 0.16378097236156464]",-5.163633215082956
4.3499999999999925,203.93136596679688,56.53628158569336,16.111650466918945,0.010833740234375,0.6484375,"[0.38018131256103516, 1.0, 0.1586369127035141, 0.9491945505142212]","[0.0, 0.0, 4.261057711119065e-06, 4.966666892869398e-05, -0.01669049821794033, 1.0, 0.016333334147930145, 4.261057711119065e-06, 0.0, 0.0, -0.9999986290931702, -0.016283666715025902, 0.0, 0.0]","[1.0, 0.0, 0.0, 1.0687994956970215, 0.0, 0.3898947834968567, 0.7063942551612854, 0.16378097236156464]",-4.71926487420398
4.399999999999992,203.1226348876953,56.54933547973633,16.22007942199707,0.010833740234375,0.64453125,"[0.3730657696723938, 1.0, 0.14288657903671265, 0.962030827999115]","[0.0, 0.0, 4.261057711119065e-06, 4.966666892869398e-05, -0.01669049821794033, 1.0, 0.016333334147930145, 4.261057711119065e-06, 0.0, 0.0, -0.9999986290931702, -0.016283666715025902, 0.0, 0.0]","[1.0, 0.0, 0.0, 1.0687994956970215, 0.0, 0.3898947834968567, 0.7063942551612854, 0.16378097236156464]",-4.648417537437609
4.449999999999992,202.30889892578125,56.56019973754883,16.315540313720703,0.01068115234375,0.64453125,"[0.3668012022972107, 1.0, 0.13205142319202423, 0.9715118408203125]","[0.0, 0.0, 4.261057711119065e-06, 4.966666892869398e-05, -0.01669049821794033, 1.0, 0.016333334147930145, 4.261057711119065e-06, 0.0, 0.0, -0.9999986290931702, -0.016283666715025902, 0.0, 0.0]","[1.0, 0.0, 0.0, 1.0687994956970215, 0.0, 0.3898947834968567, 0.7063942551612854, 0.16378097236156464]",-4.216782939098558
4.499999999999992,201.49072265625,56.56881332397461,16.40176010131836,0.010650634765625,0.6328125,"[0.3611430525779724, 1.0, 0.12472308427095413, 0.9771242141723633]","[0.0, 0.0, 4.261057711119065e-06, 4.966666892869398e-05, -0.01669049821794033, 1.0, 0.016333334147930145, 4.261057711119065e-06, 0.0, 0.0, -0.9999986290931702, -0.016283666715025902, 0.0, 0.0]","[1.0, 0.0, 0.0, 1.0687994956970215, 0.0, 0.3898947834968567, 0.7063942551612854, 0.16378097236156464]",-3.7909086068740034
4.549999999999992,200.66842651367188,56.57512664794922,16.479900360107422,0.010528564453125,0.61328125,"[0.356015145778656, 1.0, 0.1179230660200119, 0.9796315431594849]","[0.0, 0.0, 4.261057711119065e-06, 4.966666892869398e-05, -0.01669049821794033, 1.0, 0.016333334147930145, 4.261057711119065e-06, 0.0, 0.0, -0.9999986290931702, -0.016283666715025902, 0.0, 0.0]","[1.0, 0.0, 0.0, 1.0687994956970215, 0.0, 0.3898947834968567, 0.7063942551612854, 0.16378097236156464]",-3.3763685270638444
4.599999999999992,199.8424530029297,56.5791015625,16.550460815429688,0.010498046875,0.59765625,"[0.351384699344635, 1.0, 0.11175867915153503, 0.9812595844268799]","[0.0, 0.0, 4.261057711119065e-06, 4.966666892869398e-05, -0.01669049821794033, 1.0, 0.016333334147930145, 4.261057711119065e-06, 0.0, 0.0, -0.9999986290931702, -0.016283666715025902, 0.0, 0.0]","[1.0, 0.0, 0.0, 1.0687994956970215, 0.0, 0.3898947834968567, 0.7063942551612854, 0.16378097236156464]",-3.391653526297592
4.6499999999999915,199.01318359375,56.58070373535156,16.613819122314453,0.01043701171875,0.578125,"[0.3472267985343933, 1.0, 0.10568966716527939, 0.9827014803886414]","[0.0, 0.0, 4.261057711119065e-06, 4.966666892869398e-05, -0.01669049821794033, 1.0, 0.016333334147930145, 4.261057711119065e-06, 0.0, 0.0, -0.9999986290931702, -0.016283666715025902, 0.0, 0.0]","[1.0, 0.0, 0.0, 1.0687994956970215, 0.0, 0.3898947834968567, 0.7063942551612854, 0.16378097236156464]",-2.9977466078760444
4.699999999999991,198.18101501464844,56.57992172241211,16.668779373168945,0.010284423828125,0.5390625,"[0.34362006187438965, 1.0, 0.09819560497999191, 0.9823847413063049]","[0.0, 0.0, 4.261057711119065e-06, 4.966666892869398e-05, -0.01669049821794033, 1.0, 0.016333334147930145, 4.261057711119065e-06, 0.0, 0.0, -0.9999986290931702, -0.016283666715025902, 0.0, 0.0]","[1.0, 0.0, 0.0, 1.0687994956970215, 0.0, 0.3898947834968567, 0.7063942551612854, 0.16378097236156464]",-2.605228005374979
4.749999999999991,197.3463897705078,56.57675552368164,16.71306037902832,0.010040283203125,0.4960174560546875,"[0.34071415662765503, 1.0, 0.08839164674282074, 0.9811112284660339]","[0.0, 0.0, 4.261057711119065e-06, 4.966666892869398e-05, -0.01669049821794033, 1.0, 0.016333334147930145, 4.261057711119065e-06, 0.0, 0.0, -0.9999986290931702, -0.016283666715025902, 0.0, 0.0]","[1.0, 0.0, 0.0, 1.0687994956970215, 0.0, 0.3898947834968567, 0.7063942551612854, 0.16378097236156464]",-2.2180177563013257
4.799999999999991,196.50991821289062,56.57122039794922,16.74551010131836,0.009857177734375,0.4603118896484375,"[0.33858466148376465, 1.0, 0.07770417630672455, 0.9813491106033325]","[0.0, 0.0, 4.261057711119065e-06, 4.966666892869398e-05, -0.01669049821794033, 1.0, 0.016333334147930145, 4.261057711119065e-06, 0.0, 0.0, -0.9999986290931702, -0.016283666715025902, 0.0, 0.0]","[1.0, 0.0, 0.0, 1.0687994956970215, 0.0, 0.3898947834968567, 0.7063942551612854, 0.16378097236156464]",-2.308840328288273
4.849999999999991,195.6721649169922,56.56334686279297,16.76818084716797,0.00946044921875,0.4603118896484375,"[0.3370969295501709, 1.0, 0.0679982379078865, 0.984984815120697]","[0.0, 0.0, 4.261057711119065e-06, 4.966666892869398e-05, -0.01669049821794033, 1.0, 0.016333334147930145, 4.261057711119065e-06, 0.0, 0.0, -0.9999986290931702, -0.016283666715025902, 0.0, 0.0]","[1.0, 0.0, 0.0, 1.0687994956970215, 0.0, 0.3898947834968567, 0.7063942551612854, 0.16378097236156464]",-1.9582720104110396
4.899999999999991,194.83349609375,56.55323028564453,16.784669876098633,0.0086669921875,0.4603118896484375,"[0.3360148072242737, 1.0, 0.06014549359679222, 0.9895752668380737]","[0.0, 0.0, 4.261057711119065e-06, 4.966666892869398e-05, -0.01669049821794033, 1.0, 0.016333334147930145, 4.261057711119065e-06, 0.0, 0.0, -0.9999986290931702, -0.016283666715025902, 0.0, 0.0]","[1.0, 0.0, 0.0, 1.0687994956970215, 0.0, 0.3898947834968567, 0.7063942551612854, 0.16378097236156464]",-1.6255274010959266
4.94999999999999,193.994140625,56.54104232788086,16.797029495239258,0.007232666015625,0.456329345703125,"[0.33520370721817017, 1.0, 0.05201318487524986, 0.9909340143203735]","[0.0, 0.0, 4.261057711119065e-06, 4.966666892869398e-05, -0.01669049821794033, 1.0, 0.016333334147930145, 4.261057711119065e-06, 0.0, 0.0, -0.9999986290931702, -0.016283666715025902, 0.0, 0.0]","[1.0, 0.0, 0.0, 1.0687994956970215, 0.0, 0.3898947834968567, 0.7063942551612854, 0.16378097236156464]",-1.2916330257176898
4.99999999999999,193.15431213378906,56.52710723876953,16.805810928344727,0.004730224609375,0.444427490234375,"[0.3346273899078369, 1.0, 0.04088395833969116, 0.9887373447418213]","[0.0, 0.0, 4.261057711119065e-06, 4.966666892869398e-05, -0.01669049821794033, 1.0, 0.016333334147930145, 4.261057711119065e-06, 0.0, 0.0, -0.9999986290931702, -0.016283666715025902, 0.0, 0.0]","[1.0, 0.0, 0.0, 1.0687994956970215, 0.0, 0.3898947834968567, 0.7063942551612854, 0.16378097236156464]",-1.4974994851927206
5.04999999999999,192.3141632080078,56.511775970458984,16.810110092163086,0.002044677734375,0.420623779296875,"[0.33434534072875977, 1.0, 0.028241757303476334, 0.9880185127258301]","[0.0, 0.0, 4.261057711119065e-06, 4.966666892869398e-05, -0.01669049821794033, 1.0, 0.016333334147930145, 4.261057711119065e-06, 0.0, 0.0, -0.9999986290931702, -0.016283666715025902, 0.0, 0.0]","[1.0, 0.0, 0.0, 1.0687994956970215, 0.0, 0.3898947834968567, 0.7063942551612854, 0.16378097236156464]",-1.1777319704758034
5.09999999999999,191.4740447998047,56.495487213134766,16.806499481201172,-0.00079345703125,0.3610992431640625,"[0.33458226919174194, 1.0, 0.01626303419470787, 0.9842925071716309]","[0.0, 0.0, 4.261057711119065e-06, 4.966666892869398e-05, -0.01669049821794033, 1.0, 0.016333334147930145, 4.261057711119065e-06, 0.0, 0.0, -0.9999986290931702, -0.016283666715025902, 0.0, 0.0]","[1.0, 0.0, 0.0, 1.0687994956970215, 0.0, 0.3898947834968567, 0.7063942551612854, 0.16378097236156464]",-0.8636997815834602
5.14999999999999,190.63441467285156,56.47873306274414,16.792129516601562,-0.0037841796875,0.3253936767578125,"[0.3355252742767334, 1.0, 0.01600043848156929, 0.979261577129364]","[0.0, 0.0, 4.261057711119065e-06, 4.966666892869398e-05, -0.01669049821794033, 1.0, 0.016333334147930145, 4.261057711119065e-06, 0.0, 0.0, -0.9999986290931702, -0.016283666715025902, 0.0, 0.0]","[1.0, 0.0, 0.0, 1.0687994956970215, 0.0, 0.3898947834968567, 0.7063942551612854, 0.16378097236156464]",-0.5834861650195713
5.1999999999999895,189.7958221435547,56.46229934692383,16.76844024658203,-0.008941650390625,0.3174591064453125,"[0.33707988262176514, 1.0, 0.036355603486299515, 0.972464919090271]","[0.0, 0.0, 4.261057711119065e-06, 4.966666892869398e-05, -0.01669049821794033, 1.0, 0.016333334147930145, 4.261057711119065e-06, 0.0, 0.0, -0.9999986290931702, -0.016283666715025902, 0.0, 0.0]","[1.0, 0.0, 0.0, 1.0687994956970215, 0.0, 0.3898947834968567, 0.7063942551612854, 0.16378097236156464]",-1.0160127529624088
5.249999999999989,188.95858764648438,56.44721603393555,16.73760986328125,-0.015777587890625,0.3055572509765625,"[0.339103102684021, 1.0, 0.06664922833442688, 0.9677616357803345]","[0.0, 0.0, 4.261057711119065e-06, 4.966666892869398e-05, -0.01669049821794033, 1.0, 0.016333334147930145, 4.261057711119065e-06, 0.0, 0.0, -0.9999986290931702, -0.016283666715025902, 0.0, 0.0]","[1.0, 0.0, 0.0, 1.0687994956970215, 0.0, 0.3898947834968567, 0.7063942551612854, 0.16378097236156464]",-0.831360273487501
5.299999999999989,188.12306213378906,56.4345703125,16.6998291015625,-0.022735595703125,0.27777099609375,"[0.34158241748809814, 1.0, 0.09745010733604431, 0.966243326663971]","[0.0, 0.0, 4.261057711119065e-06, 4.966666892869398e-05, -0.01669049821794033, 1.0, 0.016333334147930145, 4.261057711119065e-06, 0.0, 0.0, -0.9999986290931702, -0.016283666715025902, 0.0, 0.0]","[1.0, 0.0, 0.0, 1.0687994956970215, 0.0, 0.3898947834968567, 0.7063942551612854, 0.16378097236156464]",-0.6404346292862262
5.349999999999989,187.2896270751953,56.42529296875,16.654220581054688,-0.027587890625,0.24603271484375,"[0.34457552433013916, 1.0, 0.12375690788030624, 0.9698598384857178]","[0.0, 0.0, 4.261057711119065e-06, 4.966666892869398e-05, -0.01669049821794033, 1.0, 0.016333334147930145, 4.261057711119065e-06, 0.0, 0.0, -0.9999986290931702, -0.016283666715025902, 0.0, 0.0]","[1.0, 0.0, 0.0, 1.0687994956970215, 0.0, 0.3898947834968567, 0.7063942551612854, 0.16378097236156464]",-0.4442413123693094
5.399999999999989,186.4586639404297,56.42020034790039,16.601200103759766,-0.031158447265625,0.234130859375,"[0.3480548858642578, 1.0, 0.14777758717536926, 0.9710279703140259]","[0.0, 0.0, 4.261057711119065e-06, 4.966666892869398e-05, -0.01669049821794033, 1.0, 0.016333334147930145, 4.261057711119065e-06, 0.0, 0.0, -0.9999986290931702, -0.016283666715025902, 0.0, 0.0]","[1.0, 0.0, 0.0, 1.0687994956970215, 0.0, 0.3898947834968567, 0.7063942551612854, 0.16378097236156464]",-0.8683832938562446
5.449999999999989,185.63052368164062,56.419960021972656,16.543060302734375,-0.03271484375,0.234130859375,"[0.3518702983856201, 1.0, 0.16482505202293396, 0.9766601920127869]","[0.0, 0.0, 4.261057711119065e-06, 4.966666892869398e-05, -0.01669049821794033, 1.0, 0.016333334147930145, 4.261057711119065e-06, 0.0, 0.0, -0.9999986290931702, -0.016283666715025902, 0.0, 0.0]","[1.0, 0.0, 0.0, 1.0687994956970215, 0.0, 0.3898947834968567, 0.7063942551612854, 0.16378097236156464]",-0.66251710655988
5.4999999999999885,184.8053741455078,56.42512893676758,16.481800079345703,-0.033355712890625,0.234130859375,"[0.3558904528617859, 1.0, 0.17791339755058289, 0.9797127842903137]","[0.0, 0.0, 4.261057711119065e-06, 4.966666892869398e-05, -0.01669049821794033, 1.0, 0.016333334147930145, 4.261057711119065e-06, 0.0, 0.0, -0.9999986290931702, -0.016283666715025902, 0.0, 0.0]","[1.0, 0.0, 0.0, 1.0687994956970215, 0.0, 0.3898947834968567, 0.7063942551612854, 0.16378097236156464]",-0.4575507613181704
5.549999999999988,183.98341369628906,56.43617248535156,16.418689727783203,-0.03338623046875,0.234130859375,"[0.3600320816040039, 1.0, 0.1875380277633667, 0.9825567603111267]","[0.0, 0.0, 4.261057711119065e-06, 4.966666892869398e-05, -0.01669049821794033, 1.0, 0.016333334147930145, 4.261057711119065e-06, 0.0, 0.0, -0.9999986290931702, -0.016283666715025902, 0.0, 0.0]","[1.0, 0.0, 0.0, 1.0687994956970215, 0.0, 0.3898947834968567, 0.7063942551612854, 0.16378097236156464]",-0.2539995706894873
5.599999999999988,183.1647491455078,56.45349884033203,16.354419708251953,-0.033782958984375,0.234130859375,"[0.36424970626831055, 1.0, 0.19653144478797913, 0.9827911853790283]","[0.0, 0.0, 4.261057711119065e-06, 4.966666892869398e-05, -0.01669049821794033, 1.0, 0.016333334147930145, 4.261057711119065e-06, 0.0, 0.0, -0.9999986290931702, -0.016283666715025902, 0.0, 0.0]","[1.0, 0.0, 0.0, 1.0687994956970215, 0.0, 0.3898947834968567, 0.7063942551612854, 0.16378097236156464]",-0.7409959888973097
5.649999999999988,182.3494110107422,56.477317810058594,16.28972053527832,-0.032562255859375,0.234130859375,"[0.3684955835342407, 1.0, 0.19845537841320038, 0.9892082810401917]","[0.0, 0.0, 4.261057711119065e-06, 4.966666892869398e-05, -0.01669049821794033, 1.0, 0.016333334147930145, 4.261057711119065e-06, 0.0, 0.0, -0.9999986290931702, -0.016283666715025902, 0.0, 0.0]","[1.0, 0.0, 0.0, 1.0687994956970215, 0.0, 0.3898947834968567, 0.7063942551612854, 0.16378097236156464]",-0.4043593775970207
5.699999999999988,181.53759765625,56.50756072998047,16.225080490112305,-0.02996826171875,0.234130859375,"[0.3727375268936157, 1.0, 0.19495955109596252, 0.9868869781494141]","[0.0, 0.0, 4.261057711119065e-06, 4.966666892869398e-05, -0.01669049821794033, 1.0, 0.016333334147930145, 4.261057711119065e-06, 0.0, 0.0, -0.9999986290931702, -0.016283666715025902, 0.0, 0.0]","[1.0, 0.0, 0.0, 1.0687994956970215, 0.0, 0.3898947834968567, 0.7063942551612854, 0.16378097236156464]",0.08020567091918074
5.749999999999988,180.72921752929688,56.54404830932617,16.160690307617188,-0.027130126953125,0.234130859375,"[0.37696313858032227, 1.0, 0.1895393282175064, 0.9851115942001343]","[0.0, 0.0, 4.261057711119065e-06, 4.966666892869398e-05, -0.01669049821794033, 1.0, 0.016333334147930145, 4.261057711119065e-06, 0.0, 0.0, -0.9999986290931702, -0.016283666715025902, 0.0, 0.0]","[1.0, 0.0, 0.0, 1.0687994956970215, 0.0, 0.3898947834968567, 0.7063942551612854, 0.16378097236156464]",0.5275864578824491
5.799999999999987,179.92428588867188,56.58638000488281,16.096820831298828,-0.022918701171875,0.234130859375,"[0.38115453720092773, 1.0, 0.1781388819217682, 0.9791483879089355]","[0.0, 0.0, 4.261057711119065e-06, 4.966666892869398e-05, -0.01669049821794033, 1.0, 0.016333334147930145, 4.261057711119065e-06, 0.0, 0.0, -0.9999986290931702, -0.016283666715025902, 0.0, 0.0]","[1.0, 0.0, 0.0, 1.0687994956970215, 0.0, 0.3898947834968567, 0.7063942551612854, 0.16378097236156464]",0.5977640701525971
5.849999999999987,179.12286376953125,56.63385009765625,16.032989501953125,-0.01690673828125,0.22222900390625,"[0.38534343242645264, 1.0, 0.1603512167930603, 0.9721087217330933]","[0.0, 0.0, 4.261057711119065e-06, 4.966666892869398e-05, -0.01669049821794033, 1.0, 0.016333334147930145, 4.261057711119065e-06, 0.0, 0.0, -0.9999986290931702, -0.016283666715025902, 0.0, 0.0]","[1.0, 0.0, 0.0, 1.0687994956970215, 0.0, 0.3898947834968567, 0.7063942551612854, 0.16378097236156464]",0.9593609967833542
5.899999999999987,178.3249053955078,56.685272216796875,15.967679977416992,-0.007568359375,0.20000000298023224,"[0.3896293640136719, 1.0, 0.13224439322948456, 0.9591606259346008]","[0.0, 0.0, 4.261057711119065e-06, 4.966666892869398e-05, -0.01669049821794033, 1.0, 0.016333334147930145, 4.261057711119065e-06, 0.0, 0.0, -0.9999986290931702, -0.016283666715025902, 0.0, 0.0]","[1.0, 0.0, 0.0, 1.0687994956970215, 0.0, 0.3898947834968567, 0.7063942551612854, 0.16378097236156464]",0.577495386363812
5.949999999999987,177.53038024902344,56.73893737792969,15.900250434875488,0.005096435546875,0.20000000298023224,"[0.3940544128417969, 1.0, 0.09308571368455887, 0.9465833902359009]","[0.0, 0.0, 4.261057711119065e-06, 4.966666892869398e-05, -0.01669049821794033, 1.0, 0.016333334147930145, 4.261057711119065e-06, 0.0, 0.0, -0.9999986290931702, -0.016283666715025902, 0.0, 0.0]","[1.0, 0.0, 0.0, 1.0687994956970215, 0.0, 0.3898947834968567, 0.7063942551612854, 0.16378097236156464]",0.181148934518917
5.999999999999987,176.73934936523438,56.79288864135742,15.831170082092285,0.019073486328125,0.20000000298023224,"[0.39858782291412354, 1.0, 0.07291384041309357, 0.9416189193725586]","[0.0, 0.0, 4.261057711119065e-06, 4.966666892869398e-05, -0.01669049821794033, 1.0, 0.016333334147930145, 4.261057711119065e-06, 0.0, 0.0, -0.9999986290931702, -0.016283666715025902, 0.0, 0.0]","[1.0, 0.0, 0.0, 1.0687994956970215, 0.0, 0.3898947834968567, 0.7063942551612854, 0.16378097236156464]",0.11870858508600868
6.0499999999999865,175.95162963867188,56.844993591308594,15.760379791259766,0.033477783203125,0.20000000298023224,"[0.4032333493232727, 1.0, 0.12386856973171234, 0.9384269118309021]","[0.0, 0.0, 4.261057711119065e-06, 4.966666892869398e-05, -0.01669049821794033, 1.0, 0.016333334147930145, 4.261057711119065e-06, 0.0, 0.0, -0.9999986290931702, -0.016283666715025902, 0.0, 0.0]","[1.0, 0.0, 0.0, 1.0687994956970215, 0.0, 0.3898947834968567, 0.7063942551612854, 0.16378097236156464]",-0.34090065511913603
6.099999999999986,175.16729736328125,56.8931884765625,15.687979698181152,0.046112060546875,0.20000000298023224,"[0.40798455476760864, 1.0, 0.17153625190258026, 0.9417460560798645]","[0.0, 0.0, 4.261057711119065e-06, 4.966666892869398e-05, -0.01669049821794033, 1.0, 0.016333334147930145, 4.261057711119065e-06, 0.0, 0.0, -0.9999986290931702, -0.016283666715025902, 0.0, 0.0]","[1.0, 0.0, 0.0, 1.0687994956970215, 0.0, 0.3898947834968567, 0.7063942551612854, 0.16378097236156464]",-0.8107702430380259
6.149999999999986,174.38629150390625,56.93539810180664,15.613929748535156,0.057525634765625,0.20000000298023224,"[0.4128440022468567, 1.0, 0.217908576130867, 0.9430063366889954]","[0.0, 0.0, 4.261057711119065e-06, 4.966666892869398e-05, -0.01669049821794033, 1.0, 0.016333334147930145, 4.261057711119065e-06, 0.0, 0.0, -0.9999986290931702, -0.016283666715025902, 0.0, 0.0]","[1.0, 0.0, 0.0, 1.0687994956970215, 0.0, 0.3898947834968567, 0.7063942551612854, 0.16378097236156464]",-1.2826952814376997
6.199999999999986,173.608642578125,56.96967315673828,15.538189888000488,0.0675048828125,0.20000000298023224,"[0.4178144335746765, 1.0, 0.25822415947914124, 0.9461042881011963]","[0.0, 0.0, 4.261057711119065e-06, 4.966666892869398e-05, -0.01669049821794033, 1.0, 0.016333334147930145, 4.261057711119065e-06, 0.0, 0.0, -0.9999986290931702, -0.016283666715025902, 0.0, 0.0]","[1.0, 0.0, 0.0, 1.0687994956970215, 0.0, 0.3898947834968567, 0.7063942551612854, 0.16378097236156464]",-1.43782544701266
6.249999999999986,172.83453369140625,56.994075775146484,15.46045970916748,0.077117919921875,0.20000000298023224,"[0.4229154586791992, 1.0, 0.293838232755661, 0.9467470049858093]","[0.0, 0.0, 4.261057711119065e-06, 4.966666892869398e-05, -0.01669049821794033, 1.0, 0.016333334147930145, 4.261057711119065e-06, 0.0, 0.0, -0.9999986290931702, -0.016283666715025902, 0.0, 0.0]","[1.0, 0.0, 0.0, 1.0687994956970215, 0.0, 0.3898947834968567, 0.7063942551612854, 0.16378097236156464]",-1.898222566982458
6.299999999999986,172.0641326904297,57.00665283203125,15.38008975982666,0.0875244140625,0.20000000298023224,"[0.428189754486084, 1.0, 0.3312470316886902, 0.9449728727340698]","[0.0, 0.0, 4.261057711119065e-06, 4.966666892869398e-05, -0.01669049821794033, 1.0, 0.016333334147930145, 4.261057711119065e-06, 0.0, 0.0, -0.9999986290931702, -0.016283666715025902, 0.0, 0.0]","[1.0, 0.0, 0.0, 1.0687994956970215, 0.0, 0.3898947834968567, 0.7063942551612854, 0.16378097236156464]",-2.3399464994396593
6.349999999999985,171.29782104492188,57.00543212890625,15.296429634094238,0.09881591796875,0.20000000298023224,"[0.43367987871170044, 1.0, 0.369559109210968, 0.9437023401260376]","[0.0, 0.0, 4.261057711119065e-06, 4.966666892869398e-05, -0.01669049821794033, 1.0, 0.016333334147930145, 4.261057711119065e-06, 0.0, 0.0, -0.9999986290931702, -0.016283666715025902, 0.0, 0.0]","[1.0, 0.0, 0.0, 1.0687994956970215, 0.0, 0.3898947834968567, 0.7063942551612854, 0.16378097236156464]",-2.766659139196393
6.399999999999985,170.53610229492188,56.98816680908203,15.207320213317871,0.114715576171875,0.20000000298023224,"[0.43952763080596924, 1.0, 0.4179854691028595, 0.9321516752243042]","[0.0, 0.0, 4.261057711119065e-06, 4.966666892869398e-05, -0.01669049821794033, 1.0, 0.016333334147930145, 4.261057711119065e-06, 0.0, 0.0, -0.9999986290931702, -0.016283666715025902, 0.0, 0.0]","[1.0, 0.0, 0.0, 1.0687994956970215, 0.0, 0.3898947834968567, 0.7063942551612854, 0.16378097236156464]",-2.8034924902906826
6.449999999999985,169.77987670898438,56.95242691040039,15.11089038848877,0.134063720703125,0.20000000298023224,"[0.4458557367324829, 1.0, 0.4713028371334076, 0.9251397252082825]","[0.0, 0.0, 4.261057711119065e-06, 4.966666892869398e-05, -0.01669049821794033, 1.0, 0.016333334147930145, 4.261057711119065e-06, 0.0, 0.0, -0.9999986290931702, -0.016283666715025902, 0.0, 0.0]","[1.0, 0.0, 0.0, 1.0687994956970215, 0.0, 0.3898947834968567, 0.7063942551612854, 0.16378097236156464]",-3.1799811184677322
6.499999999999985,169.03013610839844,56.895843505859375,15.006349563598633,0.15423583984375,0.20000000298023224,"[0.4527161717414856, 1.0, 0.5233815908432007, 0.9240567088127136]","[0.0, 0.0, 4.261057711119065e-06, 4.966666892869398e-05, -0.01669049821794033, 1.0, 0.016333334147930145, 4.261057711119065e-06, 0.0, 0.0, -0.9999986290931702, -0.016283666715025902, 0.0, 0.0]","[1.0, 0.0, 0.0, 1.0687994956970215, 0.0, 0.3898947834968567, 0.7063942551612854, 0.16378097236156464]",-3.5363393370073366
6.549999999999985,168.28817749023438,56.81629180908203,14.89365005493164,0.173431396484375,0.20000000298023224,"[0.46011197566986084, 1.0, 0.5716513991355896, 0.925586462020874]","[0.0, 0.0, 4.261057711119065e-06, 4.966666892869398e-05, -0.01669049821794033, 1.0, 0.016333334147930145, 4.261057711119065e-06, 0.0, 0.0, -0.9999986290931702, -0.016283666715025902, 0.0, 0.0]","[1.0, 0.0, 0.0, 1.0687994956970215, 0.0, 0.3898947834968567, 0.7063942551612854, 0.16378097236156464]",-3.8684419687283107
6.5999999999999845,167.55538940429688,56.71194076538086,14.77344036102295,0.19024658203125,0.20000000298023224,"[0.46800076961517334, 1.0, 0.6142417788505554, 0.9290670156478882]","[0.0, 0.0, 4.261057711119065e-06, 4.966666892869398e-05, -0.01669049821794033, 1.0, 0.016333334147930145, 4.261057711119065e-06, 0.0, 0.0, -0.9999986290931702, -0.016283666715025902, 0.0, 0.0]","[1.0, 0.0, 0.0, 1.0687994956970215, 0.0, 0.3898947834968567, 0.7063942551612854, 0.16378097236156464]",-4.176237657832334
6.649999999999984,166.83338928222656,56.5811767578125,14.645569801330566,0.205902099609375,0.20000000298023224,"[0.47639214992523193, 1.0, 0.6192044019699097, 0.9290913939476013]","[0.0, 0.0, 4.261057711119065e-06, 4.966666892869398e-05, -0.01669049821794033, 1.0, 0.016333334147930145, 4.261057711119065e-06, 0.0, 0.0, -0.9999986290931702, -0.016283666715025902, 0.0, 0.0]","[1.0, 0.0, 0.0, 1.0687994956970215, 0.0, 0.3898947834968567, 0.7063942551612854, 0.16378097236156464]",-3.997779612861339
6.699999999999984,166.1240997314453,56.42249298095703,14.508589744567871,0.22265625,0.20000000298023224,"[0.48538142442703247, 1.0, 0.6248685717582703, 0.9246670603752136]","[0.0, 0.0, 4.261057711119065e-06, 4.966666892869398e-05, -0.01669049821794033, 1.0, 0.016333334147930145, 4.261057711119065e-06, 0.0, 0.0, -0.9999986290931702, -0.016283666715025902, 0.0, 0.0]","[1.0, 0.0, 0.0, 1.0687994956970215, 0.0, 0.3898947834968567, 0.7063942551612854, 0.16378097236156464]",-4.231362851723902
6.749999999999984,165.42958068847656,56.23468017578125,14.362669944763184,0.23846435546875,0.20000000298023224,"[0.4949573278427124, 1.0, 0.6302421689033508, 0.9247100353240967]","[0.0, 0.0, 4.261057711119065e-06, 4.966666892869398e-05, -0.01669049821794033, 1.0, 0.016333334147930145, 4.261057711119065e-06, 0.0, 0.0, -0.9999986290931702, -0.016283666715025902, 0.0, 0.0]","[1.0, 0.0, 0.0, 1.0687994956970215, 0.0, 0.3898947834968567, 0.7063942551612854, 0.16378097236156464]",-4.431703025458961
6.799999999999984,164.75210571289062,56.01685333251953,14.207429885864258,0.254241943359375,0.20000000298023224,"[0.5051448345184326, 1.0, 0.6358224749565125, 0.9224668145179749]","[0.0, 0.0, 4.261057711119065e-06, 4.966666892869398e-05, -0.01669049821794033, 1.0, 0.016333334147930145, 4.261057711119065e-06, 0.0, 0.0, -0.9999986290931702, -0.016283666715025902, 0.0, 0.0]","[1.0, 0.0, 0.0, 1.0687994956970215, 0.0, 0.3898947834968567, 0.7063942551612854, 0.16378097236156464]",-4.59994663940453
6.849999999999984,164.09410095214844,55.768455505371094,14.043190002441406,0.26922607421875,0.20000000298023224,"[0.515923023223877, 1.0, 0.6411134004592896, 0.9213528037071228]","[0.0, 0.0, 4.261057711119065e-06, 4.966666892869398e-05, -0.01669049821794033, 1.0, 0.016333334147930145, 4.261057711119065e-06, 0.0, 0.0, -0.9999986290931702, -0.016283666715025902, 0.0, 0.0]","[1.0, 0.0, 0.0, 1.0687994956970215, 0.0, 0.3898947834968567, 0.7063942551612854, 0.16378097236156464]",-4.2575921234814285
6.8999999999999835,163.4579620361328,55.48938751220703,13.871529579162598,0.281707763671875,0.20000000298023224,"[0.5271881818771362, 1.0, 0.6451037526130676, 0.9225493669509888]","[0.0, 0.0, 4.261057711119065e-06, 4.966666892869398e-05, -0.01669049821794033, 1.0, 0.016333334147930145, 4.261057711119065e-06, 0.0, 0.0, -0.9999986290931702, -0.016283666715025902, 0.0, 0.0]","[1.0, 0.0, 0.0, 1.0687994956970215, 0.0, 0.3898947834968567, 0.7063942551612854, 0.16378097236156464]",-4.424938951412865
6.949999999999983,162.84605407714844,55.17997741699219,13.694649696350098,0.29083251953125,0.20000000298023224,"[0.5387957692146301, 1.0, 0.6473463773727417, 0.9246174693107605]","[0.0, 0.0, 4.261057711119065e-06, 4.966666892869398e-05, -0.01669049821794033, 1.0, 0.016333334147930145, 4.261057711119065e-06, 0.0, 0.0, -0.9999986290931702, -0.016283666715025902, 0.0, 0.0]","[1.0, 0.0, 0.0, 1.0687994956970215, 0.0, 0.3898947834968567, 0.7063942551612854, 0.16378097236156464]",-4.58955845291918
6.999999999999983,162.2606658935547,54.84095764160156,13.514289855957031,0.297271728515625,0.20000000298023224,"[0.5506318211555481, 1.0, 0.6483200192451477, 0.9258253574371338]","[0.0, 0.0, 4.261057711119065e-06, 4.966666892869398e-05, -0.01669049821794033, 1.0, 0.016333334147930145, 4.261057711119065e-06, 0.0, 0.0, -0.9999986290931702, -0.016283666715025902, 0.0, 0.0]","[1.0, 0.0, 0.0, 1.0687994956970215, 0.0, 0.3898947834968567, 0.7063942551612854, 0.16378097236156464]",-4.739354480282778
7.049999999999983,161.70376586914062,54.473411560058594,13.332900047302246,0.30023193359375,0.20000000298023224,"[0.5625354051589966, 1.0, 0.6475744843482971, 0.9277804493904114]","[0.0, 0.0, 4.261057711119065e-06, 4.966666892869398e-05, -0.01669049821794033, 1.0, 0.016333334147930145, 4.261057711119065e-06, 0.0, 0.0, -0.9999986290931702, -0.016283666715025902, 0.0, 0.0]","[1.0, 0.0, 0.0, 1.0687994956970215, 0.0, 0.3898947834968567, 0.7063942551612854, 0.16378097236156464]",-4.3243668966295745
7.099999999999983,161.17718505859375,54.078739166259766,13.153079986572266,0.300018310546875,0.2063446044921875,"[0.574336051940918, 1.0, 0.6450778245925903, 0.9295411705970764]","[0.0, 0.0, 4.261057711119065e-06, 4.966666892869398e-05, -0.01669049821794033, 1.0, 0.016333334147930145, 4.261057711119065e-06, 0.0, 0.0, -0.9999986290931702, -0.016283666715025902, 0.0, 0.0]","[1.0, 0.0, 0.0, 1.0687994956970215, 0.0, 0.3898947834968567, 0.7063942551612854, 0.16378097236156464]",-4.442305521498389
7.149999999999983,160.68235778808594,53.65848159790039,12.990559577941895,0.297637939453125,0.2261962890625,"[0.5850013494491577, 1.0, 0.6293582916259766, 0.9416366219520569]","[0.0, 0.0, 4.261057711119065e-06, 4.966666892869398e-05, -0.01669049821794033, 1.0, 0.016333334147930145, 4.261057711119065e-06, 0.0, 0.0, -0.9999986290931702, -0.016283666715025902, 0.0, 0.0]","[1.0, 0.0, 0.0, 1.0687994956970215, 0.0, 0.3898947834968567, 0.7063942551612854, 0.16378097236156464]",-4.50925344062569
7.199999999999982,160.21963500976562,53.21336364746094,12.854060173034668,0.293853759765625,0.24603271484375,"[0.5939590334892273, 1.0, 0.6067213416099548, 0.9488553404808044]","[0.0, 0.0, 4.261057711119065e-06, 4.966666892869398e-05, -0.01669049821794033, 1.0, 0.016333334147930145, 4.261057711119065e-06, 0.0, 0.0, -0.9999986290931702, -0.016283666715025902, 0.0, 0.0]","[1.0, 0.0, 0.0, 1.0687994956970215, 0.0, 0.3898947834968567, 0.7063942551612854, 0.16378097236156464]",-4.6423543460557966
7.249999999999982,159.7898712158203,52.74515151977539,12.726730346679688,0.28887939453125,0.28173828125,"[0.6023149490356445, 1.0, 0.5996364951133728, 0.9382779002189636]","[0.0, 0.0, 4.261057711119065e-06, 4.966666892869398e-05, -0.01669049821794033, 1.0, 0.016333334147930145, 4.261057711119065e-06, 0.0, 0.0, -0.9999986290931702, -0.016283666715025902, 0.0, 0.0]","[1.0, 0.0, 0.0, 1.0687994956970215, 0.0, 0.3898947834968567, 0.7063942551612854, 0.16378097236156464]",-4.436779684907184
7.299999999999982,159.3974151611328,52.26231384277344,12.397250175476074,0.283477783203125,0.2976226806640625,"[0.6239369511604309, 1.0, 0.7792606949806213, 0.6738539338111877]","[0.0, 0.0, 4.261057711119065e-06, 4.966666892869398e-05, -0.01669049821794033, 1.0, 0.016333334147930145, 4.261057711119065e-06, 0.0, 0.0, -0.9999986290931702, -0.016283666715025902, 0.0, 0.0]","[1.0, 0.0, 0.0, 1.0687994956970215, 0.0, 0.3898947834968567, 0.7063942551612854, 0.16378097236156464]",-4.628718770001956
7.349999999999982,159.04342651367188,51.7675666809082,12.14564037322998,0.278289794921875,0.3293609619140625,"[0.6404486894607544, 1.0, 0.7119323015213013, 0.9117434024810791]","[0.0, 0.0, 4.261057711119065e-06, 4.966666892869398e-05, -0.01669049821794033, 1.0, 0.016333334147930145, 4.261057711119065e-06, 0.0, 0.0, -0.9999986290931702, -0.016283666715025902, 0.0, 0.0]","[1.0, 0.0, 0.0, 1.0687994956970215, 0.0, 0.3898947834968567, 0.7063942551612854, 0.16378097236156464]",-4.811802380723435
7.399999999999982,158.72666931152344,51.261043548583984,11.944129943847656,0.272247314453125,0.3571319580078125,"[0.6536726951599121, 1.0, 0.6710144877433777, 0.9315645098686218]","[0.0, 0.0, 4.261057711119065e-06, 4.966666892869398e-05, -0.01669049821794033, 1.0, 0.016333334147930145, 4.261057711119065e-06, 0.0, 0.0, -0.9999986290931702, -0.016283666715025902, 0.0, 0.0]","[1.0, 0.0, 0.0, 1.0687994956970215, 0.0, 0.3898947834968567, 0.7063942551612854, 0.16378097236156464]",-4.99751312296388
7.4499999999999815,158.44595336914062,50.74348449707031,11.78318977355957,0.2650146484375,0.3690338134765625,"[0.6642343401908875, 1.0, 0.639324426651001, 0.9343127608299255]","[0.0, 0.0, 4.261057711119065e-06, 4.966666892869398e-05, -0.01669049821794033, 1.0, 0.016333334147930145, 4.261057711119065e-06, 0.0, 0.0, -0.9999986290931702, -0.016283666715025902, 0.0, 0.0]","[1.0, 0.0, 0.0, 1.0687994956970215, 0.0, 0.3898947834968567, 0.7063942551612854, 0.16378097236156464]",-4.800530572995367
7.499999999999981,158.19984436035156,50.21608352661133,11.655770301818848,0.253082275390625,0.3730010986328125,"[0.6725962162017822, 1.0, 0.614265501499176, 0.9293549060821533]","[0.0, 0.0, 4.261057711119065e-06, 4.966666892869398e-05, -0.01669049821794033, 1.0, 0.016333334147930145, 4.261057711119065e-06, 0.0, 0.0, -0.9999986290931702, -0.016283666715025902, 0.0, 0.0]","[1.0, 0.0, 0.0, 1.0687994956970215, 0.0, 0.3898947834968567, 0.7063942551612854, 0.16378097236156464]",-5.0021017035278215
7.549999999999981,157.986572265625,49.680213928222656,11.556859970092773,0.2366943359375,0.3730010986328125,"[0.6790871620178223, 1.0, 0.5933934450149536, 0.9254176020622253]","[0.0, 0.0, 4.261057711119065e-06, 4.966666892869398e-05, -0.01669049821794033, 1.0, 0.016333334147930145, 4.261057711119065e-06, 0.0, 0.0, -0.9999986290931702, -0.016283666715025902, 0.0, 0.0]","[1.0, 0.0, 0.0, 1.0687994956970215, 0.0, 0.3898947834968567, 0.7063942551612854, 0.16378097236156464]",-5.233161767255523
7.599999999999981,157.80389404296875,49.13732147216797,11.480369567871094,0.216033935546875,0.3730010986328125,"[0.6841067671775818, 1.0, 0.5772998332977295, 0.9197352528572083]","[0.0, 0.0, 4.261057711119065e-06, 4.966666892869398e-05, -0.01669049821794033, 1.0, 0.016333334147930145, 4.261057711119065e-06, 0.0, 0.0, -0.9999986290931702, -0.016283666715025902, 0.0, 0.0]","[1.0, 0.0, 0.0, 1.0687994956970215, 0.0, 0.3898947834968567, 0.7063942551612854, 0.16378097236156464]",-5.495524844093865
7.649999999999981,157.64898681640625,48.58876037597656,11.427359580993652,0.189453125,0.3730010986328125,"[0.6875855326652527, 1.0, 0.5454299449920654, 0.9102632999420166]","[0.0, 0.0, 4.261057711119065e-06, 4.966666892869398e-05, -0.01669049821794033, 1.0, 0.016333334147930145, 4.261057711119065e-06, 0.0, 0.0, -0.9999986290931702, -0.016283666715025902, 0.0, 0.0]","[1.0, 0.0, 0.0, 1.0687994956970215, 0.0, 0.3898947834968567, 0.7063942551612854, 0.16378097236156464]",-5.514308892870952
7.699999999999981,157.5186309814453,48.0358772277832,11.382789611816406,0.162261962890625,0.3730010986328125,"[0.6905103921890259, 1.0, 0.47302642464637756, 0.9057872891426086]","[0.0, 0.0, 4.261057711119065e-06, 4.966666892869398e-05, -0.01669049821794033, 1.0, 0.016333334147930145, 4.261057711119065e-06, 0.0, 0.0, -0.9999986290931702, -0.016283666715025902, 0.0, 0.0]","[1.0, 0.0, 0.0, 1.0687994956970215, 0.0, 0.3898947834968567, 0.7063942551612854, 0.16378097236156464]",-5.82755454373736
7.7499999999999805,157.40895080566406,47.47983932495117,11.351149559020996,0.128509521484375,0.3730010986328125,"[0.6925867795944214, 1.0, 0.38720834255218506, 0.8927878141403198]","[0.0, 0.0, 4.261057711119065e-06, 4.966666892869398e-05, -0.01669049821794033, 1.0, 0.016333334147930145, 4.261057711119065e-06, 0.0, 0.0, -0.9999986290931702, -0.016283666715025902, 0.0, 0.0]","[1.0, 0.0, 0.0, 1.0687994956970215, 0.0, 0.3898947834968567, 0.7063942551612854, 0.16378097236156464]",-6.15194662084898
7.79999999999998,157.31602478027344,46.92160415649414,11.333959579467773,0.096221923828125,0.376983642578125,"[0.6937148571014404, 1.0, 0.30136480927467346, 0.9001469016075134]","[0.0, 0.0, 4.261057711119065e-06, 4.966666892869398e-05, -0.01669049821794033, 1.0, 0.016333334147930145, 4.261057711119065e-06, 0.0, 0.0, -0.9999986290931702, -0.016283666715025902, 0.0, 0.0]","[1.0, 0.0, 0.0, 1.0687994956970215, 0.0, 0.3898947834968567, 0.7063942551612854, 0.16378097236156464]",-6.486746864702442
7.84999999999998,157.23614501953125,46.36200714111328,11.310079574584961,0.064117431640625,0.424591064453125,"[0.695281982421875, 1.0, 0.23830020427703857, 0.9001073837280273]","[0.0, 0.0, 4.261057711119065e-06, 4.966666892869398e-05, -0.01669049821794033, 1.0, 0.016333334147930145, 4.261057711119065e-06, 0.0, 0.0, -0.9999986290931702, -0.016283666715025902, 0.0, 0.0]","[1.0, 0.0, 0.0, 1.0687994956970215, 0.0, 0.3898947834968567, 0.7063942551612854, 0.16378097236156464]",-6.633748333487039
7.89999999999998,157.16615295410156,45.80128860473633,11.30521011352539,0.04205322265625,0.444427490234375,"[0.6956014633178711, 1.0, 0.17143911123275757, 0.925632119178772]","[0.0, 0.0, 4.261057711119065e-06, 4.966666892869398e-05, -0.01669049821794033, 1.0, 0.016333334147930145, 4.261057711119065e-06, 0.0, 0.0, -0.9999986290931702, -0.016283666715025902, 0.0, 0.0]","[1.0, 0.0, 0.0, 1.0687994956970215, 0.0, 0.3898947834968567, 0.7063942551612854, 0.16378097236156464]",-7.004725059359938
7.94999999999998,157.10360717773438,45.23978042602539,11.30128002166748,0.02716064453125,0.4642791748046875,"[0.695859432220459, 1.0, 0.1264905482530594, 0.9476767778396606]","[0.0, 0.0, 4.261057711119065e-06, 4.966666892869398e-05, -0.01669049821794033, 1.0, 0.016333334147930145, 4.261057711119065e-06, 0.0, 0.0, -0.9999986290931702, -0.016283666715025902, 0.0, 0.0]","[1.0, 0.0, 0.0, 1.0687994956970215, 0.0, 0.3898947834968567, 0.7063942551612854, 0.16378097236156464]",-7.374534035463311
7.99999999999998,157.04653930664062,44.67746353149414,11.305339813232422,0.016082763671875,0.4722137451171875,"[0.695592999458313, 1.0, 0.08814996480941772, 0.9575864672660828]","[0.0, 0.0, 4.261057711119065e-06, 4.966666892869398e-05, -0.01669049821794033, 1.0, 0.016333334147930145, 4.261057711119065e-06, 0.0, 0.0, -0.9999986290931702, -0.016283666715025902, 0.0, 0.0]","[1.0, 0.0, 0.0, 1.0687994956970215, 0.0, 0.3898947834968567, 0.7063942551612854, 0.16378097236156464]",-7.740921826968519
8.04999999999998,156.99342346191406,44.11425018310547,11.316280364990234,0.008331298828125,0.4841156005859375,"[0.6948750019073486, 1.0, 0.06623692065477371, 0.9652042388916016]","[0.0, 0.0, 4.261057711119065e-06, 4.966666892869398e-05, -0.01669049821794033, 1.0, 0.016333334147930145, 4.261057711119065e-06, 0.0, 0.0, -0.9999986290931702, -0.016283666715025902, 0.0, 0.0]","[1.0, 0.0, 0.0, 1.0687994956970215, 0.0, 0.3898947834968567, 0.7063942551612854, 0.16378097236156464]",-7.893884471274545
8.09999999999998,156.94351196289062,43.55000305175781,11.332389831542969,0.005279541015625,0.4880828857421875,"[0.6938178539276123, 1.0, 0.0636822059750557, 0.9872639775276184]","[0.0, 0.0, 4.261057711119065e-06, 4.966666892869398e-05, -0.01669049821794033, 1.0, 0.016333334147930145, 4.261057711119065e-06, 0.0, 0.0, -0.9999986290931702, -0.016283666715025902, 0.0, 0.0]","[1.0, 0.0, 0.0, 1.0687994956970215, 0.0, 0.3898947834968567, 0.7063942551612854, 0.16378097236156464]",-8.240470971921763
8.14999999999998,156.8959503173828,42.98460006713867,11.352930068969727,0.005645751953125,0.4920501708984375,"[0.6924698948860168, 1.0, 0.05000659078359604, 0.9772306680679321]","[0.0, 0.0, 4.261057711119065e-06, 4.966666892869398e-05, -0.01669049821794033, 1.0, 0.016333334147930145, 4.261057711119065e-06, 0.0, 0.0, -0.9999986290931702, -0.016283666715025902, 0.0, 0.0]","[1.0, 0.0, 0.0, 1.0687994956970215, 0.0, 0.3898947834968567, 0.7063942551612854, 0.16378097236156464]",-8.562672510782638
8.199999999999982,156.85025024414062,42.41791534423828,11.376799583435059,0.0068359375,0.4920501708984375,"[0.6909034848213196, 1.0, 0.0503498874604702, 0.9916736483573914]","[0.0, 0.0, 4.261057711119065e-06, 4.966666892869398e-05, -0.01669049821794033, 1.0, 0.016333334147930145, 4.261057711119065e-06, 0.0, 0.0, -0.9999986290931702, -0.016283666715025902, 0.0, 0.0]","[1.0, 0.0, 0.0, 1.0687994956970215, 0.0, 0.3898947834968567, 0.7063942551612854, 0.16378097236156464]",-8.868366625803516
8.249999999999982,156.8062286376953,41.84983825683594,11.403070449829102,0.008544921875,0.4920501708984375,"[0.6891794800758362, 1.0, 0.05052263289690018, 0.9925881624221802]","[0.0, 0.0, 4.261057711119065e-06, 4.966666892869398e-05, -0.01669049821794033, 1.0, 0.016333334147930145, 4.261057711119065e-06, 0.0, 0.0, -0.9999986290931702, -0.016283666715025902, 0.0, 0.0]","[1.0, 0.0, 0.0, 1.0687994956970215, 0.0, 0.3898947834968567, 0.7063942551612854, 0.16378097236156464]",-8.879795355835453
8.299999999999983,156.763671875,41.28030776977539,11.430780410766602,0.01007080078125,0.4920501708984375,"[0.6873610019683838, 1.0, 0.05171867832541466, 0.9931960701942444]","[0.0, 0.0, 4.261057711119065e-06, 4.966666892869398e-05, -0.01669049821794033, 1.0, 0.016333334147930145, 4.261057711119065e-06, 0.0, 0.0, -0.9999986290931702, -0.016283666715025902, 0.0, 0.0]","[1.0, 0.0, 0.0, 1.0687994956970215, 0.0, 0.3898947834968567, 0.7063942551612854, 0.16378097236156464]",-9.171704684127102
8.349999999999984,156.72250366210938,40.70927429199219,11.459549903869629,0.01104736328125,0.4920501708984375,"[0.6854730844497681, 1.0, 0.051707688719034195, 0.9944197535514832]","[0.0, 0.0, 4.261057711119065e-06, 4.966666892869398e-05, -0.01669049821794033, 1.0, 0.016333334147930145, 4.261057711119065e-06, 0.0, 0.0, -0.9999986290931702, -0.016283666715025902, 0.0, 0.0]","[1.0, 0.0, 0.0, 1.0687994956970215, 0.0, 0.3898947834968567, 0.7063942551612854, 0.16378097236156464]",-9.464712566775303
8.399999999999984,156.68258666992188,40.13671875,11.48882007598877,0.01153564453125,0.4920501708984375,"[0.6835522055625916, 1.0, 0.052370548248291016, 0.9941367506980896]","[0.0, 0.0, 4.261057711119065e-06, 4.966666892869398e-05, -0.01669049821794033, 1.0, 0.016333334147930145, 4.261057711119065e-06, 0.0, 0.0, -0.9999986290931702, -0.016283666715025902, 0.0, 0.0]","[1.0, 0.0, 0.0, 1.0687994956970215, 0.0, 0.3898947834968567, 0.7063942551612854, 0.16378097236156464]",-9.75529603977579
8.449999999999985,156.6439666748047,39.56259536743164,11.51908016204834,0.01226806640625,0.4999847412109375,"[0.6815663576126099, 1.0, 0.05426988750696182, 0.9939171075820923]","[0.0, 0.0, 4.261057711119065e-06, 4.966666892869398e-05, -0.01669049821794033, 1.0, 0.016333334147930145, 4.261057711119065e-06, 0.0, 0.0, -0.9999986290931702, -0.016283666715025902, 0.0, 0.0]","[1.0, 0.0, 0.0, 1.0687994956970215, 0.0, 0.3898947834968567, 0.7063942551612854, 0.16378097236156464]",-9.77865590741514
8.499999999999986,156.60679626464844,38.986785888671875,11.552709579467773,0.014068603515625,0.53515625,"[0.679359495639801, 1.0, 0.06259472668170929, 0.9878615736961365]","[0.0, 0.0, 4.261057711119065e-06, 4.966666892869398e-05, -0.01669049821794033, 1.0, 0.016333334147930145, 4.261057711119065e-06, 0.0, 0.0, -0.9999986290931702, -0.016283666715025902, 0.0, 0.0]","[1.0, 0.0, 0.0, 1.0687994956970215, 0.0, 0.3898947834968567, 0.7063942551612854, 0.16378097236156464]",-10.079976181539772
8.549999999999986,156.57131958007812,38.408905029296875,11.597359657287598,0.01690673828125,0.63671875,"[0.6764293909072876, 1.0, 0.07926461845636368, 0.9781962037086487]","[0.0, 0.0, 4.261057711119065e-06, 4.966666892869398e-05, -0.01669049821794033, 1.0, 0.016333334147930145, 4.261057711119065e-06, 0.0, 0.0, -0.9999986290931702, -0.016283666715025902, 0.0, 0.0]","[1.0, 0.0, 0.0, 1.0687994956970215, 0.0, 0.3898947834968567, 0.7063942551612854, 0.16378097236156464]",-10.37703320188606
8.599999999999987,156.53787231445312,37.82799530029297,11.664719581604004,0.020538330078125,0.74609375,"[0.6720088720321655, 0.9761999845504761, 0.10919647663831711, 0.9601609110832214]","[0.0, 0.0, 4.261057711119065e-06, 4.966666892869398e-05, -0.01669049821794033, 1.0, 0.016333334147930145, 4.261057711119065e-06, 0.0, 0.0, -0.9999986290931702, -0.016283666715025902, 0.0, 0.0]","[1.0, 0.0, 0.0, 1.0687994956970215, 0.0, 0.3898947834968567, 0.7063942551612854, 0.16378097236156464]",-10.671945167990708
8.649999999999988,156.50662231445312,37.242618560791016,11.762439727783203,0.02252197265625,0.80078125,"[0.665596067905426, 0.7702000141143799, 0.14024658501148224, 0.9498350024223328]","[0.0, 0.0, 4.261057711119065e-06, 4.966666892869398e-05, -0.01669049821794033, 1.0, 0.016333334147930145, 4.261057711119065e-06, 0.0, 0.0, -0.9999986290931702, -0.016283666715025902, 0.0, 0.0]","[1.0, 0.0, 0.0, 1.0687994956970215, 0.0, 0.3898947834968567, 0.7063942551612854, 0.16378097236156464]",-10.673635445975695
8.699999999999989,156.4774932861328,36.65135192871094,11.886139869689941,0.022674560546875,0.8046875,"[0.6574783325195312, 0.7612000107765198, 0.16480174660682678, 0.9511004686355591]","[0.0, 0.0, 4.261057711119065e-06, 4.966666892869398e-05, -0.01669049821794033, 1.0, 0.016333334147930145, 4.261057711119065e-06, 0.0, 0.0, -0.9999986290931702, -0.016283666715025902, 0.0, 0.0]","[1.0, 0.0, 0.0, 1.0687994956970215, 0.0, 0.3898947834968567, 0.7063942551612854, 0.16378097236156464]",-10.959569784830434
8.74999999999999,156.45065307617188,36.05316925048828,12.0278902053833,0.022674560546875,0.80859375,"[0.6481760144233704, 0.7534999847412109, 0.18207736313343048, 0.959169864654541]","[0.0, 0.0, 4.261057711119065e-06, 4.966666892869398e-05, -0.01669049821794033, 1.0, 0.016333334147930145, 4.261057711119065e-06, 0.0, 0.0, -0.9999986290931702, -0.016283666715025902, 0.0, 0.0]","[1.0, 0.0, 0.0, 1.0687994956970215, 0.0, 0.3898947834968567, 0.7063942551612854, 0.16378097236156464]",-11.248851666783962
8.79999999999999,156.4261474609375,35.44739532470703,12.181570053100586,0.022918701171875,0.80859375,"[0.6380908489227295, 0.7621999979019165, 0.1960509717464447, 0.9635603427886963]","[0.0, 0.0, 4.261057711119065e-06, 4.966666892869398e-05, -0.01669049821794033, 1.0, 0.016333334147930145, 4.261057711119065e-06, 0.0, 0.0, -0.9999986290931702, -0.016283666715025902, 0.0, 0.0]","[1.0, 0.0, 0.0, 1.0687994956970215, 0.0, 0.3898947834968567, 0.7063942551612854, 0.16378097236156464]",-11.538236616154707
8.84999999999999,156.40428161621094,34.83359909057617,12.342900276184082,0.0240478515625,0.80859375,"[0.6275036334991455, 0.7716000080108643, 0.20709757506847382, 0.9669216275215149]","[0.0, 0.0, 4.261057711119065e-06, 4.966666892869398e-05, -0.01669049821794033, 1.0, 0.016333334147930145, 4.261057711119065e-06, 0.0, 0.0, -0.9999986290931702, -0.016283666715025902, 0.0, 0.0]","[1.0, 0.0, 0.0, 1.0687994956970215, 0.0, 0.3898947834968567, 0.7063942551612854, 0.16378097236156464]",-11.490853870501738
8.899999999999991,156.38516235351562,34.2115364074707,12.508130073547363,0.0242919921875,0.80859375,"[0.616660475730896, 0.7815999984741211, 0.21328043937683105, 0.9710330963134766]","[0.0, 0.0, 4.261057711119065e-06, 4.966666892869398e-05, -0.01669049821794033, 1.0, 0.016333334147930145, 4.261057711119065e-06, 0.0, 0.0, -0.9999986290931702, -0.016283666715025902, 0.0, 0.0]","[1.0, 0.0, 0.0, 1.0687994956970215, 0.0, 0.3898947834968567, 0.7063942551612854, 0.16378097236156464]",-11.770549620162704
8.949999999999992,156.3689422607422,33.58106231689453,12.676360130310059,0.0242919921875,0.80859375,"[0.6056205034255981, 0.7918000221252441, 0.21685142815113068, 0.9723075032234192]","[0.0, 0.0, 4.261057711119065e-06, 4.966666892869398e-05, -0.01669049821794033, 1.0, 0.016333334147930145, 4.261057711119065e-06, 0.0, 0.0, -0.9999986290931702, -0.016283666715025902, 0.0, 0.0]","[1.0, 0.0, 0.0, 1.0687994956970215, 0.0, 0.3898947834968567, 0.7063942551612854, 0.16378097236156464]",-12.057022359431212
8.999999999999993,156.35568237304688,32.94211959838867,12.84533977508545,0.0240478515625,0.80859375,"[0.5945312976837158, 0.802299976348877, 0.21931472420692444, 0.974022388458252]","[0.0, 0.0, 4.261057711119065e-06, 4.966666892869398e-05, -0.01669049821794033, 1.0, 0.016333334147930145, 4.261057711119065e-06, 0.0, 0.0, -0.9999986290931702, -0.016283666715025902, 0.0, 0.0]","[1.0, 0.0, 0.0, 1.0687994956970215, 0.0, 0.3898947834968567, 0.7063942551612854, 0.16378097236156464]",-12.344509232845834
9.049999999999994,156.34548950195312,32.29465866088867,13.015729904174805,0.02349853515625,0.80859375,"[0.5833495855331421, 0.8127999901771545, 0.22046591341495514, 0.9742499589920044]","[0.0, 0.0, 4.261057711119065e-06, 4.966666892869398e-05, -0.01669049821794033, 1.0, 0.016333334147930145, 4.261057711119065e-06, 0.0, 0.0, -0.9999986290931702, -0.016283666715025902, 0.0, 0.0]","[1.0, 0.0, 0.0, 1.0687994956970215, 0.0, 0.3898947834968567, 0.7063942551612854, 0.16378097236156464]",-12.262634564304062
9.099999999999994,156.33847045898438,31.638668060302734,13.185999870300293,0.023101806640625,0.80859375,"[0.5721756815910339, 0.8234000205993652, 0.22154372930526733, 0.9746390581130981]","[0.0, 0.0, 4.261057711119065e-06, 4.966666892869398e-05, -0.01669049821794033, 1.0, 0.016333334147930145, 4.261057711119065e-06, 0.0, 0.0, -0.9999986290931702, -0.016283666715025902, 0.0, 0.0]","[1.0, 0.0, 0.0, 1.0687994956970215, 0.0, 0.3898947834968567, 0.7063942551612854, 0.16378097236156464]",-12.538790779375988
9.149999999999995,156.33468627929688,30.974151611328125,13.356789588928223,0.022705078125,0.80859375,"[0.5609676837921143, 0.8339999914169312, 0.22257491946220398, 0.974653422832489]","[0.0, 0.0, 4.261057711119065e-06, 4.966666892869398e-05, -0.01669049821794033, 1.0, 0.016333334147930145, 4.261057711119065e-06, 0.0, 0.0, -0.9999986290931702, -0.016283666715025902, 0.0, 0.0]","[1.0, 0.0, 0.0, 1.0687994956970215, 0.0, 0.3898947834968567, 0.7063942551612854, 0.16378097236156464]",-12.81137230282783
9.199999999999996,156.334228515625,30.30110740661621,13.527600288391113,0.022064208984375,0.80859375,"[0.5497583150863647, 0.8446999788284302, 0.2224997580051422, 0.9757717251777649]","[0.0, 0.0, 4.261057711119065e-06, 4.966666892869398e-05, -0.01669049821794033, 1.0, 0.016333334147930145, 4.261057711119065e-06, 0.0, 0.0, -0.9999986290931702, -0.016283666715025902, 0.0, 0.0]","[1.0, 0.0, 0.0, 1.0687994956970215, 0.0, 0.3898947834968567, 0.7063942551612854, 0.16378097236156464]",-13.076932089285416
9.249999999999996,156.3370819091797,29.619535446166992,13.698710441589355,0.0211181640625,0.80859375,"[0.5385292768478394, 0.855400025844574, 0.2216544896364212, 0.9761719107627869]","[0.0, 0.0, 4.261057711119065e-06, 4.966666892869398e-05, -0.01669049821794033, 1.0, 0.016333334147930145, 4.261057711119065e-06, 0.0, 0.0, -0.9999986290931702, -0.016283666715025902, 0.0, 0.0]","[1.0, 0.0, 0.0, 1.0687994956970215, 0.0, 0.3898947834968567, 0.7063942551612854, 0.16378097236156464]",-12.887816522417207
9.299999999999997,156.34323120117188,28.929439544677734,13.870030403137207,0.019927978515625,0.80859375,"[0.5272865295410156, 0.866100013256073, 0.2200426608324051, 0.9754266142845154]","[0.0, 0.0, 4.261057711119065e-06, 4.966666892869398e-05, -0.01669049821794033, 1.0, 0.016333334147930145, 4.261057711119065e-06, 0.0, 0.0, -0.9999986290931702, -0.016283666715025902, 0.0, 0.0]","[1.0, 0.0, 0.0, 1.0687994956970215, 0.0, 0.3898947834968567, 0.7063942551612854, 0.16378097236156464]",-13.108715942469445
9.349999999999998,156.35263061523438,28.23081398010254,14.04164981842041,0.01824951171875,0.80859375,"[0.516024112701416, 0.8769000172615051, 0.21694329380989075, 0.9736897945404053]","[0.0, 0.0, 4.261057711119065e-06, 4.966666892869398e-05, -0.01669049821794033, 1.0, 0.016333334147930145, 4.261057711119065e-06, 0.0, 0.0, -0.9999986290931702, -0.016283666715025902, 0.0, 0.0]","[1.0, 0.0, 0.0, 1.0687994956970215, 0.0, 0.3898947834968567, 0.7063942551612854, 0.16378097236156464]",-13.31044255993787
9.399999999999999,156.36532592773438,27.52366828918457,14.213419914245605,0.0146484375,0.78125,"[0.5047518014907837, 0.887499988079071, 0.21880175173282623, 0.9733895063400269]","[0.0, 0.0, 4.261057711119065e-06, 4.966666892869398e-05, -0.01669049821794033, 1.0, 0.016333334147930145, 4.261057711119065e-06, 0.0, 0.0, -0.9999986290931702, -0.016283666715025902, 0.0, 0.0]","[1.0, 0.0, 0.0, 1.0687994956970215, 0.0, 0.3898947834968567, 0.7063942551612854, 0.16378097236156464]",-13.509990848315246
9.45,156.38027954101562,26.80805778503418,14.381050109863281,0.007476806640625,0.75,"[0.4937511682510376, 1.0, 0.18269185721874237, 0.9422847032546997]","[0.0, 0.0, 4.261057711119065e-06, 4.966666892869398e-05, -0.01669049821794033, 1.0, 0.016333334147930145, 4.261057711119065e-06, 0.0, 0.0, -0.9999986290931702, -0.016283666715025902, 0.0, 0.0]","[1.0, 0.0, 0.0, 1.0687994956970215, 0.0, 0.3898947834968567, 0.7063942551612854, 0.16378097236156464]",-13.217311137412441
9.5,156.39613342285156,26.0844669342041,14.536160469055176,-0.004150390625,0.703125,"[0.4835720658302307, 1.0, 0.14064042270183563, 0.9407536387443542]","[0.0, 0.0, 4.261057711119065e-06, 4.966666892869398e-05, -0.01669049821794033, 1.0, 0.016333334147930145, 4.261057711119065e-06, 0.0, 0.0, -0.9999986290931702, -0.016283666715025902, 0.0, 0.0]","[1.0, 0.0, 0.0, 1.0687994956970215, 0.0, 0.3898947834968567, 0.7063942551612854, 0.16378097236156464]",-13.354187187324973
9.55,156.41140747070312,25.353639602661133,14.674559593200684,-0.01690673828125,0.66015625,"[0.4744897484779358, 1.0, 0.1527305543422699, 0.9355754852294922]","[0.0, 0.0, 4.261057711119065e-06, 4.966666892869398e-05, -0.01669049821794033, 1.0, 0.016333334147930145, 4.261057711119065e-06, 0.0, 0.0, -0.9999986290931702, -0.016283666715025902, 0.0, 0.0]","[1.0, 0.0, 0.0, 1.0687994956970215, 0.0, 0.3898947834968567, 0.7063942551612854, 0.16378097236156464]",-13.479174434034121
9.600000000000001,156.424560546875,24.616445541381836,14.794770240783691,-0.029571533203125,0.62890625,"[0.46660101413726807, 1.0, 0.17383955419063568, 0.9349440932273865]","[0.0, 0.0, 4.261057711119065e-06, 4.966666892869398e-05, -0.01669049821794033, 1.0, 0.016333334147930145, 4.261057711119065e-06, 0.0, 0.0, -0.9999986290931702, -0.016283666715025902, 0.0, 0.0]","[1.0, 0.0, 0.0, 1.0687994956970215, 0.0, 0.3898947834968567, 0.7063942551612854, 0.16378097236156464]",-13.596111704237053
9.650000000000002,156.43458557128906,23.87371063232422,14.899970054626465,-0.03472900390625,0.62109375,"[0.45969730615615845, 1.0, 0.17842768132686615, 0.9562749862670898]","[0.0, 0.0, 4.261057711119065e-06, 4.966666892869398e-05, -0.01669049821794033, 1.0, 0.016333334147930145, 4.261057711119065e-06, 0.0, 0.0, -0.9999986290931702, -0.016283666715025902, 0.0, 0.0]","[1.0, 0.0, 0.0, 1.0687994956970215, 0.0, 0.3898947834968567, 0.7063942551612854, 0.16378097236156464]",-13.09655973107911
9.700000000000003,156.4413604736328,23.126020431518555,14.995369911193848,-0.030975341796875,0.62109375,"[0.4534367322921753, 1.0, 0.16654153168201447, 0.9713895320892334]","[0.0, 0.0, 4.261057711119065e-06, 4.966666892869398e-05, -0.01669049821794033, 1.0, 0.016333334147930145, 4.261057711119065e-06, 0.0, 0.0, -0.9999986290931702, -0.016283666715025902, 0.0, 0.0]","[1.0, 0.0, 0.0, 1.0687994956970215, 0.0, 0.3898947834968567, 0.7063942551612854, 0.16378097236156464]",-13.189222032428798
9.750000000000004,156.44467163085938,22.373764038085938,15.083919525146484,-0.027557373046875,0.62109375,"[0.44762563705444336, 1.0, 0.16263867914676666, 0.9787108302116394]","[0.0, 0.0, 4.261057711119065e-06, 4.966666892869398e-05, -0.01669049821794033, 1.0, 0.016333334147930145, 4.261057711119065e-06, 0.0, 0.0, -0.9999986290931702, -0.016283666715025902, 0.0, 0.0]","[1.0, 0.0, 0.0, 1.0687994956970215, 0.0, 0.3898947834968567, 0.7063942551612854, 0.16378097236156464]",-13.280711201125273
9.800000000000004,156.44381713867188,21.61720848083496,15.168999671936035,-0.02813720703125,0.640625,"[0.44204235076904297, 1.0, 0.17241406440734863, 0.9733006954193115]","[0.0, 0.0, 4.261057711119065e-06, 4.966666892869398e-05, -0.01669049821794033, 1.0, 0.016333334147930145, 4.261057711119065e-06, 0.0, 0.0, -0.9999986290931702, -0.016283666715025902, 0.0, 0.0]","[1.0, 0.0, 0.0, 1.0687994956970215, 0.0, 0.3898947834968567, 0.7063942551612854, 0.16378097236156464]",-13.386701373291611
9.850000000000005,156.43869018554688,20.856380462646484,15.25492000579834,-0.024505615234375,0.65234375,"[0.43640387058258057, 1.0, 0.16886724531650543, 0.9838561415672302]","[0.0, 0.0, 4.261057711119065e-06, 4.966666892869398e-05, -0.01669049821794033, 1.0, 0.016333334147930145, 4.261057711119065e-06, 0.0, 0.0, -0.9999986290931702, -0.016283666715025902, 0.0, 0.0]","[1.0, 0.0, 0.0, 1.0687994956970215, 0.0, 0.3898947834968567, 0.7063942551612854, 0.16378097236156464]",-12.876611715665316
9.900000000000006,156.43038940429688,20.091154098510742,15.344340324401855,-0.0115966796875,0.66796875,"[0.4305357336997986, 1.0, 0.1379832774400711, 0.9515308141708374]","[0.0, 0.0, 4.261057711119065e-06, 4.966666892869398e-05, -0.01669049821794033, 1.0, 0.016333334147930145, 4.261057711119065e-06, 0.0, 0.0, -0.9999986290931702, -0.016283666715025902, 0.0, 0.0]","[1.0, 0.0, 0.0, 1.0687994956970215, 0.0, 0.3898947834968567, 0.7063942551612854, 0.16378097236156464]",-13.019874426594205
9.950000000000006,156.42176818847656,19.321348190307617,15.43612003326416,0.01507568359375,0.66796875,"[0.42451274394989014, 1.0, 0.10365362465381622, 0.9076313972473145]","[0.0, 0.0, 4.261057711119065e-06, 4.966666892869398e-05, -0.01669049821794033, 1.0, 0.016333334147930145, 4.261057711119065e-06, 0.0, 0.0, -0.9999986290931702, -0.016283666715025902, 0.0, 0.0]","[1.0, 0.0, 0.0, 1.0687994956970215, 0.0, 0.3898947834968567, 0.7063942551612854, 0.16378097236156464]",-13.176244676924986
10.000000000000007,156.41555786132812,18.546903610229492,15.527819633483887,0.038909912109375,0.671875,"[0.4184949994087219, 1.0, 0.15969230234622955, 0.920903742313385]","[0.0, 0.0, 4.261057711119065e-06, 4.966666892869398e-05, -0.01669049821794033, 1.0, 0.016333334147930145, 4.261057711119065e-06, 0.0, 0.0, -0.9999986290931702, -0.016283666715025902, 0.0, 0.0]","[1.0, 0.0, 0.0, 1.0687994956970215, 0.0, 0.3898947834968567, 0.7063942551612854, 0.16378097236156464]",-13.34633321202858
10.050000000000008,156.41412353515625,17.767850875854492,15.618849754333496,0.058258056640625,0.671875,"[0.4125211834907532, 1.0, 0.2153802216053009, 0.9273317456245422]","[0.0, 0.0, 4.261057711119065e-06, 4.966666892869398e-05, -0.01669049821794033, 1.0, 0.016333334147930145, 4.261057711119065e-06, 0.0, 0.0, -0.9999986290931702, -0.016283666715025902, 0.0, 0.0]","[1.0, 0.0, 0.0, 1.0687994956970215, 0.0, 0.3898947834968567, 0.7063942551612854, 0.16378097236156464]",-12.92858709603466
10.100000000000009,156.41978454589844,16.984298706054688,15.708849906921387,0.0726318359375,0.671875,"[0.4066150188446045, 1.0, 0.26378634572029114, 0.9336059093475342]","[0.0, 0.0, 4.261057711119065e-06, 4.966666892869398e-05, -0.01669049821794033, 1.0, 0.016333334147930145, 4.261057711119065e-06, 0.0, 0.0, -0.9999986290931702, -0.016283666715025902, 0.0, 0.0]","[1.0, 0.0, 0.0, 1.0687994956970215, 0.0, 0.3898947834968567, 0.7063942551612854, 0.16378097236156464]",-13.079033859382257
10.15000000000001,156.43466186523438,16.1964111328125,15.797969818115234,0.08172607421875,0.671875,"[0.4007664918899536, 1.0, 0.29606372117996216, 0.9426031112670898]","[0.0, 0.0, 4.261057711119065e-06, 4.966666892869398e-05, -0.01669049821794033, 1.0, 0.016333334147930145, 4.261057711119065e-06, 0.0, 0.0, -0.9999986290931702, -0.016283666715025902, 0.0, 0.0]","[1.0, 0.0, 0.0, 1.0687994956970215, 0.0, 0.3898947834968567, 0.7063942551612854, 0.16378097236156464]",-13.187442452493283
10.20000000000001,156.46075439453125,15.40446949005127,15.88405990600586,0.088653564453125,0.65234375,"[0.3951168656349182, 1.0, 0.32639604806900024, 0.9444392919540405]","[0.0, 0.0, 4.261057711119065e-06, 4.966666892869398e-05, -0.01669049821794033, 1.0, 0.016333334147930145, 4.261057711119065e-06, 0.0, 0.0, -0.9999986290931702, -0.016283666715025902, 0.0, 0.0]","[1.0, 0.0, 0.0, 1.0687994956970215, 0.0, 0.3898947834968567, 0.7063942551612854, 0.16378097236156464]",-13.284711610735664
10.25000000000001,156.50006103515625,14.6090087890625,15.963589668273926,0.094879150390625,0.6328125,"[0.38989782333374023, 1.0, 0.3538500964641571, 0.9448789954185486]","[0.0, 0.0, 4.261057711119065e-06, 4.966666892869398e-05, -0.01669049821794033, 1.0, 0.016333334147930145, 4.261057711119065e-06, 0.0, 0.0, -0.9999986290931702, -0.016283666715025902, 0.0, 0.0]","[1.0, 0.0, 0.0, 1.0687994956970215, 0.0, 0.3898947834968567, 0.7063942551612854, 0.16378097236156464]",-12.689708592055974
10.300000000000011,156.5548553466797,13.810896873474121,16.031469345092773,0.10528564453125,0.6015625,"[0.38544321060180664, 1.0, 0.3861357867717743, 0.9340289831161499]","[0.0, 0.0, 4.261057711119065e-06, 4.966666892869398e-05, -0.01669049821794033, 1.0, 0.016333334147930145, 4.261057711119065e-06, 0.0, 0.0, -0.9999986290931702, -0.016283666715025902, 0.0, 0.0]","[1.0, 0.0, 0.0, 1.0687994956970215, 0.0, 0.3898947834968567, 0.7063942551612854, 0.16378097236156464]",-12.793269057151587
10.350000000000012,156.6277313232422,13.011478424072266,16.081039428710938,0.1207275390625,0.5546875,"[0.3821902275085449, 1.0, 0.4201608896255493, 0.9233906865119934]","[0.0, 0.0, 4.261057711119065e-06, 4.966666892869398e-05, -0.01669049821794033, 1.0, 0.016333334147930145, 4.261057711119065e-06, 0.0, 0.0, -0.9999986290931702, -0.016283666715025902, 0.0, 0.0]","[1.0, 0.0, 0.0, 1.0687994956970215, 0.0, 0.3898947834968567, 0.7063942551612854, 0.16378097236156464]",-12.90024148222648
10.400000000000013,156.7213897705078,12.21263599395752,16.105859756469727,0.1405029296875,0.5078125,"[0.38056135177612305, 1.0, 0.453203946352005, 0.91572105884552]","[0.0, 0.0, 4.261057711119065e-06, 4.966666892869398e-05, -0.01669049821794033, 1.0, 0.016333334147930145, 4.261057711119065e-06, 0.0, 0.0, -0.9999986290931702, -0.016283666715025902, 0.0, 0.0]","[1.0, 0.0, 0.0, 1.0687994956970215, 0.0, 0.3898947834968567, 0.7063942551612854, 0.16378097236156464]",-13.083175714159193
10.450000000000014,156.8387451171875,11.416818618774414,16.100540161132812,0.166900634765625,0.4761810302734375,"[0.3809104561805725, 1.0, 0.49046948552131653, 0.9034385681152344]","[0.0, 0.0, 4.261057711119065e-06, 4.966666892869398e-05, -0.01669049821794033, 1.0, 0.016333334147930145, 4.261057711119065e-06, 0.0, 0.0, -0.9999986290931702, -0.016283666715025902, 0.0, 0.0]","[1.0, 0.0, 0.0, 1.0687994956970215, 0.0, 0.3898947834968567, 0.7063942551612854, 0.16378097236156464]",-12.925993574023138
10.500000000000014,156.98272705078125,10.62691593170166,16.062990188598633,0.196685791015625,0.444427490234375,"[0.3833746910095215, 1.0, 0.5333211421966553, 0.8935490846633911]","[0.0, 0.0, 4.261057711119065e-06, 4.966666892869398e-05, -0.01669049821794033, 1.0, 0.016333334147930145, 4.261057711119065e-06, 0.0, 0.0, -0.9999986290931702, -0.016283666715025902, 0.0, 0.0]","[1.0, 0.0, 0.0, 1.0687994956970215, 0.0, 0.3898947834968567, 0.7063942551612854, 0.16378097236156464]",-13.229332462256831
10.550000000000015,157.15599060058594,9.846223831176758,15.99081039428711,0.228485107421875,0.404754638671875,"[0.388111412525177, 1.0, 0.5651213526725769, 0.8849899768829346]","[0.0, 0.0, 4.261057711119065e-06, 4.966666892869398e-05, -0.01669049821794033, 1.0, 0.016333334147930145, 4.261057711119065e-06, 0.0, 0.0, -0.9999986290931702, -0.016283666715025902, 0.0, 0.0]","[1.0, 0.0, 0.0, 1.0687994956970215, 0.0, 0.3898947834968567, 0.7063942551612854, 0.16378097236156464]",-13.528010833206142
10.600000000000016,157.36083984375,9.078458786010742,15.881959915161133,0.2608642578125,0.3690338134765625,"[0.3952546715736389, 1.0, 0.592553436756134, 0.877927303314209]","[0.0, 0.0, 4.261057711119065e-06, 4.966666892869398e-05, -0.01669049821794033, 1.0, 0.016333334147930145, 4.261057711119065e-06, 0.0, 0.0, -0.9999986290931702, -0.016283666715025902, 0.0, 0.0]","[1.0, 0.0, 0.0, 1.0687994956970215, 0.0, 0.3898947834968567, 0.7063942551612854, 0.16378097236156464]",-13.806777084944482
10.650000000000016,157.59896850585938,8.3275728225708,15.738459587097168,0.28985595703125,0.3491973876953125,"[0.40467190742492676, 1.0, 0.617074728012085, 0.8781716823577881]","[0.0, 0.0, 4.261057711119065e-06, 4.966666892869398e-05, -0.01669049821794033, 1.0, 0.016333334147930145, 4.261057711119065e-06, 0.0, 0.0, -0.9999986290931702, -0.016283666715025902, 0.0, 0.0]","[1.0, 0.0, 0.0, 1.0687994956970215, 0.0, 0.3898947834968567, 0.7063942551612854, 0.16378097236156464]",-13.564441998218086
10.700000000000017,157.871337890625,7.597388744354248,15.567159652709961,0.311859130859375,0.3452301025390625,"[0.41591328382492065, 1.0, 0.6345367431640625, 0.8861688375473022]","[0.0, 0.0, 4.261057711119065e-06, 4.966666892869398e-05, -0.01669049821794033, 1.0, 0.016333334147930145, 4.261057711119065e-06, 0.0, 0.0, -0.9999986290931702, -0.016283666715025902, 0.0, 0.0]","[1.0, 0.0, 0.0, 1.0687994956970215, 0.0, 0.3898947834968567, 0.7063942551612854, 0.16378097236156464]",-13.830372689185547
10.750000000000018,158.17831420898438,6.891427516937256,15.375960350036621,0.32550048828125,0.3452301025390625,"[0.4284607172012329, 1.0, 0.6442303657531738, 0.8957623839378357]","[0.0, 0.0, 4.261057711119065e-06, 4.966666892869398e-05, -0.01669049821794033, 1.0, 0.016333334147930145, 4.261057711119065e-06, 0.0, 0.0, -0.9999986290931702, -0.016283666715025902, 0.0, 0.0]","[1.0, 0.0, 0.0, 1.0687994956970215, 0.0, 0.3898947834968567, 0.7063942551612854, 0.16378097236156464]",-14.057627627229541
10.800000000000018,158.51966857910156,6.212941646575928,15.170370101928711,0.33306884765625,0.3452301025390625,"[0.4419524073600769, 1.0, 0.6485740542411804, 0.9016791582107544]","[0.0, 0.0, 4.261057711119065e-06, 4.966666892869398e-05, -0.01669049821794033, 1.0, 0.016333334147930145, 4.261057711119065e-06, 0.0, 0.0, -0.9999986290931702, -0.016283666715025902, 0.0, 0.0]","[1.0, 0.0, 0.0, 1.0687994956970215, 0.0, 0.3898947834968567, 0.7063942551612854, 0.16378097236156464]",-14.278903468349561
10.85000000000002,158.89466857910156,5.564924240112305,14.955479621887207,0.334442138671875,0.3452301025390625,"[0.45605456829071045, 1.0, 0.6484707593917847, 0.9073164463043213]","[0.0, 0.0, 4.261057711119065e-06, 4.966666892869398e-05, -0.01669049821794033, 1.0, 0.016333334147930145, 4.261057711119065e-06, 0.0, 0.0, -0.9999986290931702, -0.016283666715025902, 0.0, 0.0]","[1.0, 0.0, 0.0, 1.0687994956970215, 0.0, 0.3898947834968567, 0.7063942551612854, 0.16378097236156464]",-13.829961976012601
10.90000000000002,159.30218505859375,4.950092792510986,14.736680030822754,0.33221435546875,0.376983642578125,"[0.4704131484031677, 1.0, 0.644120454788208, 0.9100944995880127]","[0.0, 0.0, 4.261057711119065e-06, 4.966666892869398e-05, -0.01669049821794033, 1.0, 0.016333334147930145, 4.261057711119065e-06, 0.0, 0.0, -0.9999986290931702, -0.016283666715025902, 0.0, 0.0]","[1.0, 0.0, 0.0, 1.0687994956970215, 0.0, 0.3898947834968567, 0.7063942551612854, 0.16378097236156464]",-13.913172889197977
10.95000000000002,159.74078369140625,4.370887756347656,14.518489837646484,0.32928466796875,0.396820068359375,"[0.4847317337989807, 1.0, 0.6366220116615295, 0.9125323295593262]","[0.0, 0.0, 4.261057711119065e-06, 4.966666892869398e-05, -0.01669049821794033, 1.0, 0.016333334147930145, 4.261057711119065e-06, 0.0, 0.0, -0.9999986290931702, -0.016283666715025902, 0.0, 0.0]","[1.0, 0.0, 0.0, 1.0687994956970215, 0.0, 0.3898947834968567, 0.7063942551612854, 0.16378097236156464]",-13.985250488071692
11.000000000000021,160.20877075195312,3.8295657634735107,14.30383014678955,0.327239990234375,0.432525634765625,"[0.49881863594055176, 1.0, 0.6278012990951538, 0.9141003489494324]","[0.0, 0.0, 4.261057711119065e-06, 4.966666892869398e-05, -0.01669049821794033, 1.0, 0.016333334147930145, 4.261057711119065e-06, 0.0, 0.0, -0.9999986290931702, -0.016283666715025902, 0.0, 0.0]","[1.0, 0.0, 0.0, 1.0687994956970215, 0.0, 0.3898947834968567, 0.7063942551612854, 0.16378097236156464]",-14.046129624640677
11.050000000000022,160.70425415039062,3.328111410140991,14.097129821777344,0.325469970703125,0.4722137451171875,"[0.512383222579956, 1.0, 0.6166395545005798, 0.9166752696037292]","[0.0, 0.0, 4.261057711119065e-06, 4.966666892869398e-05, -0.01669049821794033, 1.0, 0.016333334147930145, 4.261057711119065e-06, 0.0, 0.0, -0.9999986290931702, -0.016283666715025902, 0.0, 0.0]","[1.0, 0.0, 0.0, 1.0687994956970215, 0.0, 0.3898947834968567, 0.7063942551612854, 0.16378097236156464]",-13.822955699549986
11.100000000000023,161.22195434570312,2.863407611846924,13.896590232849121,0.32403564453125,0.51171875,"[0.5255435109138489, 1.0, 0.6098382472991943, 0.8857876658439636]","[0.0, 0.0, 4.261057711119065e-06, 4.966666892869398e-05, -0.01669049821794033, 1.0, 0.016333334147930145, 4.261057711119065e-06, 0.0, 0.0, -0.9999986290931702, -0.016283666715025902, 0.0, 0.0]","[1.0, 0.0, 0.0, 1.0687994956970215, 0.0, 0.3898947834968567, 0.7063942551612854, 0.16378097236156464]",-14.076323999135587
11.150000000000023,161.76416015625,2.443249225616455,13.712770462036133,0.31988525390625,0.5625,"[0.5376065969467163, 1.0, 0.5862918496131897, 0.9048324823379517]","[0.0, 0.0, 4.261057711119065e-06, 4.966666892869398e-05, -0.01669049821794033, 1.0, 0.016333334147930145, 4.261057711119065e-06, 0.0, 0.0, -0.9999986290931702, -0.016283666715025902, 0.0, 0.0]","[1.0, 0.0, 0.0, 1.0687994956970215, 0.0, 0.3898947834968567, 0.7063942551612854, 0.16378097236156464]",-14.316963212332292
11.200000000000024,162.32777404785156,2.0670785903930664,13.55663013458252,0.31109619140625,0.609375,"[0.5478532314300537, 1.0, 0.5604597926139832, 0.9072182178497314]","[0.0, 0.0, 4.261057711119065e-06, 4.966666892869398e-05, -0.01669049821794033, 1.0, 0.016333334147930145, 4.261057711119065e-06, 0.0, 0.0, -0.9999986290931702, -0.016283666715025902, 0.0, 0.0]","[1.0, 0.0, 0.0, 1.0687994956970215, 0.0, 0.3898947834968567, 0.7063942551612854, 0.16378097236156464]",-14.538648675776956
11.250000000000025,162.90895080566406,1.7326782941818237,13.42827033996582,0.297454833984375,0.640625,"[0.556276798248291, 1.0, 0.5447710156440735, 0.8804578185081482]","[0.0, 0.0, 4.261057711119065e-06, 4.966666892869398e-05, -0.01669049821794033, 1.0, 0.016333334147930145, 4.261057711119065e-06, 0.0, 0.0, -0.9999986290931702, -0.016283666715025902, 0.0, 0.0]","[1.0, 0.0, 0.0, 1.0687994956970215, 0.0, 0.3898947834968567, 0.7063942551612854, 0.16378097236156464]",-14.34475801285965
11.300000000000026,163.50721740722656,1.4409042596817017,13.337499618530273,0.278289794921875,0.65625,"[0.562233567237854, 1.0, 0.512849748134613, 0.9134355187416077]","[0.0, 0.0, 4.261057711119065e-06, 4.966666892869398e-05, -0.01669049821794033, 1.0, 0.016333334147930145, 4.261057711119065e-06, 0.0, 0.0, -0.9999986290931702, -0.016283666715025902, 0.0, 0.0]","[1.0, 0.0, 0.0, 1.0687994956970215, 0.0, 0.3898947834968567, 0.7063942551612854, 0.16378097236156464]",-14.524131182843163
11.350000000000026,164.12158203125,1.1962026357650757,13.271539688110352,0.25286865234375,0.6640625,"[0.5665621757507324, 1.0, 0.5339477062225342, 0.936843752861023]","[0.0, 0.0, 4.261057711119065e-06, 4.966666892869398e-05, -0.01669049821794033, 1.0, 0.016333334147930145, 4.261057711119065e-06, 0.0, 0.0, -0.9999986290931702, -0.016283666715025902, 0.0, 0.0]","[1.0, 0.0, 0.0, 1.0687994956970215, 0.0, 0.3898947834968567, 0.7063942551612854, 0.16378097236156464]",-14.693395521023138
11.400000000000027,164.74884033203125,0.991102397441864,13.247520446777344,0.224639892578125,0.671875,"[0.5681383609771729, 1.0, 0.5575547218322754, 0.8980720043182373]","[0.0, 0.0, 4.261057711119065e-06, 4.966666892869398e-05, -0.01669049821794033, 1.0, 0.016333334147930145, 4.261057711119065e-06, 0.0, 0.0, -0.9999986290931702, -0.016283666715025902, 0.0, 0.0]","[1.0, 0.0, 0.0, 1.0687994956970215, 0.0, 0.3898947834968567, 0.7063942551612854, 0.16378097236156464]",-14.865411090649518
11.450000000000028,165.38775634765625,0.8268328905105591,13.253780364990234,0.194427490234375,0.6796875,"[0.5677276253700256, 1.0, 0.574661135673523, 0.9265676140785217]","[0.0, 0.0, 4.261057711119065e-06, 4.966666892869398e-05, -0.01669049821794033, 1.0, 0.016333334147930145, 4.261057711119065e-06, 0.0, 0.0, -0.9999986290931702, -0.016283666715025902, 0.0, 0.0]","[1.0, 0.0, 0.0, 1.0687994956970215, 0.0, 0.3898947834968567, 0.7063942551612854, 0.16378097236156464]",-14.65757260650187
11.500000000000028,166.03648376464844,0.6989871859550476,13.29203987121582,0.160858154296875,0.69140625,"[0.5652168989181519, 1.0, 0.5919767022132874, 0.8993042707443237]","[0.0, 0.0, 4.261057711119065e-06, 4.966666892869398e-05, -0.01669049821794033, 1.0, 0.016333334147930145, 4.261057711119065e-06, 0.0, 0.0, -0.9999986290931702, -0.016283666715025902, 0.0, 0.0]","[1.0, 0.0, 0.0, 1.0687994956970215, 0.0, 0.3898947834968567, 0.7063942551612854, 0.16378097236156464]",-14.837531101343243
11.55000000000003,166.69398498535156,0.6031377911567688,13.360289573669434,0.12152099609375,0.70703125,"[0.5607379674911499, 1.0, 0.6085129976272583, 0.8805245161056519]","[0.0, 0.0, 4.261057711119065e-06, 4.966666892869398e-05, -0.01669049821794033, 1.0, 0.016333334147930145, 4.261057711119065e-06, 0.0, 0.0, -0.9999986290931702, -0.016283666715025902, 0.0, 0.0]","[1.0, 0.0, 0.0, 1.0687994956970215, 0.0, 0.3898947834968567, 0.7063942551612854, 0.16378097236156464]",-15.040573430941627
11.60000000000003,167.3596649169922,0.5345996618270874,13.453339576721191,0.081268310546875,0.72265625,"[0.5546315908432007, 1.0, 0.5770267844200134, 0.8639175891876221]","[0.0, 0.0, 4.261057711119065e-06, 4.966666892869398e-05, -0.01669049821794033, 1.0, 0.016333334147930145, 4.261057711119065e-06, 0.0, 0.0, -0.9999986290931702, -0.016283666715025902, 0.0, 0.0]","[1.0, 0.0, 0.0, 1.0687994956970215, 0.0, 0.3898947834968567, 0.7063942551612854, 0.16378097236156464]",-15.27201552241506
11.65000000000003,168.03306579589844,0.4888305068016052,13.564009666442871,0.048675537109375,0.74609375,"[0.5473689436912537, 1.0, 0.497830331325531, 0.8701004981994629]","[0.0, 0.0, 4.261057711119065e-06, 4.966666892869398e-05, -0.01669049821794033, 1.0, 0.016333334147930145, 4.261057711119065e-06, 0.0, 0.0, -0.9999986290931702, -0.016283666715025902, 0.0, 0.0]","[1.0, 0.0, 0.0, 1.0687994956970215, 0.0, 0.3898947834968567, 0.7063942551612854, 0.16378097236156464]",-15.26381649698649
11.700000000000031,168.71383666992188,0.4620484709739685,13.686929702758789,0.029327392578125,0.7578125,"[0.539302408695221, 1.0, 0.43727603554725647, 0.8948511481285095]","[0.0, 0.0, 4.261057711119065e-06, 4.966666892869398e-05, -0.01669049821794033, 1.0, 0.016333334147930145, 4.261057711119065e-06, 0.0, 0.0, -0.9999986290931702, -0.016283666715025902, 0.0, 0.0]","[1.0, 0.0, 0.0, 1.0687994956970215, 0.0, 0.3898947834968567, 0.7063942551612854, 0.16378097236156464]",-15.590015006382142
11.750000000000032,169.4018096923828,0.45069319009780884,13.819999694824219,0.01666259765625,0.76953125,"[0.5305697917938232, 1.0, 0.3771344721317291, 0.9024413824081421]","[0.0, 0.0, 4.261057711119065e-06, 4.966666892869398e-05, -0.01669049821794033, 1.0, 0.016333334147930145, 4.261057711119065e-06, 0.0, 0.0, -0.9999986290931702, -0.016283666715025902, 0.0, 0.0]","[1.0, 0.0, 0.0, 1.0687994956970215, 0.0, 0.3898947834968567, 0.7063942551612854, 0.16378097236156464]",-15.960737215307379
11.800000000000033,170.0970458984375,0.4508788287639618,13.962160110473633,0.003875732421875,0.78125,"[0.5212405920028687, 0.9915000200271606, 0.30209141969680786, 0.8965063691139221]","[0.0, 0.0, 4.261057711119065e-06, 4.966666892869398e-05, -0.01669049821794033, 1.0, 0.016333334147930145, 4.261057711119065e-06, 0.0, 0.0, -0.9999986290931702, -0.016283666715025902, 0.0, 0.0]","[1.0, 0.0, 0.0, 1.0687994956970215, 0.0, 0.3898947834968567, 0.7063942551612854, 0.16378097236156464]",-16.395946499674274
11.850000000000033,170.79974365234375,0.45905715227127075,14.111650466918945,-0.0059814453125,0.79296875,"[0.5114303231239319, 0.9524999856948853, 0.2393692284822464, 0.90827876329422]","[0.0, 0.0, 4.261057711119065e-06, 4.966666892869398e-05, -0.01669049821794033, 1.0, 0.016333334147930145, 4.261057711119065e-06, 0.0, 0.0, -0.9999986290931702, -0.016283666715025902, 0.0, 0.0]","[1.0, 0.0, 0.0, 1.0687994956970215, 0.0, 0.3898947834968567, 0.7063942551612854, 0.16378097236156464]",-16.82491416835552
11.900000000000034,171.51010131835938,0.4726085662841797,14.267189979553223,-0.01031494140625,0.80078125,"[0.5012231469154358, 0.9283999800682068, 0.1982039511203766, 0.9298331141471863]","[0.0, 0.0, 4.261057711119065e-06, 4.966666892869398e-05, -0.01669049821794033, 1.0, 0.016333334147930145, 4.261057711119065e-06, 0.0, 0.0, -0.9999986290931702, -0.016283666715025902, 0.0, 0.0]","[1.0, 0.0, 0.0, 1.0687994956970215, 0.0, 0.3898947834968567, 0.7063942551612854, 0.16378097236156464]",-17.476721687367952
11.950000000000035,172.22833251953125,0.4894968271255493,14.42825984954834,-0.012542724609375,0.8125,"[0.49065303802490234, 0.8841999769210815, 0.1741129606962204, 0.9394184947013855]","[0.0, 0.0, 4.261057711119065e-06, 4.966666892869398e-05, -0.01669049821794033, 1.0, 0.016333334147930145, 4.261057711119065e-06, 0.0, 0.0, -0.9999986290931702, -0.016283666715025902, 0.0, 0.0]","[1.0, 0.0, 0.0, 1.0687994956970215, 0.0, 0.3898947834968567, 0.7063942551612854, 0.16378097236156464]",-18.184190554810826
12.000000000000036,172.9547576904297,0.5081911087036133,14.594679832458496,-0.012786865234375,0.8203125,"[0.4797317385673523, 0.8568999767303467, 0.1594610959291458, 0.9501736164093018]","[0.0, 0.0, 4.261057711119065e-06, 4.966666892869398e-05, -0.01669049821794033, 1.0, 0.016333334147930145, 4.261057711119065e-06, 0.0, 0.0, -0.9999986290931702, -0.016283666715025902, 0.0, 0.0]","[1.0, 0.0, 0.0, 1.0687994956970215, 0.0, 0.3898947834968567, 0.7063942551612854, 0.16378097236156464]",-18.932882568226475
12.050000000000036,173.68960571289062,0.5275589227676392,14.766050338745117,-0.01239013671875,0.828125,"[0.46848565340042114, 0.8288999795913696, 0.16646504402160645, 0.9564797282218933]","[0.0, 0.0, 4.261057711119065e-06, 4.966666892869398e-05, -0.01669049821794033, 1.0, 0.016333334147930145, 4.261057711119065e-06, 0.0, 0.0, -0.9999986290931702, -0.016283666715025902, 0.0, 0.0]","[1.0, 0.0, 0.0, 1.0687994956970215, 0.0, 0.3898947834968567, 0.7063942551612854, 0.16378097236156464]",-19.844365540414735
12.100000000000037,174.4331817626953,0.5467497110366821,14.941869735717773,-0.011932373046875,0.83203125,"[0.45694756507873535, 0.8191999793052673, 0.1827666014432907, 0.9609408974647522]","[0.0, 0.0, 4.261057711119065e-06, 4.966666892869398e-05, -0.01669049821794033, 1.0, 0.016333334147930145, 4.261057711119065e-06, 0.0, 0.0, -0.9999986290931702, -0.016283666715025902, 0.0, 0.0]","[1.0, 0.0, 0.0, 1.0687994956970215, 0.0, 0.3898947834968567, 0.7063942551612854, 0.16378097236156464]",-20.718760371762517
12.150000000000038,175.18487548828125,0.5651502013206482,15.052300453186035,-0.011322021484375,0.8359375,"[0.4497007131576538, 0.8112000226974487, 0.13288791477680206, 0.9069952964782715]","[0.0, 0.0, 4.261057711119065e-06, 4.966666892869398e-05, -0.01669049821794033, 1.0, 0.016333334147930145, 4.261057711119065e-06, 0.0, 0.0, -0.9999986290931702, -0.016283666715025902, 0.0, 0.0]","[1.0, 0.0, 0.0, 1.0687994956970215, 0.0, 0.3898947834968567, 0.7063942551612854, 0.16378097236156464]",-21.631660285275526
12.200000000000038,175.93777465820312,0.5822125673294067,15.069899559020996,-0.010498046875,0.83984375,"[0.44854575395584106, 0.7986999750137329, 0.05582505464553833, 0.8874017000198364]","[0.0, 0.0, 4.261057711119065e-06, 4.966666892869398e-05, -0.01669049821794033, 1.0, 0.016333334147930145, 4.261057711119065e-06, 0.0, 0.0, -0.9999986290931702, -0.016283666715025902, 0.0, 0.0]","[1.0, 0.0, 0.0, 1.0687994956970215, 0.0, 0.3898947834968567, 0.7063942551612854, 0.16378097236156464]",-22.570985381302652
12.250000000000039,176.68997192382812,0.5976184606552124,15.04738998413086,-0.010101318359375,0.83984375,"[0.4500228762626648, 0.7971000075340271, 0.055906716734170914, 0.9490395188331604]","[0.0, 0.0, 4.261057711119065e-06, 4.966666892869398e-05, -0.01669049821794033, 1.0, 0.016333334147930145, 4.261057711119065e-06, 0.0, 0.0, -0.9999986290931702, -0.016283666715025902, 0.0, 0.0]","[1.0, 0.0, 0.0, 1.0687994956970215, 0.0, 0.3898947834968567, 0.7063942551612854, 0.16378097236156464]",-23.751910913585704
12.30000000000004,177.45159912109375,0.6114611625671387,15.335160255432129,-0.00958251953125,0.84375,"[0.43113821744918823, 0.7731000185012817, 0.24159833788871765, 0.6156139969825745]","[0.0, 0.0, 4.261057711119065e-06, 4.966666892869398e-05, -0.01669049821794033, 1.0, 0.016333334147930145, 4.261057711119065e-06, 0.0, 0.0, -0.9999986290931702, -0.016283666715025902, 0.0, 0.0]","[1.0, 0.0, 0.0, 1.0687994956970215, 0.0, 0.3898947834968567, 0.7063942551612854, 0.16378097236156464]",-24.719031603507005
12.35000000000004,178.2254638671875,0.623702883720398,15.561409950256348,-0.0087890625,0.84765625,"[0.41629064083099365, 0.7696999907493591, 0.24169538915157318, 0.8959301710128784]","[0.0, 0.0, 4.261057711119065e-06, 4.966666892869398e-05, -0.01669049821794033, 1.0, 0.016333334147930145, 4.261057711119065e-06, 0.0, 0.0, -0.9999986290931702, -0.016283666715025902, 0.0, 0.0]","[1.0, 0.0, 0.0, 1.0687994956970215, 0.0, 0.3898947834968567, 0.7063942551612854, 0.16378097236156464]",-25.695384499710016
12.400000000000041,179.00990295410156,0.6342672109603882,15.762479782104492,-0.008148193359375,0.84765625,"[0.4030954837799072, 0.7815999984741211, 0.21858109533786774, 0.942268967628479]","[0.0, 0.0, 4.261057711119065e-06, 4.966666892869398e-05, -0.01669049821794033, 1.0, 0.016333334147930145, 4.261057711119065e-06, 0.0, 0.0, -0.9999986290931702, -0.016283666715025902, 0.0, 0.0]","[1.0, 0.0, 0.0, 1.0687994956970215, 0.0, 0.3898947834968567, 0.7063942551612854, 0.16378097236156464]",-26.674466858969257
12.450000000000042,179.80377197265625,0.6431628465652466,15.946940422058105,-0.007293701171875,0.8515625,"[0.3909904360771179, 0.7717999815940857, 0.20164000988006592, 0.9545097947120667]","[0.0, 0.0, 4.261057711119065e-06, 4.966666892869398e-05, -0.01669049821794033, 1.0, 0.016333334147930145, 4.261057711119065e-06, 0.0, 0.0, -0.9999986290931702, -0.016283666715025902, 0.0, 0.0]","[1.0, 0.0, 0.0, 1.0687994956970215, 0.0, 0.3898947834968567, 0.7063942551612854, 0.16378097236156464]",-27.830824344794657
12.500000000000043,180.60647583007812,0.6504305005073547,16.120609283447266,-0.006591796875,0.8515625,"[0.3795934319496155, 0.7810999751091003, 0.18993011116981506, 0.9628515839576721]","[0.0, 0.0, 4.261057711119065e-06, 4.966666892869398e-05, -0.01669049821794033, 1.0, 0.016333334147930145, 4.261057711119065e-06, 0.0, 0.0, -0.9999986290931702, -0.016283666715025902, 0.0, 0.0]","[1.0, 0.0, 0.0, 1.0687994956970215, 0.0, 0.3898947834968567, 0.7063942551612854, 0.16378097236156464]",-28.811399370469914
12.550000000000043,181.41758728027344,0.6561048030853271,16.287349700927734,-0.00616455078125,0.85546875,"[0.3686511516571045, 0.7688999772071838, 0.18211691081523895, 0.9684919714927673]","[0.0, 0.0, 4.261057711119065e-06, 4.966666892869398e-05, -0.01669049821794033, 1.0, 0.016333334147930145, 4.261057711119065e-06, 0.0, 0.0, -0.9999986290931702, -0.016283666715025902, 0.0, 0.0]","[1.0, 0.0, 0.0, 1.0687994956970215, 0.0, 0.3898947834968567, 0.7063942551612854, 0.16378097236156464]",-29.823113622380415
12.600000000000044,182.23684692382812,0.6602104306221008,16.44978904724121,-0.0059814453125,0.85546875,"[0.35799121856689453, 0.7770000100135803, 0.17707602679729462, 0.9723343849182129]","[0.0, 0.0, 4.261057711119065e-06, 4.966666892869398e-05, -0.01669049821794033, 1.0, 0.016333334147930145, 4.261057711119065e-06, 0.0, 0.0, -0.9999986290931702, -0.016283666715025902, 0.0, 0.0]","[1.0, 0.0, 0.0, 1.0687994956970215, 0.0, 0.3898947834968567, 0.7063942551612854, 0.16378097236156464]",-30.88810076830986
12.650000000000045,183.0641326904297,0.6627689003944397,16.60964012145996,-0.00592041015625,0.859375,"[0.3475010395050049, 0.7634999752044678, 0.17379692196846008, 0.9748428463935852]","[0.0, 0.0, 4.261057711119065e-06, 4.966666892869398e-05, -0.01669049821794033, 1.0, 0.016333334147930145, 4.261057711119065e-06, 0.0, 0.0, -0.9999986290931702, -0.016283666715025902, 0.0, 0.0]","[1.0, 0.0, 0.0, 1.0687994956970215, 0.0, 0.3898947834968567, 0.7063942551612854, 0.16378097236156464]",-32.267430155218754
12.700000000000045,183.8993682861328,0.6637976765632629,16.768110275268555,-0.00592041015625,0.859375,"[0.3371015191078186, 0.7709000110626221, 0.1717885583639145, 0.9765249490737915]","[0.0, 0.0, 4.261057711119065e-06, 4.966666892869398e-05, -0.01669049821794033, 1.0, 0.016333334147930145, 4.261057711119065e-06, 0.0, 0.0, -0.9999986290931702, -0.016283666715025902, 0.0, 0.0]","[1.0, 0.0, 0.0, 1.0687994956970215, 0.0, 0.3898947834968567, 0.7063942551612854, 0.16378097236156464]",-33.37917967095498
12.750000000000046,184.74249267578125,0.6633223295211792,16.92572021484375,-0.00579833984375,0.859375,"[0.3267584443092346, 0.7781999707221985, 0.1699991077184677, 0.9770721197128296]","[0.0, 0.0, 4.261057711119065e-06, 4.966666892869398e-05, -0.01669049821794033, 1.0, 0.016333334147930145, 4.261057711119065e-06, 0.0, 0.0, -0.9999986290931702, -0.016283666715025902, 0.0, 0.0]","[1.0, 0.0, 0.0, 1.0687994956970215, 0.0, 0.3898947834968567, 0.7063942551612854, 0.16378097236156464]",-34.49401737773762
12.800000000000047,185.5934600830078,0.661357581615448,17.082809448242188,-0.0057373046875,0.859375,"[0.31644952297210693, 0.7854999899864197, 0.1689208745956421, 0.9777550101280212]","[0.0, 0.0, 4.261057711119065e-06, 4.966666892869398e-05, -0.01669049821794033, 1.0, 0.016333334147930145, 4.261057711119065e-06, 0.0, 0.0, -0.9999986290931702, -0.016283666715025902, 0.0, 0.0]","[1.0, 0.0, 0.0, 1.0687994956970215, 0.0, 0.3898947834968567, 0.7063942551612854, 0.16378097236156464]",-35.612739940672256
12.850000000000048,186.45228576660156,0.6579214334487915,17.239620208740234,-0.00555419921875,0.859375,"[0.3061589002609253, 0.7928000092506409, 0.16780658066272736, 0.9777981638908386]","[0.0, 0.0, 4.261057711119065e-06, 4.966666892869398e-05, -0.01669049821794033, 1.0, 0.016333334147930145, 4.261057711119065e-06, 0.0, 0.0, -0.9999986290931702, -0.016283666715025902, 0.0, 0.0]","[1.0, 0.0, 0.0, 1.0687994956970215, 0.0, 0.3898947834968567, 0.7063942551612854, 0.16378097236156464]",-37.014695988934115
12.900000000000048,187.31895446777344,0.6530334949493408,17.396310806274414,-0.005340576171875,0.859375,"[0.295876145362854, 0.800000011920929, 0.1668870449066162, 0.977959394454956]","[0.0, 0.0, 4.261057711119065e-06, 4.966666892869398e-05, -0.01669049821794033, 1.0, 0.016333334147930145, 4.261057711119065e-06, 0.0, 0.0, -0.9999986290931702, -0.016283666715025902, 0.0, 0.0]","[1.0, 0.0, 0.0, 1.0687994956970215, 0.0, 0.3898947834968567, 0.7063942551612854, 0.16378097236156464]",-38.16760991504303
12.950000000000049,188.19345092773438,0.646722674369812,17.552989959716797,-0.0050048828125,0.859375,"[0.28559422492980957, 0.807200014591217, 0.16575515270233154, 0.9776785969734192]","[0.0, 0.0, 4.261057711119065e-06, 4.966666892869398e-05, -0.01669049821794033, 1.0, 0.016333334147930145, 4.261057711119065e-06, 0.0, 0.0, -0.9999986290931702, -0.016283666715025902, 0.0, 0.0]","[1.0, 0.0, 0.0, 1.0687994956970215, 0.0, 0.3898947834968567, 0.7063942551612854, 0.16378097236156464]",-39.34254883992295
13.00000000000005,189.07577514648438,0.6390135288238525,17.709739685058594,-0.004730224609375,0.859375,"[0.2753075957298279, 0.8144000172615051, 0.1649283468723297, 0.9779051542282104]","[0.0, 0.0, 4.261057711119065e-06, 4.966666892869398e-05, -0.01669049821794033, 1.0, 0.016333334147930145, 4.261057711119065e-06, 0.0, 0.0, -0.9999986290931702, -0.016283666715025902, 0.0, 0.0]","[1.0, 0.0, 0.0, 1.0687994956970215, 0.0, 0.3898947834968567, 0.7063942551612854, 0.16378097236156464]",-40.532559312226425
13.05000000000005,189.9658966064453,0.6299371719360352,17.866849899291992,-0.00439453125,0.86328125,"[0.26499730348587036, 0.798799991607666, 0.16412746906280518, 0.9774478673934937]","[0.0, 0.0, 4.261057711119065e-06, 4.966666892869398e-05, -0.01669049821794033, 1.0, 0.016333334147930145, 4.261057711119065e-06, 0.0, 0.0, -0.9999986290931702, -0.016283666715025902, 0.0, 0.0]","[1.0, 0.0, 0.0, 1.0687994956970215, 0.0, 0.3898947834968567, 0.7063942551612854, 0.16378097236156464]",-42.05039178418939
13.100000000000051,190.86390686035156,0.6195372939109802,18.02458953857422,-0.003997802734375,0.86328125,"[0.2546457052230835, 0.8058000206947327, 0.16331779956817627, 0.9769619703292847]","[0.0, 0.0, 4.261057711119065e-06, 4.966666892869398e-05, -0.01669049821794033, 1.0, 0.016333334147930145, 4.261057711119065e-06, 0.0, 0.0, -0.9999986290931702, -0.016283666715025902, 0.0, 0.0]","[1.0, 0.0, 0.0, 1.0687994956970215, 0.0, 0.3898947834968567, 0.7063942551612854, 0.16378097236156464]",-43.268084976784074
13.150000000000052,191.76980590820312,0.6078664064407349,18.183330535888672,-0.003570556640625,0.87109375,"[0.24422842264175415, 0.7663999795913696, 0.16269363462924957, 0.9763790965080261]","[0.0, 0.0, 4.261057711119065e-06, 4.966666892869398e-05, -0.01669049821794033, 1.0, 0.016333334147930145, 4.261057711119065e-06, 0.0, 0.0, -0.9999986290931702, -0.016283666715025902, 0.0, 0.0]","[1.0, 0.0, 0.0, 1.0687994956970215, 0.0, 0.3898947834968567, 0.7063942551612854, 0.16378097236156464]",-44.498136538361706
13.200000000000053,192.68368530273438,0.5949987173080444,18.344730377197266,-0.00299072265625,0.890625,"[0.23363667726516724, 0.6559000015258789, 0.1629507690668106, 0.9739938974380493]","[0.0, 0.0, 4.261057711119065e-06, 4.966666892869398e-05, -0.01669049821794033, 1.0, 0.016333334147930145, 4.261057711119065e-06, 0.0, 0.0, -0.9999986290931702, -0.016283666715025902, 0.0, 0.0]","[1.0, 0.0, 0.0, 1.0687994956970215, 0.0, 0.3898947834968567, 0.7063942551612854, 0.16378097236156464]",-45.74154063502268
13.250000000000053,193.60581970214844,0.5810235142707825,18.512149810791016,-0.002349853515625,0.9296875,"[0.22264981269836426, 0.4253000020980835, 0.16586636006832123, 0.9693396091461182]","[0.0, 0.0, 4.261057711119065e-06, 4.966666892869398e-05, -0.01669049821794033, 1.0, 0.016333334147930145, 4.261057711119065e-06, 0.0, 0.0, -0.9999986290931702, -0.016283666715025902, 0.0, 0.0]","[1.0, 0.0, 0.0, 1.0687994956970215, 0.0, 0.3898947834968567, 0.7063942551612854, 0.16378097236156464]",-47.32765940013968
13.300000000000054,194.5366973876953,0.5660722851753235,18.691280364990234,-0.001373291015625,1.0,"[0.21089452505111694, 0.0, 0.172565296292305, 0.9607301354408264]","[0.0, 0.0, 4.261057711119065e-06, 4.966666892869398e-05, -0.01669049821794033, 1.0, 0.016333334147930145, 4.261057711119065e-06, 0.0, 0.0, -0.9999986290931702, -0.016283666715025902, 0.0, 0.0]","[1.0, 0.0, 0.0, 1.0687994956970215, 0.0, 0.3898947834968567, 0.7063942551612854, 0.16378097236156464]",-48.59461691308735
13.350000000000055,195.4739227294922,0.550380289554596,18.747480392456055,-3.0517578125e-05,1.0,"[0.2072063684463501, 0.0, 0.059845276176929474, 0.8461476564407349]","[0.0, 0.0, 4.261057711119065e-06, 4.966666892869398e-05, -0.01669049821794033, 1.0, 0.016333334147930145, 4.261057711119065e-06, 0.0, 0.0, -0.9999986290931702, -0.016283666715025902, 0.0, 0.0]","[1.0, 0.0, 0.0, 1.0687994956970215, 0.0, 0.3898947834968567, 0.7063942551612854, 0.16378097236156464]",-49.881024244205626
13.400000000000055,196.4105987548828,0.5341345071792603,18.740999221801758,0.00152587890625,1.0,"[0.20763170719146729, 0.0, 0.004365802742540836, 0.9245349168777466]","[0.0, 0.0, 4.261057711119065e-06, 4.966666892869398e-05, -0.01669049821794033, 1.0, 0.016333334147930145, 4.261057711119065e-06, 0.0, 0.0, -0.9999986290931702, -0.016283666715025902, 0.0, 0.0]","[1.0, 0.0, 0.0, 1.0687994956970215, 0.0, 0.3898947834968567, 0.7063942551612854, 0.16378097236156464]",-51.18955453220637
13.450000000000056,197.34878540039062,0.5178120136260986,18.853559494018555,0.00384521484375,1.0,"[0.20024502277374268, 0.0, 0.08278857171535492, 0.8414489030838013]","[0.0, 0.0, 4.261057711119065e-06, 4.966666892869398e-05, -0.01669049821794033, 1.0, 0.016333334147930145, 4.261057711119065e-06, 0.0, 0.0, -0.9999986290931702, -0.016283666715025902, 0.0, 0.0]","[1.0, 0.0, 0.0, 1.0687994956970215, 0.0, 0.3898947834968567, 0.7063942551612854, 0.16378097236156464]",-52.89319405804938
13.500000000000057,198.29864501953125,0.5017538070678711,19.08942985534668,0.00689697265625,1.0,"[0.18476617336273193, 0.0, 0.2226114124059677, 0.8196752667427063]","[0.0, 0.0, 4.261057711119065e-06, 4.966666892869398e-05, -0.01669049821794033, 1.0, 0.016333334147930145, 4.261057711119065e-06, 0.0, 0.0, -0.9999986290931702, -0.016283666715025902, 0.0, 0.0]","[1.0, 0.0, 0.0, 1.0687994956970215, 0.0, 0.3898947834968567, 0.7063942551612854, 0.16378097236156464]",-54.243363280413114
13.550000000000058,199.25950622558594,0.4864794909954071,19.295190811157227,0.010040283203125,1.0,"[0.1712632179260254, 0.0, 0.20822769403457642, 0.9319841861724854]","[0.0, 0.0, 4.261057711119065e-06, 4.966666892869398e-05, -0.01669049821794033, 1.0, 0.016333334147930145, 4.261057711119065e-06, 0.0, 0.0, -0.9999986290931702, -0.016283666715025902, 0.0, 0.0]","[1.0, 0.0, 0.0, 1.0687994956970215, 0.0, 0.3898947834968567, 0.7063942551612854, 0.16378097236156464]",-55.62093668765009
13.600000000000058,200.23004150390625,0.47246891260147095,19.480899810791016,0.01171875,1.0,"[0.15907609462738037, 0.0, 0.19961406290531158, 0.9473384022712708]","[0.0, 0.0, 4.261057711119065e-06, 4.966666892869398e-05, -0.01669049821794033, 1.0, 0.016333334147930145, 4.261057711119065e-06, 0.0, 0.0, -0.9999986290931702, -0.016283666715025902, 0.0, 0.0]","[1.0, 0.0, 0.0, 1.0687994956970215, 0.0, 0.3898947834968567, 0.7063942551612854, 0.16378097236156464]",-57.024469005072
13.650000000000059,201.20933532714844,0.4600731432437897,19.653209686279297,0.011871337890625,1.0,"[0.14776837825775146, 0.0, 0.19364571571350098, 0.9582700133323669]","[0.0, 0.0, 4.261057711119065e-06, 4.966666892869398e-05, -0.01669049821794033, 1.0, 0.016333334147930145, 4.261057711119065e-06, 0.0, 0.0, -0.9999986290931702, -0.016283666715025902, 0.0, 0.0]","[1.0, 0.0, 0.0, 1.0687994956970215, 0.0, 0.3898947834968567, 0.7063942551612854, 0.16378097236156464]",-58.94093688981623
13.70000000000006,202.1969757080078,0.44956889748573303,19.816570281982422,0.011138916015625,1.0,"[0.13704794645309448, 0.0, 0.18968833982944489, 0.9655616879463196]","[0.0, 0.0, 4.261057711119065e-06, 4.966666892869398e-05, -0.01669049821794033, 1.0, 0.016333334147930145, 4.261057711119065e-06, 0.0, 0.0, -0.9999986290931702, -0.016283666715025902, 0.0, 0.0]","[1.0, 0.0, 0.0, 1.0687994956970215, 0.0, 0.3898947834968567, 0.7063942551612854, 0.16378097236156464]",-60.43810006662807
13.75000000000006,203.19252014160156,0.4411671459674835,19.973960876464844,0.0098876953125,1.0,"[0.12671923637390137, 0.0, 0.18659736216068268, 0.9707460999488831]","[0.0, 0.0, 4.261057711119065e-06, 4.966666892869398e-05, -0.01669049821794033, 1.0, 0.016333334147930145, 4.261057711119065e-06, 0.0, 0.0, -0.9999986290931702, -0.016283666715025902, 0.0, 0.0]","[1.0, 0.0, 0.0, 1.0687994956970215, 0.0, 0.3898947834968567, 0.7063942551612854, 0.16378097236156464]",-61.94552189571195
13.800000000000061,204.19581604003906,0.43499550223350525,20.12742042541504,0.008331298828125,1.0,"[0.11664855480194092, 0.0, 0.1834312081336975, 0.9736219644546509]","[0.0, 0.0, 4.261057711119065e-06, 4.966666892869398e-05, -0.01669049821794033, 1.0, 0.016333334147930145, 4.261057711119065e-06, 0.0, 0.0, -0.9999986290931702, -0.016283666715025902, 0.0, 0.0]","[1.0, 0.0, 0.0, 1.0687994956970215, 0.0, 0.3898947834968567, 0.7063942551612854, 0.16378097236156464]",-63.45457733825603
13.850000000000062,205.20669555664062,0.431118905544281,20.278270721435547,0.00689697265625,1.0,"[0.10674911737442017, 0.0, 0.18050198256969452, 0.9754248261451721]","[0.0, 0.0, 4.261057711119065e-06, 4.966666892869398e-05, -0.01669049821794033, 1.0, 0.016333334147930145, 4.261057711119065e-06, 0.0, 0.0, -0.9999986290931702, -0.016283666715025902, 0.0, 0.0]","[1.0, 0.0, 0.0, 1.0687994956970215, 0.0, 0.3898947834968567, 0.7063942551612854, 0.16378097236156464]",-65.47104142343683
13.900000000000063,206.22506713867188,0.4295732080936432,20.427440643310547,0.00592041015625,1.0,"[0.09695988893508911, 0.0, 0.1782747358083725, 0.9767041206359863]","[0.0, 0.0, 4.261057711119065e-06, 4.966666892869398e-05, -0.01669049821794033, 1.0, 0.016333334147930145, 4.261057711119065e-06, 0.0, 0.0, -0.9999986290931702, -0.016283666715025902, 0.0, 0.0]","[1.0, 0.0, 0.0, 1.0687994956970215, 0.0, 0.3898947834968567, 0.7063942551612854, 0.16378097236156464]",-67.00173469947563
13.950000000000063,207.2508544921875,0.4303588271141052,20.575529098510742,0.005279541015625,1.0,"[0.08724159002304077, 0.0, 0.17617890238761902, 0.9776948690414429]","[0.0, 0.0, 4.261057711119065e-06, 4.966666892869398e-05, -0.01669049821794033, 1.0, 0.016333334147930145, 4.261057711119065e-06, 0.0, 0.0, -0.9999986290931702, -0.016283666715025902, 0.0, 0.0]","[1.0, 0.0, 0.0, 1.0687994956970215, 0.0, 0.3898947834968567, 0.7063942551612854, 0.16378097236156464]",-68.5874072605396
14.000000000000064,208.2840118408203,0.4334145188331604,20.722980499267578,0.004638671875,1.0,"[0.0775652527809143, 0.0, 0.17334461212158203, 0.9774757623672485]","[0.0, 0.0, 4.261057711119065e-06, 4.966666892869398e-05, -0.01669049821794033, 1.0, 0.016333334147930145, 4.261057711119065e-06, 0.0, 0.0, -0.9999986290931702, -0.016283666715025902, 0.0, 0.0]","[1.0, 0.0, 0.0, 1.0687994956970215, 0.0, 0.3898947834968567, 0.7063942551612854, 0.16378097236156464]",-70.22622243041678
14.050000000000065,209.32452392578125,0.43865764141082764,20.87005043029785,0.004241943359375,1.0,"[0.06791383028030396, 0.0, 0.17085230350494385, 0.9777856469154358]","[0.0, 0.0, 4.261057711119065e-06, 4.966666892869398e-05, -0.01669049821794033, 1.0, 0.016333334147930145, 4.261057711119065e-06, 0.0, 0.0, -0.9999986290931702, -0.016283666715025902, 0.0, 0.0]","[1.0, 0.0, 0.0, 1.0687994956970215, 0.0, 0.3898947834968567, 0.7063942551612854, 0.16378097236156464]",-72.4980152497788
14.100000000000065,210.3723602294922,0.4459509551525116,21.016969680786133,0.0035400390625,1.0,"[0.05827230215072632, 0.0, 0.16708482801914215, 0.9763737916946411]","[0.0, 0.0, 4.261057711119065e-06, 4.966666892869398e-05, -0.01669049821794033, 1.0, 0.016333334147930145, 4.261057711119065e-06, 0.0, 0.0, -0.9999986290931702, -0.016283666715025902, 0.0, 0.0]","[1.0, 0.0, 0.0, 1.0687994956970215, 0.0, 0.3898947834968567, 0.7063942551612854, 0.16378097236156464]",-74.23108635272962
14.150000000000066,211.42752075195312,0.45513343811035156,21.163850784301758,0.00286865234375,1.0,"[0.04863333702087402, 0.0, 0.16334547102451324, 0.9763068556785583]","[0.0, 0.0, 4.261057711119065e-06, 4.966666892869398e-05, -0.01669049821794033, 1.0, 0.016333334147930145, 4.261057711119065e-06, 0.0, 0.0, -0.9999986290931702, -0.016283666715025902, 0.0, 0.0]","[1.0, 0.0, 0.0, 1.0687994956970215, 0.0, 0.3898947834968567, 0.7063942551612854, 0.16378097236156464]",-75.93890936656615
14.200000000000067,212.489990234375,0.46598222851753235,21.310779571533203,0.001708984375,1.0,"[0.03899127244949341, 0.0, 0.1579006463289261, 0.974414050579071]","[0.0, 0.0, 4.261057711119065e-06, 4.966666892869398e-05, -0.01669049821794033, 1.0, 0.016333334147930145, 4.261057711119065e-06, 0.0, 0.0, -0.9999986290931702, -0.016283666715025902, 0.0, 0.0]","[1.0, 0.0, 0.0, 1.0687994956970215, 0.0, 0.3898947834968567, 0.7063942551612854, 0.16378097236156464]",-77.40503163587678
14.250000000000068,213.5598602294922,0.4782809317111969,21.457799911499023,0.0008544921875,1.0,"[0.029343068599700928, 0.0, 0.15332263708114624, 0.9752235412597656]","[0.0, 0.0, 4.261057711119065e-06, 4.966666892869398e-05, -0.01669049821794033, 1.0, 0.016333334147930145, 4.261057711119065e-06, 0.0, 0.0, -0.9999986290931702, -0.016283666715025902, 0.0, 0.0]","[1.0, 0.0, 0.0, 1.0687994956970215, 0.0, 0.3898947834968567, 0.7063942551612854, 0.16378097236156464]",-79.00365740760428
14.300000000000068,214.63710021972656,0.49184152483940125,21.60495948791504,0.00030517578125,1.0,"[0.019685804843902588, 0.0, 0.14936746656894684, 0.975784420967102]","[0.0, 0.0, 4.261057711119065e-06, 4.966666892869398e-05, -0.01669049821794033, 1.0, 0.016333334147930145, 4.261057711119065e-06, 0.0, 0.0, -0.9999986290931702, -0.016283666715025902, 0.0, 0.0]","[1.0, 0.0, 0.0, 1.0687994956970215, 0.0, 0.3898947834968567, 0.7063942551612854, 0.16378097236156464]",-80.36224373790947
14.350000000000069,215.7216796875,0.5065191388130188,21.752239227294922,0.000274658203125,1.0,"[0.010020613670349121, 0.0, 0.14679253101348877, 0.9771685004234314]","[0.0, 0.0, 4.261057711119065e-06, 4.966666892869398e-05, -0.01669049821794033, 1.0, 0.016333334147930145, 4.261057711119065e-06, 0.0, 0.0, -0.9999986290931702, -0.016283666715025902, 0.0, 0.0]","[1.0, 0.0, 0.0, 1.0687994956970215, 0.0, 0.3898947834968567, 0.7063942551612854, 0.16378097236156464]",-81.76393067516517
14.40000000000007,216.81356811523438,0.5221737027168274,21.899690628051758,0.000274658203125,1.0,"[0.00034427642822265625, 0.0, 0.14420396089553833, 0.9770900011062622]","[0.0, 0.0, 4.261057711119065e-06, 4.966666892869398e-05, -0.01669049821794033, 1.0, 0.016333334147930145, 4.261057711119065e-06, 0.0, 0.0, -0.9999986290931702, -0.016283666715025902, 0.0, 0.0]","[1.0, 0.0, 0.0, 1.0687994956970215, 0.0, 0.3898947834968567, 0.7063942551612854, 0.16378097236156464]",-83.1845237893565
14.45000000000007,217.91287231445312,0.5386661291122437,22.047300338745117,0.000274658203125,1.0,"[0.0, 0.0, 0.141836479306221, 0.9772719740867615]","[0.0, 0.0, 4.261057711119065e-06, 4.966666892869398e-05, -0.01669049821794033, 1.0, 0.016333334147930145, 4.261057711119065e-06, 0.0, 0.0, -0.9999986290931702, -0.016283666715025902, 0.0, 0.0]","[1.0, 0.0, 0.0, 1.0687994956970215, 0.0, 0.3898947834968567, 0.7063942551612854, 0.16378097236156464]",-84.964096549755
14.500000000000071,219.01950073242188,0.5558733344078064,22.195079803466797,0.000274658203125,1.0,"[0.0, 0.0, 0.13982021808624268, 0.9775881767272949]","[0.0, 0.0, 4.261057711119065e-06, 4.966666892869398e-05, -0.01669049821794033, 1.0, 0.016333334147930145, 4.261057711119065e-06, 0.0, 0.0, -0.9999986290931702, -0.016283666715025902, 0.0, 0.0]","[1.0, 0.0, 0.0, 1.0687994956970215, 0.0, 0.3898947834968567, 0.7063942551612854, 0.16378097236156464]",-86.39636485266044
14.550000000000072,220.13357543945312,0.573675274848938,22.343040466308594,0.0001220703125,1.0,"[0.0, 0.0, 0.1376817524433136, 0.9774194359779358]","[0.0, 0.0, 4.261057711119065e-06, 4.966666892869398e-05, -0.01669049821794033, 1.0, 0.016333334147930145, 4.261057711119065e-06, 0.0, 0.0, -0.9999986290931702, -0.016283666715025902, 0.0, 0.0]","[1.0, 0.0, 0.0, 1.0687994956970215, 0.0, 0.3898947834968567, 0.7063942551612854, 0.16378097236156464]",-87.81799998342001
14.600000000000072,221.25502014160156,0.5919457674026489,22.491180419921875,-0.000213623046875,1.0,"[0.0, 0.0, 0.1353076994419098, 0.97712641954422]","[0.0, 0.0, 4.261057711119065e-06, 4.966666892869398e-05, -0.01669049821794033, 1.0, 0.016333334147930145, 4.261057711119065e-06, 0.0, 0.0, -0.9999986290931702, -0.016283666715025902, 0.0, 0.0]","[1.0, 0.0, 0.0, 1.0687994956970215, 0.0, 0.3898947834968567, 0.7063942551612854, 0.16378097236156464]",-89.23594461324889
14.650000000000073,222.3838653564453,0.6105684041976929,22.63949966430664,-0.00054931640625,1.0,"[0.0, 0.0, 0.13330812752246857, 0.9773327112197876]","[0.0, 0.0, 4.261057711119065e-06, 4.966666892869398e-05, -0.01669049821794033, 1.0, 0.016333334147930145, 4.261057711119065e-06, 0.0, 0.0, -0.9999986290931702, -0.016283666715025902, 0.0, 0.0]","[1.0, 0.0, 0.0, 1.0687994956970215, 0.0, 0.3898947834968567, 0.7063942551612854, 0.16378097236156464]",-90.96638114512238
14.700000000000074,223.52015686035156,0.6294675469398499,22.788000106811523,-0.000579833984375,1.0,"[0.0, 0.0, 0.13255076110363007, 0.9784004092216492]","[0.0, 0.0, 4.261057711119065e-06, 4.966666892869398e-05, -0.01669049821794033, 1.0, 0.016333334147930145, 4.261057711119065e-06, 0.0, 0.0, -0.9999986290931702, -0.016283666715025902, 0.0, 0.0]","[1.0, 0.0, 0.0, 1.0687994956970215, 0.0, 0.3898947834968567, 0.7063942551612854, 0.16378097236156464]",-92.41190760362116
14.750000000000075,224.66384887695312,0.64858078956604,22.93667984008789,-0.000579833984375,1.0,"[0.0, 0.0, 0.13177889585494995, 0.9784585237503052]","[0.0, 0.0, 4.261057711119065e-06, 4.966666892869398e-05, -0.01669049821794033, 1.0, 0.016333334147930145, 4.261057711119065e-06, 0.0, 0.0, -0.9999986290931702, -0.016283666715025902, 0.0, 0.0]","[1.0, 0.0, 0.0, 1.0687994956970215, 0.0, 0.3898947834968567, 0.7063942551612854, 0.16378097236156464]",-93.87050090478702
14.800000000000075,225.81497192382812,0.6678495407104492,23.085540771484375,-0.00054931640625,1.0,"[0.0, 0.0, 0.1314241588115692, 0.9786313772201538]","[0.0, 0.0, 4.261057711119065e-06, 4.966666892869398e-05, -0.01669049821794033, 1.0, 0.016333334147930145, 4.261057711119065e-06, 0.0, 0.0, -0.9999986290931702, -0.016283666715025902, 0.0, 0.0]","[1.0, 0.0, 0.0, 1.0687994956970215, 0.0, 0.3898947834968567, 0.7063942551612854, 0.16378097236156464]",-95.3349794660517
14.850000000000076,226.9735565185547,0.6872197389602661,23.23457908630371,-0.00054931640625,1.0,"[0.0, 0.0, 0.1324918568134308, 0.9786507487297058]","[0.0, 0.0, 4.261057711119065e-06, 4.966666892869398e-05, -0.01669049821794033, 1.0, 0.016333334147930145, 4.261057711119065e-06, 0.0, 0.0, -0.9999986290931702, -0.016283666715025902, 0.0, 0.0]","[1.0, 0.0, 0.0, 1.0687994956970215, 0.0, 0.3898947834968567, 0.7063942551612854, 0.16378097236156464]",-97.13901556153564
14.900000000000077,228.13961791992188,0.7066410183906555,23.383800506591797,-0.000579833984375,1.0,"[0.0, 0.0, 0.1334918588399887, 0.9786903262138367]","[0.0, 0.0, 4.261057711119065e-06, 4.966666892869398e-05, -0.01669049821794033, 1.0, 0.016333334147930145, 4.261057711119065e-06, 0.0, 0.0, -0.9999986290931702, -0.016283666715025902, 0.0, 0.0]","[1.0, 0.0, 0.0, 1.0687994956970215, 0.0, 0.3898947834968567, 0.7063942551612854, 0.16378097236156464]",-98.63513389330124
14.950000000000077,229.31312561035156,0.7260740995407104,23.53318977355957,-0.000579833984375,1.0,"[0.0, 0.0, 0.13425275683403015, 0.9789094924926758]","[0.0, 0.0, 4.261057711119065e-06, 4.966666892869398e-05, -0.01669049821794033, 1.0, 0.016333334147930145, 4.261057711119065e-06, 0.0, 0.0, -0.9999986290931702, -0.016283666715025902, 0.0, 0.0]","[1.0, 0.0, 0.0, 1.0687994956970215, 0.0, 0.3898947834968567, 0.7063942551612854, 0.16378097236156464]",-100.1551877760013
15.000000000000078,230.49411010742188,0.745487630367279,23.682769775390625,-0.000579833984375,1.0,"[0.0, 0.0, 0.13490945100784302, 0.9789867401123047]","[0.0, 0.0, 4.261057711119065e-06, 4.966666892869398e-05, -0.01669049821794033, 1.0, 0.016333334147930145, 4.261057711119065e-06, 0.0, 0.0, -0.9999986290931702, -0.016283666715025902, 0.0, 0.0]","[1.0, 0.0, 0.0, 1.0687994956970215, 0.0, 0.3898947834968567, 0.7063942551612854, 0.16378097236156464]",-101.68747450695088
15.050000000000079,231.6826171875,0.7648552656173706,23.832529067993164,-0.000579833984375,1.0,"[0.0, 0.0, 0.13546505570411682, 0.9790597558021545]","[0.0, 0.0, 4.261057711119065e-06, 4.966666892869398e-05, -0.01669049821794033, 1.0, 0.016333334147930145, 4.261057711119065e-06, 0.0, 0.0, -0.9999986290931702, -0.016283666715025902, 0.0, 0.0]","[1.0, 0.0, 0.0, 1.0687994956970215, 0.0, 0.3898947834968567, 0.7063942551612854, 0.16378097236156464]",-103.61365703262382
15.10000000000008,232.87857055664062,0.7841552495956421,23.982460021972656,-0.000579833984375,1.0,"[0.0, 0.0, 0.13594374060630798, 0.9791097044944763]","[0.0, 0.0, 4.261057711119065e-06, 4.966666892869398e-05, -0.01669049821794033, 1.0, 0.016333334147930145, 4.261057711119065e-06, 0.0, 0.0, -0.9999986290931702, -0.016283666715025902, 0.0, 0.0]","[1.0, 0.0, 0.0, 1.0687994956970215, 0.0, 0.3898947834968567, 0.7063942551612854, 0.16378097236156464]",-105.18521790907155
15.15000000000008,234.08204650878906,0.8033697605133057,24.132579803466797,-0.000579833984375,1.0,"[0.0, 0.0, 0.13635867834091187, 0.9791432023048401]","[0.0, 0.0, 4.261057711119065e-06, 4.966666892869398e-05, -0.01669049821794033, 1.0, 0.016333334147930145, 4.261057711119065e-06, 0.0, 0.0, -0.9999986290931702, -0.016283666715025902, 0.0, 0.0]","[1.0, 0.0, 0.0, 1.0687994956970215, 0.0, 0.3898947834968567, 0.7063942551612854, 0.16378097236156464]",-106.77058049544009
15.200000000000081,235.2930450439453,0.822484016418457,24.282880783081055,-0.000579833984375,1.0,"[0.0, 0.0, 0.1367182433605194, 0.9791666269302368]","[0.0, 0.0, 4.261057711119065e-06, 4.966666892869398e-05, -0.01669049821794033, 1.0, 0.016333334147930145, 4.261057711119065e-06, 0.0, 0.0, -0.9999986290931702, -0.016283666715025902, 0.0, 0.0]","[1.0, 0.0, 0.0, 1.0687994956970215, 0.0, 0.3898947834968567, 0.7063942551612854, 0.16378097236156464]",-108.37028127294928
15.250000000000082,236.5115509033203,0.841485857963562,24.433349609375,-0.000579833984375,1.0,"[0.0, 0.0, 0.13703779876232147, 0.9791768789291382]","[0.0, 0.0, 4.261057711119065e-06, 4.966666892869398e-05, -0.01669049821794033, 1.0, 0.016333334147930145, 4.261057711119065e-06, 0.0, 0.0, -0.9999986290931702, -0.016283666715025902, 0.0, 0.0]","[1.0, 0.0, 0.0, 1.0687994956970215, 0.0, 0.3898947834968567, 0.7063942551612854, 0.16378097236156464]",-110.38445435664843
15.300000000000082,237.73760986328125,0.8603650331497192,24.584009170532227,-0.000579833984375,1.0,"[0.0, 0.0, 0.13732439279556274, 0.979175865650177]","[0.0, 0.0, 4.261057711119065e-06, 4.966666892869398e-05, -0.01669049821794033, 1.0, 0.016333334147930145, 4.261057711119065e-06, 0.0, 0.0, -0.9999986290931702, -0.016283666715025902, 0.0, 0.0]","[1.0, 0.0, 0.0, 1.0687994956970215, 0.0, 0.3898947834968567, 0.7063942551612854, 0.16378097236156464]",-112.03070312454953
15.350000000000083,238.97120666503906,0.8790962100028992,24.734840393066406,-0.000732421875,1.0,"[0.0, 0.0, 0.1380760371685028, 0.9787078499794006]","[0.0, 0.0, 4.261057711119065e-06, 4.966666892869398e-05, -0.01669049821794033, 1.0, 0.016333334147930145, 4.261057711119065e-06, 0.0, 0.0, -0.9999986290931702, -0.016283666715025902, 0.0, 0.0]","[1.0, 0.0, 0.0, 1.0687994956970215, 0.0, 0.3898947834968567, 0.7063942551612854, 0.16378097236156464]",-113.70211648787983
15.400000000000084,240.21234130859375,0.8976395130157471,24.885839462280273,-0.0009765625,1.0,"[0.0, 0.0, 0.13911867141723633, 0.9783824682235718]","[0.0, 0.0, 4.261057711119065e-06, 4.966666892869398e-05, -0.01669049821794033, 1.0, 0.016333334147930145, 4.261057711119065e-06, 0.0, 0.0, -0.9999986290931702, -0.016283666715025902, 0.0, 0.0]","[1.0, 0.0, 0.0, 1.0687994956970215, 0.0, 0.3898947834968567, 0.7063942551612854, 0.16378097236156464]",-115.39990181857577
15.450000000000085,241.46104431152344,0.9159539341926575,25.037029266357422,-0.001190185546875,1.0,"[0.0, 0.0, 0.14013494551181793, 0.9783754944801331]","[0.0, 0.0, 4.261057711119065e-06, 4.966666892869398e-05, -0.01669049821794033, 1.0, 0.016333334147930145, 4.261057711119065e-06, 0.0, 0.0, -0.9999986290931702, -0.016283666715025902, 0.0, 0.0]","[1.0, 0.0, 0.0, 1.0687994956970215, 0.0, 0.3898947834968567, 0.7063942551612854, 0.16378097236156464]",-117.62430801489523
15.500000000000085,242.71731567382812,0.9339736104011536,25.188379287719727,-0.0015869140625,1.0,"[0.0, 0.0, 0.14189493656158447, 0.9775737524032593]","[0.0, 0.0, 4.261057711119065e-06, 4.966666892869398e-05, -0.01669049821794033, 1.0, 0.016333334147930145, 4.261057711119065e-06, 0.0, 0.0, -0.9999986290931702, -0.016283666715025902, 0.0, 0.0]","[1.0, 0.0, 0.0, 1.0687994956970215, 0.0, 0.3898947834968567, 0.7063942551612854, 0.16378097236156464]",-119.39622567800807
15.550000000000086,243.98118591308594,0.9516189098358154,25.33991050720215,-0.001953125,1.0,"[0.0, 0.0, 0.14373186230659485, 0.9774563312530518]","[0.0, 0.0, 4.261057711119065e-06, 4.966666892869398e-05, -0.01669049821794033, 1.0, 0.016333334147930145, 4.261057711119065e-06, 0.0, 0.0, -0.9999986290931702, -0.016283666715025902, 0.0, 0.0]","[1.0, 0.0, 0.0, 1.0687994956970215, 0.0, 0.3898947834968567, 0.7063942551612854, 0.16378097236156464]",-121.17876102479109
15.600000000000087,245.2526092529297,0.9688134789466858,25.491609573364258,-0.002197265625,1.0,"[0.0, 0.0, 0.14543913304805756, 0.9775595664978027]","[0.0, 0.0, 4.261057711119065e-06, 4.966666892869398e-05, -0.01669049821794033, 1.0, 0.016333334147930145, 4.261057711119065e-06, 0.0, 0.0, -0.9999986290931702, -0.016283666715025902, 0.0, 0.0]","[1.0, 0.0, 0.0, 1.0687994956970215, 0.0, 0.3898947834968567, 0.7063942551612854, 0.16378097236156464]",-122.96587010591449
15.650000000000087,246.53163146972656,0.9854560494422913,25.64348030090332,-0.0025634765625,1.0,"[0.0, 0.0, 0.14779208600521088, 0.9768473505973816]","[0.0, 0.0, 4.261057711119065e-06, 4.966666892869398e-05, -0.01669049821794033, 1.0, 0.016333334147930145, 4.261057711119065e-06, 0.0, 0.0, -0.9999986290931702, -0.016283666715025902, 0.0, 0.0]","[1.0, 0.0, 0.0, 1.0687994956970215, 0.0, 0.3898947834968567, 0.7063942551612854, 0.16378097236156464]",-125.33772899380497
15.700000000000088,247.8182830810547,1.001427412033081,25.795509338378906,-0.0029296875,1.0,"[0.0, 0.0, 0.15035119652748108, 0.9765998125076294]","[0.0, 0.0, 4.261057711119065e-06, 4.966666892869398e-05, -0.01669049821794033, 1.0, 0.016333334147930145, 4.261057711119065e-06, 0.0, 0.0, -0.9999986290931702, -0.016283666715025902, 0.0, 0.0]","[1.0, 0.0, 0.0, 1.0687994956970215, 0.0, 0.3898947834968567, 0.7063942551612854, 0.16378097236156464]",-127.18677151877134
15.750000000000089,249.112548828125,1.0165871381759644,25.94770050048828,-0.003387451171875,1.0,"[0.0, 0.0, 0.15341274440288544, 0.976031482219696]","[0.0, 0.0, 4.261057711119065e-06, 4.966666892869398e-05, -0.01669049821794033, 1.0, 0.016333334147930145, 4.261057711119065e-06, 0.0, 0.0, -0.9999986290931702, -0.016283666715025902, 0.0, 0.0]","[1.0, 0.0, 0.0, 1.0687994956970215, 0.0, 0.3898947834968567, 0.7063942551612854, 0.16378097236156464]",-129.04442139031968
15.80000000000009,250.4144287109375,1.0307657718658447,26.10004997253418,-0.00396728515625,1.0,"[0.0, 0.0, 0.157077819108963, 0.9753546118736267]","[0.0, 0.0, 4.261057711119065e-06, 4.966666892869398e-05, -0.01669049821794033, 1.0, 0.016333334147930145, 4.261057711119065e-06, 0.0, 0.0, -0.9999986290931702, -0.016283666715025902, 0.0, 0.0]","[1.0, 0.0, 0.0, 1.0687994956970215, 0.0, 0.3898947834968567, 0.7063942551612854, 0.16378097236156464]",-130.91057827464914
15.85000000000009,251.7217559814453,1.0437687635421753,26.150360107421875,-0.004364013671875,1.0,"[0.0, 0.0, 0.07091999799013138, 0.8720139861106873]","[0.0, 0.0, 4.261057711119065e-06, 4.966666892869398e-05, -0.01669049821794033, 1.0, 0.016333334147930145, 4.261057711119065e-06, 0.0, 0.0, -0.9999986290931702, -0.016283666715025902, 0.0, 0.0]","[1.0, 0.0, 0.0, 1.0687994956970215, 0.0, 0.3898947834968567, 0.7063942551612854, 0.16378097236156464]",-133.39441669627092
15.900000000000091,253.02835083007812,1.0553711652755737,26.135080337524414,-0.00457763671875,1.0,"[0.0, 0.0, 0.03167375922203064, 0.9199053645133972]","[0.0, 0.0, 4.261057711119065e-06, 4.966666892869398e-05, -0.01669049821794033, 1.0, 0.016333334147930145, 4.261057711119065e-06, 0.0, 0.0, -0.9999986290931702, -0.016283666715025902, 0.0, 0.0]","[1.0, 0.0, 0.0, 1.0687994956970215, 0.0, 0.3898947834968567, 0.7063942551612854, 0.16378097236156464]",-135.02321330977807
15.950000000000092,254.33541870117188,1.0654594898223877,26.200729370117188,-0.004608154296875,1.0,"[0.0, 0.0, 0.07554242014884949, 0.8950632214546204]","[0.0, 0.0, 4.261057711119065e-06, 4.966666892869398e-05, -0.01669049821794033, 1.0, 0.016333334147930145, 4.261057711119065e-06, 0.0, 0.0, -0.9999986290931702, -0.016283666715025902, 0.0, 0.0]","[1.0, 0.0, 0.0, 1.0687994956970215, 0.0, 0.3898947834968567, 0.7063942551612854, 0.16378097236156464]",-136.50265773045837
16.000000000000092,255.6504364013672,1.0739741325378418,26.365829467773438,-0.004608154296875,1.0,"[0.0, 0.0, 0.17920702695846558, 0.8597337007522583]","[0.0, 0.0, 4.261057711119065e-06, 4.966666892869398e-05, -0.01669049821794033, 1.0, 0.016333334147930145, 4.261057711119065e-06, 0.0, 0.0, -0.9999986290931702, -0.016283666715025902, 0.0, 0.0]","[1.0, 0.0, 0.0, 1.0687994956970215, 0.0, 0.3898947834968567, 0.7063942551612854, 0.16378097236156464]",-138.0210259259789
16.050000000000093,256.97320556640625,1.0807570219039917,26.51013946533203,-0.004608154296875,1.0,"[0.0, 0.0, 0.16345582902431488, 0.9553915858268738]","[0.0, 0.0, 4.261057711119065e-06, 4.966666892869398e-05, -0.01669049821794033, 1.0, 0.016333334147930145, 4.261057711119065e-06, 0.0, 0.0, -0.9999986290931702, -0.016283666715025902, 0.0, 0.0]","[1.0, 0.0, 0.0, 1.0687994956970215, 0.0, 0.3898947834968567, 0.7063942551612854, 0.16378097236156464]",-139.76610313523966
16.100000000000094,258.302734375,1.085663080215454,26.64052963256836,-0.004608154296875,1.0,"[0.0, 0.0, 0.15346020460128784, 0.9654176831245422]","[0.0, 0.0, 4.261057711119065e-06, 4.966666892869398e-05, -0.01669049821794033, 1.0, 0.016333334147930145, 4.261057711119065e-06, 0.0, 0.0, -0.9999986290931702, -0.016283666715025902, 0.0, 0.0]","[1.0, 0.0, 0.0, 1.0687994956970215, 0.0, 0.3898947834968567, 0.7063942551612854, 0.16378097236156464]",-141.33307112491664
16.150000000000095,259.63848876953125,1.0885707139968872,26.761619567871094,-0.004608154296875,1.0,"[0.0, 0.0, 0.1472109705209732, 0.9721173048019409]","[0.0, 0.0, 4.261057711119065e-06, 4.966666892869398e-05, -0.01669049821794033, 1.0, 0.016333334147930145, 4.261057711119065e-06, 0.0, 0.0, -0.9999986290931702, -0.016283666715025902, 0.0, 0.0]","[1.0, 0.0, 0.0, 1.0687994956970215, 0.0, 0.3898947834968567, 0.7063942551612854, 0.16378097236156464]",-142.91550661761488
16.200000000000095,260.9800720214844,1.089375376701355,26.876480102539062,-0.004608154296875,1.0,"[0.0, 0.0, 0.1433916538953781, 0.9765853881835938]","[0.0, 0.0, 4.261057711119065e-06, 4.966666892869398e-05, -0.01669049821794033, 1.0, 0.016333334147930145, 4.261057711119065e-06, 0.0, 0.0, -0.9999986290931702, -0.016283666715025902, 0.0, 0.0]","[1.0, 0.0, 0.0, 1.0687994956970215, 0.0, 0.3898947834968567, 0.7063942551612854, 0.16378097236156464]",-144.52336545068272
16.250000000000096,262.32720947265625,1.0879908800125122,26.98716926574707,-0.00457763671875,1.0,"[0.0, 0.0, 0.14103911817073822, 0.9796071648597717]","[0.0, 0.0, 4.261057711119065e-06, 4.966666892869398e-05, -0.01669049821794033, 1.0, 0.016333334147930145, 4.261057711119065e-06, 0.0, 0.0, -0.9999986290931702, -0.016283666715025902, 0.0, 0.0]","[1.0, 0.0, 0.0, 1.0687994956970215, 0.0, 0.3898947834968567, 0.7063942551612854, 0.16378097236156464]",-146.37554846142652
16.300000000000097,263.6798095703125,1.0843396186828613,27.09507942199707,-0.00457763671875,1.0,"[0.0, 0.0, 0.13979120552539825, 0.9815579056739807]","[0.0, 0.0, 4.261057711119065e-06, 4.966666892869398e-05, -0.01669049821794033, 1.0, 0.016333334147930145, 4.261057711119065e-06, 0.0, 0.0, -0.9999986290931702, -0.016283666715025902, 0.0, 0.0]","[1.0, 0.0, 0.0, 1.0687994956970215, 0.0, 0.3898947834968567, 0.7063942551612854, 0.16378097236156464]",-147.95239542337345
16.350000000000097,265.0376892089844,1.0783567428588867,27.201120376586914,-0.004547119140625,1.0,"[0.0, 0.0, 0.1390685737133026, 0.9829404950141907]","[0.0, 0.0, 4.261057711119065e-06, 4.966666892869398e-05, -0.01669049821794033, 1.0, 0.016333334147930145, 4.261057711119065e-06, 0.0, 0.0, -0.9999986290931702, -0.016283666715025902, 0.0, 0.0]","[1.0, 0.0, 0.0, 1.0687994956970215, 0.0, 0.3898947834968567, 0.7063942551612854, 0.16378097236156464]",-149.5284554305978
16.400000000000098,266.4008483886719,1.070011019706726,27.305919647216797,-0.004302978515625,1.0,"[0.0, 0.0, 0.1380549520254135, 0.9840684533119202]","[0.0, 0.0, 4.261057711119065e-06, 4.966666892869398e-05, -0.01669049821794033, 1.0, 0.016333334147930145, 4.261057711119065e-06, 0.0, 0.0, -0.9999986290931702, -0.016283666715025902, 0.0, 0.0]","[1.0, 0.0, 0.0, 1.0687994956970215, 0.0, 0.3898947834968567, 0.7063942551612854, 0.16378097236156464]",-151.1142543224832
16.4500000000001,267.7691955566406,1.059259295463562,27.409900665283203,-0.00396728515625,1.0,"[0.0, 0.0, 0.1380140632390976, 0.9843214154243469]","[0.0, 0.0, 4.261057711119065e-06, 4.966666892869398e-05, -0.01669049821794033, 1.0, 0.016333334147930145, 4.261057711119065e-06, 0.0, 0.0, -0.9999986290931702, -0.016283666715025902, 0.0, 0.0]","[1.0, 0.0, 0.0, 1.0687994956970215, 0.0, 0.3898947834968567, 0.7063942551612854, 0.16378097236156464]",-152.9515295499454
16.5000000000001,269.1427001953125,1.0461198091506958,27.51335906982422,-0.003753662109375,1.0,"[0.0, 0.0, 0.1362505555152893, 0.984399676322937]","[0.0, 0.0, 4.261057711119065e-06, 4.966666892869398e-05, -0.01669049821794033, 1.0, 0.016333334147930145, 4.261057711119065e-06, 0.0, 0.0, -0.9999986290931702, -0.016283666715025902, 0.0, 0.0]","[1.0, 0.0, 0.0, 1.0687994956970215, 0.0, 0.3898947834968567, 0.7063942551612854, 0.16378097236156464]",-154.58127921049152
16.5500000000001,270.5213623046875,1.0306025743484497,27.6164608001709,-0.003570556640625,1.0,"[0.0, 0.0, 0.13560175895690918, 0.9852378368377686]","[0.0, 0.0, 4.261057711119065e-06, 4.966666892869398e-05, -0.01669049821794033, 1.0, 0.016333334147930145, 4.261057711119065e-06, 0.0, 0.0, -0.9999986290931702, -0.016283666715025902, 0.0, 0.0]","[1.0, 0.0, 0.0, 1.0687994956970215, 0.0, 0.3898947834968567, 0.7063942551612854, 0.16378097236156464]",-156.2236094656931
16.6000000000001,271.9051208496094,1.0127146244049072,27.71933937072754,-0.00341796875,1.0,"[0.0, 0.0, 0.1347973644733429, 0.985318660736084]","[0.0, 0.0, 4.261057711119065e-06, 4.966666892869398e-05, -0.01669049821794033, 1.0, 0.016333334147930145, 4.261057711119065e-06, 0.0, 0.0, -0.9999986290931702, -0.016283666715025902, 0.0, 0.0]","[1.0, 0.0, 0.0, 1.0687994956970215, 0.0, 0.3898947834968567, 0.7063942551612854, 0.16378097236156464]",-157.88729921042707
16.6500000000001,273.2939758300781,0.9924755096435547,27.822080612182617,-0.003326416015625,1.0,"[0.0, 0.0, 0.13398988544940948, 0.9853444695472717]","[0.0, 0.0, 4.261057711119065e-06, 4.966666892869398e-05, -0.01669049821794033, 1.0, 0.016333334147930145, 4.261057711119065e-06, 0.0, 0.0, -0.9999986290931702, -0.016283666715025902, 0.0, 0.0]","[1.0, 0.0, 0.0, 1.0687994956970215, 0.0, 0.3898947834968567, 0.7063942551612854, 0.16378097236156464]",-159.83554335172488
16.700000000000102,274.68798828125,0.969925045967102,27.924739837646484,-0.003143310546875,1.0,"[0.0, 0.0, 0.13277362287044525, 0.9849194884300232]","[0.0, 0.0, 4.261057711119065e-06, 4.966666892869398e-05, -0.01669049821794033, 1.0, 0.016333334147930145, 4.261057711119065e-06, 0.0, 0.0, -0.9999986290931702, -0.016283666715025902, 0.0, 0.0]","[1.0, 0.0, 0.0, 1.0687994956970215, 0.0, 0.3898947834968567, 0.7063942551612854, 0.16378097236156464]",-161.51928190906716
16.750000000000103,276.0870666503906,0.9451104998588562,28.0273494720459,-0.00299072265625,1.0,"[0.0, 0.0, 0.13156966865062714, 0.9849210977554321]","[0.0, 0.0, 4.261057711119065e-06, 4.966666892869398e-05, -0.01669049821794033, 1.0, 0.016333334147930145, 4.261057711119065e-06, 0.0, 0.0, -0.9999986290931702, -0.016283666715025902, 0.0, 0.0]","[1.0, 0.0, 0.0, 1.0687994956970215, 0.0, 0.3898947834968567, 0.7063942551612854, 0.16378097236156464]",-163.2286354102867
16.800000000000104,277.4912414550781,0.9181170463562012,28.129959106445312,-0.002532958984375,1.0,"[0.0, 0.0, 0.1293182373046875, 0.9837948083877563]","[0.0, 0.0, 4.261057711119065e-06, 4.966666892869398e-05, -0.01669049821794033, 1.0, 0.016333334147930145, 4.261057711119065e-06, 0.0, 0.0, -0.9999986290931702, -0.016283666715025902, 0.0, 0.0]","[1.0, 0.0, 0.0, 1.0687994956970215, 0.0, 0.3898947834968567, 0.7063942551612854, 0.16378097236156464]",-164.9508447167801
16.850000000000104,278.9005126953125,0.8891264200210571,28.23259925842285,-0.0013427734375,1.0,"[0.0, 0.0, 0.12459736317396164, 0.9811745285987854]","[0.0, 0.0, 4.261057711119065e-06, 4.966666892869398e-05, -0.01669049821794033, 1.0, 0.016333334147930145, 4.261057711119065e-06, 0.0, 0.0, -0.9999986290931702, -0.016283666715025902, 0.0, 0.0]","[1.0, 0.0, 0.0, 1.0687994956970215, 0.0, 0.3898947834968567, 0.7063942551612854, 0.16378097236156464]",-167.03223010118717
16.900000000000105,280.31488037109375,0.8584061861038208,28.33530044555664,0.000274658203125,1.0,"[0.0, 0.0, 0.11811690777540207, 0.9792899489402771]","[0.0, 0.0, 4.261057711119065e-06, 4.966666892869398e-05, -0.01669049821794033, 1.0, 0.016333334147930145, 4.261057711119065e-06, 0.0, 0.0, -0.9999986290931702, -0.016283666715025902, 0.0, 0.0]","[1.0, 0.0, 0.0, 1.0687994956970215, 0.0, 0.3898947834968567, 0.7063942551612854, 0.16378097236156464]",-168.79187703841623
16.950000000000106,281.7343444824219,0.8262335658073425,28.438020706176758,0.001556396484375,1.0,"[0.0, 0.0, 0.11183561384677887, 0.9794904589653015]","[0.0, 0.0, 4.261057711119065e-06, 4.966666892869398e-05, -0.01669049821794033, 1.0, 0.016333334147930145, 4.261057711119065e-06, 0.0, 0.0, -0.9999986290931702, -0.016283666715025902, 0.0, 0.0]","[1.0, 0.0, 0.0, 1.0687994956970215, 0.0, 0.3898947834968567, 0.7063942551612854, 0.16378097236156464]",-170.55493646815484
17.000000000000107,283.158935546875,0.7929172515869141,28.540790557861328,0.002716064453125,1.0,"[0.0, 0.0, 0.10509581863880157, 0.9786409735679626]","[0.0, 0.0, 4.261057711119065e-06, 4.966666892869398e-05, -0.01669049821794033, 1.0, 0.016333334147930145, 4.261057711119065e-06, 0.0, 0.0, -0.9999986290931702, -0.016283666715025902, 0.0, 0.0]","[1.0, 0.0, 0.0, 1.0687994956970215, 0.0, 0.3898947834968567, 0.7063942551612854, 0.16378097236156464]",-172.3342275565448
17.050000000000107,284.5886535644531,0.7587271928787231,28.643579483032227,0.0029296875,1.0,"[0.0, 0.0, 0.10175516456365585, 0.980652928352356]","[0.0, 0.0, 4.261057711119065e-06, 4.966666892869398e-05, -0.01669049821794033, 1.0, 0.016333334147930145, 4.261057711119065e-06, 0.0, 0.0, -0.9999986290931702, -0.016283666715025902, 0.0, 0.0]","[1.0, 0.0, 0.0, 1.0687994956970215, 0.0, 0.3898947834968567, 0.7063942551612854, 0.16378097236156464]",-174.49238366643593
17.100000000000108,286.02349853515625,0.7239318490028381,28.746400833129883,0.0029296875,1.0,"[0.0, 0.0, 0.09782109409570694, 0.9805037975311279]","[0.0, 0.0, 4.261057711119065e-06, 4.966666892869398e-05, -0.01669049821794033, 1.0, 0.016333334147930145, 4.261057711119065e-06, 0.0, 0.0, -0.9999986290931702, -0.016283666715025902, 0.0, 0.0]","[1.0, 0.0, 0.0, 1.0687994956970215, 0.0, 0.3898947834968567, 0.7063942551612854, 0.16378097236156464]",-176.30737324147356
17.15000000000011,287.4634704589844,0.6888260245323181,28.84922981262207,0.0029296875,1.0,"[0.0, 0.0, 0.09334900230169296, 0.9802917838096619]","[0.0, 0.0, 4.261057711119065e-06, 4.966666892869398e-05, -0.01669049821794033, 1.0, 0.016333334147930145, 4.261057711119065e-06, 0.0, 0.0, -0.9999986290931702, -0.016283666715025902, 0.0, 0.0]","[1.0, 0.0, 0.0, 1.0687994956970215, 0.0, 0.3898947834968567, 0.7063942551612854, 0.16378097236156464]",-178.13975695354947
17.20000000000011,288.9085998535156,0.6537657976150513,28.952070236206055,0.003509521484375,1.0,"[0.0, 0.0, 0.09888394922018051, 0.9785473942756653]","[0.0, 0.0, 4.261057711119065e-06, 4.966666892869398e-05, -0.01669049821794033, 1.0, 0.016333334147930145, 4.261057711119065e-06, 0.0, 0.0, -0.9999986290931702, -0.016283666715025902, 0.0, 0.0]","[1.0, 0.0, 0.0, 1.0687994956970215, 0.0, 0.3898947834968567, 0.7063942551612854, 0.16378097236156464]",-179.9862545508236
17.25000000000011,290.35888671875,0.6192209124565125,29.054859161376953,0.005096435546875,1.0,"[0.0, 0.0, 0.10884087532758713, 0.9754651784896851]","[0.0, 0.0, 4.261057711119065e-06, 4.966666892869398e-05, -0.01669049821794033, 1.0, 0.016333334147930145, 4.261057711119065e-06, 0.0, 0.0, -0.9999986290931702, -0.016283666715025902, 0.0, 0.0]","[1.0, 0.0, 0.0, 1.0687994956970215, 0.0, 0.3898947834968567, 0.7063942551612854, 0.16378097236156464]",-182.28088795267118
17.30000000000011,291.8143310546875,0.5857508182525635,29.157569885253906,0.007293701171875,1.0,"[0.0, 0.0, 0.1207670345902443, 0.9733415246009827]","[0.0, 0.0, 4.261057711119065e-06, 4.966666892869398e-05, -0.01669049821794033, 1.0, 0.016333334147930145, 4.261057711119065e-06, 0.0, 0.0, -0.9999986290931702, -0.016283666715025902, 0.0, 0.0]","[1.0, 0.0, 0.0, 1.0687994956970215, 0.0, 0.3898947834968567, 0.7063942551612854, 0.16378097236156464]",-184.180939221788
17.35000000000011,293.2749328613281,0.5540130734443665,29.260099411010742,0.010040283203125,1.0,"[0.0, 0.0, 0.13511119782924652, 0.9707164168357849]","[0.0, 0.0, 4.261057711119065e-06, 4.966666892869398e-05, -0.01669049821794033, 1.0, 0.016333334147930145, 4.261057711119065e-06, 0.0, 0.0, -0.9999986290931702, -0.016283666715025902, 0.0, 0.0]","[1.0, 0.0, 0.0, 1.0687994956970215, 0.0, 0.3898947834968567, 0.7063942551612854, 0.16378097236156464]",-186.100554873729
17.400000000000112,294.74072265625,0.524583637714386,29.362489700317383,0.01129150390625,1.0,"[0.0, 0.0, 0.1461547315120697, 0.974244236946106]","[0.0, 0.0, 4.261057711119065e-06, 4.966666892869398e-05, -0.01669049821794033, 1.0, 0.016333334147930145, 4.261057711119065e-06, 0.0, 0.0, -0.9999986290931702, -0.016283666715025902, 0.0, 0.0]","[1.0, 0.0, 0.0, 1.0687994956970215, 0.0, 0.3898947834968567, 0.7063942551612854, 0.16378097236156464]",-188.0362475470361
17.450000000000113,296.211669921875,0.49793747067451477,29.46479034423828,0.01129150390625,1.0,"[0.0, 0.0, 0.1548953801393509, 0.9767031669616699]","[0.0, 0.0, 4.261057711119065e-06, 4.966666892869398e-05, -0.01669049821794033, 1.0, 0.016333334147930145, 4.261057711119065e-06, 0.0, 0.0, -0.9999986290931702, -0.016283666715025902, 0.0, 0.0]","[1.0, 0.0, 0.0, 1.0687994956970215, 0.0, 0.3898947834968567, 0.7063942551612854, 0.16378097236156464]",-190.50069271504947
17.500000000000114,297.68780517578125,0.4745408594608307,29.566970825195312,0.0108642578125,1.0,"[0.0, 0.0, 0.16308967769145966, 0.977237343788147]","[0.0, 0.0, 4.261057711119065e-06, 4.966666892869398e-05, -0.01669049821794033, 1.0, 0.016333334147930145, 4.261057711119065e-06, 0.0, 0.0, -0.9999986290931702, -0.016283666715025902, 0.0, 0.0]","[1.0, 0.0, 0.0, 1.0687994956970215, 0.0, 0.3898947834968567, 0.7063942551612854, 0.16378097236156464]",-192.48009843366856
17.550000000000114,299.1690673828125,0.4548499584197998,29.669029235839844,0.01025390625,1.0,"[0.0, 0.0, 0.170499786734581, 0.9780381321907043]","[0.0, 0.0, 4.261057711119065e-06, 4.966666892869398e-05, -0.01669049821794033, 1.0, 0.016333334147930145, 4.261057711119065e-06, 0.0, 0.0, -0.9999986290931702, -0.016283666715025902, 0.0, 0.0]","[1.0, 0.0, 0.0, 1.0687994956970215, 0.0, 0.3898947834968567, 0.7063942551612854, 0.16378097236156464]",-194.4537854107897
17.600000000000115,300.6554870605469,0.4392704665660858,29.770959854125977,0.009521484375,1.0,"[0.0, 0.0, 0.17663121223449707, 0.9793675541877747]","[0.0, 0.0, 4.261057711119065e-06, 4.966666892869398e-05, -0.01669049821794033, 1.0, 0.016333334147930145, 4.261057711119065e-06, 0.0, 0.0, -0.9999986290931702, -0.016283666715025902, 0.0, 0.0]","[1.0, 0.0, 0.0, 1.0687994956970215, 0.0, 0.3898947834968567, 0.7063942551612854, 0.16378097236156464]",-196.49228607767736
17.650000000000116,302.1470642089844,0.42810842394828796,29.87282943725586,0.00848388671875,1.0,"[0.0, 0.0, 0.18051208555698395, 0.9811732769012451]","[0.0, 0.0, 4.261057711119065e-06, 4.966666892869398e-05, -0.01669049821794033, 1.0, 0.016333334147930145, 4.261057711119065e-06, 0.0, 0.0, -0.9999986290931702, -0.016283666715025902, 0.0, 0.0]","[1.0, 0.0, 0.0, 1.0687994956970215, 0.0, 0.3898947834968567, 0.7063942551612854, 0.16378097236156464]",-198.75779439077476
17.700000000000117,303.6437683105469,0.42156630754470825,29.974660873413086,0.00732421875,1.0,"[0.0, 0.0, 0.18242241442203522, 0.9826261401176453]","[0.0, 0.0, 4.261057711119065e-06, 4.966666892869398e-05, -0.01669049821794033, 1.0, 0.016333334147930145, 4.261057711119065e-06, 0.0, 0.0, -0.9999986290931702, -0.016283666715025902, 0.0, 0.0]","[1.0, 0.0, 0.0, 1.0687994956970215, 0.0, 0.3898947834968567, 0.7063942551612854, 0.16378097236156464]",-200.61872057999977
17.750000000000117,305.1455078125,0.41980329155921936,30.07645034790039,0.00665283203125,1.0,"[0.0, 0.0, 0.18404482305049896, 0.9828128218650818]","[0.0, 0.0, 4.261057711119065e-06, 4.966666892869398e-05, -0.01669049821794033, 1.0, 0.016333334147930145, 4.261057711119065e-06, 0.0, 0.0, -0.9999986290931702, -0.016283666715025902, 0.0, 0.0]","[1.0, 0.0, 0.0, 1.0687994956970215, 0.0, 0.3898947834968567, 0.7063942551612854, 0.16378097236156464]",-202.4969330482518
17.800000000000118,306.65240478515625,0.4228895902633667,30.178260803222656,0.005889892578125,1.0,"[0.0, 0.0, 0.18364526331424713, 0.9847328662872314]","[0.0, 0.0, 4.261057711119065e-06, 4.966666892869398e-05, -0.01669049821794033, 1.0, 0.016333334147930145, 4.261057711119065e-06, 0.0, 0.0, -0.9999986290931702, -0.016283666715025902, 0.0, 0.0]","[1.0, 0.0, 0.0, 1.0687994956970215, 0.0, 0.3898947834968567, 0.7063942551612854, 0.16378097236156464]",-204.3637209238562
17.85000000000012,308.1643371582031,0.4307948350906372,30.280139923095703,0.00506591796875,1.0,"[0.0, 0.0, 0.18157275021076202, 0.9841460585594177]","[0.0, 0.0, 4.261057711119065e-06, 4.966666892869398e-05, -0.01669049821794033, 1.0, 0.016333334147930145, 4.261057711119065e-06, 0.0, 0.0, -0.9999986290931702, -0.016283666715025902, 0.0, 0.0]","[1.0, 0.0, 0.0, 1.0687994956970215, 0.0, 0.3898947834968567, 0.7063942551612854, 0.16378097236156464]",-206.52100399857193
17.90000000000012,309.68133544921875,0.4433732032775879,30.382160186767578,0.003875732421875,1.0,"[0.0, 0.0, 0.17705494165420532, 0.9815562963485718]","[0.0, 0.0, 4.261057711119065e-06, 4.966666892869398e-05, -0.01669049821794033, 1.0, 0.016333334147930145, 4.261057711119065e-06, 0.0, 0.0, -0.9999986290931702, -0.016283666715025902, 0.0, 0.0]","[1.0, 0.0, 0.0, 1.0687994956970215, 0.0, 0.3898947834968567, 0.7063942551612854, 0.16378097236156464]",-208.33399352795757
17.95000000000012,311.2033996582031,0.46035248041152954,30.484359741210938,0.00225830078125,1.0,"[0.0, 0.0, 0.169949010014534, 0.9787910580635071]","[0.0, 0.0, 4.261057711119065e-06, 4.966666892869398e-05, -0.01669049821794033, 1.0, 0.016333334147930145, 4.261057711119065e-06, 0.0, 0.0, -0.9999986290931702, -0.016283666715025902, 0.0, 0.0]","[1.0, 0.0, 0.0, 1.0687994956970215, 0.0, 0.3898947834968567, 0.7063942551612854, 0.16378097236156464]",-210.1474258904834
18.00000000000012,312.7305603027344,0.48129069805145264,30.58679962158203,-0.000152587890625,1.0,"[0.0, 0.0, 0.15893933176994324, 0.9746370911598206]","[0.0, 0.0, 4.261057711119065e-06, 4.966666892869398e-05, -0.01669049821794033, 1.0, 0.016333334147930145, 4.261057711119065e-06, 0.0, 0.0, -0.9999986290931702, -0.016283666715025902, 0.0, 0.0]","[1.0, 0.0, 0.0, 1.0687994956970215, 0.0, 0.3898947834968567, 0.7063942551612854, 0.16378097236156464]",-211.9595233152393
18.05000000000012,314.2627868652344,0.5057227611541748,30.689420700073242,-0.001739501953125,1.0,"[0.0, 0.0, 0.1487657129764557, 0.9755228161811829]","[0.0, 0.0, 4.261057711119065e-06, 4.966666892869398e-05, -0.01669049821794033, 1.0, 0.016333334147930145, 4.261057711119065e-06, 0.0, 0.0, -0.9999986290931702, -0.016283666715025902, 0.0, 0.0]","[1.0, 0.0, 0.0, 1.0687994956970215, 0.0, 0.3898947834968567, 0.7063942551612854, 0.16378097236156464]",-214.06553402531537
18.100000000000122,315.80010986328125,0.5332565307617188,30.792160034179688,-0.00201416015625,1.0,"[0.0, 0.0, 0.14082197844982147, 0.9778427481651306]","[0.0, 0.0, 4.261057711119065e-06, 4.966666892869398e-05, -0.01669049821794033, 1.0, 0.016333334147930145, 4.261057711119065e-06, 0.0, 0.0, -0.9999986290931702, -0.016283666715025902, 0.0, 0.0]","[1.0, 0.0, 0.0, 1.0687994956970215, 0.0, 0.3898947834968567, 0.7063942551612854, 0.16378097236156464]",-215.9016197625244
18.150000000000123,317.3424987792969,0.5634844899177551,30.89501953125,-0.001953125,1.0,"[0.0, 0.0, 0.1326439529657364, 0.9775485992431641]","[0.0, 0.0, 4.261057711119065e-06, 4.966666892869398e-05, -0.01669049821794033, 1.0, 0.016333334147930145, 4.261057711119065e-06, 0.0, 0.0, -0.9999986290931702, -0.016283666715025902, 0.0, 0.0]","[1.0, 0.0, 0.0, 1.0687994956970215, 0.0, 0.3898947834968567, 0.7063942551612854, 0.16378097236156464]",-217.7394083712919
18.200000000000124,318.8900146484375,0.5959283113479614,30.99799919128418,-0.00213623046875,1.0,"[0.0, 0.0, 0.12424042820930481, 0.9763217568397522]","[0.0, 0.0, 4.261057711119065e-06, 4.966666892869398e-05, -0.01669049821794033, 1.0, 0.016333334147930145, 4.261057711119065e-06, 0.0, 0.0, -0.9999986290931702, -0.016283666715025902, 0.0, 0.0]","[1.0, 0.0, 0.0, 1.0687994956970215, 0.0, 0.3898947834968567, 0.7063942551612854, 0.16378097236156464]",-219.59044331686619
18.250000000000124,320.442626953125,0.6300675868988037,31.101070404052734,-0.002593994140625,1.0,"[0.0, 0.0, 0.11574549227952957, 0.9756046533584595]","[0.0, 0.0, 4.261057711119065e-06, 4.966666892869398e-05, -0.01669049821794033, 1.0, 0.016333334147930145, 4.261057711119065e-06, 0.0, 0.0, -0.9999986290931702, -0.016283666715025902, 0.0, 0.0]","[1.0, 0.0, 0.0, 1.0687994956970215, 0.0, 0.3898947834968567, 0.7063942551612854, 0.16378097236156464]",-221.77462048377336
18.300000000000125,322.0003967285156,0.6652974486351013,31.204200744628906,-0.003936767578125,1.0,"[0.0, 0.0, 0.10526548326015472, 0.9730169773101807]","[0.0, 0.0, 4.261057711119065e-06, 4.966666892869398e-05, -0.01669049821794033, 1.0, 0.016333334147930145, 4.261057711119065e-06, 0.0, 0.0, -0.9999986290931702, -0.016283666715025902, 0.0, 0.0]","[1.0, 0.0, 0.0, 1.0687994956970215, 0.0, 0.3898947834968567, 0.7063942551612854, 0.16378097236156464]",-223.653070129036
18.350000000000126,323.56329345703125,0.7009101510047913,31.307329177856445,-0.006103515625,1.0,"[0.0, 0.0, 0.09517802298069, 0.9704027771949768]","[0.0, 0.0, 4.261057711119065e-06, 4.966666892869398e-05, -0.01669049821794033, 1.0, 0.016333334147930145, 4.261057711119065e-06, 0.0, 0.0, -0.9999986290931702, -0.016283666715025902, 0.0, 0.0]","[1.0, 0.0, 0.0, 1.0687994956970215, 0.0, 0.3898947834968567, 0.7063942551612854, 0.16378097236156464]",-225.5373716451907
18.400000000000126,325.13134765625,0.7361618876457214,31.410390853881836,-0.00830078125,1.0,"[0.0, 0.0, 0.11044879257678986, 0.9698012471199036]","[0.0, 0.0, 4.261057711119065e-06, 4.966666892869398e-05, -0.01669049821794033, 1.0, 0.016333334147930145, 4.261057711119065e-06, 0.0, 0.0, -0.9999986290931702, -0.016283666715025902, 0.0, 0.0]","[1.0, 0.0, 0.0, 1.0687994956970215, 0.0, 0.3898947834968567, 0.7063942551612854, 0.16378097236156464]",-227.42227736143275
18.450000000000127,326.70458984375,0.7703090310096741,31.513320922851562,-0.010101318359375,1.0,"[0.0, 0.0, 0.12550856173038483, 0.9699904918670654]","[0.0, 0.0, 4.261057711119065e-06, 4.966666892869398e-05, -0.01669049821794033, 1.0, 0.016333334147930145, 4.261057711119065e-06, 0.0, 0.0, -0.9999986290931702, -0.016283666715025902, 0.0, 0.0]","[1.0, 0.0, 0.0, 1.0687994956970215, 0.0, 0.3898947834968567, 0.7063942551612854, 0.16378097236156464]",-229.63182917720187
18.500000000000128,328.2830505371094,0.8026720881462097,31.61610984802246,-0.010772705078125,1.0,"[0.0, 0.0, 0.1382918655872345, 0.972407341003418]","[0.0, 0.0, 4.261057711119065e-06, 4.966666892869398e-05, -0.01669049821794033, 1.0, 0.016333334147930145, 4.261057711119065e-06, 0.0, 0.0, -0.9999986290931702, -0.016283666715025902, 0.0, 0.0]","[1.0, 0.0, 0.0, 1.0687994956970215, 0.0, 0.3898947834968567, 0.7063942551612854, 0.16378097236156464]",-231.53742841948113
18.55000000000013,329.86663818359375,0.8326147794723511,31.718769073486328,-0.010772705078125,1.0,"[0.0, 0.0, 0.14989976584911346, 0.9736698865890503]","[0.0, 0.0, 4.261057711119065e-06, 4.966666892869398e-05, -0.01669049821794033, 1.0, 0.016333334147930145, 4.261057711119065e-06, 0.0, 0.0, -0.9999986290931702, -0.016283666715025902, 0.0, 0.0]","[1.0, 0.0, 0.0, 1.0687994956970215, 0.0, 0.3898947834968567, 0.7063942551612854, 0.16378097236156464]",-233.45467763847873
18.60000000000013,331.4554138183594,0.8595058917999268,31.821239471435547,-0.010589599609375,1.0,"[0.0, 0.0, 0.16103602945804596, 0.9741400480270386]","[0.0, 0.0, 4.261057711119065e-06, 4.966666892869398e-05, -0.01669049821794033, 1.0, 0.016333334147930145, 4.261057711119065e-06, 0.0, 0.0, -0.9999986290931702, -0.016283666715025902, 0.0, 0.0]","[1.0, 0.0, 0.0, 1.0687994956970215, 0.0, 0.3898947834968567, 0.7063942551612854, 0.16378097236156464]",-235.3844932583282
18.65000000000013,333.04937744140625,0.882720410823822,31.923490524291992,-0.010498046875,1.0,"[0.0, 0.0, 0.17184701561927795, 0.9744817614555359]","[0.0, 0.0, 4.261057711119065e-06, 4.966666892869398e-05, -0.01669049821794033, 1.0, 0.016333334147930145, 4.261057711119065e-06, 0.0, 0.0, -0.9999986290931702, -0.016283666715025902, 0.0, 0.0]","[1.0, 0.0, 0.0, 1.0687994956970215, 0.0, 0.3898947834968567, 0.7063942551612854, 0.16378097236156464]",-237.68453796920758
18.70000000000013,334.64849853515625,0.9016838073730469,32.02552032470703,-0.01031494140625,1.0,"[0.0, 0.0, 0.18139120936393738, 0.9758105874061584]","[0.0, 0.0, 4.261057711119065e-06, 4.966666892869398e-05, -0.01669049821794033, 1.0, 0.016333334147930145, 4.261057711119065e-06, 0.0, 0.0, -0.9999986290931702, -0.016283666715025902, 0.0, 0.0]","[1.0, 0.0, 0.0, 1.0687994956970215, 0.0, 0.3898947834968567, 0.7063942551612854, 0.16378097236156464]",-239.64302779085196
18.75000000000013,336.2527770996094,0.915888249874115,32.1273307800293,-0.010101318359375,1.0,"[0.0, 0.0, 0.18968571722507477, 0.9771209955215454]","[0.0, 0.0, 4.261057711119065e-06, 4.966666892869398e-05, -0.01669049821794033, 1.0, 0.016333334147930145, 4.261057711119065e-06, 0.0, 0.0, -0.9999986290931702, -0.016283666715025902, 0.0, 0.0]","[1.0, 0.0, 0.0, 1.0687994956970215, 0.0, 0.3898947834968567, 0.7063942551612854, 0.16378097236156464]",-241.614307614639
18.800000000000132,337.8621520996094,0.9249231219291687,32.228981018066406,-0.00958251953125,1.0,"[0.0, 0.0, 0.19583208858966827, 0.9793612957000732]","[0.0, 0.0, 4.261057711119065e-06, 4.966666892869398e-05, -0.01669049821794033, 1.0, 0.016333334147930145, 4.261057711119065e-06, 0.0, 0.0, -0.9999986290931702, -0.016283666715025902, 0.0, 0.0]","[1.0, 0.0, 0.0, 1.0687994956970215, 0.0, 0.3898947834968567, 0.7063942551612854, 0.16378097236156464]",-243.60451660557982
18.850000000000133,339.47662353515625,0.9284870624542236,32.330509185791016,-0.008758544921875,1.0,"[0.0, 0.0, 0.19975295662879944, 0.9811624884605408]","[0.0, 0.0, 4.261057711119065e-06, 4.966666892869398e-05, -0.01669049821794033, 1.0, 0.016333334147930145, 4.261057711119065e-06, 0.0, 0.0, -0.9999986290931702, -0.016283666715025902, 0.0, 0.0]","[1.0, 0.0, 0.0, 1.0687994956970215, 0.0, 0.3898947834968567, 0.7063942551612854, 0.16378097236156464]",-245.98011932272857
18.900000000000134,341.0961608886719,0.9263829588890076,32.4320182800293,-0.007720947265625,1.0,"[0.0, 0.0, 0.20159339904785156, 0.9828097820281982]","[0.0, 0.0, 4.261057711119065e-06, 4.966666892869398e-05, -0.01669049821794033, 1.0, 0.016333334147930145, 4.261057711119065e-06, 0.0, 0.0, -0.9999986290931702, -0.016283666715025902, 0.0, 0.0]","[1.0, 0.0, 0.0, 1.0687994956970215, 0.0, 0.3898947834968567, 0.7063942551612854, 0.16378097236156464]",-247.9779248776531
18.950000000000134,342.72076416015625,0.9184927344322205,32.53350067138672,-0.00677490234375,1.0,"[0.0, 0.0, 0.2020694464445114, 0.9838683605194092]","[0.0, 0.0, 4.261057711119065e-06, 4.966666892869398e-05, -0.01669049821794033, 1.0, 0.016333334147930145, 4.261057711119065e-06, 0.0, 0.0, -0.9999986290931702, -0.016283666715025902, 0.0, 0.0]","[1.0, 0.0, 0.0, 1.0687994956970215, 0.0, 0.3898947834968567, 0.7063942551612854, 0.16378097236156464]",-249.98339887884316
19.000000000000135,344.3504638671875,0.9047675132751465,32.6350212097168,-0.0059814453125,1.0,"[0.0, 0.0, 0.2013261616230011, 0.9848714470863342]","[0.0, 0.0, 4.261057711119065e-06, 4.966666892869398e-05, -0.01669049821794033, 1.0, 0.016333334147930145, 4.261057711119065e-06, 0.0, 0.0, -0.9999986290931702, -0.016283666715025902, 0.0, 0.0]","[1.0, 0.0, 0.0, 1.0687994956970215, 0.0, 0.3898947834968567, 0.7063942551612854, 0.16378097236156464]",-251.9938390611193
19.050000000000136,345.985107421875,0.885227620601654,32.73659896850586,-0.005340576171875,1.0,"[0.0, 0.0, 0.1994764655828476, 0.9844285249710083]","[0.0, 0.0, 4.261057711119065e-06, 4.966666892869398e-05, -0.01669049821794033, 1.0, 0.016333334147930145, 4.261057711119065e-06, 0.0, 0.0, -0.9999986290931702, -0.016283666715025902, 0.0, 0.0]","[1.0, 0.0, 0.0, 1.0687994956970215, 0.0, 0.3898947834968567, 0.7063942551612854, 0.16378097236156464]",-254.40595784998516
19.100000000000136,347.624755859375,0.8600227236747742,32.83742904663086,-0.004180908203125,0.97265625,"[0.0, 0.2939000129699707, 0.19392351806163788, 0.981133222579956]","[0.0, 0.0, 4.261057711119065e-06, 4.966666892869398e-05, -0.01669049821794033, 1.0, 0.016333334147930145, 4.261057711119065e-06, 0.0, 0.0, -0.9999986290931702, -0.016283666715025902, 0.0, 0.0]","[1.0, 0.0, 0.0, 1.0687994956970215, 0.0, 0.3898947834968567, 0.7063942551612854, 0.16378097236156464]",-256.4417748707461
19.150000000000137,349.26922607421875,0.8294165134429932,32.93233108520508,-0.0028076171875,0.828125,"[0.0, 1.0, 0.18194109201431274, 0.9762229919433594]","[0.0, 0.0, 4.261057711119065e-06, 4.966666892869398e-05, -0.01669049821794033, 1.0, 0.016333334147930145, 4.261057711119065e-06, 0.0, 0.0, -0.9999986290931702, -0.016283666715025902, 0.0, 0.0]","[1.0, 0.0, 0.0, 1.0687994956970215, 0.0, 0.3898947834968567, 0.7063942551612854, 0.16378097236156464]",-258.49063331770077
19.200000000000138,350.9178466796875,0.7938944697380066,33.01137924194336,-0.0001220703125,0.66015625,"[0.0, 1.0, 0.15584132075309753, 0.9648553133010864]","[0.0, 0.0, 4.261057711119065e-06, 4.966666892869398e-05, -0.01669049821794033, 1.0, 0.016333334147930145, 4.261057711119065e-06, 0.0, 0.0, -0.9999986290931702, -0.016283666715025902, 0.0, 0.0]","[1.0, 0.0, 0.0, 1.0687994956970215, 0.0, 0.3898947834968567, 0.7063942551612854, 0.16378097236156464]",-260.5505779064835
19.25000000000014,352.5695495605469,0.7542091012001038,33.06687927246094,0.003662109375,0.4920501708984375,"[0.0, 1.0, 0.1176263689994812, 0.9566634297370911]","[0.0, 0.0, 4.261057711119065e-06, 4.966666892869398e-05, -0.01669049821794033, 1.0, 0.016333334147930145, 4.261057711119065e-06, 0.0, 0.0, -0.9999986290931702, -0.016283666715025902, 0.0, 0.0]","[1.0, 0.0, 0.0, 1.0687994956970215, 0.0, 0.3898947834968567, 0.7063942551612854, 0.16378097236156464]",-263.0492513357586
19.30000000000014,354.2231140136719,0.7115697860717773,33.09489822387695,0.01007080078125,0.3452301025390625,"[0.0, 1.0, 0.06658066064119339, 0.9483696818351746]","[0.0, 0.0, 4.261057711119065e-06, 4.966666892869398e-05, -0.01669049821794033, 1.0, 0.016333334147930145, 4.261057711119065e-06, 0.0, 0.0, -0.9999986290931702, -0.016283666715025902, 0.0, 0.0]","[1.0, 0.0, 0.0, 1.0687994956970215, 0.0, 0.3898947834968567, 0.7063942551612854, 0.16378097236156464]",-265.1448257364147
19.35000000000014,355.8771667480469,0.6674866080284119,33.09476089477539,0.016510009765625,0.20000000298023224,"[0.0, 1.0, 0.01301705464720726, 0.9477972984313965]","[0.0, 0.0, 4.261057711119065e-06, 4.966666892869398e-05, -0.01669049821794033, 1.0, 0.016333334147930145, 4.261057711119065e-06, 0.0, 0.0, -0.9999986290931702, -0.016283666715025902, 0.0, 0.0]","[1.0, 0.0, 0.0, 1.0687994956970215, 0.0, 0.3898947834968567, 0.7063942551612854, 0.16378097236156464]",-267.2560221217774
19.40000000000014,357.5303955078125,0.6238180994987488,33.070621490478516,0.023895263671875,0.20000000298023224,"[0.0, 1.0, 0.056629009544849396, 0.9406099915504456]","[0.0, 0.0, 4.261057711119065e-06, 4.966666892869398e-05, -0.01669049821794033, 1.0, 0.016333334147930145, 4.261057711119065e-06, 0.0, 0.0, -0.9999986290931702, -0.016283666715025902, 0.0, 0.0]","[1.0, 0.0, 0.0, 1.0687994956970215, 0.0, 0.3898947834968567, 0.7063942551612854, 0.16378097236156464]",-269.3837974399396
19.45000000000014,359.1819763183594,0.5828519463539124,33.031089782714844,0.032257080078125,0.20000000298023224,"[0.0, 1.0, 0.12066416442394257, 0.9357323050498962]","[0.0, 0.0, 4.261057711119065e-06, 4.966666892869398e-05, -0.01669049821794033, 1.0, 0.016333334147930145, 4.261057711119065e-06, 0.0, 0.0, -0.9999986290931702, -0.016283666715025902, 0.0, 0.0]","[1.0, 0.0, 0.0, 1.0687994956970215, 0.0, 0.3898947834968567, 0.7063942551612854, 0.16378097236156464]",-272.0433920230235
19.500000000000142,360.83135986328125,0.5472677946090698,32.98094177246094,0.041259765625,0.20000000298023224,"[0.0, 1.0, 0.18770021200180054, 0.9291623830795288]","[0.0, 0.0, 4.261057711119065e-06, 4.966666892869398e-05, -0.01669049821794033, 1.0, 0.016333334147930145, 4.261057711119065e-06, 0.0, 0.0, -0.9999986290931702, -0.016283666715025902, 0.0, 0.0]","[1.0, 0.0, 0.0, 1.0687994956970215, 0.0, 0.3898947834968567, 0.7063942551612854, 0.16378097236156464]",-274.19408955165903
19.550000000000143,362.4779357910156,0.5229365229606628,32.91267013549805,0.085845947265625,0.20000000298023224,"[0.0, 1.0, 0.3433946967124939, 0.8265279531478882]","[0.0, 0.0, 4.261057711119065e-06, 4.966666892869398e-05, -0.01669049821794033, 1.0, 0.016333334147930145, 4.261057711119065e-06, 0.0, 0.0, -0.9999986290931702, -0.016283666715025902, 0.0, 0.0]","[1.0, 0.0, 0.0, 1.0687994956970215, 0.0, 0.3898947834968567, 0.7063942551612854, 0.16378097236156464]",-276.32756926971047
19.600000000000144,364.1209411621094,0.5137874484062195,32.83721160888672,0.086273193359375,0.20000000298023224,"[0.0, 1.0, 0.3888404369354248, 0.931211531162262]","[0.0, 0.0, 4.261057711119065e-06, 4.966666892869398e-05, -0.01669049821794033, 1.0, 0.016333334147930145, 4.261057711119065e-06, 0.0, 0.0, -0.9999986290931702, -0.016283666715025902, 0.0, 0.0]","[1.0, 0.0, 0.0, 1.0687994956970215, 0.0, 0.3898947834968567, 0.7063942551612854, 0.16378097236156464]",-278.5253600769652
19.650000000000144,365.7598876953125,0.5228098630905151,32.75260925292969,0.090301513671875,0.20000000298023224,"[0.0, 1.0, 0.4544861614704132, 0.9109948873519897]","[0.0, 0.0, 4.261057711119065e-06, 4.966666892869398e-05, -0.01669049821794033, 1.0, 0.016333334147930145, 4.261057711119065e-06, 0.0, 0.0, -0.9999986290931702, -0.016283666715025902, 0.0, 0.0]","[1.0, 0.0, 0.0, 1.0687994956970215, 0.0, 0.3898947834968567, 0.7063942551612854, 0.16378097236156464]",-281.28525870848057
19.700000000000145,367.3940124511719,0.5536970496177673,32.657718658447266,0.0916748046875,0.20000000298023224,"[0.0, 1.0, 0.5189635753631592, 0.9123735427856445]","[0.0, 0.0, 4.261057711119065e-06, 4.966666892869398e-05, -0.01669049821794033, 1.0, 0.016333334147930145, 4.261057711119065e-06, 0.0, 0.0, -0.9999986290931702, -0.016283666715025902, 0.0, 0.0]","[1.0, 0.0, 0.0, 1.0687994956970215, 0.0, 0.3898947834968567, 0.7063942551612854, 0.16378097236156464]",-283.4877028202036
19.750000000000146,369.0223083496094,0.6099990606307983,32.55120086669922,0.0916748046875,0.20000000298023224,"[0.0, 1.0, 0.5788408517837524, 0.9146841168403625]","[0.0, 0.0, 4.261057711119065e-06, 4.966666892869398e-05, -0.01669049821794033, 1.0, 0.016333334147930145, 4.261057711119065e-06, 0.0, 0.0, -0.9999986290931702, -0.016283666715025902, 0.0, 0.0]","[1.0, 0.0, 0.0, 1.0687994956970215, 0.0, 0.3898947834968567, 0.7063942551612854, 0.16378097236156464]",-285.71103113194636
19.800000000000146,370.64349365234375,0.6950326561927795,32.431549072265625,0.09149169921875,0.20000000298023224,"[0.0, 1.0, 0.5784685611724854, 0.9166061282157898]","[0.0, 0.0, 4.261057711119065e-06, 4.966666892869398e-05, -0.01669049821794033, 1.0, 0.016333334147930145, 4.261057711119065e-06, 0.0, 0.0, -0.9999986290931702, -0.016283666715025902, 0.0, 0.0]","[1.0, 0.0, 0.0, 1.0687994956970215, 0.0, 0.3898947834968567, 0.7063942551612854, 0.16378097236156464]",-287.9471451551977
19.850000000000147,372.25628662109375,0.8117815256118774,32.29772186279297,0.09124755859375,0.20000000298023224,"[0.0, 1.0, 0.5779134035110474, 0.9196224808692932]","[0.0, 0.0, 4.261057711119065e-06, 4.966666892869398e-05, -0.01669049821794033, 1.0, 0.016333334147930145, 4.261057711119065e-06, 0.0, 0.0, -0.9999986290931702, -0.016283666715025902, 0.0, 0.0]","[1.0, 0.0, 0.0, 1.0687994956970215, 0.0, 0.3898947834968567, 0.7063942551612854, 0.16378097236156464]",-290.7626304537805
19.900000000000148,373.85888671875,0.9628493785858154,32.149009704589844,0.09124755859375,0.20000000298023224,"[0.0, 1.0, 0.5773160457611084, 0.9223023056983948]","[0.0, 0.0, 4.261057711119065e-06, 4.966666892869398e-05, -0.01669049821794033, 1.0, 0.016333334147930145, 4.261057711119065e-06, 0.0, 0.0, -0.9999986290931702, -0.016283666715025902, 0.0, 0.0]","[1.0, 0.0, 0.0, 1.0687994956970215, 0.0, 0.3898947834968567, 0.7063942551612854, 0.16378097236156464]",-292.9549998175385
19.95000000000015,375.4496154785156,1.1504343748092651,31.98526954650879,0.09124755859375,0.20000000298023224,"[0.0, 1.0, 0.5766659379005432, 0.9250187277793884]","[0.0, 0.0, 4.261057711119065e-06, 4.966666892869398e-05, -0.01669049821794033, 1.0, 0.016333334147930145, 4.261057711119065e-06, 0.0, 0.0, -0.9999986290931702, -0.016283666715025902, 0.0, 0.0]","[1.0, 0.0, 0.0, 1.0687994956970215, 0.0, 0.3898947834968567, 0.7063942551612854, 0.16378097236156464]",-295.1305197549081
20.00000000000015,377.02642822265625,1.376333475112915,31.806699752807617,0.09124755859375,0.20000000298023224,"[0.0, 1.0, 0.5759767293930054, 0.9270554184913635]","[0.0, 0.0, 4.261057711119065e-06, 4.966666892869398e-05, -0.01669049821794033, 1.0, 0.016333334147930145, 4.261057711119065e-06, 0.0, 0.0, -0.9999986290931702, -0.016283666715025902, 0.0, 0.0]","[1.0, 0.0, 0.0, 1.0687994956970215, 0.0, 0.3898947834968567, 0.7063942551612854, 0.16378097236156464]",-297.28703482512753
20.05000000000015,378.5874938964844,1.6419658660888672,31.613740921020508,0.09124755859375,0.20000000298023224,"[0.0, 1.0, 0.5752711892127991, 0.9283531308174133]","[0.0, 0.0, 4.261057711119065e-06, 4.966666892869398e-05, -0.01669049821794033, 1.0, 0.016333334147930145, 4.261057711119065e-06, 0.0, 0.0, -0.9999986290931702, -0.016283666715025902, 0.0, 0.0]","[1.0, 0.0, 0.0, 1.0687994956970215, 0.0, 0.3898947834968567, 0.7063942551612854, 0.16378097236156464]",-300.14453283529974
20.10000000000015,380.130615234375,1.9484165906906128,31.406780242919922,0.091644287109375,0.20000000298023224,"[0.0, 1.0, 0.5747094750404358, 0.9284605979919434]","[0.0, 0.0, 4.261057711119065e-06, 4.966666892869398e-05, -0.01669049821794033, 1.0, 0.016333334147930145, 4.261057711119065e-06, 0.0, 0.0, -0.9999986290931702, -0.016283666715025902, 0.0, 0.0]","[1.0, 0.0, 0.0, 1.0687994956970215, 0.0, 0.3898947834968567, 0.7063942551612854, 0.16378097236156464]",-302.16457241766267
20.15000000000015,381.6536560058594,2.29655385017395,31.18474006652832,0.09490966796875,0.20000000298023224,"[0.0, 1.0, 0.5751973986625671, 0.9246550798416138]","[0.0, 0.0, 4.261057711119065e-06, 4.966666892869398e-05, -0.01669049821794033, 1.0, 0.016333334147930145, 4.261057711119065e-06, 0.0, 0.0, -0.9999986290931702, -0.016283666715025902, 0.0, 0.0]","[1.0, 0.0, 0.0, 1.0687994956970215, 0.0, 0.3898947834968567, 0.7063942551612854, 0.16378097236156464]",-304.0138888477854
20.200000000000152,383.1541748046875,2.6871843338012695,30.943859100341797,0.105621337890625,0.20000000298023224,"[0.0, 1.0, 0.5784404277801514, 0.9145640134811401]","[0.0, 0.0, 4.261057711119065e-06, 4.966666892869398e-05, -0.01669049821794033, 1.0, 0.016333334147930145, 4.261057711119065e-06, 0.0, 0.0, -0.9999986290931702, -0.016283666715025902, 0.0, 0.0]","[1.0, 0.0, 0.0, 1.0687994956970215, 0.0, 0.3898947834968567, 0.7063942551612854, 0.16378097236156464]",-305.8744365916104
20.250000000000153,384.6258239746094,3.1300511360168457,30.618200302124023,0.124237060546875,0.20000000298023224,"[0.0, 1.0, 0.6533270478248596, 0.6670131683349609]","[0.0, 0.0, 4.261057711119065e-06, 4.966666892869398e-05, -0.01669049821794033, 1.0, 0.016333334147930145, 4.261057711119065e-06, 0.0, 0.0, -0.9999986290931702, -0.016283666715025902, 0.0, 0.0]","[1.0, 0.0, 0.0, 1.0687994956970215, 0.0, 0.3898947834968567, 0.7063942551612854, 0.16378097236156464]",-308.0799134094897
20.300000000000153,386.07635498046875,3.596261739730835,30.39794921875,0.14923095703125,0.20000000298023224,"[0.0, 1.0, 0.5726039409637451, 0.502673864364624]","[0.0, 0.0, 4.261057711119065e-06, 4.966666892869398e-05, -0.01669049821794033, 1.0, 0.016333334147930145, 4.261057711119065e-06, 0.0, 0.0, -0.9999986290931702, -0.016283666715025902, 0.0, 0.0]","[1.0, 0.0, 0.0, 1.0687994956970215, 0.0, 0.3898947834968567, 0.7063942551612854, 0.16378097236156464]",-309.92339779227615
20.350000000000154,387.5033264160156,4.091346263885498,30.12902069091797,0.17889404296875,0.20000000298023224,"[0.0, 1.0, 0.5850127339363098, 0.8517030477523804]","[0.0, 0.0, 4.261057711119065e-06, 4.966666892869398e-05, -0.01669049821794033, 1.0, 0.016333334147930145, 4.261057711119065e-06, 0.0, 0.0, -0.9999986290931702, -0.016283666715025902, 0.0, 0.0]","[1.0, 0.0, 0.0, 1.0687994956970215, 0.0, 0.3898947834968567, 0.7063942551612854, 0.16378097236156464]",-311.7531508474512
20.400000000000155,388.9062805175781,4.614330291748047,29.86433982849121,0.209869384765625,0.20000000298023224,"[0.0, 1.0, 0.5794325470924377, 0.8902970552444458]","[0.0, 0.0, 4.261057711119065e-06, 4.966666892869398e-05, -0.01669049821794033, 1.0, 0.016333334147930145, 4.261057711119065e-06, 0.0, 0.0, -0.9999986290931702, -0.016283666715025902, 0.0, 0.0]","[1.0, 0.0, 0.0, 1.0687994956970215, 0.0, 0.3898947834968567, 0.7063942551612854, 0.16378097236156464]",-313.57205309723355
20.450000000000156,390.2830505371094,5.16530179977417,29.553539276123047,0.238037109375,0.20000000298023224,"[0.0, 1.0, 0.5926976203918457, 0.8862036466598511]","[0.0, 0.0, 4.261057711119065e-06, 4.966666892869398e-05, -0.01669049821794033, 1.0, 0.016333334147930145, 4.261057711119065e-06, 0.0, 0.0, -0.9999986290931702, -0.016283666715025902, 0.0, 0.0]","[1.0, 0.0, 0.0, 1.0687994956970215, 0.0, 0.3898947834968567, 0.7063942551612854, 0.16378097236156464]",-315.70790156747876
20.500000000000156,391.63031005859375,5.744965076446533,29.19879913330078,0.26348876953125,0.20000000298023224,"[0.0, 1.0, 0.6058558821678162, 0.8926353454589844]","[0.0, 0.0, 4.261057711119065e-06, 4.966666892869398e-05, -0.01669049821794033, 1.0, 0.016333334147930145, 4.261057711119065e-06, 0.0, 0.0, -0.9999986290931702, -0.016283666715025902, 0.0, 0.0]","[1.0, 0.0, 0.0, 1.0687994956970215, 0.0, 0.3898947834968567, 0.7063942551612854, 0.16378097236156464]",-317.39730978036766
20.550000000000157,392.94061279296875,6.356660842895508,28.729700088500977,0.28106689453125,0.20000000298023224,"[0.0, 1.0, 0.6426127552986145, 0.7223572731018066]","[0.0, 0.0, 4.261057711119065e-06, 4.966666892869398e-05, -0.01669049821794033, 1.0, 0.016333334147930145, 4.261057711119065e-06, 0.0, 0.0, -0.9999986290931702, -0.016283666715025902, 0.0, 0.0]","[1.0, 0.0, 0.0, 1.0687994956970215, 0.0, 0.3898947834968567, 0.7063942551612854, 0.16378097236156464]",-319.0335494492343
20.600000000000158,394.1957702636719,7.013942241668701,28.113309860229492,0.289520263671875,0.20000000298023224,"[0.0, 1.0, 0.6907626390457153, 0.6256423592567444]","[0.0, 0.0, 4.261057711119065e-06, 4.966666892869398e-05, -0.01669049821794033, 1.0, 0.016333334147930145, 4.261057711119065e-06, 0.0, 0.0, -0.9999986290931702, -0.016283666715025902, 0.0, 0.0]","[1.0, 0.0, 0.0, 1.0687994956970215, 0.0, 0.3898947834968567, 0.7063942551612854, 0.16378097236156464]",-320.6095540532995
20.65000000000016,395.394287109375,7.714491367340088,27.5433406829834,0.29168701171875,0.20000000298023224,"[0.0, 1.0, 0.6776944994926453, 0.8574806451797485]","[0.0, 0.0, 4.261057711119065e-06, 4.966666892869398e-05, -0.01669049821794033, 1.0, 0.016333334147930145, 4.261057711119065e-06, 0.0, 0.0, -0.9999986290931702, -0.016283666715025902, 0.0, 0.0]","[1.0, 0.0, 0.0, 1.0687994956970215, 0.0, 0.3898947834968567, 0.7063942551612854, 0.16378097236156464]",-322.4248851526027
20.70000000000016,396.53900146484375,8.450793266296387,27.0297794342041,0.29144287109375,0.20000000298023224,"[0.0, 1.0, 0.6610026359558105, 0.814333438873291]","[0.0, 0.0, 4.261057711119065e-06, 4.966666892869398e-05, -0.01669049821794033, 1.0, 0.016333334147930145, 4.261057711119065e-06, 0.0, 0.0, -0.9999986290931702, -0.016283666715025902, 0.0, 0.0]","[1.0, 0.0, 0.0, 1.0687994956970215, 0.0, 0.3898947834968567, 0.7063942551612854, 0.16378097236156464]",-323.8946906173088
20.75000000000016,397.4058532714844,9.026920318603516,5.184060096740723,0.29107666015625,0.20000000298023224,"[0.9027012586593628, 0.0, 1.0, 0.43830108642578125]","[0.0, 0.0, 4.261057711119065e-06, 4.966666892869398e-05, -0.01669049821794033, 1.0, 0.016333334147930145, 4.261057711119065e-06, 0.0, 0.0, -0.9999986290931702, -0.016283666715025902, 0.0, 0.0]","[1.0, 0.0, 0.0, 1.0687994956970215, 0.0, 0.3898947834968567, 0.7063942551612854, 0.16378097236156464]",-325.08893344100966
20.80000000000016,397.2153015136719,8.947053909301758,4.19966983795166,0.2896728515625,0.20000000298023224,"[0.8381011486053467, 0.996999979019165, 0.903296709060669, 0.4097457528114319]","[0.0, 0.0, 4.261057711119065e-06, 4.966666892869398e-05, -0.01669049821794033, 1.0, 0.016333334147930145, 4.261057711119065e-06, 0.0, 0.0, -0.9999986290931702, -0.016283666715025902, 0.0, 0.0]","[1.0, 0.0, 0.0, 1.0687994956970215, 0.0, 0.3898947834968567, 0.7063942551612854, 0.16378097236156464]",-324.8960197002864
