sim_time,x,y,speed,steer,throttle,style_scores,alert_state,alert_raw,alert_score
0.05,104.59001922607422,191.77003479003906,0.9800000190734863,0.0,0.5,"[0.3768119812011719, 0.15489999949932098, 0.0, 0.9431818127632141]","[0.0, 0.0, -3.1957933970261365e-06, 0.00011933333735214546, -0.04375659301877022, 1.0, 0.016333334147930145, -3.1957933970261365e-06, 0.0, 0.0, 1.0172526572205243e-06, -0.016214000061154366, 0.0, 0.0]","[0.0, 0.0, 0.0, 0.638528048992157, 0.0, 0.03284760192036629, 0.3416789770126343, 0.5972456336021423]",1.0
0.1,104.59001922607422,191.77003479003906,1.4700000286102295,-0.00457763671875,0.20000000298023224,"[0.4089679718017578, 0.23229999840259552, 0.0, 0.9659090638160706]","[0.0, 0.0, -3.1957933970261365e-06, 0.00011933333735214546, -0.04375659301877022, 1.0, 0.016333334147930145, -3.1957933970261365e-06, 0.0, 0.0, 1.0172526572205243e-06, -0.016214000061154366, 0.0, 0.0]","[0.0, 0.0, 0.0, 0.638528048992157, 0.0, 0.03284760192036629, 0.3416789770126343, 0.5972456336021423]",1.0
0.15000000000000002,104.59001922607422,191.77003479003906,1.7187600135803223,-0.00457763671875,0.20000000298023224,"[0.6752927303314209, 0.4456000030040741, 0.0, 0.7238331437110901]","[0.0, 0.0, -3.1957933970261365e-06, 0.00011933333735214546, -0.04375659301877022, 1.0, 0.016333334147930145, -3.1957933970261365e-06, 0.0, 0.0, 1.0172526572205243e-06, -0.016214000061154366, 0.0, 0.0]","[0.0, 0.0, 0.0, 0.638528048992157, 0.0, 0.03284760192036629, 0.3416789770126343, 0.5972456336021423]",1.0
0.2,104.59001922607422,191.77003479003906,0.9489799737930298,-0.00457763671875,0.20000000298023224,"[0.624776303768158, 0.2328999936580658, 0.0, 0.5113636255264282]","[0.0, 0.0, -3.1957933970261365e-06, 0.00011933333735214546, -0.04375659301877022, 1.0, 0.016333334147930145, -3.1957933970261365e-06, 0.0, 0.0, 1.0172526572205243e-06, -0.016214000061154366, 0.0, 0.0]","[0.0, 0.0, 0.0, 0.638528048992157, 0.0, 0.03284760192036629, 0.3416789770126343, 0.5972456336021423]",1.0
0.25,104.59001922607422,191.77003479003906,0.48186999559402466,-0.00457763671875,0.20000000298023224,"[0.5941224694252014, 0.12210000306367874, 0.0, 0.6907535195350647]","[0.0, 0.0, -3.1957933970261365e-06, 0.00011933333735214546, -0.04375659301877022, 1.0, 0.016333334147930145, -3.1957933970261365e-06, 0.0, 0.0, 1.0172526572205243e-06, -0.016214000061154366, 0.0, 0.0]","[0.0, 0.0, 0.0, 0.638528048992157, 0.0, 0.03284760192036629, 0.3416789770126343, 0.5972456336021423]",0.9770132939141812
0.3,104.59001922607422,191.77003479003906,0.20643000304698944,-0.00457763671875,0.20000000298023224,"[0.5760468244552612, 0.05339999869465828, 8.791208188085875e-07, 0.791659951210022]","[0.0, 0.0, -3.1957933970261365e-06, 0.00011933333735214546, -0.04375659301877022, 1.0, 0.016333334147930145, -3.1957933970261365e-06, 0.0, 0.0, 1.0172526572205243e-06, -0.016214000061154366, 0.0, 0.0]","[0.0, 0.0, 0.0, 0.638528048992157, 0.0, 0.03284760192036629, 0.3416789770126343, 0.5972456336021423]",0.8850279493900145
0.35,104.59001922607422,191.77003479003906,0.05063999816775322,-0.00457763671875,0.20000000298023224,"[0.5658231973648071, 0.013299999758601189, 4.3956040940429375e-07, 0.8699873685836792]","[0.0, 0.0, -3.1957933970261365e-06, 0.00011933333735214546, -0.04375659301877022, 1.0, 0.016333334147930145, -3.1957933970261365e-06, 0.0, 0.0, 1.0172526572205243e-06, -0.016214000061154366, 0.0, 0.0]","[0.0, 0.0, 0.0, 0.638528048992157, 0.0, 0.03284760192036629, 0.3416789770126343, 0.5972456336021423]",0.783928159392835
0.39999999999999997,104.59001922607422,191.77003479003906,0.0318400003015995,-0.00457763671875,0.20000000298023224,"[0.5645895004272461, 0.00839999970048666, 4.3956040940429375e-07, 0.9307903051376343]","[0.0, 0.0, -3.1957933970261365e-06, 0.00011933333735214546, -0.04375659301877022, 1.0, 0.016333334147930145, -3.1957933970261365e-06, 0.0, 0.0, 1.0172526572205243e-06, -0.016214000061154366, 0.0, 0.0]","[0.0, 0.0, 0.0, 0.638528048992157, 0.0, 0.03284760192036629, 0.3416789770126343, 0.5972456336021423]",0.4246648193362792
0.44999999999999996,104.59001922607422,191.77003479003906,0.07050999999046326,-0.00457763671875,0.20000000298023224,"[0.5671272277832031, 0.018699999898672104, 4.3956040940429375e-07, 0.9548987746238708]","[0.0, 0.0, -3.1957933970261365e-06, 0.00011933333735214546, -0.04375659301877022, 1.0, 0.016333334147930145, -3.1957933970261365e-06, 0.0, 0.0, 1.0172526572205243e-06, -0.016214000061154366, 0.0, 0.0]","[0.0, 0.0, 0.0, 0.638528048992157, 0.0, 0.03284760192036629, 0.3416789770126343, 0.5972456336021423]",0.1964815401463753
0.49999999999999994,104.59001922607422,191.77003479003906,0.0839100033044815,-0.00457763671875,0.4880828857421875,"[0.5680065155029297, 0.014299999922513962, 0.0, 0.9524648785591125]","[0.0, 0.0, -3.1957933970261365e-06, 0.00011933333735214546, -0.04375659301877022, 1.0, 0.016333334147930145, -3.1957933970261365e-06, 0.0, 0.0, 1.0172526572205243e-06, -0.016214000061154366, 0.0, 0.0]","[0.0, 0.0, 0.0, 0.638528048992157, 0.0, 0.03284760192036629, 0.3416789770126343, 0.5972456336021423]",-0.042315298592817685
0.5499999999999999,104.59001922607422,191.77003479003906,0.08347000181674957,-0.00457763671875,0.76953125,"[0.5679776668548584, 0.006399999838322401, 4.3956040940429375e-07, 0.9646458029747009]","[0.0, 0.0, -3.1957933970261365e-06, 0.00011933333735214546, -0.04375659301877022, 1.0, 0.016333334147930145, -3.1957933970261365e-06, 0.0, 0.0, 1.0172526572205243e-06, -0.016214000061154366, 0.0, 0.0]","[0.0, 0.0, 0.0, 0.638528048992157, 0.0, 0.03284760192036629, 0.3416789770126343, 0.5972456336021423]",-0.29788556587651516
0.6,104.59001922607422,191.77003479003906,0.07614000141620636,-0.00457763671875,0.84765625,"[0.567496657371521, 0.0038999998942017555, 0.0, 0.9927284121513367]","[0.0, 0.0, -3.1957933970261365e-06, 0.00011933333735214546, -0.04375659301877022, 1.0, 0.016333334147930145, -3.1957933970261365e-06, 0.0, 0.0, 1.0172526572205243e-06, -0.016214000061154366, 0.0, 0.0]","[0.0, 0.0, 0.0, 0.638528048992157, 0.0, 0.03284760192036629, 0.3416789770126343, 0.5972456336021423]",-0.5565472828421261
0.65,104.59001922607422,191.77003479003906,0.06597000360488892,-0.00457763671875,0.8515625,"[0.5668292045593262, 0.0032999999821186066, 4.3956040940429375e-07, 0.9960333108901978]","[0.0, 0.0, -3.1957933970261365e-06, 0.00011933333735214546, -0.04375659301877022, 1.0, 0.016333334147930145, -3.1957933970261365e-06, 0.0, 0.0, 1.0172526572205243e-06, -0.016214000061154366, 0.0, 0.0]","[0.0, 0.0, 0.0, 0.638528048992157, 0.0, 0.03284760192036629, 0.3416789770126343, 0.5972456336021423]",-1.0968835427011667
0.7000000000000001,104.59001922607422,191.77003479003906,0.05525000020861626,-0.00457763671875,0.859375,"[0.566125750541687, 0.0026000000070780516, 0.0, 0.9980322122573853]","[0.0, 0.0, -3.1957933970261365e-06, 0.00011933333735214546, -0.04375659301877022, 1.0, 0.016333334147930145, -3.1957933970261365e-06, 0.0, 0.0, 1.0172526572205243e-06, -0.016214000061154366, 0.0, 0.0]","[0.0, 0.0, 0.0, 0.638528048992157, 0.0, 0.03284760192036629, 0.3416789770126343, 0.5972456336021423]",-1.4097293208717159
0.7500000000000001,104.59001922607422,191.77003479003906,0.045159999281167984,-0.00457763671875,0.91015625,"[0.5654635429382324, 0.0013000000035390258, 4.3956040940429375e-07, 0.998045802116394]","[0.0, 0.0, -3.1957933970261365e-06, 0.00011933333735214546, -0.04375659301877022, 1.0, 0.016333334147930145, -3.1957933970261365e-06, 0.0, 0.0, 1.0172526572205243e-06, -0.016214000061154366, 0.0, 0.0]","[0.0, 0.0, 0.0, 0.638528048992157, 0.0, 0.03284760192036629, 0.3416789770126343, 0.5972456336021423]",-1.7353957113849643
0.8000000000000002,104.59001922607422,191.77003479003906,0.036249998956918716,-0.00457763671875,0.95703125,"[0.5648789405822754, 0.0005000000237487257, 0.0, 0.9977152347564697]","[0.0, 0.0, -3.1957933970261365e-06, 0.00011933333735214546, -0.04375659301877022, 1.0, 0.016333334147930145, -3.1957933970261365e-06, 0.0, 0.0, 1.0172526572205243e-06, -0.016214000061154366, 0.0, 0.0]","[0.0, 0.0, 0.0, 0.638528048992157, 0.0, 0.03284760192036629, 0.3416789770126343, 0.5972456336021423]",-2.4256634430046073
0.8500000000000002,104.59003448486328,191.77003479003906,0.028759999200701714,-0.00457763671875,0.97265625,"[0.564387321472168, 0.0003000000142492354, 0.0018632966093719006, 0.9962352514266968]","[0.0, 0.0, -3.1957933970261365e-06, 0.00011933333735214546, -0.04375659301877022, 1.0, 0.016333334147930145, -3.1957933970261365e-06, 0.0, 0.0, 1.0172526572205243e-06, -0.016214000061154366, 0.0, 0.0]","[0.0, 0.0, 0.0, 0.638528048992157, 0.0, 0.03284760192036629, 0.3416789770126343, 0.5972456336021423]",-2.7843882300303653
0.9000000000000002,104.60449981689453,191.77001953125,0.44878000020980835,-0.00457763671875,0.9765625,"[0.5919509530067444, 0.0032999999821186066, 0.3936127722263336, 0.4937697649002075]","[0.0, 0.0, -3.1957933970261365e-06, 0.00011933333735214546, -0.04375659301877022, 1.0, 0.016333334147930145, -3.1957933970261365e-06, 0.0, 0.0, 1.0172526572205243e-06, -0.016214000061154366, 0.0, 0.0]","[0.0, 0.0, 0.0, 0.638528048992157, 0.0, 0.03284760192036629, 0.3416789770126343, 0.5972456336021423]",-3.135219615103141
0.9500000000000003,104.63999938964844,191.76991271972656,0.8791300058364868,-0.00457763671875,0.984375,"[0.6201924085617065, 0.006599999964237213, 0.3799973726272583, 0.947432279586792]","[0.0, 0.0, -3.1957933970261365e-06, 0.00011933333735214546, -0.04375659301877022, 1.0, 0.016333334147930145, -3.1957933970261365e-06, 0.0, 0.0, 1.0172526572205243e-06, -0.016214000061154366, 0.0, 0.0]","[0.0, 0.0, 0.0, 0.638528048992157, 0.0, 0.03284760192036629, 0.3416789770126343, 0.5972456336021423]",-3.48831455263593
1.0000000000000002,104.69127655029297,191.769775390625,1.0838099718093872,-0.00457763671875,0.9921875,"[0.6336244344711304, 0.00279999990016222, 0.18085406720638275, 0.7049677968025208]","[0.0, 0.0, -3.1957933970261365e-06, 0.00011933333735214546, -0.04375659301877022, 1.0, 0.016333334147930145, -3.1957933970261365e-06, 0.0, 0.0, 1.0172526572205243e-06, -0.016214000061154366, 0.0, 0.0]","[0.0, 0.0, 0.0, 0.638528048992157, 0.0, 0.03284760192036629, 0.3416789770126343, 0.5972456336021423]",-3.839250668637125
1.0500000000000003,104.74956512451172,191.7696075439453,1.21589994430542,-0.00457763671875,1.0,"[0.6422927975654602, 0.0, 0.1171872615814209, 0.8960984349250793]","[0.0, 0.0, -3.1957933970261365e-06, 0.00011933333735214546, -0.04375659301877022, 1.0, 0.016333334147930145, -3.1957933970261365e-06, 0.0, 0.0, 1.0172526572205243e-06, -0.016214000061154366, 0.0, 0.0]","[0.0, 0.0, 0.0, 0.638528048992157, 0.0, 0.03284760192036629, 0.3416789770126343, 0.5972456336021423]",-4.6370198907318025
1.1000000000000003,104.81631469726562,191.76942443847656,1.4080400466918945,-0.00457763671875,1.0,"[0.6549018621444702, 0.0, 0.16973361372947693, 0.9028167724609375]","[0.0, 0.0, -3.1957933970261365e-06, 0.00011933333735214546, -0.04375659301877022, 1.0, 0.016333334147930145, -3.1957933970261365e-06, 0.0, 0.0, 1.0172526572205243e-06, -0.016214000061154366, 0.0, 0.0]","[0.0, 0.0, 0.0, 0.638528048992157, 0.0, 0.03284760192036629, 0.3416789770126343, 0.5972456336021423]",-5.035741710587408
1.1500000000000004,104.89366149902344,191.76914978027344,1.6398999691009521,-0.00457763671875,1.0,"[0.6701175570487976, 0.0, 0.20490196347236633, 0.920916736125946]","[0.0, 0.0, -3.1957933970261365e-06, 0.00011933333735214546, -0.04375659301877022, 1.0, 0.016333334147930145, -3.1957933970261365e-06, 0.0, 0.0, 1.0172526572205243e-06, -0.016214000061154366, 0.0, 0.0]","[0.0, 0.0, 0.0, 0.638528048992157, 0.0, 0.03284760192036629, 0.3416789770126343, 0.5972456336021423]",-5.453143518386993
1.2000000000000004,104.9855728149414,191.76885986328125,1.9687000513076782,-0.00457763671875,1.0,"[0.6916949152946472, 0.0, 0.2900936007499695, 0.8511718511581421]","[0.0, 0.0, -3.1957933970261365e-06, 0.00011933333735214546, -0.04375659301877022, 1.0, 0.016333334147930145, -3.1957933970261365e-06, 0.0, 0.0, 1.0172526572205243e-06, -0.016214000061154366, 0.0, 0.0]","[0.0, 0.0, 0.0, 0.638528048992157, 0.0, 0.03284760192036629, 0.3416789770126343, 0.5972456336021423]",-5.8871400470343005
1.2500000000000004,105.09315490722656,191.7685089111328,2.277630090713501,-0.00457763671875,1.0,"[0.7119683027267456, 0.0, 0.2727402150630951, 0.942116379737854]","[0.0, 0.0, -3.1957933970261365e-06, 0.00011933333735214546, -0.04375659301877022, 1.0, 0.016333334147930145, -3.1957933970261365e-06, 0.0, 0.0, 1.0172526572205243e-06, -0.016214000061154366, 0.0, 0.0]","[0.0, 0.0, 0.0, 0.638528048992157, 0.0, 0.03284760192036629, 0.3416789770126343, 0.5972456336021423]",-6.815369819260978
1.3000000000000005,105.21670532226562,191.76809692382812,2.58978009223938,-0.00457763671875,1.0,"[0.7324529886245728, 0.0, 0.27630242705345154, 0.9617728590965271]","[0.0, 0.0, -3.1957933970261365e-06, 0.00011933333735214546, -0.04375659301877022, 1.0, 0.016333334147930145, -3.1957933970261365e-06, 0.0, 0.0, 1.0172526572205243e-06, -0.016214000061154366, 0.0, 0.0]","[0.0, 0.0, 0.0, 0.638528048992157, 0.0, 0.03284760192036629, 0.3416789770126343, 0.5972456336021423]",-7.210534860199472
1.3500000000000005,105.35700225830078,191.767578125,2.944380044937134,-0.00457763671875,1.0,"[0.7557234168052673, 0.0, 0.31345227360725403, 0.9155099391937256]","[0.0, 0.0, -3.1957933970261365e-06, 0.00011933333735214546, -0.04375659301877022, 1.0, 0.016333334147930145, -3.1957933970261365e-06, 0.0, 0.0, 1.0172526572205243e-06, -0.016214000061154366, 0.0, 0.0]","[0.0, 0.0, 0.0, 0.638528048992157, 0.0, 0.03284760192036629, 0.3416789770126343, 0.5972456336021423]",-7.6083490832521115
1.4000000000000006,105.51667785644531,191.7669219970703,3.3419899940490723,-0.00457763671875,1.0,"[0.7818163633346558, 0.0, 0.3520224094390869, 0.9145068526268005]","[0.0, 0.0, -3.1957933970261365e-06, 0.00011933333735214546, -0.04375659301877022, 1.0, 0.016333334147930145, -3.1957933970261365e-06, 0.0, 0.0, 1.0172526572205243e-06, -0.016214000061154366, 0.0, 0.0]","[0.0, 0.0, 0.0, 0.638528048992157, 0.0, 0.03284760192036629, 0.3416789770126343, 0.5972456336021423]",-8.043855398053791
1.4500000000000006,105.69554138183594,191.76614379882812,3.7152700424194336,-0.00457763671875,1.0,"[0.8063126802444458, 0.0, 0.33069494366645813, 0.9371010661125183]","[0.0, 0.0, -3.1957933970261365e-06, 0.00011933333735214546, -0.04375659301877022, 1.0, 0.016333334147930145, -3.1957933970261365e-06, 0.0, 0.0, 1.0172526572205243e-06, -0.016214000061154366, 0.0, 0.0]","[0.0, 0.0, 0.0, 0.638528048992157, 0.0, 0.03284760192036629, 0.3416789770126343, 0.5972456336021423]",-9.152969960606601
1.5000000000000007,105.89236450195312,191.76527404785156,4.070690155029297,-0.00457763671875,1.0,"[0.8296369314193726, 0.0, 0.3152017295360565, 0.9447106122970581]","[0.0, 0.0, -3.1957933970261365e-06, 0.00011933333735214546, -0.04375659301877022, 1.0, 0.016333334147930145, -3.1957933970261365e-06, 0.0, 0.0, 1.0172526572205243e-06, -0.016214000061154366, 0.0, 0.0]","[0.0, 0.0, 0.0, 0.638528048992157, 0.0, 0.03284760192036629, 0.3416789770126343, 0.5972456336021423]",-9.642810106899478
1.5500000000000007,106.10665130615234,191.76422119140625,4.419939994812012,-0.00457763671875,1.0,"[0.8525562286376953, 0.0, 0.3100096583366394, 0.9585310816764832]","[0.0, 0.0, -3.1957933970261365e-06, 0.00011933333735214546, -0.04375659301877022, 1.0, 0.016333334147930145, -3.1957933970261365e-06, 0.0, 0.0, 1.0172526572205243e-06, -0.016214000061154366, 0.0, 0.0]","[0.0, 0.0, 0.0, 0.638528048992157, 0.0, 0.03284760192036629, 0.3416789770126343, 0.5972456336021423]",-10.086343865605446
1.6000000000000008,106.3382797241211,191.76300048828125,4.768539905548096,-0.00457763671875,1.0,"[0.8754329681396484, 0.0, 0.309696227312088, 0.9649872779846191]","[0.0, 0.0, -3.1957933970261365e-06, 0.00011933333735214546, -0.04375659301877022, 1.0, 0.016333334147930145, -3.1957933970261365e-06, 0.0, 0.0, 1.0172526572205243e-06, -0.016214000061154366, 0.0, 0.0]","[0.0, 0.0, 0.0, 0.638528048992157, 0.0, 0.03284760192036629, 0.3416789770126343, 0.5972456336021423]",-10.54348207707389
1.6500000000000008,106.5873794555664,191.76161193847656,5.120049953460693,-0.00457763671875,1.0,"[0.8985005617141724, 0.0, 0.312458872795105, 0.9597225189208984]","[0.0, 0.0, -3.1957933970261365e-06, 0.00011933333735214546, -0.04375659301877022, 1.0, 0.016333334147930145, -3.1957933970261365e-06, 0.0, 0.0, 1.0172526572205243e-06, -0.016214000061154366, 0.0, 0.0]","[0.0, 0.0, 0.0, 0.638528048992157, 0.0, 0.03284760192036629, 0.3416789770126343, 0.5972456336021423]",-10.580931362114194
1.7000000000000008,106.85411834716797,191.760009765625,5.474679946899414,-0.00457763671875,1.0,"[0.9217730164527893, 0.0, 0.3155841827392578, 0.9573701620101929]","[0.0, 0.0, -3.1957933970261365e-06, 0.00011933333735214546, -0.04375659301877022, 1.0, 0.016333334147930145, -3.1957933970261365e-06, 0.0, 0.0, 1.0172526572205243e-06, -0.016214000061154366, 0.0, 0.0]","[0.0, 0.0, 0.0, 0.638528048992157, 0.0, 0.03284760192036629, 0.3416789770126343, 0.5972456336021423]",-10.614199338818048
1.7500000000000009,107.13858032226562,191.7581329345703,5.822780132293701,-0.00457763671875,1.0,"[0.9446169137954712, 0.0, 0.31005141139030457, 0.9555543661117554]","[0.0, 0.0, -3.1957933970261365e-06, 0.00011933333735214546, -0.04375659301877022, 1.0, 0.016333334147930145, -3.1957933970261365e-06, 0.0, 0.0, 1.0172526572205243e-06, -0.016214000061154366, 0.0, 0.0]","[0.0, 0.0, 0.0, 0.638528048992157, 0.0, 0.03284760192036629, 0.3416789770126343, 0.5972456336021423]",-10.657185979263524
1.800000000000001,107.43161010742188,191.7561798095703,5.867330074310303,-0.00457763671875,1.0,"[0.9475404620170593, 0.0, 0.050075601786375046, 0.6391387581825256]","[0.0, 0.0, -3.1957933970261365e-06, 0.00011933333735214546, -0.04375659301877022, 1.0, 0.016333334147930145, -3.1957933970261365e-06, 0.0, 0.0, 1.0172526572205243e-06, -0.016214000061154366, 0.0, 0.0]","[0.0, 0.0, 0.0, 0.638528048992157, 0.0, 0.03284760192036629, 0.3416789770126343, 0.5972456336021423]",-11.043356565987871
1.850000000000001,107.72392272949219,191.7539825439453,5.863420009613037,-0.00457763671875,1.0,"[0.9472838640213013, 0.0, 0.0034367479383945465, 0.9261792302131653]","[0.0, 0.0, -3.1957933970261365e-06, 0.00011933333735214546, -0.04375659301877022, 1.0, 0.016333334147930145, -3.1957933970261365e-06, 0.0, 0.0, 1.0172526572205243e-06, -0.016214000061154366, 0.0, 0.0]","[0.0, 0.0, 0.0, 0.638528048992157, 0.0, 0.03284760192036629, 0.3416789770126343, 0.5972456336021423]",-11.09795262026554
1.900000000000001,108.01632690429688,191.7518310546875,5.88700008392334,-0.00457763671875,1.0,"[0.94883131980896, 0.0, 0.027278153225779533, 0.9488558769226074]","[0.0, 0.0, -3.1957933970261365e-06, 0.00011933333735214546, -0.04375659301877022, 1.0, 0.016333334147930145, -3.1957933970261365e-06, 0.0, 0.0, 1.0172526572205243e-06, -0.016214000061154366, 0.0, 0.0]","[0.0, 0.0, 0.0, 0.638528048992157, 0.0, 0.03284760192036629, 0.3416789770126343, 0.5972456336021423]",-11.131620842694257
1.950000000000001,108.32915496826172,191.7493133544922,6.457640171051025,-0.00457763671875,1.0,"[0.9862792491912842, 0.0, 0.4889731705188751, 0.4343072772026062]","[0.0, 0.0, -3.1957933970261365e-06, 0.00011933333735214546, -0.04375659301877022, 1.0, 0.016333334147930145, -3.1957933970261365e-06, 0.0, 0.0, 1.0172526572205243e-06, -0.016214000061154366, 0.0, 0.0]","[0.0, 0.0, 0.0, 0.638528048992157, 0.0, 0.03284760192036629, 0.3416789770126343, 0.5972456336021423]",-11.125273492561655
2.000000000000001,108.66879272460938,191.74620056152344,6.962259769439697,-0.00457763671875,1.0,"[0.9806053638458252, 0.0, 0.4527767300605774, 0.8835936784744263]","[0.0, 0.0, -3.1957933970261365e-06, 0.00011933333735214546, -0.04375659301877022, 1.0, 0.016333334147930145, -3.1957933970261365e-06, 0.0, 0.0, 1.0172526572205243e-06, -0.016214000061154366, 0.0, 0.0]","[0.0, 0.0, 0.0, 0.638528048992157, 0.0, 0.03284760192036629, 0.3416789770126343, 0.5972456336021423]",-11.366960753013586
2.0500000000000007,109.03180694580078,191.7425537109375,7.416790008544922,-0.00457763671875,1.0,"[0.9507770538330078, 0.0, 0.4062918722629547, 0.9011695981025696]","[0.0, 0.0, -3.1957933970261365e-06, 0.00011933333735214546, -0.04375659301877022, 1.0, 0.016333334147930145, -3.1957933970261365e-06, 0.0, 0.0, 1.0172526572205243e-06, -0.016214000061154366, 0.0, 0.0]","[0.0, 0.0, 0.0, 0.638528048992157, 0.0, 0.03284760192036629, 0.3416789770126343, 0.5972456336021423]",-11.291946572374227
2.1000000000000005,109.4159927368164,191.73851013183594,7.835629940032959,-0.00457763671875,1.0,"[0.9232909083366394, 0.0, 0.37732306122779846, 0.917505145072937]","[0.0, 0.0, -3.1957933970261365e-06, 0.00011933333735214546, -0.04375659301877022, 1.0, 0.016333334147930145, -3.1957933970261365e-06, 0.0, 0.0, 1.0172526572205243e-06, -0.016214000061154366, 0.0, 0.0]","[0.0, 0.0, 0.0, 0.638528048992157, 0.0, 0.03284760192036629, 0.3416789770126343, 0.5972456336021423]",-11.206592174758777
2.1500000000000004,109.82027435302734,191.73390197753906,8.23766040802002,-0.00457763671875,1.0,"[0.8969078660011292, 0.0, 0.3600624203681946, 0.9397748708724976]","[0.0, 0.0, -3.1957933970261365e-06, 0.00011933333735214546, -0.04375659301877022, 1.0, 0.016333334147930145, -3.1957933970261365e-06, 0.0, 0.0, 1.0172526572205243e-06, -0.016214000061154366, 0.0, 0.0]","[0.0, 0.0, 0.0, 0.638528048992157, 0.0, 0.03284760192036629, 0.3416789770126343, 0.5972456336021423]",-11.102568013999148
2.2,110.24440002441406,191.7288818359375,8.637370109558105,-0.00457763671875,1.0,"[0.87067711353302, 0.0, 0.36055341362953186, 0.9573980569839478]","[0.0, 0.0, -3.1957933970261365e-06, 0.00011933333735214546, -0.04375659301877022, 1.0, 0.016333334147930145, -3.1957933970261365e-06, 0.0, 0.0, 1.0172526572205243e-06, -0.016214000061154366, 0.0, 0.0]","[0.0, 0.0, 0.0, 0.638528048992157, 0.0, 0.03284760192036629, 0.3416789770126343, 0.5972456336021423]",-11.30161784144968
2.25,110.68840789794922,191.72325134277344,9.03594970703125,-0.00457763671875,1.0,"[0.8445205688476562, 0.0, 0.3563578128814697, 0.9592684507369995]","[0.0, 0.0, -3.1957933970261365e-06, 0.00011933333735214546, -0.04375659301877022, 1.0, 0.016333334147930145, -3.1957933970261365e-06, 0.0, 0.0, 1.0172526572205243e-06, -0.016214000061154366, 0.0, 0.0]","[0.0, 0.0, 0.0, 0.638528048992157, 0.0, 0.03284760192036629, 0.3416789770126343, 0.5972456336021423]",-11.177084440626164
2.3,111.15223693847656,191.7171173095703,9.433159828186035,-0.00457763671875,1.0,"[0.818453848361969, 0.0, 0.3585437536239624, 0.9603661894798279]","[0.0, 0.0, -3.1957933970261365e-06, 0.00011933333735214546, -0.04375659301877022, 1.0, 0.016333334147930145, -3.1957933970261365e-06, 0.0, 0.0, 1.0172526572205243e-06, -0.016214000061154366, 0.0, 0.0]","[0.0, 0.0, 0.0, 0.638528048992157, 0.0, 0.03284760192036629, 0.3416789770126343, 0.5972456336021423]",-11.033373795079877
2.3499999999999996,111.62008666992188,191.71058654785156,9.336119651794434,-0.00457763671875,1.0,"[0.8248220682144165, 0.0, 0.00435868464410305, 0.46490418910980225]","[0.0, 0.0, -3.1957933970261365e-06, 0.00011933333735214546, -0.04375659301877022, 1.0, 0.016333334147930145, -3.1957933970261365e-06, 0.0, 0.0, 1.0172526572205243e-06, -0.016214000061154366, 0.0, 0.0]","[0.0, 0.0, 0.0, 0.638528048992157, 0.0, 0.03284760192036629, 0.3416789770126343, 0.5972456336021423]",-10.899548250421258
2.3999999999999995,112.08808135986328,191.7038116455078,9.410940170288086,-0.00457763671875,1.0,"[0.8199119567871094, 0.0, 0.04632246121764183, 0.780927300453186]","[0.0, 0.0, -3.1957933970261365e-06, 0.00011933333735214546, -0.04375659301877022, 1.0, 0.016333334147930145, -3.1957933970261365e-06, 0.0, 0.0, 1.0172526572205243e-06, -0.016214000061154366, 0.0, 0.0]","[0.0, 0.0, 0.0, 0.638528048992157, 0.0, 0.03284760192036629, 0.3416789770126343, 0.5972456336021423]",-11.096507955884976
2.4499999999999993,112.56694793701172,191.69644165039062,9.825810432434082,-0.00457763671875,1.0,"[0.7926863431930542, 0.0, 0.37419775128364563, 0.5857411623001099]","[0.0, 0.0, -3.1957933970261365e-06, 0.00011933333735214546, -0.04375659301877022, 1.0, 0.016333334147930145, -3.1957933970261365e-06, 0.0, 0.0, 1.0172526572205243e-06, -0.016214000061154366, 0.0, 0.0]","[0.0, 0.0, 0.0, 0.638528048992157, 0.0, 0.03284760192036629, 0.3416789770126343, 0.5972456336021423]",-10.939995250341426
2.499999999999999,113.073486328125,191.688232421875,10.31056022644043,-0.00457763671875,1.0,"[0.76087486743927, 0.0, 0.4363836944103241, 0.8831642866134644]","[0.0, 0.0, -3.1957933970261365e-06, 0.00011933333735214546, -0.04375659301877022, 1.0, 0.016333334147930145, -3.1957933970261365e-06, 0.0, 0.0, 1.0172526572205243e-06, -0.016214000061154366, 0.0, 0.0]","[0.0, 0.0, 0.0, 0.638528048992157, 0.0, 0.03284760192036629, 0.3416789770126343, 0.5972456336021423]",-10.743721430987945
2.549999999999999,113.60206604003906,191.67919921875,10.724530220031738,-0.00457763671875,1.0,"[0.7337083220481873, 0.0, 0.37441274523735046, 0.8822091817855835]","[0.0, 0.0, -3.1957933970261365e-06, 0.00011933333735214546, -0.04375659301877022, 1.0, 0.016333334147930145, -3.1957933970261365e-06, 0.0, 0.0, 1.0172526572205243e-06, -0.016214000061154366, 0.0, 0.0]","[0.0, 0.0, 0.0, 0.638528048992157, 0.0, 0.03284760192036629, 0.3416789770126343, 0.5972456336021423]",-10.507799400941165
2.5999999999999988,114.14968872070312,191.66937255859375,11.091010093688965,-0.00457763671875,1.0,"[0.7096582651138306, 0.0, 0.3329771161079407, 0.9097294211387634]","[0.0, 0.0, -3.1957933970261365e-06, 0.00011933333735214546, -0.04375659301877022, 1.0, 0.016333334147930145, -3.1957933970261365e-06, 0.0, 0.0, 1.0172526572205243e-06, -0.016214000061154366, 0.0, 0.0]","[0.0, 0.0, 0.0, 0.638528048992157, 0.0, 0.03284760192036629, 0.3416789770126343, 0.5972456336021423]",-10.498654674068304
2.6499999999999986,114.71437072753906,191.65875244140625,11.422080039978027,-0.00457763671875,0.9609375,"[0.687932014465332, 0.14339999854564667, 0.30219998955726624, 0.92400723695755]","[0.0, 0.0, -3.1957933970261365e-06, 0.00011933333735214546, -0.04375659301877022, 1.0, 0.016333334147930145, -3.1957933970261365e-06, 0.0, 0.0, 1.0172526572205243e-06, -0.016214000061154366, 0.0, 0.0]","[0.0, 0.0, 0.0, 0.638528048992157, 0.0, 0.03284760192036629, 0.3416789770126343, 0.5972456336021423]",-10.197720186632974
2.6999999999999984,115.29434967041016,191.64735412597656,11.71638011932373,-0.00457763671875,0.83984375,"[0.6686186790466309, 0.6051999926567078, 0.27026990056037903, 0.9223834276199341]","[0.0, 0.0, -3.1957933970261365e-06, 0.00011933333735214546, -0.04375659301877022, 1.0, 0.016333334147930145, -3.1957933970261365e-06, 0.0, 0.0, 1.0172526572205243e-06, -0.016214000061154366, 0.0, 0.0]","[0.0, 0.0, 0.0, 0.638528048992157, 0.0, 0.03284760192036629, 0.3416789770126343, 0.5972456336021423]",-9.874625362821826
2.7499999999999982,115.88754272460938,191.63514709472656,11.966039657592773,-0.00457763671875,0.734375,"[0.6522349119186401, 1.0, 0.23145098984241486, 0.9131411910057068]","[0.0, 0.0, -3.1957933970261365e-06, 0.00011933333735214546, -0.04375659301877022, 1.0, 0.016333334147930145, -3.1957933970261365e-06, 0.0, 0.0, 1.0172526572205243e-06, -0.016214000061154366, 0.0, 0.0]","[0.0, 0.0, 0.0, 0.638528048992157, 0.0, 0.03284760192036629, 0.3416789770126343, 0.5972456336021423]",-9.534420546878366
2.799999999999998,116.49169921875,191.62217712402344,12.170720100402832,-0.00457763671875,0.6640625,"[0.6388028860092163, 1.0, 0.19232307374477386, 0.9188746809959412]","[0.0, 0.0, -3.1957933970261365e-06, 0.00011933333735214546, -0.04375659301877022, 1.0, 0.016333334147930145, -3.1957933970261365e-06, 0.0, 0.0, 1.0172526572205243e-06, -0.016214000061154366, 0.0, 0.0]","[0.0, 0.0, 0.0, 0.638528048992157, 0.0, 0.03284760192036629, 0.3416789770126343, 0.5972456336021423]",-9.4288086646173
2.849999999999998,117.10472106933594,191.6084747314453,12.334219932556152,-0.00457763671875,0.59765625,"[0.6280732750892639, 1.0, 0.15651340782642365, 0.9289993047714233]","[0.0, 0.0, -3.1957933970261365e-06, 0.00011933333735214546, -0.04375659301877022, 1.0, 0.016333334147930145, -3.1957933970261365e-06, 0.0, 0.0, 1.0172526572205243e-06, -0.016214000061154366, 0.0, 0.0]","[0.0, 0.0, 0.0, 0.638528048992157, 0.0, 0.03284760192036629, 0.3416789770126343, 0.5972456336021423]",-9.056093446273035
2.8999999999999977,117.72469329833984,191.59397888183594,12.461709976196289,-0.00457763671875,0.5546875,"[0.6197068095207214, 1.0, 0.12519605457782745, 0.9400051236152649]","[0.0, 0.0, -3.1957933970261365e-06, 0.00011933333735214546, -0.04375659301877022, 1.0, 0.016333334147930145, -3.1957933970261365e-06, 0.0, 0.0, 1.0172526572205243e-06, -0.016214000061154366, 0.0, 0.0]","[0.0, 0.0, 0.0, 0.638528048992157, 0.0, 0.03284760192036629, 0.3416789770126343, 0.5972456336021423]",-8.674345169225342
2.9499999999999975,118.35002899169922,191.5814208984375,12.556520462036133,0.020294189453125,0.5,"[0.6134849190711975, 1.0, 0.14519120752811432, 0.8932877779006958]","[0.0, 0.0, -3.1957933970261365e-06, 0.00011933333735214546, -0.04375659301877022, 1.0, 0.016333334147930145, -3.1957933970261365e-06, 0.0, 0.0, 1.0172526572205243e-06, -0.016214000061154366, 0.0, 0.0]","[0.0, 0.0, 0.0, 0.638528048992157, 0.0, 0.03284760192036629, 0.3416789770126343, 0.5972456336021423]",-8.28934322904797
2.9999999999999973,118.97917938232422,191.57296752929688,12.61931037902832,0.039520263671875,0.428558349609375,"[0.60936439037323, 1.0, 0.1592756062746048, 0.9265587329864502]","[0.0, 0.0, -3.1957933970261365e-06, 0.00011933333735214546, -0.04375659301877022, 1.0, 0.016333334147930145, -3.1957933970261365e-06, 0.0, 0.0, 1.0172526572205243e-06, -0.016214000061154366, 0.0, 0.0]","[0.0, 0.0, 0.0, 0.638528048992157, 0.0, 0.03284760192036629, 0.3416789770126343, 0.5972456336021423]",-8.132237413415941
3.049999999999997,119.61043548583984,191.57110595703125,12.647700309753418,0.066070556640625,0.3610992431640625,"[0.6075012683868408, 1.0, 0.19416308403015137, 0.9081969857215881]","[0.0, 0.0, -3.1957933970261365e-06, 0.00011933333735214546, -0.04375659301877022, 1.0, 0.016333334147930145, -3.1957933970261365e-06, 0.0, 0.0, 1.0172526572205243e-06, -0.016214000061154366, 0.0, 0.0]","[0.0, 0.0, 0.0, 0.638528048992157, 0.0, 0.03284760192036629, 0.3416789770126343, 0.5972456336021423]",-7.727900476310584
3.099999999999997,120.24190521240234,191.57876586914062,12.639289855957031,0.094879150390625,0.265869140625,"[0.6080532073974609, 1.0, 0.23487621545791626, 0.9057028293609619]","[0.0, 0.0, -3.1957933970261365e-06, 0.00011933333735214546, -0.04375659301877022, 1.0, 0.016333334147930145, -3.1957933970261365e-06, 0.0, 0.0, 1.0172526572205243e-06, -0.016214000061154366, 0.0, 0.0]","[0.0, 0.0, 0.0, 0.638528048992157, 0.0, 0.03284760192036629, 0.3416789770126343, 0.5972456336021423]",-7.329688757973907
3.149999999999997,120.8714599609375,191.59866333007812,12.593720436096191,0.122283935546875,0.2063446044921875,"[0.6110436916351318, 1.0, 0.32455822825431824, 0.9033781290054321]","[0.0, 0.0, -3.1957933970261365e-06, 0.00011933333735214546, -0.04375659301877022, 1.0, 0.016333334147930145, -3.1957933970261365e-06, 0.0, 0.0, 1.0172526572205243e-06, -0.016214000061154366, 0.0, 0.0]","[0.0, 0.0, 0.0, 0.638528048992157, 0.0, 0.03284760192036629, 0.3416789770126343, 0.5972456336021423]",-6.933653283312568
3.1999999999999966,121.49710845947266,191.63336181640625,12.520219802856445,0.14813232421875,0.20000000298023224,"[0.6158671379089355, 1.0, 0.39684438705444336, 0.9103962182998657]","[0.0, 0.0, -3.1957933970261365e-06, 0.00011933333735214546, -0.04375659301877022, 1.0, 0.016333334147930145, -3.1957933970261365e-06, 0.0, 0.0, 1.0172526572205243e-06, -0.016214000061154366, 0.0, 0.0]","[0.0, 0.0, 0.0, 0.638528048992157, 0.0, 0.03284760192036629, 0.3416789770126343, 0.5972456336021423]",-6.781929573212481
3.2499999999999964,122.11690521240234,191.68540954589844,12.42096996307373,0.177093505859375,0.20000000298023224,"[0.6223803758621216, 1.0, 0.47247517108917236, 0.9000316262245178]","[0.0, 0.0, -3.1957933970261365e-06, 0.00011933333735214546, -0.04375659301877022, 1.0, 0.016333334147930145, -3.1957933970261365e-06, 0.0, 0.0, 1.0172526572205243e-06, -0.016214000061154366, 0.0, 0.0]","[0.0, 0.0, 0.0, 0.638528048992157, 0.0, 0.03284760192036629, 0.3416789770126343, 0.5972456336021423]",-6.399393892617071
3.2999999999999963,122.7289810180664,191.7576141357422,12.304089546203613,0.210418701171875,0.20000000298023224,"[0.630050539970398, 1.0, 0.5458048582077026, 0.9014325141906738]","[0.0, 0.0, -3.1957933970261365e-06, 0.00011933333735214546, -0.04375659301877022, 1.0, 0.016333334147930145, -3.1957933970261365e-06, 0.0, 0.0, 1.0172526572205243e-06, -0.016214000061154366, 0.0, 0.0]","[0.0, 0.0, 0.0, 0.638528048992157, 0.0, 0.03284760192036629, 0.3416789770126343, 0.5972456336021423]",-6.012727082645787
3.349999999999996,123.33123016357422,191.8524932861328,12.168379783630371,0.241302490234375,0.20000000298023224,"[0.6389564275741577, 1.0, 0.6141310334205627, 0.8977886438369751]","[0.0, 0.0, -3.1957933970261365e-06, 0.00011933333735214546, -0.04375659301877022, 1.0, 0.016333334147930145, -3.1957933970261365e-06, 0.0, 0.0, 1.0172526572205243e-06, -0.016214000061154366, 0.0, 0.0]","[0.0, 0.0, 0.0, 0.638528048992157, 0.0, 0.03284760192036629, 0.3416789770126343, 0.5972456336021423]",-5.623611858204496
3.399999999999996,123.92173767089844,191.9717559814453,12.025569915771484,0.26348876953125,0.20000000298023224,"[0.6483283042907715, 1.0, 0.6486408710479736, 0.9254087805747986]","[0.0, 0.0, -3.1957933970261365e-06, 0.00011933333735214546, -0.04375659301877022, 1.0, 0.016333334147930145, -3.1957933970261365e-06, 0.0, 0.0, 1.0172526572205243e-06, -0.016214000061154366, 0.0, 0.0]","[0.0, 0.0, 0.0, 0.638528048992157, 0.0, 0.03284760192036629, 0.3416789770126343, 0.5972456336021423]",-5.4353754961590806
3.4499999999999957,124.49898529052734,192.11607360839844,11.879899978637695,0.2724609375,0.20000000298023224,"[0.6578878164291382, 1.0, 0.6509090065956116, 0.9388493895530701]","[0.0, 0.0, -3.1957933970261365e-06, 0.00011933333735214546, -0.04375659301877022, 1.0, 0.016333334147930145, -3.1957933970261365e-06, 0.0, 0.0, 1.0172526572205243e-06, -0.016214000061154366, 0.0, 0.0]","[0.0, 0.0, 0.0, 0.638528048992157, 0.0, 0.03284760192036629, 0.3416789770126343, 0.5972456336021423]",-5.0414185180596
3.4999999999999956,125.06185150146484,192.28546142578125,11.741060256958008,0.271026611328125,0.20000000298023224,"[0.666999101638794, 1.0, 0.6441372036933899, 0.9565299153327942]","[0.0, 0.0, -3.1957933970261365e-06, 0.00011933333735214546, -0.04375659301877022, 1.0, 0.016333334147930145, -3.1957933970261365e-06, 0.0, 0.0, 1.0172526572205243e-06, -0.016214000061154366, 0.0, 0.0]","[0.0, 0.0, 0.0, 0.638528048992157, 0.0, 0.03284760192036629, 0.3416789770126343, 0.5972456336021423]",-4.646701128527011
3.5499999999999954,125.60914611816406,192.4796905517578,11.60155963897705,0.270843505859375,0.20000000298023224,"[0.6761537194252014, 1.0, 0.6438698768615723, 0.9491711258888245]","[0.0, 0.0, -3.1957933970261365e-06, 0.00011933333735214546, -0.04375659301877022, 1.0, 0.016333334147930145, -3.1957933970261365e-06, 0.0, 0.0, 1.0172526572205243e-06, -0.016214000061154366, 0.0, 0.0]","[0.0, 0.0, 0.0, 0.638528048992157, 0.0, 0.03284760192036629, 0.3416789770126343, 0.5972456336021423]",-4.270750289727488
3.599999999999995,126.13948822021484,192.69866943359375,11.46597957611084,0.2718505859375,0.20000000298023224,"[0.6850510835647583, 1.0, 0.6400390863418579, 0.954594612121582]","[0.0, 0.0, -3.1957933970261365e-06, 0.00011933333735214546, -0.04375659301877022, 1.0, 0.016333334147930145, -3.1957933970261365e-06, 0.0, 0.0, 1.0172526572205243e-06, -0.016214000061154366, 0.0, 0.0]","[0.0, 0.0, 0.0, 0.638528048992157, 0.0, 0.03284760192036629, 0.3416789770126343, 0.5972456336021423]",-4.077807546428008
3.649999999999995,126.6512680053711,192.94192504882812,11.322139739990234,0.2796630859375,0.20000000298023224,"[0.6944905519485474, 1.0, 0.6474277377128601, 0.936531126499176]","[0.0, 0.0, -3.1957933970261365e-06, 0.00011933333735214546, -0.04375659301877022, 1.0, 0.016333334147930145, -3.1957933970261365e-06, 0.0, 0.0, 1.0172526572205243e-06, -0.016214000061154366, 0.0, 0.0]","[0.0, 0.0, 0.0, 0.638528048992157, 0.0, 0.03284760192036629, 0.3416789770126343, 0.5972456336021423]",-3.706330592398823
3.699999999999995,127.1427230834961,193.20913696289062,11.181309700012207,0.290802001953125,0.20000000298023224,"[0.703732430934906, 1.0, 0.6457736492156982, 0.9496356844902039]","[0.0, 0.0, -3.1957933970261365e-06, 0.00011933333735214546, -0.04375659301877022, 1.0, 0.016333334147930145, -3.1957933970261365e-06, 0.0, 0.0, 1.0172526572205243e-06, -0.016214000061154366, 0.0, 0.0]","[0.0, 0.0, 0.0, 0.638528048992157, 0.0, 0.03284760192036629, 0.3416789770126343, 0.5972456336021423]",-3.363044232476107
3.7499999999999947,127.6122055053711,193.49925231933594,11.030320167541504,0.301239013671875,0.20000000298023224,"[0.7136410474777222, 1.0, 0.6559257507324219, 0.9281867146492004]","[0.0, 0.0, -3.1957933970261365e-06, 0.00011933333735214546, -0.04375659301877022, 1.0, 0.016333334147930145, -3.1957933970261365e-06, 0.0, 0.0, 1.0172526572205243e-06, -0.016214000061154366, 0.0, 0.0]","[0.0, 0.0, 0.0, 0.638528048992157, 0.0, 0.03284760192036629, 0.3416789770126343, 0.5972456336021423]",-3.032413599681079
3.7999999999999945,128.05844116210938,193.81126403808594,10.889650344848633,0.307281494140625,0.20000000298023224,"[0.7228723764419556, 1.0, 0.6484066247940063, 0.9521837830543518]","[0.0, 0.0, -3.1957933970261365e-06, 0.00011933333735214546, -0.04375659301877022, 1.0, 0.016333334147930145, -3.1957933970261365e-06, 0.0, 0.0, 1.0172526572205243e-06, -0.016214000061154366, 0.0, 0.0]","[0.0, 0.0, 0.0, 0.638528048992157, 0.0, 0.03284760192036629, 0.3416789770126343, 0.5972456336021423]",-2.9060848192218884
3.8499999999999943,128.48065185546875,194.14352416992188,10.744680404663086,0.308013916015625,0.20000000298023224,"[0.7323859930038452, 1.0, 0.6531806588172913, 0.9312949776649475]","[0.0, 0.0, -3.1957933970261365e-06, 0.00011933333735214546, -0.04375659301877022, 1.0, 0.016333334147930145, -3.1957933970261365e-06, 0.0, 0.0, 1.0172526572205243e-06, -0.016214000061154366, 0.0, 0.0]","[0.0, 0.0, 0.0, 0.638528048992157, 0.0, 0.03284760192036629, 0.3416789770126343, 0.5972456336021423]",-2.5972971121157884
3.899999999999994,128.87831115722656,194.4945526123047,10.6154203414917,0.304840087890625,0.20000000298023224,"[0.7408685684204102, 1.0, 0.6403846144676208, 0.9488499164581299]","[0.0, 0.0, -3.1957933970261365e-06, 0.00011933333735214546, -0.04375659301877022, 1.0, 0.016333334147930145, -3.1957933970261365e-06, 0.0, 0.0, 1.0172526572205243e-06, -0.016214000061154366, 0.0, 0.0]","[0.0, 0.0, 0.0, 0.638528048992157, 0.0, 0.03284760192036629, 0.3416789770126343, 0.5972456336021423]",-2.313567337461712
3.949999999999994,129.25132751464844,194.86239624023438,10.483269691467285,0.29901123046875,0.20000000298023224,"[0.7495409250259399, 1.0, 0.6432628631591797, 0.9332141280174255]","[0.0, 0.0, -3.1957933970261365e-06, 0.00011933333735214546, -0.04375659301877022, 1.0, 0.016333334147930145, -3.1957933970261365e-06, 0.0, 0.0, 1.0172526572205243e-06, -0.016214000061154366, 0.0, 0.0]","[0.0, 0.0, 0.0, 0.638528048992157, 0.0, 0.03284760192036629, 0.3416789770126343, 0.5972456336021423]",-2.043042625081711
3.999999999999994,129.59971618652344,195.2456817626953,10.372079849243164,0.29071044921875,0.3055572509765625,"[0.7568377256393433, 1.0, 0.6253573894500732, 0.9467820525169373]","[0.0, 0.0, -3.1957933970261365e-06, 0.00011933333735214546, -0.04375659301877022, 1.0, 0.016333334147930145, -3.1957933970261365e-06, 0.0, 0.0, 1.0172526572205243e-06, -0.016214000061154366, 0.0, 0.0]","[0.0, 0.0, 0.0, 0.638528048992157, 0.0, 0.03284760192036629, 0.3416789770126343, 0.5972456336021423]",-1.9508354594388453
4.049999999999994,129.924072265625,195.642822265625,10.272600173950195,0.282623291015625,0.400787353515625,"[0.7633659839630127, 1.0, 0.6045310497283936, 0.9473868012428284]","[0.0, 0.0, -3.1957933970261365e-06, 0.00011933333735214546, -0.04375659301877022, 1.0, 0.016333334147930145, -3.1957933970261365e-06, 0.0, 0.0, 1.0172526572205243e-06, -0.016214000061154366, 0.0, 0.0]","[0.0, 0.0, 0.0, 0.638528048992157, 0.0, 0.03284760192036629, 0.3416789770126343, 0.5972456336021423]",-1.707167132966315
4.099999999999993,130.2248077392578,196.05328369140625,10.201580047607422,0.27728271484375,0.432525634765625,"[0.7680266499519348, 1.0, 0.5720413327217102, 0.9591810703277588]","[0.0, 0.0, -3.1957933970261365e-06, 0.00011933333735214546, -0.04375659301877022, 1.0, 0.016333334147930145, -3.1957933970261365e-06, 0.0, 0.0, 1.0172526572205243e-06, -0.016214000061154366, 0.0, 0.0]","[0.0, 0.0, 0.0, 0.638528048992157, 0.0, 0.03284760192036629, 0.3416789770126343, 0.5972456336021423]",-1.4812270314408833
4.149999999999993,130.50242614746094,196.47593688964844,10.140859603881836,0.273834228515625,0.440460205078125,"[0.772011399269104, 1.0, 0.5487850904464722, 0.9614514112472534]","[0.0, 0.0, -3.1957933970261365e-06, 0.00011933333735214546, -0.04375659301877022, 1.0, 0.016333334147930145, -3.1957933970261365e-06, 0.0, 0.0, 1.0172526572205243e-06, -0.016214000061154366, 0.0, 0.0]","[0.0, 0.0, 0.0, 0.638528048992157, 0.0, 0.03284760192036629, 0.3416789770126343, 0.5972456336021423]",-1.2715103889728083
4.199999999999993,130.75701904296875,196.91012573242188,10.09829044342041,0.271636962890625,0.4642791748046875,"[0.774804949760437, 1.0, 0.5274215340614319, 0.9682300686836243]","[0.0, 0.0, -3.1957933970261365e-06, 0.00011933333735214546, -0.04375659301877022, 1.0, 0.016333334147930145, -3.1957933970261365e-06, 0.0, 0.0, 1.0172526572205243e-06, -0.016214000061154366, 0.0, 0.0]","[0.0, 0.0, 0.0, 0.638528048992157, 0.0, 0.03284760192036629, 0.3416789770126343, 0.5972456336021423]",-1.2206126810518136
4.249999999999993,130.98902893066406,197.35476684570312,10.064840316772461,0.269439697265625,0.5,"[0.7770001292228699, 1.0, 0.5071982741355896, 0.9671722054481506]","[0.0, 0.0, -3.1957933970261365e-06, 0.00011933333735214546, -0.04375659301877022, 1.0, 0.016333334147930145, -3.1957933970261365e-06, 0.0, 0.0, 1.0172526572205243e-06, -0.016214000061154366, 0.0, 0.0]","[0.0, 0.0, 0.0, 0.638528048992157, 0.0, 0.03284760192036629, 0.3416789770126343, 0.5972456336021423]",-1.0357203084599287
4.299999999999993,131.19882202148438,197.80921936035156,10.050580024719238,0.26324462890625,0.53515625,"[0.7779359817504883, 1.0, 0.47740352153778076, 0.9669746160507202]","[0.0, 0.0, -3.1957933970261365e-06, 0.00011933333735214546, -0.04375659301877022, 1.0, 0.016333334147930145, -3.1957933970261365e-06, 0.0, 0.0, 1.0172526572205243e-06, -0.016214000061154366, 0.0, 0.0]","[0.0, 0.0, 0.0, 0.638528048992157, 0.0, 0.03284760192036629, 0.3416789770126343, 0.5972456336021423]",-0.8719592062072767
4.3499999999999925,131.3877410888672,198.2726287841797,10.052189826965332,0.249481201171875,0.55859375,"[0.7778303027153015, 1.0, 0.4343986511230469, 0.9609147906303406]","[0.0, 0.0, -3.1957933970261365e-06, 0.00011933333735214546, -0.04375659301877022, 1.0, 0.016333334147930145, -3.1957933970261365e-06, 0.0, 0.0, 1.0172526572205243e-06, -0.016214000061154366, 0.0, 0.0]","[0.0, 0.0, 0.0, 0.638528048992157, 0.0, 0.03284760192036629, 0.3416789770126343, 0.5972456336021423]",-0.7309963698685369
4.399999999999992,131.55702209472656,198.7445068359375,10.074399948120117,0.2301025390625,0.578125,"[0.7763727903366089, 1.0, 0.396797239780426, 0.9445366263389587]","[0.0, 0.0, -3.1957933970261365e-06, 0.00011933333735214546, -0.04375659301877022, 1.0, 0.016333334147930145, -3.1957933970261365e-06, 0.0, 0.0, 1.0172526572205243e-06, -0.016214000061154366, 0.0, 0.0]","[0.0, 0.0, 0.0, 0.638528048992157, 0.0, 0.03284760192036629, 0.3416789770126343, 0.5972456336021423]",-0.7037005900967783
4.449999999999992,131.7084503173828,199.2242889404297,10.110210418701172,0.207672119140625,0.59765625,"[0.7740227580070496, 1.0, 0.3797758221626282, 0.9541306495666504]","[0.0, 0.0, -3.1957933970261365e-06, 0.00011933333735214546, -0.04375659301877022, 1.0, 0.016333334147930145, -3.1957933970261365e-06, 0.0, 0.0, 1.0172526572205243e-06, -0.016214000061154366, 0.0, 0.0]","[0.0, 0.0, 0.0, 0.638528048992157, 0.0, 0.03284760192036629, 0.3416789770126343, 0.5972456336021423]",-0.5762832775359112
4.499999999999992,131.84347534179688,199.71157836914062,10.16232967376709,0.183837890625,0.609375,"[0.7706024646759033, 1.0, 0.36254194378852844, 0.9358464479446411]","[0.0, 0.0, -3.1957933970261365e-06, 0.00011933333735214546, -0.04375659301877022, 1.0, 0.016333334147930145, -3.1957933970261365e-06, 0.0, 0.0, 1.0172526572205243e-06, -0.016214000061154366, 0.0, 0.0]","[0.0, 0.0, 0.0, 0.638528048992157, 0.0, 0.03284760192036629, 0.3416789770126343, 0.5972456336021423]",-0.4705836034109734
4.549999999999992,131.9639892578125,200.20591735839844,10.222909927368164,0.159271240234375,0.61328125,"[0.7666268944740295, 1.0, 0.33616527915000916, 0.9499511122703552]","[0.0, 0.0, -3.1957933970261365e-06, 0.00011933333735214546, -0.04375659301877022, 1.0, 0.016333334147930145, -3.1957933970261365e-06, 0.0, 0.0, 1.0172526572205243e-06, -0.016214000061154366, 0.0, 0.0]","[0.0, 0.0, 0.0, 0.638528048992157, 0.0, 0.03284760192036629, 0.3416789770126343, 0.5972456336021423]",-0.38688707547361534
4.599999999999992,132.07115173339844,200.70692443847656,10.292909622192383,0.139678955078125,0.6171875,"[0.762033224105835, 1.0, 0.321162611246109, 0.944997251033783]","[0.0, 0.0, -3.1957933970261365e-06, 0.00011933333735214546, -0.04375659301877022, 1.0, 0.016333334147930145, -3.1957933970261365e-06, 0.0, 0.0, 1.0172526572205243e-06, -0.016214000061154366, 0.0, 0.0]","[0.0, 0.0, 0.0, 0.638528048992157, 0.0, 0.03284760192036629, 0.3416789770126343, 0.5972456336021423]",-0.35515942165077163
4.6499999999999915,132.1663360595703,201.2141876220703,10.365650177001953,0.12310791015625,0.6171875,"[0.7572596669197083, 1.0, 0.3020421862602234, 0.9656245708465576]","[0.0, 0.0, -3.1957933970261365e-06, 0.00011933333735214546, -0.04375659301877022, 1.0, 0.016333334147930145, -3.1957933970261365e-06, 0.0, 0.0, 1.0172526572205243e-06, -0.016214000061154366, 0.0, 0.0]","[0.0, 0.0, 0.0, 0.638528048992157, 0.0, 0.03284760192036629, 0.3416789770126343, 0.5972456336021423]",-0.27745822014805577
4.699999999999991,132.25074768066406,201.7273712158203,10.443169593811035,0.104461669921875,0.58984375,"[0.7521724700927734, 1.0, 0.2775968909263611, 0.9411266446113586]","[0.0, 0.0, -3.1957933970261365e-06, 0.00011933333735214546, -0.04375659301877022, 1.0, 0.016333334147930145, -3.1957933970261365e-06, 0.0, 0.0, 1.0172526572205243e-06, -0.016214000061154366, 0.0, 0.0]","[0.0, 0.0, 0.0, 0.638528048992157, 0.0, 0.03284760192036629, 0.3416789770126343, 0.5972456336021423]",-0.22379407986392863
4.749999999999991,132.32667541503906,202.2458953857422,10.517250061035156,0.0806884765625,0.5625,"[0.747310996055603, 1.0, 0.23391206562519073, 0.9439094662666321]","[0.0, 0.0, -3.1957933970261365e-06, 0.00011933333735214546, -0.04375659301877022, 1.0, 0.016333334147930145, -3.1957933970261365e-06, 0.0, 0.0, 1.0172526572205243e-06, -0.016214000061154366, 0.0, 0.0]","[0.0, 0.0, 0.0, 0.638528048992157, 0.0, 0.03284760192036629, 0.3416789770126343, 0.5972456336021423]",-0.19471906685282403
4.799999999999991,132.3953857421875,202.76914978027344,10.587169647216797,0.062713623046875,0.5234375,"[0.7427225112915039, 1.0, 0.20551206171512604, 0.9454143643379211]","[0.0, 0.0, -3.1957933970261365e-06, 0.00011933333735214546, -0.04375659301877022, 1.0, 0.016333334147930145, -3.1957933970261365e-06, 0.0, 0.0, 1.0172526572205243e-06, -0.016214000061154366, 0.0, 0.0]","[0.0, 0.0, 0.0, 0.638528048992157, 0.0, 0.03284760192036629, 0.3416789770126343, 0.5972456336021423]",-0.13757054305777183
4.849999999999991,132.45803833007812,203.29638671875,10.644749641418457,0.050750732421875,0.4920501708984375,"[0.738943874835968, 1.0, 0.17909669876098633, 0.9679750800132751]","[0.0, 0.0, -3.1957933970261365e-06, 0.00011933333735214546, -0.04375659301877022, 1.0, 0.016333334147930145, -3.1957933970261365e-06, 0.0, 0.0, 1.0172526572205243e-06, -0.016214000061154366, 0.0, 0.0]","[0.0, 0.0, 0.0, 0.638528048992157, 0.0, 0.03284760192036629, 0.3416789770126343, 0.5972456336021423]",-0.10125604944568156
4.899999999999991,132.51515197753906,203.8269805908203,10.695369720458984,0.042266845703125,0.4880828857421875,"[0.735621988773346, 1.0, 0.1514487862586975, 0.9627936482429504]","[0.0, 0.0, -3.1957933970261365e-06, 0.00011933333735214546, -0.04375659301877022, 1.0, 0.016333334147930145, -3.1957933970261365e-06, 0.0, 0.0, 1.0172526572205243e-06, -0.016214000061154366, 0.0, 0.0]","[0.0, 0.0, 0.0, 0.638528048992157, 0.0, 0.03284760192036629, 0.3416789770126343, 0.5972456336021423]",-0.08192928295101343
4.94999999999999,132.5675811767578,204.36036682128906,10.738730430603027,0.036865234375,0.50390625,"[0.7327764630317688, 1.0, 0.13986285030841827, 0.9766930937767029]","[0.0, 0.0, -3.1957933970261365e-06, 0.00011933333735214546, -0.04375659301877022, 1.0, 0.016333334147930145, -3.1957933970261365e-06, 0.0, 0.0, 1.0172526572205243e-06, -0.016214000061154366, 0.0, 0.0]","[0.0, 0.0, 0.0, 0.638528048992157, 0.0, 0.03284760192036629, 0.3416789770126343, 0.5972456336021423]",-0.0764639625936765
4.99999999999999,132.61572265625,204.8963623046875,10.782279968261719,0.03167724609375,0.51953125,"[0.7299185395240784, 1.0, 0.11862945556640625, 0.9718310236930847]","[0.0, 0.0, -3.1957933970261365e-06, 0.00011933333735214546, -0.04375659301877022, 1.0, 0.016333334147930145, -3.1957933970261365e-06, 0.0, 0.0, 1.0172526572205243e-06, -0.016214000061154366, 0.0, 0.0]","[0.0, 0.0, 0.0, 0.638528048992157, 0.0, 0.03284760192036629, 0.3416789770126343, 0.5972456336021423]",-0.003190394511013661
5.04999999999999,132.660400390625,205.43487548828125,10.826600074768066,0.0277099609375,0.546875,"[0.7270100116729736, 1.0, 0.11600308120250702, 0.9799124598503113]","[0.0, 0.0, -3.1957933970261365e-06, 0.00011933333735214546, -0.04375659301877022, 1.0, 0.016333334147930145, -3.1957933970261365e-06, 0.0, 0.0, 1.0172526572205243e-06, -0.016214000061154366, 0.0, 0.0]","[0.0, 0.0, 0.0, 0.638528048992157, 0.0, 0.03284760192036629, 0.3416789770126343, 0.5972456336021423]",0.02368500388882855
5.09999999999999,132.70181274414062,205.97607421875,10.877710342407227,0.024627685546875,0.58203125,"[0.7236559391021729, 1.0, 0.1061670258641243, 0.9724859595298767]","[0.0, 0.0, -3.1957933970261365e-06, 0.00011933333735214546, -0.04375659301877022, 1.0, 0.016333334147930145, -3.1957933970261365e-06, 0.0, 0.0, 1.0172526572205243e-06, -0.016214000061154366, 0.0, 0.0]","[0.0, 0.0, 0.0, 0.638528048992157, 0.0, 0.03284760192036629, 0.3416789770126343, 0.5972456336021423]",0.043059032548205534
5.14999999999999,132.74046325683594,206.520263671875,10.935480117797852,0.02349853515625,0.59765625,"[0.7198648452758789, 1.0, 0.1157103180885315, 0.9776947498321533]","[0.0, 0.0, -3.1957933970261365e-06, 0.00011933333735214546, -0.04375659301877022, 1.0, 0.016333334147930145, -3.1957933970261365e-06, 0.0, 0.0, 1.0172526572205243e-06, -0.016214000061154366, 0.0, 0.0]","[0.0, 0.0, 0.0, 0.638528048992157, 0.0, 0.03284760192036629, 0.3416789770126343, 0.5972456336021423]",0.05555901376956707
5.1999999999999895,132.77622985839844,207.06781005859375,11.000249862670898,0.023651123046875,0.60546875,"[0.715614378452301, 1.0, 0.11379384249448776, 0.9749273061752319]","[0.0, 0.0, -3.1957933970261365e-06, 0.00011933333735214546, -0.04375659301877022, 1.0, 0.016333334147930145, -3.1957933970261365e-06, 0.0, 0.0, 1.0172526572205243e-06, -0.016214000061154366, 0.0, 0.0]","[0.0, 0.0, 0.0, 0.638528048992157, 0.0, 0.03284760192036629, 0.3416789770126343, 0.5972456336021423]",-0.031162785347074617
5.249999999999989,132.80941772460938,207.61892700195312,11.069270133972168,0.02410888671875,0.609375,"[0.7110849618911743, 1.0, 0.12457713484764099, 0.9785410761833191]","[0.0, 0.0, -3.1957933970261365e-06, 0.00011933333735214546, -0.04375659301877022, 1.0, 0.016333334147930145, -3.1957933970261365e-06, 0.0, 0.0, 1.0172526572205243e-06, -0.016214000061154366, 0.0, 0.0]","[0.0, 0.0, 0.0, 0.638528048992157, 0.0, 0.03284760192036629, 0.3416789770126343, 0.5972456336021423]",-0.02907445846198442
5.299999999999989,132.83982849121094,208.17376708984375,11.14307975769043,0.024688720703125,0.609375,"[0.706241250038147, 1.0, 0.12253011763095856, 0.9773595333099365]","[0.0, 0.0, -3.1957933970261365e-06, 0.00011933333735214546, -0.04375659301877022, 1.0, 0.016333334147930145, -3.1957933970261365e-06, 0.0, 0.0, 1.0172526572205243e-06, -0.016214000061154366, 0.0, 0.0]","[0.0, 0.0, 0.0, 0.638528048992157, 0.0, 0.03284760192036629, 0.3416789770126343, 0.5972456336021423]",-0.030521829773013653
5.349999999999989,132.86773681640625,208.73252868652344,11.217690467834473,0.024688720703125,0.58984375,"[0.7013449668884277, 1.0, 0.12891824543476105, 0.9815146923065186]","[0.0, 0.0, -3.1957933970261365e-06, 0.00011933333735214546, -0.04375659301877022, 1.0, 0.016333334147930145, -3.1957933970261365e-06, 0.0, 0.0, 1.0172526572205243e-06, -0.016214000061154366, 0.0, 0.0]","[0.0, 0.0, 0.0, 0.638528048992157, 0.0, 0.03284760192036629, 0.3416789770126343, 0.5972456336021423]",-0.03493244624060843
5.399999999999989,132.89292907714844,209.29507446289062,11.290550231933594,0.024688720703125,0.56640625,"[0.6965636014938354, 1.0, 0.12111559510231018, 0.980908989906311]","[0.0, 0.0, -3.1957933970261365e-06, 0.00011933333735214546, -0.04375659301877022, 1.0, 0.016333334147930145, -3.1957933970261365e-06, 0.0, 0.0, 1.0172526572205243e-06, -0.016214000061154366, 0.0, 0.0]","[0.0, 0.0, 0.0, 0.638528048992157, 0.0, 0.03284760192036629, 0.3416789770126343, 0.5972456336021423]",-0.42636217087763617
5.449999999999989,132.91561889648438,209.8611602783203,11.356430053710938,0.024688720703125,0.52734375,"[0.6922402381896973, 1.0, 0.12146592885255814, 0.9757243990898132]","[0.0, 0.0, -3.1957933970261365e-06, 0.00011933333735214546, -0.04375659301877022, 1.0, 0.016333334147930145, -3.1957933970261365e-06, 0.0, 0.0, 1.0172526572205243e-06, -0.016214000061154366, 0.0, 0.0]","[0.0, 0.0, 0.0, 0.638528048992157, 0.0, 0.03284760192036629, 0.3416789770126343, 0.5972456336021423]",-0.5085692990999364
5.4999999999999885,132.93551635742188,210.43040466308594,11.413840293884277,0.024932861328125,0.4999847412109375,"[0.6884727478027344, 1.0, 0.10902197659015656, 0.9752081632614136]","[0.0, 0.0, -3.1957933970261365e-06, 0.00011933333735214546, -0.04375659301877022, 1.0, 0.016333334147930145, -3.1957933970261365e-06, 0.0, 0.0, 1.0172526572205243e-06, -0.016214000061154366, 0.0, 0.0]","[0.0, 0.0, 0.0, 0.638528048992157, 0.0, 0.03284760192036629, 0.3416789770126343, 0.5972456336021423]",-0.5949494960291197
5.549999999999988,132.9527130126953,211.00218200683594,11.459489822387695,0.025634765625,0.4603118896484375,"[0.6854770183563232, 1.0, 0.10712175071239471, 0.9724199175834656]","[0.0, 0.0, -3.1957933970261365e-06, 0.00011933333735214546, -0.04375659301877022, 1.0, 0.016333334147930145, -3.1957933970261365e-06, 0.0, 0.0, 1.0172526572205243e-06, -0.016214000061154366, 0.0, 0.0]","[0.0, 0.0, 0.0, 0.638528048992157, 0.0, 0.03284760192036629, 0.3416789770126343, 0.5972456336021423]",-0.5154734296381818
5.599999999999988,132.96685791015625,211.5760040283203,11.495770454406738,0.0264892578125,0.4603118896484375,"[0.6830960512161255, 1.0, 0.09525802731513977, 0.9769957065582275]","[0.0, 0.0, -3.1957933970261365e-06, 0.00011933333735214546, -0.04375659301877022, 1.0, 0.016333334147930145, -3.1957933970261365e-06, 0.0, 0.0, 1.0172526572205243e-06, -0.016214000061154366, 0.0, 0.0]","[0.0, 0.0, 0.0, 0.638528048992157, 0.0, 0.03284760192036629, 0.3416789770126343, 0.5972456336021423]",-0.6123094605577961
5.649999999999988,132.97805786132812,212.15145874023438,11.524470329284668,0.02752685546875,0.4603118896484375,"[0.6812126636505127, 1.0, 0.09774857759475708, 0.9791852831840515]","[0.0, 0.0, -3.1957933970261365e-06, 0.00011933333735214546, -0.04375659301877022, 1.0, 0.016333334147930145, -3.1957933970261365e-06, 0.0, 0.0, 1.0172526572205243e-06, -0.016214000061154366, 0.0, 0.0]","[0.0, 0.0, 0.0, 0.638528048992157, 0.0, 0.03284760192036629, 0.3416789770126343, 0.5972456336021423]",-0.43704804621802396
5.699999999999988,132.9858856201172,212.72825622558594,11.549659729003906,0.029052734375,0.4603118896484375,"[0.6795596480369568, 1.0, 0.09276308119297028, 0.9841183423995972]","[0.0, 0.0, -3.1957933970261365e-06, 0.00011933333735214546, -0.04375659301877022, 1.0, 0.016333334147930145, -3.1957933970261365e-06, 0.0, 0.0, 1.0172526572205243e-06, -0.016214000061154366, 0.0, 0.0]","[0.0, 0.0, 0.0, 0.638528048992157, 0.0, 0.03284760192036629, 0.3416789770126343, 0.5972456336021423]",-0.2849849110055862
5.749999999999988,132.99041748046875,213.3062286376953,11.57091999053955,0.030242919921875,0.4603118896484375,"[0.6781644821166992, 1.0, 0.09858153760433197, 0.9840551614761353]","[0.0, 0.0, -3.1957933970261365e-06, 0.00011933333735214546, -0.04375659301877022, 1.0, 0.016333334147930145, -3.1957933970261365e-06, 0.0, 0.0, 1.0172526572205243e-06, -0.016214000061154366, 0.0, 0.0]","[0.0, 0.0, 0.0, 0.638528048992157, 0.0, 0.03284760192036629, 0.3416789770126343, 0.5972456336021423]",-0.1547349568075409
5.799999999999987,132.99131774902344,213.88525390625,11.5912504196167,0.03125,0.4603118896484375,"[0.6768302917480469, 1.0, 0.09448790550231934, 0.9879786372184753]","[0.0, 0.0, -3.1957933970261365e-06, 0.00011933333735214546, -0.04375659301877022, 1.0, 0.016333334147930145, -3.1957933970261365e-06, 0.0, 0.0, 1.0172526572205243e-06, -0.016214000061154366, 0.0, 0.0]","[0.0, 0.0, 0.0, 0.638528048992157, 0.0, 0.03284760192036629, 0.3416789770126343, 0.5972456336021423]",-0.30539284844448567
5.849999999999987,132.98875427246094,214.4652099609375,11.609230041503906,0.032135009765625,0.444427490234375,"[0.6756503582000732, 1.0, 0.09880000352859497, 0.987453043460846]","[0.0, 0.0, -3.1957933970261365e-06, 0.00011933333735214546, -0.04375659301877022, 1.0, 0.016333334147930145, -3.1957933970261365e-06, 0.0, 0.0, 1.0172526572205243e-06, -0.016214000061154366, 0.0, 0.0]","[0.0, 0.0, 0.0, 0.638528048992157, 0.0, 0.03284760192036629, 0.3416789770126343, 0.5972456336021423]",-0.17676513568688867
5.899999999999987,132.98216247558594,215.0459747314453,11.622440338134766,0.034332275390625,0.388885498046875,"[0.67478346824646, 1.0, 0.09764307737350464, 0.9811698794364929]","[0.0, 0.0, -3.1957933970261365e-06, 0.00011933333735214546, -0.04375659301877022, 1.0, 0.016333334147930145, -3.1957933970261365e-06, 0.0, 0.0, 1.0172526572205243e-06, -0.016214000061154366, 0.0, 0.0]","[0.0, 0.0, 0.0, 0.638528048992157, 0.0, 0.03284760192036629, 0.3416789770126343, 0.5972456336021423]",-0.052329539931069924
5.949999999999987,132.9713897705078,215.62689208984375,11.621820449829102,0.03790283203125,0.3372955322265625,"[0.6748241186141968, 1.0, 0.09933160990476608, 0.9728886485099792]","[0.0, 0.0, -3.1957933970261365e-06, 0.00011933333735214546, -0.04375659301877022, 1.0, 0.016333334147930145, -3.1957933970261365e-06, 0.0, 0.0, 1.0172526572205243e-06, -0.016214000061154366, 0.0, 0.0]","[0.0, 0.0, 0.0, 0.638528048992157, 0.0, 0.03284760192036629, 0.3416789770126343, 0.5972456336021423]",0.03343771399399531
5.999999999999987,132.95599365234375,216.20724487304688,11.608389854431152,0.040283203125,0.3015899658203125,"[0.6757054924964905, 1.0, 0.11193538457155228, 0.9763545989990234]","[0.0, 0.0, -3.1957933970261365e-06, 0.00011933333735214546, -0.04375659301877022, 1.0, 0.016333334147930145, -3.1957933970261365e-06, 0.0, 0.0, 1.0172526572205243e-06, -0.016214000061154366, 0.0, 0.0]","[0.0, 0.0, 0.0, 0.638528048992157, 0.0, 0.03284760192036629, 0.3416789770126343, 0.5972456336021423]",-0.0004504175919788356
6.0499999999999865,132.9362335205078,216.786376953125,11.582209587097168,0.039825439453125,0.2976226806640625,"[0.6774235963821411, 1.0, 0.12871120870113373, 0.9730554223060608]","[0.0, 0.0, -3.1957933970261365e-06, 0.00011933333735214546, -0.04375659301877022, 1.0, 0.016333334147930145, -3.1957933970261365e-06, 0.0, 0.0, 1.0172526572205243e-06, -0.016214000061154366, 0.0, 0.0]","[0.0, 0.0, 0.0, 0.638528048992157, 0.0, 0.03284760192036629, 0.3416789770126343, 0.5972456336021423]",0.026715724463938995
6.099999999999986,132.91224670410156,217.36383056640625,11.550479888916016,0.0362548828125,0.2976226806640625,"[0.6795058250427246, 1.0, 0.11727824062108994, 0.9754356741905212]","[0.0, 0.0, -3.1957933970261365e-06, 0.00011933333735214546, -0.04375659301877022, 1.0, 0.016333334147930145, -3.1957933970261365e-06, 0.0, 0.0, 1.0172526572205243e-06, -0.016214000061154366, 0.0, 0.0]","[0.0, 0.0, 0.0, 0.638528048992157, 0.0, 0.03284760192036629, 0.3416789770126343, 0.5972456336021423]",-0.023646970462476435
6.149999999999986,132.8849334716797,217.9393768310547,11.512410163879395,0.028839111328125,0.2976226806640625,"[0.6820040941238403, 1.0, 0.11229933798313141, 0.9714187383651733]","[0.0, 0.0, -3.1957933970261365e-06, 0.00011933333735214546, -0.04375659301877022, 1.0, 0.016333334147930145, -3.1957933970261365e-06, 0.0, 0.0, 1.0172526572205243e-06, -0.016214000061154366, 0.0, 0.0]","[0.0, 0.0, 0.0, 0.638528048992157, 0.0, 0.03284760192036629, 0.3416789770126343, 0.5972456336021423]",-0.1317198306451075
6.199999999999986,132.8550567626953,218.51284790039062,11.473210334777832,0.017730712890625,0.2976226806640625,"[0.6845765709877014, 1.0, 0.08131691813468933, 0.960640549659729]","[0.0, 0.0, -3.1957933970261365e-06, 0.00011933333735214546, -0.04375659301877022, 1.0, 0.016333334147930145, -3.1957933970261365e-06, 0.0, 0.0, 1.0172526572205243e-06, -0.016214000061154366, 0.0, 0.0]","[0.0, 0.0, 0.0, 0.638528048992157, 0.0, 0.03284760192036629, 0.3416789770126343, 0.5972456336021423]",-0.1222801312162336
6.249999999999986,132.82432556152344,219.0842742919922,11.4302396774292,0.001708984375,0.2976226806640625,"[0.6873965263366699, 1.0, 0.05385362729430199, 0.9591203331947327]","[0.0, 0.0, -3.1957933970261365e-06, 0.00011933333735214546, -0.04375659301877022, 1.0, 0.016333334147930145, -3.1957933970261365e-06, 0.0, 0.0, 1.0172526572205243e-06, -0.016214000061154366, 0.0, 0.0]","[0.0, 0.0, 0.0, 0.638528048992157, 0.0, 0.03284760192036629, 0.3416789770126343, 0.5972456336021423]",-0.24574228191109238
6.299999999999986,132.79248046875,219.6534881591797,11.387269973754883,-0.0157470703125,0.2976226806640625,"[0.6902164220809937, 1.0, 0.055032964795827866, 0.9716615080833435]","[0.0, 0.0, -3.1957933970261365e-06, 0.00011933333735214546, -0.04375659301877022, 1.0, 0.016333334147930145, -3.1957933970261365e-06, 0.0, 0.0, 1.0172526572205243e-06, -0.016214000061154366, 0.0, 0.0]","[0.0, 0.0, 0.0, 0.638528048992157, 0.0, 0.03284760192036629, 0.3416789770126343, 0.5972456336021423]",-0.3883691506714866
6.349999999999985,132.7613067626953,220.2205352783203,11.342129707336426,-0.031524658203125,0.3293609619140625,"[0.693178653717041, 1.0, 0.06843692064285278, 0.9470560550689697]","[0.0, 0.0, -3.1957933970261365e-06, 0.00011933333735214546, -0.04375659301877022, 1.0, 0.016333334147930145, -3.1957933970261365e-06, 0.0, 0.0, 1.0172526572205243e-06, -0.016214000061154366, 0.0, 0.0]","[0.0, 0.0, 0.0, 0.638528048992157, 0.0, 0.03284760192036629, 0.3416789770126343, 0.5972456336021423]",-0.5495003670088923
6.399999999999985,132.73353576660156,220.78553771972656,11.297249794006348,-0.044158935546875,0.3452301025390625,"[0.6961238980293274, 1.0, 0.14096571505069733, 0.9139699339866638]","[0.0, 0.0, -3.1957933970261365e-06, 0.00011933333735214546, -0.04375659301877022, 1.0, 0.016333334147930145, -3.1957933970261365e-06, 0.0, 0.0, 1.0172526572205243e-06, -0.016214000061154366, 0.0, 0.0]","[0.0, 0.0, 0.0, 0.638528048992157, 0.0, 0.03284760192036629, 0.3416789770126343, 0.5972456336021423]",-0.47391744391842616
6.449999999999985,132.71046447753906,221.34864807128906,11.257340431213379,-0.055572509765625,0.3610992431640625,"[0.6987429261207581, 1.0, 0.1478804349899292, 0.9810494184494019]","[0.0, 0.0, -3.1957933970261365e-06, 0.00011933333735214546, -0.04375659301877022, 1.0, 0.016333334147930145, -3.1957933970261365e-06, 0.0, 0.0, 1.0172526572205243e-06, -0.016214000061154366, 0.0, 0.0]","[0.0, 0.0, 0.0, 0.638528048992157, 0.0, 0.03284760192036629, 0.3416789770126343, 0.5972456336021423]",-0.6162853088439497
6.499999999999985,132.69287109375,221.9101104736328,11.221839904785156,-0.06756591796875,0.3730010986328125,"[0.701072633266449, 1.0, 0.17934679985046387, 0.9573690295219421]","[0.0, 0.0, -3.1957933970261365e-06, 0.00011933333735214546, -0.04375659301877022, 1.0, 0.016333334147930145, -3.1957933970261365e-06, 0.0, 0.0, 1.0172526572205243e-06, -0.016214000061154366, 0.0, 0.0]","[0.0, 0.0, 0.0, 0.638528048992157, 0.0, 0.03284760192036629, 0.3416789770126343, 0.5972456336021423]",-0.760691906578171
6.549999999999985,132.6824188232422,222.47010803222656,11.19087028503418,-0.08056640625,0.380950927734375,"[0.7031049728393555, 1.0, 0.20171120762825012, 0.9671911001205444]","[0.0, 0.0, -3.1957933970261365e-06, 0.00011933333735214546, -0.04375659301877022, 1.0, 0.016333334147930145, -3.1957933970261365e-06, 0.0, 0.0, 1.0172526572205243e-06, -0.016214000061154366, 0.0, 0.0]","[0.0, 0.0, 0.0, 0.638528048992157, 0.0, 0.03284760192036629, 0.3416789770126343, 0.5972456336021423]",-0.9038634538756742
6.5999999999999845,132.68031311035156,223.0286102294922,11.160599708557129,-0.09368896484375,0.380950927734375,"[0.7050914764404297, 1.0, 0.22782109677791595, 0.9556947946548462]","[0.0, 0.0, -3.1957933970261365e-06, 0.00011933333735214546, -0.04375659301877022, 1.0, 0.016333334147930145, -3.1957933970261365e-06, 0.0, 0.0, 1.0172526572205243e-06, -0.016214000061154366, 0.0, 0.0]","[0.0, 0.0, 0.0, 0.638528048992157, 0.0, 0.03284760192036629, 0.3416789770126343, 0.5972456336021423]",-1.0441131600909115
6.649999999999984,132.68821716308594,223.5856170654297,11.133350372314453,-0.106964111328125,0.388885498046875,"[0.706879734992981, 1.0, 0.2516140639781952, 0.9682508111000061]","[0.0, 0.0, -3.1957933970261365e-06, 0.00011933333735214546, -0.04375659301877022, 1.0, 0.016333334147930145, -3.1957933970261365e-06, 0.0, 0.0, 1.0172526572205243e-06, -0.016214000061154366, 0.0, 0.0]","[0.0, 0.0, 0.0, 0.638528048992157, 0.0, 0.03284760192036629, 0.3416789770126343, 0.5972456336021423]",-0.8513633034512749
6.699999999999984,132.70741271972656,224.140869140625,11.104180335998535,-0.122344970703125,0.396820068359375,"[0.7087939977645874, 1.0, 0.2818474769592285, 0.9509943723678589]","[0.0, 0.0, -3.1957933970261365e-06, 0.00011933333735214546, -0.04375659301877022, 1.0, 0.016333334147930145, -3.1957933970261365e-06, 0.0, 0.0, 1.0172526572205243e-06, -0.016214000061154366, 0.0, 0.0]","[0.0, 0.0, 0.0, 0.638528048992157, 0.0, 0.03284760192036629, 0.3416789770126343, 0.5972456336021423]",-0.9419126776546878
6.749999999999984,132.7399139404297,224.6940155029297,11.076580047607422,-0.140960693359375,0.404754638671875,"[0.710605263710022, 1.0, 0.3163222074508667, 0.9581990242004395]","[0.0, 0.0, -3.1957933970261365e-06, 0.00011933333735214546, -0.04375659301877022, 1.0, 0.016333334147930145, -3.1957933970261365e-06, 0.0, 0.0, 1.0172526572205243e-06, -0.016214000061154366, 0.0, 0.0]","[0.0, 0.0, 0.0, 0.638528048992157, 0.0, 0.03284760192036629, 0.3416789770126343, 0.5972456336021423]",-1.011806637559395
6.799999999999984,132.78736877441406,225.244384765625,11.043789863586426,-0.162689208984375,0.408721923828125,"[0.7127571105957031, 1.0, 0.3576817214488983, 0.9381288886070251]","[0.0, 0.0, -3.1957933970261365e-06, 0.00011933333735214546, -0.04375659301877022, 1.0, 0.016333334147930145, -3.1957933970261365e-06, 0.0, 0.0, 1.0172526572205243e-06, -0.016214000061154366, 0.0, 0.0]","[0.0, 0.0, 0.0, 0.638528048992157, 0.0, 0.03284760192036629, 0.3416789770126343, 0.5972456336021423]",-1.0524993936323668
6.849999999999984,132.85205078125,225.79116821289062,11.010780334472656,-0.18695068359375,0.424591064453125,"[0.7149232625961304, 1.0, 0.4000048041343689, 0.947648823261261]","[0.0, 0.0, -3.1957933970261365e-06, 0.00011933333735214546, -0.04375659301877022, 1.0, 0.016333334147930145, -3.1957933970261365e-06, 0.0, 0.0, 1.0172526572205243e-06, -0.016214000061154366, 0.0, 0.0]","[0.0, 0.0, 0.0, 0.638528048992157, 0.0, 0.03284760192036629, 0.3416789770126343, 0.5972456336021423]",-0.6444804771020165
6.8999999999999835,132.933837890625,226.33404541015625,10.982540130615234,-0.211761474609375,0.444427490234375,"[0.7167766094207764, 1.0, 0.38414546847343445, 0.9679025411605835]","[0.0, 0.0, -3.1957933970261365e-06, 0.00011933333735214546, -0.04375659301877022, 1.0, 0.016333334147930145, -3.1957933970261365e-06, 0.0, 0.0, 1.0172526572205243e-06, -0.016214000061154366, 0.0, 0.0]","[0.0, 0.0, 0.0, 0.638528048992157, 0.0, 0.03284760192036629, 0.3416789770126343, 0.5972456336021423]",-0.6182984054329119
6.949999999999983,133.0358428955078,226.8715057373047,10.944490432739258,-0.233551025390625,0.4801483154296875,"[0.719273567199707, 1.0, 0.48095953464508057, 0.8925938606262207]","[0.0, 0.0, -3.1957933970261365e-06, 0.00011933333735214546, -0.04375659301877022, 1.0, 0.016333334147930145, -3.1957933970261365e-06, 0.0, 0.0, 1.0172526572205243e-06, -0.016214000061154366, 0.0, 0.0]","[0.0, 0.0, 0.0, 0.638528048992157, 0.0, 0.03284760192036629, 0.3416789770126343, 0.5972456336021423]",-0.5709544428459652
6.999999999999983,133.1599884033203,227.402099609375,10.908089637756348,-0.251556396484375,0.5,"[0.7216623425483704, 1.0, 0.5016444325447083, 0.951302707195282]","[0.0, 0.0, -3.1957933970261365e-06, 0.00011933333735214546, -0.04375659301877022, 1.0, 0.016333334147930145, -3.1957933970261365e-06, 0.0, 0.0, 1.0172526572205243e-06, -0.016214000061154366, 0.0, 0.0]","[0.0, 0.0, 0.0, 0.638528048992157, 0.0, 0.03284760192036629, 0.3416789770126343, 0.5972456336021423]",-0.47677457425895
7.049999999999983,133.30685424804688,227.9252166748047,10.88578987121582,-0.261932373046875,0.5234375,"[0.7231257557868958, 1.0, 0.503020703792572, 0.9766097664833069]","[0.0, 0.0, -3.1957933970261365e-06, 0.00011933333735214546, -0.04375659301877022, 1.0, 0.016333334147930145, -3.1957933970261365e-06, 0.0, 0.0, 1.0172526572205243e-06, -0.016214000061154366, 0.0, 0.0]","[0.0, 0.0, 0.0, 0.638528048992157, 0.0, 0.03284760192036629, 0.3416789770126343, 0.5972456336021423]",0.12007888828080548
7.099999999999983,133.47642517089844,228.44032287597656,10.871800422668457,-0.2633056640625,0.55078125,"[0.7240437865257263, 1.0, 0.49508044123649597, 0.9722916483879089]","[0.0, 0.0, -3.1957933970261365e-06, 0.00011933333735214546, -0.04375659301877022, 1.0, 0.016333334147930145, -3.1957933970261365e-06, 0.0, 0.0, 1.0172526572205243e-06, -0.016214000061154366, 0.0, 0.0]","[0.0, 0.0, 0.0, 0.638528048992157, 0.0, 0.03284760192036629, 0.3416789770126343, 0.5972456336021423]",0.32024215200425366
7.149999999999983,133.66900634765625,228.9470672607422,10.87714958190918,-0.2611083984375,0.578125,"[0.723692774772644, 1.0, 0.47989535331726074, 0.986939013004303]","[0.0, 0.0, -3.1957933970261365e-06, 0.00011933333735214546, -0.04375659301877022, 1.0, 0.016333334147930145, -3.1957933970261365e-06, 0.0, 0.0, 1.0172526572205243e-06, -0.016214000061154366, 0.0, 0.0]","[0.0, 0.0, 0.0, 0.638528048992157, 0.0, 0.03284760192036629, 0.3416789770126343, 0.5972456336021423]",0.5251165980449946
7.199999999999982,133.88465881347656,229.4447784423828,10.888050079345703,-0.2611083984375,0.61328125,"[0.7229773998260498, 1.0, 0.4796760380268097, 0.9735093712806702]","[0.0, 0.0, -3.1957933970261365e-06, 0.00011933333735214546, -0.04375659301877022, 1.0, 0.016333334147930145, -3.1957933970261365e-06, 0.0, 0.0, 1.0172526572205243e-06, -0.016214000061154366, 0.0, 0.0]","[0.0, 0.0, 0.0, 0.638528048992157, 0.0, 0.03284760192036629, 0.3416789770126343, 0.5972456336021423]",0.6898072836949373
7.249999999999982,134.12379455566406,229.932861328125,10.918910026550293,-0.261138916015625,0.6640625,"[0.7209522724151611, 1.0, 0.49814149737358093, 0.9771772623062134]","[0.0, 0.0, -3.1957933970261365e-06, 0.00011933333735214546, -0.04375659301877022, 1.0, 0.016333334147930145, -3.1957933970261365e-06, 0.0, 0.0, 1.0172526572205243e-06, -0.016214000061154366, 0.0, 0.0]","[0.0, 0.0, 0.0, 0.638528048992157, 0.0, 0.03284760192036629, 0.3416789770126343, 0.5972456336021423]",0.008427416952730193
7.299999999999982,134.386474609375,230.4107208251953,10.959620475769043,-0.261138916015625,0.69921875,"[0.7182806730270386, 1.0, 0.5147151350975037, 0.9720540642738342]","[0.0, 0.0, -3.1957933970261365e-06, 0.00011933333735214546, -0.04375659301877022, 1.0, 0.016333334147930145, -3.1957933970261365e-06, 0.0, 0.0, 1.0172526572205243e-06, -0.016214000061154366, 0.0, 0.0]","[0.0, 0.0, 0.0, 0.638528048992157, 0.0, 0.03284760192036629, 0.3416789770126343, 0.5972456336021423]",-0.17007927978046267
7.349999999999982,134.6729736328125,230.8777313232422,11.020500183105469,-0.261322021484375,0.71875,"[0.7142854928970337, 0.9753999710083008, 0.5382769107818604, 0.9733719229698181]","[0.0, 0.0, -3.1957933970261365e-06, 0.00011933333735214546, -0.04375659301877022, 1.0, 0.016333334147930145, -3.1957933970261365e-06, 0.0, 0.0, 1.0172526572205243e-06, -0.016214000061154366, 0.0, 0.0]","[0.0, 0.0, 0.0, 0.638528048992157, 0.0, 0.03284760192036629, 0.3416789770126343, 0.5972456336021423]",-0.3802508278856285
7.399999999999982,134.9832305908203,231.33323669433594,11.088299751281738,-0.26171875,0.73828125,"[0.7098361253738403, 0.9126999974250793, 0.5487960577011108, 0.9660838842391968]","[0.0, 0.0, -3.1957933970261365e-06, 0.00011933333735214546, -0.04375659301877022, 1.0, 0.016333334147930145, -3.1957933970261365e-06, 0.0, 0.0, 1.0172526572205243e-06, -0.016214000061154366, 0.0, 0.0]","[0.0, 0.0, 0.0, 0.638528048992157, 0.0, 0.03284760192036629, 0.3416789770126343, 0.5972456336021423]",-0.6099963795545047
7.4499999999999815,135.31739807128906,231.7763214111328,11.173150062561035,-0.262725830078125,0.76171875,"[0.7042678594589233, 0.8364999890327454, 0.5704496502876282, 0.9685676097869873]","[0.0, 0.0, -3.1957933970261365e-06, 0.00011933333735214546, -0.04375659301877022, 1.0, 0.016333334147930145, -3.1957933970261365e-06, 0.0, 0.0, 1.0172526572205243e-06, -0.016214000061154366, 0.0, 0.0]","[0.0, 0.0, 0.0, 0.638528048992157, 0.0, 0.03284760192036629, 0.3416789770126343, 0.5972456336021423]",-1.1249473207838965
7.499999999999981,135.6753692626953,232.2061004638672,11.263850212097168,-0.263885498046875,0.79296875,"[0.6983157396316528, 0.7321000099182129, 0.5817199945449829, 0.9609158635139465]","[0.0, 0.0, -3.1957933970261365e-06, 0.00011933333735214546, -0.04375659301877022, 1.0, 0.016333334147930145, -3.1957933970261365e-06, 0.0, 0.0, 1.0172526572205243e-06, -0.016214000061154366, 0.0, 0.0]","[0.0, 0.0, 0.0, 0.638528048992157, 0.0, 0.03284760192036629, 0.3416789770126343, 0.5972456336021423]",-1.1846376435549328
7.549999999999981,136.05718994140625,232.6216278076172,11.371700286865234,-0.264129638671875,0.80859375,"[0.6912381649017334, 0.6826000213623047, 0.6005160808563232, 0.9663917422294617]","[0.0, 0.0, -3.1957933970261365e-06, 0.00011933333735214546, -0.04375659301877022, 1.0, 0.016333334147930145, -3.1957933970261365e-06, 0.0, 0.0, 1.0172526572205243e-06, -0.016214000061154366, 0.0, 0.0]","[0.0, 0.0, 0.0, 0.638528048992157, 0.0, 0.03284760192036629, 0.3416789770126343, 0.5972456336021423]",-1.2746101168878274
7.599999999999981,136.46263122558594,233.02197265625,11.483030319213867,-0.263885498046875,0.81640625,"[0.6839321851730347, 0.6607999801635742, 0.6040175557136536, 0.9580050706863403]","[0.0, 0.0, -3.1957933970261365e-06, 0.00011933333735214546, -0.04375659301877022, 1.0, 0.016333334147930145, -3.1957933970261365e-06, 0.0, 0.0, 1.0172526572205243e-06, -0.016214000061154366, 0.0, 0.0]","[0.0, 0.0, 0.0, 0.638528048992157, 0.0, 0.03284760192036629, 0.3416789770126343, 0.5972456336021423]",-1.3801757412002171
7.649999999999981,136.8913116455078,233.40621948242188,11.606269836425781,-0.259521484375,0.82421875,"[0.675844669342041, 0.6394000053405762, 0.6152769327163696, 0.9648782014846802]","[0.0, 0.0, -3.1957933970261365e-06, 0.00011933333735214546, -0.04375659301877022, 1.0, 0.016333334147930145, -3.1957933970261365e-06, 0.0, 0.0, 1.0172526572205243e-06, -0.016214000061154366, 0.0, 0.0]","[0.0, 0.0, 0.0, 0.638528048992157, 0.0, 0.03284760192036629, 0.3416789770126343, 0.5972456336021423]",-1.691436177118133
7.699999999999981,137.34234619140625,233.77444458007812,11.741230010986328,-0.241302490234375,0.8359375,"[0.6669878959655762, 0.6053000092506409, 0.6084602475166321, 0.9512450098991394]","[0.0, 0.0, -3.1957933970261365e-06, 0.00011933333735214546, -0.04375659301877022, 1.0, 0.016333334147930145, -3.1957933970261365e-06, 0.0, 0.0, 1.0172526572205243e-06, -0.016214000061154366, 0.0, 0.0]","[0.0, 0.0, 0.0, 0.638528048992157, 0.0, 0.03284760192036629, 0.3416789770126343, 0.5972456336021423]",-1.7317605638381077
7.7499999999999805,137.8148956298828,234.12710571289062,11.89208984375,-0.218170166015625,0.84765625,"[0.6570878028869629, 0.5708000063896179, 0.5976448059082031, 0.9443294405937195]","[0.0, 0.0, -3.1957933970261365e-06, 0.00011933333735214546, -0.04375659301877022, 1.0, 0.016333334147930145, -3.1957933970261365e-06, 0.0, 0.0, 1.0172526572205243e-06, -0.016214000061154366, 0.0, 0.0]","[0.0, 0.0, 0.0, 0.638528048992157, 0.0, 0.03284760192036629, 0.3416789770126343, 0.5972456336021423]",-1.7846263661739257
7.79999999999998,138.30809020996094,234.46463012695312,12.051810264587402,-0.196533203125,0.859375,"[0.6466062664985657, 0.5351999998092651, 0.5842611193656921, 0.9462323188781738]","[0.0, 0.0, -3.1957933970261365e-06, 0.00011933333735214546, -0.04375659301877022, 1.0, 0.016333334147930145, -3.1957933970261365e-06, 0.0, 0.0, 1.0172526572205243e-06, -0.016214000061154366, 0.0, 0.0]","[0.0, 0.0, 0.0, 0.638528048992157, 0.0, 0.03284760192036629, 0.3416789770126343, 0.5972456336021423]",-1.8603897229745865
7.84999999999998,138.82139587402344,234.78659057617188,12.217180252075195,-0.18536376953125,0.8671875,"[0.6357539892196655, 0.5123999714851379, 0.5874936580657959, 0.956515371799469]","[0.0, 0.0, -3.1957933970261365e-06, 0.00011933333735214546, -0.04375659301877022, 1.0, 0.016333334147930145, -3.1957933970261365e-06, 0.0, 0.0, 1.0172526572205243e-06, -0.016214000061154366, 0.0, 0.0]","[0.0, 0.0, 0.0, 0.638528048992157, 0.0, 0.03284760192036629, 0.3416789770126343, 0.5972456336021423]",-1.966872782211731
7.89999999999998,139.35427856445312,235.0923614501953,12.384790420532227,-0.1796875,0.875,"[0.6247546076774597, 0.4887999892234802, 0.5907297134399414, 0.9558185338973999]","[0.0, 0.0, -3.1957933970261365e-06, 0.00011933333735214546, -0.04375659301877022, 1.0, 0.016333334147930145, -3.1957933970261365e-06, 0.0, 0.0, 1.0172526572205243e-06, -0.016214000061154366, 0.0, 0.0]","[0.0, 0.0, 0.0, 0.638528048992157, 0.0, 0.03284760192036629, 0.3416789770126343, 0.5972456336021423]",-2.0769146150493016
7.94999999999998,139.90614318847656,235.3812713623047,12.55618953704834,-0.176727294921875,0.88671875,"[0.6135066747665405, 0.4490000009536743, 0.5956879258155823, 0.9578269720077515]","[0.0, 0.0, -3.1957933970261365e-06, 0.00011933333735214546, -0.04375659301877022, 1.0, 0.016333334147930145, -3.1957933970261365e-06, 0.0, 0.0, 1.0172526572205243e-06, -0.016214000061154366, 0.0, 0.0]","[0.0, 0.0, 0.0, 0.638528048992157, 0.0, 0.03284760192036629, 0.3416789770126343, 0.5972456336021423]",-2.2405103174860796
7.99999999999998,140.4763946533203,235.65310668945312,12.733949661254883,-0.170135498046875,0.89453125,"[0.6018412113189697, 0.4242999851703644, 0.5930342674255371, 0.9605691432952881]","[0.0, 0.0, -3.1957933970261365e-06, 0.00011933333735214546, -0.04375659301877022, 1.0, 0.016333334147930145, -3.1957933970261365e-06, 0.0, 0.0, 1.0172526572205243e-06, -0.016214000061154366, 0.0, 0.0]","[0.0, 0.0, 0.0, 0.638528048992157, 0.0, 0.03284760192036629, 0.3416789770126343, 0.5972456336021423]",-2.457461264537783
8.04999999999998,141.06419372558594,235.90939331054688,12.926939964294434,-0.144317626953125,0.90234375,"[0.5891762971878052, 0.40059998631477356, 0.5594223737716675, 0.9175230860710144]","[0.0, 0.0, -3.1957933970261365e-06, 0.00011933333735214546, -0.04375659301877022, 1.0, 0.016333334147930145, -3.1957933970261365e-06, 0.0, 0.0, 1.0172526572205243e-06, -0.016214000061154366, 0.0, 0.0]","[0.0, 0.0, 0.0, 0.638528048992157, 0.0, 0.03284760192036629, 0.3416789770126343, 0.5972456336021423]",-2.6089198623931926
8.09999999999998,141.66864013671875,236.1527862548828,13.134650230407715,-0.108154296875,0.91015625,"[0.5755454301834106, 0.376800000667572, 0.508053183555603, 0.8910346627235413]","[0.0, 0.0, -3.1957933970261365e-06, 0.00011933333735214546, -0.04375659301877022, 1.0, 0.016333334147930145, -3.1957933970261365e-06, 0.0, 0.0, 1.0172526572205243e-06, -0.016214000061154366, 0.0, 0.0]","[0.0, 0.0, 0.0, 0.638528048992157, 0.0, 0.03284760192036629, 0.3416789770126343, 0.5972456336021423]",-2.8820659881176804
8.14999999999998,142.28883361816406,236.38595581054688,13.352399826049805,-0.072906494140625,0.921875,"[0.5612557530403137, 0.33480000495910645, 0.45592305064201355, 0.8906527161598206]","[0.0, 0.0, -3.1957933970261365e-06, 0.00011933333735214546, -0.04375659301877022, 1.0, 0.016333334147930145, -3.1957933970261365e-06, 0.0, 0.0, 1.0172526572205243e-06, -0.016214000061154366, 0.0, 0.0]","[0.0, 0.0, 0.0, 0.638528048992157, 0.0, 0.03284760192036629, 0.3416789770126343, 0.5972456336021423]",-3.181854513651194
8.199999999999982,142.92430114746094,236.61024475097656,13.57522964477539,-0.054931640625,0.93359375,"[0.5466326475143433, 0.2897999882698059, 0.4384118318557739, 0.9344494342803955]","[0.0, 0.0, -3.1957933970261365e-06, 0.00011933333735214546, -0.04375659301877022, 1.0, 0.016333334147930145, -3.1957933970261365e-06, 0.0, 0.0, 1.0172526572205243e-06, -0.016214000061154366, 0.0, 0.0]","[0.0, 0.0, 0.0, 0.638528048992157, 0.0, 0.03284760192036629, 0.3416789770126343, 0.5972456336021423]",-3.5064198373682007
8.249999999999982,143.5747528076172,236.8260040283203,13.803130149841309,-0.049591064453125,0.94921875,"[0.5316768288612366, 0.22529999911785126, 0.43728262186050415, 0.9557745456695557]","[0.0, 0.0, -3.1957933970261365e-06, 0.00011933333735214546, -0.04375659301877022, 1.0, 0.016333334147930145, -3.1957933970261365e-06, 0.0, 0.0, 1.0172526572205243e-06, -0.016214000061154366, 0.0, 0.0]","[0.0, 0.0, 0.0, 0.638528048992157, 0.0, 0.03284760192036629, 0.3416789770126343, 0.5972456336021423]",-3.6585182907542153
8.299999999999983,144.24002075195312,237.03396606445312,14.038359642028809,-0.046356201171875,0.96484375,"[0.5162400007247925, 0.15880000591278076, 0.4299291968345642, 0.9488529562950134]","[0.0, 0.0, -3.1957933970261365e-06, 0.00011933333735214546, -0.04375659301877022, 1.0, 0.016333334147930145, -3.1957933970261365e-06, 0.0, 0.0, 1.0172526572205243e-06, -0.016214000061154366, 0.0, 0.0]","[0.0, 0.0, 0.0, 0.638528048992157, 0.0, 0.03284760192036629, 0.3416789770126343, 0.5972456336021423]",-4.012192038821631
8.349999999999984,144.91392517089844,237.23321533203125,14.073019981384277,-0.045196533203125,0.9765625,"[0.5139654278755188, 0.10740000009536743, 0.24127647280693054, 0.7510591745376587]","[0.0, 0.0, -3.1957933970261365e-06, 0.00011933333735214546, -0.04375659301877022, 1.0, 0.016333334147930145, -3.1957933970261365e-06, 0.0, 0.0, 1.0172526572205243e-06, -0.016214000061154366, 0.0, 0.0]","[0.0, 0.0, 0.0, 0.638528048992157, 0.0, 0.03284760192036629, 0.3416789770126343, 0.5972456336021423]",-4.38498033014054
8.399999999999984,145.58946228027344,237.42245483398438,14.031180381774902,-0.045166015625,0.98046875,"[0.5167111158370972, 0.0892999991774559, 0.22090981900691986, 0.8988078236579895]","[0.0, 0.0, -3.1957933970261365e-06, 0.00011933333735214546, -0.04375659301877022, 1.0, 0.016333334147930145, -3.1957933970261365e-06, 0.0, 0.0, 1.0172526572205243e-06, -0.016214000061154366, 0.0, 0.0]","[0.0, 0.0, 0.0, 0.638528048992157, 0.0, 0.03284760192036629, 0.3416789770126343, 0.5972456336021423]",-4.765020115236066
8.449999999999985,146.271728515625,237.603759765625,14.249679565429688,-0.0445556640625,0.98046875,"[0.5023722648620605, 0.08990000188350677, 0.3329117000102997, 0.666448175907135]","[0.0, 0.0, -3.1957933970261365e-06, 0.00011933333735214546, -0.04375659301877022, 1.0, 0.016333334147930145, -3.1957933970261365e-06, 0.0, 0.0, 1.0172526572205243e-06, -0.016214000061154366, 0.0, 0.0]","[0.0, 0.0, 0.0, 0.638528048992157, 0.0, 0.03284760192036629, 0.3416789770126343, 0.5972456336021423]",-4.922794285235471
8.499999999999986,146.9709014892578,237.7804412841797,14.53462028503418,-0.042327880859375,0.984375,"[0.4836731553077698, 0.0729999989271164, 0.42489758133888245, 0.8875540494918823]","[0.0, 0.0, -3.1957933970261365e-06, 0.00011933333735214546, -0.04375659301877022, 1.0, 0.016333334147930145, -3.1957933970261365e-06, 0.0, 0.0, 1.0172526572205243e-06, -0.016214000061154366, 0.0, 0.0]","[0.0, 0.0, 0.0, 0.638528048992157, 0.0, 0.03284760192036629, 0.3416789770126343, 0.5972456336021423]",-5.319482062506091
8.549999999999986,147.6852569580078,237.95242309570312,14.794090270996094,-0.039337158203125,0.984375,"[0.4666455388069153, 0.07450000196695328, 0.39135822653770447, 0.9315162301063538]","[0.0, 0.0, -3.1957933970261365e-06, 0.00011933333735214546, -0.04375659301877022, 1.0, 0.016333334147930145, -3.1957933970261365e-06, 0.0, 0.0, 1.0172526572205243e-06, -0.016214000061154366, 0.0, 0.0]","[0.0, 0.0, 0.0, 0.638528048992157, 0.0, 0.03284760192036629, 0.3416789770126343, 0.5972456336021423]",-5.73137502455115
8.599999999999987,148.41342163085938,238.1197967529297,15.035980224609375,-0.035552978515625,0.984375,"[0.45077162981033325, 0.07590000331401825, 0.364098459482193, 0.9410722255706787]","[0.0, 0.0, -3.1957933970261365e-06, 0.00011933333735214546, -0.04375659301877022, 1.0, 0.016333334147930145, -3.1957933970261365e-06, 0.0, 0.0, 1.0172526572205243e-06, -0.016214000061154366, 0.0, 0.0]","[0.0, 0.0, 0.0, 0.638528048992157, 0.0, 0.03284760192036629, 0.3416789770126343, 0.5972456336021423]",-6.159441012860265
8.649999999999988,149.154541015625,238.2827606201172,15.266119956970215,-0.031890869140625,0.984375,"[0.4356689453125, 0.07720000296831131, 0.3432742953300476, 0.949566662311554]","[0.0, 0.0, -3.1957933970261365e-06, 0.00011933333735214546, -0.04375659301877022, 1.0, 0.016333334147930145, -3.1957933970261365e-06, 0.0, 0.0, 1.0172526572205243e-06, -0.016214000061154366, 0.0, 0.0]","[0.0, 0.0, 0.0, 0.638528048992157, 0.0, 0.03284760192036629, 0.3416789770126343, 0.5972456336021423]",-6.334749121103178
8.699999999999989,149.90802001953125,238.44155883789062,15.488439559936523,-0.028900146484375,0.984375,"[0.42107927799224854, 0.07840000092983246, 0.3279401957988739, 0.9559329152107239]","[0.0, 0.0, -3.1957933970261365e-06, 0.00011933333735214546, -0.04375659301877022, 1.0, 0.016333334147930145, -3.1957933970261365e-06, 0.0, 0.0, 1.0172526572205243e-06, -0.016214000061154366, 0.0, 0.0]","[0.0, 0.0, 0.0, 0.638528048992157, 0.0, 0.03284760192036629, 0.3416789770126343, 0.5972456336021423]",-6.773644061749655
8.74999999999999,150.67349243164062,238.59628295898438,15.705639839172363,-0.0263671875,0.984375,"[0.4068256616592407, 0.0794999971985817, 0.31588613986968994, 0.9600062966346741]","[0.0, 0.0, -3.1957933970261365e-06, 0.00011933333735214546, -0.04375659301877022, 1.0, 0.016333334147930145, -3.1957933970261365e-06, 0.0, 0.0, 1.0172526572205243e-06, -0.016214000061154366, 0.0, 0.0]","[0.0, 0.0, 0.0, 0.638528048992157, 0.0, 0.03284760192036629, 0.3416789770126343, 0.5972456336021423]",-7.221863378736455
8.79999999999999,151.45066833496094,238.7471466064453,15.919509887695312,-0.024749755859375,0.984375,"[0.39279043674468994, 0.08070000261068344, 0.3077256977558136, 0.9638558030128479]","[0.0, 0.0, -3.1957933970261365e-06, 0.00011933333735214546, -0.04375659301877022, 1.0, 0.016333334147930145, -3.1957933970261365e-06, 0.0, 0.0, 1.0172526572205243e-06, -0.016214000061154366, 0.0, 0.0]","[0.0, 0.0, 0.0, 0.638528048992157, 0.0, 0.03284760192036629, 0.3416789770126343, 0.5972456336021423]",-7.6790872549059515
8.84999999999999,152.23934936523438,238.89427185058594,16.13134002685547,-0.02337646484375,0.984375,"[0.37888920307159424, 0.08179999887943268, 0.3009590804576874, 0.9656677842140198]","[0.0, 0.0, -3.1957933970261365e-06, 0.00011933333735214546, -0.04375659301877022, 1.0, 0.016333334147930145, -3.1957933970261365e-06, 0.0, 0.0, 1.0172526572205243e-06, -0.016214000061154366, 0.0, 0.0]","[0.0, 0.0, 0.0, 0.638528048992157, 0.0, 0.03284760192036629, 0.3416789770126343, 0.5972456336021423]",-7.8274060652065085
8.899999999999991,153.03941345214844,239.03775024414062,16.341970443725586,-0.02252197265625,0.984375,"[0.3650667071342468, 0.0828000009059906, 0.2964281141757965, 0.9677755832672119]","[0.0, 0.0, -3.1957933970261365e-06, 0.00011933333735214546, -0.04375659301877022, 1.0, 0.016333334147930145, -3.1957933970261365e-06, 0.0, 0.0, 1.0172526572205243e-06, -0.016214000061154366, 0.0, 0.0]","[0.0, 0.0, 0.0, 0.638528048992157, 0.0, 0.03284760192036629, 0.3416789770126343, 0.5972456336021423]",-8.277965964733907
8.949999999999992,153.85073852539062,239.17762756347656,16.549579620361328,-0.022369384765625,0.94921875,"[0.35144245624542236, 0.2727999985218048, 0.292470782995224, 0.9669696092605591]","[0.0, 0.0, -3.1957933970261365e-06, 0.00011933333735214546, -0.04375659301877022, 1.0, 0.016333334147930145, -3.1957933970261365e-06, 0.0, 0.0, 1.0172526572205243e-06, -0.016214000061154366, 0.0, 0.0]","[0.0, 0.0, 0.0, 0.638528048992157, 0.0, 0.03284760192036629, 0.3416789770126343, 0.5972456336021423]",-8.73619925770949
8.999999999999993,154.6729736328125,239.31382751464844,16.74920082092285,-0.0225830078125,0.8984375,"[0.33834242820739746, 0.5525000095367432, 0.2854175865650177, 0.9624584317207336]","[0.0, 0.0, -3.1957933970261365e-06, 0.00011933333735214546, -0.04375659301877022, 1.0, 0.016333334147930145, -3.1957933970261365e-06, 0.0, 0.0, 1.0172526572205243e-06, -0.016214000061154366, 0.0, 0.0]","[0.0, 0.0, 0.0, 0.638528048992157, 0.0, 0.03284760192036629, 0.3416789770126343, 0.5972456336021423]",-9.200594168941148
9.049999999999994,155.50550842285156,239.44610595703125,16.933879852294922,-0.02349853515625,0.8125,"[0.3262230157852173, 1.0, 0.2748364508152008, 0.955835223197937]","[0.0, 0.0, -3.1957933970261365e-06, 0.00011933333735214546, -0.04375659301877022, 1.0, 0.016333334147930145, -3.1957933970261365e-06, 0.0, 0.0, 1.0172526572205243e-06, -0.016214000061154366, 0.0, 0.0]","[0.0, 0.0, 0.0, 0.638528048992157, 0.0, 0.03284760192036629, 0.3416789770126343, 0.5972456336021423]",-9.304696314818239
9.099999999999994,156.34735107421875,239.57411193847656,17.096569061279297,-0.024993896484375,0.73046875,"[0.31554657220840454, 1.0, 0.26025012135505676, 0.9498027563095093]","[0.0, 0.0, -3.1957933970261365e-06, 0.00011933333735214546, -0.04375659301877022, 1.0, 0.016333334147930145, -3.1957933970261365e-06, 0.0, 0.0, 1.0172526572205243e-06, -0.016214000061154366, 0.0, 0.0]","[0.0, 0.0, 0.0, 0.638528048992157, 0.0, 0.03284760192036629, 0.3416789770126343, 0.5972456336021423]",-9.774182476133978
9.149999999999995,157.19728088378906,239.69740295410156,17.23387908935547,-0.026519775390625,0.66015625,"[0.30653566122055054, 1.0, 0.24330109357833862, 0.9489783048629761]","[0.0, 0.0, -3.1957933970261365e-06, 0.00011933333735214546, -0.04375659301877022, 1.0, 0.016333334147930145, -3.1957933970261365e-06, 0.0, 0.0, 1.0172526572205243e-06, -0.016214000061154366, 0.0, 0.0]","[0.0, 0.0, 0.0, 0.638528048992157, 0.0, 0.03284760192036629, 0.3416789770126343, 0.5972456336021423]",-10.252898259592005
9.199999999999996,158.05404663085938,239.81556701660156,17.346120834350586,-0.026763916015625,0.609375,"[0.2991698980331421, 1.0, 0.2234821915626526, 0.953540027141571]","[0.0, 0.0, -3.1957933970261365e-06, 0.00011933333735214546, -0.04375659301877022, 1.0, 0.016333334147930145, -3.1957933970261365e-06, 0.0, 0.0, 1.0172526572205243e-06, -0.016214000061154366, 0.0, 0.0]","[0.0, 0.0, 0.0, 0.638528048992157, 0.0, 0.03284760192036629, 0.3416789770126343, 0.5972456336021423]",-10.738657558854891
9.249999999999996,158.9164581298828,239.92845153808594,17.437440872192383,-0.0257568359375,0.59375,"[0.2931770086288452, 1.0, 0.20444130897521973, 0.9618613123893738]","[0.0, 0.0, -3.1957933970261365e-06, 0.00011933333735214546, -0.04375659301877022, 1.0, 0.016333334147930145, -3.1957933970261365e-06, 0.0, 0.0, 1.0172526572205243e-06, -0.016214000061154366, 0.0, 0.0]","[0.0, 0.0, 0.0, 0.638528048992157, 0.0, 0.03284760192036629, 0.3416789770126343, 0.5972456336021423]",-10.85119240393307
9.299999999999997,159.78366088867188,240.03585815429688,17.513830184936523,-0.023162841796875,0.59375,"[0.28816401958465576, 1.0, 0.19427165389060974, 0.9706872701644897]","[0.0, 0.0, -3.1957933970261365e-06, 0.00011933333735214546, -0.04375659301877022, 1.0, 0.016333334147930145, -3.1957933970261365e-06, 0.0, 0.0, 1.0172526572205243e-06, -0.016214000061154366, 0.0, 0.0]","[0.0, 0.0, 0.0, 0.638528048992157, 0.0, 0.03284760192036629, 0.3416789770126343, 0.5972456336021423]",-11.337886056228118
9.349999999999998,160.6551055908203,240.1380615234375,17.582870483398438,-0.020721435546875,0.62109375,"[0.283633291721344, 1.0, 0.17457318305969238, 0.972996175289154]","[0.0, 0.0, -3.1957933970261365e-06, 0.00011933333735214546, -0.04375659301877022, 1.0, 0.016333334147930145, -3.1957933970261365e-06, 0.0, 0.0, 1.0172526572205243e-06, -0.016214000061154366, 0.0, 0.0]","[0.0, 0.0, 0.0, 0.638528048992157, 0.0, 0.03284760192036629, 0.3416789770126343, 0.5972456336021423]",-11.825740692789484
9.399999999999999,161.530517578125,240.23501586914062,17.64887046813965,-0.020599365234375,0.62890625,"[0.27930206060409546, 1.0, 0.1746997833251953, 0.9840083122253418]","[0.0, 0.0, -3.1957933970261365e-06, 0.00011933333735214546, -0.04375659301877022, 1.0, 0.016333334147930145, -3.1957933970261365e-06, 0.0, 0.0, 1.0172526572205243e-06, -0.016214000061154366, 0.0, 0.0]","[0.0, 0.0, 0.0, 0.638528048992157, 0.0, 0.03284760192036629, 0.3416789770126343, 0.5972456336021423]",-12.314723118004439
9.45,162.4098663330078,240.32632446289062,17.713319778442383,-0.0233154296875,0.6328125,"[0.2750726342201233, 1.0, 0.18211954832077026, 0.9810351133346558]","[0.0, 0.0, -3.1957933970261365e-06, 0.00011933333735214546, -0.04375659301877022, 1.0, 0.016333334147930145, -3.1957933970261365e-06, 0.0, 0.0, 1.0172526572205243e-06, -0.016214000061154366, 0.0, 0.0]","[0.0, 0.0, 0.0, 0.638528048992157, 0.0, 0.03284760192036629, 0.3416789770126343, 0.5972456336021423]",-12.410748206532505
9.5,163.29306030273438,240.41136169433594,17.77652931213379,-0.028564453125,0.6328125,"[0.27092456817626953, 1.0, 0.19598330557346344, 0.9749025106430054]","[0.0, 0.0, -3.1957933970261365e-06, 0.00011933333735214546, -0.04375659301877022, 1.0, 0.016333334147930145, -3.1957933970261365e-06, 0.0, 0.0, 1.0172526572205243e-06, -0.016214000061154366, 0.0, 0.0]","[0.0, 0.0, 0.0, 0.638528048992157, 0.0, 0.03284760192036629, 0.3416789770126343, 0.5972456336021423]",-12.89846626686713
9.55,164.18006896972656,240.4894256591797,17.838520050048828,-0.0345458984375,0.6328125,"[0.26685643196105957, 1.0, 0.21196044981479645, 0.9728361964225769]","[0.0, 0.0, -3.1957933970261365e-06, 0.00011933333735214546, -0.04375659301877022, 1.0, 0.016333334147930145, -3.1957933970261365e-06, 0.0, 0.0, 1.0172526572205243e-06, -0.016214000061154366, 0.0, 0.0]","[0.0, 0.0, 0.0, 0.638528048992157, 0.0, 0.03284760192036629, 0.3416789770126343, 0.5972456336021423]",-13.378011243620366
9.600000000000001,165.07077026367188,240.56007385253906,17.898040771484375,-0.036956787109375,0.6015625,"[0.26295042037963867, 1.0, 0.2178395688533783, 0.9814556241035461]","[0.0, 0.0, -3.1957933970261365e-06, 0.00011933333735214546, -0.04375659301877022, 1.0, 0.016333334147930145, -3.1957933970261365e-06, 0.0, 0.0, 1.0172526572205243e-06, -0.016214000061154366, 0.0, 0.0]","[0.0, 0.0, 0.0, 0.638528048992157, 0.0, 0.03284760192036629, 0.3416789770126343, 0.5972456336021423]",-13.849159038718875
9.650000000000002,165.9649200439453,240.6230926513672,17.953229904174805,-0.036773681640625,0.58984375,"[0.2593286633491516, 1.0, 0.2176022082567215, 0.9839662909507751]","[0.0, 0.0, -3.1957933970261365e-06, 0.00011933333735214546, -0.04375659301877022, 1.0, 0.016333334147930145, -3.1957933970261365e-06, 0.0, 0.0, 1.0172526572205243e-06, -0.016214000061154366, 0.0, 0.0]","[0.0, 0.0, 0.0, 0.638528048992157, 0.0, 0.03284760192036629, 0.3416789770126343, 0.5972456336021423]",-13.90294975936557
9.700000000000003,166.86212158203125,240.67816162109375,18.001150131225586,-0.036712646484375,0.53515625,"[0.2561839818954468, 1.0, 0.21712526679039001, 0.9809406995773315]","[0.0, 0.0, -3.1957933970261365e-06, 0.00011933333735214546, -0.04375659301877022, 1.0, 0.016333334147930145, -3.1957933970261365e-06, 0.0, 0.0, 1.0172526572205243e-06, -0.016214000061154366, 0.0, 0.0]","[0.0, 0.0, 0.0, 0.638528048992157, 0.0, 0.03284760192036629, 0.3416789770126343, 0.5972456336021423]",-14.378174821285269
9.750000000000004,167.76187133789062,240.72496032714844,18.03689956665039,-0.0360107421875,0.4761810302734375,"[0.2538378834724426, 1.0, 0.21046152710914612, 0.9783304333686829]","[0.0, 0.0, -3.1957933970261365e-06, 0.00011933333735214546, -0.04375659301877022, 1.0, 0.016333334147930145, -3.1957933970261365e-06, 0.0, 0.0, 1.0172526572205243e-06, -0.016214000061154366, 0.0, 0.0]","[0.0, 0.0, 0.0, 0.638528048992157, 0.0, 0.03284760192036629, 0.3416789770126343, 0.5972456336021423]",-14.855534638796351
9.800000000000004,168.66329956054688,240.7630157470703,18.055849075317383,-0.036773681640625,0.400787353515625,"[0.25259435176849365, 1.0, 0.20357757806777954, 0.9739247560501099]","[0.0, 0.0, -3.1957933970261365e-06, 0.00011933333735214546, -0.04375659301877022, 1.0, 0.016333334147930145, -3.1957933970261365e-06, 0.0, 0.0, 1.0172526572205243e-06, -0.016214000061154366, 0.0, 0.0]","[0.0, 0.0, 0.0, 0.638528048992157, 0.0, 0.03284760192036629, 0.3416789770126343, 0.5972456336021423]",-15.334962843658353
9.850000000000005,169.56536865234375,240.79153442382812,18.0539608001709,-0.04217529296875,0.3333282470703125,"[0.2527182698249817, 1.0, 0.20547735691070557, 0.9641869068145752]","[0.0, 0.0, -3.1957933970261365e-06, 0.00011933333735214546, -0.04375659301877022, 1.0, 0.016333334147930145, -3.1957933970261365e-06, 0.0, 0.0, 1.0172526572205243e-06, -0.016214000061154366, 0.0, 0.0]","[0.0, 0.0, 0.0, 0.638528048992157, 0.0, 0.03284760192036629, 0.3416789770126343, 0.5972456336021423]",-15.383076056636671
9.900000000000006,170.46688842773438,240.8094024658203,18.031309127807617,-0.0499267578125,0.2936553955078125,"[0.25420475006103516, 1.0, 0.24324384331703186, 0.9571904540061951]","[0.0, 0.0, -3.1957933970261365e-06, 0.00011933333735214546, -0.04375659301877022, 1.0, 0.016333334147930145, -3.1957933970261365e-06, 0.0, 0.0, 1.0172526572205243e-06, -0.016214000061154366, 0.0, 0.0]","[0.0, 0.0, 0.0, 0.638528048992157, 0.0, 0.03284760192036629, 0.3416789770126343, 0.5972456336021423]",-15.853251826088389
9.950000000000006,171.3668670654297,240.81558227539062,17.992090225219727,-0.057586669921875,0.28570556640625,"[0.2567784786224365, 1.0, 0.28134021162986755, 0.9583839178085327]","[0.0, 0.0, -3.1957933970261365e-06, 0.00011933333735214546, -0.04375659301877022, 1.0, 0.016333334147930145, -3.1957933970261365e-06, 0.0, 0.0, 1.0172526572205243e-06, -0.016214000061154366, 0.0, 0.0]","[0.0, 0.0, 0.0, 0.638528048992157, 0.0, 0.03284760192036629, 0.3416789770126343, 0.5972456336021423]",-16.31445135740114
10.000000000000007,172.26449584960938,240.8089599609375,17.94131088256836,-0.065093994140625,0.28570556640625,"[0.26011085510253906, 1.0, 0.31214943528175354, 0.9595770239830017]","[0.0, 0.0, -3.1957933970261365e-06, 0.00011933333735214546, -0.04375659301877022, 1.0, 0.016333334147930145, -3.1957933970261365e-06, 0.0, 0.0, 1.0172526572205243e-06, -0.016214000061154366, 0.0, 0.0]","[0.0, 0.0, 0.0, 0.638528048992157, 0.0, 0.03284760192036629, 0.3416789770126343, 0.5972456336021423]",-16.76821491289912
10.050000000000008,173.15902709960938,240.7881622314453,17.881500244140625,-0.0751953125,0.28570556640625,"[0.2640358805656433, 1.0, 0.3482975661754608, 0.9517620801925659]","[0.0, 0.0, -3.1957933970261365e-06, 0.00011933333735214546, -0.04375659301877022, 1.0, 0.016333334147930145, -3.1957933970261365e-06, 0.0, 0.0, 1.0172526572205243e-06, -0.016214000061154366, 0.0, 0.0]","[0.0, 0.0, 0.0, 0.638528048992157, 0.0, 0.03284760192036629, 0.3416789770126343, 0.5972456336021423]",-16.742460660794052
10.100000000000009,174.0497589111328,240.75148010253906,17.81389045715332,-0.087310791015625,0.28570556640625,"[0.26847273111343384, 1.0, 0.38806283473968506, 0.9454102516174316]","[0.0, 0.0, -3.1957933970261365e-06, 0.00011933333735214546, -0.04375659301877022, 1.0, 0.016333334147930145, -3.1957933970261365e-06, 0.0, 0.0, 1.0172526572205243e-06, -0.016214000061154366, 0.0, 0.0]","[0.0, 0.0, 0.0, 0.638528048992157, 0.0, 0.03284760192036629, 0.3416789770126343, 0.5972456336021423]",-17.154236357876858
10.15000000000001,174.9359893798828,240.69723510742188,17.739910125732422,-0.09832763671875,0.28570556640625,"[0.27332764863967896, 1.0, 0.42418020963668823, 0.9470481276512146]","[0.0, 0.0, -3.1957933970261365e-06, 0.00011933333735214546, -0.04375659301877022, 1.0, 0.016333334147930145, -3.1957933970261365e-06, 0.0, 0.0, 1.0172526572205243e-06, -0.016214000061154366, 0.0, 0.0]","[0.0, 0.0, 0.0, 0.638528048992157, 0.0, 0.03284760192036629, 0.3416789770126343, 0.5972456336021423]",-17.54570465899101
10.20000000000001,175.8168182373047,240.62367248535156,17.659160614013672,-0.11090087890625,0.28570556640625,"[0.27862679958343506, 1.0, 0.46505358815193176, 0.9405143857002258]","[0.0, 0.0, -3.1957933970261365e-06, 0.00011933333735214546, -0.04375659301877022, 1.0, 0.016333334147930145, -3.1957933970261365e-06, 0.0, 0.0, 1.0172526572205243e-06, -0.016214000061154366, 0.0, 0.0]","[0.0, 0.0, 0.0, 0.638528048992157, 0.0, 0.03284760192036629, 0.3416789770126343, 0.5972456336021423]",-17.91332586408407
10.25000000000001,176.6912078857422,240.5286865234375,17.57155990600586,-0.125762939453125,0.3055572509765625,"[0.28437554836273193, 1.0, 0.5104650259017944, 0.933673620223999]","[0.0, 0.0, -3.1957933970261365e-06, 0.00011933333735214546, -0.04375659301877022, 1.0, 0.016333334147930145, -3.1957933970261365e-06, 0.0, 0.0, 1.0172526572205243e-06, -0.016214000061154366, 0.0, 0.0]","[0.0, 0.0, 0.0, 0.638528048992157, 0.0, 0.03284760192036629, 0.3416789770126343, 0.5972456336021423]",-17.778918271809633
10.300000000000011,177.55796813964844,240.41001892089844,17.475549697875977,-0.144378662109375,0.3055572509765625,"[0.29067617654800415, 1.0, 0.563120424747467, 0.9237017035484314]","[0.0, 0.0, -3.1957933970261365e-06, 0.00011933333735214546, -0.04375659301877022, 1.0, 0.016333334147930145, -3.1957933970261365e-06, 0.0, 0.0, 1.0172526572205243e-06, -0.016214000061154366, 0.0, 0.0]","[0.0, 0.0, 0.0, 0.638528048992157, 0.0, 0.03284760192036629, 0.3416789770126343, 0.5972456336021423]",-18.134220236717304
10.350000000000012,178.41534423828125,240.26527404785156,17.36819076538086,-0.1661376953125,0.3095245361328125,"[0.2977215051651001, 1.0, 0.5938716530799866, 0.9149227738380432]","[0.0, 0.0, -3.1957933970261365e-06, 0.00011933333735214546, -0.04375659301877022, 1.0, 0.016333334147930145, -3.1957933970261365e-06, 0.0, 0.0, 1.0172526572205243e-06, -0.016214000061154366, 0.0, 0.0]","[0.0, 0.0, 0.0, 0.638528048992157, 0.0, 0.03284760192036629, 0.3416789770126343, 0.5972456336021423]",-18.43104184157379
10.400000000000013,179.26138305664062,240.0921173095703,17.247400283813477,-0.18939208984375,0.3095245361328125,"[0.3056483864784241, 1.0, 0.6013723015785217, 0.9096232652664185]","[0.0, 0.0, -3.1957933970261365e-06, 0.00011933333735214546, -0.04375659301877022, 1.0, 0.016333334147930145, -3.1957933970261365e-06, 0.0, 0.0, 1.0172526572205243e-06, -0.016214000061154366, 0.0, 0.0]","[0.0, 0.0, 0.0, 0.638528048992157, 0.0, 0.03284760192036629, 0.3416789770126343, 0.5972456336021423]",-18.67888351599211
10.450000000000014,180.09368896484375,239.88848876953125,17.111919403076172,-0.21209716796875,0.3095245361328125,"[0.31453925371170044, 1.0, 0.6091182827949524, 0.9075257182121277]","[0.0, 0.0, -3.1957933970261365e-06, 0.00011933333735214546, -0.04375659301877022, 1.0, 0.016333334147930145, -3.1957933970261365e-06, 0.0, 0.0, 1.0172526572205243e-06, -0.016214000061154366, 0.0, 0.0]","[0.0, 0.0, 0.0, 0.638528048992157, 0.0, 0.03284760192036629, 0.3416789770126343, 0.5972456336021423]",-18.242548602531205
10.500000000000014,180.90980529785156,239.65284729003906,16.963420867919922,-0.22991943359375,0.3095245361328125,"[0.3242843747138977, 1.0, 0.6146866083145142, 0.9126025438308716]","[0.0, 0.0, -3.1957933970261365e-06, 0.00011933333735214546, -0.04375659301877022, 1.0, 0.016333334147930145, -3.1957933970261365e-06, 0.0, 0.0, 1.0172526572205243e-06, -0.016214000061154366, 0.0, 0.0]","[0.0, 0.0, 0.0, 0.638528048992157, 0.0, 0.03284760192036629, 0.3416789770126343, 0.5972456336021423]",-18.44192894936681
10.550000000000015,181.70718383789062,239.38401794433594,16.803699493408203,-0.24267578125,0.3095245361328125,"[0.3347659707069397, 1.0, 0.6179595589637756, 0.9167618155479431]","[0.0, 0.0, -3.1957933970261365e-06, 0.00011933333735214546, -0.04375659301877022, 1.0, 0.016333334147930145, -3.1957933970261365e-06, 0.0, 0.0, 1.0172526572205243e-06, -0.016214000061154366, 0.0, 0.0]","[0.0, 0.0, 0.0, 0.638528048992157, 0.0, 0.03284760192036629, 0.3416789770126343, 0.5972456336021423]",-18.633448227772696
10.600000000000016,182.48333740234375,239.08154296875,16.63610076904297,-0.248687744140625,0.3134918212890625,"[0.3457645773887634, 1.0, 0.6179103255271912, 0.9235920310020447]","[0.0, 0.0, -3.1957933970261365e-06, 0.00011933333735214546, -0.04375659301877022, 1.0, 0.016333334147930145, -3.1957933970261365e-06, 0.0, 0.0, 1.0172526572205243e-06, -0.016214000061154366, 0.0, 0.0]","[0.0, 0.0, 0.0, 0.638528048992157, 0.0, 0.03284760192036629, 0.3416789770126343, 0.5972456336021423]",-18.816041666036117
10.650000000000016,183.23590087890625,238.74526977539062,16.463279724121094,-0.24951171875,0.3174591064453125,"[0.3571058511734009, 1.0, 0.6154145002365112, 0.9268057942390442]","[0.0, 0.0, -3.1957933970261365e-06, 0.00011933333735214546, -0.04375659301877022, 1.0, 0.016333334147930145, -3.1957933970261365e-06, 0.0, 0.0, 1.0172526572205243e-06, -0.016214000061154366, 0.0, 0.0]","[0.0, 0.0, 0.0, 0.638528048992157, 0.0, 0.03284760192036629, 0.3416789770126343, 0.5972456336021423]",-18.259090993900543
10.700000000000017,183.962646484375,238.37551879882812,16.289100646972656,-0.2467041015625,0.3571319580078125,"[0.3685362935066223, 1.0, 0.6098101139068604, 0.9301536083221436]","[0.0, 0.0, -3.1957933970261365e-06, 0.00011933333735214546, -0.04375659301877022, 1.0, 0.016333334147930145, -3.1957933970261365e-06, 0.0, 0.0, 1.0172526572205243e-06, -0.016214000061154366, 0.0, 0.0]","[0.0, 0.0, 0.0, 0.638528048992157, 0.0, 0.03284760192036629, 0.3416789770126343, 0.5972456336021423]",-18.407491991532336
10.750000000000018,184.66159057617188,237.97276306152344,16.119199752807617,-0.24267578125,0.428558349609375,"[0.3796859383583069, 1.0, 0.5998246669769287, 0.9345828294754028]","[0.0, 0.0, -3.1957933970261365e-06, 0.00011933333735214546, -0.04375659301877022, 1.0, 0.016333334147930145, -3.1957933970261365e-06, 0.0, 0.0, 1.0172526572205243e-06, -0.016214000061154366, 0.0, 0.0]","[0.0, 0.0, 0.0, 0.638528048992157, 0.0, 0.03284760192036629, 0.3416789770126343, 0.5972456336021423]",-18.675334626357373
10.800000000000018,185.3309783935547,237.53759765625,15.958979606628418,-0.23931884765625,0.5,"[0.39020031690597534, 1.0, 0.5859552025794983, 0.9391289353370667]","[0.0, 0.0, -3.1957933970261365e-06, 0.00011933333735214546, -0.04375659301877022, 1.0, 0.016333334147930145, -3.1957933970261365e-06, 0.0, 0.0, 1.0172526572205243e-06, -0.016214000061154366, 0.0, 0.0]","[0.0, 0.0, 0.0, 0.638528048992157, 0.0, 0.03284760192036629, 0.3416789770126343, 0.5972456336021423]",-18.883929947908115
10.85000000000002,185.96917724609375,237.0707550048828,15.811710357666016,-0.236724853515625,0.55078125,"[0.39986473321914673, 1.0, 0.5703793168067932, 0.9417551159858704]","[0.0, 0.0, -3.1957933970261365e-06, 0.00011933333735214546, -0.04375659301877022, 1.0, 0.016333334147930145, -3.1957933970261365e-06, 0.0, 0.0, 1.0172526572205243e-06, -0.016214000061154366, 0.0, 0.0]","[0.0, 0.0, 0.0, 0.638528048992157, 0.0, 0.03284760192036629, 0.3416789770126343, 0.5972456336021423]",-18.57685177884706
10.90000000000002,186.57473754882812,236.5732421875,15.678770065307617,-0.233551025390625,0.5859375,"[0.4085889458656311, 1.0, 0.5550786852836609, 0.9430410265922546]","[0.0, 0.0, -3.1957933970261365e-06, 0.00011933333735214546, -0.04375659301877022, 1.0, 0.016333334147930145, -3.1957933970261365e-06, 0.0, 0.0, 1.0172526572205243e-06, -0.016214000061154366, 0.0, 0.0]","[0.0, 0.0, 0.0, 0.638528048992157, 0.0, 0.03284760192036629, 0.3416789770126343, 0.5972456336021423]",-18.72233934331668
10.95000000000002,187.1463623046875,236.0462646484375,15.560090065002441,-0.23095703125,0.625,"[0.41637730598449707, 1.0, 0.5411138534545898, 0.9438974857330322]","[0.0, 0.0, -3.1957933970261365e-06, 0.00011933333735214546, -0.04375659301877022, 1.0, 0.016333334147930145, -3.1957933970261365e-06, 0.0, 0.0, 1.0172526572205243e-06, -0.016214000061154366, 0.0, 0.0]","[0.0, 0.0, 0.0, 0.638528048992157, 0.0, 0.03284760192036629, 0.3416789770126343, 0.5972456336021423]",-18.860127530005776
11.000000000000021,187.6828155517578,235.4912109375,15.456509590148926,-0.22894287109375,0.66796875,"[0.4231746792793274, 1.0, 0.5276395678520203, 0.9458612203598022]","[0.0, 0.0, -3.1957933970261365e-06, 0.00011933333735214546, -0.04375659301877022, 1.0, 0.016333334147930145, -3.1957933970261365e-06, 0.0, 0.0, 1.0172526572205243e-06, -0.016214000061154366, 0.0, 0.0]","[0.0, 0.0, 0.0, 0.638528048992157, 0.0, 0.03284760192036629, 0.3416789770126343, 0.5972456336021423]",-18.98587804779919
11.050000000000022,188.18319702148438,234.90956115722656,15.37112045288086,-0.224151611328125,0.703125,"[0.4287782311439514, 1.0, 0.5171379446983337, 0.9488867521286011]","[0.0, 0.0, -3.1957933970261365e-06, 0.00011933333735214546, -0.04375659301877022, 1.0, 0.016333334147930145, -3.1957933970261365e-06, 0.0, 0.0, 1.0172526572205243e-06, -0.016214000061154366, 0.0, 0.0]","[0.0, 0.0, 0.0, 0.638528048992157, 0.0, 0.03284760192036629, 0.3416789770126343, 0.5972456336021423]",-18.578094674085833
11.100000000000023,188.648681640625,234.30392456054688,15.307330131530762,-0.210784912109375,0.73046875,"[0.432964563369751, 1.0, 0.5362136363983154, 0.9432560801506042]","[0.0, 0.0, -3.1957933970261365e-06, 0.00011933333735214546, -0.04375659301877022, 1.0, 0.016333334147930145, -3.1957933970261365e-06, 0.0, 0.0, 1.0172526572205243e-06, -0.016214000061154366, 0.0, 0.0]","[0.0, 0.0, 0.0, 0.638528048992157, 0.0, 0.03284760192036629, 0.3416789770126343, 0.5972456336021423]",-18.654556925501648
11.150000000000023,189.07778930664062,233.6744842529297,15.272589683532715,-0.1895751953125,0.75390625,"[0.4352443218231201, 1.0, 0.5594457387924194, 0.9535538554191589]","[0.0, 0.0, -3.1957933970261365e-06, 0.00011933333735214546, -0.04375659301877022, 1.0, 0.016333334147930145, -3.1957933970261365e-06, 0.0, 0.0, 1.0172526572205243e-06, -0.016214000061154366, 0.0, 0.0]","[0.0, 0.0, 0.0, 0.638528048992157, 0.0, 0.03284760192036629, 0.3416789770126343, 0.5972456336021423]",-18.662095111112496
11.200000000000024,189.47079467773438,233.02310180664062,15.262419700622559,-0.171722412109375,0.77734375,"[0.43591177463531494, 1.0, 0.5755956172943115, 0.9449828863143921]","[0.0, 0.0, -3.1957933970261365e-06, 0.00011933333735214546, -0.04375659301877022, 1.0, 0.016333334147930145, -3.1957933970261365e-06, 0.0, 0.0, 1.0172526572205243e-06, -0.016214000061154366, 0.0, 0.0]","[0.0, 0.0, 0.0, 0.638528048992157, 0.0, 0.03284760192036629, 0.3416789770126343, 0.5972456336021423]",-18.625272098471992
11.250000000000025,189.8286895751953,232.35153198242188,15.272199630737305,-0.1593017578125,0.796875,"[0.435269832611084, 0.9490000009536743, 0.5876966714859009, 0.9539822936058044]","[0.0, 0.0, -3.1957933970261365e-06, 0.00011933333735214546, -0.04375659301877022, 1.0, 0.016333334147930145, -3.1957933970261365e-06, 0.0, 0.0, 1.0172526572205243e-06, -0.016214000061154366, 0.0, 0.0]","[0.0, 0.0, 0.0, 0.638528048992157, 0.0, 0.03284760192036629, 0.3416789770126343, 0.5972456336021423]",-17.954277611446347
11.300000000000026,190.15223693847656,231.66143798828125,15.301179885864258,-0.148101806640625,0.8125,"[0.4333680272102356, 0.8805000185966492, 0.5983626246452332, 0.9513823390007019]","[0.0, 0.0, -3.1957933970261365e-06, 0.00011933333735214546, -0.04375659301877022, 1.0, 0.016333334147930145, -3.1957933970261365e-06, 0.0, 0.0, 1.0172526572205243e-06, -0.016214000061154366, 0.0, 0.0]","[0.0, 0.0, 0.0, 0.638528048992157, 0.0, 0.03284760192036629, 0.3416789770126343, 0.5972456336021423]",-17.91374858460315
11.350000000000026,190.4425811767578,230.954345703125,15.349519729614258,-0.1357421875,0.82421875,"[0.43019580841064453, 0.8313999772071838, 0.6085217595100403, 0.9450767636299133]","[0.0, 0.0, -3.1957933970261365e-06, 0.00011933333735214546, -0.04375659301877022, 1.0, 0.016333334147930145, -3.1957933970261365e-06, 0.0, 0.0, 1.0172526572205243e-06, -0.016214000061154366, 0.0, 0.0]","[0.0, 0.0, 0.0, 0.638528048992157, 0.0, 0.03284760192036629, 0.3416789770126343, 0.5972456336021423]",-17.88038323055094
11.400000000000027,190.70187377929688,230.23165893554688,15.421429634094238,-0.11358642578125,0.83203125,"[0.4254767894744873, 0.8033000230789185, 0.621191680431366, 0.9200934767723083]","[0.0, 0.0, -3.1957933970261365e-06, 0.00011933333735214546, -0.04375659301877022, 1.0, 0.016333334147930145, -3.1957933970261365e-06, 0.0, 0.0, 1.0172526572205243e-06, -0.016214000061154366, 0.0, 0.0]","[0.0, 0.0, 0.0, 0.638528048992157, 0.0, 0.03284760192036629, 0.3416789770126343, 0.5972456336021423]",-17.862940511774237
11.450000000000028,190.93338012695312,229.49472045898438,15.516940116882324,-0.083740234375,0.8359375,"[0.41920894384384155, 0.7961999773979187, 0.6335292458534241, 0.8947691917419434]","[0.0, 0.0, -3.1957933970261365e-06, 0.00011933333735214546, -0.04375659301877022, 1.0, 0.016333334147930145, -3.1957933970261365e-06, 0.0, 0.0, 1.0172526572205243e-06, -0.016214000061154366, 0.0, 0.0]","[0.0, 0.0, 0.0, 0.638528048992157, 0.0, 0.03284760192036629, 0.3416789770126343, 0.5972456336021423]",-17.29434180417399
11.500000000000028,191.14041137695312,228.74462890625,15.62954044342041,-0.0579833984375,0.84375,"[0.41181957721710205, 0.7699000239372253, 0.5886443853378296, 0.8959688544273376]","[0.0, 0.0, -3.1957933970261365e-06, 0.00011933333735214546, -0.04375659301877022, 1.0, 0.016333334147930145, -3.1957933970261365e-06, 0.0, 0.0, 1.0172526572205243e-06, -0.016214000061154366, 0.0, 0.0]","[0.0, 0.0, 0.0, 0.638528048992157, 0.0, 0.03284760192036629, 0.3416789770126343, 0.5972456336021423]",-17.344382870350614
11.55000000000003,191.3256072998047,227.9823760986328,15.752739906311035,-0.043975830078125,0.8515625,"[0.4037347435951233, 0.7412999868392944, 0.5422571301460266, 0.9174137115478516]","[0.0, 0.0, -3.1957933970261365e-06, 0.00011933333735214546, -0.04375659301877022, 1.0, 0.016333334147930145, -3.1957933970261365e-06, 0.0, 0.0, 1.0172526572205243e-06, -0.016214000061154366, 0.0, 0.0]","[0.0, 0.0, 0.0, 0.638528048992157, 0.0, 0.03284760192036629, 0.3416789770126343, 0.5972456336021423]",-17.425769824264965
11.60000000000003,191.49148559570312,227.20884704589844,15.884929656982422,-0.035125732421875,0.859375,"[0.39505982398986816, 0.7120000123977661, 0.49698901176452637, 0.9210581183433533]","[0.0, 0.0, -3.1957933970261365e-06, 0.00011933333735214546, -0.04375659301877022, 1.0, 0.016333334147930145, -3.1957933970261365e-06, 0.0, 0.0, 1.0172526572205243e-06, -0.016214000061154366, 0.0, 0.0]","[0.0, 0.0, 0.0, 0.638528048992157, 0.0, 0.03284760192036629, 0.3416789770126343, 0.5972456336021423]",-17.539904594310496
11.65000000000003,191.64076232910156,226.4247589111328,16.025270462036133,-0.028167724609375,0.8671875,"[0.3858500123023987, 0.6819999814033508, 0.4503340721130371, 0.920670211315155]","[0.0, 0.0, -3.1957933970261365e-06, 0.00011933333735214546, -0.04375659301877022, 1.0, 0.016333334147930145, -3.1957933970261365e-06, 0.0, 0.0, 1.0172526572205243e-06, -0.016214000061154366, 0.0, 0.0]","[0.0, 0.0, 0.0, 0.638528048992157, 0.0, 0.03284760192036629, 0.3416789770126343, 0.5972456336021423]",-17.188416338654477
11.700000000000031,191.77593994140625,225.63067626953125,16.172269821166992,-0.024139404296875,0.875,"[0.3762032389640808, 0.650600016117096, 0.4044114351272583, 0.9285039901733398]","[0.0, 0.0, -3.1957933970261365e-06, 0.00011933333735214546, -0.04375659301877022, 1.0, 0.016333334147930145, -3.1957933970261365e-06, 0.0, 0.0, 1.0172526572205243e-06, -0.016214000061154366, 0.0, 0.0]","[0.0, 0.0, 0.0, 0.638528048992157, 0.0, 0.03284760192036629, 0.3416789770126343, 0.5972456336021423]",-17.38568636221213
11.750000000000032,191.8992156982422,224.82704162597656,16.324369430541992,-0.023101806640625,0.87890625,"[0.3662217855453491, 0.6383000016212463, 0.36773407459259033, 0.939508318901062]","[0.0, 0.0, -3.1957933970261365e-06, 0.00011933333735214546, -0.04375659301877022, 1.0, 0.016333334147930145, -3.1957933970261365e-06, 0.0, 0.0, 1.0172526572205243e-06, -0.016214000061154366, 0.0, 0.0]","[0.0, 0.0, 0.0, 0.638528048992157, 0.0, 0.03284760192036629, 0.3416789770126343, 0.5972456336021423]",-17.6376915455985
11.800000000000033,192.01234436035156,224.0140380859375,16.480520248413086,-0.022796630859375,0.8828125,"[0.3559744358062744, 0.6252999901771545, 0.3373129665851593, 0.9456205368041992]","[0.0, 0.0, -3.1957933970261365e-06, 0.00011933333735214546, -0.04375659301877022, 1.0, 0.016333334147930145, -3.1957933970261365e-06, 0.0, 0.0, 1.0172526572205243e-06, -0.016214000061154366, 0.0, 0.0]","[0.0, 0.0, 0.0, 0.638528048992157, 0.0, 0.03284760192036629, 0.3416789770126343, 0.5972456336021423]",-17.947252954145632
11.850000000000033,192.11692810058594,223.19190979003906,16.640100479125977,-0.021697998046875,0.88671875,"[0.3455021381378174, 0.6116999983787537, 0.31039997935295105, 0.948663592338562]","[0.0, 0.0, -3.1957933970261365e-06, 0.00011933333735214546, -0.04375659301877022, 1.0, 0.016333334147930145, -3.1957933970261365e-06, 0.0, 0.0, 1.0172526572205243e-06, -0.016214000061154366, 0.0, 0.0]","[0.0, 0.0, 0.0, 0.638528048992157, 0.0, 0.03284760192036629, 0.3416789770126343, 0.5972456336021423]",-17.96452062724529
11.900000000000034,192.21458435058594,222.3607635498047,16.802640914916992,-0.0179443359375,0.88671875,"[0.3348354697227478, 0.6190000176429749, 0.281603068113327, 0.946194589138031]","[0.0, 0.0, -3.1957933970261365e-06, 0.00011933333735214546, -0.04375659301877022, 1.0, 0.016333334147930145, -3.1957933970261365e-06, 0.0, 0.0, 1.0172526572205243e-06, -0.016214000061154366, 0.0, 0.0]","[0.0, 0.0, 0.0, 0.638528048992157, 0.0, 0.03284760192036629, 0.3416789770126343, 0.5972456336021423]",-18.429743177800457
11.950000000000035,192.30686950683594,221.52072143554688,16.967330932617188,-0.011749267578125,0.88671875,"[0.32402777671813965, 0.6262000203132629, 0.25042814016342163, 0.9438096880912781]","[0.0, 0.0, -3.1957933970261365e-06, 0.00011933333735214546, -0.04375659301877022, 1.0, 0.016333334147930145, -3.1957933970261365e-06, 0.0, 0.0, 1.0172526572205243e-06, -0.016214000061154366, 0.0, 0.0]","[0.0, 0.0, 0.0, 0.638528048992157, 0.0, 0.03284760192036629, 0.3416789770126343, 0.5972456336021423]",-18.964173597398922
12.000000000000036,192.3954315185547,220.67196655273438,17.130380630493164,-0.002960205078125,0.83984375,"[0.3133276700973511, 0.8956000208854675, 0.21160481870174408, 0.938965916633606]","[0.0, 0.0, -3.1957933970261365e-06, 0.00011933333735214546, -0.04375659301877022, 1.0, 0.016333334147930145, -3.1957933970261365e-06, 0.0, 0.0, 1.0172526572205243e-06, -0.016214000061154366, 0.0, 0.0]","[0.0, 0.0, 0.0, 0.638528048992157, 0.0, 0.03284760192036629, 0.3416789770126343, 0.5972456336021423]",-19.56843609902991
12.050000000000036,192.48158264160156,219.8150177001953,17.284469604492188,0.002655029296875,0.77734375,"[0.3032156825065613, 1.0, 0.17827560007572174, 0.9487922191619873]","[0.0, 0.0, -3.1957933970261365e-06, 0.00011933333735214546, -0.04375659301877022, 1.0, 0.016333334147930145, -3.1957933970261365e-06, 0.0, 0.0, 1.0172526572205243e-06, -0.016214000061154366, 0.0, 0.0]","[0.0, 0.0, 0.0, 0.638528048992157, 0.0, 0.03284760192036629, 0.3416789770126343, 0.5972456336021423]",-20.13496816335557
12.100000000000037,192.56564331054688,218.95065307617188,17.420780181884766,0.001129150390625,0.6640625,"[0.294270396232605, 1.0, 0.1585564762353897, 0.9578801393508911]","[0.0, 0.0, -3.1957933970261365e-06, 0.00011933333735214546, -0.04375659301877022, 1.0, 0.016333334147930145, -3.1957933970261365e-06, 0.0, 0.0, 1.0172526572205243e-06, -0.016214000061154366, 0.0, 0.0]","[0.0, 0.0, 0.0, 0.638528048992157, 0.0, 0.03284760192036629, 0.3416789770126343, 0.5972456336021423]",-20.933599299573874
12.150000000000038,192.6480255126953,218.08013916015625,17.53074073791504,0.00048828125,0.5703125,"[0.28705430030822754, 1.0, 0.1260444074869156, 0.9511492848396301]","[0.0, 0.0, -3.1957933970261365e-06, 0.00011933333735214546, -0.04375659301877022, 1.0, 0.016333334147930145, -3.1957933970261365e-06, 0.0, 0.0, 1.0172526572205243e-06, -0.016214000061154366, 0.0, 0.0]","[0.0, 0.0, 0.0, 0.638528048992157, 0.0, 0.03284760192036629, 0.3416789770126343, 0.5972456336021423]",-21.79773080791885
12.200000000000038,192.72930908203125,217.20489501953125,17.613239288330078,0.0010986328125,0.515625,"[0.28164035081863403, 1.0, 0.09022197872400284, 0.952970564365387]","[0.0, 0.0, -3.1957933970261365e-06, 0.00011933333735214546, -0.04375659301877022, 1.0, 0.016333334147930145, -3.1957933970261365e-06, 0.0, 0.0, 1.0172526572205243e-06, -0.016214000061154366, 0.0, 0.0]","[0.0, 0.0, 0.0, 0.638528048992157, 0.0, 0.03284760192036629, 0.3416789770126343, 0.5972456336021423]",-22.721001290029275
12.250000000000039,192.81016540527344,216.32626342773438,17.673879623413086,0.003875732421875,0.51171875,"[0.27766090631484985, 1.0, 0.05685846135020256, 0.959105908870697]","[0.0, 0.0, -3.1957933970261365e-06, 0.00011933333735214546, -0.04375659301877022, 1.0, 0.016333334147930145, -3.1957933970261365e-06, 0.0, 0.0, 1.0172526572205243e-06, -0.016214000061154366, 0.0, 0.0]","[0.0, 0.0, 0.0, 0.638528048992157, 0.0, 0.03284760192036629, 0.3416789770126343, 0.5972456336021423]",-23.83542635044011
12.30000000000004,192.8909149169922,215.44500732421875,17.722400665283203,0.003326416015625,0.546875,"[0.27447670698165894, 1.0, 0.04440923035144806, 0.9780579805374146]","[0.0, 0.0, -3.1957933970261365e-06, 0.00011933333735214546, -0.04375659301877022, 1.0, 0.016333334147930145, -3.1957933970261365e-06, 0.0, 0.0, 1.0172526572205243e-06, -0.016214000061154366, 0.0, 0.0]","[0.0, 0.0, 0.0, 0.638528048992157, 0.0, 0.03284760192036629, 0.3416789770126343, 0.5972456336021423]",-24.894321580336108
12.35000000000004,192.97097778320312,214.5614471435547,17.767379760742188,-0.003997802734375,0.578125,"[0.27152496576309204, 1.0, 0.05637670308351517, 0.973031759262085]","[0.0, 0.0, -3.1957933970261365e-06, 0.00011933333735214546, -0.04375659301877022, 1.0, 0.016333334147930145, -3.1957933970261365e-06, 0.0, 0.0, 1.0172526572205243e-06, -0.016214000061154366, 0.0, 0.0]","[0.0, 0.0, 0.0, 0.638528048992157, 0.0, 0.03284760192036629, 0.3416789770126343, 0.5972456336021423]",-25.988969296720473
12.400000000000041,193.049072265625,213.6753692626953,17.81348991394043,-0.016510009765625,0.609375,"[0.2684990167617798, 1.0, 0.09138109534978867, 0.9575430750846863]","[0.0, 0.0, -3.1957933970261365e-06, 0.00011933333735214546, -0.04375659301877022, 1.0, 0.016333334147930145, -3.1957933970261365e-06, 0.0, 0.0, 1.0172526572205243e-06, -0.016214000061154366, 0.0, 0.0]","[0.0, 0.0, 0.0, 0.638528048992157, 0.0, 0.03284760192036629, 0.3416789770126343, 0.5972456336021423]",-27.116822123944143
12.450000000000042,193.1236114501953,212.78656005859375,17.864070892333984,-0.031494140625,0.65234375,"[0.26517969369888306, 1.0, 0.137957364320755, 0.9466844797134399]","[0.0, 0.0, -3.1957933970261365e-06, 0.00011933333735214546, -0.04375659301877022, 1.0, 0.016333334147930145, -3.1957933970261365e-06, 0.0, 0.0, 1.0172526572205243e-06, -0.016214000061154366, 0.0, 0.0]","[0.0, 0.0, 0.0, 0.638528048992157, 0.0, 0.03284760192036629, 0.3416789770126343, 0.5972456336021423]",-28.59613029328196
12.500000000000043,193.1942138671875,211.8946075439453,17.9218807220459,-0.045135498046875,0.6796875,"[0.261385977268219, 1.0, 0.1460597813129425, 0.9785418510437012]","[0.0, 0.0, -3.1957933970261365e-06, 0.00011933333735214546, -0.04375659301877022, 1.0, 0.016333334147930145, -3.1957933970261365e-06, 0.0, 0.0, 1.0172526572205243e-06, -0.016214000061154366, 0.0, 0.0]","[0.0, 0.0, 0.0, 0.638528048992157, 0.0, 0.03284760192036629, 0.3416789770126343, 0.5972456336021423]",-29.80886389555096
12.550000000000043,193.25787353515625,210.99916076660156,17.982200622558594,-0.05792236328125,0.70703125,"[0.257427453994751, 1.0, 0.23700571060180664, 0.897733747959137]","[0.0, 0.0, -3.1957933970261365e-06, 0.00011933333735214546, -0.04375659301877022, 1.0, 0.016333334147930145, -3.1957933970261365e-06, 0.0, 0.0, 1.0172526572205243e-06, -0.016214000061154366, 0.0, 0.0]","[0.0, 0.0, 0.0, 0.638528048992157, 0.0, 0.03284760192036629, 0.3416789770126343, 0.5972456336021423]",-31.018892336239112
12.600000000000044,193.31210327148438,210.099853515625,18.050260543823242,-0.07012939453125,0.7265625,"[0.25296109914779663, 1.0, 0.28223559260368347, 0.9427468776702881]","[0.0, 0.0, -3.1957933970261365e-06, 0.00011933333735214546, -0.04375659301877022, 1.0, 0.016333334147930145, -3.1957933970261365e-06, 0.0, 0.0, 1.0172526572205243e-06, -0.016214000061154366, 0.0, 0.0]","[0.0, 0.0, 0.0, 0.638528048992157, 0.0, 0.03284760192036629, 0.3416789770126343, 0.5972456336021423]",-32.22820777961864
12.650000000000045,193.35491943359375,209.1963653564453,18.12388038635254,-0.08135986328125,0.73828125,"[0.24812978506088257, 1.0, 0.3266114294528961, 0.9370114207267761]","[0.0, 0.0, -3.1957933970261365e-06, 0.00011933333735214546, -0.04375659301877022, 1.0, 0.016333334147930145, -3.1957933970261365e-06, 0.0, 0.0, 1.0172526572205243e-06, -0.016214000061154366, 0.0, 0.0]","[0.0, 0.0, 0.0, 0.638528048992157, 0.0, 0.03284760192036629, 0.3416789770126343, 0.5972456336021423]",-33.738976604449185
12.700000000000045,193.3840789794922,208.2884979248047,18.201379776000977,-0.089935302734375,0.74609375,"[0.2430439591407776, 1.0, 0.3678711950778961, 0.939984917640686]","[0.0, 0.0, -3.1957933970261365e-06, 0.00011933333735214546, -0.04375659301877022, 1.0, 0.016333334147930145, -3.1957933970261365e-06, 0.0, 0.0, 1.0172526572205243e-06, -0.016214000061154366, 0.0, 0.0]","[0.0, 0.0, 0.0, 0.638528048992157, 0.0, 0.03284760192036629, 0.3416789770126343, 0.5972456336021423]",-34.94063611314061
12.750000000000046,193.3974151611328,207.3763885498047,18.281169891357422,-0.096771240234375,0.75390625,"[0.2378077507019043, 1.0, 0.40708044171333313, 0.9419840574264526]","[0.0, 0.0, -3.1957933970261365e-06, 0.00011933333735214546, -0.04375659301877022, 1.0, 0.016333334147930145, -3.1957933970261365e-06, 0.0, 0.0, 1.0172526572205243e-06, -0.016214000061154366, 0.0, 0.0]","[0.0, 0.0, 0.0, 0.638528048992157, 0.0, 0.03284760192036629, 0.3416789770126343, 0.5972456336021423]",-36.13472951361828
12.800000000000047,193.3925323486328,206.4602508544922,18.360519409179688,-0.106536865234375,0.765625,"[0.23260051012039185, 1.0, 0.4521327316761017, 0.93398118019104]","[0.0, 0.0, -3.1957933970261365e-06, 0.00011933333735214546, -0.04375659301877022, 1.0, 0.016333334147930145, -3.1957933970261365e-06, 0.0, 0.0, 1.0172526572205243e-06, -0.016214000061154366, 0.0, 0.0]","[0.0, 0.0, 0.0, 0.638528048992157, 0.0, 0.03284760192036629, 0.3416789770126343, 0.5972456336021423]",-37.31950402797451
12.850000000000048,193.36651611328125,205.54074096679688,18.43610954284668,-0.121124267578125,0.7734375,"[0.22763991355895996, 1.0, 0.5032922625541687, 0.9241591095924377]","[0.0, 0.0, -3.1957933970261365e-06, 0.00011933333735214546, -0.04375659301877022, 1.0, 0.016333334147930145, -3.1957933970261365e-06, 0.0, 0.0, 1.0172526572205243e-06, -0.016214000061154366, 0.0, 0.0]","[0.0, 0.0, 0.0, 0.638528048992157, 0.0, 0.03284760192036629, 0.3416789770126343, 0.5972456336021423]",-38.76120259823168
12.900000000000048,193.31634521484375,204.61875915527344,18.50465965270996,-0.13916015625,0.77734375,"[0.2231413722038269, 1.0, 0.555751621723175, 0.9179697632789612]","[0.0, 0.0, -3.1957933970261365e-06, 0.00011933333735214546, -0.04375659301877022, 1.0, 0.016333334147930145, -3.1957933970261365e-06, 0.0, 0.0, 1.0172526572205243e-06, -0.016214000061154366, 0.0, 0.0]","[0.0, 0.0, 0.0, 0.638528048992157, 0.0, 0.03284760192036629, 0.3416789770126343, 0.5972456336021423]",-39.95920386999565
12.950000000000049,193.23873901367188,203.69580078125,18.56131935119629,-0.162109375,0.77734375,"[0.2194231152534485, 1.0, 0.5843318700790405, 0.9084400534629822]","[0.0, 0.0, -3.1957933970261365e-06, 0.00011933333735214546, -0.04375659301877022, 1.0, 0.016333334147930145, -3.1957933970261365e-06, 0.0, 0.0, 1.0172526572205243e-06, -0.016214000061154366, 0.0, 0.0]","[0.0, 0.0, 0.0, 0.638528048992157, 0.0, 0.03284760192036629, 0.3416789770126343, 0.5972456336021423]",-41.1571808025055
13.00000000000005,193.13058471679688,202.77371215820312,18.604019165039062,-0.1846923828125,0.77734375,"[0.21662098169326782, 1.0, 0.5776470303535461, 0.9108456373214722]","[0.0, 0.0, -3.1957933970261365e-06, 0.00011933333735214546, -0.04375659301877022, 1.0, 0.016333334147930145, -3.1957933970261365e-06, 0.0, 0.0, 1.0172526572205243e-06, -0.016214000061154366, 0.0, 0.0]","[0.0, 0.0, 0.0, 0.638528048992157, 0.0, 0.03284760192036629, 0.3416789770126343, 0.5972456336021423]",-42.35640852598839
13.05000000000005,192.98899841308594,201.85472106933594,18.631240844726562,-0.206298828125,0.78125,"[0.2148345708847046, 1.0, 0.5708690285682678, 0.9130620956420898]","[0.0, 0.0, -3.1957933970261365e-06, 0.00011933333735214546, -0.04375659301877022, 1.0, 0.016333334147930145, -3.1957933970261365e-06, 0.0, 0.0, 1.0172526572205243e-06, -0.016214000061154366, 0.0, 0.0]","[0.0, 0.0, 0.0, 0.638528048992157, 0.0, 0.03284760192036629, 0.3416789770126343, 0.5972456336021423]",-43.84610602591731
13.100000000000051,192.81146240234375,200.94134521484375,18.643310546875,-0.22454833984375,0.78515625,"[0.21404248476028442, 1.0, 0.5656501054763794, 0.9192958474159241]","[0.0, 0.0, -3.1957933970261365e-06, 0.00011933333735214546, -0.04375659301877022, 1.0, 0.016333334147930145, -3.1957933970261365e-06, 0.0, 0.0, 1.0172526572205243e-06, -0.016214000061154366, 0.0, 0.0]","[0.0, 0.0, 0.0, 0.638528048992157, 0.0, 0.03284760192036629, 0.3416789770126343, 0.5972456336021423]",-45.04184085902919
13.150000000000052,192.59585571289062,200.0363006591797,18.640960693359375,-0.23876953125,0.7890625,"[0.21419668197631836, 1.0, 0.5623244047164917, 0.9252091646194458]","[0.0, 0.0, -3.1957933970261365e-06, 0.00011933333735214546, -0.04375659301877022, 1.0, 0.016333334147930145, -3.1957933970261365e-06, 0.0, 0.0, 1.0172526572205243e-06, -0.016214000061154366, 0.0, 0.0]","[0.0, 0.0, 0.0, 0.638528048992157, 0.0, 0.03284760192036629, 0.3416789770126343, 0.5972456336021423]",-46.23844381042961
13.200000000000053,192.340576171875,199.14244079589844,18.62565040588379,-0.248138427734375,0.79296875,"[0.21520143747329712, 1.0, 0.5613046288490295, 0.9290448427200317]","[0.0, 0.0, -3.1957933970261365e-06, 0.00011933333735214546, -0.04375659301877022, 1.0, 0.016333334147930145, -3.1957933970261365e-06, 0.0, 0.0, 1.0172526572205243e-06, -0.016214000061154366, 0.0, 0.0]","[0.0, 0.0, 0.0, 0.638528048992157, 0.0, 0.03284760192036629, 0.3416789770126343, 0.5972456336021423]",-47.429623933525264
13.250000000000053,192.04449462890625,198.2626495361328,18.5998592376709,-0.2513427734375,0.79296875,"[0.2168939709663391, 1.0, 0.5630215406417847, 0.9336690306663513]","[0.0, 0.0, -3.1957933970261365e-06, 0.00011933333735214546, -0.04375659301877022, 1.0, 0.016333334147930145, -3.1957933970261365e-06, 0.0, 0.0, 1.0172526572205243e-06, -0.016214000061154366, 0.0, 0.0]","[0.0, 0.0, 0.0, 0.638528048992157, 0.0, 0.03284760192036629, 0.3416789770126343, 0.5972456336021423]",-48.95071538865978
13.300000000000054,191.70689392089844,197.39984130859375,18.564350128173828,-0.2513427734375,0.796875,"[0.219224214553833, 1.0, 0.5657560229301453, 0.9346234202384949]","[0.0, 0.0, -3.1957933970261365e-06, 0.00011933333735214546, -0.04375659301877022, 1.0, 0.016333334147930145, -3.1957933970261365e-06, 0.0, 0.0, 1.0172526572205243e-06, -0.016214000061154366, 0.0, 0.0]","[0.0, 0.0, 0.0, 0.638528048992157, 0.0, 0.03284760192036629, 0.3416789770126343, 0.5972456336021423]",-50.15968893705843
13.350000000000055,191.32749938964844,196.5570831298828,18.518369674682617,-0.2513427734375,0.796875,"[0.22224164009094238, 1.0, 0.5679687857627869, 0.9329412579536438]","[0.0, 0.0, -3.1957933970261365e-06, 0.00011933333735214546, -0.04375659301877022, 1.0, 0.016333334147930145, -3.1957933970261365e-06, 0.0, 0.0, 1.0172526572205243e-06, -0.016214000061154366, 0.0, 0.0]","[0.0, 0.0, 0.0, 0.638528048992157, 0.0, 0.03284760192036629, 0.3416789770126343, 0.5972456336021423]",-51.36512848921454
13.400000000000055,190.90640258789062,195.73753356933594,18.46186065673828,-0.2513427734375,0.80078125,"[0.22595000267028809, 1.0, 0.5697578191757202, 0.9316549897193909]","[0.0, 0.0, -3.1957933970261365e-06, 0.00011933333735214546, -0.04375659301877022, 1.0, 0.016333334147930145, -3.1957933970261365e-06, 0.0, 0.0, 1.0172526572205243e-06, -0.016214000061154366, 0.0, 0.0]","[0.0, 0.0, 0.0, 0.638528048992157, 0.0, 0.03284760192036629, 0.3416789770126343, 0.5972456336021423]",-52.55776859975774
13.450000000000056,190.44407653808594,194.9442901611328,18.395599365234375,-0.25128173828125,0.8046875,"[0.23029839992523193, 1.0, 0.5715520977973938, 0.9307978749275208]","[0.0, 0.0, -3.1957933970261365e-06, 0.00011933333735214546, -0.04375659301877022, 1.0, 0.016333334147930145, -3.1957933970261365e-06, 0.0, 0.0, 1.0172526572205243e-06, -0.016214000061154366, 0.0, 0.0]","[0.0, 0.0, 0.0, 0.638528048992157, 0.0, 0.03284760192036629, 0.3416789770126343, 0.5972456336021423]",-54.128771564533345
13.500000000000057,189.9418487548828,194.1800537109375,18.325590133666992,-0.250762939453125,0.8046875,"[0.23489272594451904, 1.0, 0.5737226605415344, 0.9297519326210022]","[0.0, 0.0, -3.1957933970261365e-06, 0.00011933333735214546, -0.04375659301877022, 1.0, 0.016333334147930145, -3.1957933970261365e-06, 0.0, 0.0, 1.0172526572205243e-06, -0.016214000061154366, 0.0, 0.0]","[0.0, 0.0, 0.0, 0.638528048992157, 0.0, 0.03284760192036629, 0.3416789770126343, 0.5972456336021423]",-55.32339669736984
13.550000000000058,189.4060821533203,193.44346618652344,18.253080368041992,-0.249114990234375,0.80859375,"[0.23965108394622803, 1.0, 0.5701600313186646, 0.9014906883239746]","[0.0, 0.0, -3.1957933970261365e-06, 0.00011933333735214546, -0.04375659301877022, 1.0, 0.016333334147930145, -3.1957933970261365e-06, 0.0, 0.0, 1.0172526572205243e-06, -0.016214000061154366, 0.0, 0.0]","[0.0, 0.0, 0.0, 0.638528048992157, 0.0, 0.03284760192036629, 0.3416789770126343, 0.5972456336021423]",-56.516742980229225
13.600000000000058,188.83181762695312,192.74159240722656,18.16415023803711,-0.245086669921875,0.8125,"[0.24548715353012085, 1.0, 0.5796290040016174, 0.8074418306350708]","[0.0, 0.0, -3.1957933970261365e-06, 0.00011933333735214546, -0.04375659301877022, 1.0, 0.016333334147930145, -3.1957933970261365e-06, 0.0, 0.0, 1.0172526572205243e-06, -0.016214000061154366, 0.0, 0.0]","[0.0, 0.0, 0.0, 0.638528048992157, 0.0, 0.03284760192036629, 0.3416789770126343, 0.5972456336021423]",-57.70625558310686
13.650000000000059,188.2225799560547,192.07449340820312,18.095399856567383,-0.24127197265625,0.8125,"[0.24999886751174927, 1.0, 0.578639566898346, 0.811413586139679]","[0.0, 0.0, -3.1957933970261365e-06, 0.00011933333735214546, -0.04375659301877022, 1.0, 0.016333334147930145, -3.1957933970261365e-06, 0.0, 0.0, 1.0172526572205243e-06, -0.016214000061154366, 0.0, 0.0]","[0.0, 0.0, 0.0, 0.638528048992157, 0.0, 0.03284760192036629, 0.3416789770126343, 0.5972456336021423]",-59.42402482337731
13.70000000000006,187.58106994628906,191.44268798828125,18.02351951599121,-0.239501953125,0.81640625,"[0.2547159790992737, 0.9853000044822693, 0.5913261771202087, 0.85628342628479]","[0.0, 0.0, -3.1957933970261365e-06, 0.00011933333735214546, -0.04375659301877022, 1.0, 0.016333334147930145, -3.1957933970261365e-06, 0.0, 0.0, 1.0172526572205243e-06, -0.016214000061154366, 0.0, 0.0]","[0.0, 0.0, 0.0, 0.638528048992157, 0.0, 0.03284760192036629, 0.3416789770126343, 0.5972456336021423]",-60.62985839218442
13.75000000000006,186.9087677001953,190.8485107421875,17.964889526367188,-0.23907470703125,0.8203125,"[0.2585635185241699, 0.9713000059127808, 0.587181568145752, 0.8809267282485962]","[0.0, 0.0, -3.1957933970261365e-06, 0.00011933333735214546, -0.04375659301877022, 1.0, 0.016333334147930145, -3.1957933970261365e-06, 0.0, 0.0, 1.0172526572205243e-06, -0.016214000061154366, 0.0, 0.0]","[0.0, 0.0, 0.0, 0.638528048992157, 0.0, 0.03284760192036629, 0.3416789770126343, 0.5972456336021423]",-61.805962412084995
13.800000000000061,186.2068634033203,190.29473876953125,17.90652084350586,-0.238494873046875,0.8203125,"[0.2623939514160156, 0.9660999774932861, 0.5872892141342163, 0.9399093985557556]","[0.0, 0.0, -3.1957933970261365e-06, 0.00011933333735214546, -0.04375659301877022, 1.0, 0.016333334147930145, -3.1957933970261365e-06, 0.0, 0.0, 1.0172526572205243e-06, -0.016214000061154366, 0.0, 0.0]","[0.0, 0.0, 0.0, 0.638528048992157, 0.0, 0.03284760192036629, 0.3416789770126343, 0.5972456336021423]",-62.95888373408258
13.850000000000062,185.47866821289062,189.78024291992188,17.856130599975586,-0.235931396484375,0.8203125,"[0.2657007575035095, 0.9632999897003174, 0.5895806550979614, 0.9480783343315125]","[0.0, 0.0, -3.1957933970261365e-06, 0.00011933333735214546, -0.04375659301877022, 1.0, 0.016333334147930145, -3.1957933970261365e-06, 0.0, 0.0, 1.0172526572205243e-06, -0.016214000061154366, 0.0, 0.0]","[0.0, 0.0, 0.0, 0.638528048992157, 0.0, 0.03284760192036629, 0.3416789770126343, 0.5972456336021423]",-64.72782676664593
13.900000000000063,184.7257537841797,189.30728149414062,17.815109252929688,-0.230743408203125,0.8203125,"[0.26839274168014526, 0.9642999768257141, 0.5896176099777222, 0.9428812861442566]","[0.0, 0.0, -3.1957933970261365e-06, 0.00011933333735214546, -0.04375659301877022, 1.0, 0.016333334147930145, -3.1957933970261365e-06, 0.0, 0.0, 1.0172526572205243e-06, -0.016214000061154366, 0.0, 0.0]","[0.0, 0.0, 0.0, 0.638528048992157, 0.0, 0.03284760192036629, 0.3416789770126343, 0.5972456336021423]",-65.90501586612537
13.950000000000063,183.95046997070312,188.87562561035156,17.78087043762207,-0.222503662109375,0.8203125,"[0.27063965797424316, 0.9649999737739563, 0.5892189145088196, 0.948250949382782]","[0.0, 0.0, -3.1957933970261365e-06, 0.00011933333735214546, -0.04375659301877022, 1.0, 0.016333334147930145, -3.1957933970261365e-06, 0.0, 0.0, 1.0172526572205243e-06, -0.016214000061154366, 0.0, 0.0]","[0.0, 0.0, 0.0, 0.638528048992157, 0.0, 0.03284760192036629, 0.3416789770126343, 0.5972456336021423]",-66.83833655054717
14.000000000000064,183.15472412109375,188.48558044433594,17.757909774780273,-0.213134765625,0.8203125,"[0.27214646339416504, 0.95660001039505, 0.6017199754714966, 0.9116254448890686]","[0.0, 0.0, -3.1957933970261365e-06, 0.00011933333735214546, -0.04375659301877022, 1.0, 0.016333334147930145, -3.1957933970261365e-06, 0.0, 0.0, 1.0172526572205243e-06, -0.016214000061154366, 0.0, 0.0]","[0.0, 0.0, 0.0, 0.638528048992157, 0.0, 0.03284760192036629, 0.3416789770126343, 0.5972456336021423]",-67.59885170940217
14.050000000000065,182.3408966064453,188.13682556152344,17.751840591430664,-0.203155517578125,0.82421875,"[0.2725447416305542, 0.9472000002861023, 0.6007555723190308, 0.881432294845581]","[0.0, 0.0, -3.1957933970261365e-06, 0.00011933333735214546, -0.04375659301877022, 1.0, 0.016333334147930145, -3.1957933970261365e-06, 0.0, 0.0, 1.0172526572205243e-06, -0.016214000061154366, 0.0, 0.0]","[0.0, 0.0, 0.0, 0.638528048992157, 0.0, 0.03284760192036629, 0.3416789770126343, 0.5972456336021423]",-68.77018944779753
14.100000000000065,181.51055908203125,187.829833984375,17.751190185546875,-0.191162109375,0.82421875,"[0.2725874185562134, 0.9412999749183655, 0.6091433167457581, 0.9256986975669861]","[0.0, 0.0, -3.1957933970261365e-06, 0.00011933333735214546, -0.04375659301877022, 1.0, 0.016333334147930145, -3.1957933970261365e-06, 0.0, 0.0, 1.0172526572205243e-06, -0.016214000061154366, 0.0, 0.0]","[0.0, 0.0, 0.0, 0.638528048992157, 0.0, 0.03284760192036629, 0.3416789770126343, 0.5972456336021423]",-69.58757496573469
14.150000000000066,180.66587829589844,187.5636749267578,17.76392936706543,-0.17852783203125,0.82421875,"[0.27175140380859375, 0.9483000040054321, 0.6122061610221863, 0.9318833351135254]","[0.0, 0.0, -3.1957933970261365e-06, 0.00011933333735214546, -0.04375659301877022, 1.0, 0.016333334147930145, -3.1957933970261365e-06, 0.0, 0.0, 1.0172526572205243e-06, -0.016214000061154366, 0.0, 0.0]","[0.0, 0.0, 0.0, 0.638528048992157, 0.0, 0.03284760192036629, 0.3416789770126343, 0.5972456336021423]",-70.38107548192887
14.200000000000067,179.80824279785156,187.3391876220703,17.7839298248291,-0.16436767578125,0.82421875,"[0.27043890953063965, 0.9495999813079834, 0.6173824071884155, 0.9614629745483398]","[0.0, 0.0, -3.1957933970261365e-06, 0.00011933333735214546, -0.04375659301877022, 1.0, 0.016333334147930145, -3.1957933970261365e-06, 0.0, 0.0, 1.0172526572205243e-06, -0.016214000061154366, 0.0, 0.0]","[0.0, 0.0, 0.0, 0.638528048992157, 0.0, 0.03284760192036629, 0.3416789770126343, 0.5972456336021423]",-71.1263690199724
14.250000000000068,178.9395294189453,187.15383911132812,17.81955909729004,-0.146514892578125,0.82421875,"[0.2681007385253906, 0.9563999772071838, 0.6250483393669128, 0.936884880065918]","[0.0, 0.0, -3.1957933970261365e-06, 0.00011933333735214546, -0.04375659301877022, 1.0, 0.016333334147930145, -3.1957933970261365e-06, 0.0, 0.0, 1.0172526572205243e-06, -0.016214000061154366, 0.0, 0.0]","[0.0, 0.0, 0.0, 0.638528048992157, 0.0, 0.03284760192036629, 0.3416789770126343, 0.5972456336021423]",-72.19234946916471
14.300000000000068,178.0608673095703,187.0083770751953,17.868120193481445,-0.122955322265625,0.82421875,"[0.26491397619247437, 0.9610999822616577, 0.6331411004066467, 0.9535952210426331]","[0.0, 0.0, -3.1957933970261365e-06, 0.00011933333735214546, -0.04375659301877022, 1.0, 0.016333334147930145, -3.1957933970261365e-06, 0.0, 0.0, 1.0172526572205243e-06, -0.016214000061154366, 0.0, 0.0]","[0.0, 0.0, 0.0, 0.638528048992157, 0.0, 0.03284760192036629, 0.3416789770126343, 0.5972456336021423]",-72.85933527006539
14.350000000000069,177.17347717285156,186.90028381347656,17.934619903564453,-0.0955810546875,0.82421875,"[0.2605499029159546, 0.970300018787384, 0.6416347026824951, 0.9259942770004272]","[0.0, 0.0, -3.1957933970261365e-06, 0.00011933333735214546, -0.04375659301877022, 1.0, 0.016333334147930145, -3.1957933970261365e-06, 0.0, 0.0, 1.0172526572205243e-06, -0.016214000061154366, 0.0, 0.0]","[0.0, 0.0, 0.0, 0.638528048992157, 0.0, 0.03284760192036629, 0.3416789770126343, 0.5972456336021423]",-73.50705105811717
14.40000000000007,176.27825927734375,186.82728576660156,18.01753044128418,-0.067962646484375,0.82421875,"[0.25510895252227783, 0.98089998960495, 0.647790789604187, 0.9179073572158813]","[0.0, 0.0, -3.1957933970261365e-06, 0.00011933333735214546, -0.04375659301877022, 1.0, 0.016333334147930145, -3.1957933970261365e-06, 0.0, 0.0, 1.0172526572205243e-06, -0.016214000061154366, 0.0, 0.0]","[0.0, 0.0, 0.0, 0.638528048992157, 0.0, 0.03284760192036629, 0.3416789770126343, 0.5972456336021423]",-74.10756914940174
14.45000000000007,175.37603759765625,186.78684997558594,18.114240646362305,-0.044586181640625,0.82421875,"[0.24876242876052856, 0.9925000071525574, 0.6507516503334045, 0.9137895107269287]","[0.0, 0.0, -3.1957933970261365e-06, 0.00011933333735214546, -0.04375659301877022, 1.0, 0.016333334147930145, -3.1957933970261365e-06, 0.0, 0.0, 1.0172526572205243e-06, -0.016214000061154366, 0.0, 0.0]","[0.0, 0.0, 0.0, 0.638528048992157, 0.0, 0.03284760192036629, 0.3416789770126343, 0.5972456336021423]",-74.9468947406218
14.500000000000071,174.46742248535156,186.77598571777344,18.22378921508789,-0.024169921875,0.82421875,"[0.24157333374023438, 1.0, 0.6310883164405823, 0.9049347639083862]","[0.0, 0.0, -3.1957933970261365e-06, 0.00011933333735214546, -0.04375659301877022, 1.0, 0.016333334147930145, -3.1957933970261365e-06, 0.0, 0.0, 1.0172526572205243e-06, -0.016214000061154366, 0.0, 0.0]","[0.0, 0.0, 0.0, 0.638528048992157, 0.0, 0.03284760192036629, 0.3416789770126343, 0.5972456336021423]",-75.44808333937826
14.550000000000072,173.55276489257812,186.79095458984375,18.344600677490234,-0.007904052734375,0.82421875,"[0.23364514112472534, 1.0, 0.5656549334526062, 0.8998600244522095]","[0.0, 0.0, -3.1957933970261365e-06, 0.00011933333735214546, -0.04375659301877022, 1.0, 0.016333334147930145, -3.1957933970261365e-06, 0.0, 0.0, 1.0172526572205243e-06, -0.016214000061154366, 0.0, 0.0]","[0.0, 0.0, 0.0, 0.638528048992157, 0.0, 0.03284760192036629, 0.3416789770126343, 0.5972456336021423]",-75.94088749935491
14.600000000000072,172.63243103027344,186.82675170898438,18.475099563598633,0.005279541015625,0.82421875,"[0.22508126497268677, 1.0, 0.4759367108345032, 0.8857864141464233]","[0.0, 0.0, -3.1957933970261365e-06, 0.00011933333735214546, -0.04375659301877022, 1.0, 0.016333334147930145, -3.1957933970261365e-06, 0.0, 0.0, 1.0172526572205243e-06, -0.016214000061154366, 0.0, 0.0]","[0.0, 0.0, 0.0, 0.638528048992157, 0.0, 0.03284760192036629, 0.3416789770126343, 0.5972456336021423]",-76.44373310553162
14.650000000000073,171.70611572265625,186.87936401367188,18.612409591674805,0.01470947265625,0.82421875,"[0.21607035398483276, 1.0, 0.38487735390663147, 0.8872251510620117]","[0.0, 0.0, -3.1957933970261365e-06, 0.00011933333735214546, -0.04375659301877022, 1.0, 0.016333334147930145, -3.1957933970261365e-06, 0.0, 0.0, 1.0172526572205243e-06, -0.016214000061154366, 0.0, 0.0]","[0.0, 0.0, 0.0, 0.638528048992157, 0.0, 0.03284760192036629, 0.3416789770126343, 0.5972456336021423]",-77.25862038891482
14.700000000000074,170.7734375,186.94447326660156,18.754119873046875,0.0233154296875,0.82421875,"[0.206770658493042, 1.0, 0.2967454791069031, 0.8872057199478149]","[0.0, 0.0, -3.1957933970261365e-06, 0.00011933333735214546, -0.04375659301877022, 1.0, 0.016333334147930145, -3.1957933970261365e-06, 0.0, 0.0, 1.0172526572205243e-06, -0.016214000061154366, 0.0, 0.0]","[0.0, 0.0, 0.0, 0.638528048992157, 0.0, 0.03284760192036629, 0.3416789770126343, 0.5972456336021423]",-77.77753054185384
14.750000000000075,169.83409118652344,187.01760864257812,18.89784049987793,0.03143310546875,0.82421875,"[0.19733911752700806, 1.0, 0.22828570008277893, 0.8903143405914307]","[0.0, 0.0, -3.1957933970261365e-06, 0.00011933333735214546, -0.04375659301877022, 1.0, 0.016333334147930145, -3.1957933970261365e-06, 0.0, 0.0, 1.0172526572205243e-06, -0.016214000061154366, 0.0, 0.0]","[0.0, 0.0, 0.0, 0.638528048992157, 0.0, 0.03284760192036629, 0.3416789770126343, 0.5972456336021423]",-78.32299191105055
14.800000000000075,168.88784790039062,187.09486389160156,19.039819717407227,0.037689208984375,0.796875,"[0.18802177906036377, 1.0, 0.16568264365196228, 0.9006025195121765]","[0.0, 0.0, -3.1957933970261365e-06, 0.00011933333735214546, -0.04375659301877022, 1.0, 0.016333334147930145, -3.1957933970261365e-06, 0.0, 0.0, 1.0172526572205243e-06, -0.016214000061154366, 0.0, 0.0]","[0.0, 0.0, 0.0, 0.638528048992157, 0.0, 0.03284760192036629, 0.3416789770126343, 0.5972456336021423]",-78.8903316767234
14.850000000000076,167.93466186523438,187.17247009277344,19.176490783691406,0.043243408203125,0.78515625,"[0.17905282974243164, 1.0, 0.18339426815509796, 0.9086371064186096]","[0.0, 0.0, -3.1957933970261365e-06, 0.00011933333735214546, -0.04375659301877022, 1.0, 0.016333334147930145, -3.1957933970261365e-06, 0.0, 0.0, 1.0172526572205243e-06, -0.016214000061154366, 0.0, 0.0]","[0.0, 0.0, 0.0, 0.638528048992157, 0.0, 0.03284760192036629, 0.3416789770126343, 0.5972456336021423]",-79.8564823651322
14.900000000000077,166.97457885742188,187.24758911132812,19.30784034729004,0.045257568359375,0.78125,"[0.17043304443359375, 1.0, 0.22878682613372803, 0.9276164174079895]","[0.0, 0.0, -3.1957933970261365e-06, 0.00011933333735214546, -0.04375659301877022, 1.0, 0.016333334147930145, -3.1957933970261365e-06, 0.0, 0.0, 1.0172526572205243e-06, -0.016214000061154366, 0.0, 0.0]","[0.0, 0.0, 0.0, 0.638528048992157, 0.0, 0.03284760192036629, 0.3416789770126343, 0.5972456336021423]",-80.45566258702722
14.950000000000077,166.0077362060547,187.31800842285156,19.43528938293457,0.04327392578125,0.78125,"[0.16206926107406616, 1.0, 0.2581195533275604, 0.9469506740570068]","[0.0, 0.0, -3.1957933970261365e-06, 0.00011933333735214546, -0.04375659301877022, 1.0, 0.016333334147930145, -3.1957933970261365e-06, 0.0, 0.0, 1.0172526572205243e-06, -0.016214000061154366, 0.0, 0.0]","[0.0, 0.0, 0.0, 0.638528048992157, 0.0, 0.03284760192036629, 0.3416789770126343, 0.5972456336021423]",-81.0731265093809
15.000000000000078,165.03421020507812,187.3827362060547,19.5610294342041,0.03472900390625,0.78125,"[0.15381765365600586, 1.0, 0.2638856768608093, 0.97179114818573]","[0.0, 0.0, -3.1957933970261365e-06, 0.00011933333735214546, -0.04375659301877022, 1.0, 0.016333334147930145, -3.1957933970261365e-06, 0.0, 0.0, 1.0172526572205243e-06, -0.016214000061154366, 0.0, 0.0]","[0.0, 0.0, 0.0, 0.638528048992157, 0.0, 0.03284760192036629, 0.3416789770126343, 0.5972456336021423]",-81.70900748574172
15.050000000000079,164.05413818359375,187.4412078857422,19.685510635375977,0.02630615234375,0.78125,"[0.14564859867095947, 1.0, 0.264248788356781, 0.9735719561576843]","[0.0, 0.0, -3.1957933970261365e-06, 0.00011933333735214546, -0.04375659301877022, 1.0, 0.016333334147930145, -3.1957933970261365e-06, 0.0, 0.0, 1.0172526572205243e-06, -0.016214000061154366, 0.0, 0.0]","[0.0, 0.0, 0.0, 0.638528048992157, 0.0, 0.03284760192036629, 0.3416789770126343, 0.5972456336021423]",-82.73067212436308
15.10000000000008,163.0675048828125,187.49290466308594,19.808860778808594,0.0211181640625,0.78125,"[0.137553870677948, 1.0, 0.2659301161766052, 0.9717869758605957]","[0.0, 0.0, -3.1957933970261365e-06, 0.00011933333735214546, -0.04375659301877022, 1.0, 0.016333334147930145, -3.1957933970261365e-06, 0.0, 0.0, 1.0172526572205243e-06, -0.016214000061154366, 0.0, 0.0]","[0.0, 0.0, 0.0, 0.638528048992157, 0.0, 0.03284760192036629, 0.3416789770126343, 0.5972456336021423]",-83.39319461481689
15.15000000000008,162.07443237304688,187.53732299804688,19.931230545043945,0.01947021484375,0.78125,"[0.1295233964920044, 1.0, 0.26954415440559387, 0.9717695116996765]","[0.0, 0.0, -3.1957933970261365e-06, 0.00011933333735214546, -0.04375659301877022, 1.0, 0.016333334147930145, -3.1957933970261365e-06, 0.0, 0.0, 1.0172526572205243e-06, -0.016214000061154366, 0.0, 0.0]","[0.0, 0.0, 0.0, 0.638528048992157, 0.0, 0.03284760192036629, 0.3416789770126343, 0.5972456336021423]",-84.07609016686963
15.200000000000081,161.074951171875,187.57411193847656,20.052749633789062,0.01934814453125,0.77734375,"[0.12154877185821533, 1.0, 0.27071648836135864, 0.9761966466903687]","[0.0, 0.0, -3.1957933970261365e-06, 0.00011933333735214546, -0.04375659301877022, 1.0, 0.016333334147930145, -3.1957933970261365e-06, 0.0, 0.0, 1.0172526572205243e-06, -0.016214000061154366, 0.0, 0.0]","[0.0, 0.0, 0.0, 0.638528048992157, 0.0, 0.03284760192036629, 0.3416789770126343, 0.5972456336021423]",-84.78003112928924
15.250000000000082,160.06924438476562,187.60324096679688,20.171459197998047,0.01953125,0.74609375,"[0.11375850439071655, 1.0, 0.26701581478118896, 0.977986752986908]","[0.0, 0.0, -3.1957933970261365e-06, 0.00011933333735214546, -0.04375659301877022, 1.0, 0.016333334147930145, -3.1957933970261365e-06, 0.0, 0.0, 1.0172526572205243e-06, -0.016214000061154366, 0.0, 0.0]","[0.0, 0.0, 0.0, 0.638528048992157, 0.0, 0.03284760192036629, 0.3416789770126343, 0.5972456336021423]",-85.88832121494323
15.300000000000082,159.0576629638672,187.6246795654297,20.280649185180664,0.020263671875,0.66796875,"[0.10659295320510864, 1.0, 0.25750112533569336, 0.9720602035522461]","[0.0, 0.0, -3.1957933970261365e-06, 0.00011933333735214546, -0.04375659301877022, 1.0, 0.016333334147930145, -3.1957933970261365e-06, 0.0, 0.0, 1.0172526572205243e-06, -0.016214000061154366, 0.0, 0.0]","[0.0, 0.0, 0.0, 0.638528048992157, 0.0, 0.03284760192036629, 0.3416789770126343, 0.5972456336021423]",-86.645018175481
15.350000000000083,158.0410614013672,187.6385955810547,20.37071990966797,0.019317626953125,0.55859375,"[0.10068213939666748, 1.0, 0.2340514212846756, 0.9624045491218567]","[0.0, 0.0, -3.1957933970261365e-06, 0.00011933333735214546, -0.04375659301877022, 1.0, 0.016333334147930145, -3.1957933970261365e-06, 0.0, 0.0, 1.0172526572205243e-06, -0.016214000061154366, 0.0, 0.0]","[0.0, 0.0, 0.0, 0.638528048992157, 0.0, 0.03284760192036629, 0.3416789770126343, 0.5972456336021423]",-87.43672337140096
15.400000000000084,157.02073669433594,187.64547729492188,20.433460235595703,0.0162353515625,0.4603118896484375,"[0.0965648889541626, 1.0, 0.19738198816776276, 0.9542083144187927]","[0.0, 0.0, -3.1957933970261365e-06, 0.00011933333735214546, -0.04375659301877022, 1.0, 0.016333334147930145, -3.1957933970261365e-06, 0.0, 0.0, 1.0172526572205243e-06, -0.016214000061154366, 0.0, 0.0]","[0.0, 0.0, 0.0, 0.638528048992157, 0.0, 0.03284760192036629, 0.3416789770126343, 0.5972456336021423]",-88.26876132793177
15.450000000000085,155.9982452392578,187.64599609375,20.466110229492188,0.011505126953125,0.380950927734375,"[0.09442216157913208, 1.0, 0.15326373279094696, 0.9524548649787903]","[0.0, 0.0, -3.1957933970261365e-06, 0.00011933333735214546, -0.04375659301877022, 1.0, 0.016333334147930145, -3.1957933970261365e-06, 0.0, 0.0, 1.0172526572205243e-06, -0.016214000061154366, 0.0, 0.0]","[0.0, 0.0, 0.0, 0.638528048992157, 0.0, 0.03284760192036629, 0.3416789770126343, 0.5972456336021423]",-89.59824676195915
15.500000000000085,154.97500610351562,187.64114379882812,20.47208023071289,0.00506591796875,0.3531646728515625,"[0.09403038024902344, 1.0, 0.10567735880613327, 0.9552741050720215]","[0.0, 0.0, -3.1957933970261365e-06, 0.00011933333735214546, -0.04375659301877022, 1.0, 0.016333334147930145, -3.1957933970261365e-06, 0.0, 0.0, 1.0172526572205243e-06, -0.016214000061154366, 0.0, 0.0]","[0.0, 0.0, 0.0, 0.638528048992157, 0.0, 0.03284760192036629, 0.3416789770126343, 0.5972456336021423]",-90.47133945417004
15.550000000000086,153.95217895507812,187.63136291503906,20.45871925354004,-0.00579833984375,0.3452301025390625,"[0.09490722417831421, 1.0, 0.10138848423957825, 0.9722970724105835]","[0.0, 0.0, -3.1957933970261365e-06, 0.00011933333735214546, -0.04375659301877022, 1.0, 0.016333334147930145, -3.1957933970261365e-06, 0.0, 0.0, 1.0172526572205243e-06, -0.016214000061154366, 0.0, 0.0]","[0.0, 0.0, 0.0, 0.638528048992157, 0.0, 0.03284760192036629, 0.3416789770126343, 0.5972456336021423]",-91.36186347397057
15.600000000000087,152.93040466308594,187.6197967529297,20.432680130004883,-0.020538330078125,0.3412628173828125,"[0.09661608934402466, 1.0, 0.026802634820342064, 0.8959610462188721]","[0.0, 0.0, -3.1957933970261365e-06, 0.00011933333735214546, -0.04375659301877022, 1.0, 0.016333334147930145, -3.1957933970261365e-06, 0.0, 0.0, 1.0172526572205243e-06, -0.016214000061154366, 0.0, 0.0]","[0.0, 0.0, 0.0, 0.638528048992157, 0.0, 0.03284760192036629, 0.3416789770126343, 0.5972456336021423]",-92.3023557302489
15.650000000000087,151.91026306152344,187.6099395751953,20.39543914794922,-0.042083740234375,0.3372955322265625,"[0.09905993938446045, 1.0, 0.10378065705299377, 0.9141865372657776]","[0.0, 0.0, -3.1957933970261365e-06, 0.00011933333735214546, -0.04375659301877022, 1.0, 0.016333334147930145, -3.1957933970261365e-06, 0.0, 0.0, 1.0172526572205243e-06, -0.016214000061154366, 0.0, 0.0]","[0.0, 0.0, 0.0, 0.638528048992157, 0.0, 0.03284760192036629, 0.3416789770126343, 0.5972456336021423]",-93.86769663706474
15.700000000000088,150.89227294921875,187.60552978515625,20.345890045166016,-0.068115234375,0.3134918212890625,"[0.10231161117553711, 1.0, 0.20782682299613953, 0.8919044137001038]","[0.0, 0.0, -3.1957933970261365e-06, 0.00011933333735214546, -0.04375659301877022, 1.0, 0.016333334147930145, -3.1957933970261365e-06, 0.0, 0.0, 1.0172526572205243e-06, -0.016214000061154366, 0.0, 0.0]","[0.0, 0.0, 0.0, 0.638528048992157, 0.0, 0.03284760192036629, 0.3416789770126343, 0.5972456336021423]",-94.88492943401317
15.750000000000089,149.87722778320312,187.61119079589844,20.28087043762207,-0.096923828125,0.2976226806640625,"[0.10657846927642822, 1.0, 0.3127274513244629, 0.8763901591300964]","[0.0, 0.0, -3.1957933970261365e-06, 0.00011933333735214546, -0.04375659301877022, 1.0, 0.016333334147930145, -3.1957933970261365e-06, 0.0, 0.0, 1.0172526572205243e-06, -0.016214000061154366, 0.0, 0.0]","[0.0, 0.0, 0.0, 0.638528048992157, 0.0, 0.03284760192036629, 0.3416789770126343, 0.5972456336021423]",-95.88653451189546
15.80000000000009,148.86630249023438,187.63197326660156,20.195629119873047,-0.129913330078125,0.2738037109375,"[0.11217236518859863, 1.0, 0.42633581161499023, 0.8596989512443542]","[0.0, 0.0, -3.1957933970261365e-06, 0.00011933333735214546, -0.04375659301877022, 1.0, 0.016333334147930145, -3.1957933970261365e-06, 0.0, 0.0, 1.0172526572205243e-06, -0.016214000061154366, 0.0, 0.0]","[0.0, 0.0, 0.0, 0.638528048992157, 0.0, 0.03284760192036629, 0.3416789770126343, 0.5972456336021423]",-96.67362508327867
15.85000000000009,147.8612060546875,187.67344665527344,20.083059310913086,-0.169708251953125,0.25396728515625,"[0.11955970525741577, 1.0, 0.5529371500015259, 0.8423507213592529]","[0.0, 0.0, -3.1957933970261365e-06, 0.00011933333735214546, -0.04375659301877022, 1.0, 0.016333334147930145, -3.1957933970261365e-06, 0.0, 0.0, 1.0172526572205243e-06, -0.016214000061154366, 0.0, 0.0]","[0.0, 0.0, 0.0, 0.638528048992157, 0.0, 0.03284760192036629, 0.3416789770126343, 0.5972456336021423]",-97.60387503827386
15.900000000000091,146.8643798828125,187.74122619628906,19.937360763549805,-0.211761474609375,0.2420654296875,"[0.12912112474441528, 1.0, 0.6309912204742432, 0.835760772228241]","[0.0, 0.0, -3.1957933970261365e-06, 0.00011933333735214546, -0.04375659301877022, 1.0, 0.016333334147930145, -3.1957933970261365e-06, 0.0, 0.0, 1.0172526572205243e-06, -0.016214000061154366, 0.0, 0.0]","[0.0, 0.0, 0.0, 0.638528048992157, 0.0, 0.03284760192036629, 0.3416789770126343, 0.5972456336021423]",-98.30315690427904
15.950000000000092,145.8789825439453,187.8404083251953,19.752920150756836,-0.25616455078125,0.22222900390625,"[0.1412249207496643, 1.0, 0.6542611122131348, 0.8324256539344788]","[0.0, 0.0, -3.1957933970261365e-06, 0.00011933333735214546, -0.04375659301877022, 1.0, 0.016333334147930145, -3.1957933970261365e-06, 0.0, 0.0, 1.0172526572205243e-06, -0.016214000061154366, 0.0, 0.0]","[0.0, 0.0, 0.0, 0.638528048992157, 0.0, 0.03284760192036629, 0.3416789770126343, 0.5972456336021423]",-98.97789302783114
16.000000000000092,144.90882873535156,187.97540283203125,19.525680541992188,-0.300689697265625,0.21429443359375,"[0.15613746643066406, 1.0, 0.6774975657463074, 0.8334970474243164]","[0.0, 0.0, -3.1957933970261365e-06, 0.00011933333735214546, -0.04375659301877022, 1.0, 0.016333334147930145, -3.1957933970261365e-06, 0.0, 0.0, 1.0172526572205243e-06, -0.016214000061154366, 0.0, 0.0]","[0.0, 0.0, 0.0, 0.638528048992157, 0.0, 0.03284760192036629, 0.3416789770126343, 0.5972456336021423]",-99.59929186052496
16.050000000000093,143.9581756591797,188.14947509765625,19.257049560546875,-0.338470458984375,0.2103271484375,"[0.17376619577407837, 1.0, 0.696319580078125, 0.845329761505127]","[0.0, 0.0, -3.1957933970261365e-06, 0.00011933333735214546, -0.04375659301877022, 1.0, 0.016333334147930145, -3.1957933970261365e-06, 0.0, 0.0, 1.0172526572205243e-06, -0.016214000061154366, 0.0, 0.0]","[0.0, 0.0, 0.0, 0.638528048992157, 0.0, 0.03284760192036629, 0.3416789770126343, 0.5972456336021423]",-100.44640827074294
16.100000000000094,143.03121948242188,188.364501953125,18.95539093017578,-0.361083984375,0.2103271484375,"[0.19356238842010498, 1.0, 0.705596923828125, 0.867015540599823]","[0.0, 0.0, -3.1957933970261365e-06, 0.00011933333735214546, -0.04375659301877022, 1.0, 0.016333334147930145, -3.1957933970261365e-06, 0.0, 0.0, 1.0172526572205243e-06, -0.016214000061154366, 0.0, 0.0]","[0.0, 0.0, 0.0, 0.638528048992157, 0.0, 0.03284760192036629, 0.3416789770126343, 0.5972456336021423]",-100.98783328529511
16.150000000000095,142.13185119628906,188.62139892578125,18.628080368041992,-0.371063232421875,0.2103271484375,"[0.21504193544387817, 1.0, 0.7068672776222229, 0.8818855881690979]","[0.0, 0.0, -3.1957933970261365e-06, 0.00011933333735214546, -0.04375659301877022, 1.0, 0.016333334147930145, -3.1957933970261365e-06, 0.0, 0.0, 1.0172526572205243e-06, -0.016214000061154366, 0.0, 0.0]","[0.0, 0.0, 0.0, 0.638528048992157, 0.0, 0.03284760192036629, 0.3416789770126343, 0.5972456336021423]",-101.5030895937768
16.200000000000095,141.2638397216797,188.92013549804688,18.279699325561523,-0.37213134765625,0.2103271484375,"[0.23790425062179565, 1.0, 0.7034404873847961, 0.8876535892486572]","[0.0, 0.0, -3.1957933970261365e-06, 0.00011933333735214546, -0.04375659301877022, 1.0, 0.016333334147930145, -3.1957933970261365e-06, 0.0, 0.0, 1.0172526572205243e-06, -0.016214000061154366, 0.0, 0.0]","[0.0, 0.0, 0.0, 0.638528048992157, 0.0, 0.03284760192036629, 0.3416789770126343, 0.5972456336021423]",-101.98645201027396
16.250000000000096,140.43075561523438,189.26004028320312,17.913530349731445,-0.367706298828125,0.2103271484375,"[0.26193392276763916, 1.0, 0.6974294185638428, 0.8896859884262085]","[0.0, 0.0, -3.1957933970261365e-06, 0.00011933333735214546, -0.04375659301877022, 1.0, 0.016333334147930145, -3.1957933970261365e-06, 0.0, 0.0, 1.0172526572205243e-06, -0.016214000061154366, 0.0, 0.0]","[0.0, 0.0, 0.0, 0.638528048992157, 0.0, 0.03284760192036629, 0.3416789770126343, 0.5972456336021423]",-102.80221753264884
16.300000000000097,139.63607788085938,189.63975524902344,17.5335693359375,-0.3597412109375,0.234130859375,"[0.286868691444397, 1.0, 0.6890606880187988, 0.8913331627845764]","[0.0, 0.0, -3.1957933970261365e-06, 0.00011933333735214546, -0.04375659301877022, 1.0, 0.016333334147930145, -3.1957933970261365e-06, 0.0, 0.0, 1.0172526572205243e-06, -0.016214000061154366, 0.0, 0.0]","[0.0, 0.0, 0.0, 0.638528048992157, 0.0, 0.03284760192036629, 0.3416789770126343, 0.5972456336021423]",-103.24246608082206
16.350000000000097,138.87796020507812,190.05262756347656,17.169410705566406,-0.3504638671875,0.23809814453125,"[0.31076639890670776, 1.0, 0.6709670424461365, 0.8190958499908447]","[0.0, 0.0, -3.1957933970261365e-06, 0.00011933333735214546, -0.04375659301877022, 1.0, 0.016333334147930145, -3.1957933970261365e-06, 0.0, 0.0, 1.0172526572205243e-06, -0.016214000061154366, 0.0, 0.0]","[0.0, 0.0, 0.0, 0.638528048992157, 0.0, 0.03284760192036629, 0.3416789770126343, 0.5972456336021423]",-103.66121483782136
16.400000000000098,138.15782165527344,190.4961700439453,16.773849487304688,-0.33294677734375,0.2420654296875,"[0.3367248773574829, 1.0, 0.6621454954147339, 0.8668505549430847]","[0.0, 0.0, -3.1957933970261365e-06, 0.00011933333735214546, -0.04375659301877022, 1.0, 0.016333334147930145, -3.1957933970261365e-06, 0.0, 0.0, 1.0172526572205243e-06, -0.016214000061154366, 0.0, 0.0]","[0.0, 0.0, 0.0, 0.638528048992157, 0.0, 0.03284760192036629, 0.3416789770126343, 0.5972456336021423]",-104.06671548789228
16.4500000000001,137.48472595214844,190.9744873046875,16.40580940246582,-0.304290771484375,0.28173828125,"[0.3608773350715637, 1.0, 0.6155186891555786, 0.8865496516227722]","[0.0, 0.0, -3.1957933970261365e-06, 0.00011933333735214546, -0.04375659301877022, 1.0, 0.016333334147930145, -3.1957933970261365e-06, 0.0, 0.0, 1.0172526572205243e-06, -0.016214000061154366, 0.0, 0.0]","[0.0, 0.0, 0.0, 0.638528048992157, 0.0, 0.03284760192036629, 0.3416789770126343, 0.5972456336021423]",-104.85929223086954
16.5000000000001,136.85433959960938,191.481201171875,16.080429077148438,-0.272125244140625,0.3293609619140625,"[0.382230281829834, 1.0, 0.587476909160614, 0.8291077017784119]","[0.0, 0.0, -3.1957933970261365e-06, 0.00011933333735214546, -0.04375659301877022, 1.0, 0.016333334147930145, -3.1957933970261365e-06, 0.0, 0.0, 1.0172526572205243e-06, -0.016214000061154366, 0.0, 0.0]","[0.0, 0.0, 0.0, 0.638528048992157, 0.0, 0.03284760192036629, 0.3416789770126343, 0.5972456336021423]",-105.19399149010799
16.5500000000001,136.26889038085938,192.01589965820312,15.736249923706055,-0.251312255859375,0.380950927734375,"[0.40481680631637573, 1.0, 0.5979568958282471, 0.8467919230461121]","[0.0, 0.0, -3.1957933970261365e-06, 0.00011933333735214546, -0.04375659301877022, 1.0, 0.016333334147930145, -3.1957933970261365e-06, 0.0, 0.0, 1.0172526572205243e-06, -0.016214000061154366, 0.0, 0.0]","[0.0, 0.0, 0.0, 0.638528048992157, 0.0, 0.03284760192036629, 0.3416789770126343, 0.5972456336021423]",-105.47465537293805
16.6000000000001,135.73538208007812,192.57749938964844,15.406140327453613,-0.241912841796875,0.4603118896484375,"[0.42648017406463623, 1.0, 0.596892774105072, 0.8988213539123535]","[0.0, 0.0, -3.1957933970261365e-06, 0.00011933333735214546, -0.04375659301877022, 1.0, 0.016333334147930145, -3.1957933970261365e-06, 0.0, 0.0, 1.0172526572205243e-06, -0.016214000061154366, 0.0, 0.0]","[0.0, 0.0, 0.0, 0.638528048992157, 0.0, 0.03284760192036629, 0.3416789770126343, 0.5972456336021423]",-105.70130896791447
16.6500000000001,135.24989318847656,193.1618194580078,15.11658000946045,-0.235504150390625,0.51171875,"[0.44548237323760986, 1.0, 0.5861889719963074, 0.9024351239204407]","[0.0, 0.0, -3.1957933970261365e-06, 0.00011933333735214546, -0.04375659301877022, 1.0, 0.016333334147930145, -3.1957933970261365e-06, 0.0, 0.0, 1.0172526572205243e-06, -0.016214000061154366, 0.0, 0.0]","[0.0, 0.0, 0.0, 0.638528048992157, 0.0, 0.03284760192036629, 0.3416789770126343, 0.5972456336021423]",-106.3423027763009
16.700000000000102,134.81283569335938,193.76670837402344,14.863109588623047,-0.22869873046875,0.55078125,"[0.46211618185043335, 1.0, 0.5787850618362427, 0.9232606887817383]","[0.0, 0.0, -3.1957933970261365e-06, 0.00011933333735214546, -0.04375659301877022, 1.0, 0.016333334147930145, -3.1957933970261365e-06, 0.0, 0.0, 1.0172526572205243e-06, -0.016214000061154366, 0.0, 0.0]","[0.0, 0.0, 0.0, 0.638528048992157, 0.0, 0.03284760192036629, 0.3416789770126343, 0.5972456336021423]",-106.55659416853193
16.750000000000103,134.42135620117188,194.38937377929688,14.66670036315918,-0.214752197265625,0.5625,"[0.47500544786453247, 1.0, 0.5617542862892151, 0.9060935378074646]","[0.0, 0.0, -3.1957933970261365e-06, 0.00011933333735214546, -0.04375659301877022, 1.0, 0.016333334147930145, -3.1957933970261365e-06, 0.0, 0.0, 1.0172526572205243e-06, -0.016214000061154366, 0.0, 0.0]","[0.0, 0.0, 0.0, 0.638528048992157, 0.0, 0.03284760192036629, 0.3416789770126343, 0.5972456336021423]",-106.81755984895032
16.800000000000104,134.07427978515625,195.02784729003906,14.513750076293945,-0.1953125,0.5703125,"[0.4850427508354187, 1.0, 0.5523701310157776, 0.8660979866981506]","[0.0, 0.0, -3.1957933970261365e-06, 0.00011933333735214546, -0.04375659301877022, 1.0, 0.016333334147930145, -3.1957933970261365e-06, 0.0, 0.0, 1.0172526572205243e-06, -0.016214000061154366, 0.0, 0.0]","[0.0, 0.0, 0.0, 0.638528048992157, 0.0, 0.03284760192036629, 0.3416789770126343, 0.5972456336021423]",-107.01354768765373
16.850000000000104,133.7689971923828,195.68055725097656,14.415929794311523,-0.175262451171875,0.578125,"[0.49146217107772827, 1.0, 0.5197824239730835, 0.938245415687561]","[0.0, 0.0, -3.1957933970261365e-06, 0.00011933333735214546, -0.04375659301877022, 1.0, 0.016333334147930145, -3.1957933970261365e-06, 0.0, 0.0, 1.0172526572205243e-06, -0.016214000061154366, 0.0, 0.0]","[0.0, 0.0, 0.0, 0.638528048992157, 0.0, 0.03284760192036629, 0.3416789770126343, 0.5972456336021423]",-107.18868807593773
16.900000000000105,133.5042724609375,196.34593200683594,14.336819648742676,-0.166748046875,0.5859375,"[0.4966537356376648, 1.0, 0.5192356109619141, 0.951643168926239]","[0.0, 0.0, -3.1957933970261365e-06, 0.00011933333735214546, -0.04375659301877022, 1.0, 0.016333334147930145, -3.1957933970261365e-06, 0.0, 0.0, 1.0172526572205243e-06, -0.016214000061154366, 0.0, 0.0]","[0.0, 0.0, 0.0, 0.638528048992157, 0.0, 0.03284760192036629, 0.3416789770126343, 0.5972456336021423]",-107.05015438645034
16.950000000000106,133.2772674560547,197.0219268798828,14.293549537658691,-0.16033935546875,0.59375,"[0.4994933009147644, 1.0, 0.5249490737915039, 0.9067244529724121]","[0.0, 0.0, -3.1957933970261365e-06, 0.00011933333735214546, -0.04375659301877022, 1.0, 0.016333334147930145, -3.1957933970261365e-06, 0.0, 0.0, 1.0172526572205243e-06, -0.016214000061154366, 0.0, 0.0]","[0.0, 0.0, 0.0, 0.638528048992157, 0.0, 0.03284760192036629, 0.3416789770126343, 0.5972456336021423]",-106.91952708567636
17.000000000000107,133.08486938476562,197.7069549560547,14.269749641418457,-0.155975341796875,0.59765625,"[0.501055121421814, 1.0, 0.5338268280029297, 0.942184567451477]","[0.0, 0.0, -3.1957933970261365e-06, 0.00011933333735214546, -0.04375659301877022, 1.0, 0.016333334147930145, -3.1957933970261365e-06, 0.0, 0.0, 1.0172526572205243e-06, -0.016214000061154366, 0.0, 0.0]","[0.0, 0.0, 0.0, 0.638528048992157, 0.0, 0.03284760192036629, 0.3416789770126343, 0.5972456336021423]",-106.77720376979207
17.050000000000107,132.92544555664062,198.399658203125,14.259039878845215,-0.154510498046875,0.59765625,"[0.5017579793930054, 1.0, 0.5373059511184692, 0.9543490409851074]","[0.0, 0.0, -3.1957933970261365e-06, 0.00011933333735214546, -0.04375659301877022, 1.0, 0.016333334147930145, -3.1957933970261365e-06, 0.0, 0.0, 1.0172526572205243e-06, -0.016214000061154366, 0.0, 0.0]","[0.0, 0.0, 0.0, 0.638528048992157, 0.0, 0.03284760192036629, 0.3416789770126343, 0.5972456336021423]",-106.89917423335761
17.100000000000108,132.79763793945312,199.09869384765625,14.257209777832031,-0.154510498046875,0.59765625,"[0.5018780827522278, 1.0, 0.5392153859138489, 0.9637250900268555]","[0.0, 0.0, -3.1957933970261365e-06, 0.00011933333735214546, -0.04375659301877022, 1.0, 0.016333334147930145, -3.1957933970261365e-06, 0.0, 0.0, 1.0172526572205243e-06, -0.016214000061154366, 0.0, 0.0]","[0.0, 0.0, 0.0, 0.638528048992157, 0.0, 0.03284760192036629, 0.3416789770126343, 0.5972456336021423]",-106.67240403607823
17.15000000000011,132.7003631591797,199.8028106689453,14.262200355529785,-0.15411376953125,0.59765625,"[0.501550555229187, 1.0, 0.5407578349113464, 0.9670024514198303]","[0.0, 0.0, -3.1957933970261365e-06, 0.00011933333735214546, -0.04375659301877022, 1.0, 0.016333334147930145, -3.1957933970261365e-06, 0.0, 0.0, 1.0172526572205243e-06, -0.016214000061154366, 0.0, 0.0]","[0.0, 0.0, 0.0, 0.638528048992157, 0.0, 0.03284760192036629, 0.3416789770126343, 0.5972456336021423]",-106.41954675269574
17.20000000000011,132.63233947753906,200.5109100341797,14.274160385131836,-0.15008544921875,0.59765625,"[0.5007656812667847, 1.0, 0.5434914231300354, 0.9645387530326843]","[0.0, 0.0, -3.1957933970261365e-06, 0.00011933333735214546, -0.04375659301877022, 1.0, 0.016333334147930145, -3.1957933970261365e-06, 0.0, 0.0, 1.0172526572205243e-06, -0.016214000061154366, 0.0, 0.0]","[0.0, 0.0, 0.0, 0.638528048992157, 0.0, 0.03284760192036629, 0.3416789770126343, 0.5972456336021423]",-106.14288530878719
17.25000000000011,132.59130859375,201.22232055664062,14.299240112304688,-0.130523681640625,0.59765625,"[0.4991198778152466, 1.0, 0.5237041711807251, 0.9342901110649109]","[0.0, 0.0, -3.1957933970261365e-06, 0.00011933333735214546, -0.04375659301877022, 1.0, 0.016333334147930145, -3.1957933970261365e-06, 0.0, 0.0, 1.0172526572205243e-06, -0.016214000061154366, 0.0, 0.0]","[0.0, 0.0, 0.0, 0.638528048992157, 0.0, 0.03284760192036629, 0.3416789770126343, 0.5972456336021423]",-106.14782105491852
17.30000000000011,132.57351684570312,201.93679809570312,14.340120315551758,-0.09490966796875,0.59765625,"[0.496437132358551, 1.0, 0.45370158553123474, 0.8942381143569946]","[0.0, 0.0, -3.1957933970261365e-06, 0.00011933333735214546, -0.04375659301877022, 1.0, 0.016333334147930145, -3.1957933970261365e-06, 0.0, 0.0, 1.0172526572205243e-06, -0.016214000061154366, 0.0, 0.0]","[0.0, 0.0, 0.0, 0.638528048992157, 0.0, 0.03284760192036629, 0.3416789770126343, 0.5972456336021423]",-105.84783497490413
17.35000000000011,132.574951171875,202.65423583984375,14.389080047607422,-0.0592041015625,0.57421875,"[0.4932241439819336, 1.0, 0.37924790382385254, 0.8919159770011902]","[0.0, 0.0, -3.1957933970261365e-06, 0.00011933333735214546, -0.04375659301877022, 1.0, 0.016333334147930145, -3.1957933970261365e-06, 0.0, 0.0, 1.0172526572205243e-06, -0.016214000061154366, 0.0, 0.0]","[0.0, 0.0, 0.0, 0.638528048992157, 0.0, 0.03284760192036629, 0.3416789770126343, 0.5972456336021423]",-105.53623967429338
17.400000000000112,132.59246826171875,203.37437438964844,14.438830375671387,-0.03411865234375,0.5703125,"[0.48995935916900635, 1.0, 0.3211199939250946, 0.9155586957931519]","[0.0, 0.0, -3.1957933970261365e-06, 0.00011933333735214546, -0.04375659301877022, 1.0, 0.016333334147930145, -3.1957933970261365e-06, 0.0, 0.0, 1.0172526572205243e-06, -0.016214000061154366, 0.0, 0.0]","[0.0, 0.0, 0.0, 0.638528048992157, 0.0, 0.03284760192036629, 0.3416789770126343, 0.5972456336021423]",-105.20864795861894
17.450000000000113,132.62265014648438,204.0968780517578,14.48865032196045,-0.010498046875,0.5625,"[0.4866899251937866, 1.0, 0.24999955296516418, 0.9058698415756226]","[0.0, 0.0, -3.1957933970261365e-06, 0.00011933333735214546, -0.04375659301877022, 1.0, 0.016333334147930145, -3.1957933970261365e-06, 0.0, 0.0, 1.0172526572205243e-06, -0.016214000061154366, 0.0, 0.0]","[0.0, 0.0, 0.0, 0.638528048992157, 0.0, 0.03284760192036629, 0.3416789770126343, 0.5972456336021423]",-105.13176560877284
17.500000000000114,132.66160583496094,204.8217010498047,14.537449836730957,0.011138916015625,0.5625,"[0.48348748683929443, 1.0, 0.1614404320716858, 0.9029013514518738]","[0.0, 0.0, -3.1957933970261365e-06, 0.00011933333735214546, -0.04375659301877022, 1.0, 0.016333334147930145, -3.1957933970261365e-06, 0.0, 0.0, 1.0172526572205243e-06, -0.016214000061154366, 0.0, 0.0]","[0.0, 0.0, 0.0, 0.638528048992157, 0.0, 0.03284760192036629, 0.3416789770126343, 0.5972456336021423]",-104.76575834828533
17.550000000000114,132.7061004638672,205.54879760742188,14.585060119628906,0.024078369140625,0.5625,"[0.48036307096481323, 1.0, 0.09614373743534088, 0.9269406199455261]","[0.0, 0.0, -3.1957933970261365e-06, 0.00011933333735214546, -0.04375659301877022, 1.0, 0.016333334147930145, -3.1957933970261365e-06, 0.0, 0.0, 1.0172526572205243e-06, -0.016214000061154366, 0.0, 0.0]","[0.0, 0.0, 0.0, 0.638528048992157, 0.0, 0.03284760192036629, 0.3416789770126343, 0.5972456336021423]",-104.38761114593372
17.600000000000115,132.7535858154297,206.2781524658203,14.631999969482422,0.03009033203125,0.5625,"[0.47728264331817627, 1.0, 0.06563736498355865, 0.9441204071044922]","[0.0, 0.0, -3.1957933970261365e-06, 0.00011933333735214546, -0.04375659301877022, 1.0, 0.016333334147930145, -3.1957933970261365e-06, 0.0, 0.0, 1.0172526572205243e-06, -0.016214000061154366, 0.0, 0.0]","[0.0, 0.0, 0.0, 0.638528048992157, 0.0, 0.03284760192036629, 0.3416789770126343, 0.5972456336021423]",-103.99765437742442
17.650000000000116,132.8021240234375,207.00979614257812,14.678680419921875,0.0302734375,0.5625,"[0.47421926259994507, 1.0, 0.06540395319461823, 0.9613741040229797]","[0.0, 0.0, -3.1957933970261365e-06, 0.00011933333735214546, -0.04375659301877022, 1.0, 0.016333334147930145, -3.1957933970261365e-06, 0.0, 0.0, 1.0172526572205243e-06, -0.016214000061154366, 0.0, 0.0]","[0.0, 0.0, 0.0, 0.638528048992157, 0.0, 0.03284760192036629, 0.3416789770126343, 0.5972456336021423]",-103.81951547512702
17.700000000000117,132.8502960205078,207.74380493164062,14.726590156555176,0.02728271484375,0.5859375,"[0.47107529640197754, 1.0, 0.08569449931383133, 0.9728583693504333]","[0.0, 0.0, -3.1957933970261365e-06, 0.00011933333735214546, -0.04375659301877022, 1.0, 0.016333334147930145, -3.1957933970261365e-06, 0.0, 0.0, 1.0172526572205243e-06, -0.016214000061154366, 0.0, 0.0]","[0.0, 0.0, 0.0, 0.638528048992157, 0.0, 0.03284760192036629, 0.3416789770126343, 0.5972456336021423]",-103.38944520062127
17.750000000000117,132.8971405029297,208.4803466796875,14.776860237121582,0.023101806640625,0.58984375,"[0.4677762985229492, 1.0, 0.09862637519836426, 0.9803635478019714]","[0.0, 0.0, -3.1957933970261365e-06, 0.00011933333735214546, -0.04375659301877022, 1.0, 0.016333334147930145, -3.1957933970261365e-06, 0.0, 0.0, 1.0172526572205243e-06, -0.016214000061154366, 0.0, 0.0]","[0.0, 0.0, 0.0, 0.638528048992157, 0.0, 0.03284760192036629, 0.3416789770126343, 0.5972456336021423]",-102.94946229105555
17.800000000000118,132.94227600097656,209.2195281982422,14.829130172729492,0.01708984375,0.59375,"[0.4643460512161255, 1.0, 0.09967824816703796, 0.9878909587860107]","[0.0, 0.0, -3.1957933970261365e-06, 0.00011933333735214546, -0.04375659301877022, 1.0, 0.016333334147930145, -3.1957933970261365e-06, 0.0, 0.0, 1.0172526572205243e-06, -0.016214000061154366, 0.0, 0.0]","[0.0, 0.0, 0.0, 0.638528048992157, 0.0, 0.03284760192036629, 0.3416789770126343, 0.5972456336021423]",-102.50414466403161
17.85000000000012,132.98568725585938,209.96142578125,14.88286018371582,0.0111083984375,0.59375,"[0.4608200788497925, 1.0, 0.09529274702072144, 0.9860336184501648]","[0.0, 0.0, -3.1957933970261365e-06, 0.00011933333735214546, -0.04375659301877022, 1.0, 0.016333334147930145, -3.1957933970261365e-06, 0.0, 0.0, 1.0172526572205243e-06, -0.016214000061154366, 0.0, 0.0]","[0.0, 0.0, 0.0, 0.638528048992157, 0.0, 0.03284760192036629, 0.3416789770126343, 0.5972456336021423]",-102.21697828399003
17.90000000000012,133.02731323242188,210.70611572265625,14.937629699707031,0.007659912109375,0.59765625,"[0.45722585916519165, 1.0, 0.09349098801612854, 0.9885177612304688]","[0.0, 0.0, -3.1957933970261365e-06, 0.00011933333735214546, -0.04375659301877022, 1.0, 0.016333334147930145, -3.1957933970261365e-06, 0.0, 0.0, 1.0172526572205243e-06, -0.016214000061154366, 0.0, 0.0]","[0.0, 0.0, 0.0, 0.638528048992157, 0.0, 0.03284760192036629, 0.3416789770126343, 0.5972456336021423]",-101.74005168571752
17.95000000000012,133.0671844482422,211.45367431640625,14.993289947509766,0.00567626953125,0.59765625,"[0.45357316732406616, 1.0, 0.09096219390630722, 0.988615095615387]","[0.0, 0.0, -3.1957933970261365e-06, 0.00011933333735214546, -0.04375659301877022, 1.0, 0.016333334147930145, -3.1957933970261365e-06, 0.0, 0.0, 1.0172526572205243e-06, -0.016214000061154366, 0.0, 0.0]","[0.0, 0.0, 0.0, 0.638528048992157, 0.0, 0.03284760192036629, 0.3416789770126343, 0.5972456336021423]",-101.24961026911959
18.00000000000012,133.10508728027344,212.20407104492188,15.04932975769043,0.007537841796875,0.59765625,"[0.44989556074142456, 1.0, 0.09678813070058823, 0.9851900935173035]","[0.0, 0.0, -3.1957933970261365e-06, 0.00011933333735214546, -0.04375659301877022, 1.0, 0.016333334147930145, -3.1957933970261365e-06, 0.0, 0.0, 1.0172526572205243e-06, -0.016214000061154366, 0.0, 0.0]","[0.0, 0.0, 0.0, 0.638528048992157, 0.0, 0.03284760192036629, 0.3416789770126343, 0.5972456336021423]",-100.7506625847484
18.05000000000012,133.1410675048828,212.9573516845703,15.10569953918457,0.007659912109375,0.59765625,"[0.4461963176727295, 1.0, 0.09402505308389664, 0.9892240166664124]","[0.0, 0.0, -3.1957933970261365e-06, 0.00011933333735214546, -0.04375659301877022, 1.0, 0.016333334147930145, -3.1957933970261365e-06, 0.0, 0.0, 1.0172526572205243e-06, -0.016214000061154366, 0.0, 0.0]","[0.0, 0.0, 0.0, 0.638528048992157, 0.0, 0.03284760192036629, 0.3416789770126343, 0.5972456336021423]",-100.36975504843976
18.100000000000122,133.1754608154297,213.71356201171875,15.162349700927734,0.005859375,0.59765625,"[0.4424787163734436, 1.0, 0.08582769334316254, 0.9835751056671143]","[0.0, 0.0, -3.1957933970261365e-06, 0.00011933333735214546, -0.04375659301877022, 1.0, 0.016333334147930145, -3.1957933970261365e-06, 0.0, 0.0, 1.0172526572205243e-06, -0.016214000061154366, 0.0, 0.0]","[0.0, 0.0, 0.0, 0.638528048992157, 0.0, 0.03284760192036629, 0.3416789770126343, 0.5972456336021423]",-99.84954235721665
18.150000000000123,133.20880126953125,214.47262573242188,15.2177095413208,0.002288818359375,0.57421875,"[0.4388458728790283, 1.0, 0.0719270259141922, 0.9787759780883789]","[0.0, 0.0, -3.1957933970261365e-06, 0.00011933333735214546, -0.04375659301877022, 1.0, 0.016333334147930145, -3.1957933970261365e-06, 0.0, 0.0, 1.0172526572205243e-06, -0.016214000061154366, 0.0, 0.0]","[0.0, 0.0, 0.0, 0.638528048992157, 0.0, 0.03284760192036629, 0.3416789770126343, 0.5972456336021423]",-99.32264192301474
18.200000000000124,133.241455078125,215.234375,15.268540382385254,-0.00018310546875,0.5390625,"[0.4355100393295288, 1.0, 0.05954022333025932, 0.981948733329773]","[0.0, 0.0, -3.1957933970261365e-06, 0.00011933333735214546, -0.04375659301877022, 1.0, 0.016333334147930145, -3.1957933970261365e-06, 0.0, 0.0, 1.0172526572205243e-06, -0.016214000061154366, 0.0, 0.0]","[0.0, 0.0, 0.0, 0.638528048992157, 0.0, 0.03284760192036629, 0.3416789770126343, 0.5972456336021423]",-98.79016641304072
18.250000000000124,133.27346801757812,215.9984893798828,15.31425952911377,-0.000518798828125,0.4920501708984375,"[0.43250977993011475, 1.0, 0.05371648818254471, 0.9867895245552063]","[0.0, 0.0, -3.1957933970261365e-06, 0.00011933333735214546, -0.04375659301877022, 1.0, 0.016333334147930145, -3.1957933970261365e-06, 0.0, 0.0, 1.0172526572205243e-06, -0.016214000061154366, 0.0, 0.0]","[0.0, 0.0, 0.0, 0.638528048992157, 0.0, 0.03284760192036629, 0.3416789770126343, 0.5972456336021423]",-98.3480942153365
18.300000000000125,133.30482482910156,216.76467895507812,15.349889755249023,0.00115966796875,0.420623779296875,"[0.43017148971557617, 1.0, 0.04631252959370613, 0.9829012751579285]","[0.0, 0.0, -3.1957933970261365e-06, 0.00011933333735214546, -0.04375659301877022, 1.0, 0.016333334147930145, -3.1957933970261365e-06, 0.0, 0.0, 1.0172526572205243e-06, -0.016214000061154366, 0.0, 0.0]","[0.0, 0.0, 0.0, 0.638528048992157, 0.0, 0.03284760192036629, 0.3416789770126343, 0.5972456336021423]",-97.79419126005831
18.350000000000126,133.33497619628906,217.53208923339844,15.366849899291992,0.0068359375,0.3452301025390625,"[0.4290584921836853, 1.0, 0.04467296600341797, 0.9688730239868164]","[0.0, 0.0, -3.1957933970261365e-06, 0.00011933333735214546, -0.04375659301877022, 1.0, 0.016333334147930145, -3.1957933970261365e-06, 0.0, 0.0, 1.0172526572205243e-06, -0.016214000061154366, 0.0, 0.0]","[0.0, 0.0, 0.0, 0.638528048992157, 0.0, 0.03284760192036629, 0.3416789770126343, 0.5972456336021423]",-97.23263645448513
18.400000000000126,133.3629608154297,218.29974365234375,15.361669540405273,0.015869140625,0.25,"[0.42939841747283936, 1.0, 0.0543338917195797, 0.9599073529243469]","[0.0, 0.0, -3.1957933970261365e-06, 0.00011933333735214546, -0.04375659301877022, 1.0, 0.016333334147930145, -3.1957933970261365e-06, 0.0, 0.0, 1.0172526572205243e-06, -0.016214000061154366, 0.0, 0.0]","[0.0, 0.0, 0.0, 0.638528048992157, 0.0, 0.03284760192036629, 0.3416789770126343, 0.5972456336021423]",-96.66794088751959
18.450000000000127,133.38755798339844,219.0664825439453,15.333990097045898,0.0264892578125,0.20000000298023224,"[0.43121492862701416, 1.0, 0.1067059263586998, 0.9523600339889526]","[0.0, 0.0, -3.1957933970261365e-06, 0.00011933333735214546, -0.04375659301877022, 1.0, 0.016333334147930145, -3.1957933970261365e-06, 0.0, 0.0, 1.0172526572205243e-06, -0.016214000061154366, 0.0, 0.0]","[0.0, 0.0, 0.0, 0.638528048992157, 0.0, 0.03284760192036629, 0.3416789770126343, 0.5972456336021423]",-96.17578945437283
18.500000000000128,133.40753173828125,219.83135986328125,15.289340019226074,0.037078857421875,0.20000000298023224,"[0.43414509296417236, 1.0, 0.1516883373260498, 0.9532128572463989]","[0.0, 0.0, -3.1957933970261365e-06, 0.00011933333735214546, -0.04375659301877022, 1.0, 0.016333334147930145, -3.1957933970261365e-06, 0.0, 0.0, 1.0172526572205243e-06, -0.016214000061154366, 0.0, 0.0]","[0.0, 0.0, 0.0, 0.638528048992157, 0.0, 0.03284760192036629, 0.3416789770126343, 0.5972456336021423]",-95.60680660039014
18.55000000000013,133.4225616455078,220.59384155273438,15.235520362854004,0.050140380859375,0.20000000298023224,"[0.4376770257949829, 1.0, 0.16103559732437134, 0.9772487878799438]","[0.0, 0.0, -3.1957933970261365e-06, 0.00011933333735214546, -0.04375659301877022, 1.0, 0.016333334147930145, -3.1957933970261365e-06, 0.0, 0.0, 1.0172526572205243e-06, -0.016214000061154366, 0.0, 0.0]","[0.0, 0.0, 0.0, 0.638528048992157, 0.0, 0.03284760192036629, 0.3416789770126343, 0.5972456336021423]",-95.03369357666918
18.60000000000013,133.4295196533203,221.3533172607422,15.170040130615234,0.0660400390625,0.20000000298023224,"[0.44197404384613037, 1.0, 0.2616021931171417, 0.892844021320343]","[0.0, 0.0, -3.1957933970261365e-06, 0.00011933333735214546, -0.04375659301877022, 1.0, 0.016333334147930145, -3.1957933970261365e-06, 0.0, 0.0, 1.0172526572205243e-06, -0.016214000061154366, 0.0, 0.0]","[0.0, 0.0, 0.0, 0.638528048992157, 0.0, 0.03284760192036629, 0.3416789770126343, 0.5972456336021423]",-94.4648597196839
18.65000000000013,133.42588806152344,222.10931396484375,15.0977201461792,0.083038330078125,0.20000000298023224,"[0.44672006368637085, 1.0, 0.30478325486183167, 0.9404820799827576]","[0.0, 0.0, -3.1957933970261365e-06, 0.00011933333735214546, -0.04375659301877022, 1.0, 0.016333334147930145, -3.1957933970261365e-06, 0.0, 0.0, 1.0172526572205243e-06, -0.016214000061154366, 0.0, 0.0]","[0.0, 0.0, 0.0, 0.638528048992157, 0.0, 0.03284760192036629, 0.3416789770126343, 0.5972456336021423]",-93.94633756500113
18.70000000000013,133.41001892089844,222.86134338378906,15.0206298828125,0.09625244140625,0.20000000298023224,"[0.45177900791168213, 1.0, 0.34035736322402954, 0.9454277157783508]","[0.0, 0.0, -3.1957933970261365e-06, 0.00011933333735214546, -0.04375659301877022, 1.0, 0.016333334147930145, -3.1957933970261365e-06, 0.0, 0.0, 1.0172526572205243e-06, -0.016214000061154366, 0.0, 0.0]","[0.0, 0.0, 0.0, 0.638528048992157, 0.0, 0.03284760192036629, 0.3416789770126343, 0.5972456336021423]",-93.38321212032407
18.75000000000013,133.38026428222656,223.6089630126953,14.939800262451172,0.10693359375,0.20000000298023224,"[0.45708340406417847, 1.0, 0.37318506836891174, 0.9484248757362366]","[0.0, 0.0, -3.1957933970261365e-06, 0.00011933333735214546, -0.04375659301877022, 1.0, 0.016333334147930145, -3.1957933970261365e-06, 0.0, 0.0, 1.0172526572205243e-06, -0.016214000061154366, 0.0, 0.0]","[0.0, 0.0, 0.0, 0.638528048992157, 0.0, 0.03284760192036629, 0.3416789770126343, 0.5972456336021423]",-92.8278224401726
18.800000000000132,133.33499145507812,224.3515625,14.855819702148438,0.115692138671875,0.20000000298023224,"[0.46259456872940063, 1.0, 0.4033353626728058, 0.9515217542648315]","[0.0, 0.0, -3.1957933970261365e-06, 0.00011933333735214546, -0.04375659301877022, 1.0, 0.016333334147930145, -3.1957933970261365e-06, 0.0, 0.0, 1.0172526572205243e-06, -0.016214000061154366, 0.0, 0.0]","[0.0, 0.0, 0.0, 0.638528048992157, 0.0, 0.03284760192036629, 0.3416789770126343, 0.5972456336021423]",-92.2789588173249
18.850000000000133,133.27256774902344,225.08853149414062,14.767800331115723,0.125885009765625,0.20000000298023224,"[0.4683709144592285, 1.0, 0.43803033232688904, 0.9468271732330322]","[0.0, 0.0, -3.1957933970261365e-06, 0.00011933333735214546, -0.04375659301877022, 1.0, 0.016333334147930145, -3.1957933970261365e-06, 0.0, 0.0, 1.0172526572205243e-06, -0.016214000061154366, 0.0, 0.0]","[0.0, 0.0, 0.0, 0.638528048992157, 0.0, 0.03284760192036629, 0.3416789770126343, 0.5972456336021423]",-91.7562769040221
18.900000000000134,133.19097900390625,225.81890869140625,14.673009872436523,0.14166259765625,0.20000000298023224,"[0.47459137439727783, 1.0, 0.4849222004413605, 0.9331434965133667]","[0.0, 0.0, -3.1957933970261365e-06, 0.00011933333735214546, -0.04375659301877022, 1.0, 0.016333334147930145, -3.1957933970261365e-06, 0.0, 0.0, 1.0172526572205243e-06, -0.016214000061154366, 0.0, 0.0]","[0.0, 0.0, 0.0, 0.638528048992157, 0.0, 0.03284760192036629, 0.3416789770126343, 0.5972456336021423]",-91.22151415967525
18.950000000000134,133.0878143310547,226.54132080078125,14.56797981262207,0.16424560546875,0.20000000298023224,"[0.48148399591445923, 1.0, 0.5434861183166504, 0.9184975028038025]","[0.0, 0.0, -3.1957933970261365e-06, 0.00011933333735214546, -0.04375659301877022, 1.0, 0.016333334147930145, -3.1957933970261365e-06, 0.0, 0.0, 1.0172526572205243e-06, -0.016214000061154366, 0.0, 0.0]","[0.0, 0.0, 0.0, 0.638528048992157, 0.0, 0.03284760192036629, 0.3416789770126343, 0.5972456336021423]",-90.69893549268161
19.000000000000135,132.96075439453125,227.25399780273438,14.450499534606934,0.190704345703125,0.20000000298023224,"[0.48919355869293213, 1.0, 0.6051358580589294, 0.9113933444023132]","[0.0, 0.0, -3.1957933970261365e-06, 0.00011933333735214546, -0.04375659301877022, 1.0, 0.016333334147930145, -3.1957933970261365e-06, 0.0, 0.0, 1.0172526572205243e-06, -0.016214000061154366, 0.0, 0.0]","[0.0, 0.0, 0.0, 0.638528048992157, 0.0, 0.03284760192036629, 0.3416789770126343, 0.5972456336021423]",-90.19151140160304
19.050000000000136,132.80760192871094,227.954833984375,14.319109916687012,0.219085693359375,0.20000000298023224,"[0.49781590700149536, 1.0, 0.6247982382774353, 0.9069687128067017]","[0.0, 0.0, -3.1957933970261365e-06, 0.00011933333735214546, -0.04375659301877022, 1.0, 0.016333334147930145, -3.1957933970261365e-06, 0.0, 0.0, 1.0172526572205243e-06, -0.016214000061154366, 0.0, 0.0]","[0.0, 0.0, 0.0, 0.638528048992157, 0.0, 0.03284760192036629, 0.3416789770126343, 0.5972456336021423]",-89.68075735664954
19.100000000000136,132.62684631347656,228.64170837402344,14.178130149841309,0.240020751953125,0.20000000298023224,"[0.5070676207542419, 1.0, 0.6316720843315125, 0.9199799299240112]","[0.0, 0.0, -3.1957933970261365e-06, 0.00011933333735214546, -0.04375659301877022, 1.0, 0.016333334147930145, -3.1957933970261365e-06, 0.0, 0.0, 1.0172526572205243e-06, -0.016214000061154366, 0.0, 0.0]","[0.0, 0.0, 0.0, 0.638528048992157, 0.0, 0.03284760192036629, 0.3416789770126343, 0.5972456336021423]",-89.20338470675964
19.150000000000137,132.4176788330078,229.3126678466797,14.032270431518555,0.252044677734375,0.20000000298023224,"[0.5166395902633667, 1.0, 0.633948564529419, 0.932102382183075]","[0.0, 0.0, -3.1957933970261365e-06, 0.00011933333735214546, -0.04375659301877022, 1.0, 0.016333334147930145, -3.1957933970261365e-06, 0.0, 0.0, 1.0172526572205243e-06, -0.016214000061154366, 0.0, 0.0]","[0.0, 0.0, 0.0, 0.638528048992157, 0.0, 0.03284760192036629, 0.3416789770126343, 0.5972456336021423]",-88.74869046003884
19.200000000000138,132.17996215820312,229.9661407470703,13.888030052185059,0.25946044921875,0.20000000298023224,"[0.5261053442955017, 1.0, 0.6302198171615601, 0.9450976848602295]","[0.0, 0.0, -3.1957933970261365e-06, 0.00011933333735214546, -0.04375659301877022, 1.0, 0.016333334147930145, -3.1957933970261365e-06, 0.0, 0.0, 1.0172526572205243e-06, -0.016214000061154366, 0.0, 0.0]","[0.0, 0.0, 0.0, 0.638528048992157, 0.0, 0.03284760192036629, 0.3416789770126343, 0.5972456336021423]",-88.32102876534934
19.25000000000014,131.91319274902344,230.5999298095703,13.733989715576172,0.2662353515625,0.20000000298023224,"[0.5362141132354736, 1.0, 0.6359156370162964, 0.9220942854881287]","[0.0, 0.0, -3.1957933970261365e-06, 0.00011933333735214546, -0.04375659301877022, 1.0, 0.016333334147930145, -3.1957933970261365e-06, 0.0, 0.0, 1.0172526572205243e-06, -0.016214000061154366, 0.0, 0.0]","[0.0, 0.0, 0.0, 0.638528048992157, 0.0, 0.03284760192036629, 0.3416789770126343, 0.5972456336021423]",-87.85806336856535
19.30000000000014,131.61727905273438,231.21173095703125,13.57606029510498,0.274627685546875,0.2261962890625,"[0.5465781688690186, 1.0, 0.6370602250099182, 0.932555079460144]","[0.0, 0.0, -3.1957933970261365e-06, 0.00011933333735214546, -0.04375659301877022, 1.0, 0.016333334147930145, -3.1957933970261365e-06, 0.0, 0.0, 1.0172526572205243e-06, -0.016214000061154366, 0.0, 0.0]","[0.0, 0.0, 0.0, 0.638528048992157, 0.0, 0.03284760192036629, 0.3416789770126343, 0.5972456336021423]",-87.47640128039546
19.35000000000014,131.2924041748047,231.79934692382812,13.416560173034668,0.28564453125,0.2976226806640625,"[0.5570452213287354, 1.0, 0.6363652348518372, 0.9315502643585205]","[0.0, 0.0, -3.1957933970261365e-06, 0.00011933333735214546, -0.04375659301877022, 1.0, 0.016333334147930145, -3.1957933970261365e-06, 0.0, 0.0, 1.0172526572205243e-06, -0.016214000061154366, 0.0, 0.0]","[0.0, 0.0, 0.0, 0.638528048992157, 0.0, 0.03284760192036629, 0.3416789770126343, 0.5972456336021423]",-87.12684760186103
19.40000000000014,130.93893432617188,232.3605194091797,13.255979537963867,0.30023193359375,0.3134918212890625,"[0.5675833225250244, 1.0, 0.6356421709060669, 0.9282441735267639]","[0.0, 0.0, -3.1957933970261365e-06, 0.00011933333735214546, -0.04375659301877022, 1.0, 0.016333334147930145, -3.1957933970261365e-06, 0.0, 0.0, 1.0172526572205243e-06, -0.016214000061154366, 0.0, 0.0]","[0.0, 0.0, 0.0, 0.638528048992157, 0.0, 0.03284760192036629, 0.3416789770126343, 0.5972456336021423]",-86.8094111351334
19.45000000000014,130.55751037597656,232.89276123046875,13.09097957611084,0.31768798828125,0.3134918212890625,"[0.578411340713501, 1.0, 0.6383551955223083, 0.9208447337150574]","[0.0, 0.0, -3.1957933970261365e-06, 0.00011933333735214546, -0.04375659301877022, 1.0, 0.016333334147930145, -3.1957933970261365e-06, 0.0, 0.0, 1.0172526572205243e-06, -0.016214000061154366, 0.0, 0.0]","[0.0, 0.0, 0.0, 0.638528048992157, 0.0, 0.03284760192036629, 0.3416789770126343, 0.5972456336021423]",-86.42722371496819
19.500000000000142,130.1492919921875,233.3936004638672,12.920370101928711,0.33526611328125,0.3174591064453125,"[0.5896074771881104, 1.0, 0.6425938606262207, 0.9161999225616455]","[0.0, 0.0, -3.1957933970261365e-06, 0.00011933333735214546, -0.04375659301877022, 1.0, 0.016333334147930145, -3.1957933970261365e-06, 0.0, 0.0, 1.0172526572205243e-06, -0.016214000061154366, 0.0, 0.0]","[0.0, 0.0, 0.0, 0.638528048992157, 0.0, 0.03284760192036629, 0.3416789770126343, 0.5972456336021423]",-86.17094153133034
19.550000000000143,129.71585083007812,233.8607635498047,12.747879981994629,0.347686767578125,0.3293609619140625,"[0.6009270548820496, 1.0, 0.6440237164497375, 0.9191672801971436]","[0.0, 0.0, -3.1957933970261365e-06, 0.00011933333735214546, -0.04375659301877022, 1.0, 0.016333334147930145, -3.1957933970261365e-06, 0.0, 0.0, 1.0172526572205243e-06, -0.016214000061154366, 0.0, 0.0]","[0.0, 0.0, 0.0, 0.638528048992157, 0.0, 0.03284760192036629, 0.3416789770126343, 0.5972456336021423]",-85.94600905791464
19.600000000000144,129.2591094970703,234.29258728027344,12.581339836120605,0.35089111328125,0.3650665283203125,"[0.6118561625480652, 1.0, 0.6388580203056335, 0.925554633140564]","[0.0, 0.0, -3.1957933970261365e-06, 0.00011933333735214546, -0.04375659301877022, 1.0, 0.016333334147930145, -3.1957933970261365e-06, 0.0, 0.0, 1.0172526572205243e-06, -0.016214000061154366, 0.0, 0.0]","[0.0, 0.0, 0.0, 0.638528048992157, 0.0, 0.03284760192036629, 0.3416789770126343, 0.5972456336021423]",-85.75817902698033
19.650000000000144,128.78099060058594,234.68795776367188,12.425970077514648,0.348480224609375,0.396820068359375,"[0.6220521926879883, 1.0, 0.6292641758918762, 0.9303679466247559]","[0.0, 0.0, -3.1957933970261365e-06, 0.00011933333735214546, -0.04375659301877022, 1.0, 0.016333334147930145, -3.1957933970261365e-06, 0.0, 0.0, 1.0172526572205243e-06, -0.016214000061154366, 0.0, 0.0]","[0.0, 0.0, 0.0, 0.638528048992157, 0.0, 0.03284760192036629, 0.3416789770126343, 0.5972456336021423]",-85.46724392259613
19.700000000000145,128.28350830078125,235.0462646484375,12.287810325622559,0.3388671875,0.440460205078125,"[0.631118893623352, 1.0, 0.6146655082702637, 0.9351786375045776]","[0.0, 0.0, -3.1957933970261365e-06, 0.00011933333735214546, -0.04375659301877022, 1.0, 0.016333334147930145, -3.1957933970261365e-06, 0.0, 0.0, 1.0172526572205243e-06, -0.016214000061154366, 0.0, 0.0]","[0.0, 0.0, 0.0, 0.638528048992157, 0.0, 0.03284760192036629, 0.3416789770126343, 0.5972456336021423]",-85.34327470853762
19.750000000000146,127.76863098144531,235.367431640625,12.17134952545166,0.323455810546875,0.4761810302734375,"[0.638761579990387, 1.0, 0.5964989066123962, 0.9356328248977661]","[0.0, 0.0, -3.1957933970261365e-06, 0.00011933333735214546, -0.04375659301877022, 1.0, 0.016333334147930145, -3.1957933970261365e-06, 0.0, 0.0, 1.0172526572205243e-06, -0.016214000061154366, 0.0, 0.0]","[0.0, 0.0, 0.0, 0.638528048992157, 0.0, 0.03284760192036629, 0.3416789770126343, 0.5972456336021423]",-85.25352906075389
19.800000000000146,127.23825073242188,235.6519317626953,12.07960033416748,0.30303955078125,0.515625,"[0.644782543182373, 1.0, 0.5761147141456604, 0.9348563551902771]","[0.0, 0.0, -3.1957933970261365e-06, 0.00011933333735214546, -0.04375659301877022, 1.0, 0.016333334147930145, -3.1957933970261365e-06, 0.0, 0.0, 1.0172526572205243e-06, -0.016214000061154366, 0.0, 0.0]","[0.0, 0.0, 0.0, 0.638528048992157, 0.0, 0.03284760192036629, 0.3416789770126343, 0.5972456336021423]",-85.19618646277358
19.850000000000147,126.69409942626953,235.90048217773438,12.013179779052734,0.2818603515625,0.5703125,"[0.6491413712501526, 1.0, 0.5556030869483948, 0.9371676445007324]","[0.0, 0.0, -3.1957933970261365e-06, 0.00011933333735214546, -0.04375659301877022, 1.0, 0.016333334147930145, -3.1957933970261365e-06, 0.0, 0.0, 1.0172526572205243e-06, -0.016214000061154366, 0.0, 0.0]","[0.0, 0.0, 0.0, 0.638528048992157, 0.0, 0.03284760192036629, 0.3416789770126343, 0.5972456336021423]",-84.98741452528365
19.900000000000148,126.13778686523438,236.11434936523438,11.97404956817627,0.256866455078125,0.59765625,"[0.651709258556366, 1.0, 0.5339239835739136, 0.9338471293449402]","[0.0, 0.0, -3.1957933970261365e-06, 0.00011933333735214546, -0.04375659301877022, 1.0, 0.016333334147930145, -3.1957933970261365e-06, 0.0, 0.0, 1.0172526572205243e-06, -0.016214000061154366, 0.0, 0.0]","[0.0, 0.0, 0.0, 0.638528048992157, 0.0, 0.03284760192036629, 0.3416789770126343, 0.5972456336021423]",-84.98710776685022
19.95000000000015,125.57085418701172,236.29515075683594,11.9585599899292,0.232452392578125,0.61328125,"[0.6527258157730103, 1.0, 0.5136371850967407, 0.9358218312263489]","[0.0, 0.0, -3.1957933970261365e-06, 0.00011933333735214546, -0.04375659301877022, 1.0, 0.016333334147930145, -3.1957933970261365e-06, 0.0, 0.0, 1.0172526572205243e-06, -0.016214000061154366, 0.0, 0.0]","[0.0, 0.0, 0.0, 0.638528048992157, 0.0, 0.03284760192036629, 0.3416789770126343, 0.5972456336021423]",-85.01079011778162
20.00000000000015,124.99466705322266,236.44497680664062,11.965550422668457,0.20526123046875,0.6328125,"[0.6522670388221741, 1.0, 0.5342725515365601, 0.9281607270240784]","[0.0, 0.0, -3.1957933970261365e-06, 0.00011933333735214546, -0.04375659301877022, 1.0, 0.016333334147930145, -3.1957933970261365e-06, 0.0, 0.0, 1.0172526572205243e-06, -0.016214000061154366, 0.0, 0.0]","[0.0, 0.0, 0.0, 0.638528048992157, 0.0, 0.03284760192036629, 0.3416789770126343, 0.5972456336021423]",-85.06213231635218
20.05000000000015,124.41038513183594,236.5662841796875,11.993370056152344,0.177642822265625,0.6640625,"[0.6504414081573486, 1.0, 0.5499476790428162, 0.9210720658302307]","[0.0, 0.0, -3.1957933970261365e-06, 0.00011933333735214546, -0.04375659301877022, 1.0, 0.016333334147930145, -3.1957933970261365e-06, 0.0, 0.0, 1.0172526572205243e-06, -0.016214000061154366, 0.0, 0.0]","[0.0, 0.0, 0.0, 0.638528048992157, 0.0, 0.03284760192036629, 0.3416789770126343, 0.5972456336021423]",-84.91881264847103
20.10000000000015,123.81891632080078,236.6621856689453,12.042460441589355,0.146484375,0.703125,"[0.6472198367118835, 1.0, 0.505854070186615, 0.9049094319343567]","[0.0, 0.0, -3.1957933970261365e-06, 0.00011933333735214546, -0.04375659301877022, 1.0, 0.016333334147930145, -3.1957933970261365e-06, 0.0, 0.0, 1.0172526572205243e-06, -0.016214000061154366, 0.0, 0.0]","[0.0, 0.0, 0.0, 0.638528048992157, 0.0, 0.03284760192036629, 0.3416789770126343, 0.5972456336021423]",-85.00033895236544
20.15000000000015,123.22071838378906,236.73663330078125,12.113719940185547,0.111114501953125,0.75,"[0.6425434350967407, 0.9660000205039978, 0.44533318281173706, 0.8858621120452881]","[0.0, 0.0, -3.1957933970261365e-06, 0.00011933333735214546, -0.04375659301877022, 1.0, 0.016333334147930145, -3.1957933970261365e-06, 0.0, 0.0, 1.0172526572205243e-06, -0.016214000061154366, 0.0, 0.0]","[0.0, 0.0, 0.0, 0.638528048992157, 0.0, 0.03284760192036629, 0.3416789770126343, 0.5972456336021423]",-85.09090804560947
20.200000000000152,122.615966796875,236.79408264160156,12.203709602355957,0.0728759765625,0.79296875,"[0.6366379261016846, 0.8137999773025513, 0.37184879183769226, 0.8708863854408264]","[0.0, 0.0, -3.1957933970261365e-06, 0.00011933333735214546, -0.04375659301877022, 1.0, 0.016333334147930145, -3.1957933970261365e-06, 0.0, 0.0, 1.0172526572205243e-06, -0.016214000061154366, 0.0, 0.0]","[0.0, 0.0, 0.0, 0.638528048992157, 0.0, 0.03284760192036629, 0.3416789770126343, 0.5972456336021423]",-85.18885117035643
20.250000000000153,122.00479888916016,236.83541870117188,12.302530288696289,0.038665771484375,0.82421875,"[0.6301528811454773, 0.8195000290870667, 0.3858742415904999, 0.9639687538146973]","[0.0, 0.0, -3.1957933970261365e-06, 0.00011933333735214546, -0.04375659301877022, 1.0, 0.016333334147930145, -3.1957933970261365e-06, 0.0, 0.0, 1.0172526572205243e-06, -0.016214000061154366, 0.0, 0.0]","[0.0, 0.0, 0.0, 0.638528048992157, 0.0, 0.03284760192036629, 0.3416789770126343, 0.5972456336021423]",-85.02899370885551
20.300000000000153,121.38731384277344,236.867431640625,12.415599822998047,0.016326904296875,0.84375,"[0.6227327585220337, 0.6344000101089478, 0.22981934249401093, 0.78537517786026]","[0.0, 0.0, -3.1957933970261365e-06, 0.00011933333735214546, -0.04375659301877022, 1.0, 0.016333334147930145, -3.1957933970261365e-06, 0.0, 0.0, 1.0172526572205243e-06, -0.016214000061154366, 0.0, 0.0]","[0.0, 0.0, 0.0, 0.638528048992157, 0.0, 0.03284760192036629, 0.3416789770126343, 0.5972456336021423]",-85.12147604442686
20.350000000000154,120.76315307617188,236.89385986328125,12.542550086975098,-0.003387451171875,0.85546875,"[0.6144016981124878, 0.5935999751091003, 0.18959033489227295, 0.9229438900947571]","[0.0, 0.0, -3.1957933970261365e-06, 0.00011933333735214546, -0.04375659301877022, 1.0, 0.016333334147930145, -3.1957933970261365e-06, 0.0, 0.0, 1.0172526572205243e-06, -0.016214000061154366, 0.0, 0.0]","[0.0, 0.0, 0.0, 0.638528048992157, 0.0, 0.03284760192036629, 0.3416789770126343, 0.5972456336021423]",-85.20603563469477
20.400000000000155,120.13223266601562,236.91700744628906,12.6729097366333,-0.018707275390625,0.8671875,"[0.6058469414710999, 0.5519000291824341, 0.1368505358695984, 0.9235945343971252]","[0.0, 0.0, -3.1957933970261365e-06, 0.00011933333735214546, -0.04375659301877022, 1.0, 0.016333334147930145, -3.1957933970261365e-06, 0.0, 0.0, 1.0172526572205243e-06, -0.016214000061154366, 0.0, 0.0]","[0.0, 0.0, 0.0, 0.638528048992157, 0.0, 0.03284760192036629, 0.3416789770126343, 0.5972456336021423]",-85.27705188092145
20.450000000000156,119.49429321289062,236.93890380859375,12.814339637756348,-0.025970458984375,0.87890625,"[0.5965656638145447, 0.5083000063896179, 0.13918152451515198, 0.9372950196266174]","[0.0, 0.0, -3.1957933970261365e-06, 0.00011933333735214546, -0.04375659301877022, 1.0, 0.016333334147930145, -3.1957933970261365e-06, 0.0, 0.0, 1.0172526572205243e-06, -0.016214000061154366, 0.0, 0.0]","[0.0, 0.0, 0.0, 0.638528048992157, 0.0, 0.03284760192036629, 0.3416789770126343, 0.5972456336021423]",-85.0156543166248
20.500000000000156,118.8491439819336,236.9611053466797,12.960309982299805,-0.027557373046875,0.88671875,"[0.5869864225387573, 0.4805999994277954, 0.16430550813674927, 0.9559815526008606]","[0.0, 0.0, -3.1957933970261365e-06, 0.00011933333735214546, -0.04375659301877022, 1.0, 0.016333334147930145, -3.1957933970261365e-06, 0.0, 0.0, 1.0172526572205243e-06, -0.016214000061154366, 0.0, 0.0]","[0.0, 0.0, 0.0, 0.638528048992157, 0.0, 0.03284760192036629, 0.3416789770126343, 0.5972456336021423]",-85.08820604738716
20.550000000000157,118.19657897949219,236.984619140625,13.112580299377441,-0.026763916015625,0.890625,"[0.5769938230514526, 0.4690999984741211, 0.18512174487113953, 0.9599195122718811]","[0.0, 0.0, -3.1957933970261365e-06, 0.00011933333735214546, -0.04375659301877022, 1.0, 0.016333334147930145, -3.1957933970261365e-06, 0.0, 0.0, 1.0172526572205243e-06, -0.016214000061154366, 0.0, 0.0]","[0.0, 0.0, 0.0, 0.638528048992157, 0.0, 0.03284760192036629, 0.3416789770126343, 0.5972456336021423]",-85.16052773079568
20.600000000000158,117.53643035888672,237.0104217529297,13.268289566040039,-0.026702880859375,0.8984375,"[0.5667754411697388, 0.44040000438690186, 0.202263742685318, 0.9622122049331665]","[0.0, 0.0, -3.1957933970261365e-06, 0.00011933333735214546, -0.04375659301877022, 1.0, 0.016333334147930145, -3.1957933970261365e-06, 0.0, 0.0, 1.0172526572205243e-06, -0.016214000061154366, 0.0, 0.0]","[0.0, 0.0, 0.0, 0.638528048992157, 0.0, 0.03284760192036629, 0.3416789770126343, 0.5972456336021423]",-85.18302276313683
20.65000000000016,116.86856079101562,237.03927612304688,13.42743968963623,-0.026702880859375,0.90234375,"[0.5563313364982605, 0.42820000648498535, 0.2161586731672287, 0.964972734451294]","[0.0, 0.0, -3.1957933970261365e-06, 0.00011933333735214546, -0.04375659301877022, 1.0, 0.016333334147930145, -3.1957933970261365e-06, 0.0, 0.0, 1.0172526572205243e-06, -0.016214000061154366, 0.0, 0.0]","[0.0, 0.0, 0.0, 0.638528048992157, 0.0, 0.03284760192036629, 0.3416789770126343, 0.5972456336021423]",-84.74263515123654
20.70000000000016,116.19285583496094,237.07180786132812,13.589349746704102,-0.026702880859375,0.90625,"[0.545706033706665, 0.415800005197525, 0.2260298877954483, 0.968342661857605]","[0.0, 0.0, -3.1957933970261365e-06, 0.00011933333735214546, -0.04375659301877022, 1.0, 0.016333334147930145, -3.1957933970261365e-06, 0.0, 0.0, 1.0172526572205243e-06, -0.016214000061154366, 0.0, 0.0]","[0.0, 0.0, 0.0, 0.638528048992157, 0.0, 0.03284760192036629, 0.3416789770126343, 0.5972456336021423]",-84.72687467325335
20.75000000000016,115.50922393798828,237.1083221435547,13.75370979309082,-0.026123046875,0.91015625,"[0.5349199771881104, 0.40310001373291016, 0.2318149209022522, 0.971887469291687]","[0.0, 0.0, -3.1957933970261365e-06, 0.00011933333735214546, -0.04375659301877022, 1.0, 0.016333334147930145, -3.1957933970261365e-06, 0.0, 0.0, 1.0172526572205243e-06, -0.016214000061154366, 0.0, 0.0]","[0.0, 0.0, 0.0, 0.638528048992157, 0.0, 0.03284760192036629, 0.3416789770126343, 0.5972456336021423]",-84.71530411514719
20.80000000000016,114.81757354736328,237.1490020751953,13.920249938964844,-0.024505615234375,0.91015625,"[0.5239908695220947, 0.40790000557899475, 0.23292042315006256, 0.9746395349502563]","[0.0, 0.0, -3.1957933970261365e-06, 0.00011933333735214546, -0.04375659301877022, 1.0, 0.016333334147930145, -3.1957933970261365e-06, 0.0, 0.0, 1.0172526572205243e-06, -0.016214000061154366, 0.0, 0.0]","[0.0, 0.0, 0.0, 0.638528048992157, 0.0, 0.03284760192036629, 0.3416789770126343, 0.5972456336021423]",-84.71018309590767
20.85000000000016,114.1177978515625,237.19378662109375,14.088459968566895,-0.02154541015625,0.91015625,"[0.5129522085189819, 0.41290000081062317, 0.22891777753829956, 0.9715366959571838]","[0.0, 0.0, -3.1957933970261365e-06, 0.00011933333735214546, -0.04375659301877022, 1.0, 0.016333334147930145, -3.1957933970261365e-06, 0.0, 0.0, 1.0172526572205243e-06, -0.016214000061154366, 0.0, 0.0]","[0.0, 0.0, 0.0, 0.638528048992157, 0.0, 0.03284760192036629, 0.3416789770126343, 0.5972456336021423]",-84.30082840957387
20.900000000000162,113.40982818603516,237.24234008789062,14.258310317993164,-0.0169677734375,0.9140625,"[0.5018059015274048, 0.39980000257492065, 0.2195727527141571, 0.9657862186431885]","[0.0, 0.0, -3.1957933970261365e-06, 0.00011933333735214546, -0.04375659301877022, 1.0, 0.016333334147930145, -3.1957933970261365e-06, 0.0, 0.0, 1.0172526572205243e-06, -0.016214000061154366, 0.0, 0.0]","[0.0, 0.0, 0.0, 0.638528048992157, 0.0, 0.03284760192036629, 0.3416789770126343, 0.5972456336021423]",-84.2670145890451
20.950000000000163,112.69357299804688,237.2942657470703,14.429659843444824,-0.01177978515625,0.9140625,"[0.4905611276626587, 0.40470001101493835, 0.2078615427017212, 0.9631908535957336]","[0.0, 0.0, -3.1957933970261365e-06, 0.00011933333735214546, -0.04375659301877022, 1.0, 0.016333334147930145, -3.1957933970261365e-06, 0.0, 0.0, 1.0172526572205243e-06, -0.016214000061154366, 0.0, 0.0]","[0.0, 0.0, 0.0, 0.638528048992157, 0.0, 0.03284760192036629, 0.3416789770126343, 0.5972456336021423]",-84.68325924189728
