sim_time,x,y,speed,steer,throttle,style_scores,alert_state,alert_raw,alert_score
0.05,234.2699737548828,55.84001922607422,0.9800000190734863,0.00048828125,0.20000000298023224,"[0.6268119812011719, 0.24779999256134033, 0.0, 0.9431596398353577]","[0.0, 0.0, 4.261057711119065e-06, 4.966666892869398e-05, -0.01669049821794033, 1.0, 0.016333334147930145, 4.261057711119065e-06, 0.0, 0.0, -0.9999986290931702, -0.016283666715025902, 0.0, 0.0]","[1.0, 0.0, 0.0, 1.5332669019699097, 0.0, 0.7229748368263245, 0.9763178825378418, 0.6880526542663574]",1.0
0.1,234.2699737548828,55.84001922607422,1.4700000286102295,0.00048828125,0.20000000298023224,"[0.6589679718017578, 0.3716000020503998, 0.0, 0.9659090638160706]","[0.0, 0.0, 4.261057711119065e-06, 4.966666892869398e-05, -0.01669049821794033, 1.0, 0.016333334147930145, 4.261057711119065e-06, 0.0, 0.0, -0.9999986290931702, -0.016283666715025902, 0.0, 0.0]","[1.0, 0.0, 0.0, 1.5332669019699097, 0.0, 0.7229748368263245, 0.9763178825378418, 0.6880526542663574]",1.0
0.15000000000000002,234.2699737548828,55.84001922607422,1.9600000381469727,0.00048828125,0.20000000298023224,"[0.6911239624023438, 0.49549999833106995, 0.0, 0.9659090042114258]","[0.0, 0.0, 4.261057711119065e-06, 4.966666892869398e-05, -0.01669049821794033, 1.0, 0.016333334147930145, 4.261057711119065e-06, 0.0, 0.0, -0.9999986290931702, -0.016283666715025902, 0.0, 0.0]","[1.0, 0.0, 0.0, 1.5332669019699097, 0.0, 0.7229748368263245, 0.9763178825378418, 0.6880526542663574]",1.0
0.2,234.2699737548828,55.84001922607422,1.125920057296753,0.00048828125,0.20000000298023224,"[0.6363878846168518, 0.274399995803833, 0.0, 0.5113636255264282]","[0.0, 0.0, 4.261057711119065e-06, 4.966666892869398e-05, -0.01669049821794033, 1.0, 0.016333334147930145, 4.261057711119065e-06, 0.0, 0.0, -0.9999986290931702, -0.016283666715025902, 0.0, 0.0]","[1.0, 0.0, 0.0, 1.5332669019699097, 0.0, 0.7229748368263245, 0.9763178825378418, 0.6880526542663574]",1.0
0.25,234.2699737548828,55.84001922607422,0.5760599970817566,0.00048828125,0.20000000298023224,"[0.6003036499023438, 0.14470000565052032, 0.0, 0.7075186371803284]","[0.0, 0.0, 4.261057711119065e-06, 4.966666892869398e-05, -0.01669049821794033, 1.0, 0.016333334147930145, 4.261057711119065e-06, 0.0, 0.0, -0.9999986290931702, -0.016283666715025902, 0.0, 0.0]","[1.0, 0.0, 0.0, 1.5332669019699097, 0.0, 0.7229748368263245, 0.9763178825378418, 0.6880526542663574]",0.9771972033273825
0.3,234.2699737548828,55.84001922607422,0.2510800063610077,0.00048828125,0.20000000298023224,"[0.5789769887924194, 0.06459999829530716, 0.0, 0.7614768147468567]","[0.0, 0.0, 4.261057711119065e-06, 4.966666892869398e-05, -0.01669049821794033, 1.0, 0.016333334147930145, 4.261057711119065e-06, 0.0, 0.0, -0.9999986290931702, -0.016283666715025902, 0.0, 0.0]","[1.0, 0.0, 0.0, 1.5332669019699097, 0.0, 0.7229748368263245, 0.9763178825378418, 0.6880526542663574]",0.8886695961913557
0.35,234.2699737548828,55.84001922607422,0.06662999838590622,0.00048828125,0.20000000298023224,"[0.5668725371360779, 0.017400000244379044, 0.0, 0.8470976948738098]","[0.0, 0.0, 4.261057711119065e-06, 4.966666892869398e-05, -0.01669049821794033, 1.0, 0.016333334147930145, 4.261057711119065e-06, 0.0, 0.0, -0.9999986290931702, -0.016283666715025902, 0.0, 0.0]","[1.0, 0.0, 0.0, 1.5332669019699097, 0.0, 0.7229748368263245, 0.9763178825378418, 0.6880526542663574]",0.7733426702296371
0.39999999999999997,234.2699737548828,55.84001922607422,0.031599998474121094,0.00048828125,0.20000000298023224,"[0.5645737648010254, 0.008299999870359898, 0.0, 0.9168357253074646]","[0.0, 0.0, 4.261057711119065e-06, 4.966666892869398e-05, -0.01669049821794033, 1.0, 0.016333334147930145, 4.261057711119065e-06, 0.0, 0.0, -0.9999986290931702, -0.016283666715025902, 0.0, 0.0]","[1.0, 0.0, 0.0, 1.5332669019699097, 0.0, 0.7229748368263245, 0.9763178825378418, 0.6880526542663574]",0.4473781674861792
0.44999999999999996,234.2699737548828,55.84001922607422,0.07818999886512756,0.00048828125,0.3650665283203125,"[0.567631185054779, 0.01640000008046627, 0.0, 0.9467031955718994]","[0.0, 0.0, 4.261057711119065e-06, 4.966666892869398e-05, -0.01669049821794033, 1.0, 0.016333334147930145, 4.261057711119065e-06, 0.0, 0.0, -0.9999986290931702, -0.016283666715025902, 0.0, 0.0]","[1.0, 0.0, 0.0, 1.5332669019699097, 0.0, 0.7229748368263245, 0.9763178825378418, 0.6880526542663574]",0.24415318782290307
0.49999999999999994,234.2699737548828,55.84001922607422,0.09489999711513519,0.00048828125,0.79296875,"[0.5687277317047119, 0.006500000134110451, 0.0, 0.9478340148925781]","[0.0, 0.0, 4.261057711119065e-06, 4.966666892869398e-05, -0.01669049821794033, 1.0, 0.016333334147930145, 4.261057711119065e-06, 0.0, 0.0, -0.9999986290931702, -0.016283666715025902, 0.0, 0.0]","[1.0, 0.0, 0.0, 1.5332669019699097, 0.0, 0.7229748368263245, 0.9763178825378418, 0.6880526542663574]",0.02783972377475985
0.5499999999999999,234.2699737548828,55.84001922607422,0.09520000219345093,0.00048828125,1.0,"[0.5687474608421326, 0.0, 0.0, 0.962306797504425]","[0.0, 0.0, 4.261057711119065e-06, 4.966666892869398e-05, -0.01669049821794033, 1.0, 0.016333334147930145, 4.261057711119065e-06, 0.0, 0.0, -0.9999986290931702, -0.016283666715025902, 0.0, 0.0]","[1.0, 0.0, 0.0, 1.5332669019699097, 0.0, 0.7229748368263245, 0.9763178825378418, 0.6880526542663574]",-0.20973260363482438
0.6,234.2699737548828,55.84001922607422,0.08722999691963196,0.00048828125,1.0,"[0.5682244300842285, 0.0, 0.0, 0.9914026260375977]","[0.0, 0.0, 4.261057711119065e-06, 4.966666892869398e-05, -0.01669049821794033, 1.0, 0.016333334147930145, 4.261057711119065e-06, 0.0, 0.0, -0.9999986290931702, -0.016283666715025902, 0.0, 0.0]","[1.0, 0.0, 0.0, 1.5332669019699097, 0.0, 0.7229748368263245, 0.9763178825378418, 0.6880526542663574]",-0.47732220869044584
0.65,234.2699737548828,55.84001922607422,0.07580000162124634,0.00048828125,1.0,"[0.567474365234375, 0.0, 0.0, 0.9952910542488098]","[0.0, 0.0, 4.261057711119065e-06, 4.966666892869398e-05, -0.01669049821794033, 1.0, 0.016333334147930145, 4.261057711119065e-06, 0.0, 0.0, -0.9999986290931702, -0.016283666715025902, 0.0, 0.0]","[1.0, 0.0, 0.0, 1.5332669019699097, 0.0, 0.7229748368263245, 0.9763178825378418, 0.6880526542663574]",-1.0410849449515678
0.7000000000000001,234.2699737548828,55.84001922607422,0.0636100023984909,0.00048828125,1.0,"[0.5666743516921997, 0.0, 0.0, 0.9976430535316467]","[0.0, 0.0, 4.261057711119065e-06, 4.966666892869398e-05, -0.01669049821794033, 1.0, 0.016333334147930145, 4.261057711119065e-06, 0.0, 0.0, -0.9999986290931702, -0.016283666715025902, 0.0, 0.0]","[1.0, 0.0, 0.0, 1.5332669019699097, 0.0, 0.7229748368263245, 0.9763178825378418, 0.6880526542663574]",-1.3589581658704226
0.7500000000000001,234.2699737548828,55.84001922607422,0.052060000598430634,-0.01409912109375,1.0,"[0.5659164190292358, 0.0, 0.0, 0.9971668720245361]","[0.0, 0.0, 4.261057711119065e-06, 4.966666892869398e-05, -0.01669049821794033, 1.0, 0.016333334147930145, 4.261057711119065e-06, 0.0, 0.0, -0.9999986290931702, -0.016283666715025902, 0.0, 0.0]","[1.0, 0.0, 0.0, 1.5332669019699097, 0.0, 0.7229748368263245, 0.9763178825378418, 0.6880526542663574]",-1.6845889195599475
0.8000000000000002,234.2699737548828,55.84001922607422,0.041839998215436935,-0.014984130859375,1.0,"[0.5652457475662231, 0.0, 0.0, 0.997373104095459]","[0.0, 0.0, 4.261057711119065e-06, 4.966666892869398e-05, -0.01669049821794033, 1.0, 0.016333334147930145, 4.261057711119065e-06, 0.0, 0.0, -0.9999986290931702, -0.016283666715025902, 0.0, 0.0]","[1.0, 0.0, 0.0, 1.5332669019699097, 0.0, 0.7229748368263245, 0.9763178825378418, 0.6880526542663574]",-2.365512924075516
0.8500000000000002,234.2605438232422,55.84010696411133,0.3568800091743469,-0.01495361328125,1.0,"[0.5859200954437256, 0.0, 0.3150615096092224, 0.5745660662651062]","[0.0, 0.0, 4.261057711119065e-06, 4.966666892869398e-05, -0.01669049821794033, 1.0, 0.016333334147930145, 4.261057711119065e-06, 0.0, 0.0, -0.9999986290931702, -0.016283666715025902, 0.0, 0.0]","[1.0, 0.0, 0.0, 1.5332669019699097, 0.0, 0.7229748368263245, 0.9763178825378418, 0.6880526542663574]",-2.719811964180169
0.9000000000000002,234.22952270507812,55.84040451049805,0.7304999828338623,-0.014739990234375,1.0,"[0.6104386448860168, 0.0, 0.3318122923374176, 0.9411391019821167]","[0.0, 0.0, 4.261057711119065e-06, 4.966666892869398e-05, -0.01669049821794033, 1.0, 0.016333334147930145, 4.261057711119065e-06, 0.0, 0.0, -0.9999986290931702, -0.016283666715025902, 0.0, 0.0]","[1.0, 0.0, 0.0, 1.5332669019699097, 0.0, 0.7229748368263245, 0.9763178825378418, 0.6880526542663574]",-3.0583301493064505
0.9500000000000003,234.18466186523438,55.84061813354492,0.981469988822937,-0.014556884765625,1.0,"[0.6269084811210632, 0.0, 0.22619076073169708, 0.81728595495224]","[0.0, 0.0, 4.261057711119065e-06, 4.966666892869398e-05, -0.01669049821794033, 1.0, 0.016333334147930145, 4.261057711119065e-06, 0.0, 0.0, -0.9999986290931702, -0.016283666715025902, 0.0, 0.0]","[1.0, 0.0, 0.0, 1.5332669019699097, 0.0, 0.7229748368263245, 0.9763178825378418, 0.6880526542663574]",-3.3905018695078892
1.0000000000000002,234.12594604492188,55.84105682373047,1.255210041999817,-0.014556884765625,1.0,"[0.6448724865913391, 0.0, 0.24680525064468384, 0.9362731575965881]","[0.0, 0.0, 4.261057711119065e-06, 4.966666892869398e-05, -0.01669049821794033, 1.0, 0.016333334147930145, 4.261057711119065e-06, 0.0, 0.0, -0.9999986290931702, -0.016283666715025902, 0.0, 0.0]","[1.0, 0.0, 0.0, 1.5332669019699097, 0.0, 0.7229748368263245, 0.9763178825378418, 0.6880526542663574]",-3.716857885797949
1.0500000000000003,234.05406188964844,55.84166717529297,1.516319990158081,-0.014556884765625,1.0,"[0.6620076894760132, 0.0, 0.23486286401748657, 0.9489240646362305]","[0.0, 0.0, 4.261057711119065e-06, 4.966666892869398e-05, -0.01669049821794033, 1.0, 0.016333334147930145, 4.261057711119065e-06, 0.0, 0.0, -0.9999986290931702, -0.016283666715025902, 0.0, 0.0]","[1.0, 0.0, 0.0, 1.5332669019699097, 0.0, 0.7229748368263245, 0.9763178825378418, 0.6880526542663574]",-4.436434105479767
1.1000000000000003,233.9729766845703,55.842498779296875,1.7316499948501587,-0.014556884765625,1.0,"[0.6761386394500732, 0.0, 0.19262725114822388, 0.9158430099487305]","[0.0, 0.0, 4.261057711119065e-06, 4.966666892869398e-05, -0.01669049821794033, 1.0, 0.016333334147930145, 4.261057711119065e-06, 0.0, 0.0, -0.9999986290931702, -0.016283666715025902, 0.0, 0.0]","[1.0, 0.0, 0.0, 1.5332669019699097, 0.0, 0.7229748368263245, 0.9763178825378418, 0.6880526542663574]",-4.764231609304935
1.1500000000000004,233.8807830810547,55.84346389770508,1.922320008277893,-0.014556884765625,1.0,"[0.6886512041091919, 0.0, 0.1709032952785492, 0.9443087577819824]","[0.0, 0.0, 4.261057711119065e-06, 4.966666892869398e-05, -0.01669049821794033, 1.0, 0.016333334147930145, 4.261057711119065e-06, 0.0, 0.0, -0.9999986290931702, -0.016283666715025902, 0.0, 0.0]","[1.0, 0.0, 0.0, 1.5332669019699097, 0.0, 0.7229748368263245, 0.9763178825378418, 0.6880526542663574]",-5.092917308024548
1.2000000000000004,233.7768096923828,55.84457778930664,2.193589925765991,-0.014556884765625,1.0,"[0.7064532041549683, 0.0, 0.24460306763648987, 0.8693086504936218]","[0.0, 0.0, 4.261057711119065e-06, 4.966666892869398e-05, -0.01669049821794033, 1.0, 0.016333334147930145, 4.261057711119065e-06, 0.0, 0.0, -0.9999986290931702, -0.016283666715025902, 0.0, 0.0]","[1.0, 0.0, 0.0, 1.5332669019699097, 0.0, 0.7229748368263245, 0.9763178825378418, 0.6880526542663574]",-5.420045826023328
1.2500000000000004,233.65773010253906,55.8459358215332,2.498379945755005,-0.014556884765625,1.0,"[0.7264548540115356, 0.0, 0.2734413146972656, 0.9258366823196411]","[0.0, 0.0, 4.261057711119065e-06, 4.966666892869398e-05, -0.01669049821794033, 1.0, 0.016333334147930145, 4.261057711119065e-06, 0.0, 0.0, -0.9999986290931702, -0.016283666715025902, 0.0, 0.0]","[1.0, 0.0, 0.0, 1.5332669019699097, 0.0, 0.7229748368263245, 0.9763178825378418, 0.6880526542663574]",-6.208963367296393
1.3000000000000005,233.5222930908203,55.84757995605469,2.840409994125366,-0.014556884765625,1.0,"[0.7489004135131836, 0.0, 0.3074144721031189, 0.9218432903289795]","[0.0, 0.0, 4.261057711119065e-06, 4.966666892869398e-05, -0.01669049821794033, 1.0, 0.016333334147930145, 4.261057711119065e-06, 0.0, 0.0, -0.9999986290931702, -0.016283666715025902, 0.0, 0.0]","[1.0, 0.0, 0.0, 1.5332669019699097, 0.0, 0.7229748368263245, 0.9763178825378418, 0.6880526542663574]",-6.552473005266208
1.3500000000000005,233.36851501464844,55.84956359863281,3.22694993019104,-0.014556884765625,1.0,"[0.7742668986320496, 0.0, 0.3469037711620331, 0.9131068587303162]","[0.0, 0.0, 4.261057711119065e-06, 4.966666892869398e-05, -0.01669049821794033, 1.0, 0.016333334147930145, 4.261057711119065e-06, 0.0, 0.0, -0.9999986290931702, -0.016283666715025902, 0.0, 0.0]","[1.0, 0.0, 0.0, 1.5332669019699097, 0.0, 0.7229748368263245, 0.9763178825378418, 0.6880526542663574]",-6.895105416903018
1.4000000000000006,233.19503784179688,55.85193634033203,3.609760046005249,-0.0145263671875,1.0,"[0.7993886470794678, 0.0, 0.3444303274154663, 0.9610815048217773]","[0.0, 0.0, 4.261057711119065e-06, 4.966666892869398e-05, -0.01669049821794033, 1.0, 0.016333334147930145, 4.261057711119065e-06, 0.0, 0.0, -0.9999986290931702, -0.016283666715025902, 0.0, 0.0]","[1.0, 0.0, 0.0, 1.5332669019699097, 0.0, 0.7229748368263245, 0.9763178825378418, 0.6880526542663574]",-7.232529582490482
1.4500000000000006,233.00335693359375,55.85470962524414,3.9683101177215576,-0.01409912109375,1.0,"[0.8229182958602905, 0.0, 0.3229670524597168, 0.9370282292366028]","[0.0, 0.0, 4.261057711119065e-06, 4.966666892869398e-05, -0.01669049821794033, 1.0, 0.016333334147930145, 4.261057711119065e-06, 0.0, 0.0, -0.9999986290931702, -0.016283666715025902, 0.0, 0.0]","[1.0, 0.0, 0.0, 1.5332669019699097, 0.0, 0.7229748368263245, 0.9763178825378418, 0.6880526542663574]",-8.029854832906036
1.5000000000000007,232.79412841796875,55.85785675048828,4.318399906158447,-0.013092041015625,1.0,"[0.8458927273750305, 0.0, 0.3147362470626831, 0.9558019042015076]","[0.0, 0.0, 4.261057711119065e-06, 4.966666892869398e-05, -0.01669049821794033, 1.0, 0.016333334147930145, 4.261057711119065e-06, 0.0, 0.0, -0.9999986290931702, -0.016283666715025902, 0.0, 0.0]","[1.0, 0.0, 0.0, 1.5332669019699097, 0.0, 0.7229748368263245, 0.9763178825378418, 0.6880526542663574]",-8.368397194522132
1.5500000000000007,232.56756591796875,55.86134719848633,4.666679859161377,-0.011749267578125,1.0,"[0.8687484264373779, 0.0, 0.3122531473636627, 0.9635640382766724]","[0.0, 0.0, 4.261057711119065e-06, 4.966666892869398e-05, -0.01669049821794033, 1.0, 0.016333334147930145, 4.261057711119065e-06, 0.0, 0.0, -0.9999986290931702, -0.016283666715025902, 0.0, 0.0]","[1.0, 0.0, 0.0, 1.5332669019699097, 0.0, 0.7229748368263245, 0.9763178825378418, 0.6880526542663574]",-8.667235531801524
1.6000000000000008,232.3236083984375,55.86518478393555,5.016689777374268,-0.010101318359375,1.0,"[0.8917176723480225, 0.0, 0.312587708234787, 0.9634237289428711]","[0.0, 0.0, 4.261057711119065e-06, 4.966666892869398e-05, -0.01669049821794033, 1.0, 0.016333334147930145, 4.261057711119065e-06, 0.0, 0.0, -0.9999986290931702, -0.016283666715025902, 0.0, 0.0]","[1.0, 0.0, 0.0, 1.5332669019699097, 0.0, 0.7229748368263245, 0.9763178825378418, 0.6880526542663574]",-8.838555062388963
1.6500000000000008,232.06207275390625,55.86932373046875,5.37060022354126,-0.008544921875,1.0,"[0.9149428606033325, 0.0, 0.3149859309196472, 0.9600428938865662]","[0.0, 0.0, 4.261057711119065e-06, 4.966666892869398e-05, -0.01669049821794033, 1.0, 0.016333334147930145, 4.261057711119065e-06, 0.0, 0.0, -0.9999986290931702, -0.016283666715025902, 0.0, 0.0]","[1.0, 0.0, 0.0, 1.5332669019699097, 0.0, 0.7229748368263245, 0.9763178825378418, 0.6880526542663574]",-8.75538073463468
1.7000000000000008,231.7831573486328,55.873748779296875,5.698689937591553,-0.00732421875,1.0,"[0.936473548412323, 0.0, 0.2960272431373596, 0.9307198524475098]","[0.0, 0.0, 4.261057711119065e-06, 4.966666892869398e-05, -0.01669049821794033, 1.0, 0.016333334147930145, 4.261057711119065e-06, 0.0, 0.0, -0.9999986290931702, -0.016283666715025902, 0.0, 0.0]","[1.0, 0.0, 0.0, 1.5332669019699097, 0.0, 0.7229748368263245, 0.9763178825378418, 0.6880526542663574]",-8.640049151807975
1.7500000000000009,231.49859619140625,55.87852478027344,5.700459957122803,-0.007110595703125,1.0,"[0.9365897178649902, 0.0, 0.009605714119970798, 0.6220051050186157]","[0.0, 0.0, 4.261057711119065e-06, 4.966666892869398e-05, -0.01669049821794033, 1.0, 0.016333334147930145, 4.261057711119065e-06, 0.0, 0.0, -0.9999986290931702, -0.016283666715025902, 0.0, 0.0]","[1.0, 0.0, 0.0, 1.5332669019699097, 0.0, 0.7229748368263245, 0.9763178825378418, 0.6880526542663574]",-8.520410172294202
1.800000000000001,231.21458435058594,55.883235931396484,5.698659896850586,-0.007171630859375,1.0,"[0.9364715814590454, 0.0, 0.013680615462362766, 0.9791870713233948]","[0.0, 0.0, 4.261057711119065e-06, 4.966666892869398e-05, -0.01669049821794033, 1.0, 0.016333334147930145, 4.261057711119065e-06, 0.0, 0.0, -0.9999986290931702, -0.016283666715025902, 0.0, 0.0]","[1.0, 0.0, 0.0, 1.5332669019699097, 0.0, 0.7229748368263245, 0.9763178825378418, 0.6880526542663574]",-8.575083385612412
1.850000000000001,230.93048095703125,55.88833999633789,5.720479965209961,-0.00732421875,1.0,"[0.9379035234451294, 0.0, 0.023473404347896576, 0.9535977840423584]","[0.0, 0.0, 4.261057711119065e-06, 4.966666892869398e-05, -0.01669049821794033, 1.0, 0.016333334147930145, 4.261057711119065e-06, 0.0, 0.0, -0.9999986290931702, -0.016283666715025902, 0.0, 0.0]","[1.0, 0.0, 0.0, 1.5332669019699097, 0.0, 0.7229748368263245, 0.9763178825378418, 0.6880526542663574]",-8.457848748616499
1.900000000000001,230.625732421875,55.894012451171875,6.296780109405518,-0.007354736328125,1.0,"[0.9757229089736938, 0.0, 0.4914465844631195, 0.43409860134124756]","[0.0, 0.0, 4.261057711119065e-06, 4.966666892869398e-05, -0.01669049821794033, 1.0, 0.016333334147930145, 4.261057711119065e-06, 0.0, 0.0, -0.9999986290931702, -0.016283666715025902, 0.0, 0.0]","[1.0, 0.0, 0.0, 1.5332669019699097, 0.0, 0.7229748368263245, 0.9763178825378418, 0.6880526542663574]",-8.338766300407093
1.950000000000001,230.2938690185547,55.90027618408203,6.806369781494141,-0.00738525390625,1.0,"[0.9908355474472046, 0.0, 0.452989399433136, 0.8833229541778564]","[0.0, 0.0, 4.261057711119065e-06, 4.966666892869398e-05, -0.01669049821794033, 1.0, 0.016333334147930145, 4.261057711119065e-06, 0.0, 0.0, -0.9999986290931702, -0.016283666715025902, 0.0, 0.0]","[1.0, 0.0, 0.0, 1.5332669019699097, 0.0, 0.7229748368263245, 0.9763178825378418, 0.6880526542663574]",-8.215054529119314
2.000000000000001,229.93858337402344,55.907142639160156,7.2613301277160645,-0.00750732421875,1.0,"[0.9609789848327637, 0.0, 0.4105006456375122, 0.8955687284469604]","[0.0, 0.0, 4.261057711119065e-06, 4.966666892869398e-05, -0.01669049821794033, 1.0, 0.016333334147930145, 4.261057711119065e-06, 0.0, 0.0, -0.9999986290931702, -0.016283666715025902, 0.0, 0.0]","[1.0, 0.0, 0.0, 1.5332669019699097, 0.0, 0.7229748368263245, 0.9763178825378418, 0.6880526542663574]",-8.3020676875751
2.0500000000000007,229.5623779296875,55.914794921875,7.6726298332214355,-0.00750732421875,1.0,"[0.9339876770973206, 0.0, 0.3693252503871918, 0.9078161716461182]","[0.0, 0.0, 4.261057711119065e-06, 4.966666892869398e-05, -0.01669049821794033, 1.0, 0.016333334147930145, 4.261057711119065e-06, 0.0, 0.0, -0.9999986290931702, -0.016283666715025902, 0.0, 0.0]","[1.0, 0.0, 0.0, 1.5332669019699097, 0.0, 0.7229748368263245, 0.9763178825378418, 0.6880526542663574]",-8.175050855050658
2.1000000000000005,229.1679229736328,55.92305374145508,8.01416015625,-0.00750732421875,1.0,"[0.9115749597549438, 0.0, 0.3139626383781433, 0.8749369978904724]","[0.0, 0.0, 4.261057711119065e-06, 4.966666892869398e-05, -0.01669049821794033, 1.0, 0.016333334147930145, 4.261057711119065e-06, 0.0, 0.0, -0.9999986290931702, -0.016283666715025902, 0.0, 0.0]","[1.0, 0.0, 0.0, 1.5332669019699097, 0.0, 0.7229748368263245, 0.9763178825378418, 0.6880526542663574]",-8.04110209631219
2.1500000000000004,228.7566680908203,55.93216323852539,8.370949745178223,-0.00750732421875,1.0,"[0.8881608247756958, 0.0, 0.32264307141304016, 0.9390575289726257]","[0.0, 0.0, 4.261057711119065e-06, 4.966666892869398e-05, -0.01669049821794033, 1.0, 0.016333334147930145, 4.261057711119065e-06, 0.0, 0.0, -0.9999986290931702, -0.016283666715025902, 0.0, 0.0]","[1.0, 0.0, 0.0, 1.5332669019699097, 0.0, 0.7229748368263245, 0.9763178825378418, 0.6880526542663574]",-7.905416008499802
2.2,228.32635498046875,55.942020416259766,8.767640113830566,-0.00750732421875,1.0,"[0.8621281981468201, 0.0, 0.3628276586532593, 0.9116076827049255]","[0.0, 0.0, 4.261057711119065e-06, 4.966666892869398e-05, -0.01669049821794033, 1.0, 0.016333334147930145, 4.261057711119065e-06, 0.0, 0.0, -0.9999986290931702, -0.016283666715025902, 0.0, 0.0]","[1.0, 0.0, 0.0, 1.5332669019699097, 0.0, 0.7229748368263245, 0.9763178825378418, 0.6880526542663574]",-8.04776054376896
2.25,227.87503051757812,55.95292282104492,9.19771957397461,-0.00750732421875,1.0,"[0.833904504776001, 0.0, 0.3891564905643463, 0.9217697381973267]","[0.0, 0.0, 4.261057711119065e-06, 4.966666892869398e-05, -0.01669049821794033, 1.0, 0.016333334147930145, 4.261057711119065e-06, 0.0, 0.0, -0.9999986290931702, -0.016283666715025902, 0.0, 0.0]","[1.0, 0.0, 0.0, 1.5332669019699097, 0.0, 0.7229748368263245, 0.9763178825378418, 0.6880526542663574]",-7.898936887558859
2.3,227.41921997070312,55.96433639526367,9.092280387878418,-0.00750732421875,1.0,"[0.8408238887786865, 0.0, 0.01267947256565094, 0.45846012234687805]","[0.0, 0.0, 4.261057711119065e-06, 4.966666892869398e-05, -0.01669049821794033, 1.0, 0.016333334147930145, 4.261057711119065e-06, 0.0, 0.0, -0.9999986290931702, -0.016283666715025902, 0.0, 0.0]","[1.0, 0.0, 0.0, 1.5332669019699097, 0.0, 0.7229748368263245, 0.9763178825378418, 0.6880526542663574]",-7.75871094391559
2.3499999999999996,226.96324157714844,55.97630310058594,9.172140121459961,-0.00750732421875,1.0,"[0.8355830907821655, 0.0, 0.04654505103826523, 0.7643861174583435]","[0.0, 0.0, 4.261057711119065e-06, 4.966666892869398e-05, -0.01669049821794033, 1.0, 0.016333334147930145, 4.261057711119065e-06, 0.0, 0.0, -0.9999986290931702, -0.016283666715025902, 0.0, 0.0]","[1.0, 0.0, 0.0, 1.5332669019699097, 0.0, 0.7229748368263245, 0.9763178825378418, 0.6880526542663574]",-7.625784860306725
2.3999999999999995,226.49618530273438,55.989036560058594,9.598950386047363,-0.00738525390625,1.0,"[0.8075739145278931, 0.0, 0.3888114094734192, 0.5791714787483215]","[0.0, 0.0, 4.261057711119065e-06, 4.966666892869398e-05, -0.01669049821794033, 1.0, 0.016333334147930145, 4.261057711119065e-06, 0.0, 0.0, -0.9999986290931702, -0.016283666715025902, 0.0, 0.0]","[1.0, 0.0, 0.0, 1.5332669019699097, 0.0, 0.7229748368263245, 0.9763178825378418, 0.6880526542663574]",-7.825901512131503
2.4499999999999993,226.00064086914062,56.00318908691406,10.097379684448242,-0.00732421875,1.0,"[0.7748647332191467, 0.0, 0.45264875888824463, 0.8811704516410828]","[0.0, 0.0, 4.261057711119065e-06, 4.966666892869398e-05, -0.01669049821794033, 1.0, 0.016333334147930145, 4.261057711119065e-06, 0.0, 0.0, -0.9999986290931702, -0.016283666715025902, 0.0, 0.0]","[1.0, 0.0, 0.0, 1.5332669019699097, 0.0, 0.7229748368263245, 0.9763178825378418, 0.6880526542663574]",-7.67735333700098
2.499999999999999,225.48252868652344,56.018577575683594,10.520099639892578,-0.007110595703125,1.0,"[0.7471239566802979, 0.0, 0.3861885964870453, 0.8762673139572144]","[0.0, 0.0, 4.261057711119065e-06, 4.966666892869398e-05, -0.01669049821794033, 1.0, 0.016333334147930145, 4.261057711119065e-06, 0.0, 0.0, -0.9999986290931702, -0.016283666715025902, 0.0, 0.0]","[1.0, 0.0, 0.0, 1.5332669019699097, 0.0, 0.7229748368263245, 0.9763178825378418, 0.6880526542663574]",-7.512653947802544
2.549999999999999,224.94509887695312,56.03509521484375,10.89208984375,-0.006195068359375,1.0,"[0.7227122783660889, 0.0, 0.339959979057312, 0.9057381749153137]","[0.0, 0.0, 4.261057711119065e-06, 4.966666892869398e-05, -0.01669049821794033, 1.0, 0.016333334147930145, 4.261057711119065e-06, 0.0, 0.0, -0.9999986290931702, -0.016283666715025902, 0.0, 0.0]","[1.0, 0.0, 0.0, 1.5332669019699097, 0.0, 0.7229748368263245, 0.9763178825378418, 0.6880526542663574]",-7.349439666962086
2.5999999999999988,224.39031982421875,56.05256271362305,11.22976016998291,-0.00433349609375,1.0,"[0.7005528807640076, 0.0, 0.3058149516582489, 0.924521803855896]","[0.0, 0.0, 4.261057711119065e-06, 4.966666892869398e-05, -0.01669049821794033, 1.0, 0.016333334147930145, 4.261057711119065e-06, 0.0, 0.0, -0.9999986290931702, -0.016283666715025902, 0.0, 0.0]","[1.0, 0.0, 0.0, 1.5332669019699097, 0.0, 0.7229748368263245, 0.9763178825378418, 0.6880526542663574]",-7.595271956892217
2.6499999999999986,223.81961059570312,56.07063293457031,11.54446029663086,-0.000823974609375,1.0,"[0.6799008250236511, 0.0, 0.27918505668640137, 0.936173141002655]","[0.0, 0.0, 4.261057711119065e-06, 4.966666892869398e-05, -0.01669049821794033, 1.0, 0.016333334147930145, 4.261057711119065e-06, 0.0, 0.0, -0.9999986290931702, -0.016283666715025902, 0.0, 0.0]","[1.0, 0.0, 0.0, 1.5332669019699097, 0.0, 0.7229748368263245, 0.9763178825378418, 0.6880526542663574]",-7.455980397863037
2.6999999999999984,223.23370361328125,56.08900833129883,11.843950271606445,0.002288818359375,1.0,"[0.6602469682693481, 0.0, 0.26939693093299866, 0.945343554019928]","[0.0, 0.0, 4.261057711119065e-06, 4.966666892869398e-05, -0.01669049821794033, 1.0, 0.016333334147930145, 4.261057711119065e-06, 0.0, 0.0, -0.9999986290931702, -0.016283666715025902, 0.0, 0.0]","[1.0, 0.0, 0.0, 1.5332669019699097, 0.0, 0.7229748368263245, 0.9763178825378418, 0.6880526542663574]",-7.326387337176092
2.7499999999999982,222.6332244873047,56.10756301879883,12.133589744567871,0.00384521484375,1.0,"[0.6412395238876343, 0.0, 0.26304659247398376, 0.9528307318687439]","[0.0, 0.0, 4.261057711119065e-06, 4.966666892869398e-05, -0.01669049821794033, 1.0, 0.016333334147930145, 4.261057711119065e-06, 0.0, 0.0, -0.9999986290931702, -0.016283666715025902, 0.0, 0.0]","[1.0, 0.0, 0.0, 1.5332669019699097, 0.0, 0.7229748368263245, 0.9763178825378418, 0.6880526542663574]",-7.205114931091531
2.799999999999998,222.0184326171875,56.12626647949219,12.417010307312012,0.00390625,1.0,"[0.6226401925086975, 0.0, 0.25723472237586975, 0.9578524231910706]","[0.0, 0.0, 4.261057711119065e-06, 4.966666892869398e-05, -0.01669049821794033, 1.0, 0.016333334147930145, 4.261057711119065e-06, 0.0, 0.0, -0.9999986290931702, -0.016283666715025902, 0.0, 0.0]","[1.0, 0.0, 0.0, 1.5332669019699097, 0.0, 0.7229748368263245, 0.9763178825378418, 0.6880526542663574]",-7.609254190340815
2.849999999999998,221.38961791992188,56.14508056640625,12.696700096130371,0.003875732421875,1.0,"[0.604285717010498, 0.0, 0.25463780760765076, 0.9611002802848816]","[0.0, 0.0, 4.261057711119065e-06, 4.966666892869398e-05, -0.01669049821794033, 1.0, 0.016333334147930145, 4.261057711119065e-06, 0.0, 0.0, -0.9999986290931702, -0.016283666715025902, 0.0, 0.0]","[1.0, 0.0, 0.0, 1.5332669019699097, 0.0, 0.7229748368263245, 0.9763178825378418, 0.6880526542663574]",-7.484146802497056
2.8999999999999977,220.7468719482422,56.16392135620117,12.974340438842773,0.003936767578125,1.0,"[0.5860657095909119, 0.0, 0.2540523111820221, 0.9628994464874268]","[0.0, 0.0, 4.261057711119065e-06, 4.966666892869398e-05, -0.01669049821794033, 1.0, 0.016333334147930145, 4.261057711119065e-06, 0.0, 0.0, -0.9999986290931702, -0.016283666715025902, 0.0, 0.0]","[1.0, 0.0, 0.0, 1.5332669019699097, 0.0, 0.7229748368263245, 0.9763178825378418, 0.6880526542663574]",-7.377186992809506
2.9499999999999975,220.0902557373047,56.18268966674805,13.251090049743652,0.004150390625,1.0,"[0.5679041147232056, 0.0, 0.254833847284317, 0.9636367559432983]","[0.0, 0.0, 4.261057711119065e-06, 4.966666892869398e-05, -0.01669049821794033, 1.0, 0.016333334147930145, 4.261057711119065e-06, 0.0, 0.0, -0.9999986290931702, -0.016283666715025902, 0.0, 0.0]","[1.0, 0.0, 0.0, 1.5332669019699097, 0.0, 0.7229748368263245, 0.9763178825378418, 0.6880526542663574]",-7.304642384699356
2.9999999999999973,219.4197540283203,56.20127487182617,13.527759552001953,0.004669189453125,1.0,"[0.5497478246688843, 0.0, 0.25704437494277954, 0.9632515907287598]","[0.0, 0.0, 4.261057711119065e-06, 4.966666892869398e-05, -0.01669049821794033, 1.0, 0.016333334147930145, 4.261057711119065e-06, 0.0, 0.0, -0.9999986290931702, -0.016283666715025902, 0.0, 0.0]","[1.0, 0.0, 0.0, 1.5332669019699097, 0.0, 0.7229748368263245, 0.9763178825378418, 0.6880526542663574]",-7.7986143056838575
3.049999999999997,218.7425079345703,56.2193489074707,13.577710151672363,0.00543212890625,1.0,"[0.5464698672294617, 0.0, 0.060263294726610184, 0.7248440384864807]","[0.0, 0.0, 4.261057711119065e-06, 4.966666892869398e-05, -0.01669049821794033, 1.0, 0.016333334147930145, 4.261057711119065e-06, 0.0, 0.0, -0.9999986290931702, -0.016283666715025902, 0.0, 0.0]","[1.0, 0.0, 0.0, 1.5332669019699097, 0.0, 0.7229748368263245, 0.9763178825378418, 0.6880526542663574]",-7.6940278846613275
3.099999999999997,218.06646728515625,56.23656463623047,13.520429611206055,0.00628662109375,1.0,"[0.5502288937568665, 0.0, 0.050590503960847855, 0.8649157881736755]","[0.0, 0.0, 4.261057711119065e-06, 4.966666892869398e-05, -0.01669049821794033, 1.0, 0.016333334147930145, 4.261057711119065e-06, 0.0, 0.0, -0.9999986290931702, -0.016283666715025902, 0.0, 0.0]","[1.0, 0.0, 0.0, 1.5332669019699097, 0.0, 0.7229748368263245, 0.9763178825378418, 0.6880526542663574]",-7.584555075541502
3.149999999999997,217.38540649414062,56.25297546386719,13.76576042175293,0.007080078125,1.0,"[0.5341291427612305, 0.0, 0.18441186845302582, 0.6226667761802673]","[0.0, 0.0, 4.261057711119065e-06, 4.966666892869398e-05, -0.01669049821794033, 1.0, 0.016333334147930145, 4.261057711119065e-06, 0.0, 0.0, -0.9999986290931702, -0.016283666715025902, 0.0, 0.0]","[1.0, 0.0, 0.0, 1.5332669019699097, 0.0, 0.7229748368263245, 0.9763178825378418, 0.6880526542663574]",-7.465275737806403
3.1999999999999966,216.68804931640625,56.26869201660156,14.069860458374023,0.0079345703125,1.0,"[0.5141727924346924, 0.0, 0.2924703061580658, 0.8957824110984802]","[0.0, 0.0, 4.261057711119065e-06, 4.966666892869398e-05, -0.01669049821794033, 1.0, 0.016333334147930145, 4.261057711119065e-06, 0.0, 0.0, -0.9999986290931702, -0.016283666715025902, 0.0, 0.0]","[1.0, 0.0, 0.0, 1.5332669019699097, 0.0, 0.7229748368263245, 0.9763178825378418, 0.6880526542663574]",-8.015448663266858
3.2499999999999964,215.97621154785156,56.28348922729492,14.344470024108887,0.0086669921875,1.0,"[0.4961516857147217, 0.0, 0.2694237232208252, 0.9302895069122314]","[0.0, 0.0, 4.261057711119065e-06, 4.966666892869398e-05, -0.01669049821794033, 1.0, 0.016333334147930145, 4.261057711119065e-06, 0.0, 0.0, -0.9999986290931702, -0.016283666715025902, 0.0, 0.0]","[1.0, 0.0, 0.0, 1.5332669019699097, 0.0, 0.7229748368263245, 0.9763178825378418, 0.6880526542663574]",-7.6999614843037385
3.2999999999999963,215.2512664794922,56.2972412109375,14.59850025177002,0.008941650390625,1.0,"[0.479481041431427, 0.0, 0.2530698776245117, 0.9410146474838257]","[0.0, 0.0, 4.261057711119065e-06, 4.966666892869398e-05, -0.01669049821794033, 1.0, 0.016333334147930145, 4.261057711119065e-06, 0.0, 0.0, -0.9999986290931702, -0.016283666715025902, 0.0, 0.0]","[1.0, 0.0, 0.0, 1.5332669019699097, 0.0, 0.7229748368263245, 0.9763178825378418, 0.6880526542663574]",-7.2076982571708434
3.349999999999996,214.5141143798828,56.30979537963867,14.838789939880371,0.009124755859375,1.0,"[0.463712215423584, 0.0, 0.24278898537158966, 0.9504621028900146]","[0.0, 0.0, 4.261057711119065e-06, 4.966666892869398e-05, -0.01669049821794033, 1.0, 0.016333334147930145, 4.261057711119065e-06, 0.0, 0.0, -0.9999986290931702, -0.016283666715025902, 0.0, 0.0]","[1.0, 0.0, 0.0, 1.5332669019699097, 0.0, 0.7229748368263245, 0.9763178825378418, 0.6880526542663574]",-6.714346409480974
3.399999999999996,213.76524353027344,56.321014404296875,15.06995964050293,0.00946044921875,1.0,"[0.4485417604446411, 0.0, 0.23712176084518433, 0.9569146633148193]","[0.0, 0.0, 4.261057711119065e-06, 4.966666892869398e-05, -0.01669049821794033, 1.0, 0.016333334147930145, 4.261057711119065e-06, 0.0, 0.0, -0.9999986290931702, -0.016283666715025902, 0.0, 0.0]","[1.0, 0.0, 0.0, 1.5332669019699097, 0.0, 0.7229748368263245, 0.9763178825378418, 0.6880526542663574]",-6.5241908843152805
3.4499999999999957,213.00502014160156,56.33076858520508,15.295149803161621,0.00970458984375,1.0,"[0.43376386165618896, 0.0, 0.23386327922344208, 0.961419939994812]","[0.0, 0.0, 4.261057711119065e-06, 4.966666892869398e-05, -0.01669049821794033, 1.0, 0.016333334147930145, 4.261057711119065e-06, 0.0, 0.0, -0.9999986290931702, -0.016283666715025902, 0.0, 0.0]","[1.0, 0.0, 0.0, 1.5332669019699097, 0.0, 0.7229748368263245, 0.9763178825378418, 0.6880526542663574]",-6.075376587006665
3.4999999999999956,212.2336883544922,56.33894729614258,15.516510009765625,0.00970458984375,1.0,"[0.4192371368408203, 0.0, 0.2317512035369873, 0.964677095413208]","[0.0, 0.0, 4.261057711119065e-06, 4.966666892869398e-05, -0.01669049821794033, 1.0, 0.016333334147930145, 4.261057711119065e-06, 0.0, 0.0, -0.9999986290931702, -0.016283666715025902, 0.0, 0.0]","[1.0, 0.0, 0.0, 1.5332669019699097, 0.0, 0.7229748368263245, 0.9763178825378418, 0.6880526542663574]",-5.622050993886552
3.5499999999999954,211.4513397216797,56.345481872558594,15.735489845275879,0.009490966796875,1.0,"[0.4048667550086975, 0.0, 0.23033230006694794, 0.9669091105461121]","[0.0, 0.0, 4.261057711119065e-06, 4.966666892869398e-05, -0.01669049821794033, 1.0, 0.016333334147930145, 4.261057711119065e-06, 0.0, 0.0, -0.9999986290931702, -0.016283666715025902, 0.0, 0.0]","[1.0, 0.0, 0.0, 1.5332669019699097, 0.0, 0.7229748368263245, 0.9763178825378418, 0.6880526542663574]",-5.169228170270357
3.599999999999995,210.6580810546875,56.35034942626953,15.953100204467773,0.0086669921875,1.0,"[0.39058613777160645, 0.0, 0.2279314249753952, 0.9683098196983337]","[0.0, 0.0, 4.261057711119065e-06, 4.966666892869398e-05, -0.01669049821794033, 1.0, 0.016333334147930145, 4.261057711119065e-06, 0.0, 0.0, -0.9999986290931702, -0.016283666715025902, 0.0, 0.0]","[1.0, 0.0, 0.0, 1.5332669019699097, 0.0, 0.7229748368263245, 0.9763178825378418, 0.6880526542663574]",-4.94964051477523
3.649999999999995,209.85397338867188,56.353694915771484,16.17007064819336,0.006683349609375,1.0,"[0.37634754180908203, 0.0, 0.22260922193527222, 0.9656288027763367]","[0.0, 0.0, 4.261057711119065e-06, 4.966666892869398e-05, -0.01669049821794033, 1.0, 0.016333334147930145, 4.261057711119065e-06, 0.0, 0.0, -0.9999986290931702, -0.016283666715025902, 0.0, 0.0]","[1.0, 0.0, 0.0, 1.5332669019699097, 0.0, 0.7229748368263245, 0.9763178825378418, 0.6880526542663574]",-4.4124300002909225
3.699999999999995,209.0390167236328,56.35575485229492,16.386829376220703,0.00408935546875,1.0,"[0.36212289333343506, 0.0, 0.21582196652889252, 0.9638132452964783]","[0.0, 0.0, 4.261057711119065e-06, 4.966666892869398e-05, -0.01669049821794033, 1.0, 0.016333334147930145, 4.261057711119065e-06, 0.0, 0.0, -0.9999986290931702, -0.016283666715025902, 0.0, 0.0]","[1.0, 0.0, 0.0, 1.5332669019699097, 0.0, 0.7229748368263245, 0.9763178825378418, 0.6880526542663574]",-3.863763747764975
3.7499999999999947,208.2132110595703,56.35685348510742,16.603689193725586,0.00091552734375,1.0,"[0.34789156913757324, 0.0, 0.20700965821743011, 0.961342990398407]","[0.0, 0.0, 4.261057711119065e-06, 4.966666892869398e-05, -0.01669049821794033, 1.0, 0.016333334147930145, 4.261057711119065e-06, 0.0, 0.0, -0.9999986290931702, -0.016283666715025902, 0.0, 0.0]","[1.0, 0.0, 0.0, 1.5332669019699097, 0.0, 0.7229748368263245, 0.9763178825378418, 0.6880526542663574]",-3.304758391785292
3.7999999999999945,207.3765411376953,56.35731506347656,16.820819854736328,-0.001617431640625,1.0,"[0.33364248275756836, 0.0, 0.19957493245601654, 0.962417483329773]","[0.0, 0.0, 4.261057711119065e-06, 4.966666892869398e-05, -0.01669049821794033, 1.0, 0.016333334147930145, 4.261057711119065e-06, 0.0, 0.0, -0.9999986290931702, -0.016283666715025902, 0.0, 0.0]","[1.0, 0.0, 0.0, 1.5332669019699097, 0.0, 0.7229748368263245, 0.9763178825378418, 0.6880526542663574]",-3.0035358594929207
3.8499999999999943,206.5289764404297,56.35734176635742,17.038389205932617,-0.002777099609375,1.0,"[0.31936460733413696, 0.0, 0.1953718513250351, 0.9653184413909912]","[0.0, 0.0, 4.261057711119065e-06, 4.966666892869398e-05, -0.01669049821794033, 1.0, 0.016333334147930145, 4.261057711119065e-06, 0.0, 0.0, -0.9999986290931702, -0.016283666715025902, 0.0, 0.0]","[1.0, 0.0, 0.0, 1.5332669019699097, 0.0, 0.7229748368263245, 0.9763178825378418, 0.6880526542663574]",-2.4419449202051897
3.899999999999994,205.67054748535156,56.35719299316406,17.255950927734375,-0.00372314453125,0.9921875,"[0.30508726835250854, 0.043800000101327896, 0.19267119467258453, 0.9646512866020203]","[0.0, 0.0, 4.261057711119065e-06, 4.966666892869398e-05, -0.01669049821794033, 1.0, 0.016333334147930145, 4.261057711119065e-06, 0.0, 0.0, -0.9999986290931702, -0.016283666715025902, 0.0, 0.0]","[1.0, 0.0, 0.0, 1.5332669019699097, 0.0, 0.7229748368263245, 0.9763178825378418, 0.6880526542663574]",-1.8765398287141974
3.949999999999994,204.80130004882812,56.35719680786133,17.471010208129883,-0.005126953125,0.9609375,"[0.29097408056259155, 0.22190000116825104, 0.19781494140625, 0.9617948532104492]","[0.0, 0.0, 4.261057711119065e-06, 4.966666892869398e-05, -0.01669049821794033, 1.0, 0.016333334147930145, 4.261057711119065e-06, 0.0, 0.0, -0.9999986290931702, -0.016283666715025902, 0.0, 0.0]","[1.0, 0.0, 0.0, 1.5332669019699097, 0.0, 0.7229748368263245, 0.9763178825378418, 0.6880526542663574]",-1.300978362364276
3.999999999999994,203.92149353027344,56.35780715942383,17.67967987060547,-0.007171630859375,0.92578125,"[0.27728021144866943, 0.4268999993801117, 0.20158153772354126, 0.9579953551292419]","[0.0, 0.0, 4.261057711119065e-06, 4.966666892869398e-05, -0.01669049821794033, 1.0, 0.016333334147930145, 4.261057711119065e-06, 0.0, 0.0, -0.9999986290931702, -0.016283666715025902, 0.0, 0.0]","[1.0, 0.0, 0.0, 1.5332669019699097, 0.0, 0.7229748368263245, 0.9763178825378418, 0.6880526542663574]",-1.0327616652292586
4.049999999999994,203.03152465820312,56.35951614379883,17.879499435424805,-0.00970458984375,0.8984375,"[0.2641671895980835, 0.5913000106811523, 0.20469450950622559, 0.9557583928108215]","[0.0, 0.0, 4.261057711119065e-06, 4.966666892869398e-05, -0.01669049821794033, 1.0, 0.016333334147930145, 4.261057711119065e-06, 0.0, 0.0, -0.9999986290931702, -0.016283666715025902, 0.0, 0.0]","[1.0, 0.0, 0.0, 1.5332669019699097, 0.0, 0.7229748368263245, 0.9763178825378418, 0.6880526542663574]",-0.45836764940852737
4.099999999999993,202.13189697265625,56.362483978271484,18.06926918029785,-0.008758544921875,0.8671875,"[0.25171369314193726, 0.7821999788284302, 0.1961270272731781, 0.9614665508270264]","[0.0, 0.0, 4.261057711119065e-06, 4.966666892869398e-05, -0.01669049821794033, 1.0, 0.016333334147930145, 4.261057711119065e-06, 0.0, 0.0, -0.9999986290931702, -0.016283666715025902, 0.0, 0.0]","[1.0, 0.0, 0.0, 1.5332669019699097, 0.0, 0.7229748368263245, 0.9763178825378418, 0.6880526542663574]",0.11391033287523156
4.149999999999993,201.22311401367188,56.36643600463867,18.248380661010742,-0.004364013671875,0.84375,"[0.23995953798294067, 0.9304999709129333, 0.17736922204494476, 0.9586631059646606]","[0.0, 0.0, 4.261057711119065e-06, 4.966666892869398e-05, -0.01669049821794033, 1.0, 0.016333334147930145, 4.261057711119065e-06, 0.0, 0.0, -0.9999986290931702, -0.016283666715025902, 0.0, 0.0]","[1.0, 0.0, 0.0, 1.5332669019699097, 0.0, 0.7229748368263245, 0.9763178825378418, 0.6880526542663574]",0.6749442470870417
4.199999999999993,200.30569458007812,56.37116241455078,18.417640686035156,-0.001220703125,0.83203125,"[0.22885191440582275, 1.0, 0.1634681224822998, 0.962856650352478]","[0.0, 0.0, 4.261057711119065e-06, 4.966666892869398e-05, -0.01669049821794033, 1.0, 0.016333334147930145, 4.261057711119065e-06, 0.0, 0.0, -0.9999986290931702, -0.016283666715025902, 0.0, 0.0]","[1.0, 0.0, 0.0, 1.5332669019699097, 0.0, 0.7229748368263245, 0.9763178825378418, 0.6880526542663574]",0.8358932294786093
4.249999999999993,199.38011169433594,56.37677764892578,18.579099655151367,-0.0009765625,0.828125,"[0.21825629472732544, 1.0, 0.15833187103271484, 0.9671055674552917]","[0.0, 0.0, 4.261057711119065e-06, 4.966666892869398e-05, -0.01669049821794033, 1.0, 0.016333334147930145, 4.261057711119065e-06, 0.0, 0.0, -0.9999986290931702, -0.016283666715025902, 0.0, 0.0]","[1.0, 0.0, 0.0, 1.5332669019699097, 0.0, 0.7229748368263245, 0.9763178825378418, 0.6880526542663574]",0.46685489868016694
4.299999999999993,198.44667053222656,56.38331985473633,18.73501968383789,-0.000946044921875,0.828125,"[0.20802408456802368, 1.0, 0.15314900875091553, 0.9715043306350708]","[0.0, 0.0, 4.261057711119065e-06, 4.966666892869398e-05, -0.01669049821794033, 1.0, 0.016333334147930145, 4.261057711119065e-06, 0.0, 0.0, -0.9999986290931702, -0.016283666715025902, 0.0, 0.0]","[1.0, 0.0, 0.0, 1.5332669019699097, 0.0, 0.7229748368263245, 0.9763178825378418, 0.6880526542663574]",-0.09056697684905313
4.3499999999999925,197.50552368164062,56.39078140258789,18.887250900268555,-0.001373291015625,0.828125,"[0.19803404808044434, 1.0, 0.14997757971286774, 0.9745226502418518]","[0.0, 0.0, 4.261057711119065e-06, 4.966666892869398e-05, -0.01669049821794033, 1.0, 0.016333334147930145, 4.261057711119065e-06, 0.0, 0.0, -0.9999986290931702, -0.016283666715025902, 0.0, 0.0]","[1.0, 0.0, 0.0, 1.5332669019699097, 0.0, 0.7229748368263245, 0.9763178825378418, 0.6880526542663574]",-0.6437871777304556
4.399999999999992,196.5568389892578,56.39932632446289,19.03696060180664,-0.003509521484375,0.828125,"[0.1882094144821167, 1.0, 0.15297141671180725, 0.9728338122367859]","[0.0, 0.0, 4.261057711119065e-06, 4.966666892869398e-05, -0.01669049821794033, 1.0, 0.016333334147930145, 4.261057711119065e-06, 0.0, 0.0, -0.9999986290931702, -0.016283666715025902, 0.0, 0.0]","[1.0, 0.0, 0.0, 1.5332669019699097, 0.0, 0.7229748368263245, 0.9763178825378418, 0.6880526542663574]",-0.792300203354565
4.449999999999992,195.60069274902344,56.40934753417969,19.18490982055664,-0.00750732421875,0.828125,"[0.17850029468536377, 1.0, 0.16246198117733002, 0.9674577713012695]","[0.0, 0.0, 4.261057711119065e-06, 4.966666892869398e-05, -0.01669049821794033, 1.0, 0.016333334147930145, 4.261057711119065e-06, 0.0, 0.0, -0.9999986290931702, -0.016283666715025902, 0.0, 0.0]","[1.0, 0.0, 0.0, 1.5332669019699097, 0.0, 0.7229748368263245, 0.9763178825378418, 0.6880526542663574]",-1.3281573463459462
4.499999999999992,194.63723754882812,56.4214973449707,19.331249237060547,-0.012725830078125,0.82421875,"[0.1688968539237976, 1.0, 0.17663516104221344, 0.9629266262054443]","[0.0, 0.0, 4.261057711119065e-06, 4.966666892869398e-05, -0.01669049821794033, 1.0, 0.016333334147930145, 4.261057711119065e-06, 0.0, 0.0, -0.9999986290931702, -0.016283666715025902, 0.0, 0.0]","[1.0, 0.0, 0.0, 1.5332669019699097, 0.0, 0.7229748368263245, 0.9763178825378418, 0.6880526542663574]",-1.8580215963306808
4.549999999999992,193.6665802001953,56.436439514160156,19.475339889526367,-0.017333984375,0.8125,"[0.1594409942626953, 1.0, 0.19002504646778107, 0.9630860686302185]","[0.0, 0.0, 4.261057711119065e-06, 4.966666892869398e-05, -0.01669049821794033, 1.0, 0.016333334147930145, 4.261057711119065e-06, 0.0, 0.0, -0.9999986290931702, -0.016283666715025902, 0.0, 0.0]","[1.0, 0.0, 0.0, 1.5332669019699097, 0.0, 0.7229748368263245, 0.9763178825378418, 0.6880526542663574]",-2.3823414798070925
4.599999999999992,192.68885803222656,56.454803466796875,19.614320755004883,-0.02081298828125,0.7734375,"[0.1503204107284546, 1.0, 0.20010769367218018, 0.9630678296089172]","[0.0, 0.0, 4.261057711119065e-06, 4.966666892869398e-05, -0.01669049821794033, 1.0, 0.016333334147930145, 4.261057711119065e-06, 0.0, 0.0, -0.9999986290931702, -0.016283666715025902, 0.0, 0.0]","[1.0, 0.0, 0.0, 1.5332669019699097, 0.0, 0.7229748368263245, 0.9763178825378418, 0.6880526542663574]",-2.4103234732362586
4.6499999999999915,191.70458984375,56.47715759277344,19.744789123535156,-0.022125244140625,0.7421875,"[0.1417585015296936, 1.0, 0.20311956107616425, 0.9653987288475037]","[0.0, 0.0, 4.261057711119065e-06, 4.966666892869398e-05, -0.01669049821794033, 1.0, 0.016333334147930145, 4.261057711119065e-06, 0.0, 0.0, -0.9999986290931702, -0.016283666715025902, 0.0, 0.0]","[1.0, 0.0, 0.0, 1.5332669019699097, 0.0, 0.7229748368263245, 0.9763178825378418, 0.6880526542663574]",-2.895087957575064
4.699999999999991,190.7141571044922,56.50395202636719,19.865280151367188,-0.022125244140625,0.71484375,"[0.13385140895843506, 1.0, 0.20284439623355865, 0.9671317338943481]","[0.0, 0.0, 4.261057711119065e-06, 4.966666892869398e-05, -0.01669049821794033, 1.0, 0.016333334147930145, 4.261057711119065e-06, 0.0, 0.0, -0.9999986290931702, -0.016283666715025902, 0.0, 0.0]","[1.0, 0.0, 0.0, 1.5332669019699097, 0.0, 0.7229748368263245, 0.9763178825378418, 0.6880526542663574]",-3.3797994334865473
4.749999999999991,189.71820068359375,56.53571701049805,19.976049423217773,-0.0220947265625,0.703125,"[0.12658220529556274, 1.0, 0.20336967706680298, 0.9685015678405762]","[0.0, 0.0, 4.261057711119065e-06, 4.966666892869398e-05, -0.01669049821794033, 1.0, 0.016333334147930145, 4.261057711119065e-06, 0.0, 0.0, -0.9999986290931702, -0.016283666715025902, 0.0, 0.0]","[1.0, 0.0, 0.0, 1.5332669019699097, 0.0, 0.7229748368263245, 0.9763178825378418, 0.6880526542663574]",-3.870800073011682
4.799999999999991,188.71714782714844,56.572933197021484,20.077760696411133,-0.0220947265625,0.6796875,"[0.11990749835968018, 1.0, 0.2039613127708435, 0.9707927107810974]","[0.0, 0.0, 4.261057711119065e-06, 4.966666892869398e-05, -0.01669049821794033, 1.0, 0.016333334147930145, 4.261057711119065e-06, 0.0, 0.0, -0.9999986290931702, -0.016283666715025902, 0.0, 0.0]","[1.0, 0.0, 0.0, 1.5332669019699097, 0.0, 0.7229748368263245, 0.9763178825378418, 0.6880526542663574]",-3.7836773405856805
4.849999999999991,187.71156311035156,56.61602783203125,20.170759201049805,-0.0220947265625,0.66796875,"[0.11380451917648315, 1.0, 0.20381319522857666, 0.9730804562568665]","[0.0, 0.0, 4.261057711119065e-06, 4.966666892869398e-05, -0.01669049821794033, 1.0, 0.016333334147930145, 4.261057711119065e-06, 0.0, 0.0, -0.9999986290931702, -0.016283666715025902, 0.0, 0.0]","[1.0, 0.0, 0.0, 1.5332669019699097, 0.0, 0.7229748368263245, 0.9763178825378418, 0.6880526542663574]",-4.256325906517187
4.899999999999991,186.7018280029297,56.66538619995117,20.255970001220703,-0.0220947265625,0.65234375,"[0.10821253061294556, 1.0, 0.20333580672740936, 0.975796103477478]","[0.0, 0.0, 4.261057711119065e-06, 4.966666892869398e-05, -0.01669049821794033, 1.0, 0.016333334147930145, 4.261057711119065e-06, 0.0, 0.0, -0.9999986290931702, -0.016283666715025902, 0.0, 0.0]","[1.0, 0.0, 0.0, 1.5332669019699097, 0.0, 0.7229748368263245, 0.9763178825378418, 0.6880526542663574]",-4.7008007388004724
4.94999999999999,185.6884002685547,56.72127914428711,20.333219528198242,-0.021942138671875,0.62890625,"[0.10314309597015381, 1.0, 0.20118768513202667, 0.9776701331138611]","[0.0, 0.0, 4.261057711119065e-06, 4.966666892869398e-05, -0.01669049821794033, 1.0, 0.016333334147930145, 4.261057711119065e-06, 0.0, 0.0, -0.9999986290931702, -0.016283666715025902, 0.0, 0.0]","[1.0, 0.0, 0.0, 1.5332669019699097, 0.0, 0.7229748368263245, 0.9763178825378418, 0.6880526542663574]",-5.1345520796828685
4.99999999999999,184.67176818847656,56.78382110595703,20.401729583740234,-0.020721435546875,0.6015625,"[0.09864717721939087, 1.0, 0.1941208839416504, 0.9792298674583435]","[0.0, 0.0, 4.261057711119065e-06, 4.966666892869398e-05, -0.01669049821794033, 1.0, 0.016333334147930145, 4.261057711119065e-06, 0.0, 0.0, -0.9999986290931702, -0.016283666715025902, 0.0, 0.0]","[1.0, 0.0, 0.0, 1.5332669019699097, 0.0, 0.7229748368263245, 0.9763178825378418, 0.6880526542663574]",-4.970054128834095
5.04999999999999,183.6524200439453,56.852840423583984,20.460359573364258,-0.01751708984375,0.56640625,"[0.09479957818984985, 1.0, 0.1790839582681656, 0.9770520925521851]","[0.0, 0.0, 4.261057711119065e-06, 4.966666892869398e-05, -0.01669049821794033, 1.0, 0.016333334147930145, 4.261057711119065e-06, 0.0, 0.0, -0.9999986290931702, -0.016283666715025902, 0.0, 0.0]","[1.0, 0.0, 0.0, 1.5332669019699097, 0.0, 0.7229748368263245, 0.9763178825378418, 0.6880526542663574]",-5.385096420682178
5.09999999999999,182.63088989257812,56.92791748046875,20.507490158081055,-0.01312255859375,0.52734375,"[0.09170675277709961, 1.0, 0.15780481696128845, 0.9737088084220886]","[0.0, 0.0, 4.261057711119065e-06, 4.966666892869398e-05, -0.01669049821794033, 1.0, 0.016333334147930145, 4.261057711119065e-06, 0.0, 0.0, -0.9999986290931702, -0.016283666715025902, 0.0, 0.0]","[1.0, 0.0, 0.0, 1.5332669019699097, 0.0, 0.7229748368263245, 0.9763178825378418, 0.6880526542663574]",-5.849133821215452
5.14999999999999,181.60780334472656,57.00838851928711,20.542600631713867,-0.007598876953125,0.5,"[0.08940255641937256, 1.0, 0.13042373955249786, 0.9704158902168274]","[0.0, 0.0, 4.261057711119065e-06, 4.966666892869398e-05, -0.01669049821794033, 1.0, 0.016333334147930145, 4.261057711119065e-06, 0.0, 0.0, -0.9999986290931702, -0.016283666715025902, 0.0, 0.0]","[1.0, 0.0, 0.0, 1.5332669019699097, 0.0, 0.7229748368263245, 0.9763178825378418, 0.6880526542663574]",-6.448826339599993
5.1999999999999895,180.58364868164062,57.09316635131836,20.566770553588867,0.0001220703125,0.4801483154296875,"[0.08781647682189941, 1.0, 0.09401187300682068, 0.963659405708313]","[0.0, 0.0, 4.261057711119065e-06, 4.966666892869398e-05, -0.01669049821794033, 1.0, 0.016333334147930145, 4.261057711119065e-06, 0.0, 0.0, -0.9999986290931702, -0.016283666715025902, 0.0, 0.0]","[1.0, 0.0, 0.0, 1.5332669019699097, 0.0, 0.7229748368263245, 0.9763178825378418, 0.6880526542663574]",-6.494121081796754
5.249999999999989,179.55882263183594,57.181087493896484,20.580020904541016,0.006683349609375,0.444427490234375,"[0.08694696426391602, 1.0, 0.05816219747066498, 0.9656848907470703]","[0.0, 0.0, 4.261057711119065e-06, 4.966666892869398e-05, -0.01669049821794033, 1.0, 0.016333334147930145, 4.261057711119065e-06, 0.0, 0.0, -0.9999986290931702, -0.016283666715025902, 0.0, 0.0]","[1.0, 0.0, 0.0, 1.5332669019699097, 0.0, 0.7229748368263245, 0.9763178825378418, 0.6880526542663574]",-7.0128553396170865
5.299999999999989,178.5338592529297,57.27063751220703,20.580989837646484,0.0146484375,0.404754638671875,"[0.0868833065032959, 1.0, 0.01721802167594433, 0.957971453666687]","[0.0, 0.0, 4.261057711119065e-06, 4.966666892869398e-05, -0.01669049821794033, 1.0, 0.016333334147930145, 4.261057711119065e-06, 0.0, 0.0, -0.9999986290931702, -0.016283666715025902, 0.0, 0.0]","[1.0, 0.0, 0.0, 1.5332669019699097, 0.0, 0.7229748368263245, 0.9763178825378418, 0.6880526542663574]",-7.525091100134068
5.349999999999989,177.5092315673828,57.35953903198242,20.567089080810547,0.027496337890625,0.3491973876953125,"[0.08779549598693848, 1.0, 0.05167147144675255, 0.9363431334495544]","[0.0, 0.0, 4.261057711119065e-06, 4.966666892869398e-05, -0.01669049821794033, 1.0, 0.016333334147930145, 4.261057711119065e-06, 0.0, 0.0, -0.9999986290931702, -0.016283666715025902, 0.0, 0.0]","[1.0, 0.0, 0.0, 1.5332669019699097, 0.0, 0.7229748368263245, 0.9763178825378418, 0.6880526542663574]",-8.011146379927807
5.399999999999989,176.48562622070312,57.44478225708008,20.532320022583008,0.044708251953125,0.25396728515625,"[0.0900772213935852, 1.0, 0.14089450240135193, 0.9154044389724731]","[0.0, 0.0, 4.261057711119065e-06, 4.966666892869398e-05, -0.01669049821794033, 1.0, 0.016333334147930145, 4.261057711119065e-06, 0.0, 0.0, -0.9999986290931702, -0.016283666715025902, 0.0, 0.0]","[1.0, 0.0, 0.0, 1.5332669019699097, 0.0, 0.7229748368263245, 0.9763178825378418, 0.6880526542663574]",-7.940290576729954
5.449999999999989,175.4639434814453,57.52294158935547,20.472389221191406,0.063690185546875,0.20000000298023224,"[0.09401017427444458, 1.0, 0.2377098947763443, 0.902838945388794]","[0.0, 0.0, 4.261057711119065e-06, 4.966666892869398e-05, -0.01669049821794033, 1.0, 0.016333334147930145, 4.261057711119065e-06, 0.0, 0.0, -0.9999986290931702, -0.016283666715025902, 0.0, 0.0]","[1.0, 0.0, 0.0, 1.5332669019699097, 0.0, 0.7229748368263245, 0.9763178825378418, 0.6880526542663574]",-8.4073285068041
5.4999999999999885,174.4452667236328,57.590614318847656,20.390810012817383,0.081085205078125,0.20000000298023224,"[0.09936380386352539, 1.0, 0.3181336224079132, 0.9036784172058105]","[0.0, 0.0, 4.261057711119065e-06, 4.966666892869398e-05, -0.01669049821794033, 1.0, 0.016333334147930145, 4.261057711119065e-06, 0.0, 0.0, -0.9999986290931702, -0.016283666715025902, 0.0, 0.0]","[1.0, 0.0, 0.0, 1.5332669019699097, 0.0, 0.7229748368263245, 0.9763178825378418, 0.6880526542663574]",-8.853726100871212
5.549999999999988,173.430419921875,57.644378662109375,20.292680740356445,0.0975341796875,0.20000000298023224,"[0.10580343008041382, 1.0, 0.39319077134132385, 0.9036370515823364]","[0.0, 0.0, 4.261057711119065e-06, 4.966666892869398e-05, -0.01669049821794033, 1.0, 0.016333334147930145, 4.261057711119065e-06, 0.0, 0.0, -0.9999986290931702, -0.016283666715025902, 0.0, 0.0]","[1.0, 0.0, 0.0, 1.5332669019699097, 0.0, 0.7229748368263245, 0.9763178825378418, 0.6880526542663574]",-9.29716433104778
5.599999999999988,172.42027282714844,57.68051528930664,20.179140090942383,0.116241455078125,0.20000000298023224,"[0.11325448751449585, 1.0, 0.47292837500572205, 0.8953553438186646]","[0.0, 0.0, 4.261057711119065e-06, 4.966666892869398e-05, -0.01669049821794033, 1.0, 0.016333334147930145, 4.261057711119065e-06, 0.0, 0.0, -0.9999986290931702, -0.016283666715025902, 0.0, 0.0]","[1.0, 0.0, 0.0, 1.5332669019699097, 0.0, 0.7229748368263245, 0.9763178825378418, 0.6880526542663574]",-9.04633858235303
5.649999999999988,171.41587829589844,57.69501495361328,20.04867935180664,0.13885498046875,0.20000000298023224,"[0.12181591987609863, 1.0, 0.5593143105506897, 0.8850188255310059]","[0.0, 0.0, 4.261057711119065e-06, 4.966666892869398e-05, -0.01669049821794033, 1.0, 0.016333334147930145, 4.261057711119065e-06, 0.0, 0.0, -0.9999986290931702, -0.016283666715025902, 0.0, 0.0]","[1.0, 0.0, 0.0, 1.5332669019699097, 0.0, 0.7229748368263245, 0.9763178825378418, 0.6880526542663574]",-9.397008850812917
5.699999999999988,170.41879272460938,57.683441162109375,19.89596939086914,0.16949462890625,0.20000000298023224,"[0.1318373680114746, 1.0, 0.6331925392150879, 0.8671334981918335]","[0.0, 0.0, 4.261057711119065e-06, 4.966666892869398e-05, -0.01669049821794033, 1.0, 0.016333334147930145, 4.261057711119065e-06, 0.0, 0.0, -0.9999986290931702, -0.016283666715025902, 0.0, 0.0]","[1.0, 0.0, 0.0, 1.5332669019699097, 0.0, 0.7229748368263245, 0.9763178825378418, 0.6880526542663574]",-9.943599260952213
5.749999999999988,169.43118286132812,57.641395568847656,19.716039657592773,0.20623779296875,0.20000000298023224,"[0.14364516735076904, 1.0, 0.6483626365661621, 0.8584204316139221]","[0.0, 0.0, 4.261057711119065e-06, 4.966666892869398e-05, -0.01669049821794033, 1.0, 0.016333334147930145, 4.261057711119065e-06, 0.0, 0.0, -0.9999986290931702, -0.016283666715025902, 0.0, 0.0]","[1.0, 0.0, 0.0, 1.5332669019699097, 0.0, 0.7229748368263245, 0.9763178825378418, 0.6880526542663574]",-10.631746733911093
5.799999999999987,168.4558563232422,57.56491470336914,19.50680923461914,0.241455078125,0.20000000298023224,"[0.15737581253051758, 1.0, 0.6632176041603088, 0.8602502942085266]","[0.0, 0.0, 4.261057711119065e-06, 4.966666892869398e-05, -0.01669049821794033, 1.0, 0.016333334147930145, 4.261057711119065e-06, 0.0, 0.0, -0.9999986290931702, -0.016283666715025902, 0.0, 0.0]","[1.0, 0.0, 0.0, 1.5332669019699097, 0.0, 0.7229748368263245, 0.9763178825378418, 0.6880526542663574]",-10.971968011795381
5.849999999999987,167.49594116210938,57.450927734375,19.26951026916504,0.270904541015625,0.20000000298023224,"[0.17294847965240479, 1.0, 0.6749433279037476, 0.8676372170448303]","[0.0, 0.0, 4.261057711119065e-06, 4.966666892869398e-05, -0.01669049821794033, 1.0, 0.016333334147930145, 4.261057711119065e-06, 0.0, 0.0, -0.9999986290931702, -0.016283666715025902, 0.0, 0.0]","[1.0, 0.0, 0.0, 1.5332669019699097, 0.0, 0.7229748368263245, 0.9763178825378418, 0.6880526542663574]",-11.58011108528894
5.899999999999987,166.55462646484375,57.29732894897461,19.009889602661133,0.288848876953125,0.20000000298023224,"[0.18998593091964722, 1.0, 0.6800360679626465, 0.8829182386398315]","[0.0, 0.0, 4.261057711119065e-06, 4.966666892869398e-05, -0.01669049821794033, 1.0, 0.016333334147930145, 4.261057711119065e-06, 0.0, 0.0, -0.9999986290931702, -0.016283666715025902, 0.0, 0.0]","[1.0, 0.0, 0.0, 1.5332669019699097, 0.0, 0.7229748368263245, 0.9763178825378418, 0.6880526542663574]",-12.164074621727023
5.949999999999987,165.6349639892578,57.10288619995117,18.73341941833496,0.2952880859375,0.20000000298023224,"[0.2081291675567627, 1.0, 0.6791591644287109, 0.8952533602714539]","[0.0, 0.0, 4.261057711119065e-06, 4.966666892869398e-05, -0.01669049821794033, 1.0, 0.016333334147930145, 4.261057711119065e-06, 0.0, 0.0, -0.9999986290931702, -0.016283666715025902, 0.0, 0.0]","[1.0, 0.0, 0.0, 1.5332669019699097, 0.0, 0.7229748368263245, 0.9763178825378418, 0.6880526542663574]",-12.725099027782834
5.999999999999987,164.74008178710938,56.866981506347656,18.44244956970215,0.295684814453125,0.20000000298023224,"[0.22722387313842773, 1.0, 0.6754698753356934, 0.8989704251289368]","[0.0, 0.0, 4.261057711119065e-06, 4.966666892869398e-05, -0.01669049821794033, 1.0, 0.016333334147930145, 4.261057711119065e-06, 0.0, 0.0, -0.9999986290931702, -0.016283666715025902, 0.0, 0.0]","[1.0, 0.0, 0.0, 1.5332669019699097, 0.0, 0.7229748368263245, 0.9763178825378418, 0.6880526542663574]",-12.923679447280438
6.0499999999999865,163.87315368652344,56.58953094482422,18.136470794677734,0.291015625,0.20000000298023224,"[0.24730360507965088, 1.0, 0.6720048785209656, 0.8986424207687378]","[0.0, 0.0, 4.261057711119065e-06, 4.966666892869398e-05, -0.01669049821794033, 1.0, 0.016333334147930145, 4.261057711119065e-06, 0.0, 0.0, -0.9999986290931702, -0.016283666715025902, 0.0, 0.0]","[1.0, 0.0, 0.0, 1.5332669019699097, 0.0, 0.7229748368263245, 0.9763178825378418, 0.6880526542663574]",-13.477320122124745
6.099999999999986,163.03713989257812,56.271240234375,17.825679779052734,0.28070068359375,0.20000000298023224,"[0.26769912242889404, 1.0, 0.6615459322929382, 0.9060320258140564]","[0.0, 0.0, 4.261057711119065e-06, 4.966666892869398e-05, -0.01669049821794033, 1.0, 0.016333334147930145, 4.261057711119065e-06, 0.0, 0.0, -0.9999986290931702, -0.016283666715025902, 0.0, 0.0]","[1.0, 0.0, 0.0, 1.5332669019699097, 0.0, 0.7229748368263245, 0.9763178825378418, 0.6880526542663574]",-14.019598772797595
6.149999999999986,162.23471069335938,55.91319274902344,17.508270263671875,0.269683837890625,0.20000000298023224,"[0.2885289192199707, 1.0, 0.653468132019043, 0.9049724340438843]","[0.0, 0.0, 4.261057711119065e-06, 4.966666892869398e-05, -0.01669049821794033, 1.0, 0.016333334147930145, 4.261057711119065e-06, 0.0, 0.0, -0.9999986290931702, -0.016283666715025902, 0.0, 0.0]","[1.0, 0.0, 0.0, 1.5332669019699097, 0.0, 0.7229748368263245, 0.9763178825378418, 0.6880526542663574]",-14.540484559418282
6.199999999999986,161.46542358398438,55.52031707763672,17.20541000366211,0.264892578125,0.20000000298023224,"[0.30840396881103516, 1.0, 0.6391094923019409, 0.8444119691848755]","[0.0, 0.0, 4.261057711119065e-06, 4.966666892869398e-05, -0.01669049821794033, 1.0, 0.016333334147930145, 4.261057711119065e-06, 0.0, 0.0, -0.9999986290931702, -0.016283666715025902, 0.0, 0.0]","[1.0, 0.0, 0.0, 1.5332669019699097, 0.0, 0.7229748368263245, 0.9763178825378418, 0.6880526542663574]",-14.732680554186944
6.249999999999986,160.73033142089844,55.09560775756836,16.857379913330078,0.26605224609375,0.20000000298023224,"[0.33124327659606934, 1.0, 0.6471455097198486, 0.8421900868415833]","[0.0, 0.0, 4.261057711119065e-06, 4.966666892869398e-05, -0.01669049821794033, 1.0, 0.016333334147930145, 4.261057711119065e-06, 0.0, 0.0, -0.9999986290931702, -0.016283666715025902, 0.0, 0.0]","[1.0, 0.0, 0.0, 1.5332669019699097, 0.0, 0.7229748368263245, 0.9763178825378418, 0.6880526542663574]",-15.187150447005674
6.299999999999986,160.0406036376953,54.63353729248047,16.50391960144043,0.270477294921875,0.20000000298023224,"[0.3544389009475708, 1.0, 0.634608805179596, 0.8785035610198975]","[0.0, 0.0, 4.261057711119065e-06, 4.966666892869398e-05, -0.01669049821794033, 1.0, 0.016333334147930145, 4.261057711119065e-06, 0.0, 0.0, -0.9999986290931702, -0.016283666715025902, 0.0, 0.0]","[1.0, 0.0, 0.0, 1.5332669019699097, 0.0, 0.7229748368263245, 0.9763178825378418, 0.6880526542663574]",-15.610618714363625
6.349999999999985,159.39138793945312,54.14155578613281,16.208820343017578,0.275482177734375,0.20000000298023224,"[0.37380462884902954, 1.0, 0.6048795580863953, 0.7821786403656006]","[0.0, 0.0, 4.261057711119065e-06, 4.966666892869398e-05, -0.01669049821794033, 1.0, 0.016333334147930145, 4.261057711119065e-06, 0.0, 0.0, -0.9999986290931702, -0.016283666715025902, 0.0, 0.0]","[1.0, 0.0, 0.0, 1.5332669019699097, 0.0, 0.7229748368263245, 0.9763178825378418, 0.6880526542663574]",-15.997092868941209
6.399999999999985,158.78366088867188,53.622737884521484,15.87228012084961,0.2799072265625,0.20000000298023224,"[0.39588993787765503, 1.0, 0.6365059614181519, 0.832801103591919]","[0.0, 0.0, 4.261057711119065e-06, 4.966666892869398e-05, -0.01669049821794033, 1.0, 0.016333334147930145, 4.261057711119065e-06, 0.0, 0.0, -0.9999986290931702, -0.016283666715025902, 0.0, 0.0]","[1.0, 0.0, 0.0, 1.5332669019699097, 0.0, 0.7229748368263245, 0.9763178825378418, 0.6880526542663574]",-16.00206351633979
6.449999999999985,158.2281951904297,53.07599639892578,15.480279922485352,0.2818603515625,0.20000000298023224,"[0.42161470651626587, 1.0, 0.6793938279151917, 0.8042659163475037]","[0.0, 0.0, 4.261057711119065e-06, 4.966666892869398e-05, -0.01669049821794033, 1.0, 0.016333334147930145, 4.261057711119065e-06, 0.0, 0.0, -0.9999986290931702, -0.016283666715025902, 0.0, 0.0]","[1.0, 0.0, 0.0, 1.5332669019699097, 0.0, 0.7229748368263245, 0.9763178825378418, 0.6880526542663574]",-16.29393976484114
6.499999999999985,157.71546936035156,52.51002883911133,15.183710098266602,0.28021240234375,0.20000000298023224,"[0.44107693433761597, 1.0, 0.6455332040786743, 0.6781071424484253]","[0.0, 0.0, 4.261057711119065e-06, 4.966666892869398e-05, -0.01669049821794033, 1.0, 0.016333334147930145, 4.261057711119065e-06, 0.0, 0.0, -0.9999986290931702, -0.016283666715025902, 0.0, 0.0]","[1.0, 0.0, 0.0, 1.5332669019699097, 0.0, 0.7229748368263245, 0.9763178825378418, 0.6880526542663574]",-16.544970154775463
6.549999999999985,157.25320434570312,51.924110412597656,14.830659866333008,0.273284912109375,0.20000000298023224,"[0.46424567699432373, 1.0, 0.6698861718177795, 0.707973837852478]","[0.0, 0.0, 4.261057711119065e-06, 4.966666892869398e-05, -0.01669049821794033, 1.0, 0.016333334147930145, 4.261057711119065e-06, 0.0, 0.0, -0.9999986290931702, -0.016283666715025902, 0.0, 0.0]","[1.0, 0.0, 0.0, 1.5332669019699097, 0.0, 0.7229748368263245, 0.9763178825378418, 0.6880526542663574]",-16.75200512773073
6.5999999999999845,156.836181640625,51.32291793823242,14.565930366516113,0.261627197265625,0.20000000298023224,"[0.48161840438842773, 1.0, 0.6347191333770752, 0.7161073684692383]","[0.0, 0.0, 4.261057711119065e-06, 4.966666892869398e-05, -0.01669049821794033, 1.0, 0.016333334147930145, 4.261057711119065e-06, 0.0, 0.0, -0.9999986290931702, -0.016283666715025902, 0.0, 0.0]","[1.0, 0.0, 0.0, 1.5332669019699097, 0.0, 0.7229748368263245, 0.9763178825378418, 0.6880526542663574]",-16.921622723118283
6.649999999999984,156.46856689453125,50.70744705200195,14.273650169372559,0.247283935546875,0.20000000298023224,"[0.5007991790771484, 1.0, 0.652501106262207, 0.7954990863800049]","[0.0, 0.0, 4.261057711119065e-06, 4.966666892869398e-05, -0.01669049821794033, 1.0, 0.016333334147930145, 4.261057711119065e-06, 0.0, 0.0, -0.9999986290931702, -0.016283666715025902, 0.0, 0.0]","[1.0, 0.0, 0.0, 1.5332669019699097, 0.0, 0.7229748368263245, 0.9763178825378418, 0.6880526542663574]",-16.61429695606958
6.699999999999984,156.14651489257812,50.0814094543457,14.037240028381348,0.23663330078125,0.20000000298023224,"[0.5163134336471558, 1.0, 0.632540225982666, 0.7897704243659973]","[0.0, 0.0, 4.261057711119065e-06, 4.966666892869398e-05, -0.01669049821794033, 1.0, 0.016333334147930145, 4.261057711119065e-06, 0.0, 0.0, -0.9999986290931702, -0.016283666715025902, 0.0, 0.0]","[1.0, 0.0, 0.0, 1.5332669019699097, 0.0, 0.7229748368263245, 0.9763178825378418, 0.6880526542663574]",-16.69004785280392
6.749999999999984,155.8708038330078,49.44684982299805,13.801639556884766,0.233062744140625,0.20000000298023224,"[0.531774640083313, 1.0, 0.6357727646827698, 0.8797416090965271]","[0.0, 0.0, 4.261057711119065e-06, 4.966666892869398e-05, -0.01669049821794033, 1.0, 0.016333334147930145, 4.261057711119065e-06, 0.0, 0.0, -0.9999986290931702, -0.016283666715025902, 0.0, 0.0]","[1.0, 0.0, 0.0, 1.5332669019699097, 0.0, 0.7229748368263245, 0.9763178825378418, 0.6880526542663574]",-16.72770620474673
6.799999999999984,155.6378936767578,48.80690383911133,13.588020324707031,0.235076904296875,0.20000000298023224,"[0.5457932949066162, 1.0, 0.6331230998039246, 0.8710598945617676]","[0.0, 0.0, 4.261057711119065e-06, 4.966666892869398e-05, -0.01669049821794033, 1.0, 0.016333334147930145, 4.261057711119065e-06, 0.0, 0.0, -0.9999986290931702, -0.016283666715025902, 0.0, 0.0]","[1.0, 0.0, 0.0, 1.5332669019699097, 0.0, 0.7229748368263245, 0.9763178825378418, 0.6880526542663574]",-16.75586102204497
6.849999999999984,155.4503631591797,48.163333892822266,13.3881196975708,0.23626708984375,0.20000000298023224,"[0.5589116811752319, 1.0, 0.6282479166984558, 0.928213357925415]","[0.0, 0.0, 4.261057711119065e-06, 4.966666892869398e-05, -0.01669049821794033, 1.0, 0.016333334147930145, 4.261057711119065e-06, 0.0, 0.0, -0.9999986290931702, -0.016283666715025902, 0.0, 0.0]","[1.0, 0.0, 0.0, 1.5332669019699097, 0.0, 0.7229748368263245, 0.9763178825378418, 0.6880526542663574]",-16.35243065881925
6.8999999999999835,155.3047637939453,47.51885223388672,13.207839965820312,0.2308349609375,0.20000000298023224,"[0.5707424283027649, 1.0, 0.6234105229377747, 0.8962256908416748]","[0.0, 0.0, 4.261057711119065e-06, 4.966666892869398e-05, -0.01669049821794033, 1.0, 0.016333334147930145, 4.261057711119065e-06, 0.0, 0.0, -0.9999986290931702, -0.016283666715025902, 0.0, 0.0]","[1.0, 0.0, 0.0, 1.5332669019699097, 0.0, 0.7229748368263245, 0.9763178825378418, 0.6880526542663574]",-16.313046003134314
6.949999999999983,155.19944763183594,46.87458419799805,13.078149795532227,0.215087890625,0.20000000298023224,"[0.5792532563209534, 1.0, 0.5864892601966858, 0.9384994506835938]","[0.0, 0.0, 4.261057711119065e-06, 4.966666892869398e-05, -0.01669049821794033, 1.0, 0.016333334147930145, 4.261057711119065e-06, 0.0, 0.0, -0.9999986290931702, -0.016283666715025902, 0.0, 0.0]","[1.0, 0.0, 0.0, 1.5332669019699097, 0.0, 0.7229748368263245, 0.9763178825378418, 0.6880526542663574]",-16.25778168144394
6.999999999999983,155.13145446777344,46.23032760620117,12.983209609985352,0.19268798828125,0.20000000298023224,"[0.5854836702346802, 1.0, 0.5652250647544861, 0.9062114953994751]","[0.0, 0.0, 4.261057711119065e-06, 4.966666892869398e-05, -0.01669049821794033, 1.0, 0.016333334147930145, 4.261057711119065e-06, 0.0, 0.0, -0.9999986290931702, -0.016283666715025902, 0.0, 0.0]","[1.0, 0.0, 0.0, 1.5332669019699097, 0.0, 0.7229748368263245, 0.9763178825378418, 0.6880526542663574]",-16.221003530094105
7.049999999999983,155.09690856933594,45.58879470825195,12.811690330505371,0.16448974609375,0.20000000298023224,"[0.5967395305633545, 1.0, 0.6404980421066284, 0.8067774176597595]","[0.0, 0.0, 4.261057711119065e-06, 4.966666892869398e-05, -0.01669049821794033, 1.0, 0.016333334147930145, 4.261057711119065e-06, 0.0, 0.0, -0.9999986290931702, -0.016283666715025902, 0.0, 0.0]","[1.0, 0.0, 0.0, 1.5332669019699097, 0.0, 0.7229748368263245, 0.9763178825378418, 0.6880526542663574]",-15.766964607225713
7.099999999999983,155.0912628173828,44.95872116088867,12.56602954864502,0.133270263671875,0.20000000298023224,"[0.612860918045044, 1.0, 0.7117288112640381, 0.8033539652824402]","[0.0, 0.0, 4.261057711119065e-06, 4.966666892869398e-05, -0.01669049821794033, 1.0, 0.016333334147930145, 4.261057711119065e-06, 0.0, 0.0, -0.9999986290931702, -0.016283666715025902, 0.0, 0.0]","[1.0, 0.0, 0.0, 1.5332669019699097, 0.0, 0.7229748368263245, 0.9763178825378418, 0.6880526542663574]",-15.783323173552255
7.149999999999983,155.1103973388672,44.33853530883789,12.386839866638184,0.097442626953125,0.20000000298023224,"[0.6246201395988464, 1.0, 0.5804474949836731, 0.8405253291130066]","[0.0, 0.0, 4.261057711119065e-06, 4.966666892869398e-05, -0.01669049821794033, 1.0, 0.016333334147930145, 4.261057711119065e-06, 0.0, 0.0, -0.9999986290931702, -0.016283666715025902, 0.0, 0.0]","[1.0, 0.0, 0.0, 1.5332669019699097, 0.0, 0.7229748368263245, 0.9763178825378418, 0.6880526542663574]",-15.78858610242813
7.199999999999982,155.14952087402344,43.72651290893555,12.240010261535645,0.061248779296875,0.20000000298023224,"[0.6342557668685913, 1.0, 0.46429407596588135, 0.8488909006118774]","[0.0, 0.0, 4.261057711119065e-06, 4.966666892869398e-05, -0.01669049821794033, 1.0, 0.016333334147930145, 4.261057711119065e-06, 0.0, 0.0, -0.9999986290931702, -0.016283666715025902, 0.0, 0.0]","[1.0, 0.0, 0.0, 1.5332669019699097, 0.0, 0.7229748368263245, 0.9763178825378418, 0.6880526542663574]",-15.775973474234117
7.249999999999982,155.20455932617188,43.12150192260742,12.123169898986816,0.036651611328125,0.20000000298023224,"[0.6419233083724976, 1.0, 0.37164485454559326, 0.8771382570266724]","[0.0, 0.0, 4.261057711119065e-06, 4.966666892869398e-05, -0.01669049821794033, 1.0, 0.016333334147930145, 4.261057711119065e-06, 0.0, 0.0, -0.9999986290931702, -0.016283666715025902, 0.0, 0.0]","[1.0, 0.0, 0.0, 1.5332669019699097, 0.0, 0.7229748368263245, 0.9763178825378418, 0.6880526542663574]",-15.345997306240982
7.299999999999982,155.27178955078125,42.52290344238281,12.017250061035156,0.019927978515625,0.20000000298023224,"[0.6488742828369141, 1.0, 0.3021186590194702, 0.9042034149169922]","[0.0, 0.0, 4.261057711119065e-06, 4.966666892869398e-05, -0.01669049821794033, 1.0, 0.016333334147930145, 4.261057711119065e-06, 0.0, 0.0, -0.9999986290931702, -0.016283666715025902, 0.0, 0.0]","[1.0, 0.0, 0.0, 1.5332669019699097, 0.0, 0.7229748368263245, 0.9763178825378418, 0.6880526542663574]",-15.388364266581792
7.349999999999982,155.3478546142578,41.93022918701172,11.91294002532959,0.0074462890625,0.20000000298023224,"[0.655719518661499, 1.0, 0.23123911023139954, 0.9101426601409912]","[0.0, 0.0, 4.261057711119065e-06, 4.966666892869398e-05, -0.01669049821794033, 1.0, 0.016333334147930145, 4.261057711119065e-06, 0.0, 0.0, -0.9999986290931702, -0.016283666715025902, 0.0, 0.0]","[1.0, 0.0, 0.0, 1.5332669019699097, 0.0, 0.7229748368263245, 0.9763178825378418, 0.6880526542663574]",-15.451039556317845
7.399999999999982,155.429443359375,41.34281539916992,11.827119827270508,-0.0029296875,0.20000000298023224,"[0.6613514423370361, 1.0, 0.159911647439003, 0.9223299026489258]","[0.0, 0.0, 4.261057711119065e-06, 4.966666892869398e-05, -0.01669049821794033, 1.0, 0.016333334147930145, 4.261057711119065e-06, 0.0, 0.0, -0.9999986290931702, -0.016283666715025902, 0.0, 0.0]","[1.0, 0.0, 0.0, 1.5332669019699097, 0.0, 0.7229748368263245, 0.9763178825378418, 0.6880526542663574]",-15.53731203187753
7.4499999999999815,155.51451110839844,40.760398864746094,11.734410285949707,-0.005523681640625,0.20000000298023224,"[0.6674354672431946, 1.0, 0.12829802930355072, 0.9441906213760376]","[0.0, 0.0, 4.261057711119065e-06, 4.966666892869398e-05, -0.01669049821794033, 1.0, 0.016333334147930145, 4.261057711119065e-06, 0.0, 0.0, -0.9999986290931702, -0.016283666715025902, 0.0, 0.0]","[1.0, 0.0, 0.0, 1.5332669019699097, 0.0, 0.7229748368263245, 0.9763178825378418, 0.6880526542663574]",-15.260749301872206
7.499999999999981,155.60157775878906,40.18257522583008,11.651040077209473,-0.0047607421875,0.234130859375,"[0.6729066371917725, 1.0, 0.10547208786010742, 0.9618043303489685]","[0.0, 0.0, 4.261057711119065e-06, 4.966666892869398e-05, -0.01669049821794033, 1.0, 0.016333334147930145, 4.261057711119065e-06, 0.0, 0.0, -0.9999986290931702, -0.016283666715025902, 0.0, 0.0]","[1.0, 0.0, 0.0, 1.5332669019699097, 0.0, 0.7229748368263245, 0.9763178825378418, 0.6880526542663574]",-15.401199980269872
7.549999999999981,155.69004821777344,39.60897445678711,11.575790405273438,-0.002166748046875,0.3055572509765625,"[0.6778448224067688, 1.0, 0.09010285884141922, 0.9684550762176514]","[0.0, 0.0, 4.261057711119065e-06, 4.966666892869398e-05, -0.01669049821794033, 1.0, 0.016333334147930145, 4.261057711119065e-06, 0.0, 0.0, -0.9999986290931702, -0.016283666715025902, 0.0, 0.0]","[1.0, 0.0, 0.0, 1.5332669019699097, 0.0, 0.7229748368263245, 0.9763178825378418, 0.6880526542663574]",-15.555449828136801
7.599999999999981,155.77940368652344,39.03892517089844,11.513310432434082,0.00189208984375,0.3333282470703125,"[0.6819450259208679, 1.0, 0.0761314257979393, 0.9681589603424072]","[0.0, 0.0, 4.261057711119065e-06, 4.966666892869398e-05, -0.01669049821794033, 1.0, 0.016333334147930145, 4.261057711119065e-06, 0.0, 0.0, -0.9999986290931702, -0.016283666715025902, 0.0, 0.0]","[1.0, 0.0, 0.0, 1.5332669019699097, 0.0, 0.7229748368263245, 0.9763178825378418, 0.6880526542663574]",-15.720480180343124
7.649999999999981,155.86941528320312,38.47180938720703,11.460860252380371,0.001678466796875,0.3333282470703125,"[0.6853870153427124, 1.0, 0.055829886347055435, 0.9690701365470886]","[0.0, 0.0, 4.261057711119065e-06, 4.966666892869398e-05, -0.01669049821794033, 1.0, 0.016333334147930145, 4.261057711119065e-06, 0.0, 0.0, -0.9999986290931702, -0.016283666715025902, 0.0, 0.0]","[1.0, 0.0, 0.0, 1.5332669019699097, 0.0, 0.7229748368263245, 0.9763178825378418, 0.6880526542663574]",-15.533019827296219
7.699999999999981,155.95941162109375,37.90713882446289,11.414870262145996,0.00091552734375,0.3333282470703125,"[0.6884051561355591, 1.0, 0.044560883194208145, 0.9755988717079163]","[0.0, 0.0, 4.261057711119065e-06, 4.966666892869398e-05, -0.01669049821794033, 1.0, 0.016333334147930145, 4.261057711119065e-06, 0.0, 0.0, -0.9999986290931702, -0.016283666715025902, 0.0, 0.0]","[1.0, 0.0, 0.0, 1.5332669019699097, 0.0, 0.7229748368263245, 0.9763178825378418, 0.6880526542663574]",-15.718411850965072
7.7499999999999805,156.04954528808594,37.34465789794922,11.373809814453125,0.00146484375,0.3333282470703125,"[0.6910997033119202, 1.0, 0.03903208673000336, 0.9813965559005737]","[0.0, 0.0, 4.261057711119065e-06, 4.966666892869398e-05, -0.01669049821794033, 1.0, 0.016333334147930145, 4.261057711119065e-06, 0.0, 0.0, -0.9999986290931702, -0.016283666715025902, 0.0, 0.0]","[1.0, 0.0, 0.0, 1.5332669019699097, 0.0, 0.7229748368263245, 0.9763178825378418, 0.6880526542663574]",-15.907946573102809
7.79999999999998,156.13912963867188,36.78409957885742,11.335169792175293,-0.0023193359375,0.3333282470703125,"[0.6936354637145996, 1.0, 0.04814724996685982, 0.9761080741882324]","[0.0, 0.0, 4.261057711119065e-06, 4.966666892869398e-05, -0.01669049821794033, 1.0, 0.016333334147930145, 4.261057711119065e-06, 0.0, 0.0, -0.9999986290931702, -0.016283666715025902, 0.0, 0.0]","[1.0, 0.0, 0.0, 1.5332669019699097, 0.0, 0.7229748368263245, 0.9763178825378418, 0.6880526542663574]",-16.099981013220308
7.84999999999998,156.22738647460938,36.22518539428711,11.300239562988281,-0.012786865234375,0.3571319580078125,"[0.6959277391433716, 1.0, 0.07155472785234451, 0.959060549736023]","[0.0, 0.0, 4.261057711119065e-06, 4.966666892869398e-05, -0.01669049821794033, 1.0, 0.016333334147930145, 4.261057711119065e-06, 0.0, 0.0, -0.9999986290931702, -0.016283666715025902, 0.0, 0.0]","[1.0, 0.0, 0.0, 1.5332669019699097, 0.0, 0.7229748368263245, 0.9763178825378418, 0.6880526542663574]",-15.964513299053461
7.89999999999998,156.31297302246094,35.66745376586914,11.271920204162598,-0.024566650390625,0.428558349609375,"[0.6977861523628235, 1.0, 0.08450944721698761, 0.9686509966850281]","[0.0, 0.0, 4.261057711119065e-06, 4.966666892869398e-05, -0.01669049821794033, 1.0, 0.016333334147930145, 4.261057711119065e-06, 0.0, 0.0, -0.9999986290931702, -0.016283666715025902, 0.0, 0.0]","[1.0, 0.0, 0.0, 1.5332669019699097, 0.0, 0.7229748368263245, 0.9763178825378418, 0.6880526542663574]",-16.214026741652447
7.94999999999998,156.3954620361328,35.11025619506836,11.257769584655762,-0.033935546875,0.4880828857421875,"[0.6987147331237793, 1.0, 0.09733758121728897, 0.963003933429718]","[0.0, 0.0, 4.261057711119065e-06, 4.966666892869398e-05, -0.01669049821794033, 1.0, 0.016333334147930145, 4.261057711119065e-06, 0.0, 0.0, -0.9999986290931702, -0.016283666715025902, 0.0, 0.0]","[1.0, 0.0, 0.0, 1.5332669019699097, 0.0, 0.7229748368263245, 0.9763178825378418, 0.6880526542663574]",-16.482415512061923
7.99999999999998,156.4742889404297,34.55276107788086,11.258779525756836,-0.03875732421875,0.515625,"[0.6986485123634338, 1.0, 0.08457617461681366, 0.9778204560279846]","[0.0, 0.0, 4.261057711119065e-06, 4.966666892869398e-05, -0.01669049821794033, 1.0, 0.016333334147930145, 4.261057711119065e-06, 0.0, 0.0, -0.9999986290931702, -0.016283666715025902, 0.0, 0.0]","[1.0, 0.0, 0.0, 1.5332669019699097, 0.0, 0.7229748368263245, 0.9763178825378418, 0.6880526542663574]",-16.766291525726
8.04999999999998,156.54966735839844,33.99431610107422,11.272649765014648,-0.039520263671875,0.51953125,"[0.6977382898330688, 1.0, 0.10642196983098984, 0.973909318447113]","[0.0, 0.0, 4.261057711119065e-06, 4.966666892869398e-05, -0.01669049821794033, 1.0, 0.016333334147930145, 4.261057711119065e-06, 0.0, 0.0, -0.9999986290931702, -0.016283666715025902, 0.0, 0.0]","[1.0, 0.0, 0.0, 1.5332669019699097, 0.0, 0.7229748368263245, 0.9763178825378418, 0.6880526542663574]",-16.810504245210605
8.09999999999998,156.6214599609375,33.43436813354492,11.297220230102539,-0.0374755859375,0.53125,"[0.696125864982605, 1.0, 0.10604527592658997, 0.9772299528121948]","[0.0, 0.0, 4.261057711119065e-06, 4.966666892869398e-05, -0.01669049821794033, 1.0, 0.016333334147930145, 4.261057711119065e-06, 0.0, 0.0, -0.9999986290931702, -0.016283666715025902, 0.0, 0.0]","[1.0, 0.0, 0.0, 1.5332669019699097, 0.0, 0.7229748368263245, 0.9763178825378418, 0.6880526542663574]",-17.121041808847767
8.14999999999998,156.69015502929688,32.872554779052734,11.32958984375,-0.033111572265625,0.54296875,"[0.6940015554428101, 1.0, 0.11164262890815735, 0.977064311504364]","[0.0, 0.0, 4.261057711119065e-06, 4.966666892869398e-05, -0.01669049821794033, 1.0, 0.016333334147930145, 4.261057711119065e-06, 0.0, 0.0, -0.9999986290931702, -0.016283666715025902, 0.0, 0.0]","[1.0, 0.0, 0.0, 1.5332669019699097, 0.0, 0.7229748368263245, 0.9763178825378418, 0.6880526542663574]",-17.427756383858615
8.199999999999982,156.75582885742188,32.30850601196289,11.370149612426758,-0.02813720703125,0.55078125,"[0.6913398504257202, 1.0, 0.10388659685850143, 0.9735856652259827]","[0.0, 0.0, 4.261057711119065e-06, 4.966666892869398e-05, -0.01669049821794033, 1.0, 0.016333334147930145, 4.261057711119065e-06, 0.0, 0.0, -0.9999986290931702, -0.016283666715025902, 0.0, 0.0]","[1.0, 0.0, 0.0, 1.5332669019699097, 0.0, 0.7229748368263245, 0.9763178825378418, 0.6880526542663574]",-17.74424272729248
8.249999999999982,156.8190155029297,31.741989135742188,11.415789604187012,-0.02337646484375,0.5625,"[0.6883447766304016, 1.0, 0.10611208528280258, 0.9794624447822571]","[0.0, 0.0, 4.261057711119065e-06, 4.966666892869398e-05, -0.01669049821794033, 1.0, 0.016333334147930145, 4.261057711119065e-06, 0.0, 0.0, -0.9999986290931702, -0.016283666715025902, 0.0, 0.0]","[1.0, 0.0, 0.0, 1.5332669019699097, 0.0, 0.7229748368263245, 0.9763178825378418, 0.6880526542663574]",-17.81693869883271
8.299999999999983,156.8798065185547,31.1727237701416,11.468059539794922,-0.019195556640625,0.57421875,"[0.6849145889282227, 1.0, 0.09781406819820404, 0.9739606976509094]","[0.0, 0.0, 4.261057711119065e-06, 4.966666892869398e-05, -0.01669049821794033, 1.0, 0.016333334147930145, 4.261057711119065e-06, 0.0, 0.0, -0.9999986290931702, -0.016283666715025902, 0.0, 0.0]","[1.0, 0.0, 0.0, 1.5332669019699097, 0.0, 0.7229748368263245, 0.9763178825378418, 0.6880526542663574]",-18.13642605230746
8.349999999999984,156.93870544433594,30.60051727294922,11.524439811706543,-0.015777587890625,0.578125,"[0.6812146902084351, 1.0, 0.10025669634342194, 0.9800538420677185]","[0.0, 0.0, 4.261057711119065e-06, 4.966666892869398e-05, -0.01669049821794033, 1.0, 0.016333334147930145, 4.261057711119065e-06, 0.0, 0.0, -0.9999986290931702, -0.016283666715025902, 0.0, 0.0]","[1.0, 0.0, 0.0, 1.5332669019699097, 0.0, 0.7229748368263245, 0.9763178825378418, 0.6880526542663574]",-18.451688902344706
8.399999999999984,156.99583435058594,30.02517318725586,11.585000038146973,-0.012542724609375,0.578125,"[0.6772404909133911, 1.0, 0.09035252034664154, 0.9755011200904846]","[0.0, 0.0, 4.261057711119065e-06, 4.966666892869398e-05, -0.01669049821794033, 1.0, 0.016333334147930145, 4.261057711119065e-06, 0.0, 0.0, -0.9999986290931702, -0.016283666715025902, 0.0, 0.0]","[1.0, 0.0, 0.0, 1.5332669019699097, 0.0, 0.7229748368263245, 0.9763178825378418, 0.6880526542663574]",-18.758211936486752
8.449999999999985,157.05174255371094,29.446617126464844,11.64758014678955,-0.009368896484375,0.58203125,"[0.6731336712837219, 1.0, 0.08959824591875076, 0.9794560074806213]","[0.0, 0.0, 4.261057711119065e-06, 4.966666892869398e-05, -0.01669049821794033, 1.0, 0.016333334147930145, 4.261057711119065e-06, 0.0, 0.0, -0.9999986290931702, -0.016283666715025902, 0.0, 0.0]","[1.0, 0.0, 0.0, 1.5332669019699097, 0.0, 0.7229748368263245, 0.9763178825378418, 0.6880526542663574]",-18.753229484179617
8.499999999999986,157.10662841796875,28.86475944519043,11.712550163269043,-0.006103515625,0.58203125,"[0.6688700318336487, 1.0, 0.07748351246118546, 0.9754412770271301]","[0.0, 0.0, 4.261057711119065e-06, 4.966666892869398e-05, -0.01669049821794033, 1.0, 0.016333334147930145, 4.261057711119065e-06, 0.0, 0.0, -0.9999986290931702, -0.016283666715025902, 0.0, 0.0]","[1.0, 0.0, 0.0, 1.5332669019699097, 0.0, 0.7229748368263245, 0.9763178825378418, 0.6880526542663574]",-19.026787487544226
8.549999999999986,157.16099548339844,28.27957534790039,11.778369903564453,-0.0035400390625,0.58203125,"[0.6645506620407104, 1.0, 0.07668483257293701, 0.9807855486869812]","[0.0, 0.0, 4.261057711119065e-06, 4.966666892869398e-05, -0.01669049821794033, 1.0, 0.016333334147930145, 4.261057711119065e-06, 0.0, 0.0, -0.9999986290931702, -0.016283666715025902, 0.0, 0.0]","[1.0, 0.0, 0.0, 1.5332669019699097, 0.0, 0.7229748368263245, 0.9763178825378418, 0.6880526542663574]",-19.29305754125062
8.599999999999987,157.21481323242188,27.69101905822754,11.845170021057129,-0.002532958984375,0.58203125,"[0.6601669192314148, 1.0, 0.06976835429668427, 0.9820366501808167]","[0.0, 0.0, 4.261057711119065e-06, 4.966666892869398e-05, -0.01669049821794033, 1.0, 0.016333334147930145, 4.261057711119065e-06, 0.0, 0.0, -0.9999986290931702, -0.016283666715025902, 0.0, 0.0]","[1.0, 0.0, 0.0, 1.5332669019699097, 0.0, 0.7229748368263245, 0.9763178825378418, 0.6880526542663574]",-19.542499743689685
8.649999999999988,157.268310546875,27.099090576171875,11.912090301513672,-0.002777099609375,0.58203125,"[0.6557753086090088, 1.0, 0.07428044825792313, 0.9857287406921387]","[0.0, 0.0, 4.261057711119065e-06, 4.966666892869398e-05, -0.01669049821794033, 1.0, 0.016333334147930145, 4.261057711119065e-06, 0.0, 0.0, -0.9999986290931702, -0.016283666715025902, 0.0, 0.0]","[1.0, 0.0, 0.0, 1.5332669019699097, 0.0, 0.7229748368263245, 0.9763178825378418, 0.6880526542663574]",-19.409590496632074
8.699999999999989,157.32135009765625,26.503767013549805,11.979220390319824,-0.003509521484375,0.58203125,"[0.6513699293136597, 1.0, 0.07116220146417618, 0.9844651222229004]","[0.0, 0.0, 4.261057711119065e-06, 4.966666892869398e-05, -0.01669049821794033, 1.0, 0.016333334147930145, 4.261057711119065e-06, 0.0, 0.0, -0.9999986290931702, -0.016283666715025902, 0.0, 0.0]","[1.0, 0.0, 0.0, 1.5332669019699097, 0.0, 0.7229748368263245, 0.9763178825378418, 0.6880526542663574]",-19.62701560670117
8.74999999999999,157.37411499023438,25.905057907104492,12.046549797058105,-0.0037841796875,0.5859375,"[0.6469514966011047, 1.0, 0.0741586834192276, 0.9843354225158691]","[0.0, 0.0, 4.261057711119065e-06, 4.966666892869398e-05, -0.01669049821794033, 1.0, 0.016333334147930145, 4.261057711119065e-06, 0.0, 0.0, -0.9999986290931702, -0.016283666715025902, 0.0, 0.0]","[1.0, 0.0, 0.0, 1.5332669019699097, 0.0, 0.7229748368263245, 0.9763178825378418, 0.6880526542663574]",-19.838079406434456
8.79999999999999,157.42652893066406,25.302907943725586,12.115280151367188,-0.0037841796875,0.59765625,"[0.6424410939216614, 1.0, 0.07036571949720383, 0.983802080154419]","[0.0, 0.0, 4.261057711119065e-06, 4.966666892869398e-05, -0.01669049821794033, 1.0, 0.016333334147930145, 4.261057711119065e-06, 0.0, 0.0, -0.9999986290931702, -0.016283666715025902, 0.0, 0.0]","[1.0, 0.0, 0.0, 1.5332669019699097, 0.0, 0.7229748368263245, 0.9763178825378418, 0.6880526542663574]",-20.03621439583279
8.84999999999999,157.4788055419922,24.697221755981445,12.186849594116211,-0.0037841796875,0.61328125,"[0.6377444267272949, 1.0, 0.07623208314180374, 0.9819628000259399]","[0.0, 0.0, 4.261057711119065e-06, 4.966666892869398e-05, -0.01669049821794033, 1.0, 0.016333334147930145, 4.261057711119065e-06, 0.0, 0.0, -0.9999986290931702, -0.016283666715025902, 0.0, 0.0]","[1.0, 0.0, 0.0, 1.5332669019699097, 0.0, 0.7229748368263245, 0.9763178825378418, 0.6880526542663574]",-19.748304850705413
8.899999999999991,157.5308074951172,24.08775520324707,12.264349937438965,-0.0037841796875,0.6484375,"[0.6326584815979004, 1.0, 0.0770835131406784, 0.9778719544410706]","[0.0, 0.0, 4.261057711119065e-06, 4.966666892869398e-05, -0.01669049821794033, 1.0, 0.016333334147930145, 4.261057711119065e-06, 0.0, 0.0, -0.9999986290931702, -0.016283666715025902, 0.0, 0.0]","[1.0, 0.0, 0.0, 1.5332669019699097, 0.0, 0.7229748368263245, 0.9763178825378418, 0.6880526542663574]",-19.86881337824393
8.949999999999992,157.58265686035156,23.474079132080078,12.352279663085938,-0.00433349609375,0.69921875,"[0.6268881559371948, 1.0, 0.09169098734855652, 0.9711438417434692]","[0.0, 0.0, 4.261057711119065e-06, 4.966666892869398e-05, -0.01669049821794033, 1.0, 0.016333334147930145, 4.261057711119065e-06, 0.0, 0.0, -0.9999986290931702, -0.016283666715025902, 0.0, 0.0]","[1.0, 0.0, 0.0, 1.5332669019699097, 0.0, 0.7229748368263245, 0.9763178825378418, 0.6880526542663574]",-19.982111266899434
8.999999999999993,157.63414001464844,22.85547637939453,12.455719947814941,-0.005706787109375,0.75,"[0.6200999021530151, 1.0, 0.1056615337729454, 0.9636664986610413]","[0.0, 0.0, 4.261057711119065e-06, 4.966666892869398e-05, -0.01669049821794033, 1.0, 0.016333334147930145, 4.261057711119065e-06, 0.0, 0.0, -0.9999986290931702, -0.016283666715025902, 0.0, 0.0]","[1.0, 0.0, 0.0, 1.5332669019699097, 0.0, 0.7229748368263245, 0.9763178825378418, 0.6880526542663574]",-20.10652168781468
9.049999999999994,157.68515014648438,22.23104476928711,12.578120231628418,-0.008575439453125,0.8046875,"[0.612067461013794, 0.8062000274658203, 0.13324570655822754, 0.9550157785415649]","[0.0, 0.0, 4.261057711119065e-06, 4.966666892869398e-05, -0.01669049821794033, 1.0, 0.016333334147930145, 4.261057711119065e-06, 0.0, 0.0, -0.9999986290931702, -0.016283666715025902, 0.0, 0.0]","[1.0, 0.0, 0.0, 1.5332669019699097, 0.0, 0.7229748368263245, 0.9763178825378418, 0.6880526542663574]",-19.65237650698254
9.099999999999994,157.73513793945312,21.59969139099121,12.722350120544434,-0.01312255859375,0.8515625,"[0.6026024222373962, 0.6182000041007996, 0.16263779997825623, 0.9507480263710022]","[0.0, 0.0, 4.261057711119065e-06, 4.966666892869398e-05, -0.01669049821794033, 1.0, 0.016333334147930145, 4.261057711119065e-06, 0.0, 0.0, -0.9999986290931702, -0.016283666715025902, 0.0, 0.0]","[1.0, 0.0, 0.0, 1.5332669019699097, 0.0, 0.7229748368263245, 0.9763178825378418, 0.6880526542663574]",-19.71908929724169
9.149999999999995,157.78347778320312,20.9603214263916,12.886480331420898,-0.020111083984375,0.87890625,"[0.5918314456939697, 0.5095999836921692, 0.20086240768432617, 0.9423021674156189]","[0.0, 0.0, 4.261057711119065e-06, 4.966666892869398e-05, -0.01669049821794033, 1.0, 0.016333334147930145, 4.261057711119065e-06, 0.0, 0.0, -0.9999986290931702, -0.016283666715025902, 0.0, 0.0]","[1.0, 0.0, 0.0, 1.5332669019699097, 0.0, 0.7229748368263245, 0.9763178825378418, 0.6880526542663574]",-19.79077730566209
9.199999999999996,157.8291778564453,20.312026977539062,13.065750122070312,-0.02935791015625,0.88671875,"[0.5800670385360718, 0.4821999967098236, 0.23852349817752838, 0.9413766860961914]","[0.0, 0.0, 4.261057711119065e-06, 4.966666892869398e-05, -0.01669049821794033, 1.0, 0.016333334147930145, 4.261057711119065e-06, 0.0, 0.0, -0.9999986290931702, -0.016283666715025902, 0.0, 0.0]","[1.0, 0.0, 0.0, 1.5332669019699097, 0.0, 0.7229748368263245, 0.9763178825378418, 0.6880526542663574]",-19.866529106649022
9.249999999999996,157.8709716796875,19.654199600219727,13.254179954528809,-0.04034423828125,0.88671875,"[0.5677013397216797, 0.48820000886917114, 0.2768189013004303, 0.9377977252006531]","[0.0, 0.0, 4.261057711119065e-06, 4.966666892869398e-05, -0.01669049821794033, 1.0, 0.016333334147930145, 4.261057711119065e-06, 0.0, 0.0, -0.9999986290931702, -0.016283666715025902, 0.0, 0.0]","[1.0, 0.0, 0.0, 1.5332669019699097, 0.0, 0.7229748368263245, 0.9763178825378418, 0.6880526542663574]",-19.324073956947302
9.299999999999997,157.90744018554688,18.98646354675293,13.448249816894531,-0.0521240234375,0.88671875,"[0.5549656748771667, 0.4943000078201294, 0.3142474591732025, 0.9360103607177734]","[0.0, 0.0, 4.261057711119065e-06, 4.966666892869398e-05, -0.01669049821794033, 1.0, 0.016333334147930145, 4.261057711119065e-06, 0.0, 0.0, -0.9999986290931702, -0.016283666715025902, 0.0, 0.0]","[1.0, 0.0, 0.0, 1.5332669019699097, 0.0, 0.7229748368263245, 0.9763178825378418, 0.6880526542663574]",-19.36404642915334
9.349999999999998,157.93714904785156,18.308618545532227,13.645700454711914,-0.062744140625,0.88671875,"[0.5420080423355103, 0.5005000233650208, 0.34796175360679626, 0.9378162622451782]","[0.0, 0.0, 4.261057711119065e-06, 4.966666892869398e-05, -0.01669049821794033, 1.0, 0.016333334147930145, 4.261057711119065e-06, 0.0, 0.0, -0.9999986290931702, -0.016283666715025902, 0.0, 0.0]","[1.0, 0.0, 0.0, 1.5332669019699097, 0.0, 0.7229748368263245, 0.9763178825378418, 0.6880526542663574]",-19.640908811904435
9.399999999999999,157.95852661132812,17.620624542236328,13.843279838562012,-0.07330322265625,0.8671875,"[0.5290420055389404, 0.5940999984741211, 0.3762289881706238, 0.9359143376350403]","[0.0, 0.0, 4.261057711119065e-06, 4.966666892869398e-05, -0.01669049821794033, 1.0, 0.016333334147930145, 4.261057711119065e-06, 0.0, 0.0, -0.9999986290931702, -0.016283666715025902, 0.0, 0.0]","[1.0, 0.0, 0.0, 1.5332669019699097, 0.0, 0.7229748368263245, 0.9763178825378418, 0.6880526542663574]",-20.075258941338923
9.45,157.97003173828125,16.922649383544922,14.038869857788086,-0.082366943359375,0.8671875,"[0.5162065029144287, 0.6013000011444092, 0.39910855889320374, 0.9373935461044312]","[0.0, 0.0, 4.261057711119065e-06, 4.966666892869398e-05, -0.01669049821794033, 1.0, 0.016333334147930145, 4.261057711119065e-06, 0.0, 0.0, -0.9999986290931702, -0.016283666715025902, 0.0, 0.0]","[1.0, 0.0, 0.0, 1.5332669019699097, 0.0, 0.7229748368263245, 0.9763178825378418, 0.6880526542663574]",-20.219699238033716
9.5,157.96990966796875,16.214956283569336,14.232080459594727,-0.0921630859375,0.8671875,"[0.5035271644592285, 0.6080999970436096, 0.42559120059013367, 0.9330885410308838]","[0.0, 0.0, 4.261057711119065e-06, 4.966666892869398e-05, -0.01669049821794033, 1.0, 0.016333334147930145, 4.261057711119065e-06, 0.0, 0.0, -0.9999986290931702, -0.016283666715025902, 0.0, 0.0]","[1.0, 0.0, 0.0, 1.5332669019699097, 0.0, 0.7229748368263245, 0.9763178825378418, 0.6880526542663574]",-20.60924689734638
9.55,157.95635986328125,15.49790096282959,14.422730445861816,-0.1019287109375,0.8671875,"[0.49101585149765015, 0.6146000027656555, 0.45266464352607727, 0.9322131872177124]","[0.0, 0.0, 4.261057711119065e-06, 4.966666892869398e-05, -0.01669049821794033, 1.0, 0.016333334147930145, 4.261057711119065e-06, 0.0, 0.0, -0.9999986290931702, -0.016283666715025902, 0.0, 0.0]","[1.0, 0.0, 0.0, 1.5332669019699097, 0.0, 0.7229748368263245, 0.9763178825378418, 0.6880526542663574]",-20.99051357938029
9.600000000000001,157.92747497558594,14.771909713745117,14.612159729003906,-0.11236572265625,0.88671875,"[0.4785847067832947, 0.5295000076293945, 0.4832800030708313, 0.9299564361572266]","[0.0, 0.0, 4.261057711119065e-06, 4.966666892869398e-05, -0.01669049821794033, 1.0, 0.016333334147930145, 4.261057711119065e-06, 0.0, 0.0, -0.9999986290931702, -0.016283666715025902, 0.0, 0.0]","[1.0, 0.0, 0.0, 1.5332669019699097, 0.0, 0.7229748368263245, 0.9763178825378418, 0.6880526542663574]",-21.369217540072402
9.650000000000002,157.88180541992188,14.045369148254395,14.55663013458252,-0.1243896484375,0.890625,"[0.4822288155555725, 0.5098999738693237, 0.35224270820617676, 0.6865378618240356]","[0.0, 0.0, 4.261057711119065e-06, 4.966666892869398e-05, -0.01669049821794033, 1.0, 0.016333334147930145, 4.261057711119065e-06, 0.0, 0.0, -0.9999986290931702, -0.016283666715025902, 0.0, 0.0]","[1.0, 0.0, 0.0, 1.5332669019699097, 0.0, 0.7229748368263245, 0.9763178825378418, 0.6880526542663574]",-21.420288615881667
9.700000000000003,157.81747436523438,13.322061538696289,14.532710075378418,-0.137786865234375,0.89453125,"[0.4837985038757324, 0.4887999892234802, 0.4056057035923004, 0.9357449412345886]","[0.0, 0.0, 4.261057711119065e-06, 4.966666892869398e-05, -0.01669049821794033, 1.0, 0.016333334147930145, 4.261057711119065e-06, 0.0, 0.0, -0.9999986290931702, -0.016283666715025902, 0.0, 0.0]","[1.0, 0.0, 0.0, 1.5332669019699097, 0.0, 0.7229748368263245, 0.9763178825378418, 0.6880526542663574]",-21.829289156936994
9.750000000000004,157.7318878173828,12.596074104309082,14.740630149841309,-0.151092529296875,0.89453125,"[0.47015392780303955, 0.49140000343322754, 0.565299928188324, 0.69505774974823]","[0.0, 0.0, 4.261057711119065e-06, 4.966666892869398e-05, -0.01669049821794033, 1.0, 0.016333334147930145, 4.261057711119065e-06, 0.0, 0.0, -0.9999986290931702, -0.016283666715025902, 0.0, 0.0]","[1.0, 0.0, 0.0, 1.5332669019699097, 0.0, 0.7229748368263245, 0.9763178825378418, 0.6880526542663574]",-22.254863075720294
9.800000000000004,157.6221160888672,11.861258506774902,14.953800201416016,-0.16351318359375,0.89453125,"[0.4561646580696106, 0.4964999854564667, 0.6462377905845642, 0.9178950190544128]","[0.0, 0.0, 4.261057711119065e-06, 4.966666892869398e-05, -0.01669049821794033, 1.0, 0.016333334147930145, 4.261057711119065e-06, 0.0, 0.0, -0.9999986290931702, -0.016283666715025902, 0.0, 0.0]","[1.0, 0.0, 0.0, 1.5332669019699097, 0.0, 0.7229748368263245, 0.9763178825378418, 0.6880526542663574]",-22.69464975351135
9.850000000000005,157.48643493652344,11.121115684509277,15.132149696350098,-0.17333984375,0.859375,"[0.4444606304168701, 0.6685000061988831, 0.6482378244400024, 0.898970365524292]","[0.0, 0.0, 4.261057711119065e-06, 4.966666892869398e-05, -0.01669049821794033, 1.0, 0.016333334147930145, 4.261057711119065e-06, 0.0, 0.0, -0.9999986290931702, -0.016283666715025902, 0.0, 0.0]","[1.0, 0.0, 0.0, 1.5332669019699097, 0.0, 0.7229748368263245, 0.9763178825378418, 0.6880526542663574]",-22.85506929697727
9.900000000000006,157.32321166992188,10.378727912902832,15.274820327758789,-0.183868408203125,0.7578125,"[0.435097873210907, 1.0, 0.6509002447128296, 0.9005125761032104]","[0.0, 0.0, 4.261057711119065e-06, 4.966666892869398e-05, -0.01669049821794033, 1.0, 0.016333334147930145, 4.261057711119065e-06, 0.0, 0.0, -0.9999986290931702, -0.016283666715025902, 0.0, 0.0]","[1.0, 0.0, 0.0, 1.5332669019699097, 0.0, 0.7229748368263245, 0.9763178825378418, 0.6880526542663574]",-23.280831783736108
9.950000000000006,157.1308135986328,9.637642860412598,15.372429847717285,-0.197662353515625,0.58984375,"[0.42869240045547485, 1.0, 0.6141349673271179, 0.8924821019172668]","[0.0, 0.0, 4.261057711119065e-06, 4.966666892869398e-05, -0.01669049821794033, 1.0, 0.016333334147930145, 4.261057711119065e-06, 0.0, 0.0, -0.9999986290931702, -0.016283666715025902, 0.0, 0.0]","[1.0, 0.0, 0.0, 1.5332669019699097, 0.0, 0.7229748368263245, 0.9763178825378418, 0.6880526542663574]",-23.69507867291612
10.000000000000007,156.9079132080078,8.90216064453125,15.414039611816406,-0.21453857421875,0.444427490234375,"[0.4259617328643799, 1.0, 0.5681775808334351, 0.8852069973945618]","[0.0, 0.0, 4.261057711119065e-06, 4.966666892869398e-05, -0.01669049821794033, 1.0, 0.016333334147930145, 4.261057711119065e-06, 0.0, 0.0, -0.9999986290931702, -0.016283666715025902, 0.0, 0.0]","[1.0, 0.0, 0.0, 1.5332669019699097, 0.0, 0.7229748368263245, 0.9763178825378418, 0.6880526542663574]",-24.10398149054491
10.050000000000008,156.65371704101562,8.176953315734863,15.396780014038086,-0.230926513671875,0.2896728515625,"[0.42709434032440186, 1.0, 0.5200408697128296, 0.8854281902313232]","[0.0, 0.0, 4.261057711119065e-06, 4.966666892869398e-05, -0.01669049821794033, 1.0, 0.016333334147930145, 4.261057711119065e-06, 0.0, 0.0, -0.9999986290931702, -0.016283666715025902, 0.0, 0.0]","[1.0, 0.0, 0.0, 1.5332669019699097, 0.0, 0.7229748368263245, 0.9763178825378418, 0.6880526542663574]",-24.188003851923934
10.100000000000009,156.36813354492188,7.466662406921387,15.324190139770508,-0.243316650390625,0.20000000298023224,"[0.4318580627441406, 1.0, 0.5486944317817688, 0.8837345838546753]","[0.0, 0.0, 4.261057711119065e-06, 4.966666892869398e-05, -0.01669049821794033, 1.0, 0.016333334147930145, 4.261057711119065e-06, 0.0, 0.0, -0.9999986290931702, -0.016283666715025902, 0.0, 0.0]","[1.0, 0.0, 0.0, 1.5332669019699097, 0.0, 0.7229748368263245, 0.9763178825378418, 0.6880526542663574]",-24.559647884281244
10.15000000000001,156.0515899658203,6.775407791137695,15.21008014678955,-0.25146484375,0.20000000298023224,"[0.4393464922904968, 1.0, 0.5898804664611816, 0.8949966430664062]","[0.0, 0.0, 4.261057711119065e-06, 4.966666892869398e-05, -0.01669049821794033, 1.0, 0.016333334147930145, 4.261057711119065e-06, 0.0, 0.0, -0.9999986290931702, -0.016283666715025902, 0.0, 0.0]","[1.0, 0.0, 0.0, 1.5332669019699097, 0.0, 0.7229748368263245, 0.9763178825378418, 0.6880526542663574]",-24.90043946386717
10.20000000000001,155.7047576904297,6.106348514556885,15.072239875793457,-0.256927490234375,0.20000000298023224,"[0.4483921527862549, 1.0, 0.6065072417259216, 0.9152511358261108]","[0.0, 0.0, 4.261057711119065e-06, 4.966666892869398e-05, -0.01669049821794033, 1.0, 0.016333334147930145, 4.261057711119065e-06, 0.0, 0.0, -0.9999986290931702, -0.016283666715025902, 0.0, 0.0]","[1.0, 0.0, 0.0, 1.5332669019699097, 0.0, 0.7229748368263245, 0.9763178825378418, 0.6880526542663574]",-25.200192725115286
10.25000000000001,155.32810974121094,5.46270751953125,14.909330368041992,-0.263916015625,0.20000000298023224,"[0.4590829610824585, 1.0, 0.623518705368042, 0.9032197594642639]","[0.0, 0.0, 4.261057711119065e-06, 4.966666892869398e-05, -0.01669049821794033, 1.0, 0.016333334147930145, 4.261057711119065e-06, 0.0, 0.0, -0.9999986290931702, -0.016283666715025902, 0.0, 0.0]","[1.0, 0.0, 0.0, 1.5332669019699097, 0.0, 0.7229748368263245, 0.9763178825378418, 0.6880526542663574]",-25.121781920703654
10.300000000000011,154.9224090576172,4.8474955558776855,14.730340003967285,-0.27191162109375,0.20000000298023224,"[0.47082918882369995, 1.0, 0.6333898901939392, 0.9122796654701233]","[0.0, 0.0, 4.261057711119065e-06, 4.966666892869398e-05, -0.01669049821794033, 1.0, 0.016333334147930145, 4.261057711119065e-06, 0.0, 0.0, -0.9999986290931702, -0.016283666715025902, 0.0, 0.0]","[1.0, 0.0, 0.0, 1.5332669019699097, 0.0, 0.7229748368263245, 0.9763178825378418, 0.6880526542663574]",-25.358739627534966
10.350000000000012,154.48886108398438,4.263297080993652,14.540349960327148,-0.2779541015625,0.2023773193359375,"[0.4832971692085266, 1.0, 0.639247477054596, 0.9157748222351074]","[0.0, 0.0, 4.261057711119065e-06, 4.966666892869398e-05, -0.01669049821794033, 1.0, 0.016333334147930145, 4.261057711119065e-06, 0.0, 0.0, -0.9999986290931702, -0.016283666715025902, 0.0, 0.0]","[1.0, 0.0, 0.0, 1.5332669019699097, 0.0, 0.7229748368263245, 0.9763178825378418, 0.6880526542663574]",-25.56138102533285
10.400000000000013,154.02891540527344,3.712265729904175,14.346810340881348,-0.279388427734375,0.23809814453125,"[0.4959980845451355, 1.0, 0.6392685770988464, 0.923659086227417]","[0.0, 0.0, 4.261057711119065e-06, 4.966666892869398e-05, -0.01669049821794033, 1.0, 0.016333334147930145, 4.261057711119065e-06, 0.0, 0.0, -0.9999986290931702, -0.016283666715025902, 0.0, 0.0]","[1.0, 0.0, 0.0, 1.5332669019699097, 0.0, 0.7229748368263245, 0.9763178825378418, 0.6880526542663574]",-25.73288545440677
10.450000000000014,153.54412841796875,3.196096420288086,14.158550262451172,-0.27850341796875,0.3491973876953125,"[0.508352518081665, 1.0, 0.6322166919708252, 0.9297037720680237]","[0.0, 0.0, 4.261057711119065e-06, 4.966666892869398e-05, -0.01669049821794033, 1.0, 0.016333334147930145, 4.261057711119065e-06, 0.0, 0.0, -0.9999986290931702, -0.016283666715025902, 0.0, 0.0]","[1.0, 0.0, 0.0, 1.5332669019699097, 0.0, 0.7229748368263245, 0.9763178825378418, 0.6880526542663574]",-25.490506329582978
10.500000000000014,153.03591918945312,2.715900182723999,13.987919807434082,-0.274322509765625,0.4722137451171875,"[0.519550085067749, 1.0, 0.6152549386024475, 0.9395424127578735]","[0.0, 0.0, 4.261057711119065e-06, 4.966666892869398e-05, -0.01669049821794033, 1.0, 0.016333334147930145, 4.261057711119065e-06, 0.0, 0.0, -0.9999986290931702, -0.016283666715025902, 0.0, 0.0]","[1.0, 0.0, 0.0, 1.5332669019699097, 0.0, 0.7229748368263245, 0.9763178825378418, 0.6880526542663574]",-25.58237775314933
10.550000000000015,152.5055389404297,2.272203207015991,13.843850135803223,-0.266326904296875,0.5390625,"[0.5290045738220215, 1.0, 0.5916031002998352, 0.9450162649154663]","[0.0, 0.0, 4.261057711119065e-06, 4.966666892869398e-05, -0.01669049821794033, 1.0, 0.016333334147930145, 4.261057711119065e-06, 0.0, 0.0, -0.9999986290931702, -0.016283666715025902, 0.0, 0.0]","[1.0, 0.0, 0.0, 1.5332669019699097, 0.0, 0.7229748368263245, 0.9763178825378418, 0.6880526542663574]",-25.628042441730937
10.600000000000016,151.9542999267578,1.8650444746017456,13.730290412902832,-0.253387451171875,0.60546875,"[0.5364568829536438, 1.0, 0.5657692551612854, 0.9456238150596619]","[0.0, 0.0, 4.261057711119065e-06, 4.966666892869398e-05, -0.01669049821794033, 1.0, 0.016333334147930145, 4.261057711119065e-06, 0.0, 0.0, -0.9999986290931702, -0.016283666715025902, 0.0, 0.0]","[1.0, 0.0, 0.0, 1.5332669019699097, 0.0, 0.7229748368263245, 0.9763178825378418, 0.6880526542663574]",-25.628530854849938
10.650000000000016,151.3834686279297,1.4940232038497925,13.651240348815918,-0.23675537109375,0.70703125,"[0.5416445136070251, 1.0, 0.5375775694847107, 0.9463188052177429]","[0.0, 0.0, 4.261057711119065e-06, 4.966666892869398e-05, -0.01669049821794033, 1.0, 0.016333334147930145, 4.261057711119065e-06, 0.0, 0.0, -0.9999986290931702, -0.016283666715025902, 0.0, 0.0]","[1.0, 0.0, 0.0, 1.5332669019699097, 0.0, 0.7229748368263245, 0.9763178825378418, 0.6880526542663574]",-25.075876745658856
10.700000000000017,150.7941436767578,1.1584842205047607,13.609350204467773,-0.22088623046875,0.7890625,"[0.5443935394287109, 0.8781999945640564, 0.5191531181335449, 0.9515998363494873]","[0.0, 0.0, 4.261057711119065e-06, 4.966666892869398e-05, -0.01669049821794033, 1.0, 0.016333334147930145, 4.261057711119065e-06, 0.0, 0.0, -0.9999986290931702, -0.016283666715025902, 0.0, 0.0]","[1.0, 0.0, 0.0, 1.5332669019699097, 0.0, 0.7229748368263245, 0.9763178825378418, 0.6880526542663574]",-24.955504504300183
10.750000000000018,150.18727111816406,0.8576139807701111,13.602970123291016,-0.206146240234375,0.8203125,"[0.5448122024536133, 0.75, 0.5525538325309753, 0.9557519555091858]","[0.0, 0.0, 4.261057711119065e-06, 4.966666892869398e-05, -0.01669049821794033, 1.0, 0.016333334147930145, 4.261057711119065e-06, 0.0, 0.0, -0.9999986290931702, -0.016283666715025902, 0.0, 0.0]","[1.0, 0.0, 0.0, 1.5332669019699097, 0.0, 0.7229748368263245, 0.9763178825378418, 0.6880526542663574]",-24.8280786081555
10.800000000000018,149.5638885498047,0.5905601978302002,13.62539005279541,-0.19354248046875,0.828125,"[0.5433409214019775, 0.7207000255584717, 0.5735999941825867, 0.954290509223938]","[0.0, 0.0, 4.261057711119065e-06, 4.966666892869398e-05, -0.01669049821794033, 1.0, 0.016333334147930145, 4.261057711119065e-06, 0.0, 0.0, -0.9999986290931702, -0.016283666715025902, 0.0, 0.0]","[1.0, 0.0, 0.0, 1.5332669019699097, 0.0, 0.7229748368263245, 0.9763178825378418, 0.6880526542663574]",-24.685762446841892
10.85000000000002,148.92527770996094,0.35622748732566833,13.67240047454834,-0.17974853515625,0.83984375,"[0.5402559041976929, 0.6764000058174133, 0.5904721021652222, 0.9466663002967834]","[0.0, 0.0, 4.261057711119065e-06, 4.966666892869398e-05, -0.01669049821794033, 1.0, 0.016333334147930145, 4.261057711119065e-06, 0.0, 0.0, -0.9999986290931702, -0.016283666715025902, 0.0, 0.0]","[1.0, 0.0, 0.0, 1.5332669019699097, 0.0, 0.7229748368263245, 0.9763178825378418, 0.6880526542663574]",-23.9248359141917
10.90000000000002,148.2726287841797,0.1530703753232956,13.74213981628418,-0.1629638671875,0.8515625,"[0.5356793403625488, 0.6330000162124634, 0.6055701375007629, 0.9367840886116028]","[0.0, 0.0, 4.261057711119065e-06, 4.966666892869398e-05, -0.01669049821794033, 1.0, 0.016333334147930145, 4.261057711119065e-06, 0.0, 0.0, -0.9999986290931702, -0.016283666715025902, 0.0, 0.0]","[1.0, 0.0, 0.0, 1.5332669019699097, 0.0, 0.7229748368263245, 0.9763178825378418, 0.6880526542663574]",-23.628366108484222
10.95000000000002,147.6070556640625,-0.021228542551398277,13.835359573364258,-0.139129638671875,0.8671875,"[0.5295617580413818, 0.5738000273704529, 0.6212391257286072, 0.9169875979423523]","[0.0, 0.0, 4.261057711119065e-06, 4.966666892869398e-05, -0.01669049821794033, 1.0, 0.016333334147930145, 4.261057711119065e-06, 0.0, 0.0, -0.9999986290931702, -0.016283666715025902, 0.0, 0.0]","[1.0, 0.0, 0.0, 1.5332669019699097, 0.0, 0.7229748368263245, 0.9763178825378418, 0.6880526542663574]",-23.413339810650537
11.000000000000021,146.92941284179688,-0.16930656135082245,13.948789596557617,-0.114959716796875,0.88671875,"[0.5221179723739624, 0.4964999854564667, 0.611923098564148, 0.9116412997245789]","[0.0, 0.0, 4.261057711119065e-06, 4.966666892869398e-05, -0.01669049821794033, 1.0, 0.016333334147930145, 4.261057711119065e-06, 0.0, 0.0, -0.9999986290931702, -0.016283666715025902, 0.0, 0.0]","[1.0, 0.0, 0.0, 1.5332669019699097, 0.0, 0.7229748368263245, 0.9763178825378418, 0.6880526542663574]",-23.328362830566807
11.050000000000022,146.2404022216797,-0.2942367196083069,14.081589698791504,-0.08831787109375,0.9140625,"[0.513403058052063, 0.382999986410141, 0.5592386722564697, 0.8977873921394348]","[0.0, 0.0, 4.261057711119065e-06, 4.966666892869398e-05, -0.01669049821794033, 1.0, 0.016333334147930145, 4.261057711119065e-06, 0.0, 0.0, -0.9999986290931702, -0.016283666715025902, 0.0, 0.0]","[1.0, 0.0, 0.0, 1.5332669019699097, 0.0, 0.7229748368263245, 0.9763178825378418, 0.6880526542663574]",-22.68625429306591
11.100000000000023,145.54049682617188,-0.3988823890686035,14.229490280151367,-0.067779541015625,0.93359375,"[0.5036971569061279, 0.30079999566078186, 0.5144211053848267, 0.9080082178115845]","[0.0, 0.0, 4.261057711119065e-06, 4.966666892869398e-05, -0.01669049821794033, 1.0, 0.016333334147930145, 4.261057711119065e-06, 0.0, 0.0, -0.9999986290931702, -0.016283666715025902, 0.0, 0.0]","[1.0, 0.0, 0.0, 1.5332669019699097, 0.0, 0.7229748368263245, 0.9763178825378418, 0.6880526542663574]",-22.545163312896165
11.150000000000023,144.83006286621094,-0.4858541786670685,14.389599800109863,-0.0521240234375,0.9453125,"[0.49319005012512207, 0.2517000138759613, 0.47308745980262756, 0.91396164894104]","[0.0, 0.0, 4.261057711119065e-06, 4.966666892869398e-05, -0.01669049821794033, 1.0, 0.016333334147930145, 4.261057711119065e-06, 0.0, 0.0, -0.9999986290931702, -0.016283666715025902, 0.0, 0.0]","[1.0, 0.0, 0.0, 1.5332669019699097, 0.0, 0.7229748368263245, 0.9763178825378418, 0.6880526542663574]",-22.416080787423077
11.200000000000024,144.1093292236328,-0.5579715371131897,14.560420036315918,-0.037139892578125,0.95703125,"[0.4819800853729248, 0.2011999934911728, 0.4268782138824463, 0.909332811832428]","[0.0, 0.0, 4.261057711119065e-06, 4.966666892869398e-05, -0.01669049821794033, 1.0, 0.016333334147930145, 4.261057711119065e-06, 0.0, 0.0, -0.9999986290931702, -0.016283666715025902, 0.0, 0.0]","[1.0, 0.0, 0.0, 1.5332669019699097, 0.0, 0.7229748368263245, 0.9763178825378418, 0.6880526542663574]",-22.26879121944896
11.250000000000025,143.37847900390625,-0.6179680228233337,14.739760398864746,-0.02496337890625,0.96484375,"[0.4702109694480896, 0.1673000007867813, 0.3818202018737793, 0.9150165319442749]","[0.0, 0.0, 4.261057711119065e-06, 4.966666892869398e-05, -0.01669049821794033, 1.0, 0.016333334147930145, 4.261057711119065e-06, 0.0, 0.0, -0.9999986290931702, -0.016283666715025902, 0.0, 0.0]","[1.0, 0.0, 0.0, 1.5332669019699097, 0.0, 0.7229748368263245, 0.9763178825378418, 0.6880526542663574]",-21.629629322828745
11.300000000000026,142.6375732421875,-0.6684221625328064,14.925999641418457,-0.014404296875,0.97265625,"[0.4579891562461853, 0.13220000267028809, 0.3323991000652313, 0.918082594871521]","[0.0, 0.0, 4.261057711119065e-06, 4.966666892869398e-05, -0.01669049821794033, 1.0, 0.016333334147930145, 4.261057711119065e-06, 0.0, 0.0, -0.9999986290931702, -0.016283666715025902, 0.0, 0.0]","[1.0, 0.0, 0.0, 1.5332669019699097, 0.0, 0.7229748368263245, 0.9763178825378418, 0.6880526542663574]",-21.480173667415357
11.350000000000026,141.8866424560547,-0.711717426776886,15.117639541625977,-0.00555419921875,0.9765625,"[0.445412814617157, 0.11509999632835388, 0.2878738343715668, 0.9232020378112793]","[0.0, 0.0, 4.261057711119065e-06, 4.966666892869398e-05, -0.01669049821794033, 1.0, 0.016333334147930145, 4.261057711119065e-06, 0.0, 0.0, -0.9999986290931702, -0.016283666715025902, 0.0, 0.0]","[1.0, 0.0, 0.0, 1.5332669019699097, 0.0, 0.7229748368263245, 0.9763178825378418, 0.6880526542663574]",-21.384005122964357
11.400000000000027,141.1256561279297,-0.7499493956565857,15.313400268554688,0.0013427734375,0.98046875,"[0.4325660467147827, 0.09730000048875809, 0.24978505074977875, 0.9300406575202942]","[0.0, 0.0, 4.261057711119065e-06, 4.966666892869398e-05, -0.01669049821794033, 1.0, 0.016333334147930145, 4.261057711119065e-06, 0.0, 0.0, -0.9999986290931702, -0.016283666715025902, 0.0, 0.0]","[1.0, 0.0, 0.0, 1.5332669019699097, 0.0, 0.7229748368263245, 0.9763178825378418, 0.6880526542663574]",-21.48301611226902
11.450000000000028,140.35458374023438,-0.7845689058303833,15.512200355529785,0.0032958984375,0.98046875,"[0.4195200204849243, 0.09860000014305115, 0.22788217663764954, 0.947128415107727]","[0.0, 0.0, 4.261057711119065e-06, 4.966666892869398e-05, -0.01669049821794033, 1.0, 0.016333334147930145, 4.261057711119065e-06, 0.0, 0.0, -0.9999986290931702, -0.016283666715025902, 0.0, 0.0]","[1.0, 0.0, 0.0, 1.5332669019699097, 0.0, 0.7229748368263245, 0.9763178825378418, 0.6880526542663574]",-21.497196483986706
11.500000000000028,139.57337951660156,-0.8166447877883911,15.713210105895996,0.0032958984375,0.98046875,"[0.40632885694503784, 0.09989999979734421, 0.21202418208122253, 0.9538000822067261]","[0.0, 0.0, 4.261057711119065e-06, 4.966666892869398e-05, -0.01669049821794033, 1.0, 0.016333334147930145, 4.261057711119065e-06, 0.0, 0.0, -0.9999986290931702, -0.016283666715025902, 0.0, 0.0]","[1.0, 0.0, 0.0, 1.5332669019699097, 0.0, 0.7229748368263245, 0.9763178825378418, 0.6880526542663574]",-21.76892154379914
11.55000000000003,138.78201293945312,-0.8470205664634705,15.91588020324707,0.002349853515625,0.98046875,"[0.3930286765098572, 0.10119999945163727, 0.20200175046920776, 0.9589967131614685]","[0.0, 0.0, 4.261057711119065e-06, 4.966666892869398e-05, -0.01669049821794033, 1.0, 0.016333334147930145, 4.261057711119065e-06, 0.0, 0.0, -0.9999986290931702, -0.016283666715025902, 0.0, 0.0]","[1.0, 0.0, 0.0, 1.5332669019699097, 0.0, 0.7229748368263245, 0.9763178825378418, 0.6880526542663574]",-22.053593406651647
11.60000000000003,137.98046875,-0.876298725605011,16.12010955810547,0.000885009765625,0.984375,"[0.37962621450424194, 0.0820000022649765, 0.196000874042511, 0.9635888934135437]","[0.0, 0.0, 4.261057711119065e-06, 4.966666892869398e-05, -0.01669049821794033, 1.0, 0.016333334147930145, 4.261057711119065e-06, 0.0, 0.0, -0.9999986290931702, -0.016283666715025902, 0.0, 0.0]","[1.0, 0.0, 0.0, 1.5332669019699097, 0.0, 0.7229748368263245, 0.9763178825378418, 0.6880526542663574]",-22.366508114532756
11.65000000000003,137.1686553955078,-0.9050226211547852,16.325870513916016,0.00067138671875,0.984375,"[0.3661232590675354, 0.08299999684095383, 0.18898329138755798, 0.9626865983009338]","[0.0, 0.0, 4.261057711119065e-06, 4.966666892869398e-05, -0.01669049821794033, 1.0, 0.016333334147930145, 4.261057711119065e-06, 0.0, 0.0, -0.9999986290931702, -0.016283666715025902, 0.0, 0.0]","[1.0, 0.0, 0.0, 1.5332669019699097, 0.0, 0.7229748368263245, 0.9763178825378418, 0.6880526542663574]",-22.45979856586264
11.700000000000031,136.34654235839844,-0.9336575269699097,16.533140182495117,0.001129150390625,0.98828125,"[0.35252130031585693, 0.06300000101327896, 0.18343865871429443, 0.9637527465820312]","[0.0, 0.0, 4.261057711119065e-06, 4.966666892869398e-05, -0.01669049821794033, 1.0, 0.016333334147930145, 4.261057711119065e-06, 0.0, 0.0, -0.9999986290931702, -0.016283666715025902, 0.0, 0.0]","[1.0, 0.0, 0.0, 1.5332669019699097, 0.0, 0.7229748368263245, 0.9763178825378418, 0.6880526542663574]",-22.854927833052166
11.750000000000032,135.51400756835938,-0.9624824523925781,16.741939544677734,0.00115966796875,0.98828125,"[0.33881890773773193, 0.06379999965429306, 0.18735910952091217, 0.9672271013259888]","[0.0, 0.0, 4.261057711119065e-06, 4.966666892869398e-05, -0.01669049821794033, 1.0, 0.016333334147930145, 4.261057711119065e-06, 0.0, 0.0, -0.9999986290931702, -0.016283666715025902, 0.0, 0.0]","[1.0, 0.0, 0.0, 1.5332669019699097, 0.0, 0.7229748368263245, 0.9763178825378418, 0.6880526542663574]",-23.305011185202936
11.800000000000033,134.67103576660156,-0.9916635155677795,16.95199966430664,0.0010986328125,0.98828125,"[0.32503390312194824, 0.06459999829530716, 0.19044217467308044, 0.9686102867126465]","[0.0, 0.0, 4.261057711119065e-06, 4.966666892869398e-05, -0.01669049821794033, 1.0, 0.016333334147930145, 4.261057711119065e-06, 0.0, 0.0, -0.9999986290931702, -0.016283666715025902, 0.0, 0.0]","[1.0, 0.0, 0.0, 1.5332669019699097, 0.0, 0.7229748368263245, 0.9763178825378418, 0.6880526542663574]",-23.799538257240886
11.850000000000033,133.8175506591797,-1.0213199853897095,17.163150787353516,0.001068115234375,0.98828125,"[0.31117719411849976, 0.06539999693632126, 0.19263869524002075, 0.9692339897155762]","[0.0, 0.0, 4.261057711119065e-06, 4.966666892869398e-05, -0.01669049821794033, 1.0, 0.016333334147930145, 4.261057711119065e-06, 0.0, 0.0, -0.9999986290931702, -0.016283666715025902, 0.0, 0.0]","[1.0, 0.0, 0.0, 1.5332669019699097, 0.0, 0.7229748368263245, 0.9763178825378418, 0.6880526542663574]",-24.17907618907097
11.900000000000034,132.95347595214844,-1.0515211820602417,17.3752498626709,0.00091552734375,0.98828125,"[0.29725831747055054, 0.06620000302791595, 0.1937410980463028, 0.9698054790496826]","[0.0, 0.0, 4.261057711119065e-06, 4.966666892869398e-05, -0.01669049821794033, 1.0, 0.016333334147930145, 4.261057711119065e-06, 0.0, 0.0, -0.9999986290931702, -0.016283666715025902, 0.0, 0.0]","[1.0, 0.0, 0.0, 1.5332669019699097, 0.0, 0.7229748368263245, 0.9763178825378418, 0.6880526542663574]",-24.746315216988698
11.950000000000035,132.07882690429688,-1.0823220014572144,17.588239669799805,0.00091552734375,0.98828125,"[0.28328096866607666, 0.06700000166893005, 0.19488702714443207, 0.9697540402412415]","[0.0, 0.0, 4.261057711119065e-06, 4.966666892869398e-05, -0.01669049821794033, 1.0, 0.016333334147930145, 4.261057711119065e-06, 0.0, 0.0, -0.9999986290931702, -0.016283666715025902, 0.0, 0.0]","[1.0, 0.0, 0.0, 1.5332669019699097, 0.0, 0.7229748368263245, 0.9763178825378418, 0.6880526542663574]",-25.33586344188839
12.000000000000036,131.19351196289062,-1.1137579679489136,17.802040100097656,0.000885009765625,0.98828125,"[0.26925039291381836, 0.06780000030994415, 0.19556306302547455, 0.9698488116264343]","[0.0, 0.0, 4.261057711119065e-06, 4.966666892869398e-05, -0.01669049821794033, 1.0, 0.016333334147930145, 4.261057711119065e-06, 0.0, 0.0, -0.9999986290931702, -0.016283666715025902, 0.0, 0.0]","[1.0, 0.0, 0.0, 1.5332669019699097, 0.0, 0.7229748368263245, 0.9763178825378418, 0.6880526542663574]",-25.943350473052494
12.050000000000036,130.29750061035156,-1.1458511352539062,18.016620635986328,0.000885009765625,0.98828125,"[0.2551686763763428, 0.06870000064373016, 0.19615119695663452, 0.9697988629341125]","[0.0, 0.0, 4.261057711119065e-06, 4.966666892869398e-05, -0.01669049821794033, 1.0, 0.016333334147930145, 4.261057711119065e-06, 0.0, 0.0, -0.9999986290931702, -0.016283666715025902, 0.0, 0.0]","[1.0, 0.0, 0.0, 1.5332669019699097, 0.0, 0.7229748368263245, 0.9763178825378418, 0.6880526542663574]",-26.426346455160775
12.100000000000037,129.39149475097656,-1.1785888671875,18.163610458374023,0.000885009765625,0.9609375,"[0.24552255868911743, 0.23229999840259552, 0.13654637336730957, 0.9000457525253296]","[0.0, 0.0, 4.261057711119065e-06, 4.966666892869398e-05, -0.01669049821794033, 1.0, 0.016333334147930145, 4.261057711119065e-06, 0.0, 0.0, -0.9999986290931702, -0.016283666715025902, 0.0, 0.0]","[1.0, 0.0, 0.0, 1.5332669019699097, 0.0, 0.7229748368263245, 0.9763178825378418, 0.6880526542663574]",-27.086195336036617
12.150000000000038,128.484130859375,-1.2116706371307373,18.164600372314453,0.000885009765625,0.94921875,"[0.24545758962631226, 0.30630001425743103, 0.00818813219666481, 0.8272990584373474]","[0.0, 0.0, 4.261057711119065e-06, 4.966666892869398e-05, -0.01669049821794033, 1.0, 0.016333334147930145, 4.261057711119065e-06, 0.0, 0.0, -0.9999986290931702, -0.016283666715025902, 0.0, 0.0]","[1.0, 0.0, 0.0, 1.5332669019699097, 0.0, 0.7229748368263245, 0.9763178825378418, 0.6880526542663574]",-27.76312493060321
12.200000000000038,127.57744598388672,-1.2450668811798096,18.155010223388672,0.00128173828125,0.9453125,"[0.2460869550704956, 0.3294999897480011, 0.014874899759888649, 0.9860005378723145]","[0.0, 0.0, 4.261057711119065e-06, 4.966666892869398e-05, -0.01669049821794033, 1.0, 0.016333334147930145, 4.261057711119065e-06, 0.0, 0.0, -0.9999986290931702, -0.016283666715025902, 0.0, 0.0]","[1.0, 0.0, 0.0, 1.5332669019699097, 0.0, 0.7229748368263245, 0.9763178825378418, 0.6880526542663574]",-28.454539673924632
12.250000000000039,126.66183471679688,-1.279286503791809,18.426759719848633,0.00274658203125,0.94140625,"[0.2282535433769226, 0.3490000069141388, 0.20170824229717255, 0.6413105130195618]","[0.0, 0.0, 4.261057711119065e-06, 4.966666892869398e-05, -0.01669049821794033, 1.0, 0.016333334147930145, 4.261057711119065e-06, 0.0, 0.0, -0.9999986290931702, -0.016283666715025902, 0.0, 0.0]","[1.0, 0.0, 0.0, 1.5332669019699097, 0.0, 0.7229748368263245, 0.9763178825378418, 0.6880526542663574]",-29.040292121740148
12.30000000000004,125.73448944091797,-1.314450979232788,18.640750885009766,0.002532958984375,0.94140625,"[0.21421045064926147, 0.35519999265670776, 0.1994958072900772, 0.9022660851478577]","[0.0, 0.0, 4.261057711119065e-06, 4.966666892869398e-05, -0.01669049821794033, 1.0, 0.016333334147930145, 4.261057711119065e-06, 0.0, 0.0, -0.9999986290931702, -0.016283666715025902, 0.0, 0.0]","[1.0, 0.0, 0.0, 1.5332669019699097, 0.0, 0.7229748368263245, 0.9763178825378418, 0.6880526542663574]",-29.78048907744363
12.35000000000004,124.79737854003906,-1.3503248691558838,18.82522964477539,0.00091552734375,0.9296875,"[0.20210415124893188, 0.4316999912261963, 0.1690039485692978, 0.9392023086547852]","[0.0, 0.0, 4.261057711119065e-06, 4.966666892869398e-05, -0.01669049821794033, 1.0, 0.016333334147930145, 4.261057711119065e-06, 0.0, 0.0, -0.9999986290931702, -0.016283666715025902, 0.0, 0.0]","[1.0, 0.0, 0.0, 1.5332669019699097, 0.0, 0.7229748368263245, 0.9763178825378418, 0.6880526542663574]",-30.54160384381414
12.400000000000041,123.85177612304688,-1.3866149187088013,18.9881591796875,-0.00140380859375,0.90234375,"[0.19141197204589844, 0.6061999797821045, 0.1436593383550644, 0.9504480361938477]","[0.0, 0.0, 4.261057711119065e-06, 4.966666892869398e-05, -0.01669049821794033, 1.0, 0.016333334147930145, 4.261057711119065e-06, 0.0, 0.0, -0.9999986290931702, -0.016283666715025902, 0.0, 0.0]","[1.0, 0.0, 0.0, 1.5332669019699097, 0.0, 0.7229748368263245, 0.9763178825378418, 0.6880526542663574]",-31.314667725688267
12.450000000000042,122.89866638183594,-1.4229635000228882,19.132110595703125,-0.004150390625,0.83203125,"[0.18196523189544678, 1.0, 0.13446550071239471, 0.9549128413200378]","[0.0, 0.0, 4.261057711119065e-06, 4.966666892869398e-05, -0.01669049821794033, 1.0, 0.016333334147930145, 4.261057711119065e-06, 0.0, 0.0, -0.9999986290931702, -0.016283666715025902, 0.0, 0.0]","[1.0, 0.0, 0.0, 1.5332669019699097, 0.0, 0.7229748368263245, 0.9763178825378418, 0.6880526542663574]",-31.976928236259404
12.500000000000043,121.93901062011719,-1.458855390548706,19.255970001220703,-0.00775146484375,0.74609375,"[0.17383700609207153, 1.0, 0.12891119718551636, 0.9542834162712097]","[0.0, 0.0, 4.261057711119065e-06, 4.966666892869398e-05, -0.01669049821794033, 1.0, 0.016333334147930145, 4.261057711119065e-06, 0.0, 0.0, -0.9999986290931702, -0.016283666715025902, 0.0, 0.0]","[1.0, 0.0, 0.0, 1.5332669019699097, 0.0, 0.7229748368263245, 0.9763178825378418, 0.6880526542663574]",-32.7743014221818
12.550000000000043,120.97383880615234,-1.4936109781265259,19.3572998046875,-0.011932373046875,0.625,"[0.16718733310699463, 1.0, 0.12433229386806488, 0.952738344669342]","[0.0, 0.0, 4.261057711119065e-06, 4.966666892869398e-05, -0.01669049821794033, 1.0, 0.016333334147930145, 4.261057711119065e-06, 0.0, 0.0, -0.9999986290931702, -0.016283666715025902, 0.0, 0.0]","[1.0, 0.0, 0.0, 1.5332669019699097, 0.0, 0.7229748368263245, 0.9763178825378418, 0.6880526542663574]",-33.58182589904551
12.600000000000044,120.00436401367188,-1.526557445526123,19.43320083618164,-0.015106201171875,0.51171875,"[0.16220635175704956, 1.0, 0.11563163995742798, 0.9539438486099243]","[0.0, 0.0, 4.261057711119065e-06, 4.966666892869398e-05, -0.01669049821794033, 1.0, 0.016333334147930145, 4.261057711119065e-06, 0.0, 0.0, -0.9999986290931702, -0.016283666715025902, 0.0, 0.0]","[1.0, 0.0, 0.0, 1.5332669019699097, 0.0, 0.7229748368263245, 0.9763178825378418, 0.6880526542663574]",-34.39599540968747
12.650000000000045,119.0318603515625,-1.557059645652771,19.48278045654297,-0.017303466796875,0.396820068359375,"[0.1589527130126953, 1.0, 0.10504571348428726, 0.9572272896766663]","[0.0, 0.0, 4.261057711119065e-06, 4.966666892869398e-05, -0.01669049821794033, 1.0, 0.016333334147930145, 4.261057711119065e-06, 0.0, 0.0, -0.9999986290931702, -0.016283666715025902, 0.0, 0.0]","[1.0, 0.0, 0.0, 1.5332669019699097, 0.0, 0.7229748368263245, 0.9763178825378418, 0.6880526542663574]",-35.082153299384565
12.700000000000045,118.05766296386719,-1.5843932628631592,19.50567054748535,-0.019744873046875,0.27777099609375,"[0.15745055675506592, 1.0, 0.09635385125875473, 0.959520161151886]","[0.0, 0.0, 4.261057711119065e-06, 4.966666892869398e-05, -0.01669049821794033, 1.0, 0.016333334147930145, 4.261057711119065e-06, 0.0, 0.0, -0.9999986290931702, -0.016283666715025902, 0.0, 0.0]","[1.0, 0.0, 0.0, 1.5332669019699097, 0.0, 0.7229748368263245, 0.9763178825378418, 0.6880526542663574]",-35.897391204768965
12.750000000000046,117.08301544189453,-1.6075433492660522,19.503280639648438,-0.024505615234375,0.20000000298023224,"[0.15760737657546997, 1.0, 0.0957614853978157, 0.9588906764984131]","[0.0, 0.0, 4.261057711119065e-06, 4.966666892869398e-05, -0.01669049821794033, 1.0, 0.016333334147930145, 4.261057711119065e-06, 0.0, 0.0, -0.9999986290931702, -0.016283666715025902, 0.0, 0.0]","[1.0, 0.0, 0.0, 1.5332669019699097, 0.0, 0.7229748368263245, 0.9763178825378418, 0.6880526542663574]",-36.712981237775395
12.800000000000047,116.10902404785156,-1.625252604484558,19.481779098510742,-0.031158447265625,0.20000000298023224,"[0.1590183973312378, 1.0, 0.1445358246564865, 0.957219660282135]","[0.0, 0.0, 4.261057711119065e-06, 4.966666892869398e-05, -0.01669049821794033, 1.0, 0.016333334147930145, 4.261057711119065e-06, 0.0, 0.0, -0.9999986290931702, -0.016283666715025902, 0.0, 0.0]","[1.0, 0.0, 0.0, 1.5332669019699097, 0.0, 0.7229748368263245, 0.9763178825378418, 0.6880526542663574]",-37.528254300274654
12.850000000000048,115.13641357421875,-1.63625967502594,19.448200225830078,-0.03759765625,0.20000000298023224,"[0.16122204065322876, 1.0, 0.18233756721019745, 0.9609822034835815]","[0.0, 0.0, 4.261057711119065e-06, 4.966666892869398e-05, -0.01669049821794033, 1.0, 0.016333334147930145, 4.261057711119065e-06, 0.0, 0.0, -0.9999986290931702, -0.016283666715025902, 0.0, 0.0]","[1.0, 0.0, 0.0, 1.5332669019699097, 0.0, 0.7229748368263245, 0.9763178825378418, 0.6880526542663574]",-38.187929776533736
12.900000000000048,114.16563415527344,-1.6393816471099854,19.40690040588379,-0.042938232421875,0.20000000298023224,"[0.16393226385116577, 1.0, 0.21445362269878387, 0.9644224643707275]","[0.0, 0.0, 4.261057711119065e-06, 4.966666892869398e-05, -0.01669049821794033, 1.0, 0.016333334147930145, 4.261057711119065e-06, 0.0, 0.0, -0.9999986290931702, -0.016283666715025902, 0.0, 0.0]","[1.0, 0.0, 0.0, 1.5332669019699097, 0.0, 0.7229748368263245, 0.9763178825378418, 0.6880526542663574]",-38.980568033787904
12.950000000000049,113.19709014892578,-1.633727788925171,19.36100959777832,-0.044769287109375,0.20000000298023224,"[0.16694384813308716, 1.0, 0.23521141707897186, 0.9741308689117432]","[0.0, 0.0, 4.261057711119065e-06, 4.966666892869398e-05, -0.01669049821794033, 1.0, 0.016333334147930145, 4.261057711119065e-06, 0.0, 0.0, -0.9999986290931702, -0.016283666715025902, 0.0, 0.0]","[1.0, 0.0, 0.0, 1.5332669019699097, 0.0, 0.7229748368263245, 0.9763178825378418, 0.6880526542663574]",-39.77105386444523
13.00000000000005,112.23099517822266,-1.6185805797576904,19.31230926513672,-0.044891357421875,0.20000000298023224,"[0.17013978958129883, 1.0, 0.2503301203250885, 0.9782236218452454]","[0.0, 0.0, 4.261057711119065e-06, 4.966666892869398e-05, -0.01669049821794033, 1.0, 0.016333334147930145, 4.261057711119065e-06, 0.0, 0.0, -0.9999986290931702, -0.016283666715025902, 0.0, 0.0]","[1.0, 0.0, 0.0, 1.5332669019699097, 0.0, 0.7229748368263245, 0.9763178825378418, 0.6880526542663574]",-40.55788641331573
13.05000000000005,111.26759338378906,-1.5932080745697021,19.261579513549805,-0.045135498046875,0.20000000298023224,"[0.17346888780593872, 1.0, 0.2640843689441681, 0.9781628251075745]","[0.0, 0.0, 4.261057711119065e-06, 4.966666892869398e-05, -0.01669049821794033, 1.0, 0.016333334147930145, 4.261057711119065e-06, 0.0, 0.0, -0.9999986290931702, -0.016283666715025902, 0.0, 0.0]","[1.0, 0.0, 0.0, 1.5332669019699097, 0.0, 0.7229748368263245, 0.9763178825378418, 0.6880526542663574]",-41.1750255188884
13.100000000000051,110.30711364746094,-1.5566978454589844,19.208810806274414,-0.0477294921875,0.20000000298023224,"[0.17693185806274414, 1.0, 0.2827802002429962, 0.9725706577301025]","[0.0, 0.0, 4.261057711119065e-06, 4.966666892869398e-05, -0.01669049821794033, 1.0, 0.016333334147930145, 4.261057711119065e-06, 0.0, 0.0, -0.9999986290931702, -0.016283666715025902, 0.0, 0.0]","[1.0, 0.0, 0.0, 1.5332669019699097, 0.0, 0.7229748368263245, 0.9763178825378418, 0.6880526542663574]",-41.94095416034763
13.150000000000052,109.34986877441406,-1.5080424547195435,19.153980255126953,-0.05194091796875,0.20000000298023224,"[0.18053007125854492, 1.0, 0.303181529045105, 0.9698750972747803]","[0.0, 0.0, 4.261057711119065e-06, 4.966666892869398e-05, -0.01669049821794033, 1.0, 0.016333334147930145, 4.261057711119065e-06, 0.0, 0.0, -0.9999986290931702, -0.016283666715025902, 0.0, 0.0]","[1.0, 0.0, 0.0, 1.5332669019699097, 0.0, 0.7229748368263245, 0.9763178825378418, 0.6880526542663574]",-42.69724910569686
13.200000000000053,108.39617919921875,-1.4462672472000122,19.097200393676758,-0.05670166015625,0.20000000298023224,"[0.1842561960220337, 1.0, 0.3229736089706421, 0.9695778489112854]","[0.0, 0.0, 4.261057711119065e-06, 4.966666892869398e-05, -0.01669049821794033, 1.0, 0.016333334147930145, 4.261057711119065e-06, 0.0, 0.0, -0.9999986290931702, -0.016283666715025902, 0.0, 0.0]","[1.0, 0.0, 0.0, 1.5332669019699097, 0.0, 0.7229748368263245, 0.9763178825378418, 0.6880526542663574]",-43.44531747900215
13.250000000000053,107.44613647460938,-1.370424747467041,19.054519653320312,-0.06134033203125,0.20000000298023224,"[0.18705707788467407, 1.0, 0.3278004229068756, 0.9665469527244568]","[0.0, 0.0, 4.261057711119065e-06, 4.966666892869398e-05, -0.01669049821794033, 1.0, 0.016333334147930145, 4.261057711119065e-06, 0.0, 0.0, -0.9999986290931702, -0.016283666715025902, 0.0, 0.0]","[1.0, 0.0, 0.0, 1.5332669019699097, 0.0, 0.7229748368263245, 0.9763178825378418, 0.6880526542663574]",-43.97564988884847
13.300000000000054,106.49876403808594,-1.27945077419281,19.03009033203125,-0.0657958984375,0.20000000298023224,"[0.18866026401519775, 1.0, 0.32823076844215393, 0.9665899276733398]","[0.0, 0.0, 4.261057711119065e-06, 4.966666892869398e-05, -0.01669049821794033, 1.0, 0.016333334147930145, 4.261057711119065e-06, 0.0, 0.0, -0.9999986290931702, -0.016283666715025902, 0.0, 0.0]","[1.0, 0.0, 0.0, 1.5332669019699097, 0.0, 0.7229748368263245, 0.9763178825378418, 0.6880526542663574]",-44.7006082925388
13.350000000000055,105.5551528930664,-1.1723051071166992,18.935039520263672,-0.07354736328125,0.20000000298023224,"[0.19489789009094238, 1.0, 0.41021934151649475, 0.8917258381843567]","[0.0, 0.0, 4.261057711119065e-06, 4.966666892869398e-05, -0.01669049821794033, 1.0, 0.016333334147930145, 4.261057711119065e-06, 0.0, 0.0, -0.9999986290931702, -0.016283666715025902, 0.0, 0.0]","[1.0, 0.0, 0.0, 1.5332669019699097, 0.0, 0.7229748368263245, 0.9763178825378418, 0.6880526542663574]",-45.425902905799525
13.400000000000055,104.625,-1.049087405204773,18.685550689697266,-0.087188720703125,0.20000000298023224,"[0.2112705111503601, 1.0, 0.5800681114196777, 0.7677240967750549]","[0.0, 0.0, 4.261057711119065e-06, 4.966666892869398e-05, -0.01669049821794033, 1.0, 0.016333334147930145, 4.261057711119065e-06, 0.0, 0.0, -0.9999986290931702, -0.016283666715025902, 0.0, 0.0]","[1.0, 0.0, 0.0, 1.5332669019699097, 0.0, 0.7229748368263245, 0.9763178825378418, 0.6880526542663574]",-46.145073226934684
13.450000000000056,103.7089614868164,-0.9073753952980042,18.478069305419922,-0.106109619140625,0.20000000298023224,"[0.22488635778427124, 1.0, 0.592372715473175, 0.8916555643081665]","[0.0, 0.0, 4.261057711119065e-06, 4.966666892869398e-05, -0.01669049821794033, 1.0, 0.016333334147930145, 4.261057711119065e-06, 0.0, 0.0, -0.9999986290931702, -0.016283666715025902, 0.0, 0.0]","[1.0, 0.0, 0.0, 1.5332669019699097, 0.0, 0.7229748368263245, 0.9763178825378418, 0.6880526542663574]",-46.66676551554332
13.500000000000057,102.8062744140625,-0.7444058656692505,18.293649673461914,-0.128387451171875,0.20000000298023224,"[0.23698878288269043, 1.0, 0.6226910352706909, 0.9036295413970947]","[0.0, 0.0, 4.261057711119065e-06, 4.966666892869398e-05, -0.01669049821794033, 1.0, 0.016333334147930145, 4.261057711119065e-06, 0.0, 0.0, -0.9999986290931702, -0.016283666715025902, 0.0, 0.0]","[1.0, 0.0, 0.0, 1.5332669019699097, 0.0, 0.7229748368263245, 0.9763178825378418, 0.6880526542663574]",-47.3547861026146
13.550000000000058,101.91741180419922,-0.557513952255249,18.117469787597656,-0.153350830078125,0.20000000298023224,"[0.24855053424835205, 1.0, 0.6537151336669922, 0.9055701494216919]","[0.0, 0.0, 4.261057711119065e-06, 4.966666892869398e-05, -0.01669049821794033, 1.0, 0.016333334147930145, 4.261057711119065e-06, 0.0, 0.0, -0.9999986290931702, -0.016283666715025902, 0.0, 0.0]","[1.0, 0.0, 0.0, 1.5332669019699097, 0.0, 0.7229748368263245, 0.9763178825378418, 0.6880526542663574]",-48.01848535642343
13.600000000000058,101.04371643066406,-0.34417349100112915,17.939699172973633,-0.1793212890625,0.20000000298023224,"[0.2602165937423706, 1.0, 0.6507068276405334, 0.9046297073364258]","[0.0, 0.0, 4.261057711119065e-06, 4.966666892869398e-05, -0.01669049821794033, 1.0, 0.016333334147930145, 4.261057711119065e-06, 0.0, 0.0, -0.9999986290931702, -0.016283666715025902, 0.0, 0.0]","[1.0, 0.0, 0.0, 1.5332669019699097, 0.0, 0.7229748368263245, 0.9763178825378418, 0.6880526542663574]",-48.65945090327355
13.650000000000059,100.18704986572266,-0.10228526592254639,17.756200790405273,-0.20135498046875,0.20000000298023224,"[0.2722586393356323, 1.0, 0.6504215598106384, 0.9092883467674255]","[0.0, 0.0, 4.261057711119065e-06, 4.966666892869398e-05, -0.01669049821794033, 1.0, 0.016333334147930145, 4.261057711119065e-06, 0.0, 0.0, -0.9999986290931702, -0.016283666715025902, 0.0, 0.0]","[1.0, 0.0, 0.0, 1.5332669019699097, 0.0, 0.7229748368263245, 0.9763178825378418, 0.6880526542663574]",-49.03142002390731
13.70000000000006,99.34963989257812,0.16981665790081024,17.564279556274414,-0.219879150390625,0.20000000298023224,"[0.28485333919525146, 1.0, 0.6514026522636414, 0.9099984169006348]","[0.0, 0.0, 4.261057711119065e-06, 4.966666892869398e-05, -0.01669049821794033, 1.0, 0.016333334147930145, 4.261057711119065e-06, 0.0, 0.0, -0.9999986290931702, -0.016283666715025902, 0.0, 0.0]","[1.0, 0.0, 0.0, 1.5332669019699097, 0.0, 0.7229748368263245, 0.9763178825378418, 0.6880526542663574]",-49.59911283515399
13.75000000000006,98.533935546875,0.4734407663345337,17.361339569091797,-0.236724853515625,0.20000000298023224,"[0.29817116260528564, 1.0, 0.6535793542861938, 0.9074909090995789]","[0.0, 0.0, 4.261057711119065e-06, 4.966666892869398e-05, -0.01669049821794033, 1.0, 0.016333334147930145, 4.261057711119065e-06, 0.0, 0.0, -0.9999986290931702, -0.016283666715025902, 0.0, 0.0]","[1.0, 0.0, 0.0, 1.5332669019699097, 0.0, 0.7229748368263245, 0.9763178825378418, 0.6880526542663574]",-50.14647533049556
13.800000000000061,97.74285888671875,0.8095651865005493,17.143659591674805,-0.255096435546875,0.20000000298023224,"[0.31245630979537964, 1.0, 0.6579595804214478, 0.9004902243614197]","[0.0, 0.0, 4.261057711119065e-06, 4.966666892869398e-05, -0.01669049821794033, 1.0, 0.016333334147930145, 4.261057711119065e-06, 0.0, 0.0, -0.9999986290931702, -0.016283666715025902, 0.0, 0.0]","[1.0, 0.0, 0.0, 1.5332669019699097, 0.0, 0.7229748368263245, 0.9763178825378418, 0.6880526542663574]",-50.66326275107338
13.850000000000062,96.9794692993164,1.178623914718628,16.911270141601562,-0.270965576171875,0.20000000298023224,"[0.3277067542076111, 1.0, 0.661876916885376, 0.9001636505126953]","[0.0, 0.0, 4.261057711119065e-06, 4.966666892869398e-05, -0.01669049821794033, 1.0, 0.016333334147930145, 4.261057711119065e-06, 0.0, 0.0, -0.9999986290931702, -0.016283666715025902, 0.0, 0.0]","[1.0, 0.0, 0.0, 1.5332669019699097, 0.0, 0.7229748368263245, 0.9763178825378418, 0.6880526542663574]",-50.87720114557389
13.900000000000063,96.24683380126953,1.580468773841858,16.66490936279297,-0.284088134765625,0.20000000298023224,"[0.3438740372657776, 1.0, 0.6648971438407898, 0.8996344804763794]","[0.0, 0.0, 4.261057711119065e-06, 4.966666892869398e-05, -0.01669049821794033, 1.0, 0.016333334147930145, 4.261057711119065e-06, 0.0, 0.0, -0.9999986290931702, -0.016283666715025902, 0.0, 0.0]","[1.0, 0.0, 0.0, 1.5332669019699097, 0.0, 0.7229748368263245, 0.9763178825378418, 0.6880526542663574]",-51.33641476114033
13.950000000000063,95.5479507446289,2.0144026279449463,16.406370162963867,-0.293487548828125,0.20000000298023224,"[0.36084049940109253, 1.0, 0.6664475202560425, 0.901164710521698]","[0.0, 0.0, 4.261057711119065e-06, 4.966666892869398e-05, -0.01669049821794033, 1.0, 0.016333334147930145, 4.261057711119065e-06, 0.0, 0.0, -0.9999986290931702, -0.016283666715025902, 0.0, 0.0]","[1.0, 0.0, 0.0, 1.5332669019699097, 0.0, 0.7229748368263245, 0.9763178825378418, 0.6880526542663574]",-51.77202102784783
14.000000000000064,94.88554382324219,2.4792120456695557,16.138809204101562,-0.2977294921875,0.20000000298023224,"[0.3783990740776062, 1.0, 0.6657195687294006, 0.9040234088897705]","[0.0, 0.0, 4.261057711119065e-06, 4.966666892869398e-05, -0.01669049821794033, 1.0, 0.016333334147930145, 4.261057711119065e-06, 0.0, 0.0, -0.9999986290931702, -0.016283666715025902, 0.0, 0.0]","[1.0, 0.0, 0.0, 1.5332669019699097, 0.0, 0.7229748368263245, 0.9763178825378418, 0.6880526542663574]",-52.169333343172575
14.050000000000065,94.26215362548828,2.9732558727264404,15.864870071411133,-0.298309326171875,0.20000000298023224,"[0.3963761329650879, 1.0, 0.6634277105331421, 0.9050964713096619]","[0.0, 0.0, 4.261057711119065e-06, 4.966666892869398e-05, -0.01669049821794033, 1.0, 0.016333334147930145, 4.261057711119065e-06, 0.0, 0.0, -0.9999986290931702, -0.016283666715025902, 0.0, 0.0]","[1.0, 0.0, 0.0, 1.5332669019699097, 0.0, 0.7229748368263245, 0.9763178825378418, 0.6880526542663574]",-52.23195958844292
14.100000000000065,93.67800903320312,3.4930477142333984,15.597129821777344,-0.298309326171875,0.20000000298023224,"[0.4139465093612671, 1.0, 0.6554804444313049, 0.8683358430862427]","[0.0, 0.0, 4.261057711119065e-06, 4.966666892869398e-05, -0.01669049821794033, 1.0, 0.016333334147930145, 4.261057711119065e-06, 0.0, 0.0, -0.9999986290931702, -0.016283666715025902, 0.0, 0.0]","[1.0, 0.0, 0.0, 1.5332669019699097, 0.0, 0.7229748368263245, 0.9763178825378418, 0.6880526542663574]",-52.536135032478455
14.150000000000066,93.13246154785156,4.034755706787109,15.298990249633789,-0.298309326171875,0.20000000298023224,"[0.43351173400878906, 1.0, 0.6618760228157043, 0.8522768020629883]","[0.0, 0.0, 4.261057711119065e-06, 4.966666892869398e-05, -0.01669049821794033, 1.0, 0.016333334147930145, 4.261057711119065e-06, 0.0, 0.0, -0.9999986290931702, -0.016283666715025902, 0.0, 0.0]","[1.0, 0.0, 0.0, 1.5332669019699097, 0.0, 0.7229748368263245, 0.9763178825378418, 0.6880526542663574]",-52.802206788271604
14.200000000000067,92.635986328125,4.601249694824219,14.999670028686523,-0.297088623046875,0.20000000298023224,"[0.45315444469451904, 1.0, 0.6535617709159851, 0.8921354413032532]","[0.0, 0.0, 4.261057711119065e-06, 4.966666892869398e-05, -0.01669049821794033, 1.0, 0.016333334147930145, 4.261057711119065e-06, 0.0, 0.0, -0.9999986290931702, -0.016283666715025902, 0.0, 0.0]","[1.0, 0.0, 0.0, 1.5332669019699097, 0.0, 0.7229748368263245, 0.9763178825378418, 0.6880526542663574]",-53.020661612395514
14.250000000000068,92.18460845947266,5.186375617980957,14.712220191955566,-0.291259765625,0.20000000298023224,"[0.472018301486969, 1.0, 0.6501635313034058, 0.8354750275611877]","[0.0, 0.0, 4.261057711119065e-06, 4.966666892869398e-05, -0.01669049821794033, 1.0, 0.016333334147930145, 4.261057711119065e-06, 0.0, 0.0, -0.9999986290931702, -0.016283666715025902, 0.0, 0.0]","[1.0, 0.0, 0.0, 1.5332669019699097, 0.0, 0.7229748368263245, 0.9763178825378418, 0.6880526542663574]",-52.87866793261
14.300000000000068,91.78032684326172,5.787251949310303,14.418700218200684,-0.277099609375,0.20000000298023224,"[0.49128031730651855, 1.0, 0.6426162719726562, 0.8849326968193054]","[0.0, 0.0, 4.261057711119065e-06, 4.966666892869398e-05, -0.01669049821794033, 1.0, 0.016333334147930145, 4.261057711119065e-06, 0.0, 0.0, -0.9999986290931702, -0.016283666715025902, 0.0, 0.0]","[1.0, 0.0, 0.0, 1.5332669019699097, 0.0, 0.7229748368263245, 0.9763178825378418, 0.6880526542663574]",-53.01490168856691
14.350000000000069,91.42256927490234,6.401843547821045,14.19696044921875,-0.2545166015625,0.3531646728515625,"[0.5058318972587585, 1.0, 0.5932509899139404, 0.8153629899024963]","[0.0, 0.0, 4.261057711119065e-06, 4.966666892869398e-05, -0.01669049821794033, 1.0, 0.016333334147930145, 4.261057711119065e-06, 0.0, 0.0, -0.9999986290931702, -0.016283666715025902, 0.0, 0.0]","[1.0, 0.0, 0.0, 1.5332669019699097, 0.0, 0.7229748368263245, 0.9763178825378418, 0.6880526542663574]",-53.11485508353711
14.40000000000007,91.11329650878906,7.028658866882324,13.94064998626709,-0.224945068359375,0.4722137451171875,"[0.5226521492004395, 1.0, 0.6128259301185608, 0.7903297543525696]","[0.0, 0.0, 4.261057711119065e-06, 4.966666892869398e-05, -0.01669049821794033, 1.0, 0.016333334147930145, 4.261057711119065e-06, 0.0, 0.0, -0.9999986290931702, -0.016283666715025902, 0.0, 0.0]","[1.0, 0.0, 0.0, 1.5332669019699097, 0.0, 0.7229748368263245, 0.9763178825378418, 0.6880526542663574]",-53.17096627258063
14.45000000000007,90.85152435302734,7.665979385375977,13.768159866333008,-0.190704345703125,0.5546875,"[0.5339717268943787, 1.0, 0.5677696466445923, 0.780648946762085]","[0.0, 0.0, 4.261057711119065e-06, 4.966666892869398e-05, -0.01669049821794033, 1.0, 0.016333334147930145, 4.261057711119065e-06, 0.0, 0.0, -0.9999986290931702, -0.016283666715025902, 0.0, 0.0]","[1.0, 0.0, 0.0, 1.5332669019699097, 0.0, 0.7229748368263245, 0.9763178825378418, 0.6880526542663574]",-52.8519842945072
14.500000000000071,90.6319351196289,8.311878204345703,13.653499603271484,-0.156982421875,0.625,"[0.5414962768554688, 1.0, 0.5249353647232056, 0.928043007850647]","[0.0, 0.0, 4.261057711119065e-06, 4.966666892869398e-05, -0.01669049821794033, 1.0, 0.016333334147930145, 4.261057711119065e-06, 0.0, 0.0, -0.9999986290931702, -0.016283666715025902, 0.0, 0.0]","[1.0, 0.0, 0.0, 1.5332669019699097, 0.0, 0.7229748368263245, 0.9763178825378418, 0.6880526542663574]",-52.822701203999856
14.550000000000072,90.45298767089844,8.965972900390625,13.58860969543457,-0.12353515625,0.703125,"[0.5457546710968018, 1.0, 0.5309626460075378, 0.9142875671386719]","[0.0, 0.0, 4.261057711119065e-06, 4.966666892869398e-05, -0.01669049821794033, 1.0, 0.016333334147930145, 4.261057711119065e-06, 0.0, 0.0, -0.9999986290931702, -0.016283666715025902, 0.0, 0.0]","[1.0, 0.0, 0.0, 1.5332669019699097, 0.0, 0.7229748368263245, 0.9763178825378418, 0.6880526542663574]",-52.752301960628685
14.600000000000072,90.31080627441406,9.627862930297852,13.577770233154297,-0.09417724609375,0.7578125,"[0.5464659929275513, 1.0, 0.5644378066062927, 0.8721126317977905]","[0.0, 0.0, 4.261057711119065e-06, 4.966666892869398e-05, -0.01669049821794033, 1.0, 0.016333334147930145, 4.261057711119065e-06, 0.0, 0.0, -0.9999986290931702, -0.016283666715025902, 0.0, 0.0]","[1.0, 0.0, 0.0, 1.5332669019699097, 0.0, 0.7229748368263245, 0.9763178825378418, 0.6880526542663574]",-52.6461022864101
14.650000000000073,90.20037078857422,10.297167778015137,13.612520217895508,-0.069732666015625,0.8125,"[0.5441854596138, 0.7968000173568726, 0.5884993672370911, 0.8808346390724182]","[0.0, 0.0, 4.261057711119065e-06, 4.966666892869398e-05, -0.01669049821794033, 1.0, 0.016333334147930145, 4.261057711119065e-06, 0.0, 0.0, -0.9999986290931702, -0.016283666715025902, 0.0, 0.0]","[1.0, 0.0, 0.0, 1.5332669019699097, 0.0, 0.7229748368263245, 0.9763178825378418, 0.6880526542663574]",-52.09123570128502
14.700000000000074,90.11711883544922,10.97378921508789,13.684650421142578,-0.050506591796875,0.84765625,"[0.5394519567489624, 0.6571000218391418, 0.5649089813232422, 0.8800845146179199]","[0.0, 0.0, 4.261057711119065e-06, 4.966666892869398e-05, -0.01669049821794033, 1.0, 0.016333334147930145, 4.261057711119065e-06, 0.0, 0.0, -0.9999986290931702, -0.016283666715025902, 0.0, 0.0]","[1.0, 0.0, 0.0, 1.5332669019699097, 0.0, 0.7229748368263245, 0.9763178825378418, 0.6880526542663574]",-51.89067109428325
14.750000000000075,90.05668640136719,11.657732009887695,13.78512954711914,-0.036773681640625,0.859375,"[0.5328580737113953, 0.6164000034332275, 0.5011736750602722, 0.8851028680801392]","[0.0, 0.0, 4.261057711119065e-06, 4.966666892869398e-05, -0.01669049821794033, 1.0, 0.016333334147930145, 4.261057711119065e-06, 0.0, 0.0, -0.9999986290931702, -0.016283666715025902, 0.0, 0.0]","[1.0, 0.0, 0.0, 1.5332669019699097, 0.0, 0.7229748368263245, 0.9763178825378418, 0.6880526542663574]",-51.65687831319633
14.800000000000075,90.01475524902344,12.349027633666992,13.905980110168457,-0.02593994140625,0.8671875,"[0.5249273180961609, 0.5920000076293945, 0.4361252188682556, 0.889517068862915]","[0.0, 0.0, 4.261057711119065e-06, 4.966666892869398e-05, -0.01669049821794033, 1.0, 0.016333334147930145, 4.261057711119065e-06, 0.0, 0.0, -0.9999986290931702, -0.016283666715025902, 0.0, 0.0]","[1.0, 0.0, 0.0, 1.5332669019699097, 0.0, 0.7229748368263245, 0.9763178825378418, 0.6880526542663574]",-51.39043705714512
14.850000000000076,89.98738098144531,13.047739028930664,14.040619850158691,-0.0181884765625,0.87109375,"[0.5160917043685913, 0.5841000080108643, 0.36816877126693726, 0.9011889100074768]","[0.0, 0.0, 4.261057711119065e-06, 4.966666892869398e-05, -0.01669049821794033, 1.0, 0.016333334147930145, 4.261057711119065e-06, 0.0, 0.0, -0.9999986290931702, -0.016283666715025902, 0.0, 0.0]","[1.0, 0.0, 0.0, 1.5332669019699097, 0.0, 0.7229748368263245, 0.9763178825378418, 0.6880526542663574]",-50.628066171058364
14.900000000000077,89.97127532958984,13.753948211669922,14.184539794921875,-0.013397216796875,0.87890625,"[0.506646990776062, 0.5570999979972839, 0.3129146993160248, 0.9162660241127014]","[0.0, 0.0, 4.261057711119065e-06, 4.966666892869398e-05, -0.01669049821794033, 1.0, 0.016333334147930145, 4.261057711119065e-06, 0.0, 0.0, -0.9999986290931702, -0.016283666715025902, 0.0, 0.0]","[1.0, 0.0, 0.0, 1.5332669019699097, 0.0, 0.7229748368263245, 0.9763178825378418, 0.6880526542663574]",-50.36706577656202
14.950000000000077,89.96370697021484,14.467771530151367,14.335040092468262,-0.009521484375,0.8828125,"[0.4967705011367798, 0.5468000173568726, 0.26705053448677063, 0.9264945983886719]","[0.0, 0.0, 4.261057711119065e-06, 4.966666892869398e-05, -0.01669049821794033, 1.0, 0.016333334147930145, 4.261057711119065e-06, 0.0, 0.0, -0.9999986290931702, -0.016283666715025902, 0.0, 0.0]","[1.0, 0.0, 0.0, 1.5332669019699097, 0.0, 0.7229748368263245, 0.9763178825378418, 0.6880526542663574]",-50.10091395320114
15.000000000000078,89.96205139160156,15.189363479614258,14.49081039428711,-0.00299072265625,0.89453125,"[0.48654812574386597, 0.49880000948905945, 0.22096262872219086, 0.9258453249931335]","[0.0, 0.0, 4.261057711119065e-06, 4.966666892869398e-05, -0.01669049821794033, 1.0, 0.016333334147930145, 4.261057711119065e-06, 0.0, 0.0, -0.9999986290931702, -0.016283666715025902, 0.0, 0.0]","[1.0, 0.0, 0.0, 1.5332669019699097, 0.0, 0.7229748368263245, 0.9763178825378418, 0.6880526542663574]",-50.00684824608556
15.050000000000079,89.96370697021484,15.918928146362305,14.651169776916504,0.0074462890625,0.90625,"[0.4760246276855469, 0.4490000009536743, 0.17121274769306183, 0.9212234616279602]","[0.0, 0.0, 4.261057711119065e-06, 4.966666892869398e-05, -0.01669049821794033, 1.0, 0.016333334147930145, 4.261057711119065e-06, 0.0, 0.0, -0.9999986290931702, -0.016283666715025902, 0.0, 0.0]","[1.0, 0.0, 0.0, 1.5332669019699097, 0.0, 0.7229748368263245, 0.9763178825378418, 0.6880526542663574]",-49.82166947218788
15.10000000000008,89.9664306640625,16.65666961669922,14.815600395202637,0.01708984375,0.91796875,"[0.46523404121398926, 0.39719998836517334, 0.1578817516565323, 0.9307747483253479]","[0.0, 0.0, 4.261057711119065e-06, 4.966666892869398e-05, -0.01669049821794033, 1.0, 0.016333334147930145, 4.261057711119065e-06, 0.0, 0.0, -0.9999986290931702, -0.016283666715025902, 0.0, 0.0]","[1.0, 0.0, 0.0, 1.5332669019699097, 0.0, 0.7229748368263245, 0.9763178825378418, 0.6880526542663574]",-49.79501589784538
15.15000000000008,89.96834564208984,17.402761459350586,14.983460426330566,0.026092529296875,0.921875,"[0.454218327999115, 0.3822000026702881, 0.1994149386882782, 0.9353360533714294]","[0.0, 0.0, 4.261057711119065e-06, 4.966666892869398e-05, -0.01669049821794033, 1.0, 0.016333334147930145, 4.261057711119065e-06, 0.0, 0.0, -0.9999986290931702, -0.016283666715025902, 0.0, 0.0]","[1.0, 0.0, 0.0, 1.5332669019699097, 0.0, 0.7229748368263245, 0.9763178825378418, 0.6880526542663574]",-49.788455992501866
15.200000000000081,89.96797943115234,18.157344818115234,15.15429973602295,0.03143310546875,0.92578125,"[0.44300705194473267, 0.3668000102043152, 0.22837363183498383, 0.9475542306900024]","[0.0, 0.0, 4.261057711119065e-06, 4.966666892869398e-05, -0.01669049821794033, 1.0, 0.016333334147930145, 4.261057711119065e-06, 0.0, 0.0, -0.9999986290931702, -0.016283666715025902, 0.0, 0.0]","[1.0, 0.0, 0.0, 1.5332669019699097, 0.0, 0.7229748368263245, 0.9763178825378418, 0.6880526542663574]",-49.809514233254745
15.250000000000082,89.96439361572266,18.9205322265625,15.328160285949707,0.03228759765625,0.9296875,"[0.4315975308418274, 0.35120001435279846, 0.24477142095565796, 0.9600493311882019]","[0.0, 0.0, 4.261057711119065e-06, 4.966666892869398e-05, -0.01669049821794033, 1.0, 0.016333334147930145, 4.261057711119065e-06, 0.0, 0.0, -0.9999986290931702, -0.016283666715025902, 0.0, 0.0]","[1.0, 0.0, 0.0, 1.5332669019699097, 0.0, 0.7229748368263245, 0.9763178825378418, 0.6880526542663574]",-49.592762251937565
15.300000000000082,89.95693969726562,19.692434310913086,15.504810333251953,0.03106689453125,0.93359375,"[0.4200049042701721, 0.3352999985218048, 0.255698025226593, 0.9650136828422546]","[0.0, 0.0, 4.261057711119065e-06, 4.966666892869398e-05, -0.01669049821794033, 1.0, 0.016333334147930145, 4.261057711119065e-06, 0.0, 0.0, -0.9999986290931702, -0.016283666715025902, 0.0, 0.0]","[1.0, 0.0, 0.0, 1.5332669019699097, 0.0, 0.7229748368263245, 0.9763178825378418, 0.6880526542663574]",-49.64315587170728
15.350000000000083,89.945068359375,20.47314453125,15.68375015258789,0.02911376953125,0.93359375,"[0.40826207399368286, 0.33899998664855957, 0.2632206380367279, 0.9678784608840942]","[0.0, 0.0, 4.261057711119065e-06, 4.966666892869398e-05, -0.01669049821794033, 1.0, 0.016333334147930145, 4.261057711119065e-06, 0.0, 0.0, -0.9999986290931702, -0.016283666715025902, 0.0, 0.0]","[1.0, 0.0, 0.0, 1.5332669019699097, 0.0, 0.7229748368263245, 0.9763178825378418, 0.6880526542663574]",-49.699782489465356
15.400000000000084,89.9284439086914,21.262733459472656,15.864459991455078,0.02630615234375,0.93359375,"[0.39640307426452637, 0.34290000796318054, 0.2657586932182312, 0.9712153077125549]","[0.0, 0.0, 4.261057711119065e-06, 4.966666892869398e-05, -0.01669049821794033, 1.0, 0.016333334147930145, 4.261057711119065e-06, 0.0, 0.0, -0.9999986290931702, -0.016283666715025902, 0.0, 0.0]","[1.0, 0.0, 0.0, 1.5332669019699097, 0.0, 0.7229748368263245, 0.9763178825378418, 0.6880526542663574]",-49.77822180369615
15.450000000000085,89.9068832397461,22.061214447021484,16.04496955871582,0.023681640625,0.91015625,"[0.38455724716186523, 0.4690999984741211, 0.2650219798088074, 0.9723694920539856]","[0.0, 0.0, 4.261057711119065e-06, 4.966666892869398e-05, -0.01669049821794033, 1.0, 0.016333334147930145, 4.261057711119065e-06, 0.0, 0.0, -0.9999986290931702, -0.016283666715025902, 0.0, 0.0]","[1.0, 0.0, 0.0, 1.5332669019699097, 0.0, 0.7229748368263245, 0.9763178825378418, 0.6880526542663574]",-49.60304704401086
15.500000000000085,89.88023376464844,22.86842918395996,16.221420288085938,0.021636962890625,0.875,"[0.37297773361206055, 0.660099983215332, 0.26031428575515747, 0.9691517353057861]","[0.0, 0.0, 4.261057711119065e-06, 4.966666892869398e-05, -0.01669049821794033, 1.0, 0.016333334147930145, 4.261057711119065e-06, 0.0, 0.0, -0.9999986290931702, -0.016283666715025902, 0.0, 0.0]","[1.0, 0.0, 0.0, 1.5332669019699097, 0.0, 0.7229748368263245, 0.9763178825378418, 0.6880526542663574]",-49.70145162347451
15.550000000000086,89.84888458251953,23.683996200561523,16.38800048828125,0.016082763671875,0.796875,"[0.3620460033416748, 1.0, 0.23745448887348175, 0.9571657776832581]","[0.0, 0.0, 4.261057711119065e-06, 4.966666892869398e-05, -0.01669049821794033, 1.0, 0.016333334147930145, 4.261057711119065e-06, 0.0, 0.0, -0.9999986290931702, -0.016283666715025902, 0.0, 0.0]","[1.0, 0.0, 0.0, 1.5332669019699097, 0.0, 0.7229748368263245, 0.9763178825378418, 0.6880526542663574]",-49.81706331618891
15.600000000000087,89.81328582763672,24.507137298583984,16.535659790039062,0.01129150390625,0.6953125,"[0.35235595703125, 1.0, 0.20840835571289062, 0.9517208933830261]","[0.0, 0.0, 4.261057711119065e-06, 4.966666892869398e-05, -0.01669049821794033, 1.0, 0.016333334147930145, 4.261057711119065e-06, 0.0, 0.0, -0.9999986290931702, -0.016283666715025902, 0.0, 0.0]","[1.0, 0.0, 0.0, 1.5332669019699097, 0.0, 0.7229748368263245, 0.9763178825378418, 0.6880526542663574]",-49.9477126313451
15.650000000000087,89.77388763427734,25.336637496948242,16.6566104888916,0.00811767578125,0.5859375,"[0.34441864490509033, 1.0, 0.17526943981647491, 0.9478551149368286]","[0.0, 0.0, 4.261057711119065e-06, 4.966666892869398e-05, -0.01669049821794033, 1.0, 0.016333334147930145, 4.261057711119065e-06, 0.0, 0.0, -0.9999986290931702, -0.016283666715025902, 0.0, 0.0]","[1.0, 0.0, 0.0, 1.5332669019699097, 0.0, 0.7229748368263245, 0.9763178825378418, 0.6880526542663574]",-49.78491311836455
15.700000000000088,89.73106384277344,26.17101287841797,16.746780395507812,0.006256103515625,0.4999847412109375,"[0.3385012745857239, 1.0, 0.14012087881565094, 0.9482007026672363]","[0.0, 0.0, 4.261057711119065e-06, 4.966666892869398e-05, -0.01669049821794033, 1.0, 0.016333334147930145, 4.261057711119065e-06, 0.0, 0.0, -0.9999986290931702, -0.016283666715025902, 0.0, 0.0]","[1.0, 0.0, 0.0, 1.5332669019699097, 0.0, 0.7229748368263245, 0.9763178825378418, 0.6880526542663574]",-49.948178426089946
15.750000000000089,89.6851577758789,27.008739471435547,16.80698013305664,0.005889892578125,0.432525634765625,"[0.334550678730011, 1.0, 0.10860878974199295, 0.9544904232025146]","[0.0, 0.0, 4.261057711119065e-06, 4.966666892869398e-05, -0.01669049821794033, 1.0, 0.016333334147930145, 4.261057711119065e-06, 0.0, 0.0, -0.9999986290931702, -0.016283666715025902, 0.0, 0.0]","[1.0, 0.0, 0.0, 1.5332669019699097, 0.0, 0.7229748368263245, 0.9763178825378418, 0.6880526542663574]",-50.12674823463009
15.80000000000009,89.63651275634766,27.84842872619629,16.839719772338867,0.005889892578125,0.3690338134765625,"[0.33240216970443726, 1.0, 0.0794457197189331, 0.9617261290550232]","[0.0, 0.0, 4.261057711119065e-06, 4.966666892869398e-05, -0.01669049821794033, 1.0, 0.016333334147930145, 4.261057711119065e-06, 0.0, 0.0, -0.9999986290931702, -0.016283666715025902, 0.0, 0.0]","[1.0, 0.0, 0.0, 1.5332669019699097, 0.0, 0.7229748368263245, 0.9763178825378418, 0.6880526542663574]",-50.31847704260821
15.85000000000009,89.58544921875,28.688879013061523,16.850879669189453,0.00592041015625,0.3650665283203125,"[0.33166980743408203, 1.0, 0.05567208677530289, 0.9718573689460754]","[0.0, 0.0, 4.261057711119065e-06, 4.966666892869398e-05, -0.01669049821794033, 1.0, 0.016333334147930145, 4.261057711119065e-06, 0.0, 0.0, -0.9999986290931702, -0.016283666715025902, 0.0, 0.0]","[1.0, 0.0, 0.0, 1.5332669019699097, 0.0, 0.7229748368263245, 0.9763178825378418, 0.6880526542663574]",-50.21810761890878
15.900000000000091,89.5322265625,29.529298782348633,16.848310470581055,0.006134033203125,0.3650665283203125,"[0.3318384289741516, 1.0, 0.04194461181759834, 0.9826469421386719]","[0.0, 0.0, 4.261057711119065e-06, 4.966666892869398e-05, -0.01669049821794033, 1.0, 0.016333334147930145, 4.261057711119065e-06, 0.0, 0.0, -0.9999986290931702, -0.016283666715025902, 0.0, 0.0]","[1.0, 0.0, 0.0, 1.5332669019699097, 0.0, 0.7229748368263245, 0.9763178825378418, 0.6880526542663574]",-50.444322786212375
15.950000000000092,89.47695922851562,30.369197845458984,16.837129592895508,0.007110595703125,0.3650665283203125,"[0.33257216215133667, 1.0, 0.05172000080347061, 0.9879471659660339]","[0.0, 0.0, 4.261057711119065e-06, 4.966666892869398e-05, -0.01669049821794033, 1.0, 0.016333334147930145, 4.261057711119065e-06, 0.0, 0.0, -0.9999986290931702, -0.016283666715025902, 0.0, 0.0]","[1.0, 0.0, 0.0, 1.5332669019699097, 0.0, 0.7229748368263245, 0.9763178825378418, 0.6880526542663574]",-50.69061370236898
16.000000000000092,89.41958618164062,31.208255767822266,16.820560455322266,0.0089111328125,0.3650665283203125,"[0.33365947008132935, 1.0, 0.059463731944561005, 0.9899532198905945]","[0.0, 0.0, 4.261057711119065e-06, 4.966666892869398e-05, -0.01669049821794033, 1.0, 0.016333334147930145, 4.261057711119065e-06, 0.0, 0.0, -0.9999986290931702, -0.016283666715025902, 0.0, 0.0]","[1.0, 0.0, 0.0, 1.5332669019699097, 0.0, 0.7229748368263245, 0.9763178825378418, 0.6880526542663574]",-50.95103907177113
16.050000000000093,89.3600845336914,32.0462646484375,16.800630569458008,0.010101318359375,0.3650665283203125,"[0.3349674344062805, 1.0, 0.06409714370965958, 0.9922506809234619]","[0.0, 0.0, 4.261057711119065e-06, 4.966666892869398e-05, -0.01669049821794033, 1.0, 0.016333334147930145, 4.261057711119065e-06, 0.0, 0.0, -0.9999986290931702, -0.016283666715025902, 0.0, 0.0]","[1.0, 0.0, 0.0, 1.5332669019699097, 0.0, 0.7229748368263245, 0.9763178825378418, 0.6880526542663574]",-50.9291000138468
16.100000000000094,89.29827880859375,32.88308334350586,16.778600692749023,0.012054443359375,0.3650665283203125,"[0.33641308546066284, 1.0, 0.07125318050384521, 0.990447998046875]","[0.0, 0.0, 4.261057711119065e-06, 4.966666892869398e-05, -0.01669049821794033, 1.0, 0.016333334147930145, 4.261057711119065e-06, 0.0, 0.0, -0.9999986290931702, -0.016283666715025902, 0.0, 0.0]","[1.0, 0.0, 0.0, 1.5332669019699097, 0.0, 0.7229748368263245, 0.9763178825378418, 0.6880526542663574]",-51.22244721310427
16.150000000000095,89.23464965820312,33.71866989135742,16.755569458007812,0.00732421875,0.3650665283203125,"[0.3379244804382324, 1.0, 0.05683472380042076, 0.9804322719573975]","[0.0, 0.0, 4.261057711119065e-06, 4.966666892869398e-05, -0.01669049821794033, 1.0, 0.016333334147930145, 4.261057711119065e-06, 0.0, 0.0, -0.9999986290931702, -0.016283666715025902, 0.0, 0.0]","[1.0, 0.0, 0.0, 1.5332669019699097, 0.0, 0.7229748368263245, 0.9763178825378418, 0.6880526542663574]",-51.528845716317505
16.200000000000095,89.17082977294922,34.55304718017578,16.728960037231445,-0.006927490234375,0.3174591064453125,"[0.33967071771621704, 1.0, 0.0337296724319458, 0.9498042464256287]","[0.0, 0.0, 4.261057711119065e-06, 4.966666892869398e-05, -0.01669049821794033, 1.0, 0.016333334147930145, 4.261057711119065e-06, 0.0, 0.0, -0.9999986290931702, -0.016283666715025902, 0.0, 0.0]","[1.0, 0.0, 0.0, 1.5332669019699097, 0.0, 0.7229748368263245, 0.9763178825378418, 0.6880526542663574]",-51.84750351172344
16.250000000000096,89.10841369628906,35.38593292236328,16.692089080810547,-0.019378662109375,0.23809814453125,"[0.342090368270874, 1.0, 0.07365143299102783, 0.9544199109077454]","[0.0, 0.0, 4.261057711119065e-06, 4.966666892869398e-05, -0.01669049821794033, 1.0, 0.016333334147930145, 4.261057711119065e-06, 0.0, 0.0, -0.9999986290931702, -0.016283666715025902, 0.0, 0.0]","[1.0, 0.0, 0.0, 1.5332669019699097, 0.0, 0.7229748368263245, 0.9763178825378418, 0.6880526542663574]",-51.887685311446624
16.300000000000097,89.04890441894531,36.21676254272461,16.64154052734375,-0.03131103515625,0.20000000298023224,"[0.3454076051712036, 1.0, 0.12250154465436935, 0.9483924508094788]","[0.0, 0.0, 4.261057711119065e-06, 4.966666892869398e-05, -0.01669049821794033, 1.0, 0.016333334147930145, 4.261057711119065e-06, 0.0, 0.0, -0.9999986290931702, -0.016283666715025902, 0.0, 0.0]","[1.0, 0.0, 0.0, 1.5332669019699097, 0.0, 0.7229748368263245, 0.9763178825378418, 0.6880526542663574]",-52.224192209396165
16.350000000000097,88.99425506591797,37.04500961303711,16.579450607299805,-0.044921875,0.20000000298023224,"[0.3494821786880493, 1.0, 0.17836043238639832, 0.9392847418785095]","[0.0, 0.0, 4.261057711119065e-06, 4.966666892869398e-05, -0.01669049821794033, 1.0, 0.016333334147930145, 4.261057711119065e-06, 0.0, 0.0, -0.9999986290931702, -0.016283666715025902, 0.0, 0.0]","[1.0, 0.0, 0.0, 1.5332669019699097, 0.0, 0.7229748368263245, 0.9763178825378418, 0.6880526542663574]",-52.5666081477065
16.400000000000098,88.94680786132812,37.87030029296875,16.508649826049805,-0.06072998046875,0.20000000298023224,"[0.35412847995758057, 1.0, 0.24002812802791595, 0.9310259222984314]","[0.0, 0.0, 4.261057711119065e-06, 4.966666892869398e-05, -0.01669049821794033, 1.0, 0.016333334147930145, 4.261057711119065e-06, 0.0, 0.0, -0.9999986290931702, -0.016283666715025902, 0.0, 0.0]","[1.0, 0.0, 0.0, 1.5332669019699097, 0.0, 0.7229748368263245, 0.9763178825378418, 0.6880526542663574]",-52.90633665528918
16.4500000000001,88.90904235839844,38.692291259765625,16.430679321289062,-0.076904296875,0.20000000298023224,"[0.359245240688324, 1.0, 0.29537710547447205, 0.9288313388824463]","[0.0, 0.0, 4.261057711119065e-06, 4.966666892869398e-05, -0.01669049821794033, 1.0, 0.016333334147930145, 4.261057711119065e-06, 0.0, 0.0, -0.9999986290931702, -0.016283666715025902, 0.0, 0.0]","[1.0, 0.0, 0.0, 1.5332669019699097, 0.0, 0.7229748368263245, 0.9763178825378418, 0.6880526542663574]",-52.92746392046011
16.5000000000001,88.883544921875,39.51061248779297,16.346160888671875,-0.0931396484375,0.20000000298023224,"[0.3647916913032532, 1.0, 0.3477749228477478, 0.9271218776702881]","[0.0, 0.0, 4.261057711119065e-06, 4.966666892869398e-05, -0.01669049821794033, 1.0, 0.016333334147930145, 4.261057711119065e-06, 0.0, 0.0, -0.9999986290931702, -0.016283666715025902, 0.0, 0.0]","[1.0, 0.0, 0.0, 1.5332669019699097, 0.0, 0.7229748368263245, 0.9763178825378418, 0.6880526542663574]",-53.232878480695284
16.5500000000001,88.87307739257812,40.32474899291992,16.254140853881836,-0.1116943359375,0.20000000298023224,"[0.3708304762840271, 1.0, 0.40631911158561707, 0.9193635582923889]","[0.0, 0.0, 4.261057711119065e-06, 4.966666892869398e-05, -0.01669049821794033, 1.0, 0.016333334147930145, 4.261057711119065e-06, 0.0, 0.0, -0.9999986290931702, -0.016283666715025902, 0.0, 0.0]","[1.0, 0.0, 0.0, 1.5332669019699097, 0.0, 0.7229748368263245, 0.9763178825378418, 0.6880526542663574]",-53.52459117990112
16.6000000000001,88.88065338134766,41.13394546508789,16.153160095214844,-0.13250732421875,0.20000000298023224,"[0.37745732069015503, 1.0, 0.469147264957428, 0.9132226705551147]","[0.0, 0.0, 4.261057711119065e-06, 4.966666892869398e-05, -0.01669049821794033, 1.0, 0.016333334147930145, 4.261057711119065e-06, 0.0, 0.0, -0.9999986290931702, -0.016283666715025902, 0.0, 0.0]","[1.0, 0.0, 0.0, 1.5332669019699097, 0.0, 0.7229748368263245, 0.9763178825378418, 0.6880526542663574]",-53.82048612915455
16.6500000000001,88.90914154052734,41.93719482421875,16.042369842529297,-0.153533935546875,0.20000000298023224,"[0.3847278356552124, 1.0, 0.5306044220924377, 0.9126142859458923]","[0.0, 0.0, 4.261057711119065e-06, 4.966666892869398e-05, -0.01669049821794033, 1.0, 0.016333334147930145, 4.261057711119065e-06, 0.0, 0.0, -0.9999986290931702, -0.016283666715025902, 0.0, 0.0]","[1.0, 0.0, 0.0, 1.5332669019699097, 0.0, 0.7229748368263245, 0.9763178825378418, 0.6880526542663574]",-53.80329713715849
16.700000000000102,88.9613037109375,42.733211517333984,15.920920372009277,-0.17437744140625,0.20000000298023224,"[0.3926979899406433, 1.0, 0.5903793573379517, 0.9121333360671997]","[0.0, 0.0, 4.261057711119065e-06, 4.966666892869398e-05, -0.01669049821794033, 1.0, 0.016333334147930145, 4.261057711119065e-06, 0.0, 0.0, -0.9999986290931702, -0.016283666715025902, 0.0, 0.0]","[1.0, 0.0, 0.0, 1.5332669019699097, 0.0, 0.7229748368263245, 0.9763178825378418, 0.6880526542663574]",-54.07927484425787
16.750000000000103,89.03970336914062,43.52042770385742,15.788089752197266,-0.1947021484375,0.20000000298023224,"[0.4014148712158203, 1.0, 0.6221085786819458, 0.9120031595230103]","[0.0, 0.0, 4.261057711119065e-06, 4.966666892869398e-05, -0.01669049821794033, 1.0, 0.016333334147930145, 4.261057711119065e-06, 0.0, 0.0, -0.9999986290931702, -0.016283666715025902, 0.0, 0.0]","[1.0, 0.0, 0.0, 1.5332669019699097, 0.0, 0.7229748368263245, 0.9763178825378418, 0.6880526542663574]",-54.32775086955414
16.800000000000104,89.1466064453125,44.2969970703125,15.643369674682617,-0.214141845703125,0.20000000298023224,"[0.41091203689575195, 1.0, 0.6287938952445984, 0.912280261516571]","[0.0, 0.0, 4.261057711119065e-06, 4.966666892869398e-05, -0.01669049821794033, 1.0, 0.016333334147930145, 4.261057711119065e-06, 0.0, 0.0, -0.9999986290931702, -0.016283666715025902, 0.0, 0.0]","[1.0, 0.0, 0.0, 1.5332669019699097, 0.0, 0.7229748368263245, 0.9763178825378418, 0.6880526542663574]",-54.529099917665654
16.850000000000104,89.28401184082031,45.06074523925781,15.485790252685547,-0.233551025390625,0.20000000298023224,"[0.4212530851364136, 1.0, 0.6357705593109131, 0.9103962182998657]","[0.0, 0.0, 4.261057711119065e-06, 4.966666892869398e-05, -0.01669049821794033, 1.0, 0.016333334147930145, 4.261057711119065e-06, 0.0, 0.0, -0.9999986290931702, -0.016283666715025902, 0.0, 0.0]","[1.0, 0.0, 0.0, 1.5332669019699097, 0.0, 0.7229748368263245, 0.9763178825378418, 0.6880526542663574]",-54.35369266008583
16.900000000000105,89.45347595214844,45.80929183959961,15.315950393676758,-0.250885009765625,0.20000000298023224,"[0.43239879608154297, 1.0, 0.6418501138687134, 0.9120791554450989]","[0.0, 0.0, 4.261057711119065e-06, 4.966666892869398e-05, -0.01669049821794033, 1.0, 0.016333334147930145, 4.261057711119065e-06, 0.0, 0.0, -0.9999986290931702, -0.016283666715025902, 0.0, 0.0]","[1.0, 0.0, 0.0, 1.5332669019699097, 0.0, 0.7229748368263245, 0.9763178825378418, 0.6880526542663574]",-54.541341563927126
16.950000000000106,89.65577697753906,46.54042434692383,15.14153003692627,-0.257537841796875,0.22222900390625,"[0.44384509325027466, 1.0, 0.6412580013275146, 0.9279966950416565]","[0.0, 0.0, 4.261057711119065e-06, 4.966666892869398e-05, -0.01669049821794033, 1.0, 0.016333334147930145, 4.261057711119065e-06, 0.0, 0.0, -0.9999986290931702, -0.016283666715025902, 0.0, 0.0]","[1.0, 0.0, 0.0, 1.5332669019699097, 0.0, 0.7229748368263245, 0.9763178825378418, 0.6880526542663574]",-54.71820518400151
17.000000000000107,89.89095306396484,47.25239181518555,14.97111988067627,-0.2535400390625,0.25396728515625,"[0.4550281763076782, 1.0, 0.6333415508270264, 0.9386757016181946]","[0.0, 0.0, 4.261057711119065e-06, 4.966666892869398e-05, -0.01669049821794033, 1.0, 0.016333334147930145, 4.261057711119065e-06, 0.0, 0.0, -0.9999986290931702, -0.016283666715025902, 0.0, 0.0]","[1.0, 0.0, 0.0, 1.5332669019699097, 0.0, 0.7229748368263245, 0.9763178825378418, 0.6880526542663574]",-54.88280347616239
17.050000000000107,90.15890502929688,47.94355773925781,14.805749893188477,-0.249908447265625,0.2936553955078125,"[0.4658803939819336, 1.0, 0.6245740652084351, 0.9404758214950562]","[0.0, 0.0, 4.261057711119065e-06, 4.966666892869398e-05, -0.01669049821794033, 1.0, 0.016333334147930145, 4.261057711119065e-06, 0.0, 0.0, -0.9999986290931702, -0.016283666715025902, 0.0, 0.0]","[1.0, 0.0, 0.0, 1.5332669019699097, 0.0, 0.7229748368263245, 0.9763178825378418, 0.6880526542663574]",-54.72170548113147
17.100000000000108,90.4593734741211,48.61223602294922,14.646719932556152,-0.247161865234375,0.3333282470703125,"[0.4763166904449463, 1.0, 0.6152826547622681, 0.9423343539237976]","[0.0, 0.0, 4.261057711119065e-06, 4.966666892869398e-05, -0.01669049821794033, 1.0, 0.016333334147930145, 4.261057711119065e-06, 0.0, 0.0, -0.9999986290931702, -0.016283666715025902, 0.0, 0.0]","[1.0, 0.0, 0.0, 1.5332669019699097, 0.0, 0.7229748368263245, 0.9763178825378418, 0.6880526542663574]",-54.86791514230557
17.15000000000011,90.79183197021484,49.25690460205078,14.498769760131836,-0.243560791015625,0.428558349609375,"[0.4860258102416992, 1.0, 0.6028738617897034, 0.9463352560997009]","[0.0, 0.0, 4.261057711119065e-06, 4.966666892869398e-05, -0.01669049821794033, 1.0, 0.016333334147930145, 4.261057711119065e-06, 0.0, 0.0, -0.9999986290931702, -0.016283666715025902, 0.0, 0.0]","[1.0, 0.0, 0.0, 1.5332669019699097, 0.0, 0.7229748368263245, 0.9763178825378418, 0.6880526542663574]",-54.986525425362544
17.20000000000011,91.15570068359375,49.87631607055664,14.368769645690918,-0.24169921875,0.56640625,"[0.4945570230484009, 1.0, 0.5853846073150635, 0.9518166780471802]","[0.0, 0.0, 4.261057711119065e-06, 4.966666892869398e-05, -0.01669049821794033, 1.0, 0.016333334147930145, 4.261057711119065e-06, 0.0, 0.0, -0.9999986290931702, -0.016283666715025902, 0.0, 0.0]","[1.0, 0.0, 0.0, 1.5332669019699097, 0.0, 0.7229748368263245, 0.9763178825378418, 0.6880526542663574]",-55.07344980734314
17.25000000000011,91.5504379272461,50.4697151184082,14.267780303955078,-0.238128662109375,0.71875,"[0.5011844038963318, 1.0, 0.5594149827957153, 0.9610694646835327]","[0.0, 0.0, 4.261057711119065e-06, 4.966666892869398e-05, -0.01669049821794033, 1.0, 0.016333334147930145, 4.261057711119065e-06, 0.0, 0.0, -0.9999986290931702, -0.016283666715025902, 0.0, 0.0]","[1.0, 0.0, 0.0, 1.5332669019699097, 0.0, 0.7229748368263245, 0.9763178825378418, 0.6880526542663574]",-54.841504911397344
17.30000000000011,91.97545623779297,51.03693771362305,14.20365047454834,-0.23126220703125,0.765625,"[0.505392849445343, 1.0, 0.5277384519577026, 0.9661563634872437]","[0.0, 0.0, 4.261057711119065e-06, 4.966666892869398e-05, -0.01669049821794033, 1.0, 0.016333334147930145, 4.261057711119065e-06, 0.0, 0.0, -0.9999986290931702, -0.016283666715025902, 0.0, 0.0]","[1.0, 0.0, 0.0, 1.5332669019699097, 0.0, 0.7229748368263245, 0.9763178825378418, 0.6880526542663574]",-54.90989121448572
17.35000000000011,92.43004608154297,51.57787322998047,14.170000076293945,-0.223968505859375,0.765625,"[0.5076011419296265, 1.0, 0.5255098938941956, 0.9667495489120483]","[0.0, 0.0, 4.261057711119065e-06, 4.966666892869398e-05, -0.01669049821794033, 1.0, 0.016333334147930145, 4.261057711119065e-06, 0.0, 0.0, -0.9999986290931702, -0.016283666715025902, 0.0, 0.0]","[1.0, 0.0, 0.0, 1.5332669019699097, 0.0, 0.7229748368263245, 0.9763178825378418, 0.6880526542663574]",-54.96792380423011
17.400000000000112,92.91313171386719,52.09225845336914,14.159330368041992,-0.215911865234375,0.765625,"[0.5083013772964478, 1.0, 0.548723042011261, 0.9654662013053894]","[0.0, 0.0, 4.261057711119065e-06, 4.966666892869398e-05, -0.01669049821794033, 1.0, 0.016333334147930145, 4.261057711119065e-06, 0.0, 0.0, -0.9999986290931702, -0.016283666715025902, 0.0, 0.0]","[1.0, 0.0, 0.0, 1.5332669019699097, 0.0, 0.7229748368263245, 0.9763178825378418, 0.6880526542663574]",-55.017539215170736
17.450000000000113,93.42344665527344,52.57972717285156,14.166370391845703,-0.208526611328125,0.77734375,"[0.5078393220901489, 0.9682999849319458, 0.5618821978569031, 0.9644061326980591]","[0.0, 0.0, 4.261057711119065e-06, 4.966666892869398e-05, -0.01669049821794033, 1.0, 0.016333334147930145, 4.261057711119065e-06, 0.0, 0.0, -0.9999986290931702, -0.016283666715025902, 0.0, 0.0]","[1.0, 0.0, 0.0, 1.5332669019699097, 0.0, 0.7229748368263245, 0.9763178825378418, 0.6880526542663574]",-54.81183234225091
17.500000000000114,93.95970153808594,53.03953552246094,14.183119773864746,-0.200714111328125,0.80078125,"[0.5067402124404907, 0.9700000286102295, 0.5682514309883118, 0.9642288684844971]","[0.0, 0.0, 4.261057711119065e-06, 4.966666892869398e-05, -0.01669049821794033, 1.0, 0.016333334147930145, 4.261057711119065e-06, 0.0, 0.0, -0.9999986290931702, -0.016283666715025902, 0.0, 0.0]","[1.0, 0.0, 0.0, 1.5332669019699097, 0.0, 0.7229748368263245, 0.9763178825378418, 0.6880526542663574]",-54.86521682498498
17.550000000000114,94.52019500732422,53.47209167480469,14.222920417785645,-0.18988037109375,0.828125,"[0.5041282773017883, 0.7541000247001648, 0.5847419500350952, 0.944927453994751]","[0.0, 0.0, 4.261057711119065e-06, 4.966666892869398e-05, -0.01669049821794033, 1.0, 0.016333334147930145, 4.261057711119065e-06, 0.0, 0.0, -0.9999986290931702, -0.016283666715025902, 0.0, 0.0]","[1.0, 0.0, 0.0, 1.5332669019699097, 0.0, 0.7229748368263245, 0.9763178825378418, 0.6880526542663574]",-54.91744639048897
17.600000000000115,95.10350036621094,53.87818145751953,14.283160209655762,-0.17474365234375,0.85546875,"[0.5001751184463501, 0.6388999819755554, 0.5998281836509705, 0.9506577849388123]","[0.0, 0.0, 4.261057711119065e-06, 4.966666892869398e-05, -0.01669049821794033, 1.0, 0.016333334147930145, 4.261057711119065e-06, 0.0, 0.0, -0.9999986290931702, -0.016283666715025902, 0.0, 0.0]","[1.0, 0.0, 0.0, 1.5332669019699097, 0.0, 0.7229748368263245, 0.9763178825378418, 0.6880526542663574]",-54.971142426564036
17.650000000000116,95.70829772949219,54.25883483886719,14.365710258483887,-0.155364990234375,0.88671875,"[0.49475783109664917, 0.5058000087738037, 0.6162237524986267, 0.938169538974762]","[0.0, 0.0, 4.261057711119065e-06, 4.966666892869398e-05, -0.01669049821794033, 1.0, 0.016333334147930145, 4.261057711119065e-06, 0.0, 0.0, -0.9999986290931702, -0.016283666715025902, 0.0, 0.0]","[1.0, 0.0, 0.0, 1.5332669019699097, 0.0, 0.7229748368263245, 0.9763178825378418, 0.6880526542663574]",-54.857502652920324
17.700000000000117,96.33329772949219,54.61564254760742,14.47033977508545,-0.13299560546875,0.90234375,"[0.4878915548324585, 0.4413999915122986, 0.6322439908981323, 0.9265679121017456]","[0.0, 0.0, 4.261057711119065e-06, 4.966666892869398e-05, -0.01669049821794033, 1.0, 0.016333334147930145, 4.261057711119065e-06, 0.0, 0.0, -0.9999986290931702, -0.016283666715025902, 0.0, 0.0]","[1.0, 0.0, 0.0, 1.5332669019699097, 0.0, 0.7229748368263245, 0.9763178825378418, 0.6880526542663574]",-54.94086780218146
17.750000000000117,96.97726440429688,54.95037841796875,14.593400001525879,-0.111572265625,0.9140625,"[0.4798157811164856, 0.3937000036239624, 0.6281301379203796, 0.9230889081954956]","[0.0, 0.0, 4.261057711119065e-06, 4.966666892869398e-05, -0.01669049821794033, 1.0, 0.016333334147930145, 4.261057711119065e-06, 0.0, 0.0, -0.9999986290931702, -0.016283666715025902, 0.0, 0.0]","[1.0, 0.0, 0.0, 1.5332669019699097, 0.0, 0.7229748368263245, 0.9763178825378418, 0.6880526542663574]",-55.03170904306947
17.800000000000118,97.63898468017578,55.26493835449219,14.731450080871582,-0.09173583984375,0.91796875,"[0.4707563519477844, 0.3813000023365021, 0.5910483598709106, 0.9201949834823608]","[0.0, 0.0, 4.261057711119065e-06, 4.966666892869398e-05, -0.01669049821794033, 1.0, 0.016333334147930145, 4.261057711119065e-06, 0.0, 0.0, -0.9999986290931702, -0.016283666715025902, 0.0, 0.0]","[1.0, 0.0, 0.0, 1.5332669019699097, 0.0, 0.7229748368263245, 0.9763178825378418, 0.6880526542663574]",-55.130837895159594
17.85000000000012,98.3172607421875,55.56128692626953,14.88129997253418,-0.075164794921875,0.9296875,"[0.4609224796295166, 0.33169999718666077, 0.5536535978317261, 0.9219655394554138]","[0.0, 0.0, 4.261057711119065e-06, 4.966666892869398e-05, -0.01669049821794033, 1.0, 0.016333334147930145, 4.261057711119065e-06, 0.0, 0.0, -0.9999986290931702, -0.016283666715025902, 0.0, 0.0]","[1.0, 0.0, 0.0, 1.5332669019699097, 0.0, 0.7229748368263245, 0.9763178825378418, 0.6880526542663574]",-55.1370768590498
17.90000000000012,99.01116180419922,55.84093475341797,15.038920402526855,-0.0665283203125,0.9296875,"[0.45057880878448486, 0.33640000224113464, 0.5267802476882935, 0.9379227757453918]","[0.0, 0.0, 4.261057711119065e-06, 4.966666892869398e-05, -0.01669049821794033, 1.0, 0.016333334147930145, 4.261057711119065e-06, 0.0, 0.0, -0.9999986290931702, -0.016283666715025902, 0.0, 0.0]","[1.0, 0.0, 0.0, 1.5332669019699097, 0.0, 0.7229748368263245, 0.9763178825378418, 0.6880526542663574]",-55.274100838566284
17.95000000000012,99.7198715209961,56.104915618896484,15.201210021972656,-0.065155029296875,0.93359375,"[0.4399285316467285, 0.32179999351501465, 0.5091468095779419, 0.9529304504394531]","[0.0, 0.0, 4.261057711119065e-06, 4.966666892869398e-05, -0.01669049821794033, 1.0, 0.016333334147930145, 4.261057711119065e-06, 0.0, 0.0, -0.9999986290931702, -0.016283666715025902, 0.0, 0.0]","[1.0, 0.0, 0.0, 1.5332669019699097, 0.0, 0.7229748368263245, 0.9763178825378418, 0.6880526542663574]",-55.42632944276537
18.00000000000012,100.44268035888672,56.35418701171875,15.367850303649902,-0.065155029296875,0.9375,"[0.4289928674697876, 0.3068000078201294, 0.4910435378551483, 0.9546515941619873]","[0.0, 0.0, 4.261057711119065e-06, 4.966666892869398e-05, -0.01669049821794033, 1.0, 0.016333334147930145, 4.261057711119065e-06, 0.0, 0.0, -0.9999986290931702, -0.016283666715025902, 0.0, 0.0]","[1.0, 0.0, 0.0, 1.5332669019699097, 0.0, 0.7229748368263245, 0.9763178825378418, 0.6880526542663574]",-55.59747505904328
18.05000000000012,101.17899322509766,56.58979797363281,15.538740158081055,-0.0643310546875,0.94140625,"[0.4177783131599426, 0.2913999855518341, 0.4724786877632141, 0.9546792507171631]","[0.0, 0.0, 4.261057711119065e-06, 4.966666892869398e-05, -0.01669049821794033, 1.0, 0.016333334147930145, 4.261057711119065e-06, 0.0, 0.0, -0.9999986290931702, -0.016283666715025902, 0.0, 0.0]","[1.0, 0.0, 0.0, 1.5332669019699097, 0.0, 0.7229748368263245, 0.9763178825378418, 0.6880526542663574]",-55.760342058273295
18.100000000000122,101.92829895019531,56.812835693359375,15.71403980255127,-0.06109619140625,0.9453125,"[0.4062744379043579, 0.27559998631477356, 0.452401340007782, 0.9520235061645508]","[0.0, 0.0, 4.261057711119065e-06, 4.966666892869398e-05, -0.01669049821794033, 1.0, 0.016333334147930145, 4.261057711119065e-06, 0.0, 0.0, -0.9999986290931702, -0.016283666715025902, 0.0, 0.0]","[1.0, 0.0, 0.0, 1.5332669019699097, 0.0, 0.7229748368263245, 0.9763178825378418, 0.6880526542663574]",-55.99468317476474
18.150000000000123,102.69020080566406,57.02444076538086,15.893730163574219,-0.05535888671875,0.94921875,"[0.39448225498199463, 0.25949999690055847, 0.4311613142490387, 0.9490975141525269]","[0.0, 0.0, 4.261057711119065e-06, 4.966666892869398e-05, -0.01669049821794033, 1.0, 0.016333334147930145, 4.261057711119065e-06, 0.0, 0.0, -0.9999986290931702, -0.016283666715025902, 0.0, 0.0]","[1.0, 0.0, 0.0, 1.5332669019699097, 0.0, 0.7229748368263245, 0.9763178825378418, 0.6880526542663574]",-56.25439308416173
18.200000000000124,103.46438598632812,57.22564697265625,16.076950073242188,-0.04913330078125,0.94921875,"[0.38245856761932373, 0.2628999948501587, 0.41229888796806335, 0.9510095715522766]","[0.0, 0.0, 4.261057711119065e-06, 4.966666892869398e-05, -0.01669049821794033, 1.0, 0.016333334147930145, 4.261057711119065e-06, 0.0, 0.0, -0.9999986290931702, -0.016283666715025902, 0.0, 0.0]","[1.0, 0.0, 0.0, 1.5332669019699097, 0.0, 0.7229748368263245, 0.9763178825378418, 0.6880526542663574]",-56.54057045801627
18.250000000000124,104.25055694580078,57.41734313964844,16.2632999420166,-0.043121337890625,0.95703125,"[0.37022948265075684, 0.22540000081062317, 0.39583295583724976, 0.9528963565826416]","[0.0, 0.0, 4.261057711119065e-06, 4.966666892869398e-05, -0.01669049821794033, 1.0, 0.016333334147930145, 4.261057711119065e-06, 0.0, 0.0, -0.9999986290931702, -0.016283666715025902, 0.0, 0.0]","[1.0, 0.0, 0.0, 1.5332669019699097, 0.0, 0.7229748368263245, 0.9763178825378418, 0.6880526542663574]",-56.90410667120851
18.300000000000125,105.04853057861328,57.600223541259766,16.452619552612305,-0.038726806640625,0.9609375,"[0.35780543088912964, 0.20749999582767487, 0.38407692313194275, 0.9576967358589172]","[0.0, 0.0, 4.261057711119065e-06, 4.966666892869398e-05, -0.01669049821794033, 1.0, 0.016333334147930145, 4.261057711119065e-06, 0.0, 0.0, -0.9999986290931702, -0.016283666715025902, 0.0, 0.0]","[1.0, 0.0, 0.0, 1.5332669019699097, 0.0, 0.7229748368263245, 0.9763178825378418, 0.6880526542663574]",-57.26217022985636
18.350000000000126,105.85816955566406,57.7747802734375,16.644439697265625,-0.03656005859375,0.96484375,"[0.34521734714508057, 0.1890999972820282, 0.3749200105667114, 0.9636654853820801]","[0.0, 0.0, 4.261057711119065e-06, 4.966666892869398e-05, -0.01669049821794033, 1.0, 0.016333334147930145, 4.261057711119065e-06, 0.0, 0.0, -0.9999986290931702, -0.016283666715025902, 0.0, 0.0]","[1.0, 0.0, 0.0, 1.5332669019699097, 0.0, 0.7229748368263245, 0.9763178825378418, 0.6880526542663574]",-57.64854036010601
18.400000000000126,106.67938232421875,57.94123840332031,16.83843994140625,-0.03656005859375,0.96875,"[0.3324861526489258, 0.17000000178813934, 0.37136217951774597, 0.9694694876670837]","[0.0, 0.0, 4.261057711119065e-06, 4.966666892869398e-05, -0.01669049821794033, 1.0, 0.016333334147930145, 4.261057711119065e-06, 0.0, 0.0, -0.9999986290931702, -0.016283666715025902, 0.0, 0.0]","[1.0, 0.0, 0.0, 1.5332669019699097, 0.0, 0.7229748368263245, 0.9763178825378418, 0.6880526542663574]",-58.06384154751357
18.450000000000127,107.51211547851562,58.09981155395508,17.03451919555664,-0.0369873046875,0.96875,"[0.3196185827255249, 0.1720999926328659, 0.36783164739608765, 0.9692927002906799]","[0.0, 0.0, 4.261057711119065e-06, 4.966666892869398e-05, -0.01669049821794033, 1.0, 0.016333334147930145, 4.261057711119065e-06, 0.0, 0.0, -0.9999986290931702, -0.016283666715025902, 0.0, 0.0]","[1.0, 0.0, 0.0, 1.5332669019699097, 0.0, 0.7229748368263245, 0.9763178825378418, 0.6880526542663574]",-58.63249986249586
18.500000000000128,108.35630798339844,58.250545501708984,17.231910705566406,-0.037933349609375,0.96875,"[0.3066648840904236, 0.17399999499320984, 0.3690241575241089, 0.9705185890197754]","[0.0, 0.0, 4.261057711119065e-06, 4.966666892869398e-05, -0.01669049821794033, 1.0, 0.016333334147930145, 4.261057711119065e-06, 0.0, 0.0, -0.9999986290931702, -0.016283666715025902, 0.0, 0.0]","[1.0, 0.0, 0.0, 1.5332669019699097, 0.0, 0.7229748368263245, 0.9763178825378418, 0.6880526542663574]",-59.12384691087954
18.55000000000013,109.2118911743164,58.39345169067383,17.43054962158203,-0.038299560546875,0.96875,"[0.2936292886734009, 0.1761000007390976, 0.36846810579299927, 0.9715633988380432]","[0.0, 0.0, 4.261057711119065e-06, 4.966666892869398e-05, -0.01669049821794033, 1.0, 0.016333334147930145, 4.261057711119065e-06, 0.0, 0.0, -0.9999986290931702, -0.016283666715025902, 0.0, 0.0]","[1.0, 0.0, 0.0, 1.5332669019699097, 0.0, 0.7229748368263245, 0.9763178825378418, 0.6880526542663574]",-59.645224174774526
18.60000000000013,110.07882690429688,58.52850341796875,17.628639221191406,-0.038330078125,0.9453125,"[0.2806297540664673, 0.311599999666214, 0.3673907518386841, 0.9700032472610474]","[0.0, 0.0, 4.261057711119065e-06, 4.966666892869398e-05, -0.01669049821794033, 1.0, 0.016333334147930145, 4.261057711119065e-06, 0.0, 0.0, -0.9999986290931702, -0.016283666715025902, 0.0, 0.0]","[1.0, 0.0, 0.0, 1.5332669019699097, 0.0, 0.7229748368263245, 0.9763178825378418, 0.6880526542663574]",-60.1966701432772
18.65000000000013,110.95684051513672,58.655574798583984,17.823570251464844,-0.038330078125,0.9296875,"[0.2678375244140625, 0.4052000045776367, 0.3654997646808624, 0.9669752717018127]","[0.0, 0.0, 4.261057711119065e-06, 4.966666892869398e-05, -0.01669049821794033, 1.0, 0.016333334147930145, 4.261057711119065e-06, 0.0, 0.0, -0.9999986290931702, -0.016283666715025902, 0.0, 0.0]","[1.0, 0.0, 0.0, 1.5332669019699097, 0.0, 0.7229748368263245, 0.9763178825378418, 0.6880526542663574]",-60.589432306691094
