sim_time,x,y,speed,steer,throttle,style_scores,alert_state,alert_raw,alert_score
0.05,227.07386779785156,-172.86415100097656,0.9800000190734863,0.020263671875,0.20000000298023224,"[0.6268119812011719, 0.24779999256134033, 0.0, 0.9422607421875]","[0.0, 0.0, -0.0056919436901807785, 2.566666626080405e-05, -0.028373777866363525, 1.0, 0.016333334147930145, -0.0056919436901807785, 0.0, 0.0, 0.9981881976127625, -0.016307666897773743, 0.0, 0.0]","[1.0, 1.0, 0.0, 0.7510669827461243, 1.0, 0.4801355004310608, 0.38132256269454956, 0.7120020389556885]",1.0
0.1,227.07386779785156,-172.86415100097656,1.4700000286102295,0.020263671875,0.20000000298023224,"[0.6589679718017578, 0.3716000020503998, 0.0, 0.9659090638160706]","[0.0, 0.0, -0.0056919436901807785, 2.566666626080405e-05, -0.028373777866363525, 1.0, 0.016333334147930145, -0.0056919436901807785, 0.0, 0.0, 0.9981881976127625, -0.016307666897773743, 0.0, 0.0]","[1.0, 1.0, 0.0, 0.7510669827461243, 1.0, 0.4801355004310608, 0.38132256269454956, 0.7120020389556885]",1.0
0.15000000000000002,227.07386779785156,-172.86415100097656,1.9600000381469727,0.020263671875,0.20000000298023224,"[0.6911239624023438, 0.49549999833106995, 0.0, 0.9659090042114258]","[0.0, 0.0, -0.0056919436901807785, 2.566666626080405e-05, -0.028373777866363525, 1.0, 0.016333334147930145, -0.0056919436901807785, 0.0, 0.0, 0.9981881976127625, -0.016307666897773743, 0.0, 0.0]","[1.0, 1.0, 0.0, 0.7510669827461243, 1.0, 0.4801355004310608, 0.38132256269454956, 0.7120020389556885]",1.0
0.2,227.07386779785156,-172.86415100097656,1.796090006828308,0.020263671875,0.20000000298023224,"[0.6803674697875977, 0.46970000863075256, 4.3956040940429375e-07, 0.5231031775474548]","[0.0, 0.0, -0.0056919436901807785, 2.566666626080405e-05, -0.028373777866363525, 1.0, 0.016333334147930145, -0.0056919436901807785, 0.0, 0.0, 0.9981881976127625, -0.016307666897773743, 0.0, 0.0]","[1.0, 1.0, 0.0, 0.7510669827461243, 1.0, 0.4801355004310608, 0.38132256269454956, 0.7120020389556885]",1.0
0.25,227.07386779785156,-172.86415100097656,0.9435200095176697,0.0064697265625,0.20000000298023224,"[0.6244180202484131, 0.22939999401569366, 0.0, 0.5107366442680359]","[0.0, 0.0, -0.0056919436901807785, 2.566666626080405e-05, -0.028373777866363525, 1.0, 0.016333334147930145, -0.0056919436901807785, 0.0, 0.0, 0.9981881976127625, -0.016307666897773743, 0.0, 0.0]","[1.0, 1.0, 0.0, 0.7510669827461243, 1.0, 0.4801355004310608, 0.38132256269454956, 0.7120020389556885]",0.9770049441312442
0.3,227.07386779785156,-172.86415100097656,0.4353399872779846,0.001495361328125,0.20000000298023224,"[0.5910689830780029, 0.10989999771118164, 0.0, 0.6526026129722595]","[0.0, 0.0, -0.0056919436901807785, 2.566666626080405e-05, -0.028373777866363525, 1.0, 0.016333334147930145, -0.0056919436901807785, 0.0, 0.0, 0.9981881976127625, -0.016307666897773743, 0.0, 0.0]","[1.0, 1.0, 0.0, 0.7510669827461243, 1.0, 0.4801355004310608, 0.38132256269454956, 0.7120020389556885]",0.8858183009826952
0.35,227.07386779785156,-172.86415100097656,0.14326000213623047,-0.0006103515625,0.20000000298023224,"[0.5719013810157776, 0.03700000047683716, 0.0, 0.7693554162979126]","[0.0, 0.0, -0.0056919436901807785, 2.566666626080405e-05, -0.028373777866363525, 1.0, 0.016333334147930145, -0.0056919436901807785, 0.0, 0.0, 0.9981881976127625, -0.016307666897773743, 0.0, 0.0]","[1.0, 1.0, 0.0, 0.7510669827461243, 1.0, 0.4801355004310608, 0.38132256269454956, 0.7120020389556885]",0.7824027208364557
0.39999999999999997,227.07386779785156,-172.86415100097656,0.01549999974668026,-0.000457763671875,0.20000000298023224,"[0.5635172128677368, 0.004100000020116568, 0.0, 0.8613699674606323]","[0.0, 0.0, -0.0056919436901807785, 2.566666626080405e-05, -0.028373777866363525, 1.0, 0.016333334147930145, -0.0056919436901807785, 0.0, 0.0, 0.9981881976127625, -0.016307666897773743, 0.0, 0.0]","[1.0, 1.0, 0.0, 0.7510669827461243, 1.0, 0.4801355004310608, 0.38132256269454956, 0.7120020389556885]",0.5124350286853581
0.44999999999999996,227.07386779785156,-172.86415100097656,0.09382999688386917,0.0001220703125,0.20000000298023224,"[0.5686575174331665, 0.024700000882148743, 0.0, 0.9161795973777771]","[0.0, 0.0, -0.0056919436901807785, 2.566666626080405e-05, -0.028373777866363525, 1.0, 0.016333334147930145, -0.0056919436901807785, 0.0, 0.0, 0.9981881976127625, -0.016307666897773743, 0.0, 0.0]","[1.0, 1.0, 0.0, 0.7510669827461243, 1.0, 0.4801355004310608, 0.38132256269454956, 0.7120020389556885]",0.3396081087655839
0.49999999999999994,227.07386779785156,-172.86415100097656,0.1251399964094162,0.001007080078125,0.20000000298023224,"[0.5707122683525085, 0.03319999948143959, 0.0, 0.9529395699501038]","[0.0, 0.0, -0.0056919436901807785, 2.566666626080405e-05, -0.028373777866363525, 1.0, 0.016333334147930145, -0.0056919436901807785, 0.0, 0.0, 0.9981881976127625, -0.016307666897773743, 0.0, 0.0]","[1.0, 1.0, 0.0, 0.7510669827461243, 1.0, 0.4801355004310608, 0.38132256269454956, 0.7120020389556885]",0.1253657731658263
0.5499999999999999,227.07386779785156,-172.86415100097656,0.1301800012588501,0.000762939453125,0.20000000298023224,"[0.5710430145263672, 0.03460000082850456, 0.0, 0.9754238128662109]","[0.0, 0.0, -0.0056919436901807785, 2.566666626080405e-05, -0.028373777866363525, 1.0, 0.016333334147930145, -0.0056919436901807785, 0.0, 0.0, 0.9981881976127625, -0.016307666897773743, 0.0, 0.0]","[1.0, 1.0, 0.0, 0.7510669827461243, 1.0, 0.4801355004310608, 0.38132256269454956, 0.7120020389556885]",-0.11323710843464285
0.6,227.07386779785156,-172.86415100097656,0.12161000072956085,0.000762939453125,0.20000000298023224,"[0.5704805850982666, 0.03229999914765358, 0.0, 0.9864628314971924]","[0.0, 0.0, -0.0056919436901807785, 2.566666626080405e-05, -0.028373777866363525, 1.0, 0.016333334147930145, -0.0056919436901807785, 0.0, 0.0, 0.9981881976127625, -0.016307666897773743, 0.0, 0.0]","[1.0, 1.0, 0.0, 0.7510669827461243, 1.0, 0.4801355004310608, 0.38132256269454956, 0.7120020389556885]",-0.35897729431639425
0.65,227.07386779785156,-172.86415100097656,0.10694999992847443,0.000762939453125,0.20000000298023224,"[0.5695185661315918, 0.0284000001847744, 0.0, 0.9924567341804504]","[0.0, 0.0, -0.0056919436901807785, 2.566666626080405e-05, -0.028373777866363525, 1.0, 0.016333334147930145, -0.0056919436901807785, 0.0, 0.0, 0.9981881976127625, -0.016307666897773743, 0.0, 0.0]","[1.0, 1.0, 0.0, 0.7510669827461243, 1.0, 0.4801355004310608, 0.38132256269454956, 0.7120020389556885]",-0.902806981105138
0.7000000000000001,227.07386779785156,-172.86415100097656,0.09047999978065491,0.00054931640625,0.20000000298023224,"[0.5684376955032349, 0.024000000208616257, 0.0, 0.9961005449295044]","[0.0, 0.0, -0.0056919436901807785, 2.566666626080405e-05, -0.028373777866363525, 1.0, 0.016333334147930145, -0.0056919436901807785, 0.0, 0.0, 0.9981881976127625, -0.016307666897773743, 0.0, 0.0]","[1.0, 1.0, 0.0, 0.7510669827461243, 1.0, 0.4801355004310608, 0.38132256269454956, 0.7120020389556885]",-1.1886327506721028
0.7500000000000001,227.07386779785156,-172.86415100097656,0.07450000196695328,0.00054931640625,0.20000000298023224,"[0.5673890113830566, 0.01979999989271164, 0.0, 0.9973715543746948]","[0.0, 0.0, -0.0056919436901807785, 2.566666626080405e-05, -0.028373777866363525, 1.0, 0.016333334147930145, -0.0056919436901807785, 0.0, 0.0, 0.9981881976127625, -0.016307666897773743, 0.0, 0.0]","[1.0, 1.0, 0.0, 0.7510669827461243, 1.0, 0.4801355004310608, 0.38132256269454956, 0.7120020389556885]",-1.4805521376552986
0.8000000000000002,227.07386779785156,-172.86415100097656,0.06013000011444092,0.000457763671875,0.20000000298023224,"[0.5664460062980652, 0.01600000075995922, 0.0, 0.9965720772743225]","[0.0, 0.0, -0.0056919436901807785, 2.566666626080405e-05, -0.028373777866363525, 1.0, 0.016333334147930145, -0.0056919436901807785, 0.0, 0.0, 0.9981881976127625, -0.016307666897773743, 0.0, 0.0]","[1.0, 1.0, 0.0, 0.7510669827461243, 1.0, 0.4801355004310608, 0.38132256269454956, 0.7120020389556885]",-2.108089272588459
0.8500000000000002,227.07386779785156,-172.86415100097656,0.04780000075697899,-0.001434326171875,0.20000000298023224,"[0.5656368732452393, 0.01269999984651804, 4.3956040940429375e-07, 0.996383011341095]","[0.0, 0.0, -0.0056919436901807785, 2.566666626080405e-05, -0.028373777866363525, 1.0, 0.016333334147930145, -0.0056919436901807785, 0.0, 0.0, 0.9981881976127625, -0.016307666897773743, 0.0, 0.0]","[1.0, 1.0, 0.0, 0.7510669827461243, 1.0, 0.4801355004310608, 0.38132256269454956, 0.7120020389556885]",-2.4285299677259244
0.9000000000000002,227.07386779785156,-172.86415100097656,0.037539999932050705,-0.0015869140625,0.20000000298023224,"[0.5649635791778564, 0.009999999776482582, 0.0, 0.9967128038406372]","[0.0, 0.0, -0.0056919436901807785, 2.566666626080405e-05, -0.028373777866363525, 1.0, 0.016333334147930145, -0.0056919436901807785, 0.0, 0.0, 0.9981881976127625, -0.016307666897773743, 0.0, 0.0]","[1.0, 1.0, 0.0, 0.7510669827461243, 1.0, 0.4801355004310608, 0.38132256269454956, 0.7120020389556885]",-2.767904427173333
0.9500000000000003,227.07386779785156,-172.86415100097656,0.029190000146627426,-0.001251220703125,0.20000000298023224,"[0.5644155740737915, 0.007799999788403511, 0.0, 0.9971042275428772]","[0.0, 0.0, -0.0056919436901807785, 2.566666626080405e-05, -0.028373777866363525, 1.0, 0.016333334147930145, -0.0056919436901807785, 0.0, 0.0, 0.9981881976127625, -0.016307666897773743, 0.0, 0.0]","[1.0, 1.0, 0.0, 0.7510669827461243, 1.0, 0.4801355004310608, 0.38132256269454956, 0.7120020389556885]",-3.1193499289243327
1.0000000000000002,227.07386779785156,-172.86415100097656,0.022509999573230743,9.1552734375e-05,0.20000000298023224,"[0.5639772415161133, 0.006000000052154064, 4.3956040940429375e-07, 0.9975110292434692]","[0.0, 0.0, -0.0056919436901807785, 2.566666626080405e-05, -0.028373777866363525, 1.0, 0.016333334147930145, -0.0056919436901807785, 0.0, 0.0, 0.9981881976127625, -0.016307666897773743, 0.0, 0.0]","[1.0, 1.0, 0.0, 0.7510669827461243, 1.0, 0.4801355004310608, 0.38132256269454956, 0.7120020389556885]",-3.4844976262871734
1.0500000000000003,227.07386779785156,-172.86415100097656,0.017249999567866325,0.0001220703125,0.20000000298023224,"[0.5636320114135742, 0.004600000102072954, 0.0, 0.9979990124702454]","[0.0, 0.0, -0.0056919436901807785, 2.566666626080405e-05, -0.028373777866363525, 1.0, 0.016333334147930145, -0.0056919436901807785, 0.0, 0.0, 0.9981881976127625, -0.016307666897773743, 0.0, 0.0]","[1.0, 1.0, 0.0, 0.7510669827461243, 1.0, 0.4801355004310608, 0.38132256269454956, 0.7120020389556885]",-4.229526072057548
1.1000000000000003,227.07386779785156,-172.86415100097656,0.013129999861121178,-0.00067138671875,0.20000000298023224,"[0.563361644744873, 0.0035000001080334187, 0.0, 0.9983541965484619]","[0.0, 0.0, -0.0056919436901807785, 2.566666626080405e-05, -0.028373777866363525, 1.0, 0.016333334147930145, -0.0056919436901807785, 0.0, 0.0, 0.9981881976127625, -0.016307666897773743, 0.0, 0.0]","[1.0, 1.0, 0.0, 0.7510669827461243, 1.0, 0.4801355004310608, 0.38132256269454956, 0.7120020389556885]",-4.621274244898736
1.1500000000000004,227.07386779785156,-172.86415100097656,0.009949999861419201,-0.0010986328125,0.20000000298023224,"[0.5631529688835144, 0.0026000000070780516, 0.0, 0.998699426651001]","[0.0, 0.0, -0.0056919436901807785, 2.566666626080405e-05, -0.028373777866363525, 1.0, 0.016333334147930145, -0.0056919436901807785, 0.0, 0.0, 0.9981881976127625, -0.016307666897773743, 0.0, 0.0]","[1.0, 1.0, 0.0, 0.7510669827461243, 1.0, 0.4801355004310608, 0.38132256269454956, 0.7120020389556885]",-5.030549271815591
1.2000000000000004,227.07386779785156,-172.86415100097656,0.007499999832361937,-0.001556396484375,0.20000000298023224,"[0.5629922151565552, 0.0020000000949949026, 0.0, 0.9989758729934692]","[0.0, 0.0, -0.0056919436901807785, 2.566666626080405e-05, -0.028373777866363525, 1.0, 0.016333334147930145, -0.0056919436901807785, 0.0, 0.0, 0.9981881976127625, -0.016307666897773743, 0.0, 0.0]","[1.0, 1.0, 0.0, 0.7510669827461243, 1.0, 0.4801355004310608, 0.38132256269454956, 0.7120020389556885]",-5.458175865848213
1.2500000000000004,227.07386779785156,-172.86415100097656,0.005640000104904175,-0.001617431640625,0.20000000298023224,"[0.5628701448440552, 0.001500000013038516, 0.0, 0.9992165565490723]","[0.0, 0.0, -0.0056919436901807785, 2.566666626080405e-05, -0.028373777866363525, 1.0, 0.016333334147930145, -0.0056919436901807785, 0.0, 0.0, 0.9981881976127625, -0.016307666897773743, 0.0, 0.0]","[1.0, 1.0, 0.0, 0.7510669827461243, 1.0, 0.4801355004310608, 0.38132256269454956, 0.7120020389556885]",-6.394785547962647
1.3000000000000005,227.07386779785156,-172.86415100097656,0.004220000002533197,-0.001617431640625,0.20000000298023224,"[0.5627769231796265, 0.0010999999940395355, 0.0, 0.9993964433670044]","[0.0, 0.0, -0.0056919436901807785, 2.566666626080405e-05, -0.028373777866363525, 1.0, 0.016333334147930145, -0.0056919436901807785, 0.0, 0.0, 0.9981881976127625, -0.016307666897773743, 0.0, 0.0]","[1.0, 1.0, 0.0, 0.7510669827461243, 1.0, 0.4801355004310608, 0.38132256269454956, 0.7120020389556885]",-6.909414736480556
1.3500000000000005,227.07386779785156,-172.86415100097656,0.0031500000040978193,-0.001617431640625,0.20000000298023224,"[0.562706708908081, 0.0007999999797903001, 0.0, 0.9995392560958862]","[0.0, 0.0, -0.0056919436901807785, 2.566666626080405e-05, -0.028373777866363525, 1.0, 0.016333334147930145, -0.0056919436901807785, 0.0, 0.0, 0.9981881976127625, -0.016307666897773743, 0.0, 0.0]","[1.0, 1.0, 0.0, 0.7510669827461243, 1.0, 0.4801355004310608, 0.38132256269454956, 0.7120020389556885]",-7.426380800771534
1.4000000000000006,227.07386779785156,-172.86415100097656,0.000750000006519258,-0.001617431640625,0.2261962890625,"[0.5625492334365845, 0.00019999999494757503, 0.0, 0.9984583258628845]","[0.0, 0.0, -0.0056919436901807785, 2.566666626080405e-05, -0.028373777866363525, 1.0, 0.016333334147930145, -0.0056919436901807785, 0.0, 0.0, 0.9981881976127625, -0.016307666897773743, 0.0, 0.0]","[1.0, 1.0, 0.0, 0.7510669827461243, 1.0, 0.4801355004310608, 0.38132256269454956, 0.7120020389556885]",-7.937515989153091
1.4500000000000006,227.07386779785156,-172.86415100097656,0.001129999989643693,-0.001617431640625,0.2261962890625,"[0.5625741481781006, 0.0003000000142492354, 0.0, 0.9974155426025391]","[0.0, 0.0, -0.0056919436901807785, 2.566666626080405e-05, -0.028373777866363525, 1.0, 0.016333334147930145, -0.0056919436901807785, 0.0, 0.0, 0.9981881976127625, -0.016307666897773743, 0.0, 0.0]","[1.0, 1.0, 0.0, 0.7510669827461243, 1.0, 0.4801355004310608, 0.38132256269454956, 0.7120020389556885]",-8.960060704971763
1.5000000000000007,227.07386779785156,-172.86415100097656,0.0012199999764561653,-0.001739501953125,0.2261962890625,"[0.5625801086425781, 0.0003000000142492354, 0.0, 0.9997232556343079]","[0.0, 0.0, -0.0056919436901807785, 2.566666626080405e-05, -0.028373777866363525, 1.0, 0.016333334147930145, -0.0056919436901807785, 0.0, 0.0, 0.9981881976127625, -0.016307666897773743, 0.0, 0.0]","[1.0, 1.0, 0.0, 0.7510669827461243, 1.0, 0.4801355004310608, 0.38132256269454956, 0.7120020389556885]",-9.481998192235869
1.5500000000000007,227.07386779785156,-172.86415100097656,0.0011699999449774623,-0.002105712890625,0.2261962890625,"[0.5625767707824707, 0.0003000000142492354, 0.0, 0.9998376965522766]","[0.0, 0.0, -0.0056919436901807785, 2.566666626080405e-05, -0.028373777866363525, 1.0, 0.016333334147930145, -0.0056919436901807785, 0.0, 0.0, 0.9981881976127625, -0.016307666897773743, 0.0, 0.0]","[1.0, 1.0, 0.0, 0.7510669827461243, 1.0, 0.4801355004310608, 0.38132256269454956, 0.7120020389556885]",-10.016563990364629
1.6000000000000008,227.07386779785156,-172.86415100097656,0.0010400000028312206,-0.002471923828125,0.2261962890625,"[0.5625682473182678, 0.0003000000142492354, 0.0, 0.9999010562896729]","[0.0, 0.0, -0.0056919436901807785, 2.566666626080405e-05, -0.028373777866363525, 1.0, 0.016333334147930145, -0.0056919436901807785, 0.0, 0.0, 0.9981881976127625, -0.016307666897773743, 0.0, 0.0]","[1.0, 1.0, 0.0, 0.7510669827461243, 1.0, 0.4801355004310608, 0.38132256269454956, 0.7120020389556885]",-11.172863549889524
1.6500000000000008,227.07386779785156,-172.86415100097656,0.0008900000248104334,-0.003143310546875,0.2261962890625,"[0.5625584125518799, 0.00019999999494757503, 0.0, 0.9999269247055054]","[0.0, 0.0, -0.0056919436901807785, 2.566666626080405e-05, -0.028373777866363525, 1.0, 0.016333334147930145, -0.0056919436901807785, 0.0, 0.0, 0.9981881976127625, -0.016307666897773743, 0.0, 0.0]","[1.0, 1.0, 0.0, 0.7510669827461243, 1.0, 0.4801355004310608, 0.38132256269454956, 0.7120020389556885]",-11.81303699393182
1.7000000000000008,227.07386779785156,-172.86415100097656,0.0007399999885819852,-0.003631591796875,0.23016357421875,"[0.5625485181808472, 0.00019999999494757503, 0.0, 0.9999560713768005]","[0.0, 0.0, -0.0056919436901807785, 2.566666626080405e-05, -0.028373777866363525, 1.0, 0.016333334147930145, -0.0056919436901807785, 0.0, 0.0, 0.9981881976127625, -0.016307666897773743, 0.0, 0.0]","[1.0, 1.0, 0.0, 0.7510669827461243, 1.0, 0.4801355004310608, 0.38132256269454956, 0.7120020389556885]",-12.503031255260462
1.7500000000000009,227.07386779785156,-172.86415100097656,0.0006000000284984708,-0.003936767578125,0.24603271484375,"[0.5625393390655518, 0.00019999999494757503, 0.0, 0.9999582767486572]","[0.0, 0.0, -0.0056919436901807785, 2.566666626080405e-05, -0.028373777866363525, 1.0, 0.016333334147930145, -0.0056919436901807785, 0.0, 0.0, 0.9981881976127625, -0.016307666897773743, 0.0, 0.0]","[1.0, 1.0, 0.0, 0.7510669827461243, 1.0, 0.4801355004310608, 0.38132256269454956, 0.7120020389556885]",-13.147021314038419
1.800000000000001,227.07386779785156,-172.86415100097656,9.000000136438757e-05,-0.003662109375,0.25,"[0.5625059604644775, 0.0, 0.0, 0.9995856285095215]","[0.0, 0.0, -0.0056919436901807785, 2.566666626080405e-05, -0.028373777866363525, 1.0, 0.016333334147930145, -0.0056919436901807785, 0.0, 0.0, 0.9981881976127625, -0.016307666897773743, 0.0, 0.0]","[1.0, 1.0, 0.0, 0.7510669827461243, 1.0, 0.4801355004310608, 0.38132256269454956, 0.7120020389556885]",-13.767208656781849
1.850000000000001,227.07386779785156,-172.86415100097656,0.0002099999983329326,-0.002532958984375,0.25,"[0.5625137686729431, 9.999999747378752e-05, 0.0, 0.9993640780448914]","[0.0, 0.0, -0.0056919436901807785, 2.566666626080405e-05, -0.028373777866363525, 1.0, 0.016333334147930145, -0.0056919436901807785, 0.0, 0.0, 0.9981881976127625, -0.016307666897773743, 0.0, 0.0]","[1.0, 1.0, 0.0, 0.7510669827461243, 1.0, 0.4801355004310608, 0.38132256269454956, 0.7120020389556885]",-14.00264132461937
1.900000000000001,227.07386779785156,-172.86415100097656,0.0002500000118743628,-0.0009765625,0.25396728515625,"[0.5625163912773132, 9.999999747378752e-05, 0.0, 0.9998543858528137]","[0.0, 0.0, -0.0056919436901807785, 2.566666626080405e-05, -0.028373777866363525, 1.0, 0.016333334147930145, -0.0056919436901807785, 0.0, 0.0, 0.9981881976127625, -0.016307666897773743, 0.0, 0.0]","[1.0, 1.0, 0.0, 0.7510669827461243, 1.0, 0.4801355004310608, 0.38132256269454956, 0.7120020389556885]",-14.25521525290057
1.950000000000001,227.07083129882812,-172.8641815185547,0.1830500066280365,-0.000457763671875,0.26983642578125,"[0.5745126008987427, 0.04360000044107437, 0.16097670793533325, 0.7587064504623413]","[0.0, 0.0, -0.0056919436901807785, 2.566666626080405e-05, -0.028373777866363525, 1.0, 0.016333334147930145, -0.0056919436901807785, 0.0, 0.0, 0.9981881976127625, -0.016307666897773743, 0.0, 0.0]","[1.0, 1.0, 0.0, 0.7510669827461243, 1.0, 0.4801355004310608, 0.38132256269454956, 0.7120020389556885]",-14.530818314294324
2.000000000000001,227.04812622070312,-172.86431884765625,0.5549499988555908,-0.000457763671875,0.2738037109375,"[0.5989183187484741, 0.12890000641345978, 0.3273015320301056, 0.742379367351532]","[0.0, 0.0, -0.0056919436901807785, 2.566666626080405e-05, -0.028373777866363525, 1.0, 0.016333334147930145, -0.0056919436901807785, 0.0, 0.0, 0.9981881976127625, -0.016307666897773743, 0.0, 0.0]","[1.0, 1.0, 0.0, 0.7510669827461243, 1.0, 0.4801355004310608, 0.38132256269454956, 0.7120020389556885]",-15.105611706891924
2.0500000000000007,227.01666259765625,-172.864501953125,0.6256200075149536,-0.00067138671875,0.2738037109375,"[0.6035559773445129, 0.14990000426769257, 0.062176261097192764, 0.6480138301849365]","[0.0, 0.0, -0.0056919436901807785, 2.566666626080405e-05, -0.028373777866363525, 1.0, 0.016333334147930145, -0.0056919436901807785, 0.0, 0.0, 0.9981881976127625, -0.016307666897773743, 0.0, 0.0]","[1.0, 1.0, 0.0, 0.7510669827461243, 1.0, 0.4801355004310608, 0.38132256269454956, 0.7120020389556885]",-15.388352279414654
2.1000000000000005,226.9853057861328,-172.8647003173828,0.6276699900627136,-0.00067138671875,0.27777099609375,"[0.603690505027771, 0.15060000121593475, 0.002111648442223668, 0.9185874462127686]","[0.0, 0.0, -0.0056919436901807785, 2.566666626080405e-05, -0.028373777866363525, 1.0, 0.016333334147930145, -0.0056919436901807785, 0.0, 0.0, 0.9981881976127625, -0.016307666897773743, 0.0, 0.0]","[1.0, 1.0, 0.0, 0.7510669827461243, 1.0, 0.4801355004310608, 0.38132256269454956, 0.7120020389556885]",-15.641432796827086
2.1500000000000004,226.9528045654297,-172.86485290527344,0.6752300262451172,-0.000640869140625,0.28173828125,"[0.6068116426467896, 0.16040000319480896, 0.04328044131398201, 0.9381364583969116]","[0.0, 0.0, -0.0056919436901807785, 2.566666626080405e-05, -0.028373777866363525, 1.0, 0.016333334147930145, -0.0056919436901807785, 0.0, 0.0, 0.9981881976127625, -0.016307666897773743, 0.0, 0.0]","[1.0, 1.0, 0.0, 0.7510669827461243, 1.0, 0.4801355004310608, 0.38132256269454956, 0.7120020389556885]",-15.873250955653855
2.2,226.91958618164062,-172.86508178710938,0.6690400242805481,-0.0006103515625,0.28173828125,"[0.6064053773880005, 0.15960000455379486, 0.0, 0.9342817664146423]","[0.0, 0.0, -0.0056919436901807785, 2.566666626080405e-05, -0.028373777866363525, 1.0, 0.016333334147930145, -0.0056919436901807785, 0.0, 0.0, 0.9981881976127625, -0.016307666897773743, 0.0, 0.0]","[1.0, 1.0, 0.0, 0.7510669827461243, 1.0, 0.4801355004310608, 0.38132256269454956, 0.7120020389556885]",-16.330171938983987
2.25,226.88597106933594,-172.86526489257812,0.6857900023460388,-0.0006103515625,0.28173828125,"[0.6075046062469482, 0.16339999437332153, 0.01165863685309887, 0.9695068597793579]","[0.0, 0.0, -0.0056919436901807785, 2.566666626080405e-05, -0.028373777866363525, 1.0, 0.016333334147930145, -0.0056919436901807785, 0.0, 0.0, 0.9981881976127625, -0.016307666897773743, 0.0, 0.0]","[1.0, 1.0, 0.0, 0.7510669827461243, 1.0, 0.4801355004310608, 0.38132256269454956, 0.7120020389556885]",-16.52985062450418
2.3,226.85072326660156,-172.86546325683594,0.7200700044631958,-0.0006103515625,0.28173828125,"[0.609754204750061, 0.1712999939918518, 0.030508574098348618, 0.9740456938743591]","[0.0, 0.0, -0.0056919436901807785, 2.566666626080405e-05, -0.028373777866363525, 1.0, 0.016333334147930145, -0.0056919436901807785, 0.0, 0.0, 0.9981881976127625, -0.016307666897773743, 0.0, 0.0]","[1.0, 1.0, 0.0, 0.7510669827461243, 1.0, 0.4801355004310608, 0.38132256269454956, 0.7120020389556885]",-16.729132064397994
2.3499999999999996,226.814697265625,-172.86566162109375,0.7217000126838684,-0.0006103515625,0.28570556640625,"[0.6098611950874329, 0.1712999939918518, 0.002064175670966506, 0.9603042006492615]","[0.0, 0.0, -0.0056919436901807785, 2.566666626080405e-05, -0.028373777866363525, 1.0, 0.016333334147930145, -0.0056919436901807785, 0.0, 0.0, 0.9981881976127625, -0.016307666897773743, 0.0, 0.0]","[1.0, 1.0, 0.0, 0.7510669827461243, 1.0, 0.4801355004310608, 0.38132256269454956, 0.7120020389556885]",-16.934427360096848
2.3999999999999995,226.7787628173828,-172.86582946777344,0.7218800187110901,-0.0006103515625,0.28570556640625,"[0.6098729968070984, 0.1712999939918518, 0.0005481318803504109, 0.9979809522628784]","[0.0, 0.0, -0.0056919436901807785, 2.566666626080405e-05, -0.028373777866363525, 1.0, 0.016333334147930145, -0.0056919436901807785, 0.0, 0.0, 0.9981881976127625, -0.016307666897773743, 0.0, 0.0]","[1.0, 1.0, 0.0, 0.7510669827461243, 1.0, 0.4801355004310608, 0.38132256269454956, 0.7120020389556885]",-17.409844087382492
2.4499999999999993,226.742919921875,-172.86605834960938,0.7194899916648865,-0.000640869140625,0.28570556640625,"[0.6097161769866943, 0.17069999873638153, 0.0023265935014933348, 0.995676577091217]","[0.0, 0.0, -0.0056919436901807785, 2.566666626080405e-05, -0.028373777866363525, 1.0, 0.016333334147930145, -0.0056919436901807785, 0.0, 0.0, 0.9981881976127625, -0.016307666897773743, 0.0, 0.0]","[1.0, 1.0, 0.0, 0.7510669827461243, 1.0, 0.4801355004310608, 0.38132256269454956, 0.7120020389556885]",-17.64673671721982
2.499999999999999,226.70681762695312,-172.86624145507812,0.7292299866676331,-0.000640869140625,0.2896728515625,"[0.6103553771972656, 0.1720000058412552, 0.006826812867075205, 0.9840349555015564]","[0.0, 0.0, -0.0056919436901807785, 2.566666626080405e-05, -0.028373777866363525, 1.0, 0.016333334147930145, -0.0056919436901807785, 0.0, 0.0, 0.9981881976127625, -0.016307666897773743, 0.0, 0.0]","[1.0, 1.0, 0.0, 0.7510669827461243, 1.0, 0.4801355004310608, 0.38132256269454956, 0.7120020389556885]",-17.891767669854804
2.549999999999999,226.67041015625,-172.86643981933594,0.7305999994277954,-0.000518798828125,0.2976226806640625,"[0.6104452610015869, 0.1704999953508377, 0.0019239559769630432, 0.9889197945594788]","[0.0, 0.0, -0.0056919436901807785, 2.566666626080405e-05, -0.028373777866363525, 1.0, 0.016333334147930145, -0.0056919436901807785, 0.0, 0.0, 0.9981881976127625, -0.016307666897773743, 0.0, 0.0]","[1.0, 1.0, 0.0, 0.7510669827461243, 1.0, 0.4801355004310608, 0.38132256269454956, 0.7120020389556885]",-18.142920174007934
2.5999999999999988,226.633544921875,-172.86663818359375,0.7444999814033508,-0.0003662109375,0.3095245361328125,"[0.6113574504852295, 0.17059999704360962, 0.012779340147972107, 0.9832485914230347]","[0.0, 0.0, -0.0056919436901807785, 2.566666626080405e-05, -0.028373777866363525, 1.0, 0.016333334147930145, -0.0056919436901807785, 0.0, 0.0, 0.9981881976127625, -0.016307666897773743, 0.0, 0.0]","[1.0, 1.0, 0.0, 0.7510669827461243, 1.0, 0.4801355004310608, 0.38132256269454956, 0.7120020389556885]",-18.688852254001286
2.6499999999999986,226.59632873535156,-172.86683654785156,0.7467700242996216,-0.0003662109375,0.3372955322265625,"[0.6115063428878784, 0.16439999639987946, 0.0025696703232824802, 0.9848689436912537]","[0.0, 0.0, -0.0056919436901807785, 2.566666626080405e-05, -0.028373777866363525, 1.0, 0.016333334147930145, -0.0056919436901807785, 0.0, 0.0, 0.9981881976127625, -0.016307666897773743, 0.0, 0.0]","[1.0, 1.0, 0.0, 0.7510669827461243, 1.0, 0.4801355004310608, 0.38132256269454956, 0.7120020389556885]",-18.95130490585099
2.6999999999999984,226.55862426757812,-172.86703491210938,0.7598099708557129,-0.000457763671875,0.3491973876953125,"[0.6123621463775635, 0.16410000622272491, 0.012013626284897327, 0.9854549765586853]","[0.0, 0.0, -0.0056919436901807785, 2.566666626080405e-05, -0.028373777866363525, 1.0, 0.016333334147930145, -0.0056919436901807785, 0.0, 0.0, 0.9981881976127625, -0.016307666897773743, 0.0, 0.0]","[1.0, 1.0, 0.0, 0.7510669827461243, 1.0, 0.4801355004310608, 0.38132256269454956, 0.7120020389556885]",-19.225667685080644
2.7499999999999982,226.52059936523438,-172.86721801757812,0.7619600296020508,-0.000823974609375,0.3571319580078125,"[0.6125032305717468, 0.16269999742507935, 0.0023252747487276793, 0.9858620166778564]","[0.0, 0.0, -0.0056919436901807785, 2.566666626080405e-05, -0.028373777866363525, 1.0, 0.016333334147930145, -0.0056919436901807785, 0.0, 0.0, 0.9981881976127625, -0.016307666897773743, 0.0, 0.0]","[1.0, 1.0, 0.0, 0.7510669827461243, 1.0, 0.4801355004310608, 0.38132256269454956, 0.7120020389556885]",-19.498138473265417
2.799999999999998,226.48208618164062,-172.867431640625,0.7734000086784363,-0.00189208984375,0.3571319580078125,"[0.6132539510726929, 0.16500000655651093, 0.010661977343261242, 0.9869189858436584]","[0.0, 0.0, -0.0056919436901807785, 2.566666626080405e-05, -0.028373777866363525, 1.0, 0.016333334147930145, -0.0056919436901807785, 0.0, 0.0, 0.9981881976127625, -0.016307666897773743, 0.0, 0.0]","[1.0, 1.0, 0.0, 0.7510669827461243, 1.0, 0.4801355004310608, 0.38132256269454956, 0.7120020389556885]",-20.078624108391107
2.849999999999998,226.4431610107422,-172.86756896972656,0.780210018157959,-0.00341796875,0.3571319580078125,"[0.6137008666992188, 0.16660000383853912, 0.006977582350373268, 0.9930904507637024]","[0.0, 0.0, -0.0056919436901807785, 2.566666626080405e-05, -0.028373777866363525, 1.0, 0.016333334147930145, -0.0056919436901807785, 0.0, 0.0, 0.9981881976127625, -0.016307666897773743, 0.0, 0.0]","[1.0, 1.0, 0.0, 0.7510669827461243, 1.0, 0.4801355004310608, 0.38132256269454956, 0.7120020389556885]",-20.33934235951019
2.8999999999999977,226.4038848876953,-172.86767578125,0.7940000295639038,-0.0050048828125,0.3571319580078125,"[0.6146058440208435, 0.16940000653266907, 0.013266373425722122, 0.9892212152481079]","[0.0, 0.0, -0.0056919436901807785, 2.566666626080405e-05, -0.028373777866363525, 1.0, 0.016333334147930145, -0.0056919436901807785, 0.0, 0.0, 0.9981881976127625, -0.016307666897773743, 0.0, 0.0]","[1.0, 1.0, 0.0, 0.7510669827461243, 1.0, 0.4801355004310608, 0.38132256269454956, 0.7120020389556885]",-20.5845766889822
2.9499999999999975,226.36387634277344,-172.86776733398438,0.8001800179481506,-0.006683349609375,0.3571319580078125,"[0.6150113940238953, 0.17080000042915344, 0.006472966633737087, 0.989747941493988]","[0.0, 0.0, -0.0056919436901807785, 2.566666626080405e-05, -0.028373777866363525, 1.0, 0.016333334147930145, -0.0056919436901807785, 0.0, 0.0, 0.9981881976127625, -0.016307666897773743, 0.0, 0.0]","[1.0, 1.0, 0.0, 0.7510669827461243, 1.0, 0.4801355004310608, 0.38132256269454956, 0.7120020389556885]",-20.823594549866222
2.9999999999999973,226.32302856445312,-172.86778259277344,0.8281999826431274,-0.0078125,0.3650665283203125,"[0.6168501973152161, 0.17430000007152557, 0.026123953983187675, 0.9700683951377869]","[0.0, 0.0, -0.0056919436901807785, 2.566666626080405e-05, -0.028373777866363525, 1.0, 0.016333334147930145, -0.0056919436901807785, 0.0, 0.0, 0.9981881976127625, -0.016307666897773743, 0.0, 0.0]","[1.0, 1.0, 0.0, 0.7510669827461243, 1.0, 0.4801355004310608, 0.38132256269454956, 0.7120020389556885]",-21.317542940543145
3.049999999999997,226.28099060058594,-172.86781311035156,0.8462799787521362,-0.007659912109375,0.380950927734375,"[0.618036687374115, 0.1738000065088272, 0.01594681292772293, 0.9854460954666138]","[0.0, 0.0, -0.0056919436901807785, 2.566666626080405e-05, -0.028373777866363525, 1.0, 0.016333334147930145, -0.0056919436901807785, 0.0, 0.0, 0.9981881976127625, -0.016307666897773743, 0.0, 0.0]","[1.0, 1.0, 0.0, 0.7510669827461243, 1.0, 0.4801355004310608, 0.38132256269454956, 0.7120020389556885]",-21.540402886883548
3.099999999999997,226.237548828125,-172.8678436279297,0.8822600245475769,-0.00701904296875,0.424591064453125,"[0.6203978061676025, 0.1680999994277954, 0.03267252817749977, 0.9732401967048645]","[0.0, 0.0, -0.0056919436901807785, 2.566666626080405e-05, -0.028373777866363525, 1.0, 0.016333334147930145, -0.0056919436901807785, 0.0, 0.0, 0.9981881976127625, -0.016307666897773743, 0.0, 0.0]","[1.0, 1.0, 0.0, 0.7510669827461243, 1.0, 0.4801355004310608, 0.38132256269454956, 0.7120020389556885]",-21.76841500367469
3.149999999999997,226.19241333007812,-172.86788940429688,0.9149799942970276,-0.006256103515625,0.444427490234375,"[0.622545063495636, 0.16840000450611115, 0.029745491221547127, 0.991238534450531]","[0.0, 0.0, -0.0056919436901807785, 2.566666626080405e-05, -0.028373777866363525, 1.0, 0.016333334147930145, -0.0056919436901807785, 0.0, 0.0, 0.9981881976127625, -0.016307666897773743, 0.0, 0.0]","[1.0, 1.0, 0.0, 0.7510669827461243, 1.0, 0.4801355004310608, 0.38132256269454956, 0.7120020389556885]",-21.996094844135516
3.1999999999999966,226.1453094482422,-172.86790466308594,0.9598399996757507,-0.005767822265625,0.4682464599609375,"[0.6254889965057373, 0.1687999963760376, 0.039915166795253754, 0.979290246963501]","[0.0, 0.0, -0.0056919436901807785, 2.566666626080405e-05, -0.028373777866363525, 1.0, 0.016333334147930145, -0.0056919436901807785, 0.0, 0.0, 0.9981881976127625, -0.016307666897773743, 0.0, 0.0]","[1.0, 1.0, 0.0, 0.7510669827461243, 1.0, 0.4801355004310608, 0.38132256269454956, 0.7120020389556885]",-22.47978618965147
3.2499999999999964,226.09584045410156,-172.8679656982422,1.0077300071716309,-0.005584716796875,0.4880828857421875,"[0.6286317110061646, 0.17059999704360962, 0.04261670261621475, 0.9897269010543823]","[0.0, 0.0, -0.0056919436901807785, 2.566666626080405e-05, -0.028373777866363525, 1.0, 0.016333334147930145, -0.0056919436901807785, 0.0, 0.0, 0.9981881976127625, -0.016307666897773743, 0.0, 0.0]","[1.0, 1.0, 0.0, 0.7510669827461243, 1.0, 0.4801355004310608, 0.38132256269454956, 0.7120020389556885]",-22.679928103048848
3.2999999999999963,226.04364013671875,-172.8680419921875,1.0644500255584717,-0.0054931640625,0.4999847412109375,"[0.6323539614677429, 0.17589999735355377, 0.0508057102560997, 0.9815688133239746]","[0.0, 0.0, -0.0056919436901807785, 2.566666626080405e-05, -0.028373777866363525, 1.0, 0.016333334147930145, -0.0056919436901807785, 0.0, 0.0, 0.9981881976127625, -0.016307666897773743, 0.0, 0.0]","[1.0, 1.0, 0.0, 0.7510669827461243, 1.0, 0.4801355004310608, 0.38132256269454956, 0.7120020389556885]",-22.864943612498397
3.349999999999996,225.9889373779297,-172.8681182861328,1.1117700338363647,-0.0054931640625,0.50390625,"[0.635459303855896, 0.18240000307559967, 0.04190593585371971, 0.9820023775100708]","[0.0, 0.0, -0.0056919436901807785, 2.566666626080405e-05, -0.028373777866363525, 1.0, 0.016333334147930145, -0.0056919436901807785, 0.0, 0.0, 0.9981881976127625, -0.016307666897773743, 0.0, 0.0]","[1.0, 1.0, 0.0, 0.7510669827461243, 1.0, 0.4801355004310608, 0.38132256269454956, 0.7120020389556885]",-23.035880874180886
3.399999999999996,225.93179321289062,-172.86819458007812,1.1670399904251099,-0.0054931640625,0.50390625,"[0.6390863656997681, 0.19130000472068787, 0.05006768926978111, 0.982193648815155]","[0.0, 0.0, -0.0056919436901807785, 2.566666626080405e-05, -0.028373777866363525, 1.0, 0.016333334147930145, -0.0056919436901807785, 0.0, 0.0, 0.9981881976127625, -0.016307666897773743, 0.0, 0.0]","[1.0, 1.0, 0.0, 0.7510669827461243, 1.0, 0.4801355004310608, 0.38132256269454956, 0.7120020389556885]",-23.39554167383201
3.4499999999999957,225.8716583251953,-172.86827087402344,1.2282299995422363,-0.005584716796875,0.50390625,"[0.6431019306182861, 0.2011999934911728, 0.054671648889780045, 0.9828209280967712]","[0.0, 0.0, -0.0056919436901807785, 2.566666626080405e-05, -0.028373777866363525, 1.0, 0.016333334147930145, -0.0056919436901807785, 0.0, 0.0, 0.9981881976127625, -0.016307666897773743, 0.0, 0.0]","[1.0, 1.0, 0.0, 0.7510669827461243, 1.0, 0.4801355004310608, 0.38132256269454956, 0.7120020389556885]",-23.534734812902116
3.4999999999999956,225.80670166015625,-172.86837768554688,1.312440037727356,-0.005584716796875,0.50390625,"[0.6486281752586365, 0.21449999511241913, 0.07763911038637161, 0.9577985405921936]","[0.0, 0.0, -0.0056919436901807785, 2.566666626080405e-05, -0.028373777866363525, 1.0, 0.016333334147930145, -0.0056919436901807785, 0.0, 0.0, 0.9981881976127625, -0.016307666897773743, 0.0, 0.0]","[1.0, 1.0, 0.0, 0.7510669827461243, 1.0, 0.4801355004310608, 0.38132256269454956, 0.7120020389556885]",-23.66603082602512
3.5499999999999954,225.73641967773438,-172.8684539794922,1.4580299854278564,-0.0054931640625,0.50390625,"[0.6581825017929077, 0.23690000176429749, 0.1295226365327835, 0.9052157402038574]","[0.0, 0.0, -0.0056919436901807785, 2.566666626080405e-05, -0.028373777866363525, 1.0, 0.016333334147930145, -0.0056919436901807785, 0.0, 0.0, 0.9981881976127625, -0.016307666897773743, 0.0, 0.0]","[1.0, 1.0, 0.0, 0.7510669827461243, 1.0, 0.4801355004310608, 0.38132256269454956, 0.7120020389556885]",-23.79276246042438
3.599999999999995,225.66217041015625,-172.86851501464844,1.497849941253662,-0.005645751953125,0.50390625,"[0.6607956290245056, 0.2459000051021576, 0.038599997758865356, 0.8669006824493408]","[0.0, 0.0, -0.0056919436901807785, 2.566666626080405e-05, -0.028373777866363525, 1.0, 0.016333334147930145, -0.0056919436901807785, 0.0, 0.0, 0.9981881976127625, -0.016307666897773743, 0.0, 0.0]","[1.0, 1.0, 0.0, 0.7510669827461243, 1.0, 0.4801355004310608, 0.38132256269454956, 0.7120020389556885]",-24.11181854066849
3.649999999999995,225.5838623046875,-172.86851501464844,1.6104999780654907,-0.00579833984375,0.50390625,"[0.668188214302063, 0.26249998807907104, 0.10099516063928604, 0.8959683179855347]","[0.0, 0.0, -0.0056919436901807785, 2.566666626080405e-05, -0.028373777866363525, 1.0, 0.016333334147930145, -0.0056919436901807785, 0.0, 0.0, 0.9981881976127625, -0.016307666897773743, 0.0, 0.0]","[1.0, 1.0, 0.0, 0.7510669827461243, 1.0, 0.4801355004310608, 0.38132256269454956, 0.7120020389556885]",-24.230267102837395
3.699999999999995,225.50253295898438,-172.8684539794922,1.636139988899231,-0.00579833984375,0.50390625,"[0.6698708534240723, 0.26899999380111694, 0.026112088933587074, 0.8912438750267029]","[0.0, 0.0, -0.0056919436901807785, 2.566666626080405e-05, -0.028373777866363525, 1.0, 0.016333334147930145, -0.0056919436901807785, 0.0, 0.0, 0.9981881976127625, -0.016307666897773743, 0.0, 0.0]","[1.0, 1.0, 0.0, 0.7510669827461243, 1.0, 0.4801355004310608, 0.38132256269454956, 0.7120020389556885]",-24.34678723646446
3.7499999999999947,225.4176483154297,-172.8683319091797,1.7298200130462646,-0.00579833984375,0.50390625,"[0.676018476486206, 0.2824999988079071, 0.08390549570322037, 0.9046486616134644]","[0.0, 0.0, -0.0056919436901807785, 2.566666626080405e-05, -0.028373777866363525, 1.0, 0.016333334147930145, -0.0056919436901807785, 0.0, 0.0, 0.9981881976127625, -0.016307666897773743, 0.0, 0.0]","[1.0, 1.0, 0.0, 0.7510669827461243, 1.0, 0.4801355004310608, 0.38132256269454956, 0.7120020389556885]",-24.460743044800953
3.7999999999999945,225.3308563232422,-172.86819458007812,1.7410600185394287,-0.00579833984375,0.50390625,"[0.6767561435699463, 0.2867000102996826, 0.014337143860757351, 0.8984819054603577]","[0.0, 0.0, -0.0056919436901807785, 2.566666626080405e-05, -0.028373777866363525, 1.0, 0.016333334147930145, -0.0056919436901807785, 0.0, 0.0, 0.9981881976127625, -0.016307666897773743, 0.0, 0.0]","[1.0, 1.0, 0.0, 0.7510669827461243, 1.0, 0.4801355004310608, 0.38132256269454956, 0.7120020389556885]",-24.765479525096467
3.8499999999999943,225.24090576171875,-172.86795043945312,1.833299994468689,-0.00579833984375,0.50390625,"[0.6828093528747559, 0.2994000017642975, 0.0831204354763031, 0.8890408277511597]","[0.0, 0.0, -0.0056919436901807785, 2.566666626080405e-05, -0.028373777866363525, 1.0, 0.016333334147930145, -0.0056919436901807785, 0.0, 0.0, 0.9981881976127625, -0.016307666897773743, 0.0, 0.0]","[1.0, 1.0, 0.0, 0.7510669827461243, 1.0, 0.4801355004310608, 0.38132256269454956, 0.7120020389556885]",-24.86788201969494
3.899999999999994,225.1488494873047,-172.86764526367188,1.851830005645752,-0.00579833984375,0.50390625,"[0.6840254068374634, 0.30469998717308044, 0.020658021792769432, 0.9075682759284973]","[0.0, 0.0, -0.0056919436901807785, 2.566666626080405e-05, -0.028373777866363525, 1.0, 0.016333334147930145, -0.0056919436901807785, 0.0, 0.0, 0.9981881976127625, -0.016307666897773743, 0.0, 0.0]","[1.0, 1.0, 0.0, 0.7510669827461243, 1.0, 0.4801355004310608, 0.38132256269454956, 0.7120020389556885]",-24.96394598021019
3.949999999999994,225.05406188964844,-172.86724853515625,1.9274400472640991,-0.00579833984375,0.50390625,"[0.6889872550964355, 0.31529998779296875, 0.06856219470500946, 0.9198251366615295]","[0.0, 0.0, -0.0056919436901807785, 2.566666626080405e-05, -0.028373777866363525, 1.0, 0.016333334147930145, -0.0056919436901807785, 0.0, 0.0, 0.9981881976127625, -0.016307666897773743, 0.0, 0.0]","[1.0, 1.0, 0.0, 0.7510669827461243, 1.0, 0.4801355004310608, 0.38132256269454956, 0.7120020389556885]",-25.049025911570432
3.999999999999994,224.95733642578125,-172.86679077148438,1.941640019416809,-0.005767822265625,0.50390625,"[0.689919114112854, 0.319599986076355, 0.016942856833338737, 0.9232529997825623]","[0.0, 0.0, -0.0056919436901807785, 2.566666626080405e-05, -0.028373777866363525, 1.0, 0.016333334147930145, -0.0056919436901807785, 0.0, 0.0, 0.9981881976127625, -0.016307666897773743, 0.0, 0.0]","[1.0, 1.0, 0.0, 0.7510669827461243, 1.0, 0.4801355004310608, 0.38132256269454956, 0.7120020389556885]",-25.28829763327255
4.049999999999994,224.85794067382812,-172.8662109375,2.0179901123046875,-0.005645751953125,0.50390625,"[0.6949295401573181, 0.33009999990463257, 0.06899076700210571, 0.9135919213294983]","[0.0, 0.0, -0.0056919436901807785, 2.566666626080405e-05, -0.028373777866363525, 1.0, 0.016333334147930145, -0.0056919436901807785, 0.0, 0.0, 0.9981881976127625, -0.016307666897773743, 0.0, 0.0]","[1.0, 1.0, 0.0, 0.7510669827461243, 1.0, 0.4801355004310608, 0.38132256269454956, 0.7120020389556885]",-25.361028460271697
4.099999999999993,224.75657653808594,-172.86553955078125,2.0361599922180176,-0.00653076171875,0.50390625,"[0.6961219310760498, 0.335099995136261, 0.021192966029047966, 0.9261013865470886]","[0.0, 0.0, -0.0056919436901807785, 2.566666626080405e-05, -0.028373777866363525, 1.0, 0.016333334147930145, -0.0056919436901807785, 0.0, 0.0, 0.9981881976127625, -0.016307666897773743, 0.0, 0.0]","[1.0, 1.0, 0.0, 0.7510669827461243, 1.0, 0.4801355004310608, 0.38132256269454956, 0.7120020389556885]",-25.434108158785648
4.149999999999993,224.65257263183594,-172.86471557617188,2.1098499298095703,-0.007354736328125,0.50390625,"[0.7009577751159668, 0.34529998898506165, 0.06798900663852692, 0.9219417572021484]","[0.0, 0.0, -0.0056919436901807785, 2.566666626080405e-05, -0.028373777866363525, 1.0, 0.016333334147930145, -0.0056919436901807785, 0.0, 0.0, 0.9981881976127625, -0.016307666897773743, 0.0, 0.0]","[1.0, 1.0, 0.0, 0.7510669827461243, 1.0, 0.4801355004310608, 0.38132256269454956, 0.7120020389556885]",-25.504623456797756
4.199999999999993,224.54649353027344,-172.86383056640625,2.130549907684326,-0.0072021484375,0.50390625,"[0.7023162245750427, 0.3504999876022339, 0.022963514551520348, 0.9321584105491638]","[0.0, 0.0, -0.0056919436901807785, 2.566666626080405e-05, -0.028373777866363525, 1.0, 0.016333334147930145, -0.0056919436901807785, 0.0, 0.0, 0.9981881976127625, -0.016307666897773743, 0.0, 0.0]","[1.0, 1.0, 0.0, 0.7510669827461243, 1.0, 0.4801355004310608, 0.38132256269454956, 0.7120020389556885]",-25.758244058533712
4.249999999999993,224.437744140625,-172.86279296875,2.2045600414276123,-0.006256103515625,0.5078125,"[0.7071731090545654, 0.3578999936580658, 0.06653142720460892, 0.9243369698524475]","[0.0, 0.0, -0.0056919436901807785, 2.566666626080405e-05, -0.028373777866363525, 1.0, 0.016333334147930145, -0.0056919436901807785, 0.0, 0.0, 0.9981881976127625, -0.016307666897773743, 0.0, 0.0]","[1.0, 1.0, 0.0, 0.7510669827461243, 1.0, 0.4801355004310608, 0.38132256269454956, 0.7120020389556885]",-25.84040199495184
4.299999999999993,224.32669067382812,-172.86183166503906,2.2348899841308594,-0.003265380859375,0.5859375,"[0.70916348695755, 0.30660000443458557, 0.030887911096215248, 0.9420379996299744]","[0.0, 0.0, -0.0056919436901807785, 2.566666626080405e-05, -0.028373777866363525, 1.0, 0.016333334147930145, -0.0056919436901807785, 0.0, 0.0, 0.9981881976127625, -0.016307666897773743, 0.0, 0.0]","[1.0, 1.0, 0.0, 0.7510669827461243, 1.0, 0.4801355004310608, 0.38132256269454956, 0.7120020389556885]",-25.92951507028728
4.3499999999999925,224.2120819091797,-172.86105346679688,2.3330600261688232,0.00213623046875,0.71875,"[0.7156058549880981, 0.2159000039100647, 0.09148702770471573, 0.903067409992218]","[0.0, 0.0, -0.0056919436901807785, 2.566666626080405e-05, -0.028373777866363525, 1.0, 0.016333334147930145, -0.0056919436901807785, 0.0, 0.0, 0.9981881976127625, -0.016307666897773743, 0.0, 0.0]","[1.0, 1.0, 0.0, 0.7510669827461243, 1.0, 0.4801355004310608, 0.38132256269454956, 0.7120020389556885]",-26.020711241471304
4.399999999999992,224.09283447265625,-172.8604278564453,2.4230599403381348,0.005401611328125,0.796875,"[0.7215120196342468, 0.16210000216960907, 0.08478373289108276, 0.9762817621231079]","[0.0, 0.0, -0.0056919436901807785, 2.566666626080405e-05, -0.028373777866363525, 1.0, 0.016333334147930145, -0.0056919436901807785, 0.0, 0.0, 0.9981881976127625, -0.016307666897773743, 0.0, 0.0]","[1.0, 1.0, 0.0, 0.7510669827461243, 1.0, 0.4801355004310608, 0.38132256269454956, 0.7120020389556885]",-26.30646103806186
4.449999999999992,223.9666290283203,-172.85992431640625,2.5865800380706787,0.007568359375,0.8125,"[0.7322429418563843, 0.15850000083446503, 0.14896570146083832, 0.8879774212837219]","[0.0, 0.0, -0.0056919436901807785, 2.566666626080405e-05, -0.028373777866363525, 1.0, 0.016333334147930145, -0.0056919436901807785, 0.0, 0.0, 0.9981881976127625, -0.016307666897773743, 0.0, 0.0]","[1.0, 1.0, 0.0, 0.7510669827461243, 1.0, 0.4801355004310608, 0.38132256269454956, 0.7120020389556885]",-26.38951761420915
4.499999999999992,223.83267211914062,-172.8595428466797,2.7298901081085205,0.009246826171875,0.8203125,"[0.7416476011276245, 0.1606999933719635, 0.13047033548355103, 0.9544427990913391]","[0.0, 0.0, -0.0056919436901807785, 2.566666626080405e-05, -0.028373777866363525, 1.0, 0.016333334147930145, -0.0056919436901807785, 0.0, 0.0, 0.9981881976127625, -0.016307666897773743, 0.0, 0.0]","[1.0, 1.0, 0.0, 0.7510669827461243, 1.0, 0.4801355004310608, 0.38132256269454956, 0.7120020389556885]",-26.465940973758567
4.549999999999992,223.6910858154297,-172.85922241210938,2.896929979324341,0.010162353515625,0.82421875,"[0.7526094913482666, 0.1664000004529953, 0.15341539680957794, 0.9454072713851929]","[0.0, 0.0, -0.0056919436901807785, 2.566666626080405e-05, -0.028373777866363525, 1.0, 0.016333334147930145, -0.0056919436901807785, 0.0, 0.0, 0.9981881976127625, -0.016307666897773743, 0.0, 0.0]","[1.0, 1.0, 0.0, 0.7510669827461243, 1.0, 0.4801355004310608, 0.38132256269454956, 0.7120020389556885]",-26.539892836512394
4.599999999999992,223.5398406982422,-172.85899353027344,3.103879928588867,0.010040283203125,0.82421875,"[0.7661904692649841, 0.17759999632835388, 0.18512393534183502, 0.9218335747718811]","[0.0, 0.0, -0.0056919436901807785, 2.566666626080405e-05, -0.028373777866363525, 1.0, 0.016333334147930145, -0.0056919436901807785, 0.0, 0.0, 0.9981881976127625, -0.016307666897773743, 0.0, 0.0]","[1.0, 1.0, 0.0, 0.7510669827461243, 1.0, 0.4801355004310608, 0.38132256269454956, 0.7120020389556885]",-26.818638011128094
4.6499999999999915,223.37718200683594,-172.85882568359375,3.3430700302124023,0.010040283203125,0.82421875,"[0.7818872332572937, 0.19059999287128448, 0.21586109697818756, 0.9268490076065063]","[0.0, 0.0, -0.0056919436901807785, 2.566666626080405e-05, -0.028373777866363525, 1.0, 0.016333334147930145, -0.0056919436901807785, 0.0, 0.0, 0.9981881976127625, -0.016307666897773743, 0.0, 0.0]","[1.0, 1.0, 0.0, 0.7510669827461243, 1.0, 0.4801355004310608, 0.38132256269454956, 0.7120020389556885]",-26.903642350454973
4.699999999999991,223.20166015625,-172.85870361328125,3.6079800128936768,0.00927734375,0.8046875,"[0.799271821975708, 0.2280000001192093, 0.2364417314529419, 0.9341064691543579]","[0.0, 0.0, -0.0056919436901807785, 2.566666626080405e-05, -0.028373777866363525, 1.0, 0.016333334147930145, -0.0056919436901807785, 0.0, 0.0, 0.9981881976127625, -0.016307666897773743, 0.0, 0.0]","[1.0, 1.0, 0.0, 0.7510669827461243, 1.0, 0.4801355004310608, 0.38132256269454956, 0.7120020389556885]",-26.991076306834405
4.749999999999991,223.0130615234375,-172.8585968017578,3.8644700050354004,0.008026123046875,0.796875,"[0.8161038160324097, 0.2542000114917755, 0.22826990485191345, 0.9553793668746948]","[0.0, 0.0, -0.0056919436901807785, 2.566666626080405e-05, -0.028373777866363525, 1.0, 0.016333334147930145, -0.0056919436901807785, 0.0, 0.0, 0.9981881976127625, -0.016307666897773743, 0.0, 0.0]","[1.0, 1.0, 0.0, 0.7510669827461243, 1.0, 0.4801355004310608, 0.38132256269454956, 0.7120020389556885]",-27.084022180133495
4.799999999999991,222.8121795654297,-172.85845947265625,4.106190204620361,0.006011962890625,0.79296875,"[0.8319665789604187, 0.27570000290870667, 0.21469537913799286, 0.9489063024520874]","[0.0, 0.0, -0.0056919436901807785, 2.566666626080405e-05, -0.028373777866363525, 1.0, 0.016333334147930145, -0.0056919436901807785, 0.0, 0.0, 0.9981881976127625, -0.016307666897773743, 0.0, 0.0]","[1.0, 1.0, 0.0, 0.7510669827461243, 1.0, 0.4801355004310608, 0.38132256269454956, 0.7120020389556885]",-27.45318998236364
4.849999999999991,222.59963989257812,-172.8582000732422,4.338679790496826,0.00433349609375,0.79296875,"[0.8472235798835754, 0.29159998893737793, 0.20678459107875824, 0.9570138454437256]","[0.0, 0.0, -0.0056919436901807785, 2.566666626080405e-05, -0.028373777866363525, 1.0, 0.016333334147930145, -0.0056919436901807785, 0.0, 0.0, 0.9981881976127625, -0.016307666897773743, 0.0, 0.0]","[1.0, 1.0, 0.0, 0.7510669827461243, 1.0, 0.4801355004310608, 0.38132256269454956, 0.7120020389556885]",-27.559944011000514
4.899999999999991,222.3756561279297,-172.8577880859375,4.5670599937438965,0.002288818359375,0.79296875,"[0.8622109293937683, 0.3070000112056732, 0.2041318416595459, 0.9632507562637329]","[0.0, 0.0, -0.0056919436901807785, 2.566666626080405e-05, -0.028373777866363525, 1.0, 0.016333334147930145, -0.0056919436901807785, 0.0, 0.0, 0.9981881976127625, -0.016307666897773743, 0.0, 0.0]","[1.0, 1.0, 0.0, 0.7510669827461243, 1.0, 0.4801355004310608, 0.38132256269454956, 0.7120020389556885]",-27.675339395054113
4.94999999999999,222.14036560058594,-172.8571014404297,4.793610095977783,-0.00067138671875,0.79296875,"[0.8770781755447388, 0.322299987077713, 0.2046474665403366, 0.9645155668258667]","[0.0, 0.0, -0.0056919436901807785, 2.566666626080405e-05, -0.028373777866363525, 1.0, 0.016333334147930145, -0.0056919436901807785, 0.0, 0.0, 0.9981881976127625, -0.016307666897773743, 0.0, 0.0]","[1.0, 1.0, 0.0, 0.7510669827461243, 1.0, 0.4801355004310608, 0.38132256269454956, 0.7120020389556885]",-27.816360572028707
4.99999999999999,221.89382934570312,-172.8562469482422,5.019589900970459,-0.001129150390625,0.79296875,"[0.8919079303741455, 0.3375000059604645, 0.20152835547924042, 0.965821385383606]","[0.0, 0.0, -0.0056919436901807785, 2.566666626080405e-05, -0.028373777866363525, 1.0, 0.016333334147930145, -0.0056919436901807785, 0.0, 0.0, 0.9981881976127625, -0.016307666897773743, 0.0, 0.0]","[1.0, 1.0, 0.0, 0.7510669827461243, 1.0, 0.4801355004310608, 0.38132256269454956, 0.7120020389556885]",-28.277722611633745
5.04999999999999,221.6360321044922,-172.8551483154297,5.2442498207092285,-0.002685546875,0.78515625,"[0.9066511392593384, 0.3659999966621399, 0.20267868041992188, 0.9649901390075684]","[0.0, 0.0, -0.0056919436901807785, 2.566666626080405e-05, -0.028373777866363525, 1.0, 0.016333334147930145, -0.0056919436901807785, 0.0, 0.0, 0.9981881976127625, -0.016307666897773743, 0.0, 0.0]","[1.0, 1.0, 0.0, 0.7510669827461243, 1.0, 0.4801355004310608, 0.38132256269454956, 0.7120020389556885]",-28.4250771145743
5.09999999999999,221.3694610595703,-172.85382080078125,5.342450141906738,-0.00390625,0.76953125,"[0.9130954742431641, 0.4050999879837036, 0.0920751616358757, 0.8360981345176697]","[0.0, 0.0, -0.0056919436901807785, 2.566666626080405e-05, -0.028373777866363525, 1.0, 0.016333334147930145, -0.0056919436901807785, 0.0, 0.0, 0.9981881976127625, -0.016307666897773743, 0.0, 0.0]","[1.0, 1.0, 0.0, 0.7510669827461243, 1.0, 0.4801355004310608, 0.38132256269454956, 0.7120020389556885]",-28.573726856373906
5.14999999999999,221.1043701171875,-172.85235595703125,5.290740013122559,-0.00390625,0.765625,"[0.9097020626068115, 0.4099000096321106, 0.02183833345770836, 0.8149418830871582]","[0.0, 0.0, -0.0056919436901807785, 2.566666626080405e-05, -0.028373777866363525, 1.0, 0.016333334147930145, -0.0056919436901807785, 0.0, 0.0, 0.9981881976127625, -0.016307666897773743, 0.0, 0.0]","[1.0, 1.0, 0.0, 0.7510669827461243, 1.0, 0.4801355004310608, 0.38132256269454956, 0.7120020389556885]",-28.729342979346747
5.1999999999999895,220.84046936035156,-172.8508758544922,5.298530101776123,-0.003143310546875,0.765625,"[0.9102132320404053, 0.4122999906539917, 0.0, 0.9285011887550354]","[0.0, 0.0, -0.0056919436901807785, 2.566666626080405e-05, -0.028373777866363525, 1.0, 0.016333334147930145, -0.0056919436901807785, 0.0, 0.0, 0.9981881976127625, -0.016307666897773743, 0.0, 0.0]","[1.0, 1.0, 0.0, 0.7510669827461243, 1.0, 0.4801355004310608, 0.38132256269454956, 0.7120020389556885]",-29.22515666474258
5.249999999999989,220.576171875,-172.8493194580078,5.298960208892822,-0.003173828125,0.765625,"[0.9102414846420288, 0.41269999742507935, 0.002220219699665904, 0.9911978244781494]","[0.0, 0.0, -0.0056919436901807785, 2.566666626080405e-05, -0.028373777866363525, 1.0, 0.016333334147930145, -0.0056919436901807785, 0.0, 0.0, 0.9981881976127625, -0.016307666897773743, 0.0, 0.0]","[1.0, 1.0, 0.0, 0.7510669827461243, 1.0, 0.4801355004310608, 0.38132256269454956, 0.7120020389556885]",-29.41213076604719
5.299999999999989,220.31134033203125,-172.84747314453125,5.314610004425049,-0.00579833984375,0.78515625,"[0.9112684726715088, 0.37880000472068787, 0.021085714921355247, 0.978331446647644]","[0.0, 0.0, -0.0056919436901807785, 2.566666626080405e-05, -0.028373777866363525, 1.0, 0.016333334147930145, -0.0056919436901807785, 0.0, 0.0, 0.9981881976127625, -0.016307666897773743, 0.0, 0.0]","[1.0, 1.0, 0.0, 0.7510669827461243, 1.0, 0.4801355004310608, 0.38132256269454956, 0.7120020389556885]",-29.64006081399356
5.349999999999989,220.04676818847656,-172.84527587890625,5.290979862213135,-0.0096435546875,0.7890625,"[0.9097177982330322, 0.3698999881744385, 0.02397274412214756, 0.9494098424911499]","[0.0, 0.0, -0.0056919436901807785, 2.566666626080405e-05, -0.028373777866363525, 1.0, 0.016333334147930145, -0.0056919436901807785, 0.0, 0.0, 0.9981881976127625, -0.016307666897773743, 0.0, 0.0]","[1.0, 1.0, 0.0, 0.7510669827461243, 1.0, 0.4801355004310608, 0.38132256269454956, 0.7120020389556885]",-29.84799830226807
5.399999999999989,219.764404296875,-172.842041015625,5.915639877319336,-0.014434814453125,0.7890625,"[0.9507107734680176, 0.388700008392334, 0.41084131598472595, 0.44112449884414673]","[0.0, 0.0, -0.0056919436901807785, 2.566666626080405e-05, -0.028373777866363525, 1.0, 0.016333334147930145, -0.0056919436901807785, 0.0, 0.0, 0.9981881976127625, -0.016307666897773743, 0.0, 0.0]","[1.0, 1.0, 0.0, 0.7510669827461243, 1.0, 0.4801355004310608, 0.38132256269454956, 0.7120020389556885]",-30.286592875861228
5.449999999999989,219.45445251464844,-172.83749389648438,6.279319763183594,-0.018951416015625,0.7890625,"[0.9745770692825317, 0.42410001158714294, 0.34432217478752136, 0.6587507128715515]","[0.0, 0.0, -0.0056919436901807785, 2.566666626080405e-05, -0.028373777866363525, 1.0, 0.016333334147930145, -0.0056919436901807785, 0.0, 0.0, 0.9981881976127625, -0.016307666897773743, 0.0, 0.0]","[1.0, 1.0, 0.0, 0.7510669827461243, 1.0, 0.4801355004310608, 0.38132256269454956, 0.7120020389556885]",-30.43973993990196
5.4999999999999885,219.13241577148438,-172.83169555664062,6.526529788970947,-0.022979736328125,0.7890625,"[0.9908000826835632, 0.44609999656677246, 0.24864570796489716, 0.826529860496521]","[0.0, 0.0, -0.0056919436901807785, 2.566666626080405e-05, -0.028373777866363525, 1.0, 0.016333334147930145, -0.0056919436901807785, 0.0, 0.0, 0.9981881976127625, -0.016307666897773743, 0.0, 0.0]","[1.0, 1.0, 0.0, 0.7510669827461243, 1.0, 0.4801355004310608, 0.38132256269454956, 0.7120020389556885]",-30.596753579373704
5.549999999999988,218.7987060546875,-172.82443237304688,6.758609771728516,-0.027008056640625,0.76953125,"[0.9939697980880737, 0.5055000185966492, 0.2366914302110672, 0.9488632678985596]","[0.0, 0.0, -0.0056919436901807785, 2.566666626080405e-05, -0.028373777866363525, 1.0, 0.016333334147930145, -0.0056919436901807785, 0.0, 0.0, 0.9981881976127625, -0.016307666897773743, 0.0, 0.0]","[1.0, 1.0, 0.0, 0.7510669827461243, 1.0, 0.4801355004310608, 0.38132256269454956, 0.7120020389556885]",-30.769846121042065
5.599999999999988,218.45321655273438,-172.8153533935547,7.006609916687012,-0.031524658203125,0.765625,"[0.9776948690414429, 0.5320000052452087, 0.26253801584243774, 0.9416018128395081]","[0.0, 0.0, -0.0056919436901807785, 2.566666626080405e-05, -0.028373777866363525, 1.0, 0.016333334147930145, -0.0056919436901807785, 0.0, 0.0, 0.9981881976127625, -0.016307666897773743, 0.0, 0.0]","[1.0, 1.0, 0.0, 0.7510669827461243, 1.0, 0.4801355004310608, 0.38132256269454956, 0.7120020389556885]",-31.3022244424454
5.649999999999988,218.09632873535156,-172.80419921875,7.226679801940918,-0.035247802734375,0.765625,"[0.9632529020309448, 0.5503000020980835, 0.23771604895591736, 0.9350495338439941]","[0.0, 0.0, -0.0056919436901807785, 2.566666626080405e-05, -0.028373777866363525, 1.0, 0.016333334147930145, -0.0056919436901807785, 0.0, 0.0, 0.9981881976127625, -0.016307666897773743, 0.0, 0.0]","[1.0, 1.0, 0.0, 0.7510669827461243, 1.0, 0.4801355004310608, 0.38132256269454956, 0.7120020389556885]",-31.51532933645322
5.699999999999988,217.72784423828125,-172.79063415527344,7.47042989730835,-0.03863525390625,0.765625,"[0.9472569227218628, 0.5673999786376953, 0.270354300737381, 0.9341858625411987]","[0.0, 0.0, -0.0056919436901807785, 2.566666626080405e-05, -0.028373777866363525, 1.0, 0.016333334147930145, -0.0056919436901807785, 0.0, 0.0, 0.9981881976127625, -0.016307666897773743, 0.0, 0.0]","[1.0, 1.0, 0.0, 0.7510669827461243, 1.0, 0.4801355004310608, 0.38132256269454956, 0.7120020389556885]",-31.72740239859425
5.749999999999988,217.34815979003906,-172.77450561523438,7.686699867248535,-0.042083740234375,0.765625,"[0.933064341545105, 0.5855000019073486, 0.24552789330482483, 0.9363114833831787]","[0.0, 0.0, -0.0056919436901807785, 2.566666626080405e-05, -0.028373777866363525, 1.0, 0.016333334147930145, -0.0056919436901807785, 0.0, 0.0, 0.9981881976127625, -0.016307666897773743, 0.0, 0.0]","[1.0, 1.0, 0.0, 0.7510669827461243, 1.0, 0.4801355004310608, 0.38132256269454956, 0.7120020389556885]",-31.93846373070552
5.799999999999987,216.95709228515625,-172.7550506591797,7.927879810333252,-0.0479736328125,0.765625,"[0.9172370433807373, 0.6021000146865845, 0.2868958115577698, 0.928364098072052]","[0.0, 0.0, -0.0056919436901807785, 2.566666626080405e-05, -0.028373777866363525, 1.0, 0.016333334147930145, -0.0056919436901807785, 0.0, 0.0, 0.9981881976127625, -0.016307666897773743, 0.0, 0.0]","[1.0, 1.0, 0.0, 0.7510669827461243, 1.0, 0.4801355004310608, 0.38132256269454956, 0.7120020389556885]",-32.52244580553951
5.849999999999987,216.55499267578125,-172.7315216064453,8.141329765319824,-0.058929443359375,0.765625,"[0.9032294750213623, 0.619700014591217, 0.27649492025375366, 0.9304075837135315]","[0.0, 0.0, -0.0056919436901807785, 2.566666626080405e-05, -0.028373777866363525, 1.0, 0.016333334147930145, -0.0056919436901807785, 0.0, 0.0, 0.9981881976127625, -0.016307666897773743, 0.0, 0.0]","[1.0, 1.0, 0.0, 0.7510669827461243, 1.0, 0.4801355004310608, 0.38132256269454956, 0.7120020389556885]",-32.744004573651665
5.899999999999987,216.14198303222656,-172.70248413085938,8.373940467834473,-0.074188232421875,0.71484375,"[0.8879645466804504, 0.7730000019073486, 0.3315441906452179, 0.9171798229217529]","[0.0, 0.0, -0.0056919436901807785, 2.566666626080405e-05, -0.028373777866363525, 1.0, 0.016333334147930145, -0.0056919436901807785, 0.0, 0.0, 0.9981881976127625, -0.016307666897773743, 0.0, 0.0]","[1.0, 1.0, 0.0, 0.7510669827461243, 1.0, 0.4801355004310608, 0.38132256269454956, 0.7120020389556885]",-33.008421239246736
5.949999999999987,215.71937561035156,-172.666748046875,8.5520601272583,-0.092132568359375,0.4761810302734375,"[0.8762755393981934, 1.0, 0.30266547203063965, 0.8770274519920349]","[0.0, 0.0, -0.0056919436901807785, 2.566666626080405e-05, -0.028373777866363525, 1.0, 0.016333334147930145, -0.0056919436901807785, 0.0, 0.0, 0.9981881976127625, -0.016307666897773743, 0.0, 0.0]","[1.0, 1.0, 0.0, 0.7510669827461243, 1.0, 0.4801355004310608, 0.38132256269454956, 0.7120020389556885]",-33.31079052509044
5.999999999999987,215.28997802734375,-172.62327575683594,8.685159683227539,-0.107757568359375,0.2420654296875,"[0.8675409555435181, 1.0, 0.2931476831436157, 0.8833330273628235]","[0.0, 0.0, -0.0056919436901807785, 2.566666626080405e-05, -0.028373777866363525, 1.0, 0.016333334147930145, -0.0056919436901807785, 0.0, 0.0, 0.9981881976127625, -0.016307666897773743, 0.0, 0.0]","[1.0, 1.0, 0.0, 0.7510669827461243, 1.0, 0.4801355004310608, 0.38132256269454956, 0.7120020389556885]",-33.911552975629135
6.0499999999999865,214.85812377929688,-172.57183837890625,8.718079566955566,-0.12225341796875,0.20000000298023224,"[0.865380585193634, 1.0, 0.2008773386478424, 0.8683616518974304]","[0.0, 0.0, -0.0056919436901807785, 2.566666626080405e-05, -0.028373777866363525, 1.0, 0.016333334147930145, -0.0056919436901807785, 0.0, 0.0, 0.9981881976127625, -0.016307666897773743, 0.0, 0.0]","[1.0, 1.0, 0.0, 0.7510669827461243, 1.0, 0.4801355004310608, 0.38132256269454956, 0.7120020389556885]",-33.94990537568218
6.099999999999986,214.4267578125,-172.51255798339844,8.723589897155762,-0.137603759765625,0.20000000298023224,"[0.8650189638137817, 1.0, 0.18559429049491882, 0.9575690627098083]","[0.0, 0.0, -0.0056919436901807785, 2.566666626080405e-05, -0.028373777866363525, 1.0, 0.016333334147930145, -0.0056919436901807785, 0.0, 0.0, 0.9981881976127625, -0.016307666897773743, 0.0, 0.0]","[1.0, 1.0, 0.0, 0.7510669827461243, 1.0, 0.4801355004310608, 0.38132256269454956, 0.7120020389556885]",-33.98927826622822
6.149999999999986,213.99876403808594,-172.4442596435547,8.660260200500488,-0.1500244140625,0.20000000298023224,"[0.8691749572753906, 1.0, 0.25974389910697937, 0.8932690024375916]","[0.0, 0.0, -0.0056919436901807785, 2.566666626080405e-05, -0.028373777866363525, 1.0, 0.016333334147930145, -0.0056919436901807785, 0.0, 0.0, 0.9981881976127625, -0.016307666897773743, 0.0, 0.0]","[1.0, 1.0, 0.0, 0.7510669827461243, 1.0, 0.4801355004310608, 0.38132256269454956, 0.7120020389556885]",-34.04192869763065
6.199999999999986,213.57577514648438,-172.36602783203125,8.599639892578125,-0.15899658203125,0.20000000298023224,"[0.8731531500816345, 1.0, 0.29717931151390076, 0.9583116173744202]","[0.0, 0.0, -0.0056919436901807785, 2.566666626080405e-05, -0.028373777866363525, 1.0, 0.016333334147930145, -0.0056919436901807785, 0.0, 0.0, 0.9981881976127625, -0.016307666897773743, 0.0, 0.0]","[1.0, 1.0, 0.0, 0.7510669827461243, 1.0, 0.4801355004310608, 0.38132256269454956, 0.7120020389556885]",-34.35001418140289
6.249999999999986,213.15911865234375,-172.2787628173828,8.493630409240723,-0.16351318359375,0.20000000298023224,"[0.880109965801239, 1.0, 0.3057507574558258, 0.9155144691467285]","[0.0, 0.0, -0.0056919436901807785, 2.566666626080405e-05, -0.028373777866363525, 1.0, 0.016333334147930145, -0.0056919436901807785, 0.0, 0.0, 0.9981881976127625, -0.016307666897773743, 0.0, 0.0]","[1.0, 1.0, 0.0, 0.7510669827461243, 1.0, 0.4801355004310608, 0.38132256269454956, 0.7120020389556885]",-34.445325704906054
6.299999999999986,212.7493896484375,-172.1820831298828,8.407119750976562,-0.167236328125,0.20000000298023224,"[0.8857871890068054, 1.0, 0.32011470198631287, 0.9479990005493164]","[0.0, 0.0, -0.0056919436901807785, 2.566666626080405e-05, -0.028373777866363525, 1.0, 0.016333334147930145, -0.0056919436901807785, 0.0, 0.0, 0.9981881976127625, -0.016307666897773743, 0.0, 0.0]","[1.0, 1.0, 0.0, 0.7510669827461243, 1.0, 0.4801355004310608, 0.38132256269454956, 0.7120020389556885]",-34.5472373037326
6.349999999999985,212.34751892089844,-172.07672119140625,8.281290054321289,-0.1695556640625,0.21826171875,"[0.8940446972846985, 1.0, 0.3220048248767853, 0.9181531071662903]","[0.0, 0.0, -0.0056919436901807785, 2.566666626080405e-05, -0.028373777866363525, 1.0, 0.016333334147930145, -0.0056919436901807785, 0.0, 0.0, 0.9981881976127625, -0.016307666897773743, 0.0, 0.0]","[1.0, 1.0, 0.0, 0.7510669827461243, 1.0, 0.4801355004310608, 0.38132256269454956, 0.7120020389556885]",-34.624135647218104
6.399999999999985,211.9535369873047,-171.96234130859375,8.191679954528809,-0.171722412109375,0.3571319580078125,"[0.8999252915382385, 1.0, 0.32227471470832825, 0.9360420107841492]","[0.0, 0.0, -0.0056919436901807785, 2.566666626080405e-05, -0.028373777866363525, 1.0, 0.016333334147930145, -0.0056919436901807785, 0.0, 0.0, 0.9981881976127625, -0.016307666897773743, 0.0, 0.0]","[1.0, 1.0, 0.0, 0.7510669827461243, 1.0, 0.4801355004310608, 0.38132256269454956, 0.7120020389556885]",-34.88353063502256
6.449999999999985,211.5673370361328,-171.8394317626953,8.084639549255371,-0.174530029296875,0.428558349609375,"[0.9069497585296631, 1.0, 0.30540746450424194, 0.9392916560173035]","[0.0, 0.0, -0.0056919436901807785, 2.566666626080405e-05, -0.028373777866363525, 1.0, 0.016333334147930145, -0.0056919436901807785, 0.0, 0.0, 0.9981881976127625, -0.016307666897773743, 0.0, 0.0]","[1.0, 1.0, 0.0, 0.7510669827461243, 1.0, 0.4801355004310608, 0.38132256269454956, 0.7120020389556885]",-34.92701281429933
6.499999999999985,211.18812561035156,-171.7071990966797,8.029930114746094,-0.17950439453125,0.444427490234375,"[0.9105400443077087, 1.0, 0.29924526810646057, 0.9203986525535583]","[0.0, 0.0, -0.0056919436901807785, 2.566666626080405e-05, -0.028373777866363525, 1.0, 0.016333334147930145, -0.0056919436901807785, 0.0, 0.0, 0.9981881976127625, -0.016307666897773743, 0.0, 0.0]","[1.0, 1.0, 0.0, 0.7510669827461243, 1.0, 0.4801355004310608, 0.38132256269454956, 0.7120020389556885]",-34.97098942154308
6.549999999999985,210.81546020507812,-171.5660858154297,7.959449768066406,-0.1815185546875,0.456329345703125,"[0.9151653051376343, 1.0, 0.2755560278892517, 0.9415885210037231]","[0.0, 0.0, -0.0056919436901807785, 2.566666626080405e-05, -0.028373777866363525, 1.0, 0.016333334147930145, -0.0056919436901807785, 0.0, 0.0, 0.9981881976127625, -0.016307666897773743, 0.0, 0.0]","[1.0, 1.0, 0.0, 0.7510669827461243, 1.0, 0.4801355004310608, 0.38132256269454956, 0.7120020389556885]",-35.02543590894199
6.5999999999999845,210.4486541748047,-171.41554260253906,7.938199996948242,-0.18023681640625,0.4603118896484375,"[0.9165598154067993, 1.0, 0.26010414958000183, 0.9354597926139832]","[0.0, 0.0, -0.0056919436901807785, 2.566666626080405e-05, -0.028373777866363525, 1.0, 0.016333334147930145, -0.0056919436901807785, 0.0, 0.0, 0.9981881976127625, -0.016307666897773743, 0.0, 0.0]","[1.0, 1.0, 0.0, 0.7510669827461243, 1.0, 0.4801355004310608, 0.38132256269454956, 0.7120020389556885]",-35.08456471058448
6.649999999999984,210.08734130859375,-171.25657653808594,7.8946099281311035,-0.17559814453125,0.4603118896484375,"[0.9194203615188599, 1.0, 0.2443169206380844, 0.9427235722541809]","[0.0, 0.0, -0.0056919436901807785, 2.566666626080405e-05, -0.028373777866363525, 1.0, 0.016333334147930145, -0.0056919436901807785, 0.0, 0.0, 0.9981881976127625, -0.016307666897773743, 0.0, 0.0]","[1.0, 1.0, 0.0, 0.7510669827461243, 1.0, 0.4801355004310608, 0.38132256269454956, 0.7120020389556885]",-35.38023419574395
6.699999999999984,209.73101806640625,-171.0886688232422,7.891019821166992,-0.16754150390625,0.428558349609375,"[0.919655978679657, 1.0, 0.20862460136413574, 0.9400280714035034]","[0.0, 0.0, -0.0056919436901807785, 2.566666626080405e-05, -0.028373777866363525, 1.0, 0.016333334147930145, -0.0056919436901807785, 0.0, 0.0, 0.9981881976127625, -0.016307666897773743, 0.0, 0.0]","[1.0, 1.0, 0.0, 0.7510669827461243, 1.0, 0.4801355004310608, 0.38132256269454956, 0.7120020389556885]",-35.45723428450797
6.749999999999984,209.37997436523438,-170.912353515625,7.8914899826049805,-0.16070556640625,0.380950927734375,"[0.9196251034736633, 1.0, 0.15978726744651794, 0.9507733583450317]","[0.0, 0.0, -0.0056919436901807785, 2.566666626080405e-05, -0.028373777866363525, 1.0, 0.016333334147930145, -0.0056919436901807785, 0.0, 0.0, 0.9981881976127625, -0.016307666897773743, 0.0, 0.0]","[1.0, 1.0, 0.0, 0.7510669827461243, 1.0, 0.4801355004310608, 0.38132256269454956, 0.7120020389556885]",-35.54093493532933
6.799999999999984,209.03421020507812,-170.72886657714844,7.863830089569092,-0.157012939453125,0.380950927734375,"[0.9214402437210083, 1.0, 0.1911894530057907, 0.9415090084075928]","[0.0, 0.0, -0.0056919436901807785, 2.566666626080405e-05, -0.028373777866363525, 1.0, 0.016333334147930145, -0.0056919436901807785, 0.0, 0.0, 0.9981881976127625, -0.016307666897773743, 0.0, 0.0]","[1.0, 1.0, 0.0, 0.7510669827461243, 1.0, 0.4801355004310608, 0.38132256269454956, 0.7120020389556885]",-35.631429014798734
6.849999999999984,208.6924591064453,-170.54034423828125,7.903210163116455,-0.15618896484375,0.380950927734375,"[0.9188559651374817, 1.0, 0.19648508727550507, 0.9142598509788513]","[0.0, 0.0, -0.0056919436901807785, 2.566666626080405e-05, -0.028373777866363525, 1.0, 0.016333334147930145, -0.0056919436901807785, 0.0, 0.0, 0.9981881976127625, -0.016307666897773743, 0.0, 0.0]","[1.0, 1.0, 0.0, 0.7510669827461243, 1.0, 0.4801355004310608, 0.38132256269454956, 0.7120020389556885]",-36.015181862605964
6.8999999999999835,208.35598754882812,-170.34567260742188,7.893660068511963,-0.15618896484375,0.380950927734375,"[0.9194827079772949, 1.0, 0.20331452786922455, 0.9318671822547913]","[0.0, 0.0, -0.0056919436901807785, 2.566666626080405e-05, -0.028373777866363525, 1.0, 0.016333334147930145, -0.0056919436901807785, 0.0, 0.0, 0.9981881976127625, -0.016307666897773743, 0.0, 0.0]","[1.0, 1.0, 0.0, 0.7510669827461243, 1.0, 0.4801355004310608, 0.38132256269454956, 0.7120020389556885]",-36.133431334424614
6.949999999999983,208.0247802734375,-170.14495849609375,7.869410037994385,-0.15606689453125,0.400787353515625,"[0.9210740923881531, 1.0, 0.20396482944488525, 0.9491703510284424]","[0.0, 0.0, -0.0056919436901807785, 2.566666626080405e-05, -0.028373777866363525, 1.0, 0.016333334147930145, -0.0056919436901807785, 0.0, 0.0, 0.9981881976127625, -0.016307666897773743, 0.0, 0.0]","[1.0, 1.0, 0.0, 0.7510669827461243, 1.0, 0.4801355004310608, 0.38132256269454956, 0.7120020389556885]",-36.26020408498828
6.999999999999983,207.69781494140625,-169.93890380859375,7.854380130767822,-0.154327392578125,0.408721923828125,"[0.9220604300498962, 1.0, 0.23811998963356018, 0.913669228553772]","[0.0, 0.0, -0.0056919436901807785, 2.566666626080405e-05, -0.028373777866363525, 1.0, 0.016333334147930145, -0.0056919436901807785, 0.0, 0.0, 0.9981881976127625, -0.016307666897773743, 0.0, 0.0]","[1.0, 1.0, 0.0, 0.7510669827461243, 1.0, 0.4801355004310608, 0.38132256269454956, 0.7120020389556885]",-36.40617707276528
7.049999999999983,207.37538146972656,-169.72702026367188,7.791399955749512,-0.150177001953125,0.432525634765625,"[0.9261934757232666, 1.0, 0.2521560490131378, 0.9193247556686401]","[0.0, 0.0, -0.0056919436901807785, 2.566666626080405e-05, -0.028373777866363525, 1.0, 0.016333334147930145, -0.0056919436901807785, 0.0, 0.0, 0.9981881976127625, -0.016307666897773743, 0.0, 0.0]","[1.0, 1.0, 0.0, 0.7510669827461243, 1.0, 0.4801355004310608, 0.38132256269454956, 0.7120020389556885]",-36.92009920403708
7.099999999999983,207.05706787109375,-169.5065155029297,7.8284502029418945,-0.144287109375,0.456329345703125,"[0.9237620830535889, 1.0, 0.21188703179359436, 0.8750768303871155]","[0.0, 0.0, -0.0056919436901807785, 2.566666626080405e-05, -0.028373777866363525, 1.0, 0.016333334147930145, -0.0056919436901807785, 0.0, 0.0, 0.9981881976127625, -0.016307666897773743, 0.0, 0.0]","[1.0, 1.0, 0.0, 0.7510669827461243, 1.0, 0.4801355004310608, 0.38132256269454956, 0.7120020389556885]",-37.11974319315407
7.149999999999983,206.74427795410156,-169.27621459960938,7.767489910125732,-0.13958740234375,0.4880828857421875,"[0.927762508392334, 1.0, 0.1749570071697235, 0.8406581878662109]","[0.0, 0.0, -0.0056919436901807785, 2.566666626080405e-05, -0.028373777866363525, 1.0, 0.016333334147930145, -0.0056919436901807785, 0.0, 0.0, 0.9981881976127625, -0.016307666897773743, 0.0, 0.0]","[1.0, 1.0, 0.0, 0.7510669827461243, 1.0, 0.4801355004310608, 0.38132256269454956, 0.7120020389556885]",-37.34760084534493
7.199999999999982,206.4345245361328,-169.03822326660156,7.800290107727051,-0.136199951171875,0.51171875,"[0.9256100654602051, 1.0, 0.15366066992282867, 0.8723076581954956]","[0.0, 0.0, -0.0056919436901807785, 2.566666626080405e-05, -0.028373777866363525, 1.0, 0.016333334147930145, -0.0056919436901807785, 0.0, 0.0, 0.9981881976127625, -0.016307666897773743, 0.0, 0.0]","[1.0, 1.0, 0.0, 0.7510669827461243, 1.0, 0.4801355004310608, 0.38132256269454956, 0.7120020389556885]",-37.58210922678498
7.249999999999982,206.12620544433594,-168.79425048828125,7.783860206604004,-0.135894775390625,0.53515625,"[0.9266882538795471, 1.0, 0.15356159210205078, 0.9201664328575134]","[0.0, 0.0, -0.0056919436901807785, 2.566666626080405e-05, -0.028373777866363525, 1.0, 0.016333334147930145, -0.0056919436901807785, 0.0, 0.0, 0.9981881976127625, -0.016307666897773743, 0.0, 0.0]","[1.0, 1.0, 0.0, 0.7510669827461243, 1.0, 0.4801355004310608, 0.38132256269454956, 0.7120020389556885]",-38.222613277977835
7.299999999999982,205.82046508789062,-168.54237365722656,7.838260173797607,-0.137908935546875,0.55078125,"[0.9231182932853699, 1.0, 0.21176597476005554, 0.897463321685791]","[0.0, 0.0, -0.0056919436901807785, 2.566666626080405e-05, -0.028373777866363525, 1.0, 0.016333334147930145, -0.0056919436901807785, 0.0, 0.0, 0.9981881976127625, -0.016307666897773743, 0.0, 0.0]","[1.0, 1.0, 0.0, 0.7510669827461243, 1.0, 0.4801355004310608, 0.38132256269454956, 0.7120020389556885]",-38.45871627038488
7.349999999999982,205.51837158203125,-168.28414916992188,7.847599983215332,-0.14227294921875,0.55859375,"[0.9225053787231445, 1.0, 0.19642506539821625, 0.922680675983429]","[0.0, 0.0, -0.0056919436901807785, 2.566666626080405e-05, -0.028373777866363525, 1.0, 0.016333334147930145, -0.0056919436901807785, 0.0, 0.0, 0.9981881976127625, -0.016307666897773743, 0.0, 0.0]","[1.0, 1.0, 0.0, 0.7510669827461243, 1.0, 0.4801355004310608, 0.38132256269454956, 0.7120020389556885]",-38.73190863247048
7.399999999999982,205.2214813232422,-168.01890563964844,7.89394998550415,-0.147857666015625,0.56640625,"[0.9194636344909668, 1.0, 0.26944485306739807, 0.9255944490432739]","[0.0, 0.0, -0.0056919436901807785, 2.566666626080405e-05, -0.028373777866363525, 1.0, 0.016333334147930145, -0.0056919436901807785, 0.0, 0.0, 0.9981881976127625, -0.016307666897773743, 0.0, 0.0]","[1.0, 1.0, 0.0, 0.7510669827461243, 1.0, 0.4801355004310608, 0.38132256269454956, 0.7120020389556885]",-39.053634916601595
7.4499999999999815,204.92977905273438,-167.7464599609375,7.9338698387146,-0.15313720703125,0.57421875,"[0.9168439507484436, 1.0, 0.24036702513694763, 0.9523313641548157]","[0.0, 0.0, -0.0056919436901807785, 2.566666626080405e-05, -0.028373777866363525, 1.0, 0.016333334147930145, -0.0056919436901807785, 0.0, 0.0, 0.9981881976127625, -0.016307666897773743, 0.0, 0.0]","[1.0, 1.0, 0.0, 0.7510669827461243, 1.0, 0.4801355004310608, 0.38132256269454956, 0.7120020389556885]",-39.55224589835534
7.499999999999981,204.64450073242188,-167.46446228027344,7.998700141906738,-0.157135009765625,0.578125,"[0.9125894904136658, 1.0, 0.28353315591812134, 0.9501705169677734]","[0.0, 0.0, -0.0056919436901807785, 2.566666626080405e-05, -0.028373777866363525, 1.0, 0.016333334147930145, -0.0056919436901807785, 0.0, 0.0, 0.9981881976127625, -0.016307666897773743, 0.0, 0.0]","[1.0, 1.0, 0.0, 0.7510669827461243, 1.0, 0.4801355004310608, 0.38132256269454956, 0.7120020389556885]",-39.70394754534235
7.549999999999981,204.36729431152344,-167.17308044433594,8.05303955078125,-0.159942626953125,0.5859375,"[0.9090235233306885, 1.0, 0.21852350234985352, 0.92463618516922]","[0.0, 0.0, -0.0056919436901807785, 2.566666626080405e-05, -0.028373777866363525, 1.0, 0.016333334147930145, -0.0056919436901807785, 0.0, 0.0, 0.9981881976127625, -0.016307666897773743, 0.0, 0.0]","[1.0, 1.0, 0.0, 0.7510669827461243, 1.0, 0.4801355004310608, 0.38132256269454956, 0.7120020389556885]",-39.8701065934043
7.599999999999981,204.09571838378906,-166.8732452392578,8.128470420837402,-0.160858154296875,0.58984375,"[0.9040733575820923, 1.0, 0.25424090027809143, 0.9506964087486267]","[0.0, 0.0, -0.0056919436901807785, 2.566666626080405e-05, -0.028373777866363525, 1.0, 0.016333334147930145, -0.0056919436901807785, 0.0, 0.0, 0.9981881976127625, -0.016307666897773743, 0.0, 0.0]","[1.0, 1.0, 0.0, 0.7510669827461243, 1.0, 0.4801355004310608, 0.38132256269454956, 0.7120020389556885]",-40.04227555689387
7.649999999999981,203.82843017578125,-166.5653533935547,8.195219993591309,-0.160858154296875,0.59375,"[0.8996930122375488, 1.0, 0.22047430276870728, 0.954276442527771]","[0.0, 0.0, -0.0056919436901807785, 2.566666626080405e-05, -0.028373777866363525, 1.0, 0.016333334147930145, -0.0056919436901807785, 0.0, 0.0, 0.9981881976127625, -0.016307666897773743, 0.0, 0.0]","[1.0, 1.0, 0.0, 0.7510669827461243, 1.0, 0.4801355004310608, 0.38132256269454956, 0.7120020389556885]",-40.58567511929152
7.699999999999981,203.56558227539062,-166.2484893798828,8.290630340576172,-0.160888671875,0.59765625,"[0.8934317231178284, 1.0, 0.2799054682254791, 0.9328919053077698]","[0.0, 0.0, -0.0056919436901807785, 2.566666626080405e-05, -0.028373777866363525, 1.0, 0.016333334147930145, -0.0056919436901807785, 0.0, 0.0, 0.9981881976127625, -0.016307666897773743, 0.0, 0.0]","[1.0, 1.0, 0.0, 0.7510669827461243, 1.0, 0.4801355004310608, 0.38132256269454956, 0.7120020389556885]",-40.74657917874409
7.7499999999999805,203.30691528320312,-165.92300415039062,8.361700057983398,-0.16119384765625,0.6015625,"[0.8887678384780884, 1.0, 0.24059779942035675, 0.9526079297065735]","[0.0, 0.0, -0.0056919436901807785, 2.566666626080405e-05, -0.028373777866363525, 1.0, 0.016333334147930145, -0.0056919436901807785, 0.0, 0.0, 0.9981881976127625, -0.016307666897773743, 0.0, 0.0]","[1.0, 1.0, 0.0, 0.7510669827461243, 1.0, 0.4801355004310608, 0.38132256269454956, 0.7120020389556885]",-40.91372149710502
7.79999999999998,203.05345153808594,-165.58775329589844,8.468330383300781,-0.161956787109375,0.6015625,"[0.8817702531814575, 1.0, 0.3028971254825592, 0.9236639142036438]","[0.0, 0.0, -0.0056919436901807785, 2.566666626080405e-05, -0.028373777866363525, 1.0, 0.016333334147930145, -0.0056919436901807785, 0.0, 0.0, 0.9981881976127625, -0.016307666897773743, 0.0, 0.0]","[1.0, 1.0, 0.0, 0.7510669827461243, 1.0, 0.4801355004310608, 0.38132256269454956, 0.7120020389556885]",-41.09808306021605
7.84999999999998,202.80433654785156,-165.2431640625,8.54362964630127,-0.16424560546875,0.6015625,"[0.8768287897109985, 1.0, 0.25814107060432434, 0.9442352056503296]","[0.0, 0.0, -0.0056919436901807785, 2.566666626080405e-05, -0.028373777866363525, 1.0, 0.016333334147930145, -0.0056919436901807785, 0.0, 0.0, 0.9981881976127625, -0.016307666897773743, 0.0, 0.0]","[1.0, 1.0, 0.0, 0.7510669827461243, 1.0, 0.4801355004310608, 0.38132256269454956, 0.7120020389556885]",-41.69536340011476
7.89999999999998,202.56117248535156,-164.88841247558594,8.64739990234375,-0.1673583984375,0.6015625,"[0.8700188994407654, 1.0, 0.32519909739494324, 0.9245513081550598]","[0.0, 0.0, -0.0056919436901807785, 2.566666626080405e-05, -0.028373777866363525, 1.0, 0.016333334147930145, -0.0056919436901807785, 0.0, 0.0, 0.9981881976127625, -0.016307666897773743, 0.0, 0.0]","[1.0, 1.0, 0.0, 0.7510669827461243, 1.0, 0.4801355004310608, 0.38132256269454956, 0.7120020389556885]",-41.89207138629243
7.94999999999998,202.32485961914062,-164.52392578125,8.721449851989746,-0.17095947265625,0.6015625,"[0.8651593923568726, 1.0, 0.2774188816547394, 0.943104088306427]","[0.0, 0.0, -0.0056919436901807785, 2.566666626080405e-05, -0.028373777866363525, 1.0, 0.016333334147930145, -0.0056919436901807785, 0.0, 0.0, 0.9981881976127625, -0.016307666897773743, 0.0, 0.0]","[1.0, 1.0, 0.0, 0.7510669827461243, 1.0, 0.4801355004310608, 0.38132256269454956, 0.7120020389556885]",-42.13525532120869
7.99999999999998,202.095947265625,-164.1493377685547,8.82583999633789,-0.17340087890625,0.6015625,"[0.8583089113235474, 1.0, 0.33761534094810486, 0.9315902590751648]","[0.0, 0.0, -0.0056919436901807785, 2.566666626080405e-05, -0.028373777866363525, 1.0, 0.016333334147930145, -0.0056919436901807785, 0.0, 0.0, 0.9981881976127625, -0.016307666897773743, 0.0, 0.0]","[1.0, 1.0, 0.0, 0.7510669827461243, 1.0, 0.4801355004310608, 0.38132256269454956, 0.7120020389556885]",-42.379864912146424
8.04999999999998,201.874755859375,-163.7652130126953,8.903849601745605,-0.174652099609375,0.6015625,"[0.8531895279884338, 1.0, 0.2901604175567627, 0.9448650479316711]","[0.0, 0.0, -0.0056919436901807785, 2.566666626080405e-05, -0.028373777866363525, 1.0, 0.016333334147930145, -0.0056919436901807785, 0.0, 0.0, 0.9981881976127625, -0.016307666897773743, 0.0, 0.0]","[1.0, 1.0, 0.0, 0.7510669827461243, 1.0, 0.4801355004310608, 0.38132256269454956, 0.7120020389556885]",-43.02894715130453
8.09999999999998,201.66184997558594,-163.3712615966797,9.004960060119629,-0.1748046875,0.6015625,"[0.8465542197227478, 1.0, 0.3393380045890808, 0.9420953989028931]","[0.0, 0.0, -0.0056919436901807785, 2.566666626080405e-05, -0.028373777866363525, 1.0, 0.016333334147930145, -0.0056919436901807785, 0.0, 0.0, 0.9981881976127625, -0.016307666897773743, 0.0, 0.0]","[1.0, 1.0, 0.0, 0.7510669827461243, 1.0, 0.4801355004310608, 0.38132256269454956, 0.7120020389556885]",-43.078899033069234
8.14999999999998,201.45738220214844,-162.9681854248047,9.082300186157227,-0.1748046875,0.6015625,"[0.8414788246154785, 1.0, 0.2985384464263916, 0.9493795037269592]","[0.0, 0.0, -0.0056919436901807785, 2.566666626080405e-05, -0.028373777866363525, 1.0, 0.016333334147930145, -0.0056919436901807785, 0.0, 0.0, 0.9981881976127625, -0.016307666897773743, 0.0, 0.0]","[1.0, 1.0, 0.0, 0.7510669827461243, 1.0, 0.4801355004310608, 0.38132256269454956, 0.7120020389556885]",-43.14960970473596
8.199999999999982,201.2621612548828,-162.5556182861328,9.183019638061523,-0.1748046875,0.6015625,"[0.8348691463470459, 1.0, 0.3486289978027344, 0.9418261647224426]","[0.0, 0.0, -0.0056919436901807785, 2.566666626080405e-05, -0.028373777866363525, 1.0, 0.016333334147930145, -0.0056919436901807785, 0.0, 0.0, 0.9981881976127625, -0.016307666897773743, 0.0, 0.0]","[1.0, 1.0, 0.0, 0.7510669827461243, 1.0, 0.4801355004310608, 0.38132256269454956, 0.7120020389556885]",-43.221129485586594
8.249999999999982,201.076416015625,-162.13401794433594,9.259960174560547,-0.1748046875,0.6015625,"[0.8298199772834778, 1.0, 0.305917352437973, 0.9482016563415527]","[0.0, 0.0, -0.0056919436901807785, 2.566666626080405e-05, -0.028373777866363525, 1.0, 0.016333334147930145, -0.0056919436901807785, 0.0, 0.0, 0.9981881976127625, -0.016307666897773743, 0.0, 0.0]","[1.0, 1.0, 0.0, 0.7510669827461243, 1.0, 0.4801355004310608, 0.38132256269454956, 0.7120020389556885]",-43.559874118067626
8.299999999999983,200.90084838867188,-161.70321655273438,9.359979629516602,-0.174713134765625,0.6015625,"[0.823256254196167, 1.0, 0.3549375832080841, 0.9431992173194885]","[0.0, 0.0, -0.0056919436901807785, 2.566666626080405e-05, -0.028373777866363525, 1.0, 0.016333334147930145, -0.0056919436901807785, 0.0, 0.0, 0.9981881976127625, -0.016307666897773743, 0.0, 0.0]","[1.0, 1.0, 0.0, 0.7510669827461243, 1.0, 0.4801355004310608, 0.38132256269454956, 0.7120020389556885]",-43.570092063388806
8.349999999999984,200.7357177734375,-161.2637481689453,9.435990333557129,-0.17437744140625,0.6015625,"[0.8182680606842041, 1.0, 0.31274548172950745, 0.948218584060669]","[0.0, 0.0, -0.0056919436901807785, 2.566666626080405e-05, -0.028373777866363525, 1.0, 0.016333334147930145, -0.0056919436901807785, 0.0, 0.0, 0.9981881976127625, -0.016307666897773743, 0.0, 0.0]","[1.0, 1.0, 0.0, 0.7510669827461243, 1.0, 0.4801355004310608, 0.38132256269454956, 0.7120020389556885]",-43.56883553835183
8.399999999999984,200.58164978027344,-160.81553649902344,9.534689903259277,-0.173858642578125,0.6015625,"[0.811790943145752, 1.0, 0.36022108793258667, 0.9451249241828918]","[0.0, 0.0, -0.0056919436901807785, 2.566666626080405e-05, -0.028373777866363525, 1.0, 0.016333334147930145, -0.0056919436901807785, 0.0, 0.0, 0.9981881976127625, -0.016307666897773743, 0.0, 0.0]","[1.0, 1.0, 0.0, 0.7510669827461243, 1.0, 0.4801355004310608, 0.38132256269454956, 0.7120020389556885]",-43.56710180475486
8.449999999999985,200.4387664794922,-160.35922241210938,9.61007022857666,-0.171844482421875,0.6015625,"[0.806844174861908, 1.0, 0.3168368935585022, 0.9472076296806335]","[0.0, 0.0, -0.0056919436901807785, 2.566666626080405e-05, -0.028373777866363525, 1.0, 0.016333334147930145, -0.0056919436901807785, 0.0, 0.0, 0.9981881976127625, -0.016307666897773743, 0.0, 0.0]","[1.0, 1.0, 0.0, 0.7510669827461243, 1.0, 0.4801355004310608, 0.38132256269454956, 0.7120020389556885]",-43.87904483725491
8.499999999999986,200.3075408935547,-159.894775390625,9.708219528198242,-0.1690673828125,0.6015625,"[0.8004031777381897, 1.0, 0.3600272536277771, 0.9500508904457092]","[0.0, 0.0, -0.0056919436901807785, 2.566666626080405e-05, -0.028373777866363525, 1.0, 0.016333334147930145, -0.0056919436901807785, 0.0, 0.0, 0.9981881976127625, -0.016307666897773743, 0.0, 0.0]","[1.0, 1.0, 0.0, 0.7510669827461243, 1.0, 0.4801355004310608, 0.38132256269454956, 0.7120020389556885]",-43.91798411360902
8.549999999999986,200.18795776367188,-159.42282104492188,9.783289909362793,-0.165863037109375,0.6015625,"[0.7954767346382141, 1.0, 0.317316472530365, 0.9471834897994995]","[0.0, 0.0, -0.0056919436901807785, 2.566666626080405e-05, -0.028373777866363525, 1.0, 0.016333334147930145, -0.0056919436901807785, 0.0, 0.0, 0.9981881976127625, -0.016307666897773743, 0.0, 0.0]","[1.0, 1.0, 0.0, 0.7510669827461243, 1.0, 0.4801355004310608, 0.38132256269454956, 0.7120020389556885]",-43.968910101760144
8.599999999999987,200.0804443359375,-158.94345092773438,9.880889892578125,-0.162078857421875,0.6015625,"[0.789071798324585, 1.0, 0.3577463626861572, 0.9532216191291809]","[0.0, 0.0, -0.0056919436901807785, 2.566666626080405e-05, -0.028373777866363525, 1.0, 0.016333334147930145, -0.0056919436901807785, 0.0, 0.0, 0.9981881976127625, -0.016307666897773743, 0.0, 0.0]","[1.0, 1.0, 0.0, 0.7510669827461243, 1.0, 0.4801355004310608, 0.38132256269454956, 0.7120020389556885]",-44.03590348694537
8.649999999999988,199.98497009277344,-158.45724487304688,9.955559730529785,-0.15869140625,0.6015625,"[0.7841715812683105, 1.0, 0.31678590178489685, 0.948214054107666]","[0.0, 0.0, -0.0056919436901807785, 2.566666626080405e-05, -0.028373777866363525, 1.0, 0.016333334147930145, -0.0056919436901807785, 0.0, 0.0, 0.9981881976127625, -0.016307666897773743, 0.0, 0.0]","[1.0, 1.0, 0.0, 0.7510669827461243, 1.0, 0.4801355004310608, 0.38132256269454956, 0.7120020389556885]",-44.52790473251989
8.699999999999989,199.9020233154297,-157.9642791748047,10.05193042755127,-0.156219482421875,0.6015625,"[0.7778473496437073, 1.0, 0.3574356138706207, 0.9531253576278687]","[0.0, 0.0, -0.0056919436901807785, 2.566666626080405e-05, -0.028373777866363525, 1.0, 0.016333334147930145, -0.0056919436901807785, 0.0, 0.0, 0.9981881976127625, -0.016307666897773743, 0.0, 0.0]","[1.0, 1.0, 0.0, 0.7510669827461243, 1.0, 0.4801355004310608, 0.38132256269454956, 0.7120020389556885]",-44.597690112484976
8.74999999999999,199.83175659179688,-157.46517944335938,10.125200271606445,-0.15618896484375,0.6015625,"[0.7730390429496765, 1.0, 0.323119580745697, 0.952673077583313]","[0.0, 0.0, -0.0056919436901807785, 2.566666626080405e-05, -0.028373777866363525, 1.0, 0.016333334147930145, -0.0056919436901807785, 0.0, 0.0, 0.9981881976127625, -0.016307666897773743, 0.0, 0.0]","[1.0, 1.0, 0.0, 0.7510669827461243, 1.0, 0.4801355004310608, 0.38132256269454956, 0.7120020389556885]",-44.68501232509024
8.79999999999999,199.77479553222656,-156.96006774902344,10.219090461730957,-0.15625,0.6015625,"[0.7668775320053101, 1.0, 0.3642311990261078, 0.9521687626838684]","[0.0, 0.0, -0.0056919436901807785, 2.566666626080405e-05, -0.028373777866363525, 1.0, 0.016333334147930145, -0.0056919436901807785, 0.0, 0.0, 0.9981881976127625, -0.016307666897773743, 0.0, 0.0]","[1.0, 1.0, 0.0, 0.7510669827461243, 1.0, 0.4801355004310608, 0.38132256269454956, 0.7120020389556885]",-44.78714251828574
8.84999999999999,199.73133850097656,-156.44960021972656,10.290960311889648,-0.157470703125,0.6015625,"[0.762161135673523, 1.0, 0.33206549286842346, 0.9548851847648621]","[0.0, 0.0, -0.0056919436901807785, 2.566666626080405e-05, -0.028373777866363525, 1.0, 0.016333334147930145, -0.0056919436901807785, 0.0, 0.0, 0.9981881976127625, -0.016307666897773743, 0.0, 0.0]","[1.0, 1.0, 0.0, 0.7510669827461243, 1.0, 0.4801355004310608, 0.38132256269454956, 0.7120020389556885]",-44.84212994489357
8.899999999999991,199.7021026611328,-155.93394470214844,10.382229804992676,-0.15936279296875,0.6015625,"[0.7561715841293335, 1.0, 0.37384527921676636, 0.9508803486824036]","[0.0, 0.0, -0.0056919436901807785, 2.566666626080405e-05, -0.028373777866363525, 1.0, 0.016333334147930145, -0.0056919436901807785, 0.0, 0.0, 0.9981881976127625, -0.016307666897773743, 0.0, 0.0]","[1.0, 1.0, 0.0, 0.7510669827461243, 1.0, 0.4801355004310608, 0.38132256269454956, 0.7120020389556885]",-44.680785815530776
8.949999999999992,199.6871795654297,-155.41458129882812,10.407329559326172,-0.160400390625,0.6015625,"[0.7545244693756104, 1.0, 0.2977692186832428, 0.908970832824707]","[0.0, 0.0, -0.0056919436901807785, 2.566666626080405e-05, -0.028373777866363525, 1.0, 0.016333334147930145, -0.0056919436901807785, 0.0, 0.0, 0.9981881976127625, -0.016307666897773743, 0.0, 0.0]","[1.0, 1.0, 0.0, 0.7510669827461243, 1.0, 0.4801355004310608, 0.38132256269454956, 0.7120020389556885]",-44.518564823544224
8.999999999999993,199.686767578125,-154.8956756591797,10.39486026763916,-0.160064697265625,0.6015625,"[0.7553427219390869, 1.0, 0.30846142768859863, 0.941200852394104]","[0.0, 0.0, -0.0056919436901807785, 2.566666626080405e-05, -0.028373777866363525, 1.0, 0.016333334147930145, -0.0056919436901807785, 0.0, 0.0, 0.9981881976127625, -0.016307666897773743, 0.0, 0.0]","[1.0, 1.0, 0.0, 0.7510669827461243, 1.0, 0.4801355004310608, 0.38132256269454956, 0.7120020389556885]",-44.34677836246104
9.049999999999994,199.70083618164062,-154.37722778320312,10.44398021697998,-0.1593017578125,0.6015625,"[0.7521193027496338, 1.0, 0.31298136711120605, 0.9253800511360168]","[0.0, 0.0, -0.0056919436901807785, 2.566666626080405e-05, -0.028373777866363525, 1.0, 0.016333334147930145, -0.0056919436901807785, 0.0, 0.0, 0.9981881976127625, -0.016307666897773743, 0.0, 0.0]","[1.0, 1.0, 0.0, 0.7510669827461243, 1.0, 0.4801355004310608, 0.38132256269454956, 0.7120020389556885]",-44.39046943380918
9.099999999999994,199.73141479492188,-153.84494018554688,10.793049812316895,-0.15679931640625,0.6015625,"[0.7292118072509766, 1.0, 0.6236457228660583, 0.6298128962516785]","[0.0, 0.0, -0.0056919436901807785, 2.566666626080405e-05, -0.028373777866363525, 1.0, 0.016333334147930145, -0.0056919436901807785, 0.0, 0.0, 0.9981881976127625, -0.016307666897773743, 0.0, 0.0]","[1.0, 1.0, 0.0, 0.7510669827461243, 1.0, 0.4801355004310608, 0.38132256269454956, 0.7120020389556885]",-44.227099184700194
9.149999999999995,199.77870178222656,-153.30039978027344,11.023730278015137,-0.15234375,0.6015625,"[0.7140734791755676, 1.0, 0.5063815712928772, 0.8194463849067688]","[0.0, 0.0, -0.0056919436901807785, 2.566666626080405e-05, -0.028373777866363525, 1.0, 0.016333334147930145, -0.0056919436901807785, 0.0, 0.0, 0.9981881976127625, -0.016307666897773743, 0.0, 0.0]","[1.0, 1.0, 0.0, 0.7510669827461243, 1.0, 0.4801355004310608, 0.38132256269454956, 0.7120020389556885]",-44.05434132670928
9.199999999999996,199.8424530029297,-152.7477569580078,11.201800346374512,-0.14898681640625,0.6015625,"[0.7023877501487732, 1.0, 0.45997098088264465, 0.9042166471481323]","[0.0, 0.0, -0.0056919436901807785, 2.566666626080405e-05, -0.028373777866363525, 1.0, 0.016333334147930145, -0.0056919436901807785, 0.0, 0.0, 0.9981881976127625, -0.016307666897773743, 0.0, 0.0]","[1.0, 1.0, 0.0, 0.7510669827461243, 1.0, 0.4801355004310608, 0.38132256269454956, 0.7120020389556885]",-43.87330408674811
9.249999999999996,199.92245483398438,-152.18991088867188,11.332619667053223,-0.1455078125,0.6015625,"[0.6938027739524841, 1.0, 0.4131753742694855, 0.9179784059524536]","[0.0, 0.0, -0.0056919436901807785, 2.566666626080405e-05, -0.028373777866363525, 1.0, 0.016333334147930145, -0.0056919436901807785, 0.0, 0.0, 0.9981881976127625, -0.016307666897773743, 0.0, 0.0]","[1.0, 1.0, 0.0, 0.7510669827461243, 1.0, 0.4801355004310608, 0.38132256269454956, 0.7120020389556885]",-43.94098024503711
9.299999999999997,200.01849365234375,-151.62876892089844,11.444510459899902,-0.141510009765625,0.6015625,"[0.686460018157959, 1.0, 0.3968000113964081, 0.9529653787612915]","[0.0, 0.0, -0.0056919436901807785, 2.566666626080405e-05, -0.028373777866363525, 1.0, 0.016333334147930145, -0.0056919436901807785, 0.0, 0.0, 0.9981881976127625, -0.016307666897773743, 0.0, 0.0]","[1.0, 1.0, 0.0, 0.7510669827461243, 1.0, 0.4801355004310608, 0.38132256269454956, 0.7120020389556885]",-43.767516910912555
9.349999999999998,200.12994384765625,-151.0655975341797,11.533160209655762,-0.13494873046875,0.6015625,"[0.6806424260139465, 1.0, 0.36249229311943054, 0.9492021203041077]","[0.0, 0.0, -0.0056919436901807785, 2.566666626080405e-05, -0.028373777866363525, 1.0, 0.016333334147930145, -0.0056919436901807785, 0.0, 0.0, 0.9981881976127625, -0.016307666897773743, 0.0, 0.0]","[1.0, 1.0, 0.0, 0.7510669827461243, 1.0, 0.4801355004310608, 0.38132256269454956, 0.7120020389556885]",-43.593205058989795
9.399999999999999,200.2561492919922,-150.50103759765625,11.622590065002441,-0.123504638671875,0.6015625,"[0.674773633480072, 1.0, 0.3527085483074188, 0.9721199870109558]","[0.0, 0.0, -0.0056919436901807785, 2.566666626080405e-05, -0.028373777866363525, 1.0, 0.016333334147930145, -0.0056919436901807785, 0.0, 0.0, 0.9981881976127625, -0.016307666897773743, 0.0, 0.0]","[1.0, 1.0, 0.0, 0.7510669827461243, 1.0, 0.4801355004310608, 0.38132256269454956, 0.7120020389556885]",-43.41968229347571
9.45,200.39622497558594,-149.93560791015625,11.694999694824219,-0.112823486328125,0.6015625,"[0.6700217723846436, 1.0, 0.3179458975791931, 0.9522807598114014]","[0.0, 0.0, -0.0056919436901807785, 2.566666626080405e-05, -0.028373777866363525, 1.0, 0.016333334147930145, -0.0056919436901807785, 0.0, 0.0, 0.9981881976127625, -0.016307666897773743, 0.0, 0.0]","[1.0, 1.0, 0.0, 0.7510669827461243, 1.0, 0.4801355004310608, 0.38132256269454956, 0.7120020389556885]",-43.55104854766809
9.5,200.54917907714844,-149.3693084716797,11.780059814453125,-0.096954345703125,0.6015625,"[0.6644397974014282, 1.0, 0.31010767817497253, 0.957923412322998]","[0.0, 0.0, -0.0056919436901807785, 2.566666626080405e-05, -0.028373777866363525, 1.0, 0.016333334147930145, -0.0056919436901807785, 0.0, 0.0, 0.9981881976127625, -0.016307666897773743, 0.0, 0.0]","[1.0, 1.0, 0.0, 0.7510669827461243, 1.0, 0.4801355004310608, 0.38132256269454956, 0.7120020389556885]",-43.39880917009039
9.55,200.7132110595703,-148.80209350585938,11.848569869995117,-0.07708740234375,0.6015625,"[0.6599438190460205, 1.0, 0.2552672326564789, 0.931990385055542]","[0.0, 0.0, -0.0056919436901807785, 2.566666626080405e-05, -0.028373777866363525, 1.0, 0.016333334147930145, -0.0056919436901807785, 0.0, 0.0, 0.9981881976127625, -0.016307666897773743, 0.0, 0.0]","[1.0, 1.0, 0.0, 0.7510669827461243, 1.0, 0.4801355004310608, 0.38132256269454956, 0.7120020389556885]",-43.25316852128535
9.600000000000001,200.88694763183594,-148.23355102539062,11.93397045135498,-0.059295654296875,0.6015625,"[0.6543394327163696, 1.0, 0.24771647155284882, 0.9477797150611877]","[0.0, 0.0, -0.0056919436901807785, 2.566666626080405e-05, -0.028373777866363525, 1.0, 0.016333334147930145, -0.0056919436901807785, 0.0, 0.0, 0.9981881976127625, -0.016307666897773743, 0.0, 0.0]","[1.0, 1.0, 0.0, 0.7510669827461243, 1.0, 0.4801355004310608, 0.38132256269454956, 0.7120020389556885]",-43.120964183402485
9.650000000000002,201.06939697265625,-147.66371154785156,12.00117015838623,-0.04827880859375,0.6015625,"[0.6499295234680176, 1.0, 0.21288613975048065, 0.9515394568443298]","[0.0, 0.0, -0.0056919436901807785, 2.566666626080405e-05, -0.028373777866363525, 1.0, 0.016333334147930145, -0.0056919436901807785, 0.0, 0.0, 0.9981881976127625, -0.016307666897773743, 0.0, 0.0]","[1.0, 1.0, 0.0, 0.7510669827461243, 1.0, 0.4801355004310608, 0.38132256269454956, 0.7120020389556885]",-43.38230597099688
9.700000000000003,201.25979614257812,-147.09231567382812,12.084380149841309,-0.04022216796875,0.6015625,"[0.6444689035415649, 1.0, 0.21288923919200897, 0.961397111415863]","[0.0, 0.0, -0.0056919436901807785, 2.566666626080405e-05, -0.028373777866363525, 1.0, 0.016333334147930145, -0.0056919436901807785, 0.0, 0.0, 0.9981881976127625, -0.016307666897773743, 0.0, 0.0]","[1.0, 1.0, 0.0, 0.7510669827461243, 1.0, 0.4801355004310608, 0.38132256269454956, 0.7120020389556885]",-43.29995781208154
9.750000000000004,201.45755004882812,-146.51950073242188,12.151260375976562,-0.03680419921875,0.6015625,"[0.640079915523529, 1.0, 0.18523207306861877, 0.9638484716415405]","[0.0, 0.0, -0.0056919436901807785, 2.566666626080405e-05, -0.028373777866363525, 1.0, 0.016333334147930145, -0.0056919436901807785, 0.0, 0.0, 0.9981881976127625, -0.016307666897773743, 0.0, 0.0]","[1.0, 1.0, 0.0, 0.7510669827461243, 1.0, 0.4801355004310608, 0.38132256269454956, 0.7120020389556885]",-43.23869964807077
9.800000000000004,201.66253662109375,-145.94515991210938,12.232580184936523,-0.038299560546875,0.60546875,"[0.634743332862854, 1.0, 0.20145626366138458, 0.9699341058731079]","[0.0, 0.0, -0.0056919436901807785, 2.566666626080405e-05, -0.028373777866363525, 1.0, 0.016333334147930145, -0.0056919436901807785, 0.0, 0.0, 0.9981881976127625, -0.016307666897773743, 0.0, 0.0]","[1.0, 1.0, 0.0, 0.7510669827461243, 1.0, 0.4801355004310608, 0.38132256269454956, 0.7120020389556885]",-43.20470947292217
9.850000000000005,201.874755859375,-145.36956787109375,12.300250053405762,-0.04150390625,0.609375,"[0.6303025484085083, 1.0, 0.18993274867534637, 0.9732503294944763]","[0.0, 0.0, -0.0056919436901807785, 2.566666626080405e-05, -0.028373777866363525, 1.0, 0.016333334147930145, -0.0056919436901807785, 0.0, 0.0, 0.9981881976127625, -0.016307666897773743, 0.0, 0.0]","[1.0, 1.0, 0.0, 0.7510669827461243, 1.0, 0.4801355004310608, 0.38132256269454956, 0.7120020389556885]",-43.62089452052914
9.900000000000006,202.09445190429688,-144.7926483154297,12.384180068969727,-0.04644775390625,0.6484375,"[0.6247946619987488, 1.0, 0.21532219648361206, 0.9650858044624329]","[0.0, 0.0, -0.0056919436901807785, 2.566666626080405e-05, -0.028373777866363525, 1.0, 0.016333334147930145, -0.0056919436901807785, 0.0, 0.0, 0.9981881976127625, -0.016307666897773743, 0.0, 0.0]","[1.0, 1.0, 0.0, 0.7510669827461243, 1.0, 0.4801355004310608, 0.38132256269454956, 0.7120020389556885]",-43.59923463050673
9.950000000000006,202.322265625,-144.21449279785156,12.465080261230469,-0.054290771484375,0.703125,"[0.61948561668396, 1.0, 0.22720393538475037, 0.9710783362388611]","[0.0, 0.0, -0.0056919436901807785, 2.566666626080405e-05, -0.028373777866363525, 1.0, 0.016333334147930145, -0.0056919436901807785, 0.0, 0.0, 0.9981881976127625, -0.016307666897773743, 0.0, 0.0]","[1.0, 1.0, 0.0, 0.7510669827461243, 1.0, 0.4801355004310608, 0.38132256269454956, 0.7120020389556885]",-43.59403659822378
10.000000000000007,202.55923461914062,-143.63485717773438,12.569540023803711,-0.062835693359375,0.73046875,"[0.6126304864883423, 1.0, 0.27042633295059204, 0.9466599822044373]","[0.0, 0.0, -0.0056919436901807785, 2.566666626080405e-05, -0.028373777866363525, 1.0, 0.016333334147930145, -0.0056919436901807785, 0.0, 0.0, 0.9981881976127625, -0.016307666897773743, 0.0, 0.0]","[1.0, 1.0, 0.0, 0.7510669827461243, 1.0, 0.4801355004310608, 0.38132256269454956, 0.7120020389556885]",-43.62528845840179
10.050000000000008,202.80624389648438,-143.0537109375,12.67492961883545,-0.071044921875,0.73828125,"[0.6057143807411194, 1.0, 0.28534063696861267, 0.9654665589332581]","[0.0, 0.0, -0.0056919436901807785, 2.566666626080405e-05, -0.028373777866363525, 1.0, 0.016333334147930145, -0.0056919436901807785, 0.0, 0.0, 0.9981881976127625, -0.016307666897773743, 0.0, 0.0]","[1.0, 1.0, 0.0, 0.7510669827461243, 1.0, 0.4801355004310608, 0.38132256269454956, 0.7120020389556885]",-44.17679296420415
10.100000000000009,203.0644073486328,-142.4711151123047,12.79580020904541,-0.079132080078125,0.73828125,"[0.5977823138237, 1.0, 0.31824174523353577, 0.9497696757316589]","[0.0, 0.0, -0.0056919436901807785, 2.566666626080405e-05, -0.028373777866363525, 1.0, 0.016333334147930145, -0.0056919436901807785, 0.0, 0.0, 0.9981881976127625, -0.016307666897773743, 0.0, 0.0]","[1.0, 1.0, 0.0, 0.7510669827461243, 1.0, 0.4801355004310608, 0.38132256269454956, 0.7120020389556885]",-44.04316258161659
10.15000000000001,203.3348388671875,-141.88763427734375,12.913009643554688,-0.089813232421875,0.73828125,"[0.5900905132293701, 1.0, 0.33770856261253357, 0.9505262970924377]","[0.0, 0.0, -0.0056919436901807785, 2.566666626080405e-05, -0.028373777866363525, 1.0, 0.016333334147930145, -0.0056919436901807785, 0.0, 0.0, 0.9981881976127625, -0.016307666897773743, 0.0, 0.0]","[1.0, 1.0, 0.0, 0.7510669827461243, 1.0, 0.4801355004310608, 0.38132256269454956, 0.7120020389556885]",-43.972921537602744
10.20000000000001,203.6183624267578,-141.3036346435547,13.037480354309082,-0.09368896484375,0.73828125,"[0.581922173500061, 1.0, 0.3535125255584717, 0.9645935893058777]","[0.0, 0.0, -0.0056919436901807785, 2.566666626080405e-05, -0.028373777866363525, 1.0, 0.016333334147930145, -0.0056919436901807785, 0.0, 0.0, 0.9981881976127625, -0.016307666897773743, 0.0, 0.0]","[1.0, 1.0, 0.0, 0.7510669827461243, 1.0, 0.4801355004310608, 0.38132256269454956, 0.7120020389556885]",-43.935517767981224
10.25000000000001,203.9156951904297,-140.7197265625,13.159319877624512,-0.09991455078125,0.73828125,"[0.573926568031311, 1.0, 0.3687855005264282, 0.9567617774009705]","[0.0, 0.0, -0.0056919436901807785, 2.566666626080405e-05, -0.028373777866363525, 1.0, 0.016333334147930145, -0.0056919436901807785, 0.0, 0.0, 0.9981881976127625, -0.016307666897773743, 0.0, 0.0]","[1.0, 1.0, 0.0, 0.7510669827461243, 1.0, 0.4801355004310608, 0.38132256269454956, 0.7120020389556885]",-44.362114200636505
10.300000000000011,204.22781372070312,-140.1366424560547,13.282320022583008,-0.10516357421875,0.73828125,"[0.5658546686172485, 1.0, 0.38644614815711975, 0.9589511752128601]","[0.0, 0.0, -0.0056919436901807785, 2.566666626080405e-05, -0.028373777866363525, 1.0, 0.016333334147930145, -0.0056919436901807785, 0.0, 0.0, 0.9981881976127625, -0.016307666897773743, 0.0, 0.0]","[1.0, 1.0, 0.0, 0.7510669827461243, 1.0, 0.4801355004310608, 0.38132256269454956, 0.7120020389556885]",-44.323623520897065
10.350000000000012,204.55503845214844,-139.55490112304688,13.405579566955566,-0.109527587890625,0.71875,"[0.5577658414840698, 1.0, 0.3914136290550232, 0.9718194007873535]","[0.0, 0.0, -0.0056919436901807785, 2.566666626080405e-05, -0.028373777866363525, 1.0, 0.016333334147930145, -0.0056919436901807785, 0.0, 0.0, 0.9981881976127625, -0.016307666897773743, 0.0, 0.0]","[1.0, 1.0, 0.0, 0.7510669827461243, 1.0, 0.4801355004310608, 0.38132256269454956, 0.7120020389556885]",-44.332337152457384
10.400000000000013,204.8982696533203,-138.97547912597656,13.524330139160156,-0.112518310546875,0.7109375,"[0.5499728918075562, 1.0, 0.41249537467956543, 0.9489878416061401]","[0.0, 0.0, -0.0056919436901807785, 2.566666626080405e-05, -0.028373777866363525, 1.0, 0.016333334147930145, -0.0056919436901807785, 0.0, 0.0, 0.9981881976127625, -0.016307666897773743, 0.0, 0.0]","[1.0, 1.0, 0.0, 0.7510669827461243, 1.0, 0.4801355004310608, 0.38132256269454956, 0.7120020389556885]",-44.39491769094321
10.450000000000014,205.25787353515625,-138.39927673339844,13.63910961151123,-0.113250732421875,0.70703125,"[0.5424405336380005, 1.0, 0.4153670072555542, 0.9674212336540222]","[0.0, 0.0, -0.0056919436901807785, 2.566666626080405e-05, -0.028373777866363525, 1.0, 0.016333334147930145, -0.0056919436901807785, 0.0, 0.0, 0.9981881976127625, -0.016307666897773743, 0.0, 0.0]","[1.0, 1.0, 0.0, 0.7510669827461243, 1.0, 0.4801355004310608, 0.38132256269454956, 0.7120020389556885]",-44.792448327663486
10.500000000000014,205.63400268554688,-137.8270263671875,13.749839782714844,-0.11248779296875,0.69140625,"[0.5351740121841431, 1.0, 0.41758373379707336, 0.9692065715789795]","[0.0, 0.0, -0.0056919436901807785, 2.566666626080405e-05, -0.028373777866363525, 1.0, 0.016333334147930145, -0.0056919436901807785, 0.0, 0.0, 0.9981881976127625, -0.016307666897773743, 0.0, 0.0]","[1.0, 1.0, 0.0, 0.7510669827461243, 1.0, 0.4801355004310608, 0.38132256269454956, 0.7120020389556885]",-44.66627197857618
10.550000000000015,206.02664184570312,-137.25942993164062,13.856430053710938,-0.11016845703125,0.6875,"[0.5281790494918823, 1.0, 0.4171340763568878, 0.9719163775444031]","[0.0, 0.0, -0.0056919436901807785, 2.566666626080405e-05, -0.028373777866363525, 1.0, 0.016333334147930145, -0.0056919436901807785, 0.0, 0.0, 0.9981881976127625, -0.016307666897773743, 0.0, 0.0]","[1.0, 1.0, 0.0, 0.7510669827461243, 1.0, 0.4801355004310608, 0.38132256269454956, 0.7120020389556885]",-44.53836114507655
10.600000000000016,206.4353790283203,-136.69679260253906,13.961810111999512,-0.10235595703125,0.6875,"[0.5212635397911072, 1.0, 0.40683692693710327, 0.9724231362342834]","[0.0, 0.0, -0.0056919436901807785, 2.566666626080405e-05, -0.028373777866363525, 1.0, 0.016333334147930145, -0.0056919436901807785, 0.0, 0.0, 0.9981881976127625, -0.016307666897773743, 0.0, 0.0]","[1.0, 1.0, 0.0, 0.7510669827461243, 1.0, 0.4801355004310608, 0.38132256269454956, 0.7120020389556885]",-44.430633011664234
10.650000000000016,206.85986328125,-136.13934326171875,14.066160202026367,-0.095001220703125,0.6875,"[0.5144156217575073, 1.0, 0.39936262369155884, 0.973690927028656]","[0.0, 0.0, -0.0056919436901807785, 2.566666626080405e-05, -0.028373777866363525, 1.0, 0.016333334147930145, -0.0056919436901807785, 0.0, 0.0, 0.9981881976127625, -0.016307666897773743, 0.0, 0.0]","[1.0, 1.0, 0.0, 0.7510669827461243, 1.0, 0.4801355004310608, 0.38132256269454956, 0.7120020389556885]",-44.847543048533026
10.700000000000017,207.29995727539062,-135.58749389648438,14.168600082397461,-0.09185791015625,0.6875,"[0.5076930522918701, 1.0, 0.3996465802192688, 0.9743288159370422]","[0.0, 0.0, -0.0056919436901807785, 2.566666626080405e-05, -0.028373777866363525, 1.0, 0.016333334147930145, -0.0056919436901807785, 0.0, 0.0, 0.9981881976127625, -0.016307666897773743, 0.0, 0.0]","[1.0, 1.0, 0.0, 0.7510669827461243, 1.0, 0.4801355004310608, 0.38132256269454956, 0.7120020389556885]",-44.75479446221284
10.750000000000018,207.75564575195312,-135.04183959960938,14.268919944763184,-0.092132568359375,0.6875,"[0.5011096000671387, 1.0, 0.40381404757499695, 0.9730434417724609]","[0.0, 0.0, -0.0056919436901807785, 2.566666626080405e-05, -0.028373777866363525, 1.0, 0.016333334147930145, -0.0056919436901807785, 0.0, 0.0, 0.9981881976127625, -0.016307666897773743, 0.0, 0.0]","[1.0, 1.0, 0.0, 0.7510669827461243, 1.0, 0.4801355004310608, 0.38132256269454956, 0.7120020389556885]",-44.64866301919704
10.800000000000018,208.22683715820312,-134.50289916992188,14.368029594421387,-0.09228515625,0.6875,"[0.4946056008338928, 1.0, 0.4050263464450836, 0.9769132137298584]","[0.0, 0.0, -0.0056919436901807785, 2.566666626080405e-05, -0.028373777866363525, 1.0, 0.016333334147930145, -0.0056919436901807785, 0.0, 0.0, 0.9981881976127625, -0.016307666897773743, 0.0, 0.0]","[1.0, 1.0, 0.0, 0.7510669827461243, 1.0, 0.4801355004310608, 0.38132256269454956, 0.7120020389556885]",-44.5389927527596
10.85000000000002,208.71324157714844,-133.97097778320312,14.465290069580078,-0.090911865234375,0.66796875,"[0.4882228970527649, 1.0, 0.4012826383113861, 0.9774760603904724]","[0.0, 0.0, -0.0056919436901807785, 2.566666626080405e-05, -0.028373777866363525, 1.0, 0.016333334147930145, -0.0056919436901807785, 0.0, 0.0, 0.9981881976127625, -0.016307666897773743, 0.0, 0.0]","[1.0, 1.0, 0.0, 0.7510669827461243, 1.0, 0.4801355004310608, 0.38132256269454956, 0.7120020389556885]",-45.031630804581866
10.90000000000002,209.2141571044922,-133.44610595703125,14.557120323181152,-0.083648681640625,0.61328125,"[0.4821966290473938, 1.0, 0.38102373480796814, 0.9656213521957397]","[0.0, 0.0, -0.0056919436901807785, 2.566666626080405e-05, -0.028373777866363525, 1.0, 0.016333334147930145, -0.0056919436901807785, 0.0, 0.0, 0.9981881976127625, -0.016307666897773743, 0.0, 0.0]","[1.0, 1.0, 0.0, 0.7510669827461243, 1.0, 0.4801355004310608, 0.38132256269454956, 0.7120020389556885]",-44.990154871633266
10.95000000000002,209.7283477783203,-132.92822265625,14.636320114135742,-0.073516845703125,0.55078125,"[0.4769991636276245, 1.0, 0.3500610888004303, 0.9560269117355347]","[0.0, 0.0, -0.0056919436901807785, 2.566666626080405e-05, -0.028373777866363525, 1.0, 0.016333334147930145, -0.0056919436901807785, 0.0, 0.0, 0.9981881976127625, -0.016307666897773743, 0.0, 0.0]","[1.0, 1.0, 0.0, 0.7510669827461243, 1.0, 0.4801355004310608, 0.38132256269454956, 0.7120020389556885]",-44.72278863522785
11.000000000000021,210.25466918945312,-132.41769409179688,14.6983003616333,-0.06622314453125,0.515625,"[0.47293174266815186, 1.0, 0.322905033826828, 0.9590470194816589]","[0.0, 0.0, -0.0056919436901807785, 2.566666626080405e-05, -0.028373777866363525, 1.0, 0.016333334147930145, -0.0056919436901807785, 0.0, 0.0, 0.9981881976127625, -0.016307666897773743, 0.0, 0.0]","[1.0, 1.0, 0.0, 0.7510669827461243, 1.0, 0.4801355004310608, 0.38132256269454956, 0.7120020389556885]",-44.29058944749967
11.050000000000022,210.79226684570312,-131.915283203125,14.74446964263916,-0.062103271484375,0.51171875,"[0.4699019193649292, 1.0, 0.31238946318626404, 0.9677309393882751]","[0.0, 0.0, -0.0056919436901807785, 2.566666626080405e-05, -0.028373777866363525, 1.0, 0.016333334147930145, -0.0056919436901807785, 0.0, 0.0, 0.9981881976127625, -0.016307666897773743, 0.0, 0.0]","[1.0, 1.0, 0.0, 0.7510669827461243, 1.0, 0.4801355004310608, 0.38132256269454956, 0.7120020389556885]",-44.097939752850394
11.100000000000023,211.3402557373047,-131.42123413085938,14.7814302444458,-0.062408447265625,0.51171875,"[0.46747642755508423, 1.0, 0.29239118099212646, 0.9726910591125488]","[0.0, 0.0, -0.0056919436901807785, 2.566666626080405e-05, -0.028373777866363525, 1.0, 0.016333334147930145, -0.0056919436901807785, 0.0, 0.0, 0.9981881976127625, -0.016307666897773743, 0.0, 0.0]","[1.0, 1.0, 0.0, 0.7510669827461243, 1.0, 0.4801355004310608, 0.38132256269454956, 0.7120020389556885]",-43.72354974404401
11.150000000000023,211.89825439453125,-130.93609619140625,14.809980392456055,-0.066864013671875,0.51171875,"[0.4656027555465698, 1.0, 0.29452744126319885, 0.9777233600616455]","[0.0, 0.0, -0.0056919436901807785, 2.566666626080405e-05, -0.028373777866363525, 1.0, 0.016333334147930145, -0.0056919436901807785, 0.0, 0.0, 0.9981881976127625, -0.016307666897773743, 0.0, 0.0]","[1.0, 1.0, 0.0, 0.7510669827461243, 1.0, 0.4801355004310608, 0.38132256269454956, 0.7120020389556885]",-43.35582766490569
11.200000000000024,212.46627807617188,-130.46078491210938,14.833939552307129,-0.075592041015625,0.5390625,"[0.46403050422668457, 1.0, 0.3062518537044525, 0.9737616181373596]","[0.0, 0.0, -0.0056919436901807785, 2.566666626080405e-05, -0.028373777866363525, 1.0, 0.016333334147930145, -0.0056919436901807785, 0.0, 0.0, 0.9981881976127625, -0.016307666897773743, 0.0, 0.0]","[1.0, 1.0, 0.0, 0.7510669827461243, 1.0, 0.4801355004310608, 0.38132256269454956, 0.7120020389556885]",-42.987990669553085
11.250000000000025,213.04466247558594,-129.99636840820312,14.855389595031738,-0.088134765625,0.5390625,"[0.46262288093566895, 1.0, 0.3267880976200104, 0.9658416509628296]","[0.0, 0.0, -0.0056919436901807785, 2.566666626080405e-05, -0.028373777866363525, 1.0, 0.016333334147930145, -0.0056919436901807785, 0.0, 0.0, 0.9981881976127625, -0.016307666897773743, 0.0, 0.0]","[1.0, 1.0, 0.0, 0.7510669827461243, 1.0, 0.4801355004310608, 0.38132256269454956, 0.7120020389556885]",-42.884905960703904
11.300000000000026,213.63333129882812,-129.54324340820312,14.878009796142578,-0.09088134765625,0.54296875,"[0.46113836765289307, 1.0, 0.32735562324523926, 0.9880643486976624]","[0.0, 0.0, -0.0056919436901807785, 2.566666626080405e-05, -0.028373777866363525, 1.0, 0.016333334147930145, -0.0056919436901807785, 0.0, 0.0, 0.9981881976127625, -0.016307666897773743, 0.0, 0.0]","[1.0, 1.0, 0.0, 0.7510669827461243, 1.0, 0.4801355004310608, 0.38132256269454956, 0.7120020389556885]",-42.472294561600776
11.350000000000026,214.23208618164062,-129.10162353515625,14.902000427246094,-0.092742919921875,0.55078125,"[0.4595639705657959, 1.0, 0.3287028670310974, 0.9894399046897888]","[0.0, 0.0, -0.0056919436901807785, 2.566666626080405e-05, -0.028373777866363525, 1.0, 0.016333334147930145, -0.0056919436901807785, 0.0, 0.0, 0.9981881976127625, -0.016307666897773743, 0.0, 0.0]","[1.0, 1.0, 0.0, 0.7510669827461243, 1.0, 0.4801355004310608, 0.38132256269454956, 0.7120020389556885]",-42.043016390209814
11.400000000000027,214.84100341796875,-128.6719970703125,14.926509857177734,-0.093414306640625,0.5546875,"[0.457955539226532, 1.0, 0.3391665816307068, 0.9823535680770874]","[0.0, 0.0, -0.0056919436901807785, 2.566666626080405e-05, -0.028373777866363525, 1.0, 0.016333334147930145, -0.0056919436901807785, 0.0, 0.0, 0.9981881976127625, -0.016307666897773743, 0.0, 0.0]","[1.0, 1.0, 0.0, 0.7510669827461243, 1.0, 0.4801355004310608, 0.38132256269454956, 0.7120020389556885]",-41.60951424094453
11.450000000000028,215.46023559570312,-128.25502014160156,14.952879905700684,-0.0950927734375,0.5625,"[0.4562251567840576, 1.0, 0.3486509621143341, 0.984443724155426]","[0.0, 0.0, -0.0056919436901807785, 2.566666626080405e-05, -0.028373777866363525, 1.0, 0.016333334147930145, -0.0056919436901807785, 0.0, 0.0, 0.9981881976127625, -0.016307666897773743, 0.0, 0.0]","[1.0, 1.0, 0.0, 0.7510669827461243, 1.0, 0.4801355004310608, 0.38132256269454956, 0.7120020389556885]",-41.42256601042887
11.500000000000028,216.08973693847656,-127.85122680664062,14.98130989074707,-0.09698486328125,0.5703125,"[0.45435941219329834, 1.0, 0.3591916561126709, 0.983326256275177]","[0.0, 0.0, -0.0056919436901807785, 2.566666626080405e-05, -0.028373777866363525, 1.0, 0.016333334147930145, -0.0056919436901807785, 0.0, 0.0, 0.9981881976127625, -0.016307666897773743, 0.0, 0.0]","[1.0, 1.0, 0.0, 0.7510669827461243, 1.0, 0.4801355004310608, 0.38132256269454956, 0.7120020389556885]",-40.98684585356129
11.55000000000003,216.72955322265625,-127.46100616455078,15.013059616088867,-0.09619140625,0.578125,"[0.45227575302124023, 1.0, 0.36442768573760986, 0.9889649152755737]","[0.0, 0.0, -0.0056919436901807785, 2.566666626080405e-05, -0.028373777866363525, 1.0, 0.016333334147930145, -0.0056919436901807785, 0.0, 0.0, 0.9981881976127625, -0.016307666897773743, 0.0, 0.0]","[1.0, 1.0, 0.0, 0.7510669827461243, 1.0, 0.4801355004310608, 0.38132256269454956, 0.7120020389556885]",-40.55434968870313
11.60000000000003,217.37942504882812,-127.08428192138672,15.04893970489502,-0.091217041015625,0.578125,"[0.44992125034332275, 1.0, 0.3615270256996155, 0.985900342464447]","[0.0, 0.0, -0.0056919436901807785, 2.566666626080405e-05, -0.028373777866363525, 1.0, 0.016333334147930145, -0.0056919436901807785, 0.0, 0.0, 0.9981881976127625, -0.016307666897773743, 0.0, 0.0]","[1.0, 1.0, 0.0, 0.7510669827461243, 1.0, 0.4801355004310608, 0.38132256269454956, 0.7120020389556885]",-40.137151072323405
11.65000000000003,218.0389862060547,-126.72064971923828,15.08922004699707,-0.082183837890625,0.58203125,"[0.4472777843475342, 1.0, 0.3504166901111603, 0.9750547409057617]","[0.0, 0.0, -0.0056919436901807785, 2.566666626080405e-05, -0.028373777866363525, 1.0, 0.016333334147930145, -0.0056919436901807785, 0.0, 0.0, 0.9981881976127625, -0.016307666897773743, 0.0, 0.0]","[1.0, 1.0, 0.0, 0.7510669827461243, 1.0, 0.4801355004310608, 0.38132256269454956, 0.7120020389556885]",-40.02570356560328
11.700000000000031,218.7078094482422,-126.3697509765625,15.132340431213379,-0.074920654296875,0.58203125,"[0.4444481134414673, 1.0, 0.34285977482795715, 0.97914057970047]","[0.0, 0.0, -0.0056919436901807785, 2.566666626080405e-05, -0.028373777866363525, 1.0, 0.016333334147930145, -0.0056919436901807785, 0.0, 0.0, 0.9981881976127625, -0.016307666897773743, 0.0, 0.0]","[1.0, 1.0, 0.0, 0.7510669827461243, 1.0, 0.4801355004310608, 0.38132256269454956, 0.7120020389556885]",-39.624289887376186
11.750000000000032,219.3856658935547,-126.0316162109375,15.176250457763672,-0.072509765625,0.58203125,"[0.441566526889801, 1.0, 0.34274327754974365, 0.9859704375267029]","[0.0, 0.0, -0.0056919436901807785, 2.566666626080405e-05, -0.028373777866363525, 1.0, 0.016333334147930145, -0.0056919436901807785, 0.0, 0.0, 0.9981881976127625, -0.016307666897773743, 0.0, 0.0]","[1.0, 1.0, 0.0, 0.7510669827461243, 1.0, 0.4801355004310608, 0.38132256269454956, 0.7120020389556885]",-39.23031060342668
11.800000000000033,220.07229614257812,-125.7065658569336,15.219659805297852,-0.07464599609375,0.58203125,"[0.43871772289276123, 1.0, 0.34798285365104675, 0.9836863279342651]","[0.0, 0.0, -0.0056919436901807785, 2.566666626080405e-05, -0.028373777866363525, 1.0, 0.016333334147930145, -0.0056919436901807785, 0.0, 0.0, 0.9981881976127625, -0.016307666897773743, 0.0, 0.0]","[1.0, 1.0, 0.0, 0.7510669827461243, 1.0, 0.4801355004310608, 0.38132256269454956, 0.7120020389556885]",-38.83295247436019
11.850000000000033,220.767578125,-125.39517974853516,15.261719703674316,-0.08026123046875,0.58203125,"[0.435957670211792, 1.0, 0.35693755745887756, 0.9793162941932678]","[0.0, 0.0, -0.0056919436901807785, 2.566666626080405e-05, -0.028373777866363525, 1.0, 0.016333334147930145, -0.0056919436901807785, 0.0, 0.0, 0.9981881976127625, -0.016307666897773743, 0.0, 0.0]","[1.0, 1.0, 0.0, 0.7510669827461243, 1.0, 0.4801355004310608, 0.38132256269454956, 0.7120020389556885]",-38.76953578526351
11.900000000000034,221.47128295898438,-125.09810638427734,15.302379608154297,-0.086578369140625,0.58203125,"[0.4332893490791321, 1.0, 0.36547601222991943, 0.9781315922737122]","[0.0, 0.0, -0.0056919436901807785, 2.566666626080405e-05, -0.028373777866363525, 1.0, 0.016333334147930145, -0.0056919436901807785, 0.0, 0.0, 0.9981881976127625, -0.016307666897773743, 0.0, 0.0]","[1.0, 1.0, 0.0, 0.7510669827461243, 1.0, 0.4801355004310608, 0.38132256269454956, 0.7120020389556885]",-38.39451290839652
11.950000000000035,222.18313598632812,-124.81565856933594,15.342820167541504,-0.08966064453125,0.58203125,"[0.4306355118751526, 1.0, 0.36813756823539734, 0.9841204881668091]","[0.0, 0.0, -0.0056919436901807785, 2.566666626080405e-05, -0.028373777866363525, 1.0, 0.016333334147930145, -0.0056919436901807785, 0.0, 0.0, 0.9981881976127625, -0.016307666897773743, 0.0, 0.0]","[1.0, 1.0, 0.0, 0.7510669827461243, 1.0, 0.4801355004310608, 0.38132256269454956, 0.7120020389556885]",-38.02663060616691
12.000000000000036,222.90284729003906,-124.5479736328125,15.38401985168457,-0.088897705078125,0.58203125,"[0.4279317259788513, 1.0, 0.36594459414482117, 0.9865530133247375]","[0.0, 0.0, -0.0056919436901807785, 2.566666626080405e-05, -0.028373777866363525, 1.0, 0.016333334147930145, -0.0056919436901807785, 0.0, 0.0, 0.9981881976127625, -0.016307666897773743, 0.0, 0.0]","[1.0, 1.0, 0.0, 0.7510669827461243, 1.0, 0.4801355004310608, 0.38132256269454956, 0.7120020389556885]",-37.67299101849888
12.050000000000036,223.6300506591797,-124.29527282714844,15.423049926757812,-0.08856201171875,0.5546875,"[0.42537039518356323, 1.0, 0.36564043164253235, 0.9845091104507446]","[0.0, 0.0, -0.0056919436901807785, 2.566666626080405e-05, -0.028373777866363525, 1.0, 0.016333334147930145, -0.0056919436901807785, 0.0, 0.0, 0.9981881976127625, -0.016307666897773743, 0.0, 0.0]","[1.0, 1.0, 0.0, 0.7510669827461243, 1.0, 0.4801355004310608, 0.38132256269454956, 0.7120020389556885]",-37.74711150050898
12.100000000000037,224.36427307128906,-124.05807495117188,15.453120231628418,-0.089691162109375,0.4999847412109375,"[0.42339712381362915, 1.0, 0.363629013299942, 0.9765064716339111]","[0.0, 0.0, -0.0056919436901807785, 2.566666626080405e-05, -0.028373777866363525, 1.0, 0.016333334147930145, -0.0056919436901807785, 0.0, 0.0, 0.9981881976127625, -0.016307666897773743, 0.0, 0.0]","[1.0, 1.0, 0.0, 0.7510669827461243, 1.0, 0.4801355004310608, 0.38132256269454956, 0.7120020389556885]",-37.44165663921588
12.150000000000038,225.1045684814453,-123.83707427978516,15.467720031738281,-0.0914306640625,0.444427490234375,"[0.42243897914886475, 1.0, 0.35674241185188293, 0.9706820249557495]","[0.0, 0.0, -0.0056919436901807785, 2.566666626080405e-05, -0.028373777866363525, 1.0, 0.016333334147930145, -0.0056919436901807785, 0.0, 0.0, 0.9981881976127625, -0.016307666897773743, 0.0, 0.0]","[1.0, 1.0, 0.0, 0.7510669827461243, 1.0, 0.4801355004310608, 0.38132256269454956, 0.7120020389556885]",-37.164128444317335
12.200000000000038,225.849853515625,-123.63285064697266,15.466119766235352,-0.092193603515625,0.424591064453125,"[0.4225439429283142, 1.0, 0.3464478850364685, 0.9723057746887207]","[0.0, 0.0, -0.0056919436901807785, 2.566666626080405e-05, -0.028373777866363525, 1.0, 0.016333334147930145, -0.0056919436901807785, 0.0, 0.0, 0.9981881976127625, -0.016307666897773743, 0.0, 0.0]","[1.0, 1.0, 0.0, 0.7510669827461243, 1.0, 0.4801355004310608, 0.38132256269454956, 0.7120020389556885]",-36.93819855084953
12.250000000000039,226.59913635253906,-123.44584655761719,15.452460289001465,-0.092315673828125,0.424591064453125,"[0.4234403967857361, 1.0, 0.35005274415016174, 0.9758766293525696]","[0.0, 0.0, -0.0056919436901807785, 2.566666626080405e-05, -0.028373777866363525, 1.0, 0.016333334147930145, -0.0056919436901807785, 0.0, 0.0, 0.9981881976127625, -0.016307666897773743, 0.0, 0.0]","[1.0, 1.0, 0.0, 0.7510669827461243, 1.0, 0.4801355004310608, 0.38132256269454956, 0.7120020389556885]",-37.22195405030978
12.30000000000004,227.35159301757812,-123.2762451171875,15.432950019836426,-0.091217041015625,0.444427490234375,"[0.42472076416015625, 1.0, 0.35699474811553955, 0.9828937649726868]","[0.0, 0.0, -0.0056919436901807785, 2.566666626080405e-05, -0.028373777866363525, 1.0, 0.016333334147930145, -0.0056919436901807785, 0.0, 0.0, 0.9981881976127625, -0.016307666897773743, 0.0, 0.0]","[1.0, 1.0, 0.0, 0.7510669827461243, 1.0, 0.4801355004310608, 0.38132256269454956, 0.7120020389556885]",-36.99540136760877
12.35000000000004,228.10671997070312,-123.12335968017578,15.417309761047363,-0.08099365234375,0.4801483154296875,"[0.4257471561431885, 1.0, 0.3324597477912903, 0.9712121486663818]","[0.0, 0.0, -0.0056919436901807785, 2.566666626080405e-05, -0.028373777866363525, 1.0, 0.016333334147930145, -0.0056919436901807785, 0.0, 0.0, 0.9981881976127625, -0.016307666897773743, 0.0, 0.0]","[1.0, 1.0, 0.0, 0.7510669827461243, 1.0, 0.4801355004310608, 0.38132256269454956, 0.7120020389556885]",-36.82519474867727
12.400000000000041,228.86441040039062,-122.98616790771484,15.409709930419922,-0.07025146484375,0.5078125,"[0.4262458086013794, 1.0, 0.3056747317314148, 0.9711660146713257]","[0.0, 0.0, -0.0056919436901807785, 2.566666626080405e-05, -0.028373777866363525, 1.0, 0.016333334147930145, -0.0056919436901807785, 0.0, 0.0, 0.9981881976127625, -0.016307666897773743, 0.0, 0.0]","[1.0, 1.0, 0.0, 0.7510669827461243, 1.0, 0.4801355004310608, 0.38132256269454956, 0.7120020389556885]",-36.6460511432049
12.450000000000042,229.62461853027344,-122.86321258544922,15.4137601852417,-0.0550537109375,0.5390625,"[0.4259800910949707, 1.0, 0.27786633372306824, 0.9547669291496277]","[0.0, 0.0, -0.0056919436901807785, 2.566666626080405e-05, -0.028373777866363525, 1.0, 0.016333334147930145, -0.0056919436901807785, 0.0, 0.0, 0.9981881976127625, -0.016307666897773743, 0.0, 0.0]","[1.0, 1.0, 0.0, 0.7510669827461243, 1.0, 0.4801355004310608, 0.38132256269454956, 0.7120020389556885]",-36.44664368871905
12.500000000000043,230.38743591308594,-122.75279235839844,15.428779602050781,-0.040679931640625,0.546875,"[0.42499440908432007, 1.0, 0.2569054663181305, 0.9527928829193115]","[0.0, 0.0, -0.0056919436901807785, 2.566666626080405e-05, -0.028373777866363525, 1.0, 0.016333334147930145, -0.0056919436901807785, 0.0, 0.0, 0.9981881976127625, -0.016307666897773743, 0.0, 0.0]","[1.0, 1.0, 0.0, 0.7510669827461243, 1.0, 0.4801355004310608, 0.38132256269454956, 0.7120020389556885]",-35.97333945612297
12.550000000000043,231.15292358398438,-122.65357208251953,15.451140403747559,-0.0313720703125,0.546875,"[0.4235270619392395, 1.0, 0.24003779888153076, 0.963445782661438]","[0.0, 0.0, -0.0056919436901807785, 2.566666626080405e-05, -0.028373777866363525, 1.0, 0.016333334147930145, -0.0056919436901807785, 0.0, 0.0, 0.9981881976127625, -0.016307666897773743, 0.0, 0.0]","[1.0, 1.0, 0.0, 0.7510669827461243, 1.0, 0.4801355004310608, 0.38132256269454956, 0.7120020389556885]",-35.53383791811321
12.600000000000044,231.92103576660156,-122.5644760131836,15.478830337524414,-0.0263671875,0.5546875,"[0.4217098355293274, 1.0, 0.22057317197322845, 0.9704921841621399]","[0.0, 0.0, -0.0056919436901807785, 2.566666626080405e-05, -0.028373777866363525, 1.0, 0.016333334147930145, -0.0056919436901807785, 0.0, 0.0, 0.9981881976127625, -0.016307666897773743, 0.0, 0.0]","[1.0, 1.0, 0.0, 0.7510669827461243, 1.0, 0.4801355004310608, 0.38132256269454956, 0.7120020389556885]",-35.0855914874358
12.650000000000045,232.69171142578125,-122.48442077636719,15.511170387268066,-0.023284912109375,0.55859375,"[0.4195876121520996, 1.0, 0.201922208070755, 0.9716777801513672]","[0.0, 0.0, -0.0056919436901807785, 2.566666626080405e-05, -0.028373777866363525, 1.0, 0.016333334147930145, -0.0056919436901807785, 0.0, 0.0, 0.9981881976127625, -0.016307666897773743, 0.0, 0.0]","[1.0, 1.0, 0.0, 0.7510669827461243, 1.0, 0.4801355004310608, 0.38132256269454956, 0.7120020389556885]",-34.92392834060619
12.700000000000045,233.4649200439453,-122.41188049316406,15.548190116882324,-0.0169677734375,0.56640625,"[0.41715818643569946, 1.0, 0.17208702862262726, 0.9593468904495239]","[0.0, 0.0, -0.0056919436901807785, 2.566666626080405e-05, -0.028373777866363525, 1.0, 0.016333334147930145, -0.0056919436901807785, 0.0, 0.0, 0.9981881976127625, -0.016307666897773743, 0.0, 0.0]","[1.0, 1.0, 0.0, 0.7510669827461243, 1.0, 0.4801355004310608, 0.38132256269454956, 0.7120020389556885]",-34.46155046102302
12.750000000000046,234.24069213867188,-122.34505462646484,15.589730262756348,-0.0084228515625,0.57421875,"[0.414432168006897, 1.0, 0.13709713518619537, 0.9532383680343628]","[0.0, 0.0, -0.0056919436901807785, 2.566666626080405e-05, -0.028373777866363525, 1.0, 0.016333334147930145, -0.0056919436901807785, 0.0, 0.0, 0.9981881976127625, -0.016307666897773743, 0.0, 0.0]","[1.0, 1.0, 0.0, 0.7510669827461243, 1.0, 0.4801355004310608, 0.38132256269454956, 0.7120020389556885]",-34.00450937948929
12.800000000000047,235.01905822753906,-122.28224182128906,15.634989738464355,-0.000640869140625,0.578125,"[0.41146206855773926, 1.0, 0.10541097819805145, 0.9568445682525635]","[0.0, 0.0, -0.0056919436901807785, 2.566666626080405e-05, -0.028373777866363525, 1.0, 0.016333334147930145, -0.0056919436901807785, 0.0, 0.0, 0.9981881976127625, -0.016307666897773743, 0.0, 0.0]","[1.0, 1.0, 0.0, 0.7510669827461243, 1.0, 0.4801355004310608, 0.38132256269454956, 0.7120020389556885]",-33.563004838887544
12.850000000000048,235.80001831054688,-122.2225341796875,15.682760238647461,0.001220703125,0.578125,"[0.40832704305648804, 1.0, 0.09165801852941513, 0.9763727188110352]","[0.0, 0.0, -0.0056919436901807785, 2.566666626080405e-05, -0.028373777866363525, 1.0, 0.016333334147930145, -0.0056919436901807785, 0.0, 0.0, 0.9981881976127625, -0.016307666897773743, 0.0, 0.0]","[1.0, 1.0, 0.0, 0.7510669827461243, 1.0, 0.4801355004310608, 0.38132256269454956, 0.7120020389556885]",-33.50356865110294
12.900000000000048,236.5836639404297,-122.16619873046875,15.73173999786377,-0.0074462890625,0.578125,"[0.4051128625869751, 1.0, 0.10800527781248093, 0.9766687154769897]","[0.0, 0.0, -0.0056919436901807785, 2.566666626080405e-05, -0.028373777866363525, 1.0, 0.016333334147930145, -0.0056919436901807785, 0.0, 0.0, 0.9981881976127625, -0.016307666897773743, 0.0, 0.0]","[1.0, 1.0, 0.0, 0.7510669827461243, 1.0, 0.4801355004310608, 0.38132256269454956, 0.7120020389556885]",-33.11100104112973
12.950000000000049,237.37001037597656,-122.11345672607422,15.781399726867676,-0.014739990234375,0.578125,"[0.4018539786338806, 1.0, 0.11648306995630264, 0.9843506217002869]","[0.0, 0.0, -0.0056919436901807785, 2.566666626080405e-05, -0.028373777866363525, 1.0, 0.016333334147930145, -0.0056919436901807785, 0.0, 0.0, 0.9981881976127625, -0.016307666897773743, 0.0, 0.0]","[1.0, 1.0, 0.0, 0.7510669827461243, 1.0, 0.4801355004310608, 0.38132256269454956, 0.7120020389556885]",-32.72877878870349
13.00000000000005,238.1591033935547,-122.06473541259766,15.831379890441895,-0.0233154296875,0.58203125,"[0.3985740542411804, 1.0, 0.13280349969863892, 0.9758973717689514]","[0.0, 0.0, -0.0056919436901807785, 2.566666626080405e-05, -0.028373777866363525, 1.0, 0.016333334147930145, -0.0056919436901807785, 0.0, 0.0, 0.9981881976127625, -0.016307666897773743, 0.0, 0.0]","[1.0, 1.0, 0.0, 0.7510669827461243, 1.0, 0.4801355004310608, 0.38132256269454956, 0.7120020389556885]",-32.3598064302057
13.05000000000005,238.95095825195312,-122.01982879638672,15.882619857788086,-0.0274658203125,0.58203125,"[0.3952113389968872, 1.0, 0.12803736329078674, 0.9819666743278503]","[0.0, 0.0, -0.0056919436901807785, 2.566666626080405e-05, -0.028373777866363525, 1.0, 0.016333334147930145, -0.0056919436901807785, 0.0, 0.0, 0.9981881976127625, -0.016307666897773743, 0.0, 0.0]","[1.0, 1.0, 0.0, 0.7510669827461243, 1.0, 0.4801355004310608, 0.38132256269454956, 0.7120020389556885]",-32.51000008823802
13.100000000000051,239.7455596923828,-121.97915649414062,15.933930397033691,-0.027923583984375,0.58203125,"[0.39184415340423584, 1.0, 0.14343824982643127, 0.9766475558280945]","[0.0, 0.0, -0.0056919436901807785, 2.566666626080405e-05, -0.028373777866363525, 1.0, 0.016333334147930145, -0.0056919436901807785, 0.0, 0.0, 0.9981881976127625, -0.016307666897773743, 0.0, 0.0]","[1.0, 1.0, 0.0, 0.7510669827461243, 1.0, 0.4801355004310608, 0.38132256269454956, 0.7120020389556885]",-32.25337829463267
13.150000000000052,240.54296875,-121.9429931640625,15.985639572143555,-0.02899169921875,0.58203125,"[0.3884507417678833, 1.0, 0.14573362469673157, 0.9905539751052856]","[0.0, 0.0, -0.0056919436901807785, 2.566666626080405e-05, -0.028373777866363525, 1.0, 0.016333334147930145, -0.0056919436901807785, 0.0, 0.0, 0.9981881976127625, -0.016307666897773743, 0.0, 0.0]","[1.0, 1.0, 0.0, 0.7510669827461243, 1.0, 0.4801355004310608, 0.38132256269454956, 0.7120020389556885]",-31.98965236581624
13.200000000000053,241.3430938720703,-121.91197204589844,16.033979415893555,-0.031829833984375,0.546875,"[0.38527846336364746, 1.0, 0.1593257039785385, 0.9745599627494812]","[0.0, 0.0, -0.0056919436901807785, 2.566666626080405e-05, -0.028373777866363525, 1.0, 0.016333334147930145, -0.0056919436901807785, 0.0, 0.0, 0.9981881976127625, -0.016307666897773743, 0.0, 0.0]","[1.0, 1.0, 0.0, 0.7510669827461243, 1.0, 0.4801355004310608, 0.38132256269454956, 0.7120020389556885]",-31.71338639550777
13.250000000000053,242.14561462402344,-121.88651275634766,16.07655906677246,-0.032745361328125,0.5390625,"[0.38248419761657715, 1.0, 0.1607925295829773, 0.9829955697059631]","[0.0, 0.0, -0.0056919436901807785, 2.566666626080405e-05, -0.028373777866363525, 1.0, 0.016333334147930145, -0.0056919436901807785, 0.0, 0.0, 0.9981881976127625, -0.016307666897773743, 0.0, 0.0]","[1.0, 1.0, 0.0, 0.7510669827461243, 1.0, 0.4801355004310608, 0.38132256269454956, 0.7120020389556885]",-31.998779879230668
13.300000000000054,242.95028686523438,-121.86675262451172,16.114900588989258,-0.03118896484375,0.5390625,"[0.3799680471420288, 1.0, 0.15731868147850037, 0.9884814023971558]","[0.0, 0.0, -0.0056919436901807785, 2.566666626080405e-05, -0.028373777866363525, 1.0, 0.016333334147930145, -0.0056919436901807785, 0.0, 0.0, 0.9981881976127625, -0.016307666897773743, 0.0, 0.0]","[1.0, 1.0, 0.0, 0.7510669827461243, 1.0, 0.4801355004310608, 0.38132256269454956, 0.7120020389556885]",-31.85149868290418
13.350000000000055,243.7569122314453,-121.85243225097656,16.15077018737793,-0.0263671875,0.5390625,"[0.3776141405105591, 1.0, 0.14606109261512756, 0.9845065474510193]","[0.0, 0.0, -0.0056919436901807785, 2.566666626080405e-05, -0.028373777866363525, 1.0, 0.016333334147930145, -0.0056919436901807785, 0.0, 0.0, 0.9981881976127625, -0.016307666897773743, 0.0, 0.0]","[1.0, 1.0, 0.0, 0.7510669827461243, 1.0, 0.4801355004310608, 0.38132256269454956, 0.7120020389556885]",-31.598648001894972
13.400000000000055,244.56532287597656,-121.84339904785156,16.18379020690918,-0.02313232421875,0.52734375,"[0.37544721364974976, 1.0, 0.1393507719039917, 0.9888446927070618]","[0.0, 0.0, -0.0056919436901807785, 2.566666626080405e-05, -0.028373777866363525, 1.0, 0.016333334147930145, -0.0056919436901807785, 0.0, 0.0, 0.9981881976127625, -0.016307666897773743, 0.0, 0.0]","[1.0, 1.0, 0.0, 0.7510669827461243, 1.0, 0.4801355004310608, 0.38132256269454956, 0.7120020389556885]",-31.200560015398175
13.450000000000056,245.375244140625,-121.83970642089844,16.210430145263672,-0.022186279296875,0.4880828857421875,"[0.37369900941848755, 1.0, 0.13411778211593628, 0.9866861701011658]","[0.0, 0.0, -0.0056919436901807785, 2.566666626080405e-05, -0.028373777866363525, 1.0, 0.016333334147930145, -0.0056919436901807785, 0.0, 0.0, 0.9981881976127625, -0.016307666897773743, 0.0, 0.0]","[1.0, 1.0, 0.0, 0.7510669827461243, 1.0, 0.4801355004310608, 0.38132256269454956, 0.7120020389556885]",-31.381967377521185
13.500000000000057,246.18617248535156,-121.84127807617188,16.224939346313477,-0.020782470703125,0.432525634765625,"[0.3727468252182007, 1.0, 0.11969275027513504, 0.9815571308135986]","[0.0, 0.0, -0.0056919436901807785, 2.566666626080405e-05, -0.028373777866363525, 1.0, 0.016333334147930145, -0.0056919436901807785, 0.0, 0.0, 0.9981881976127625, -0.016307666897773743, 0.0, 0.0]","[1.0, 1.0, 0.0, 0.7510669827461243, 1.0, 0.4801355004310608, 0.38132256269454956, 0.7120020389556885]",-31.086942057007306
13.550000000000058,246.99729919433594,-121.84749603271484,16.22386932373047,-0.015716552734375,0.392852783203125,"[0.3728170394897461, 1.0, 0.0879487469792366, 0.9724761247634888]","[0.0, 0.0, -0.0056919436901807785, 2.566666626080405e-05, -0.028373777866363525, 1.0, 0.016333334147930145, -0.0056919436901807785, 0.0, 0.0, 0.9981881976127625, -0.016307666897773743, 0.0, 0.0]","[1.0, 1.0, 0.0, 0.7510669827461243, 1.0, 0.4801355004310608, 0.38132256269454956, 0.7120020389556885]",-30.786176906102753
13.600000000000058,247.807861328125,-121.85698699951172,16.209640502929688,-0.004852294921875,0.392852783203125,"[0.37375080585479736, 1.0, 0.06820395588874817, 0.9560596346855164]","[0.0, 0.0, -0.0056919436901807785, 2.566666626080405e-05, -0.028373777866363525, 1.0, 0.016333334147930145, -0.0056919436901807785, 0.0, 0.0, 0.9981881976127625, -0.016307666897773743, 0.0, 0.0]","[1.0, 1.0, 0.0, 0.7510669827461243, 1.0, 0.4801355004310608, 0.38132256269454956, 0.7120020389556885]",-30.485272681762005
13.650000000000059,248.61746215820312,-121.8677978515625,16.186599731445312,0.010498046875,0.392852783203125,"[0.3752628564834595, 1.0, 0.02812967076897621, 0.9431056380271912]","[0.0, 0.0, -0.0056919436901807785, 2.566666626080405e-05, -0.028373777866363525, 1.0, 0.016333334147930145, -0.0056919436901807785, 0.0, 0.0, 0.9981881976127625, -0.016307666897773743, 0.0, 0.0]","[1.0, 1.0, 0.0, 0.7510669827461243, 1.0, 0.4801355004310608, 0.38132256269454956, 0.7120020389556885]",-30.784166796032046
13.70000000000006,249.42572021484375,-121.87840270996094,16.157590866088867,0.020599365234375,0.392852783203125,"[0.3771665096282959, 1.0, 0.04964834824204445, 0.9603018164634705]","[0.0, 0.0, -0.0056919436901807785, 2.566666626080405e-05, -0.028373777866363525, 1.0, 0.016333334147930145, -0.0056919436901807785, 0.0, 0.0, 0.9981881976127625, -0.016307666897773743, 0.0, 0.0]","[1.0, 1.0, 0.0, 0.7510669827461243, 1.0, 0.4801355004310608, 0.38132256269454956, 0.7120020389556885]",-30.532219081520868
13.75000000000006,250.2324676513672,-121.8878173828125,16.126840591430664,0.02520751953125,0.416656494140625,"[0.3791844844818115, 1.0, 0.07194460928440094, 0.9736725091934204]","[0.0, 0.0, -0.0056919436901807785, 2.566666626080405e-05, -0.028373777866363525, 1.0, 0.016333334147930145, -0.0056919436901807785, 0.0, 0.0, 0.9981881976127625, -0.016307666897773743, 0.0, 0.0]","[1.0, 1.0, 0.0, 0.7510669827461243, 1.0, 0.4801355004310608, 0.38132256269454956, 0.7120020389556885]",-30.15637405442342
13.800000000000061,251.03778076171875,-121.89531707763672,16.09787940979004,0.025848388671875,0.424591064453125,"[0.38108503818511963, 1.0, 0.08373186737298965, 0.9816911220550537]","[0.0, 0.0, -0.0056919436901807785, 2.566666626080405e-05, -0.028373777866363525, 1.0, 0.016333334147930145, -0.0056919436901807785, 0.0, 0.0, 0.9981881976127625, -0.016307666897773743, 0.0, 0.0]","[1.0, 1.0, 0.0, 0.7510669827461243, 1.0, 0.4801355004310608, 0.38132256269454956, 0.7120020389556885]",-29.82892366266998
13.850000000000062,251.841796875,-121.90013122558594,16.07232093811035,0.025848388671875,0.444427490234375,"[0.3827623128890991, 1.0, 0.09403163939714432, 0.9815224409103394]","[0.0, 0.0, -0.0056919436901807785, 2.566666626080405e-05, -0.028373777866363525, 1.0, 0.016333334147930145, -0.0056919436901807785, 0.0, 0.0, 0.9981881976127625, -0.016307666897773743, 0.0, 0.0]","[1.0, 1.0, 0.0, 0.7510669827461243, 1.0, 0.4801355004310608, 0.38132256269454956, 0.7120020389556885]",-30.005284556700015
13.900000000000063,252.6446990966797,-121.9015884399414,16.051860809326172,0.025665283203125,0.4603118896484375,"[0.38410502672195435, 1.0, 0.10104131698608398, 0.983025312423706]","[0.0, 0.0, -0.0056919436901807785, 2.566666626080405e-05, -0.028373777866363525, 1.0, 0.016333334147930145, -0.0056919436901807785, 0.0, 0.0, 0.9981881976127625, -0.016307666897773743, 0.0, 0.0]","[1.0, 1.0, 0.0, 0.7510669827461243, 1.0, 0.4801355004310608, 0.38132256269454956, 0.7120020389556885]",-29.725292433294484
13.950000000000063,253.44679260253906,-121.89921569824219,16.03676986694336,0.024261474609375,0.4682464599609375,"[0.38509535789489746, 1.0, 0.10184571146965027, 0.9890227913856506]","[0.0, 0.0, -0.0056919436901807785, 2.566666626080405e-05, -0.028373777866363525, 1.0, 0.016333334147930145, -0.0056919436901807785, 0.0, 0.0, 0.9981881976127625, -0.016307666897773743, 0.0, 0.0]","[1.0, 1.0, 0.0, 0.7510669827461243, 1.0, 0.4801355004310608, 0.38132256269454956, 0.7120020389556885]",-29.449646827615613
14.000000000000064,254.24822998046875,-121.89315795898438,16.026159286499023,0.018829345703125,0.4682464599609375,"[0.3857916593551636, 1.0, 0.0890079066157341, 0.9870110154151917]","[0.0, 0.0, -0.0056919436901807785, 2.566666626080405e-05, -0.028373777866363525, 1.0, 0.016333334147930145, -0.0056919436901807785, 0.0, 0.0, 0.9981881976127625, -0.016307666897773743, 0.0, 0.0]","[1.0, 1.0, 0.0, 0.7510669827461243, 1.0, 0.4801355004310608, 0.38132256269454956, 0.7120020389556885]",-29.18008510769282
14.050000000000065,255.0492706298828,-121.88417053222656,16.01866912841797,0.009552001953125,0.4682464599609375,"[0.3862832188606262, 1.0, 0.06421186774969101, 0.9746692180633545]","[0.0, 0.0, -0.0056919436901807785, 2.566666626080405e-05, -0.028373777866363525, 1.0, 0.016333334147930145, -0.0056919436901807785, 0.0, 0.0, 0.9981881976127625, -0.016307666897773743, 0.0, 0.0]","[1.0, 1.0, 0.0, 0.7510669827461243, 1.0, 0.4801355004310608, 0.38132256269454956, 0.7120020389556885]",-29.568808190517785
14.100000000000065,255.8499755859375,-121.87322235107422,16.01304054260254,-3.0517578125e-05,0.4682464599609375,"[0.3866525888442993, 1.0, 0.03775076940655708, 0.9724903106689453]","[0.0, 0.0, -0.0056919436901807785, 2.566666626080405e-05, -0.028373777866363525, 1.0, 0.016333334147930145, -0.0056919436901807785, 0.0, 0.0, 0.9981881976127625, -0.016307666897773743, 0.0, 0.0]","[1.0, 1.0, 0.0, 0.7510669827461243, 1.0, 0.4801355004310608, 0.38132256269454956, 0.7120020389556885]",-29.3823938520927
14.150000000000066,256.650390625,-121.86127471923828,16.00847053527832,-0.0084228515625,0.4682464599609375,"[0.3869525194168091, 1.0, 0.012352966703474522, 0.973297119140625]","[0.0, 0.0, -0.0056919436901807785, 2.566666626080405e-05, -0.028373777866363525, 1.0, 0.016333334147930145, -0.0056919436901807785, 0.0, 0.0, 0.9981881976127625, -0.016307666897773743, 0.0, 0.0]","[1.0, 1.0, 0.0, 0.7510669827461243, 1.0, 0.4801355004310608, 0.38132256269454956, 0.7120020389556885]",-29.191809236650528
14.200000000000067,257.4506530761719,-121.8493881225586,16.00444984436035,-0.0157470703125,0.4682464599609375,"[0.38721632957458496, 1.0, 0.020477361977100372, 0.9728962182998657]","[0.0, 0.0, -0.0056919436901807785, 2.566666626080405e-05, -0.028373777866363525, 1.0, 0.016333334147930145, -0.0056919436901807785, 0.0, 0.0, 0.9981881976127625, -0.016307666897773743, 0.0, 0.0]","[1.0, 1.0, 0.0, 0.7510669827461243, 1.0, 0.4801355004310608, 0.38132256269454956, 0.7120020389556885]",-29.000476342771286
14.250000000000068,258.2507019042969,-121.83848571777344,16.000829696655273,-0.019622802734375,0.4682464599609375,"[0.38745391368865967, 1.0, 0.037967029958963394, 0.980840802192688]","[0.0, 0.0, -0.0056919436901807785, 2.566666626080405e-05, -0.028373777866363525, 1.0, 0.016333334147930145, -0.0056919436901807785, 0.0, 0.0, 0.9981881976127625, -0.016307666897773743, 0.0, 0.0]","[1.0, 1.0, 0.0, 0.7510669827461243, 1.0, 0.4801355004310608, 0.38132256269454956, 0.7120020389556885]",-29.46524229608965
14.300000000000068,259.0506286621094,-121.82894897460938,15.997679710388184,-0.01861572265625,0.4682464599609375,"[0.3876606822013855, 1.0, 0.043152082711458206, 0.9935490489006042]","[0.0, 0.0, -0.0056919436901807785, 2.566666626080405e-05, -0.028373777866363525, 1.0, 0.016333334147930145, -0.0056919436901807785, 0.0, 0.0, 0.9981881976127625, -0.016307666897773743, 0.0, 0.0]","[1.0, 1.0, 0.0, 0.7510669827461243, 1.0, 0.4801355004310608, 0.38132256269454956, 0.7120020389556885]",-29.27960847982143
14.350000000000069,259.8503723144531,-121.82067108154297,15.995030403137207,-0.012451171875,0.4682464599609375,"[0.3878345489501953, 1.0, 0.0339503288269043, 0.9901878237724304]","[0.0, 0.0, -0.0056919436901807785, 2.566666626080405e-05, -0.028373777866363525, 1.0, 0.016333334147930145, -0.0056919436901807785, 0.0, 0.0, 0.9981881976127625, -0.016307666897773743, 0.0, 0.0]","[1.0, 1.0, 0.0, 0.7510669827461243, 1.0, 0.4801355004310608, 0.38132256269454956, 0.7120020389556885]",-28.84526771498803
14.40000000000007,260.6500549316406,-121.8131103515625,15.992620468139648,-0.003753662109375,0.4682464599609375,"[0.3879926800727844, 1.0, 0.017141977325081825, 0.9820590615272522]","[0.0, 0.0, -0.0056919436901807785, 2.566666626080405e-05, -0.028373777866363525, 1.0, 0.016333334147930145, -0.0056919436901807785, 0.0, 0.0, 0.9981881976127625, -0.016307666897773743, 0.0, 0.0]","[1.0, 1.0, 0.0, 0.7510669827461243, 1.0, 0.4801355004310608, 0.38132256269454956, 0.7120020389556885]",-28.247633252635232
14.45000000000007,261.44952392578125,-121.8056869506836,15.987899780273438,0.004730224609375,0.440460205078125,"[0.38830238580703735, 1.0, 0.0121019771322608, 0.9795202612876892]","[0.0, 0.0, -0.0056919436901807785, 2.566666626080405e-05, -0.028373777866363525, 1.0, 0.016333334147930145, -0.0056919436901807785, 0.0, 0.0, 0.9981881976127625, -0.016307666897773743, 0.0, 0.0]","[1.0, 1.0, 0.0, 0.7510669827461243, 1.0, 0.4801355004310608, 0.38132256269454956, 0.7120020389556885]",-27.896171752825953
14.500000000000071,262.2486572265625,-121.79850006103516,15.979430198669434,0.011138916015625,0.436492919921875,"[0.3888583183288574, 1.0, 0.009334505535662174, 0.9869466423988342]","[0.0, 0.0, -0.0056919436901807785, 2.566666626080405e-05, -0.028373777866363525, 1.0, 0.016333334147930145, -0.0056919436901807785, 0.0, 0.0, 0.9981881976127625, -0.016307666897773743, 0.0, 0.0]","[1.0, 1.0, 0.0, 0.7510669827461243, 1.0, 0.4801355004310608, 0.38132256269454956, 0.7120020389556885]",-27.3574483575337
14.550000000000072,263.0472412109375,-121.7904281616211,15.967889785766602,0.01513671875,0.436492919921875,"[0.38961559534072876, 1.0, 0.04364219307899475, 0.9605300426483154]","[0.0, 0.0, -0.0056919436901807785, 2.566666626080405e-05, -0.028373777866363525, 1.0, 0.016333334147930145, -0.0056919436901807785, 0.0, 0.0, 0.9981881976127625, -0.016307666897773743, 0.0, 0.0]","[1.0, 1.0, 0.0, 0.7510669827461243, 1.0, 0.4801355004310608, 0.38132256269454956, 0.7120020389556885]",-26.835244445366087
14.600000000000072,263.84515380859375,-121.78065490722656,15.95419979095459,0.01873779296875,0.436492919921875,"[0.3905140161514282, 1.0, 0.057308126240968704, 0.9849961996078491]","[0.0, 0.0, -0.0056919436901807785, 2.566666626080405e-05, -0.028373777866363525, 1.0, 0.016333334147930145, -0.0056919436901807785, 0.0, 0.0, 0.9981881976127625, -0.016307666897773743, 0.0, 0.0]","[1.0, 1.0, 0.0, 0.7510669827461243, 1.0, 0.4801355004310608, 0.38132256269454956, 0.7120020389556885]",-26.328161106402405
14.650000000000073,264.64227294921875,-121.76864624023438,15.939120292663574,0.021240234375,0.436492919921875,"[0.39150363206863403, 1.0, 0.07115384936332703, 0.9843313097953796]","[0.0, 0.0, -0.0056919436901807785, 2.566666626080405e-05, -0.028373777866363525, 1.0, 0.016333334147930145, -0.0056919436901807785, 0.0, 0.0, 0.9981881976127625, -0.016307666897773743, 0.0, 0.0]","[1.0, 1.0, 0.0, 0.7510669827461243, 1.0, 0.4801355004310608, 0.38132256269454956, 0.7120020389556885]",-26.10360789029138
14.700000000000074,265.4385986328125,-121.75402069091797,15.923290252685547,0.021209716796875,0.436492919921875,"[0.39254236221313477, 1.0, 0.07813099026679993, 0.9910559058189392]","[0.0, 0.0, -0.0056919436901807785, 2.566666626080405e-05, -0.028373777866363525, 1.0, 0.016333334147930145, -0.0056919436901807785, 0.0, 0.0, 0.9981881976127625, -0.016307666897773743, 0.0, 0.0]","[1.0, 1.0, 0.0, 0.7510669827461243, 1.0, 0.4801355004310608, 0.38132256269454956, 0.7120020389556885]",-25.55787398909733
14.750000000000075,266.23406982421875,-121.73680114746094,15.907219886779785,0.0172119140625,0.436492919921875,"[0.3935970664024353, 1.0, 0.07313846051692963, 0.9921927452087402]","[0.0, 0.0, -0.0056919436901807785, 2.566666626080405e-05, -0.028373777866363525, 1.0, 0.016333334147930145, -0.0056919436901807785, 0.0, 0.0, 0.9981881976127625, -0.016307666897773743, 0.0, 0.0]","[1.0, 1.0, 0.0, 0.7510669827461243, 1.0, 0.4801355004310608, 0.38132256269454956, 0.7120020389556885]",-25.000662403788837
14.800000000000075,267.0287170410156,-121.71759796142578,15.891160011291504,0.008819580078125,0.436492919921875,"[0.39465099573135376, 1.0, 0.054366592317819595, 0.9779815077781677]","[0.0, 0.0, -0.0056919436901807785, 2.566666626080405e-05, -0.028373777866363525, 1.0, 0.016333334147930145, -0.0056919436901807785, 0.0, 0.0, 0.9981881976127625, -0.016307666897773743, 0.0, 0.0]","[1.0, 1.0, 0.0, 0.7510669827461243, 1.0, 0.4801355004310608, 0.38132256269454956, 0.7120020389556885]",-24.441070075079438
14.850000000000076,267.8224792480469,-121.6971435546875,15.874990463256836,0.00042724609375,0.436492919921875,"[0.3957120180130005, 1.0, 0.03505494445562363, 0.9772367477416992]","[0.0, 0.0, -0.0056919436901807785, 2.566666626080405e-05, -0.028373777866363525, 1.0, 0.016333334147930145, -0.0056919436901807785, 0.0, 0.0, 0.9981881976127625, -0.016307666897773743, 0.0, 0.0]","[1.0, 1.0, 0.0, 0.7510669827461243, 1.0, 0.4801355004310608, 0.38132256269454956, 0.7120020389556885]",-24.16174412972568
14.900000000000077,268.61541748046875,-121.67597198486328,15.857709884643555,-0.005126953125,0.424591064453125,"[0.39684605598449707, 1.0, 0.022461099550127983, 0.9829438924789429]","[0.0, 0.0, -0.0056919436901807785, 2.566666626080405e-05, -0.028373777866363525, 1.0, 0.016333334147930145, -0.0056919436901807785, 0.0, 0.0, 0.9981881976127625, -0.016307666897773743, 0.0, 0.0]","[1.0, 1.0, 0.0, 0.7510669827461243, 1.0, 0.4801355004310608, 0.38132256269454956, 0.7120020389556885]",-23.636587565858225
14.950000000000077,269.4073791503906,-121.654541015625,15.836190223693848,-0.008209228515625,0.392852783203125,"[0.3982583284378052, 1.0, 0.021962197497487068, 0.9841115474700928]","[0.0, 0.0, -0.0056919436901807785, 2.566666626080405e-05, -0.028373777866363525, 1.0, 0.016333334147930145, -0.0056919436901807785, 0.0, 0.0, 0.9981881976127625, -0.016307666897773743, 0.0, 0.0]","[1.0, 1.0, 0.0, 0.7510669827461243, 1.0, 0.4801355004310608, 0.38132256269454956, 0.7120020389556885]",-23.135004552482354
15.000000000000078,270.1980895996094,-121.63328552246094,15.809379577636719,-0.00982666015625,0.392852783203125,"[0.40001773834228516, 1.0, 0.03579384461045265, 0.9838647246360779]","[0.0, 0.0, -0.0056919436901807785, 2.566666626080405e-05, -0.028373777866363525, 1.0, 0.016333334147930145, -0.0056919436901807785, 0.0, 0.0, 0.9981881976127625, -0.016307666897773743, 0.0, 0.0]","[1.0, 1.0, 0.0, 0.7510669827461243, 1.0, 0.4801355004310608, 0.38132256269454956, 0.7120020389556885]",-22.653789348279286
15.050000000000079,270.98736572265625,-121.61251831054688,15.779330253601074,-0.009368896484375,0.392852783203125,"[0.40198975801467896, 1.0, 0.04286065697669983, 0.9894829988479614]","[0.0, 0.0, -0.0056919436901807785, 2.566666626080405e-05, -0.028373777866363525, 1.0, 0.016333334147930145, -0.0056919436901807785, 0.0, 0.0, 0.9981881976127625, -0.016307666897773743, 0.0, 0.0]","[1.0, 1.0, 0.0, 0.7510669827461243, 1.0, 0.4801355004310608, 0.38132256269454956, 0.7120020389556885]",-22.526426106625006
15.10000000000008,271.77508544921875,-121.5923080444336,15.746999740600586,-0.00701904296875,0.388885498046875,"[0.4041113257408142, 1.0, 0.04376131668686867, 0.9924482703208923]","[0.0, 0.0, -0.0056919436901807785, 2.566666626080405e-05, -0.028373777866363525, 1.0, 0.016333334147930145, -0.0056919436901807785, 0.0, 0.0, 0.9981881976127625, -0.016307666897773743, 0.0, 0.0]","[1.0, 1.0, 0.0, 0.7510669827461243, 1.0, 0.4801355004310608, 0.38132256269454956, 0.7120020389556885]",-22.09382880763069
15.15000000000008,272.5611267089844,-121.57296752929688,15.712889671325684,-0.003143310546875,0.388885498046875,"[0.40634989738464355, 1.0, 0.051494061946868896, 0.9882926940917969]","[0.0, 0.0, -0.0056919436901807785, 2.566666626080405e-05, -0.028373777866363525, 1.0, 0.016333334147930145, -0.0056919436901807785, 0.0, 0.0, 0.9981881976127625, -0.016307666897773743, 0.0, 0.0]","[1.0, 1.0, 0.0, 0.7510669827461243, 1.0, 0.4801355004310608, 0.38132256269454956, 0.7120020389556885]",-21.67890251714799
15.200000000000081,273.3454284667969,-121.55384826660156,15.675580024719238,0.001007080078125,0.3610992431640625,"[0.40879833698272705, 1.0, 0.03845231235027313, 0.9706313014030457]","[0.0, 0.0, -0.0056919436901807785, 2.566666626080405e-05, -0.028373777866363525, 1.0, 0.016333334147930145, -0.0056919436901807785, 0.0, 0.0, 0.9981881976127625, -0.016307666897773743, 0.0, 0.0]","[1.0, 1.0, 0.0, 0.7510669827461243, 1.0, 0.4801355004310608, 0.38132256269454956, 0.7120020389556885]",-21.28592757038216
15.250000000000082,274.12750244140625,-121.5346450805664,15.627389907836914,0.003997802734375,0.27777099609375,"[0.4119606614112854, 1.0, 0.04751560091972351, 0.9778613448143005]","[0.0, 0.0, -0.0056919436901807785, 2.566666626080405e-05, -0.028373777866363525, 1.0, 0.016333334147930145, -0.0056919436901807785, 0.0, 0.0, 0.9981881976127625, -0.016307666897773743, 0.0, 0.0]","[1.0, 1.0, 0.0, 0.7510669827461243, 1.0, 0.4801355004310608, 0.38132256269454956, 0.7120020389556885]",-20.50423145659081
