sim_time,x,y,speed,steer,throttle,style_scores,alert_state,alert_raw,alert_score
0.05,234.2699737548828,55.84001922607422,0.9800000190734863,0.0,0.5,"[0.3768119812011719, 0.15489999949932098, 0.0, 0.9431818127632141]","[0.0, 0.0, 4.261057711119065e-06, 4.966666892869398e-05, -0.01669049821794033, 1.0, 0.016333334147930145, 4.261057711119065e-06, 0.0, 0.0, -0.9999986290931702, -0.016283666715025902, 0.0, 0.0]","[0.0, 0.0, 1.0, 0.7777528762817383, 0.0, 0.8586773872375488, 0.6720980405807495, 0.28866395354270935]",1.0
0.1,234.2699737548828,55.84001922607422,1.4700000286102295,0.0,0.5,"[0.4089679718017578, 0.23229999840259552, 0.0, 0.9659090638160706]","[0.0, 0.0, 4.261057711119065e-06, 4.966666892869398e-05, -0.01669049821794033, 1.0, 0.016333334147930145, 4.261057711119065e-06, 0.0, 0.0, -0.9999986290931702, -0.016283666715025902, 0.0, 0.0]","[0.0, 0.0, 1.0, 0.7777528762817383, 0.0, 0.8586773872375488, 0.6720980405807495, 0.28866395354270935]",1.0
0.15000000000000002,234.2699737548828,55.84001922607422,1.9600000381469727,-0.000579833984375,0.20000000298023224,"[0.6911239624023438, 0.49549999833106995, 0.0, 0.9431553483009338]","[0.0, 0.0, 4.261057711119065e-06, 4.966666892869398e-05, -0.01669049821794033, 1.0, 0.016333334147930145, 4.261057711119065e-06, 0.0, 0.0, -0.9999986290931702, -0.016283666715025902, 0.0, 0.0]","[0.0, 0.0, 1.0, 0.7777528762817383, 0.0, 0.8586773872375488, 0.6720980405807495, 0.28866395354270935]",1.0
0.2,234.2699737548828,55.84001922607422,1.125920057296753,-0.000579833984375,0.20000000298023224,"[0.6363878846168518, 0.274399995803833, 0.0, 0.5113636255264282]","[0.0, 0.0, 4.261057711119065e-06, 4.966666892869398e-05, -0.01669049821794033, 1.0, 0.016333334147930145, 4.261057711119065e-06, 0.0, 0.0, -0.9999986290931702, -0.016283666715025902, 0.0, 0.0]","[0.0, 0.0, 1.0, 0.7777528762817383, 0.0, 0.8586773872375488, 0.6720980405807495, 0.28866395354270935]",1.0
0.25,234.2699737548828,55.84001922607422,0.5760599970817566,-0.000579833984375,0.20000000298023224,"[0.6003036499023438, 0.14470000565052032, 0.0, 0.7075186371803284]","[0.0, 0.0, 4.261057711119065e-06, 4.966666892869398e-05, -0.01669049821794033, 1.0, 0.016333334147930145, 4.261057711119065e-06, 0.0, 0.0, -0.9999986290931702, -0.016283666715025902, 0.0, 0.0]","[0.0, 0.0, 1.0, 0.7777528762817383, 0.0, 0.8586773872375488, 0.6720980405807495, 0.28866395354270935]",0.9771972033273825
0.3,234.2699737548828,55.84001922607422,0.2510800063610077,-0.000579833984375,0.20000000298023224,"[0.5789769887924194, 0.06459999829530716, 0.0, 0.7614768147468567]","[0.0, 0.0, 4.261057711119065e-06, 4.966666892869398e-05, -0.01669049821794033, 1.0, 0.016333334147930145, 4.261057711119065e-06, 0.0, 0.0, -0.9999986290931702, -0.016283666715025902, 0.0, 0.0]","[0.0, 0.0, 1.0, 0.7777528762817383, 0.0, 0.8586773872375488, 0.6720980405807495, 0.28866395354270935]",0.8886695961913557
0.35,234.2699737548828,55.84001922607422,0.06662999838590622,-0.000579833984375,0.380950927734375,"[0.5668725371360779, 0.013500000350177288, 0.0, 0.8470976948738098]","[0.0, 0.0, 4.261057711119065e-06, 4.966666892869398e-05, -0.01669049821794033, 1.0, 0.016333334147930145, 4.261057711119065e-06, 0.0, 0.0, -0.9999986290931702, -0.016283666715025902, 0.0, 0.0]","[0.0, 0.0, 1.0, 0.7777528762817383, 0.0, 0.8586773872375488, 0.6720980405807495, 0.28866395354270935]",0.7733426702296371
0.39999999999999997,234.2699737548828,55.84001922607422,0.031599998474121094,-0.000579833984375,0.5625,"[0.5645737648010254, 0.0044999998062849045, 0.0, 0.9168357253074646]","[0.0, 0.0, 4.261057711119065e-06, 4.966666892869398e-05, -0.01669049821794033, 1.0, 0.016333334147930145, 4.261057711119065e-06, 0.0, 0.0, -0.9999986290931702, -0.016283666715025902, 0.0, 0.0]","[0.0, 0.0, 1.0, 0.7777528762817383, 0.0, 0.8586773872375488, 0.6720980405807495, 0.28866395354270935]",0.4473781674861792
0.44999999999999996,234.2699737548828,55.84001922607422,0.07818999886512756,-0.000579833984375,0.7578125,"[0.567631185054779, 0.006300000008195639, 0.0, 0.9467031955718994]","[0.0, 0.0, 4.261057711119065e-06, 4.966666892869398e-05, -0.01669049821794033, 1.0, 0.016333334147930145, 4.261057711119065e-06, 0.0, 0.0, -0.9999986290931702, -0.016283666715025902, 0.0, 0.0]","[0.0, 0.0, 1.0, 0.7777528762817383, 0.0, 0.8586773872375488, 0.6720980405807495, 0.28866395354270935]",0.24415318782290307
0.49999999999999994,234.2699737548828,55.84001922607422,0.09489999711513519,-0.000579833984375,0.9453125,"[0.5687277317047119, 0.0017000000225380063, 0.0, 0.9705612659454346]","[0.0, 0.0, 4.261057711119065e-06, 4.966666892869398e-05, -0.01669049821794033, 1.0, 0.016333334147930145, 4.261057711119065e-06, 0.0, 0.0, -0.9999986290931702, -0.016283666715025902, 0.0, 0.0]","[0.0, 0.0, 1.0, 0.7777528762817383, 0.0, 0.8586773872375488, 0.6720980405807495, 0.28866395354270935]",0.02783972377475985
0.5499999999999999,234.2699737548828,55.84001922607422,0.09520000219345093,-0.000579833984375,1.0,"[0.5687474608421326, 0.0, 0.0, 0.9850340485572815]","[0.0, 0.0, 4.261057711119065e-06, 4.966666892869398e-05, -0.01669049821794033, 1.0, 0.016333334147930145, 4.261057711119065e-06, 0.0, 0.0, -0.9999986290931702, -0.016283666715025902, 0.0, 0.0]","[0.0, 0.0, 1.0, 0.7777528762817383, 0.0, 0.8586773872375488, 0.6720980405807495, 0.28866395354270935]",-0.20973260363482438
0.6,234.2699737548828,55.84001922607422,0.08722999691963196,-0.000579833984375,1.0,"[0.5682244300842285, 0.0, 0.0, 0.9914026260375977]","[0.0, 0.0, 4.261057711119065e-06, 4.966666892869398e-05, -0.01669049821794033, 1.0, 0.016333334147930145, 4.261057711119065e-06, 0.0, 0.0, -0.9999986290931702, -0.016283666715025902, 0.0, 0.0]","[0.0, 0.0, 1.0, 0.7777528762817383, 0.0, 0.8586773872375488, 0.6720980405807495, 0.28866395354270935]",-0.47732220869044584
0.65,234.2699737548828,55.84001922607422,0.07580000162124634,-0.000579833984375,1.0,"[0.567474365234375, 0.0, 0.0, 0.9952910542488098]","[0.0, 0.0, 4.261057711119065e-06, 4.966666892869398e-05, -0.01669049821794033, 1.0, 0.016333334147930145, 4.261057711119065e-06, 0.0, 0.0, -0.9999986290931702, -0.016283666715025902, 0.0, 0.0]","[0.0, 0.0, 1.0, 0.7777528762817383, 0.0, 0.8586773872375488, 0.6720980405807495, 0.28866395354270935]",-1.0410849449515678
0.7000000000000001,234.2699737548828,55.84001922607422,0.0636100023984909,-0.000579833984375,1.0,"[0.5666743516921997, 0.0, 0.0, 0.9976430535316467]","[0.0, 0.0, 4.261057711119065e-06, 4.966666892869398e-05, -0.01669049821794033, 1.0, 0.016333334147930145, 4.261057711119065e-06, 0.0, 0.0, -0.9999986290931702, -0.016283666715025902, 0.0, 0.0]","[0.0, 0.0, 1.0, 0.7777528762817383, 0.0, 0.8586773872375488, 0.6720980405807495, 0.28866395354270935]",-1.3589581658704226
0.7500000000000001,234.26657104492188,55.84001159667969,0.22514000535011292,-0.000579833984375,1.0,"[0.5772746801376343, 0.0, 0.19282329082489014, 0.7188974022865295]","[0.0, 0.0, 4.261057711119065e-06, 4.966666892869398e-05, -0.01669049821794033, 1.0, 0.016333334147930145, 4.261057711119065e-06, 0.0, 0.0, -0.9999986290931702, -0.016283666715025902, 0.0, 0.0]","[0.0, 0.0, 1.0, 0.7777528762817383, 0.0, 0.8586773872375488, 0.6720980405807495, 0.28866395354270935]",-1.6811877643088988
0.8000000000000002,234.24241638183594,55.84004592895508,0.6250600218772888,-0.000579833984375,1.0,"[0.6035192608833313, 0.0, 0.35765451192855835, 0.745191752910614]","[0.0, 0.0, 4.261057711119065e-06, 4.966666892869398e-05, -0.01669049821794033, 1.0, 0.016333334147930145, 4.261057711119065e-06, 0.0, 0.0, -0.9999986290931702, -0.016283666715025902, 0.0, 0.0]","[0.0, 0.0, 1.0, 0.7777528762817383, 0.0, 0.8586773872375488, 0.6720980405807495, 0.28866395354270935]",-2.337967490793681
0.8500000000000002,234.20162963867188,55.840091705322266,0.9161099791526794,-0.000579833984375,1.0,"[0.6226192712783813, 0.0, 0.25924044847488403, 0.8315714001655579]","[0.0, 0.0, 4.261057711119065e-06, 4.966666892869398e-05, -0.01669049821794033, 1.0, 0.016333334147930145, 4.261057711119065e-06, 0.0, 0.0, -0.9999986290931702, -0.016283666715025902, 0.0, 0.0]","[0.0, 0.0, 1.0, 0.7777528762817383, 0.0, 0.8586773872375488, 0.6720980405807495, 0.28866395354270935]",-2.660927385379982
0.9000000000000002,234.1475067138672,55.84004592895508,1.156209945678711,-0.000579833984375,1.0,"[0.6383756399154663, 0.0, 0.212832510471344, 0.9051272869110107]","[0.0, 0.0, 4.261057711119065e-06, 4.966666892869398e-05, -0.01669049821794033, 1.0, 0.016333334147930145, 4.261057711119065e-06, 0.0, 0.0, -0.9999986290931702, -0.016283666715025902, 0.0, 0.0]","[0.0, 0.0, 1.0, 0.7777528762817383, 0.0, 0.8586773872375488, 0.6720980405807495, 0.28866395354270935]",-2.976368938609949
0.9500000000000003,234.08175659179688,55.840091705322266,1.4143999814987183,-0.000579833984375,1.0,"[0.6553192734718323, 0.0, 0.22855427861213684, 0.943254292011261]","[0.0, 0.0, 4.261057711119065e-06, 4.966666892869398e-05, -0.01669049821794033, 1.0, 0.016333334147930145, 4.261057711119065e-06, 0.0, 0.0, -0.9999986290931702, -0.016283666715025902, 0.0, 0.0]","[0.0, 0.0, 1.0, 0.7777528762817383, 0.0, 0.8586773872375488, 0.6720980405807495, 0.28866395354270935]",-3.2876714773483924
1.0000000000000002,234.00379943847656,55.84009552001953,1.628350019454956,-0.000579833984375,1.0,"[0.6693596243858337, 0.0, 0.1888580173254013, 0.9183591604232788]","[0.0, 0.0, 4.261057711119065e-06, 4.966666892869398e-05, -0.01669049821794033, 1.0, 0.016333334147930145, 4.261057711119065e-06, 0.0, 0.0, -0.9999986290931702, -0.016283666715025902, 0.0, 0.0]","[0.0, 0.0, 1.0, 0.7777528762817383, 0.0, 0.8586773872375488, 0.6720980405807495, 0.28866395354270935]",-3.5948160674482033
1.0500000000000003,233.91500854492188,55.84003829956055,1.8967599868774414,-0.000579833984375,1.0,"[0.6869739294052124, 0.0, 0.23736219108104706, 0.9002580046653748]","[0.0, 0.0, 4.261057711119065e-06, 4.966666892869398e-05, -0.01669049821794033, 1.0, 0.016333334147930145, 4.261057711119065e-06, 0.0, 0.0, -0.9999986290931702, -0.016283666715025902, 0.0, 0.0]","[0.0, 0.0, 1.0, 0.7777528762817383, 0.0, 0.8586773872375488, 0.6720980405807495, 0.28866395354270935]",-4.2975258022031815
1.1000000000000003,233.8120574951172,55.83995056152344,2.1410601139068604,-0.000579833984375,1.0,"[0.7030059695243835, 0.0, 0.2171745002269745, 0.9354065656661987]","[0.0, 0.0, 4.261057711119065e-06, 4.966666892869398e-05, -0.01669049821794033, 1.0, 0.016333334147930145, 4.261057711119065e-06, 0.0, 0.0, -0.9999986290931702, -0.016283666715025902, 0.0, 0.0]","[0.0, 0.0, 1.0, 0.7777528762817383, 0.0, 0.8586773872375488, 0.6720980405807495, 0.28866395354270935]",-4.603510126313006
1.1500000000000004,233.69651794433594,55.83987045288086,2.420919895172119,-0.000579833984375,1.0,"[0.721371591091156, 0.0, 0.24787648022174835, 0.9205021858215332]","[0.0, 0.0, 4.261057711119065e-06, 4.966666892869398e-05, -0.01669049821794033, 1.0, 0.016333334147930145, 4.261057711119065e-06, 0.0, 0.0, -0.9999986290931702, -0.016283666715025902, 0.0, 0.0]","[0.0, 0.0, 1.0, 0.7777528762817383, 0.0, 0.8586773872375488, 0.6720980405807495, 0.28866395354270935]",-4.908910260345184
1.2000000000000004,233.5657501220703,55.8397216796875,2.7397398948669434,-0.000579833984375,1.0,"[0.7422939538955688, 0.0, 0.28171297907829285, 0.9168809056282043]","[0.0, 0.0, 4.261057711119065e-06, 4.966666892869398e-05, -0.01669049821794033, 1.0, 0.016333334147930145, 4.261057711119065e-06, 0.0, 0.0, -0.9999986290931702, -0.016283666715025902, 0.0, 0.0]","[0.0, 0.0, 1.0, 0.7777528762817383, 0.0, 0.8586773872375488, 0.6720980405807495, 0.28866395354270935]",-5.20931748236322
1.2500000000000004,233.41741943359375,55.83960723876953,3.1137900352478027,-0.000579833984375,1.0,"[0.7668408155441284, 0.0, 0.32947516441345215, 0.8988018035888672]","[0.0, 0.0, 4.261057711119065e-06, 4.966666892869398e-05, -0.01669049821794033, 1.0, 0.016333334147930145, 4.261057711119065e-06, 0.0, 0.0, -0.9999986290931702, -0.016283666715025902, 0.0, 0.0]","[0.0, 0.0, 1.0, 0.7777528762817383, 0.0, 0.8586773872375488, 0.6720980405807495, 0.28866395354270935]",-5.96906632409655
1.3000000000000005,233.2493896484375,55.83945083618164,3.504889965057373,-0.000579833984375,1.0,"[0.7925065755844116, 0.0, 0.3441406488418579, 0.945162832736969]","[0.0, 0.0, 4.261057711119065e-06, 4.966666892869398e-05, -0.01669049821794033, 1.0, 0.016333334147930145, 4.261057711119065e-06, 0.0, 0.0, -0.9999986290931702, -0.016283666715025902, 0.0, 0.0]","[0.0, 0.0, 1.0, 0.7777528762817383, 0.0, 0.8586773872375488, 0.6720980405807495, 0.28866395354270935]",-6.280084086449038
1.3500000000000005,233.06271362304688,55.83929443359375,3.8693699836730957,-0.000579833984375,1.0,"[0.8164253830909729, 0.0, 0.3207349479198456, 0.9344098567962646]","[0.0, 0.0, 4.261057711119065e-06, 4.966666892869398e-05, -0.01669049821794033, 1.0, 0.016333334147930145, 4.261057711119065e-06, 0.0, 0.0, -0.9999986290931702, -0.016283666715025902, 0.0, 0.0]","[0.0, 0.0, 1.0, 0.7777528762817383, 0.0, 0.8586773872375488, 0.6720980405807495, 0.28866395354270935]",-6.589936124830603
1.4000000000000006,232.8582763671875,55.83913803100586,4.221739768981934,-0.000579833984375,1.0,"[0.8395494222640991, 0.0, 0.3101147413253784, 0.9515830278396606]","[0.0, 0.0, 4.261057711119065e-06, 4.966666892869398e-05, -0.01669049821794033, 1.0, 0.016333334147930145, 4.261057711119065e-06, 0.0, 0.0, -0.9999986290931702, -0.016283666715025902, 0.0, 0.0]","[0.0, 0.0, 1.0, 0.7777528762817383, 0.0, 0.8586773872375488, 0.6720980405807495, 0.28866395354270935]",-6.896535712257091
1.4500000000000006,232.636474609375,55.83896255493164,4.570539951324463,-0.000579833984375,1.0,"[0.8624392747879028, 0.0, 0.3069991171360016, 0.9616699814796448]","[0.0, 0.0, 4.261057711119065e-06, 4.966666892869398e-05, -0.01669049821794033, 1.0, 0.016333334147930145, 4.261057711119065e-06, 0.0, 0.0, -0.9999986290931702, -0.016283666715025902, 0.0, 0.0]","[0.0, 0.0, 1.0, 0.7777528762817383, 0.0, 0.8586773872375488, 0.6720980405807495, 0.28866395354270935]",-7.66389103386706
1.5000000000000007,232.3972930908203,55.838783264160156,4.920100212097168,-0.000579833984375,1.0,"[0.8853789567947388, 0.0, 0.30770108103752136, 0.9649888277053833]","[0.0, 0.0, 4.261057711119065e-06, 4.966666892869398e-05, -0.01669049821794033, 1.0, 0.016333334147930145, 4.261057711119065e-06, 0.0, 0.0, -0.9999986290931702, -0.016283666715025902, 0.0, 0.0]","[0.0, 0.0, 1.0, 0.7777528762817383, 0.0, 0.8586773872375488, 0.6720980405807495, 0.28866395354270935]",-7.972659271465357
1.5500000000000007,232.1405792236328,55.83860397338867,5.2731099128723145,-0.000579833984375,1.0,"[0.9085450768470764, 0.0, 0.3107191026210785, 0.9602257013320923]","[0.0, 0.0, 4.261057711119065e-06, 4.966666892869398e-05, -0.01669049821794033, 1.0, 0.016333334147930145, 4.261057711119065e-06, 0.0, 0.0, -0.9999986290931702, -0.016283666715025902, 0.0, 0.0]","[0.0, 0.0, 1.0, 0.7777528762817383, 0.0, 0.8586773872375488, 0.6720980405807495, 0.28866395354270935]",-8.241536131842448
1.6000000000000008,231.86610412597656,55.83842086791992,5.62952995300293,-0.000579833984375,1.0,"[0.9319349527359009, 0.0, 0.31386151909828186, 0.9587052464485168]","[0.0, 0.0, 4.261057711119065e-06, 4.966666892869398e-05, -0.01669049821794033, 1.0, 0.016333334147930145, 4.261057711119065e-06, 0.0, 0.0, -0.9999986290931702, -0.016283666715025902, 0.0, 0.0]","[0.0, 0.0, 1.0, 0.7777528762817383, 0.0, 0.8586773872375488, 0.6720980405807495, 0.28866395354270935]",-8.382543008310172
1.6500000000000008,231.5751953125,55.8382568359375,5.896770000457764,-0.000579833984375,1.0,"[0.9494724273681641, 0.0, 0.23561492562294006, 0.8604892492294312]","[0.0, 0.0, 4.261057711119065e-06, 4.966666892869398e-05, -0.01669049821794033, 1.0, 0.016333334147930145, 4.261057711119065e-06, 0.0, 0.0, -0.9999986290931702, -0.016283666715025902, 0.0, 0.0]","[0.0, 0.0, 1.0, 0.7777528762817383, 0.0, 0.8586773872375488, 0.6720980405807495, 0.28866395354270935]",-8.270222936312672
1.7000000000000008,231.28189086914062,55.83811569213867,5.8720598220825195,-0.000579833984375,1.0,"[0.9478508234024048, 0.0, 0.0, 0.6629474759101868]","[0.0, 0.0, 4.261057711119065e-06, 4.966666892869398e-05, -0.01669049821794033, 1.0, 0.016333334147930145, 4.261057711119065e-06, 0.0, 0.0, -0.9999986290931702, -0.016283666715025902, 0.0, 0.0]","[0.0, 0.0, 1.0, 0.7777528762817383, 0.0, 0.8586773872375488, 0.6720980405807495, 0.28866395354270935]",-8.140735714251113
1.7500000000000009,230.98880004882812,55.837982177734375,5.887710094451904,-0.000579833984375,1.0,"[0.9488779306411743, 0.0, 0.007147692143917084, 0.9501135349273682]","[0.0, 0.0, 4.261057711119065e-06, 4.966666892869398e-05, -0.01669049821794033, 1.0, 0.016333334147930145, 4.261057711119065e-06, 0.0, 0.0, -0.9999986290931702, -0.016283666715025902, 0.0, 0.0]","[0.0, 0.0, 1.0, 0.7777528762817383, 0.0, 0.8586773872375488, 0.6720980405807495, 0.28866395354270935]",-8.01281391278543
1.800000000000001,230.69073486328125,55.83786392211914,6.174769878387451,-0.000579833984375,1.0,"[0.9677160382270813, 0.0, 0.2528395354747772, 0.6509768962860107]","[0.0, 0.0, 4.261057711119065e-06, 4.966666892869398e-05, -0.01669049821794033, 1.0, 0.016333334147930145, 4.261057711119065e-06, 0.0, 0.0, -0.9999986290931702, -0.016283666715025902, 0.0, 0.0]","[0.0, 0.0, 1.0, 0.7777528762817383, 0.0, 0.8586773872375488, 0.6720980405807495, 0.28866395354270935]",-8.055827071939433
1.850000000000001,230.36749267578125,55.8377571105957,6.598629951477051,-0.000579833984375,1.0,"[0.9955316185951233, 0.0, 0.37323692440986633, 0.8042339086532593]","[0.0, 0.0, 4.261057711119065e-06, 4.966666892869398e-05, -0.01669049821794033, 1.0, 0.016333334147930145, 4.261057711119065e-06, 0.0, 0.0, -0.9999986290931702, -0.016283666715025902, 0.0, 0.0]","[0.0, 0.0, 1.0, 0.7777528762817383, 0.0, 0.8586773872375488, 0.6720980405807495, 0.28866395354270935]",-7.925180843058721
1.900000000000001,230.02491760253906,55.83766555786133,6.9935197830200195,-0.000579833984375,1.0,"[0.9785538911819458, 0.0, 0.34774020314216614, 0.9316852688789368]","[0.0, 0.0, 4.261057711119065e-06, 4.966666892869398e-05, -0.01669049821794033, 1.0, 0.016333334147930145, 4.261057711119065e-06, 0.0, 0.0, -0.9999986290931702, -0.016283666715025902, 0.0, 0.0]","[0.0, 0.0, 1.0, 0.7777528762817383, 0.0, 0.8586773872375488, 0.6720980405807495, 0.28866395354270935]",-7.8008083551539364
1.950000000000001,229.6621856689453,55.83759307861328,7.414279937744141,-0.000579833984375,1.0,"[0.950941801071167, 0.0, 0.370579332113266, 0.9353390336036682]","[0.0, 0.0, 4.261057711119065e-06, 4.966666892869398e-05, -0.01669049821794033, 1.0, 0.016333334147930145, 4.261057711119065e-06, 0.0, 0.0, -0.9999986290931702, -0.016283666715025902, 0.0, 0.0]","[0.0, 0.0, 1.0, 0.7777528762817383, 0.0, 0.8586773872375488, 0.6720980405807495, 0.28866395354270935]",-7.669843012029885
2.000000000000001,229.2789764404297,55.83753967285156,7.816259860992432,-0.000579833984375,1.0,"[0.9245620369911194, 0.0, 0.3540896475315094, 0.9436811208724976]","[0.0, 0.0, 4.261057711119065e-06, 4.966666892869398e-05, -0.01669049821794033, 1.0, 0.016333334147930145, 4.261057711119065e-06, 0.0, 0.0, -0.9999986290931702, -0.016283666715025902, 0.0, 0.0]","[0.0, 0.0, 1.0, 0.7777528762817383, 0.0, 0.8586773872375488, 0.6720980405807495, 0.28866395354270935]",-7.78115819465334
2.0500000000000007,228.87464904785156,55.83750915527344,8.254440307617188,-0.000579833984375,1.0,"[0.8958066701889038, 0.0, 0.3860597312450409, 0.9230896830558777]","[0.0, 0.0, 4.261057711119065e-06, 4.966666892869398e-05, -0.01669049821794033, 1.0, 0.016333334147930145, 4.261057711119065e-06, 0.0, 0.0, -0.9999986290931702, -0.016283666715025902, 0.0, 0.0]","[0.0, 0.0, 1.0, 0.7777528762817383, 0.0, 0.8586773872375488, 0.6720980405807495, 0.28866395354270935]",-7.647363515246003
2.1000000000000005,228.44882202148438,55.83750915527344,8.680379867553711,-0.000579833984375,1.0,"[0.8678545951843262, 0.0, 0.37525272369384766, 0.9514018297195435]","[0.0, 0.0, 4.261057711119065e-06, 4.966666892869398e-05, -0.01669049821794033, 1.0, 0.016333334147930145, 4.261057711119065e-06, 0.0, 0.0, -0.9999986290931702, -0.016283666715025902, 0.0, 0.0]","[0.0, 0.0, 1.0, 0.7777528762817383, 0.0, 0.8586773872375488, 0.6720980405807495, 0.28866395354270935]",-7.4881582961252064
2.1500000000000004,228.0001678466797,55.837547302246094,9.151820182800293,-0.000579833984375,1.0,"[0.8369165658950806, 0.0, 0.41535869240760803, 0.9121230244636536]","[0.0, 0.0, 4.261057711119065e-06, 4.966666892869398e-05, -0.01669049821794033, 1.0, 0.016333334147930145, 4.261057711119065e-06, 0.0, 0.0, -0.9999986290931702, -0.016283666715025902, 0.0, 0.0]","[0.0, 0.0, 1.0, 0.7777528762817383, 0.0, 0.8586773872375488, 0.6720980405807495, 0.28866395354270935]",-7.315081855728076
2.2,227.5330810546875,55.83761978149414,9.432490348815918,-0.000579833984375,1.0,"[0.8184977769851685, 0.0, 0.24767601490020752, 0.740463376045227]","[0.0, 0.0, 4.261057711119065e-06, 4.966666892869398e-05, -0.01669049821794033, 1.0, 0.016333334147930145, 4.261057711119065e-06, 0.0, 0.0, -0.9999986290931702, -0.016283666715025902, 0.0, 0.0]","[0.0, 0.0, 1.0, 0.7777528762817383, 0.0, 0.8586773872375488, 0.6720980405807495, 0.28866395354270935]",-7.407796812389877
2.25,227.06744384765625,55.837738037109375,9.262439727783203,-0.000579833984375,1.0,"[0.829657256603241, 0.0, 0.07112220674753189, 0.4988671541213989]","[0.0, 0.0, 4.261057711119065e-06, 4.966666892869398e-05, -0.01669049821794033, 1.0, 0.016333334147930145, 4.261057711119065e-06, 0.0, 0.0, -0.9999986290931702, -0.016283666715025902, 0.0, 0.0]","[0.0, 0.0, 1.0, 0.7777528762817383, 0.0, 0.8586773872375488, 0.6720980405807495, 0.28866395354270935]",-7.237975191994357
2.3,226.6000518798828,55.837890625,9.460040092468262,-0.000579833984375,1.0,"[0.8166898488998413, 0.0, 0.1100904569029808, 0.5706192851066589]","[0.0, 0.0, 4.261057711119065e-06, 4.966666892869398e-05, -0.01669049821794033, 1.0, 0.016333334147930145, 4.261057711119065e-06, 0.0, 0.0, -0.9999986290931702, -0.016283666715025902, 0.0, 0.0]","[0.0, 0.0, 1.0, 0.7777528762817383, 0.0, 0.8586773872375488, 0.6720980405807495, 0.28866395354270935]",-7.069020806971828
2.3499999999999996,226.1096649169922,55.83810043334961,10.016639709472656,-0.000579833984375,1.0,"[0.7801632881164551, 0.0, 0.4847147464752197, 0.57137131690979]","[0.0, 0.0, 4.261057711119065e-06, 4.966666892869398e-05, -0.01669049821794033, 1.0, 0.016333334147930145, 4.261057711119065e-06, 0.0, 0.0, -0.9999986290931702, -0.016283666715025902, 0.0, 0.0]","[0.0, 0.0, 1.0, 0.7777528762817383, 0.0, 0.8586773872375488, 0.6720980405807495, 0.28866395354270935]",-6.876900914162021
2.3999999999999995,225.59429931640625,55.8383674621582,10.474329948425293,-0.000579833984375,1.0,"[0.7501275539398193, 0.0, 0.4035538136959076, 0.8490132093429565]","[0.0, 0.0, 4.261057711119065e-06, 4.966666892869398e-05, -0.01669049821794033, 1.0, 0.016333334147930145, 4.261057711119065e-06, 0.0, 0.0, -0.9999986290931702, -0.016283666715025902, 0.0, 0.0]","[0.0, 0.0, 1.0, 0.7777528762817383, 0.0, 0.8586773872375488, 0.6720980405807495, 0.28866395354270935]",-6.999483569439216
2.4499999999999993,225.05804443359375,55.83870315551758,10.870610237121582,-0.000579833984375,1.0,"[0.7241219282150269, 0.0, 0.34960439801216125, 0.8933177590370178]","[0.0, 0.0, 4.261057711119065e-06, 4.966666892869398e-05, -0.01669049821794033, 1.0, 0.016333334147930145, 4.261057711119065e-06, 0.0, 0.0, -0.9999986290931702, -0.016283666715025902, 0.0, 0.0]","[0.0, 0.0, 1.0, 0.7777528762817383, 0.0, 0.8586773872375488, 0.6720980405807495, 0.28866395354270935]",-6.80247036891089
2.499999999999999,224.50352478027344,55.83910369873047,11.225110054016113,-0.000579833984375,1.0,"[0.7008579969406128, 0.0, 0.31293100118637085, 0.9165309071540833]","[0.0, 0.0, 4.261057711119065e-06, 4.966666892869398e-05, -0.01669049821794033, 1.0, 0.016333334147930145, 4.261057711119065e-06, 0.0, 0.0, -0.9999986290931702, -0.016283666715025902, 0.0, 0.0]","[0.0, 0.0, 1.0, 0.7777528762817383, 0.0, 0.8586773872375488, 0.6720980405807495, 0.28866395354270935]",-6.594317460019284
2.549999999999999,223.9322967529297,55.83958053588867,11.55148983001709,-0.000579833984375,1.0,"[0.6794395446777344, 0.0, 0.2882708013057709, 0.932671844959259]","[0.0, 0.0, 4.261057711119065e-06, 4.966666892869398e-05, -0.01669049821794033, 1.0, 0.016333334147930145, 4.261057711119065e-06, 0.0, 0.0, -0.9999986290931702, -0.016283666715025902, 0.0, 0.0]","[0.0, 0.0, 1.0, 0.7777528762817383, 0.0, 0.8586773872375488, 0.6720980405807495, 0.28866395354270935]",-6.39254446275929
2.5999999999999988,223.345458984375,55.84012985229492,11.859129905700684,-0.000579833984375,1.0,"[0.6592508554458618, 0.0, 0.2718580365180969, 0.943755567073822]","[0.0, 0.0, 4.261057711119065e-06, 4.966666892869398e-05, -0.01669049821794033, 1.0, 0.016333334147930145, 4.261057711119065e-06, 0.0, 0.0, -0.9999986290931702, -0.016283666715025902, 0.0, 0.0]","[0.0, 0.0, 1.0, 0.7777528762817383, 0.0, 0.8586773872375488, 0.6720980405807495, 0.28866395354270935]",-6.591484073749976
2.6499999999999986,222.74371337890625,55.84075927734375,12.154470443725586,-0.000579833984375,1.0,"[0.639869213104248, 0.0, 0.26109713315963745, 0.9513508677482605]","[0.0, 0.0, 4.261057711119065e-06, 4.966666892869398e-05, -0.01669049821794033, 1.0, 0.016333334147930145, 4.261057711119065e-06, 0.0, 0.0, -0.9999986290931702, -0.016283666715025902, 0.0, 0.0]","[0.0, 0.0, 1.0, 0.7777528762817383, 0.0, 0.8586773872375488, 0.6720980405807495, 0.28866395354270935]",-6.408902124124059
2.6999999999999984,222.12750244140625,55.841468811035156,12.441880226135254,-0.000579833984375,1.0,"[0.6210081577301025, 0.0, 0.254197359085083, 0.9565442800521851]","[0.0, 0.0, 4.261057711119065e-06, 4.966666892869398e-05, -0.01669049821794033, 1.0, 0.016333334147930145, 4.261057711119065e-06, 0.0, 0.0, -0.9999986290931702, -0.016283666715025902, 0.0, 0.0]","[0.0, 0.0, 1.0, 0.7777528762817383, 0.0, 0.8586773872375488, 0.6720980405807495, 0.28866395354270935]",-6.237649916374825
2.7499999999999982,221.49710083007812,55.84226989746094,12.724390029907227,-0.000579833984375,1.0,"[0.6024686098098755, 0.0, 0.24994726479053497, 0.9601055979728699]","[0.0, 0.0, 4.261057711119065e-06, 4.966666892869398e-05, -0.01669049821794033, 1.0, 0.016333334147930145, 4.261057711119065e-06, 0.0, 0.0, -0.9999986290931702, -0.016283666715025902, 0.0, 0.0]","[0.0, 0.0, 1.0, 0.7777528762817383, 0.0, 0.8586773872375488, 0.6720980405807495, 0.28866395354270935]",-6.0763158351643805
2.799999999999998,220.85263061523438,55.84315872192383,13.004050254821777,-0.000579833984375,1.0,"[0.5841159820556641, 0.0, 0.24750551581382751, 0.9625359177589417]","[0.0, 0.0, 4.261057711119065e-06, 4.966666892869398e-05, -0.01669049821794033, 1.0, 0.016333334147930145, 4.261057711119065e-06, 0.0, 0.0, -0.9999986290931702, -0.016283666715025902, 0.0, 0.0]","[0.0, 0.0, 1.0, 0.7777528762817383, 0.0, 0.8586773872375488, 0.6720980405807495, 0.28866395354270935]",-6.44576609694929
2.849999999999998,220.19419860839844,55.84415054321289,13.282279968261719,-0.000579833984375,1.0,"[0.5658573508262634, 0.0, 0.24630723893642426, 0.9642069339752197]","[0.0, 0.0, 4.261057711119065e-06, 4.966666892869398e-05, -0.01669049821794033, 1.0, 0.016333334147930145, 4.261057711119065e-06, 0.0, 0.0, -0.9999986290931702, -0.016283666715025902, 0.0, 0.0]","[0.0, 0.0, 1.0, 0.7777528762817383, 0.0, 0.8586773872375488, 0.6720980405807495, 0.28866395354270935]",-6.299787421741328
2.8999999999999977,219.5218963623047,55.84524154663086,13.560400009155273,-0.000579833984375,1.0,"[0.5476058721542358, 0.0, 0.24627120792865753, 0.9657383561134338]","[0.0, 0.0, 4.261057711119065e-06, 4.966666892869398e-05, -0.01669049821794033, 1.0, 0.016333334147930145, 4.261057711119065e-06, 0.0, 0.0, -0.9999986290931702, -0.016283666715025902, 0.0, 0.0]","[0.0, 0.0, 1.0, 0.7777528762817383, 0.0, 0.8586773872375488, 0.6720980405807495, 0.28866395354270935]",-6.13658299824956
2.9499999999999975,218.84632873535156,55.8464241027832,13.501079559326172,-0.000579833984375,1.0,"[0.5514987111091614, 0.0, 0.0, 0.6169599890708923]","[0.0, 0.0, 4.261057711119065e-06, 4.966666892869398e-05, -0.01669049821794033, 1.0, 0.016333334147930145, 4.261057711119065e-06, 0.0, 0.0, -0.9999986290931702, -0.016283666715025902, 0.0, 0.0]","[0.0, 0.0, 1.0, 0.7777528762817383, 0.0, 0.8586773872375488, 0.6720980405807495, 0.28866395354270935]",-5.976402797859631
2.9999999999999973,218.1707000732422,55.84768295288086,13.547880172729492,-0.000579833984375,1.0,"[0.5484274625778198, 0.0, 0.024370547384023666, 0.8682093620300293]","[0.0, 0.0, 4.261057711119065e-06, 4.966666892869398e-05, -0.01669049821794033, 1.0, 0.016333334147930145, 4.261057711119065e-06, 0.0, 0.0, -0.9999986290931702, -0.016283666715025902, 0.0, 0.0]","[0.0, 0.0, 1.0, 0.7777528762817383, 0.0, 0.8586773872375488, 0.6720980405807495, 0.28866395354270935]",-6.379156335018973
3.049999999999997,217.48789978027344,55.84905242919922,13.805569648742676,-0.000579833984375,1.0,"[0.5315167307853699, 0.0, 0.22845494747161865, 0.7166646122932434]","[0.0, 0.0, 4.261057711119065e-06, 4.966666892869398e-05, -0.01669049821794033, 1.0, 0.016333334147930145, 4.261057711119065e-06, 0.0, 0.0, -0.9999986290931702, -0.016283666715025902, 0.0, 0.0]","[0.0, 0.0, 1.0, 0.7777528762817383, 0.0, 0.8586773872375488, 0.6720980405807495, 0.28866395354270935]",-6.303556023434154
3.099999999999997,216.78843688964844,55.85054016113281,14.104570388793945,-0.000579833984375,1.0,"[0.511894941329956, 0.0, 0.2648378014564514, 0.9170860052108765]","[0.0, 0.0, 4.261057711119065e-06, 4.966666892869398e-05, -0.01669049821794033, 1.0, 0.016333334147930145, 4.261057711119065e-06, 0.0, 0.0, -0.9999986290931702, -0.016283666715025902, 0.0, 0.0]","[0.0, 0.0, 1.0, 0.7777528762817383, 0.0, 0.8586773872375488, 0.6720980405807495, 0.28866395354270935]",-6.214712068713244
3.149999999999997,216.07485961914062,55.85214614868164,14.374600410461426,-0.000579833984375,1.0,"[0.49417436122894287, 0.0, 0.23942063748836517, 0.9316785335540771]","[0.0, 0.0, 4.261057711119065e-06, 4.966666892869398e-05, -0.01669049821794033, 1.0, 0.016333334147930145, 4.261057711119065e-06, 0.0, 0.0, -0.9999986290931702, -0.016283666715025902, 0.0, 0.0]","[0.0, 0.0, 1.0, 0.7777528762817383, 0.0, 0.8586773872375488, 0.6720980405807495, 0.28866395354270935]",-6.108256476448634
3.1999999999999966,215.34841918945312,55.853885650634766,14.6256103515625,-0.000579833984375,1.0,"[0.47770196199417114, 0.0, 0.222737118601799, 0.9434155821800232]","[0.0, 0.0, 4.261057711119065e-06, 4.966666892869398e-05, -0.01669049821794033, 1.0, 0.016333334147930145, 4.261057711119065e-06, 0.0, 0.0, -0.9999986290931702, -0.016283666715025902, 0.0, 0.0]","[0.0, 0.0, 1.0, 0.7777528762817383, 0.0, 0.8586773872375488, 0.6720980405807495, 0.28866395354270935]",-6.592759744879628
3.2499999999999964,214.60987854003906,55.85576629638672,14.863920211791992,-0.000579833984375,1.0,"[0.4620630145072937, 0.0, 0.21161141991615295, 0.9524808526039124]","[0.0, 0.0, 4.261057711119065e-06, 4.966666892869398e-05, -0.01669049821794033, 1.0, 0.016333334147930145, 4.261057711119065e-06, 0.0, 0.0, -0.9999986290931702, -0.016283666715025902, 0.0, 0.0]","[0.0, 0.0, 1.0, 0.7777528762817383, 0.0, 0.8586773872375488, 0.6720980405807495, 0.28866395354270935]",-6.46017302443977
3.2999999999999963,213.85972595214844,55.85776901245117,15.093810081481934,-0.000579833984375,1.0,"[0.4469766616821289, 0.0, 0.20426900684833527, 0.9587084650993347]","[0.0, 0.0, 4.261057711119065e-06, 4.966666892869398e-05, -0.01669049821794033, 1.0, 0.016333334147930145, 4.261057711119065e-06, 0.0, 0.0, -0.9999986290931702, -0.016283666715025902, 0.0, 0.0]","[0.0, 0.0, 1.0, 0.7777528762817383, 0.0, 0.8586773872375488, 0.6720980405807495, 0.28866395354270935]",-6.315281981769403
3.349999999999996,213.0983123779297,55.86127471923828,15.317680358886719,-0.013336181640625,1.0,"[0.43228524923324585, 0.0, 0.23827163875102997, 0.9259626865386963]","[0.0, 0.0, 4.261057711119065e-06, 4.966666892869398e-05, -0.01669049821794033, 1.0, 0.016333334147930145, 4.261057711119065e-06, 0.0, 0.0, -0.9999986290931702, -0.016283666715025902, 0.0, 0.0]","[0.0, 0.0, 1.0, 0.7777528762817383, 0.0, 0.8586773872375488, 0.6720980405807495, 0.28866395354270935]",-6.180184632127944
3.399999999999996,212.32586669921875,55.86659622192383,15.538220405578613,-0.01416015625,1.0,"[0.4178124666213989, 0.0, 0.2335433065891266, 0.9614138007164001]","[0.0, 0.0, 4.261057711119065e-06, 4.966666892869398e-05, -0.01669049821794033, 1.0, 0.016333334147930145, 4.261057711119065e-06, 0.0, 0.0, -0.9999986290931702, -0.016283666715025902, 0.0, 0.0]","[0.0, 0.0, 1.0, 0.7777528762817383, 0.0, 0.8586773872375488, 0.6720980405807495, 0.28866395354270935]",-6.363946338549726
3.4499999999999957,211.54248046875,55.87373352050781,15.756660461425781,-0.01434326171875,1.0,"[0.40347743034362793, 0.0, 0.2344333827495575, 0.9653639793395996]","[0.0, 0.0, 4.261057711119065e-06, 4.966666892869398e-05, -0.01669049821794033, 1.0, 0.016333334147930145, 4.261057711119065e-06, 0.0, 0.0, -0.9999986290931702, -0.016283666715025902, 0.0, 0.0]","[0.0, 0.0, 1.0, 0.7777528762817383, 0.0, 0.8586773872375488, 0.6720980405807495, 0.28866395354270935]",-5.791646433701328
3.4999999999999956,210.7482147216797,55.882938385009766,15.973859786987305,-0.014312744140625,1.0,"[0.3892238140106201, 0.0, 0.23736219108104706, 0.9650726318359375]","[0.0, 0.0, 4.261057711119065e-06, 4.966666892869398e-05, -0.01669049821794033, 1.0, 0.016333334147930145, 4.261057711119065e-06, 0.0, 0.0, -0.9999986290931702, -0.016283666715025902, 0.0, 0.0]","[0.0, 0.0, 1.0, 0.7777528762817383, 0.0, 0.8586773872375488, 0.6720980405807495, 0.28866395354270935]",-5.226979745420331
3.5499999999999954,209.94317626953125,55.89448165893555,16.190420150756836,-0.014190673828125,1.0,"[0.3750121593475342, 0.0, 0.24083954095840454, 0.96540367603302]","[0.0, 0.0, 4.261057711119065e-06, 4.966666892869398e-05, -0.01669049821794033, 1.0, 0.016333334147930145, 4.261057711119065e-06, 0.0, 0.0, -0.9999986290931702, -0.016283666715025902, 0.0, 0.0]","[0.0, 0.0, 1.0, 0.7777528762817383, 0.0, 0.8586773872375488, 0.6720980405807495, 0.28866395354270935]",-4.662028094102756
3.599999999999995,209.1273193359375,55.90863037109375,16.40675926208496,-0.014190673828125,1.0,"[0.36081498861312866, 0.0, 0.24472615122795105, 0.9655179381370544]","[0.0, 0.0, 4.261057711119065e-06, 4.966666892869398e-05, -0.01669049821794033, 1.0, 0.016333334147930145, 4.261057711119065e-06, 0.0, 0.0, -0.9999986290931702, -0.016283666715025902, 0.0, 0.0]","[0.0, 0.0, 1.0, 0.7777528762817383, 0.0, 0.8586773872375488, 0.6720980405807495, 0.28866395354270935]",-4.409293304515995
3.649999999999995,208.3007049560547,55.92564010620117,16.623159408569336,-0.014190673828125,1.0,"[0.3466138243675232, 0.0, 0.24829009175300598, 0.9661219120025635]","[0.0, 0.0, 4.261057711119065e-06, 4.966666892869398e-05, -0.01669049821794033, 1.0, 0.016333334147930145, 4.261057711119065e-06, 0.0, 0.0, -0.9999986290931702, -0.016283666715025902, 0.0, 0.0]","[0.0, 0.0, 1.0, 0.7777528762817383, 0.0, 0.8586773872375488, 0.6720980405807495, 0.28866395354270935]",-3.8833104913694942
3.699999999999995,207.46331787109375,55.94570541381836,16.839839935302734,-0.01416015625,1.0,"[0.3323943018913269, 0.0, 0.2514320909976959, 0.9666314125061035]","[0.0, 0.0, 4.261057711119065e-06, 4.966666892869398e-05, -0.01669049821794033, 1.0, 0.016333334147930145, 4.261057711119065e-06, 0.0, 0.0, -0.9999986290931702, -0.016283666715025902, 0.0, 0.0]","[0.0, 0.0, 1.0, 0.7777528762817383, 0.0, 0.8586773872375488, 0.6720980405807495, 0.28866395354270935]",-3.3548219217859216
3.7499999999999947,206.6151885986328,55.96898651123047,17.056970596313477,-0.013763427734375,1.0,"[0.318145215511322, 0.0, 0.2531925439834595, 0.9680699706077576]","[0.0, 0.0, 4.261057711119065e-06, 4.966666892869398e-05, -0.01669049821794033, 1.0, 0.016333334147930145, 4.261057711119065e-06, 0.0, 0.0, -0.9999986290931702, -0.016283666715025902, 0.0, 0.0]","[0.0, 0.0, 1.0, 0.7777528762817383, 0.0, 0.8586773872375488, 0.6720980405807495, 0.28866395354270935]",-2.801825439400438
3.7999999999999945,205.7562255859375,55.9954833984375,17.274709701538086,-0.012359619140625,1.0,"[0.3038561940193176, 0.0, 0.25171735882759094, 0.9686648845672607]","[0.0, 0.0, 4.261057711119065e-06, 4.966666892869398e-05, -0.01669049821794033, 1.0, 0.016333334147930145, 4.261057711119065e-06, 0.0, 0.0, -0.9999986290931702, -0.016283666715025902, 0.0, 0.0]","[0.0, 0.0, 1.0, 0.7777528762817383, 0.0, 0.8586773872375488, 0.6720980405807495, 0.28866395354270935]",-2.5025383388298055
3.8499999999999943,204.88645935058594,56.02499008178711,17.493209838867188,-0.009307861328125,1.0,"[0.28951722383499146, 0.0, 0.2450931817293167, 0.9629992246627808]","[0.0, 0.0, 4.261057711119065e-06, 4.966666892869398e-05, -0.01669049821794033, 1.0, 0.016333334147930145, 4.261057711119065e-06, 0.0, 0.0, -0.9999986290931702, -0.016283666715025902, 0.0, 0.0]","[0.0, 0.0, 1.0, 0.7777528762817383, 0.0, 0.8586773872375488, 0.6720980405807495, 0.28866395354270935]",-1.9148707146731003
3.899999999999994,204.00582885742188,56.057010650634766,17.712539672851562,-0.004150390625,1.0,"[0.27512383460998535, 0.0, 0.231611430644989, 0.9555342197418213]","[0.0, 0.0, 4.261057711119065e-06, 4.966666892869398e-05, -0.01669049821794033, 1.0, 0.016333334147930145, 4.261057711119065e-06, 0.0, 0.0, -0.9999986290931702, -0.016283666715025902, 0.0, 0.0]","[0.0, 0.0, 1.0, 0.7777528762817383, 0.0, 0.8586773872375488, 0.6720980405807495, 0.28866395354270935]",-1.3109802908927501
3.949999999999994,203.1142578125,56.09097671508789,17.932619094848633,0.00091552734375,1.0,"[0.26068127155303955, 0.0, 0.21750901639461517, 0.9547149538993835]","[0.0, 0.0, 4.261057711119065e-06, 4.966666892869398e-05, -0.01669049821794033, 1.0, 0.016333334147930145, 4.261057711119065e-06, 0.0, 0.0, -0.9999986290931702, -0.016283666715025902, 0.0, 0.0]","[0.0, 0.0, 1.0, 0.7777528762817383, 0.0, 0.8586773872375488, 0.6720980405807495, 0.28866395354270935]",-0.6990129728004033
3.999999999999994,202.2171630859375,56.12629318237305,17.95796012878418,0.003326416015625,1.0,"[0.2590182423591614, 0.0, 0.038588572293519974, 0.7635453343391418]","[0.0, 0.0, 4.261057711119065e-06, 4.966666892869398e-05, -0.01669049821794033, 1.0, 0.016333334147930145, 4.261057711119065e-06, 0.0, 0.0, -0.9999986290931702, -0.016283666715025902, 0.0, 0.0]","[0.0, 0.0, 1.0, 0.7777528762817383, 0.0, 0.8586773872375488, 0.6720980405807495, 0.28866395354270935]",-0.36759703297464896
4.049999999999994,201.3209991455078,56.162479400634766,17.946779251098633,0.0035400390625,1.0,"[0.25975197553634644, 0.0, 0.015738019719719887, 0.9534796476364136]","[0.0, 0.0, 4.261057711119065e-06, 4.966666892869398e-05, -0.01669049821794033, 1.0, 0.016333334147930145, 4.261057711119065e-06, 0.0, 0.0, -0.9999986290931702, -0.016283666715025902, 0.0, 0.0]","[0.0, 0.0, 1.0, 0.7777528762817383, 0.0, 0.8586773872375488, 0.6720980405807495, 0.28866395354270935]",0.2344687125901963
4.099999999999993,200.42120361328125,56.1995849609375,18.122549057006836,0.0020751953125,1.0,"[0.24821722507476807, 0.0, 0.13356880843639374, 0.754509687423706]","[0.0, 0.0, 4.261057711119065e-06, 4.966666892869398e-05, -0.01669049821794033, 1.0, 0.016333334147930145, 4.261057711119065e-06, 0.0, 0.0, -0.9999986290931702, -0.016283666715025902, 0.0, 0.0]","[0.0, 0.0, 1.0, 0.7777528762817383, 0.0, 0.8586773872375488, 0.6720980405807495, 0.28866395354270935]",0.8207057092890268
4.149999999999993,199.50851440429688,56.23783874511719,18.360979080200195,0.000732421875,1.0,"[0.2325703501701355, 0.0, 0.21982328593730927, 0.8932926058769226]","[0.0, 0.0, 4.261057711119065e-06, 4.966666892869398e-05, -0.01669049821794033, 1.0, 0.016333334147930145, 4.261057711119065e-06, 0.0, 0.0, -0.9999986290931702, -0.016283666715025902, 0.0, 0.0]","[0.0, 0.0, 1.0, 0.7777528762817383, 0.0, 0.8586773872375488, 0.6720980405807495, 0.28866395354270935]",0.5915389963945223
4.199999999999993,198.58482360839844,56.27693557739258,18.568349838256836,0.00067138671875,1.0,"[0.21896177530288696, 0.0, 0.18800614774227142, 0.93455570936203]","[0.0, 0.0, 4.261057711119065e-06, 4.966666892869398e-05, -0.01669049821794033, 1.0, 0.016333334147930145, 4.261057711119065e-06, 0.0, 0.0, -0.9999986290931702, -0.016283666715025902, 0.0, 0.0]","[0.0, 0.0, 1.0, 0.7777528762817383, 0.0, 0.8586773872375488, 0.6720980405807495, 0.28866395354270935]",0.311641073120715
4.249999999999993,197.65145874023438,56.31648635864258,18.754859924316406,0.001861572265625,1.0,"[0.20672214031219482, 0.0, 0.16647207736968994, 0.9483724236488342]","[0.0, 0.0, 4.261057711119065e-06, 4.966666892869398e-05, -0.01669049821794033, 1.0, 0.016333334147930145, 4.261057711119065e-06, 0.0, 0.0, -0.9999986290931702, -0.016283666715025902, 0.0, 0.0]","[0.0, 0.0, 1.0, 0.7777528762817383, 0.0, 0.8586773872375488, 0.6720980405807495, 0.28866395354270935]",-0.28336777585135686
4.299999999999993,196.7092742919922,56.35603332519531,18.92738914489746,0.0042724609375,1.0,"[0.1953999400138855, 0.0, 0.16364790499210358, 0.9560473561286926]","[0.0, 0.0, 4.261057711119065e-06, 4.966666892869398e-05, -0.01669049821794033, 1.0, 0.016333334147930145, 4.261057711119065e-06, 0.0, 0.0, -0.9999986290931702, -0.016283666715025902, 0.0, 0.0]","[0.0, 0.0, 1.0, 0.7777528762817383, 0.0, 0.8586773872375488, 0.6720980405807495, 0.28866395354270935]",-0.8764830960869845
4.3499999999999925,195.7587890625,56.39506530761719,19.090530395507812,0.007293701171875,1.0,"[0.18469393253326416, 0.0, 0.16637273132801056, 0.9603656530380249]","[0.0, 0.0, 4.261057711119065e-06, 4.966666892869398e-05, -0.01669049821794033, 1.0, 0.016333334147930145, 4.261057711119065e-06, 0.0, 0.0, -0.9999986290931702, -0.016283666715025902, 0.0, 0.0]","[0.0, 0.0, 1.0, 0.7777528762817383, 0.0, 0.8586773872375488, 0.6720980405807495, 0.28866395354270935]",-1.4716796125173088
4.399999999999992,194.80032348632812,56.433162689208984,19.247400283813477,0.00946044921875,1.0,"[0.17439937591552734, 0.0, 0.16960351169109344, 0.9656120538711548]","[0.0, 0.0, 4.261057711119065e-06, 4.966666892869398e-05, -0.01669049821794033, 1.0, 0.016333334147930145, 4.261057711119065e-06, 0.0, 0.0, -0.9999986290931702, -0.016283666715025902, 0.0, 0.0]","[0.0, 0.0, 1.0, 0.7777528762817383, 0.0, 0.8586773872375488, 0.6720980405807495, 0.28866395354270935]",-1.6966485212219151
4.449999999999992,193.83412170410156,56.47005081176758,19.400169372558594,0.009857177734375,1.0,"[0.1643739938735962, 0.0, 0.17035163938999176, 0.9716132879257202]","[0.0, 0.0, 4.261057711119065e-06, 4.966666892869398e-05, -0.01669049821794033, 1.0, 0.016333334147930145, 4.261057711119065e-06, 0.0, 0.0, -0.9999986290931702, -0.016283666715025902, 0.0, 0.0]","[0.0, 0.0, 1.0, 0.7777528762817383, 0.0, 0.8586773872375488, 0.6720980405807495, 0.28866395354270935]",-2.283855461397308
4.499999999999992,192.8603057861328,56.5054931640625,19.550220489501953,0.009918212890625,1.0,"[0.154526948928833, 0.0, 0.1724703311920166, 0.9731183648109436]","[0.0, 0.0, 4.261057711119065e-06, 4.966666892869398e-05, -0.01669049821794033, 1.0, 0.016333334147930145, 4.261057711119065e-06, 0.0, 0.0, -0.9999986290931702, -0.016283666715025902, 0.0, 0.0]","[0.0, 0.0, 1.0, 0.7777528762817383, 0.0, 0.8586773872375488, 0.6720980405807495, 0.28866395354270935]",-2.868510291432319
4.549999999999992,191.8789825439453,56.53947067260742,19.698259353637695,0.007476806640625,0.9921875,"[0.14481204748153687, 0.05040000006556511, 0.16742637753486633, 0.9755285978317261]","[0.0, 0.0, 4.261057711119065e-06, 4.966666892869398e-05, -0.01669049821794033, 1.0, 0.016333334147930145, 4.261057711119065e-06, 0.0, 0.0, -0.9999986290931702, -0.016283666715025902, 0.0, 0.0]","[0.0, 0.0, 1.0, 0.7777528762817383, 0.0, 0.8586773872375488, 0.6720980405807495, 0.28866395354270935]",-3.445256364301767
4.599999999999992,190.8904266357422,56.57228088378906,19.83922004699707,0.003082275390625,0.86328125,"[0.13556158542633057, 0.8884000182151794, 0.1516430824995041, 0.9667600989341736]","[0.0, 0.0, 4.261057711119065e-06, 4.966666892869398e-05, -0.01669049821794033, 1.0, 0.016333334147930145, 4.261057711119065e-06, 0.0, 0.0, -0.9999986290931702, -0.016283666715025902, 0.0, 0.0]","[0.0, 0.0, 1.0, 0.7777528762817383, 0.0, 0.8586773872375488, 0.6720980405807495, 0.28866395354270935]",-3.595274182715243
4.6499999999999915,189.89529418945312,56.604095458984375,19.961130142211914,0.000274658203125,0.671875,"[0.1275612711906433, 1.0, 0.12922637164592743, 0.9583925008773804]","[0.0, 0.0, 4.261057711119065e-06, 4.966666892869398e-05, -0.01669049821794033, 1.0, 0.016333334147930145, 4.261057711119065e-06, 0.0, 0.0, -0.9999986290931702, -0.016283666715025902, 0.0, 0.0]","[0.0, 0.0, 1.0, 0.7777528762817383, 0.0, 0.8586773872375488, 0.6720980405807495, 0.28866395354270935]",-4.157489315124934
4.699999999999991,188.8949737548828,56.634857177734375,20.053089141845703,0.000152587890625,0.5,"[0.12152653932571411, 1.0, 0.10311999917030334, 0.9507384300231934]","[0.0, 0.0, 4.261057711119065e-06, 4.966666892869398e-05, -0.01669049821794033, 1.0, 0.016333334147930145, 4.261057711119065e-06, 0.0, 0.0, -0.9999986290931702, -0.016283666715025902, 0.0, 0.0]","[0.0, 0.0, 1.0, 0.7777528762817383, 0.0, 0.8586773872375488, 0.6720980405807495, 0.28866395354270935]",-4.72052251421451
4.749999999999991,187.89111328125,56.664554595947266,20.110820770263672,0.000152587890625,0.3491973876953125,"[0.11773788928985596, 1.0, 0.0710035189986229, 0.9507999420166016]","[0.0, 0.0, 4.261057711119065e-06, 4.966666892869398e-05, -0.01669049821794033, 1.0, 0.016333334147930145, 4.261057711119065e-06, 0.0, 0.0, -0.9999986290931702, -0.016283666715025902, 0.0, 0.0]","[0.0, 0.0, 1.0, 0.7777528762817383, 0.0, 0.8586773872375488, 0.6720980405807495, 0.28866395354270935]",-5.27924536277223
4.799999999999991,186.88546752929688,56.69334030151367,20.134990692138672,-0.000152587890625,0.23809814453125,"[0.11615175008773804, 1.0, 0.03756483271718025, 0.9561833739280701]","[0.0, 0.0, 4.261057711119065e-06, 4.966666892869398e-05, -0.01669049821794033, 1.0, 0.016333334147930145, 4.261057711119065e-06, 0.0, 0.0, -0.9999986290931702, -0.016283666715025902, 0.0, 0.0]","[0.0, 0.0, 1.0, 0.7777528762817383, 0.0, 0.8586773872375488, 0.6720980405807495, 0.28866395354270935]",-5.356629758280177
4.849999999999991,185.87948608398438,56.721317291259766,20.132020950317383,0.000152587890625,0.2023773193359375,"[0.11634659767150879, 1.0, 0.012073316611349583, 0.9671309590339661]","[0.0, 0.0, 4.261057711119065e-06, 4.966666892869398e-05, -0.01669049821794033, 1.0, 0.016333334147930145, 4.261057711119065e-06, 0.0, 0.0, -0.9999986290931702, -0.016283666715025902, 0.0, 0.0]","[0.0, 0.0, 1.0, 0.7777528762817383, 0.0, 0.8586773872375488, 0.6720980405807495, 0.28866395354270935]",-5.87660431451364
4.899999999999991,184.874267578125,56.74854278564453,20.11113929748535,0.000732421875,0.2023773193359375,"[0.11771702766418457, 1.0, 0.03152966871857643, 0.9758977293968201]","[0.0, 0.0, 4.261057711119065e-06, 4.966666892869398e-05, -0.01669049821794033, 1.0, 0.016333334147930145, 4.261057711119065e-06, 0.0, 0.0, -0.9999986290931702, -0.016283666715025902, 0.0, 0.0]","[0.0, 0.0, 1.0, 0.7777528762817383, 0.0, 0.8586773872375488, 0.6720980405807495, 0.28866395354270935]",-6.376840056719302
4.94999999999999,183.87042236328125,56.77586364746094,20.079299926757812,-0.005767822265625,0.20000000298023224,"[0.11980640888214111, 1.0, 0.038656700402498245, 0.9655953645706177]","[0.0, 0.0, 4.261057711119065e-06, 4.966666892869398e-05, -0.01669049821794033, 1.0, 0.016333334147930145, 4.261057711119065e-06, 0.0, 0.0, -0.9999986290931702, -0.016283666715025902, 0.0, 0.0]","[0.0, 0.0, 1.0, 0.7777528762817383, 0.0, 0.8586773872375488, 0.6720980405807495, 0.28866395354270935]",-6.87613800752431
4.99999999999999,182.86839294433594,56.80356216430664,20.040790557861328,-0.016326904296875,0.20000000298023224,"[0.1223335862159729, 1.0, 0.04534769058227539, 0.9854909777641296]","[0.0, 0.0, 4.261057711119065e-06, 4.966666892869398e-05, -0.01669049821794033, 1.0, 0.016333334147930145, 4.261057711119065e-06, 0.0, 0.0, -0.9999986290931702, -0.016283666715025902, 0.0, 0.0]","[0.0, 0.0, 1.0, 0.7777528762817383, 0.0, 0.8586773872375488, 0.6720980405807495, 0.28866395354270935]",-6.828076368482658
5.04999999999999,181.86846923828125,56.83372116088867,19.99703025817871,-0.024169921875,0.20000000298023224,"[0.12520533800125122, 1.0, 0.11228746920824051, 0.9272216558456421]","[0.0, 0.0, 4.261057711119065e-06, 4.966666892869398e-05, -0.01669049821794033, 1.0, 0.016333334147930145, 4.261057711119065e-06, 0.0, 0.0, -0.9999986290931702, -0.016283666715025902, 0.0, 0.0]","[0.0, 0.0, 1.0, 0.7777528762817383, 0.0, 0.8586773872375488, 0.6720980405807495, 0.28866395354270935]",-7.307593920469051
5.09999999999999,180.870849609375,56.867366790771484,19.950729370117188,-0.0272216796875,0.20000000298023224,"[0.1282438039779663, 1.0, 0.1261301040649414, 0.980514645576477]","[0.0, 0.0, 4.261057711119065e-06, 4.966666892869398e-05, -0.01669049821794033, 1.0, 0.016333334147930145, 4.261057711119065e-06, 0.0, 0.0, -0.9999986290931702, -0.016283666715025902, 0.0, 0.0]","[0.0, 0.0, 1.0, 0.7777528762817383, 0.0, 0.8586773872375488, 0.6720980405807495, 0.28866395354270935]",-7.779195037010375
5.14999999999999,179.87570190429688,56.90456771850586,19.903400421142578,-0.024383544921875,0.20000000298023224,"[0.13134974241256714, 1.0, 0.12856131792068481, 0.989010214805603]","[0.0, 0.0, 4.261057711119065e-06, 4.966666892869398e-05, -0.01669049821794033, 1.0, 0.016333334147930145, 4.261057711119065e-06, 0.0, 0.0, -0.9999986290931702, -0.016283666715025902, 0.0, 0.0]","[0.0, 0.0, 1.0, 0.7777528762817383, 0.0, 0.8586773872375488, 0.6720980405807495, 0.28866395354270935]",-8.215087714526396
5.1999999999999895,178.88304138183594,56.94535446166992,19.855619430541992,-0.018951416015625,0.20000000298023224,"[0.1344853639602661, 1.0, 0.12581537663936615, 0.989737868309021]","[0.0, 0.0, 4.261057711119065e-06, 4.966666892869398e-05, -0.01669049821794033, 1.0, 0.016333334147930145, 4.261057711119065e-06, 0.0, 0.0, -0.9999986290931702, -0.016283666715025902, 0.0, 0.0]","[0.0, 0.0, 1.0, 0.7777528762817383, 0.0, 0.8586773872375488, 0.6720980405807495, 0.28866395354270935]",-7.931010660387965
5.249999999999989,177.89288330078125,56.98951721191406,19.807720184326172,-0.011566162109375,0.20000000298023224,"[0.1376286745071411, 1.0, 0.11560966074466705, 0.9822918772697449]","[0.0, 0.0, 4.261057711119065e-06, 4.966666892869398e-05, -0.01669049821794033, 1.0, 0.016333334147930145, 4.261057711119065e-06, 0.0, 0.0, -0.9999986290931702, -0.016283666715025902, 0.0, 0.0]","[0.0, 0.0, 1.0, 0.7777528762817383, 0.0, 0.8586773872375488, 0.6720980405807495, 0.28866395354270935]",-8.268025382013413
5.299999999999989,176.90521240234375,57.03652572631836,19.75982093811035,-0.00299072265625,0.20000000298023224,"[0.1407720446586609, 1.0, 0.09777582436800003, 0.9744064211845398]","[0.0, 0.0, 4.261057711119065e-06, 4.966666892869398e-05, -0.01669049821794033, 1.0, 0.016333334147930145, 4.261057711119065e-06, 0.0, 0.0, -0.9999986290931702, -0.016283666715025902, 0.0, 0.0]","[0.0, 0.0, 1.0, 0.7777528762817383, 0.0, 0.8586773872375488, 0.6720980405807495, 0.28866395354270935]",-8.610768462079145
5.349999999999989,175.91995239257812,57.08512496948242,19.711870193481445,0.00946044921875,0.20000000298023224,"[0.14391881227493286, 1.0, 0.062218017876148224, 0.9556572437286377]","[0.0, 0.0, 4.261057711119065e-06, 4.966666892869398e-05, -0.01669049821794033, 1.0, 0.016333334147930145, 4.261057711119065e-06, 0.0, 0.0, -0.9999986290931702, -0.016283666715025902, 0.0, 0.0]","[0.0, 0.0, 1.0, 0.7777528762817383, 0.0, 0.8586773872375488, 0.6720980405807495, 0.28866395354270935]",-8.958647377010713
5.399999999999989,174.9370880126953,57.13352966308594,19.663410186767578,0.023040771484375,0.20000000298023224,"[0.14709895849227905, 1.0, 0.06670857220888138, 0.9468994140625]","[0.0, 0.0, 4.261057711119065e-06, 4.966666892869398e-05, -0.01669049821794033, 1.0, 0.016333334147930145, 4.261057711119065e-06, 0.0, 0.0, -0.9999986290931702, -0.016283666715025902, 0.0, 0.0]","[0.0, 0.0, 1.0, 0.7777528762817383, 0.0, 0.8586773872375488, 0.6720980405807495, 0.28866395354270935]",-8.684876644859283
5.449999999999989,173.95655822753906,57.17988586425781,19.614099502563477,0.034454345703125,0.20000000298023224,"[0.15033495426177979, 1.0, 0.11118900030851364, 0.9475935101509094]","[0.0, 0.0, 4.261057711119065e-06, 4.966666892869398e-05, -0.01669049821794033, 1.0, 0.016333334147930145, 4.261057711119065e-06, 0.0, 0.0, -0.9999986290931702, -0.016283666715025902, 0.0, 0.0]","[0.0, 0.0, 1.0, 0.7777528762817383, 0.0, 0.8586773872375488, 0.6720980405807495, 0.28866395354270935]",-9.043220605668632
5.4999999999999885,172.97836303710938,57.222747802734375,19.564529418945312,0.038726806640625,0.20000000298023224,"[0.15358799695968628, 1.0, 0.14007867872714996, 0.963573157787323]","[0.0, 0.0, 4.261057711119065e-06, 4.966666892869398e-05, -0.01669049821794033, 1.0, 0.016333334147930145, 4.261057711119065e-06, 0.0, 0.0, -0.9999986290931702, -0.016283666715025902, 0.0, 0.0]","[0.0, 0.0, 1.0, 0.7777528762817383, 0.0, 0.8586773872375488, 0.6720980405807495, 0.28866395354270935]",-9.401190628850902
5.549999999999988,172.00241088867188,57.26104736328125,19.515119552612305,0.03790283203125,0.20000000298023224,"[0.15683043003082275, 1.0, 0.15887075662612915, 0.9735850095748901]","[0.0, 0.0, 4.261057711119065e-06, 4.966666892869398e-05, -0.01669049821794033, 1.0, 0.016333334147930145, 4.261057711119065e-06, 0.0, 0.0, -0.9999986290931702, -0.016283666715025902, 0.0, 0.0]","[0.0, 0.0, 1.0, 0.7777528762817383, 0.0, 0.8586773872375488, 0.6720980405807495, 0.28866395354270935]",-9.75851223328393
5.599999999999988,171.02874755859375,57.29328155517578,19.464920043945312,0.040740966796875,0.20000000298023224,"[0.1601247787475586, 1.0, 0.19119955599308014, 0.9601708054542542]","[0.0, 0.0, 4.261057711119065e-06, 4.966666892869398e-05, -0.01669049821794033, 1.0, 0.016333334147930145, 4.261057711119065e-06, 0.0, 0.0, -0.9999986290931702, -0.016283666715025902, 0.0, 0.0]","[0.0, 0.0, 1.0, 0.7777528762817383, 0.0, 0.8586773872375488, 0.6720980405807495, 0.28866395354270935]",-9.426193051957533
5.649999999999988,170.05746459960938,57.31653594970703,19.410579681396484,0.05712890625,0.20000000298023224,"[0.16369086503982544, 1.0, 0.2604144811630249, 0.9207322597503662]","[0.0, 0.0, 4.261057711119065e-06, 4.966666892869398e-05, -0.01669049821794033, 1.0, 0.016333334147930145, 4.261057711119065e-06, 0.0, 0.0, -0.9999986290931702, -0.016283666715025902, 0.0, 0.0]","[0.0, 0.0, 1.0, 0.7777528762817383, 0.0, 0.8586773872375488, 0.6720980405807495, 0.28866395354270935]",-9.91763953068323
5.699999999999988,169.0890655517578,57.32633590698242,19.344900131225586,0.091522216796875,0.20000000298023224,"[0.16800105571746826, 1.0, 0.3631890118122101, 0.8757503032684326]","[0.0, 0.0, 4.261057711119065e-06, 4.966666892869398e-05, -0.01669049821794033, 1.0, 0.016333334147930145, 4.261057711119065e-06, 0.0, 0.0, -0.9999986290931702, -0.016283666715025902, 0.0, 0.0]","[0.0, 0.0, 1.0, 0.7777528762817383, 0.0, 0.8586773872375488, 0.6720980405807495, 0.28866395354270935]",-10.556580565519202
5.749999999999988,168.12399291992188,57.32094192504883,19.279590606689453,0.135498046875,0.20000000298023224,"[0.17228692770004272, 1.0, 0.3719010651111603, 0.9710214734077454]","[0.0, 0.0, 4.261057711119065e-06, 4.966666892869398e-05, -0.01669049821794033, 1.0, 0.016333334147930145, 4.261057711119065e-06, 0.0, 0.0, -0.9999986290931702, -0.016283666715025902, 0.0, 0.0]","[0.0, 0.0, 1.0, 0.7777528762817383, 0.0, 0.8586773872375488, 0.6720980405807495, 0.28866395354270935]",-11.157585961015794
5.799999999999987,167.16363525390625,57.294559478759766,19.178020477294922,0.176483154296875,0.20000000298023224,"[0.17895245552062988, 1.0, 0.5641265511512756, 0.7790321111679077]","[0.0, 0.0, 4.261057711119065e-06, 4.966666892869398e-05, -0.01669049821794033, 1.0, 0.016333334147930145, 4.261057711119065e-06, 0.0, 0.0, -0.9999986290931702, -0.016283666715025902, 0.0, 0.0]","[0.0, 0.0, 1.0, 0.7777528762817383, 0.0, 0.8586773872375488, 0.6720980405807495, 0.28866395354270935]",-11.379211430686075
5.849999999999987,166.21075439453125,57.24042510986328,19.049650192260742,0.208648681640625,0.20000000298023224,"[0.18737667798995972, 1.0, 0.6159133911132812, 0.8572865128517151]","[0.0, 0.0, 4.261057711119065e-06, 4.966666892869398e-05, -0.01669049821794033, 1.0, 0.016333334147930145, 4.261057711119065e-06, 0.0, 0.0, -0.9999986290931702, -0.016283666715025902, 0.0, 0.0]","[0.0, 0.0, 1.0, 0.7777528762817383, 0.0, 0.8586773872375488, 0.6720980405807495, 0.28866395354270935]",-11.938299654686881
5.899999999999987,165.26638793945312,57.15545654296875,18.934709548950195,0.238922119140625,0.20000000298023224,"[0.19491958618164062, 1.0, 0.5968852639198303, 0.886191189289093]","[0.0, 0.0, 4.261057711119065e-06, 4.966666892869398e-05, -0.01669049821794033, 1.0, 0.016333334147930145, 4.261057711119065e-06, 0.0, 0.0, -0.9999986290931702, -0.016283666715025902, 0.0, 0.0]","[0.0, 0.0, 1.0, 0.7777528762817383, 0.0, 0.8586773872375488, 0.6720980405807495, 0.28866395354270935]",-12.485164885011319
5.949999999999987,164.33290100097656,57.03582763671875,18.786500930786133,0.27703857421875,0.20000000298023224,"[0.20464569330215454, 1.0, 0.6153877377510071, 0.8592203855514526]","[0.0, 0.0, 4.261057711119065e-06, 4.966666892869398e-05, -0.01669049821794033, 1.0, 0.016333334147930145, 4.261057711119065e-06, 0.0, 0.0, -0.9999986290931702, -0.016283666715025902, 0.0, 0.0]","[0.0, 0.0, 1.0, 0.7777528762817383, 0.0, 0.8586773872375488, 0.6720980405807495, 0.28866395354270935]",-13.014107201902089
5.999999999999987,163.4188232421875,56.879817962646484,18.423019409179688,0.31805419921875,0.20000000298023224,"[0.2284989356994629, 1.0, 0.7917336225509644, 0.6627128720283508]","[0.0, 0.0, 4.261057711119065e-06, 4.966666892869398e-05, -0.01669049821794033, 1.0, 0.016333334147930145, 4.261057711119065e-06, 0.0, 0.0, -0.9999986290931702, -0.016283666715025902, 0.0, 0.0]","[0.0, 0.0, 1.0, 0.7777528762817383, 0.0, 0.8586773872375488, 0.6720980405807495, 0.28866395354270935]",-13.191052460721844
6.0499999999999865,162.53306579589844,56.68623352050781,18.028120040893555,0.364288330078125,0.20000000298023224,"[0.25441408157348633, 1.0, 0.8016531467437744, 0.855847179889679]","[0.0, 0.0, 4.261057711119065e-06, 4.966666892869398e-05, -0.01669049821794033, 1.0, 0.016333334147930145, 4.261057711119065e-06, 0.0, 0.0, -0.9999986290931702, -0.016283666715025902, 0.0, 0.0]","[0.0, 0.0, 1.0, 0.7777528762817383, 0.0, 0.8586773872375488, 0.6720980405807495, 0.28866395354270935]",-13.745448389288208
6.099999999999986,161.6779327392578,56.452850341796875,17.629539489746094,0.403656005859375,0.20000000298023224,"[0.2805706858634949, 1.0, 0.7858518362045288, 0.8838440775871277]","[0.0, 0.0, 4.261057711119065e-06, 4.966666892869398e-05, -0.01669049821794033, 1.0, 0.016333334147930145, 4.261057711119065e-06, 0.0, 0.0, -0.9999986290931702, -0.016283666715025902, 0.0, 0.0]","[0.0, 0.0, 1.0, 0.7777528762817383, 0.0, 0.8586773872375488, 0.6720980405807495, 0.28866395354270935]",-14.286132429649248
6.149999999999986,160.85662841796875,56.17906188964844,17.217559814453125,0.43927001953125,0.20000000298023224,"[0.30760657787323, 1.0, 0.77777099609375, 0.8841121196746826]","[0.0, 0.0, 4.261057711119065e-06, 4.966666892869398e-05, -0.01669049821794033, 1.0, 0.016333334147930145, 4.261057711119065e-06, 0.0, 0.0, -0.9999986290931702, -0.016283666715025902, 0.0, 0.0]","[0.0, 0.0, 1.0, 0.7777528762817383, 0.0, 0.8586773872375488, 0.6720980405807495, 0.28866395354270935]",-14.803405971967024
6.199999999999986,160.07286071777344,55.865379333496094,16.784589767456055,0.47479248046875,0.20000000298023224,"[0.3360200524330139, 1.0, 0.7761463522911072, 0.8796348571777344]","[0.0, 0.0, 4.261057711119065e-06, 4.966666892869398e-05, -0.01669049821794033, 1.0, 0.016333334147930145, 4.261057711119065e-06, 0.0, 0.0, -0.9999986290931702, -0.016283666715025902, 0.0, 0.0]","[0.0, 0.0, 1.0, 0.7777528762817383, 0.0, 0.8586773872375488, 0.6720980405807495, 0.28866395354270935]",-14.975380449227515
6.249999999999986,159.32986450195312,55.514163970947266,16.339630126953125,0.4984130859375,0.20000000298023224,"[0.365220308303833, 1.0, 0.7711547613143921, 0.8700959086418152]","[0.0, 0.0, 4.261057711119065e-06, 4.966666892869398e-05, -0.01669049821794033, 1.0, 0.016333334147930145, 4.261057711119065e-06, 0.0, 0.0, -0.9999986290931702, -0.016283666715025902, 0.0, 0.0]","[0.0, 0.0, 1.0, 0.7777528762817383, 0.0, 0.8586773872375488, 0.6720980405807495, 0.28866395354270935]",-15.425688019290199
6.299999999999986,158.62393188476562,55.134002685546875,15.905679702758789,0.501220703125,0.20000000298023224,"[0.3936980366706848, 1.0, 0.7485449910163879, 0.8421006798744202]","[0.0, 0.0, 4.261057711119065e-06, 4.966666892869398e-05, -0.01669049821794033, 1.0, 0.016333334147930145, 4.261057711119065e-06, 0.0, 0.0, -0.9999986290931702, -0.016283666715025902, 0.0, 0.0]","[0.0, 0.0, 1.0, 0.7777528762817383, 0.0, 0.8586773872375488, 0.6720980405807495, 0.28866395354270935]",-15.833681200779182
6.349999999999985,157.9603729248047,54.724143981933594,15.430219650268555,0.490631103515625,0.20000000298023224,"[0.4248998761177063, 1.0, 0.7472198009490967, 0.8571204543113708]","[0.0, 0.0, 4.261057711119065e-06, 4.966666892869398e-05, -0.01669049821794033, 1.0, 0.016333334147930145, 4.261057711119065e-06, 0.0, 0.0, -0.9999986290931702, -0.016283666715025902, 0.0, 0.0]","[0.0, 0.0, 1.0, 0.7777528762817383, 0.0, 0.8586773872375488, 0.6720980405807495, 0.28866395354270935]",-16.19980904448737
6.399999999999985,157.34950256347656,54.28152847290039,14.930740356445312,0.47747802734375,0.20000000298023224,"[0.457677960395813, 1.0, 0.7322980165481567, 0.8382408022880554]","[0.0, 0.0, 4.261057711119065e-06, 4.966666892869398e-05, -0.01669049821794033, 1.0, 0.016333334147930145, 4.261057711119065e-06, 0.0, 0.0, -0.9999986290931702, -0.016283666715025902, 0.0, 0.0]","[0.0, 0.0, 1.0, 0.7777528762817383, 0.0, 0.8586773872375488, 0.6720980405807495, 0.28866395354270935]",-16.143954581967296
6.449999999999985,156.78424072265625,53.81509017944336,14.5302095413208,0.462860107421875,0.20000000298023224,"[0.4839625954627991, 1.0, 0.6705784797668457, 0.702389121055603]","[0.0, 0.0, 4.261057711119065e-06, 4.966666892869398e-05, -0.01669049821794033, 1.0, 0.016333334147930145, 4.261057711119065e-06, 0.0, 0.0, -0.9999986290931702, -0.016283666715025902, 0.0, 0.0]","[0.0, 0.0, 1.0, 0.7777528762817383, 0.0, 0.8586773872375488, 0.6720980405807495, 0.28866395354270935]",-16.401835550040044
6.499999999999985,156.26678466796875,53.32510757446289,14.125530242919922,0.4442138671875,0.24603271484375,"[0.5105195045471191, 1.0, 0.650587260723114, 0.8228541016578674]","[0.0, 0.0, 4.261057711119065e-06, 4.966666892869398e-05, -0.01669049821794033, 1.0, 0.016333334147930145, 4.261057711119065e-06, 0.0, 0.0, -0.9999986290931702, -0.016283666715025902, 0.0, 0.0]","[0.0, 0.0, 1.0, 0.7777528762817383, 0.0, 0.8586773872375488, 0.6720980405807495, 0.28866395354270935]",-16.61479704359821
6.549999999999985,155.80715942382812,52.812744140625,13.62522029876709,0.42559814453125,0.3174591064453125,"[0.5433520674705505, 1.0, 0.7197393178939819, 0.7491226196289062]","[0.0, 0.0, 4.261057711119065e-06, 4.966666892869398e-05, -0.01669049821794033, 1.0, 0.016333334147930145, 4.261057711119065e-06, 0.0, 0.0, -0.9999986290931702, -0.016283666715025902, 0.0, 0.0]","[0.0, 0.0, 1.0, 0.7777528762817383, 0.0, 0.8586773872375488, 0.6720980405807495, 0.28866395354270935]",-16.771669198098845
6.5999999999999845,155.39646911621094,52.28466033935547,13.289620399475098,0.411865234375,0.3412628173828125,"[0.5653756260871887, 1.0, 0.643507719039917, 0.6189764738082886]","[0.0, 0.0, 4.261057711119065e-06, 4.966666892869398e-05, -0.01669049821794033, 1.0, 0.016333334147930145, 4.261057711119065e-06, 0.0, 0.0, -0.9999986290931702, -0.016283666715025902, 0.0, 0.0]","[0.0, 0.0, 1.0, 0.7777528762817383, 0.0, 0.8586773872375488, 0.6720980405807495, 0.28866395354270935]",-16.88274480216655
6.649999999999984,155.04066467285156,51.74297332763672,12.830010414123535,0.396820068359375,0.376983642578125,"[0.5955373048782349, 1.0, 0.713455855846405, 0.5923912525177002]","[0.0, 0.0, 4.261057711119065e-06, 4.966666892869398e-05, -0.01669049821794033, 1.0, 0.016333334147930145, 4.261057711119065e-06, 0.0, 0.0, -0.9999986290931702, -0.016283666715025902, 0.0, 0.0]","[0.0, 0.0, 1.0, 0.7777528762817383, 0.0, 0.8586773872375488, 0.6720980405807495, 0.28866395354270935]",-16.502579277514275
6.699999999999984,154.73471069335938,51.19179916381836,12.522950172424316,0.375701904296875,0.452362060546875,"[0.6156879663467407, 1.0, 0.6489784717559814, 0.626218855381012]","[0.0, 0.0, 4.261057711119065e-06, 4.966666892869398e-05, -0.01669049821794033, 1.0, 0.016333334147930145, 4.261057711119065e-06, 0.0, 0.0, -0.9999986290931702, -0.016283666715025902, 0.0, 0.0]","[0.0, 0.0, 1.0, 0.7777528762817383, 0.0, 0.8586773872375488, 0.6720980405807495, 0.28866395354270935]",-16.50209148524515
6.749999999999984,154.48350524902344,50.63151931762695,12.221030235290527,0.3466796875,0.54296875,"[0.6355012655258179, 1.0, 0.6396426558494568, 0.7778099775314331]","[0.0, 0.0, 4.261057711119065e-06, 4.966666892869398e-05, -0.01669049821794033, 1.0, 0.016333334147930145, 4.261057711119065e-06, 0.0, 0.0, -0.9999986290931702, -0.016283666715025902, 0.0, 0.0]","[0.0, 0.0, 1.0, 0.7777528762817383, 0.0, 0.8586773872375488, 0.6720980405807495, 0.28866395354270935]",-16.449786181335778
6.799999999999984,154.28001403808594,50.06423568725586,12.029359817504883,0.30963134765625,0.62890625,"[0.6480795741081238, 1.0, 0.5875683426856995, 0.7989619374275208]","[0.0, 0.0, 4.261057711119065e-06, 4.966666892869398e-05, -0.01669049821794033, 1.0, 0.016333334147930145, 4.261057711119065e-06, 0.0, 0.0, -0.9999986290931702, -0.016283666715025902, 0.0, 0.0]","[0.0, 0.0, 1.0, 0.7777528762817383, 0.0, 0.8586773872375488, 0.6720980405807495, 0.28866395354270935]",-16.356067874048236
6.849999999999984,154.12527465820312,49.49067687988281,11.883569717407227,0.274871826171875,0.671875,"[0.6576469540596008, 1.0, 0.5725045800209045, 0.9199063777923584]","[0.0, 0.0, 4.261057711119065e-06, 4.966666892869398e-05, -0.01669049821794033, 1.0, 0.016333334147930145, 4.261057711119065e-06, 0.0, 0.0, -0.9999986290931702, -0.016283666715025902, 0.0, 0.0]","[0.0, 0.0, 1.0, 0.7777528762817383, 0.0, 0.8586773872375488, 0.6720980405807495, 0.28866395354270935]",-15.787234710834138
6.8999999999999835,154.01211547851562,48.912757873535156,11.810500144958496,0.248016357421875,0.6953125,"[0.6624420881271362, 1.0, 0.5310778617858887, 0.8988083004951477]","[0.0, 0.0, 4.261057711119065e-06, 4.966666892869398e-05, -0.01669049821794033, 1.0, 0.016333334147930145, 4.261057711119065e-06, 0.0, 0.0, -0.9999986290931702, -0.016283666715025902, 0.0, 0.0]","[0.0, 0.0, 1.0, 0.7777528762817383, 0.0, 0.8586773872375488, 0.6720980405807495, 0.28866395354270935]",-15.685213991254344
6.949999999999983,153.93948364257812,48.33065414428711,11.787690162658691,0.228485107421875,0.71875,"[0.6639389991760254, 1.0, 0.5238292813301086, 0.916919469833374]","[0.0, 0.0, 4.261057711119065e-06, 4.966666892869398e-05, -0.01669049821794033, 1.0, 0.016333334147930145, 4.261057711119065e-06, 0.0, 0.0, -0.9999986290931702, -0.016283666715025902, 0.0, 0.0]","[0.0, 0.0, 1.0, 0.7777528762817383, 0.0, 0.8586773872375488, 0.6720980405807495, 0.28866395354270935]",-15.580153352205038
6.999999999999983,153.90232849121094,47.7451171875,11.803030014038086,0.210052490234375,0.75,"[0.6629323363304138, 0.9125999808311462, 0.5502738356590271, 0.910891056060791]","[0.0, 0.0, 4.261057711119065e-06, 4.966666892869398e-05, -0.01669049821794033, 1.0, 0.016333334147930145, 4.261057711119065e-06, 0.0, 0.0, -0.9999986290931702, -0.016283666715025902, 0.0, 0.0]","[0.0, 0.0, 1.0, 0.7777528762817383, 0.0, 0.8586773872375488, 0.6720980405807495, 0.28866395354270935]",-15.466133052879364
7.049999999999983,153.89651489257812,47.15632247924805,11.853240013122559,0.18267822265625,0.7734375,"[0.6596373319625854, 0.8385000228881836, 0.5724474787712097, 0.8940585255622864]","[0.0, 0.0, 4.261057711119065e-06, 4.966666892869398e-05, -0.01669049821794033, 1.0, 0.016333334147930145, 4.261057711119065e-06, 0.0, 0.0, -0.9999986290931702, -0.016283666715025902, 0.0, 0.0]","[0.0, 0.0, 1.0, 0.7777528762817383, 0.0, 0.8586773872375488, 0.6720980405807495, 0.28866395354270935]",-14.861818002338822
7.099999999999983,153.9178466796875,46.56404113769531,11.932629585266113,0.149627685546875,0.7890625,"[0.6544274091720581, 0.7937999963760376, 0.5485867857933044, 0.8813537955284119]","[0.0, 0.0, 4.261057711119065e-06, 4.966666892869398e-05, -0.01669049821794033, 1.0, 0.016333334147930145, 4.261057711119065e-06, 0.0, 0.0, -0.9999986290931702, -0.016283666715025902, 0.0, 0.0]","[0.0, 0.0, 1.0, 0.7777528762817383, 0.0, 0.8586773872375488, 0.6720980405807495, 0.28866395354270935]",-14.745319338783895
7.149999999999983,153.96197509765625,45.96786117553711,12.032170295715332,0.11444091796875,0.79296875,"[0.647895097732544, 0.7932999730110168, 0.47674065828323364, 0.8761630058288574]","[0.0, 0.0, 4.261057711119065e-06, 4.966666892869398e-05, -0.01669049821794033, 1.0, 0.016333334147930145, 4.261057711119065e-06, 0.0, 0.0, -0.9999986290931702, -0.016283666715025902, 0.0, 0.0]","[0.0, 0.0, 1.0, 0.7777528762817383, 0.0, 0.8586773872375488, 0.6720980405807495, 0.28866395354270935]",-14.599914562871065
7.199999999999982,154.02459716796875,45.367347717285156,12.145259857177734,0.07867431640625,0.79296875,"[0.6404737234115601, 0.8083999752998352, 0.40018507838249207, 0.8730544447898865]","[0.0, 0.0, 4.261057711119065e-06, 4.966666892869398e-05, -0.01669049821794033, 1.0, 0.016333334147930145, 4.261057711119065e-06, 0.0, 0.0, -0.9999986290931702, -0.016283666715025902, 0.0, 0.0]","[0.0, 0.0, 1.0, 0.7777528762817383, 0.0, 0.8586773872375488, 0.6720980405807495, 0.28866395354270935]",-14.533489404115778
7.249999999999982,154.10116577148438,44.76210403442383,12.2608003616333,0.04345703125,0.74609375,"[0.6328914165496826, 1.0, 0.3146887719631195, 0.8741191625595093]","[0.0, 0.0, 4.261057711119065e-06, 4.966666892869398e-05, -0.01669049821794033, 1.0, 0.016333334147930145, 4.261057711119065e-06, 0.0, 0.0, -0.9999986290931702, -0.016283666715025902, 0.0, 0.0]","[0.0, 0.0, 1.0, 0.7777528762817383, 0.0, 0.8586773872375488, 0.6720980405807495, 0.28866395354270935]",-14.177692163518254
7.299999999999982,154.1879119873047,44.15204620361328,12.374500274658203,0.01708984375,0.71875,"[0.6254298686981201, 1.0, 0.24332307279109955, 0.8982493281364441]","[0.0, 0.0, 4.261057711119065e-06, 4.966666892869398e-05, -0.01669049821794033, 1.0, 0.016333334147930145, 4.261057711119065e-06, 0.0, 0.0, -0.9999986290931702, -0.016283666715025902, 0.0, 0.0]","[0.0, 0.0, 1.0, 0.7777528762817383, 0.0, 0.8586773872375488, 0.6720980405807495, 0.28866395354270935]",-14.21232436235621
7.349999999999982,154.28152465820312,43.537254333496094,12.47836971282959,-0.003326416015625,0.70703125,"[0.6186134815216064, 1.0, 0.16427823901176453, 0.909344494342804]","[0.0, 0.0, 4.261057711119065e-06, 4.966666892869398e-05, -0.01669049821794033, 1.0, 0.016333334147930145, 4.261057711119065e-06, 0.0, 0.0, -0.9999986290931702, -0.016283666715025902, 0.0, 0.0]","[0.0, 0.0, 1.0, 0.7777528762817383, 0.0, 0.8586773872375488, 0.6720980405807495, 0.28866395354270935]",-14.271394748573258
7.399999999999982,154.37942504882812,42.91774368286133,12.581459999084473,-0.01531982421875,0.70703125,"[0.6118482947349548, 1.0, 0.11453934758901596, 0.934737503528595]","[0.0, 0.0, 4.261057711119065e-06, 4.966666892869398e-05, -0.01669049821794033, 1.0, 0.016333334147930145, 4.261057711119065e-06, 0.0, 0.0, -0.9999986290931702, -0.016283666715025902, 0.0, 0.0]","[0.0, 0.0, 1.0, 0.7777528762817383, 0.0, 0.8586773872375488, 0.6720980405807495, 0.28866395354270935]",-14.363568098859771
7.4499999999999815,154.47940063476562,42.29343795776367,12.68101978302002,-0.02398681640625,0.73828125,"[0.6053147315979004, 1.0, 0.10359647870063782, 0.9434496164321899]","[0.0, 0.0, 4.261057711119065e-06, 4.966666892869398e-05, -0.01669049821794033, 1.0, 0.016333334147930145, 4.261057711119065e-06, 0.0, 0.0, -0.9999986290931702, -0.016283666715025902, 0.0, 0.0]","[0.0, 0.0, 1.0, 0.7777528762817383, 0.0, 0.8586773872375488, 0.6720980405807495, 0.28866395354270935]",-14.121116349729055
7.499999999999981,154.57980346679688,41.66404724121094,12.782679557800293,-0.028594970703125,0.74609375,"[0.5986433625221252, 1.0, 0.1351129710674286, 0.9542664289474487]","[0.0, 0.0, 4.261057711119065e-06, 4.966666892869398e-05, -0.01669049821794033, 1.0, 0.016333334147930145, 4.261057711119065e-06, 0.0, 0.0, -0.9999986290931702, -0.016283666715025902, 0.0, 0.0]","[0.0, 0.0, 1.0, 0.7777528762817383, 0.0, 0.8586773872375488, 0.6720980405807495, 0.28866395354270935]",-14.279073589289094
7.549999999999981,154.67950439453125,41.029296875,12.888279914855957,-0.02911376953125,0.75390625,"[0.5917134284973145, 1.0, 0.15215209126472473, 0.9695925116539001]","[0.0, 0.0, 4.261057711119065e-06, 4.966666892869398e-05, -0.01669049821794033, 1.0, 0.016333334147930145, 4.261057711119065e-06, 0.0, 0.0, -0.9999986290931702, -0.016283666715025902, 0.0, 0.0]","[0.0, 0.0, 1.0, 0.7777528762817383, 0.0, 0.8586773872375488, 0.6720980405807495, 0.28866395354270935]",-14.488316859412418
7.599999999999981,154.77801513671875,40.38900375366211,12.995519638061523,-0.026580810546875,0.76171875,"[0.5846757888793945, 1.0, 0.1599520891904831, 0.9775876402854919]","[0.0, 0.0, 4.261057711119065e-06, 4.966666892869398e-05, -0.01669049821794033, 1.0, 0.016333334147930145, 4.261057711119065e-06, 0.0, 0.0, -0.9999986290931702, -0.016283666715025902, 0.0, 0.0]","[0.0, 0.0, 1.0, 0.7777528762817383, 0.0, 0.8586773872375488, 0.6720980405807495, 0.28866395354270935]",-14.748411520936532
7.649999999999981,154.87498474121094,39.742950439453125,13.107179641723633,-0.023284912109375,0.76953125,"[0.5773482322692871, 0.9911999702453613, 0.1636439561843872, 0.9771453142166138]","[0.0, 0.0, 4.261057711119065e-06, 4.966666892869398e-05, -0.01669049821794033, 1.0, 0.016333334147930145, 4.261057711119065e-06, 0.0, 0.0, -0.9999986290931702, -0.016283666715025902, 0.0, 0.0]","[0.0, 0.0, 1.0, 0.7777528762817383, 0.0, 0.8586773872375488, 0.6720980405807495, 0.28866395354270935]",-14.784864004866327
7.699999999999981,154.97035217285156,39.09098815917969,13.220849990844727,-0.019561767578125,0.7734375,"[0.5698886513710022, 0.982699990272522, 0.1637432873249054, 0.981711745262146]","[0.0, 0.0, 4.261057711119065e-06, 4.966666892869398e-05, -0.01669049821794033, 1.0, 0.016333334147930145, 4.261057711119065e-06, 0.0, 0.0, -0.9999986290931702, -0.016283666715025902, 0.0, 0.0]","[0.0, 0.0, 1.0, 0.7777528762817383, 0.0, 0.8586773872375488, 0.6720980405807495, 0.28866395354270935]",-15.12830095620997
7.7499999999999805,155.06407165527344,38.43296432495117,13.33806037902832,-0.016326904296875,0.78125,"[0.5621967911720276, 0.9570000171661377, 0.1622171252965927, 0.9768174886703491]","[0.0, 0.0, 4.261057711119065e-06, 4.966666892869398e-05, -0.01669049821794033, 1.0, 0.016333334147930145, 4.261057711119065e-06, 0.0, 0.0, -0.9999986290931702, -0.016283666715025902, 0.0, 0.0]","[0.0, 0.0, 1.0, 0.7777528762817383, 0.0, 0.8586773872375488, 0.6720980405807495, 0.28866395354270935]",-15.49747951019512
7.79999999999998,155.15625,37.768760681152344,13.457240104675293,-0.0137939453125,0.7890625,"[0.5543756484985352, 0.9309999942779541, 0.1605643928050995, 0.9795123338699341]","[0.0, 0.0, 4.261057711119065e-06, 4.966666892869398e-05, -0.01669049821794033, 1.0, 0.016333334147930145, 4.261057711119065e-06, 0.0, 0.0, -0.9999986290931702, -0.016283666715025902, 0.0, 0.0]","[0.0, 0.0, 1.0, 0.7777528762817383, 0.0, 0.8586773872375488, 0.6720980405807495, 0.28866395354270935]",-15.890269963942139
7.84999999999998,155.24697875976562,37.0982551574707,13.579970359802246,-0.01177978515625,0.80078125,"[0.5463215112686157, 0.8871999979019165, 0.15867340564727783, 0.9761311411857605]","[0.0, 0.0, 4.261057711119065e-06, 4.966666892869398e-05, -0.01669049821794033, 1.0, 0.016333334147930145, 4.261057711119065e-06, 0.0, 0.0, -0.9999986290931702, -0.016283666715025902, 0.0, 0.0]","[0.0, 0.0, 1.0, 0.7777528762817383, 0.0, 0.8586773872375488, 0.6720980405807495, 0.28866395354270935]",-16.105065903005915
7.89999999999998,155.33642578125,36.42129898071289,13.706319808959961,-0.010162353515625,0.82421875,"[0.5380299091339111, 0.789900004863739, 0.15749582648277283, 0.976297914981842]","[0.0, 0.0, 4.261057711119065e-06, 4.966666892869398e-05, -0.01669049821794033, 1.0, 0.016333334147930145, 4.261057711119065e-06, 0.0, 0.0, -0.9999986290931702, -0.016283666715025902, 0.0, 0.0]","[0.0, 0.0, 1.0, 0.7777528762817383, 0.0, 0.8586773872375488, 0.6720980405807495, 0.28866395354270935]",-16.557692152385812
7.94999999999998,155.42474365234375,35.737648010253906,13.838310241699219,-0.009185791015625,0.84375,"[0.5293681621551514, 0.7085999846458435, 0.15876615047454834, 0.9738035202026367]","[0.0, 0.0, 4.261057711119065e-06, 4.966666892869398e-05, -0.01669049821794033, 1.0, 0.016333334147930145, 4.261057711119065e-06, 0.0, 0.0, -0.9999986290931702, -0.016283666715025902, 0.0, 0.0]","[0.0, 0.0, 1.0, 0.7777528762817383, 0.0, 0.8586773872375488, 0.6720980405807495, 0.28866395354270935]",-17.019896203263663
7.99999999999998,155.5120391845703,35.04704666137695,13.975899696350098,-0.008941650390625,0.859375,"[0.5203388929367065, 0.6438000202178955, 0.16193538904190063, 0.9741739630699158]","[0.0, 0.0, 4.261057711119065e-06, 4.966666892869398e-05, -0.01669049821794033, 1.0, 0.016333334147930145, 4.261057711119065e-06, 0.0, 0.0, -0.9999986290931702, -0.016283666715025902, 0.0, 0.0]","[0.0, 0.0, 1.0, 0.7777528762817383, 0.0, 0.8586773872375488, 0.6720980405807495, 0.28866395354270935]",-17.4888383885876
8.04999999999998,155.598388671875,34.34921646118164,14.118889808654785,-0.008941650390625,0.8671875,"[0.5109552145004272, 0.6139000058174133, 0.16521801054477692, 0.9738292098045349]","[0.0, 0.0, 4.261057711119065e-06, 4.966666892869398e-05, -0.01669049821794033, 1.0, 0.016333334147930145, 4.261057711119065e-06, 0.0, 0.0, -0.9999986290931702, -0.016283666715025902, 0.0, 0.0]","[0.0, 0.0, 1.0, 0.7777528762817383, 0.0, 0.8586773872375488, 0.6720980405807495, 0.28866395354270935]",-17.751229268698136
8.09999999999998,155.68385314941406,33.64393997192383,14.266220092773438,-0.009002685546875,0.87109375,"[0.5012867450714111, 0.6018000245094299, 0.16787824034690857, 0.9747252464294434]","[0.0, 0.0, 4.261057711119065e-06, 4.966666892869398e-05, -0.01669049821794033, 1.0, 0.016333334147930145, 4.261057711119065e-06, 0.0, 0.0, -0.9999986290931702, -0.016283666715025902, 0.0, 0.0]","[0.0, 0.0, 1.0, 0.7777528762817383, 0.0, 0.8586773872375488, 0.6720980405807495, 0.28866395354270935]",-18.219811351490844
8.14999999999998,155.76844787597656,32.93103790283203,14.416760444641113,-0.00909423828125,0.87109375,"[0.4914076328277588, 0.6079999804496765, 0.16996440291404724, 0.9757065773010254]","[0.0, 0.0, 4.261057711119065e-06, 4.966666892869398e-05, -0.01669049821794033, 1.0, 0.016333334147930145, 4.261057711119065e-06, 0.0, 0.0, -0.9999986290931702, -0.016283666715025902, 0.0, 0.0]","[0.0, 0.0, 1.0, 0.7777528762817383, 0.0, 0.8586773872375488, 0.6720980405807495, 0.28866395354270935]",-18.673025446502283
8.199999999999982,155.85231018066406,32.21040344238281,14.569540023803711,-0.008544921875,0.87109375,"[0.48138153553009033, 0.614300012588501, 0.1695498824119568, 0.9755927920341492]","[0.0, 0.0, 4.261057711119065e-06, 4.966666892869398e-05, -0.01669049821794033, 1.0, 0.016333334147930145, 4.261057711119065e-06, 0.0, 0.0, -0.9999986290931702, -0.016283666715025902, 0.0, 0.0]","[0.0, 0.0, 1.0, 0.7777528762817383, 0.0, 0.8586773872375488, 0.6720980405807495, 0.28866395354270935]",-19.118644583910314
8.249999999999982,155.9357147216797,31.481977462768555,14.723959922790527,-0.0059814453125,0.87109375,"[0.4712478518486023, 0.6208999752998352, 0.16292041540145874, 0.9701914191246033]","[0.0, 0.0, 4.261057711119065e-06, 4.966666892869398e-05, -0.01669049821794033, 1.0, 0.016333334147930145, 4.261057711119065e-06, 0.0, 0.0, -0.9999986290931702, -0.016283666715025902, 0.0, 0.0]","[0.0, 0.0, 1.0, 0.7777528762817383, 0.0, 0.8586773872375488, 0.6720980405807495, 0.28866395354270935]",-19.2754685420799
8.299999999999983,156.0192108154297,30.74576759338379,14.879549980163574,-0.000823974609375,0.87109375,"[0.4610373377799988, 0.6273999810218811, 0.1487094610929489, 0.9626652598381042]","[0.0, 0.0, 4.261057711119065e-06, 4.966666892869398e-05, -0.01669049821794033, 1.0, 0.016333334147930145, 4.261057711119065e-06, 0.0, 0.0, -0.9999986290931702, -0.016283666715025902, 0.0, 0.0]","[0.0, 0.0, 1.0, 0.7777528762817383, 0.0, 0.8586773872375488, 0.6720980405807495, 0.28866395354270935]",-19.725001872122203
8.349999999999984,156.10321044921875,30.00176429748535,15.035929679870605,0.0020751953125,0.87109375,"[0.45077502727508545, 0.6340000033378601, 0.14196263253688812, 0.9706847667694092]","[0.0, 0.0, 4.261057711119065e-06, 4.966666892869398e-05, -0.01669049821794033, 1.0, 0.016333334147930145, 4.261057711119065e-06, 0.0, 0.0, -0.9999986290931702, -0.016283666715025902, 0.0, 0.0]","[0.0, 0.0, 1.0, 0.7777528762817383, 0.0, 0.8586773872375488, 0.6720980405807495, 0.28866395354270935]",-20.18397311307469
8.399999999999984,156.18756103515625,29.249923706054688,15.192939758300781,0.0008544921875,0.87109375,"[0.4404712915420532, 0.6406000256538391, 0.14606328308582306, 0.9730944037437439]","[0.0, 0.0, 4.261057711119065e-06, 4.966666892869398e-05, -0.01669049821794033, 1.0, 0.016333334147930145, 4.261057711119065e-06, 0.0, 0.0, -0.9999986290931702, -0.016283666715025902, 0.0, 0.0]","[0.0, 0.0, 1.0, 0.7777528762817383, 0.0, 0.8586773872375488, 0.6720980405807495, 0.28866395354270935]",-20.648580720190214
8.449999999999985,156.27235412597656,28.490219116210938,15.350449562072754,0.00048828125,0.87109375,"[0.4301348328590393, 0.6471999883651733, 0.14476878941059113, 0.9765304327011108]","[0.0, 0.0, 4.261057711119065e-06, 4.966666892869398e-05, -0.01669049821794033, 1.0, 0.016333334147930145, 4.261057711119065e-06, 0.0, 0.0, -0.9999986290931702, -0.016283666715025902, 0.0, 0.0]","[0.0, 0.0, 1.0, 0.7777528762817383, 0.0, 0.8586773872375488, 0.6720980405807495, 0.28866395354270935]",-20.852288942734933
8.499999999999986,156.35775756835938,27.722684860229492,15.507100105285645,0.000885009765625,0.8515625,"[0.41985470056533813, 0.7529000043869019, 0.14078021049499512, 0.9744006395339966]","[0.0, 0.0, 4.261057711119065e-06, 4.966666892869398e-05, -0.01669049821794033, 1.0, 0.016333334147930145, 4.261057711119065e-06, 0.0, 0.0, -0.9999986290931702, -0.016283666715025902, 0.0, 0.0]","[0.0, 0.0, 1.0, 0.7777528762817383, 0.0, 0.8586773872375488, 0.6720980405807495, 0.28866395354270935]",-21.343515194143436
8.549999999999986,156.4439239501953,26.947450637817383,15.660849571228027,0.000946044921875,0.8359375,"[0.40976500511169434, 0.8406999707221985, 0.13672570884227753, 0.9748824834823608]","[0.0, 0.0, 4.261057711119065e-06, 4.966666892869398e-05, -0.01669049821794033, 1.0, 0.016333334147930145, 4.261057711119065e-06, 0.0, 0.0, -0.9999986290931702, -0.016283666715025902, 0.0, 0.0]","[0.0, 0.0, 1.0, 0.7777528762817383, 0.0, 0.8586773872375488, 0.6720980405807495, 0.28866395354270935]",-21.83723376550468
8.599999999999987,156.53109741210938,26.164770126342773,15.808589935302734,0.0029296875,0.7890625,"[0.40006953477859497, 1.0, 0.13686856627464294, 0.9683265089988708]","[0.0, 0.0, 4.261057711119065e-06, 4.966666892869398e-05, -0.01669049821794033, 1.0, 0.016333334147930145, 4.261057711119065e-06, 0.0, 0.0, -0.9999986290931702, -0.016283666715025902, 0.0, 0.0]","[0.0, 0.0, 1.0, 0.7777528762817383, 0.0, 0.8586773872375488, 0.6720980405807495, 0.28866395354270935]",-22.334230778005924
8.649999999999988,156.62020874023438,25.37526512145996,15.943229675292969,0.011016845703125,0.703125,"[0.3912338614463806, 1.0, 0.15116044878959656, 0.9480381011962891]","[0.0, 0.0, 4.261057711119065e-06, 4.966666892869398e-05, -0.01669049821794033, 1.0, 0.016333334147930145, 4.261057711119065e-06, 0.0, 0.0, -0.9999986290931702, -0.016283666715025902, 0.0, 0.0]","[0.0, 0.0, 1.0, 0.7777528762817383, 0.0, 0.8586773872375488, 0.6720980405807495, 0.28866395354270935]",-22.540868325806695
8.699999999999989,156.7114715576172,24.579824447631836,16.059560775756836,0.012054443359375,0.640625,"[0.3835996985435486, 1.0, 0.13694417476654053, 0.9603420495986938]","[0.0, 0.0, 4.261057711119065e-06, 4.966666892869398e-05, -0.01669049821794033, 1.0, 0.016333334147930145, 4.261057711119065e-06, 0.0, 0.0, -0.9999986290931702, -0.016283666715025902, 0.0, 0.0]","[0.0, 0.0, 1.0, 0.7777528762817383, 0.0, 0.8586773872375488, 0.6720980405807495, 0.28866395354270935]",-23.03323108692015
8.74999999999999,156.80447387695312,23.779314041137695,16.158849716186523,0.0086669921875,0.625,"[0.3770838975906372, 1.0, 0.11394988745450974, 0.9639491438865662]","[0.0, 0.0, 4.261057711119065e-06, 4.966666892869398e-05, -0.01669049821794033, 1.0, 0.016333334147930145, 4.261057711119065e-06, 0.0, 0.0, -0.9999986290931702, -0.016283666715025902, 0.0, 0.0]","[0.0, 0.0, 1.0, 0.7777528762817383, 0.0, 0.8586773872375488, 0.6720980405807495, 0.28866395354270935]",-23.52779819359882
8.79999999999999,156.89862060546875,22.974365234375,16.246000289916992,0.002349853515625,0.625,"[0.3713647127151489, 1.0, 0.08822241425514221, 0.9651557207107544]","[0.0, 0.0, 4.261057711119065e-06, 4.966666892869398e-05, -0.01669049821794033, 1.0, 0.016333334147930145, 4.261057711119065e-06, 0.0, 0.0, -0.9999986290931702, -0.016283666715025902, 0.0, 0.0]","[0.0, 0.0, 1.0, 0.7777528762817383, 0.0, 0.8586773872375488, 0.6720980405807495, 0.28866395354270935]",-24.01993211781774
8.84999999999999,156.9933319091797,22.16534423828125,16.326339721679688,-0.0035400390625,0.64453125,"[0.3660925030708313, 1.0, 0.07552879303693771, 0.9712274670600891]","[0.0, 0.0, 4.261057711119065e-06, 4.966666892869398e-05, -0.01669049821794033, 1.0, 0.016333334147930145, 4.261057711119065e-06, 0.0, 0.0, -0.9999986290931702, -0.016283666715025902, 0.0, 0.0]","[0.0, 0.0, 1.0, 0.7777528762817383, 0.0, 0.8586773872375488, 0.6720980405807495, 0.28866395354270935]",-24.172269734735355
8.899999999999991,157.0880889892578,21.352340698242188,16.405420303344727,-0.008575439453125,0.67578125,"[0.3609028458595276, 1.0, 0.0849459320306778, 0.9747208952903748]","[0.0, 0.0, 4.261057711119065e-06, 4.966666892869398e-05, -0.01669049821794033, 1.0, 0.016333334147930145, 4.261057711119065e-06, 0.0, 0.0, -0.9999986290931702, -0.016283666715025902, 0.0, 0.0]","[0.0, 0.0, 1.0, 0.7777528762817383, 0.0, 0.8586773872375488, 0.6720980405807495, 0.28866395354270935]",-24.647616123940836
8.949999999999992,157.1818389892578,20.53512191772461,16.488540649414062,-0.017486572265625,0.7265625,"[0.3554481267929077, 1.0, 0.1168074682354927, 0.9574528336524963]","[0.0, 0.0, 4.261057711119065e-06, 4.966666892869398e-05, -0.01669049821794033, 1.0, 0.016333334147930145, 4.261057711119065e-06, 0.0, 0.0, -0.9999986290931702, -0.016283666715025902, 0.0, 0.0]","[0.0, 0.0, 1.0, 0.7777528762817383, 0.0, 0.8586773872375488, 0.6720980405807495, 0.28866395354270935]",-25.12583034358495
8.999999999999993,157.27249145507812,19.713132858276367,16.57876968383789,-0.0347900390625,0.76953125,"[0.34952688217163086, 1.0, 0.17734196782112122, 0.9280588030815125]","[0.0, 0.0, 4.261057711119065e-06, 4.966666892869398e-05, -0.01669049821794033, 1.0, 0.016333334147930145, 4.261057711119065e-06, 0.0, 0.0, -0.9999986290931702, -0.016283666715025902, 0.0, 0.0]","[0.0, 0.0, 1.0, 0.7777528762817383, 0.0, 0.8586773872375488, 0.6720980405807495, 0.28866395354270935]",-25.601474998774318
9.049999999999994,157.35675048828125,18.885723114013672,16.6754207611084,-0.0618896484375,0.8125,"[0.343184232711792, 1.0, 0.26356789469718933, 0.8995674848556519]","[0.0, 0.0, 4.261057711119065e-06, 4.966666892869398e-05, -0.01669049821794033, 1.0, 0.016333334147930145, 4.261057711119065e-06, 0.0, 0.0, -0.9999986290931702, -0.016283666715025902, 0.0, 0.0]","[0.0, 0.0, 1.0, 0.7777528762817383, 0.0, 0.8586773872375488, 0.6720980405807495, 0.28866395354270935]",-25.705362879417127
9.099999999999994,157.43148803710938,18.05234146118164,16.7785701751709,-0.085540771484375,0.8359375,"[0.3364151120185852, 0.8910999894142151, 0.33236613869667053, 0.9092265367507935]","[0.0, 0.0, 4.261057711119065e-06, 4.966666892869398e-05, -0.01669049821794033, 1.0, 0.016333334147930145, 4.261057711119065e-06, 0.0, 0.0, -0.9999986290931702, -0.016283666715025902, 0.0, 0.0]","[0.0, 0.0, 1.0, 0.7777528762817383, 0.0, 0.8586773872375488, 0.6720980405807495, 0.28866395354270935]",-26.163513305447868
9.149999999999995,157.49549865722656,17.2125301361084,16.89314079284668,-0.103759765625,0.84375,"[0.3288964629173279, 0.8960999846458435, 0.3489744961261749, 0.9614871740341187]","[0.0, 0.0, 4.261057711119065e-06, 4.966666892869398e-05, -0.01669049821794033, 1.0, 0.016333334147930145, 4.261057711119065e-06, 0.0, 0.0, -0.9999986290931702, -0.016283666715025902, 0.0, 0.0]","[0.0, 0.0, 1.0, 0.7777528762817383, 0.0, 0.8586773872375488, 0.6720980405807495, 0.28866395354270935]",-26.615352521274453
9.199999999999996,157.54469299316406,16.366249084472656,17.001060485839844,-0.120391845703125,0.8515625,"[0.32181423902511597, 0.8073999881744385, 0.44240042567253113, 0.8641989231109619]","[0.0, 0.0, 4.261057711119065e-06, 4.966666892869398e-05, -0.01669049821794033, 1.0, 0.016333334147930145, 4.261057711119065e-06, 0.0, 0.0, -0.9999986290931702, -0.016283666715025902, 0.0, 0.0]","[0.0, 0.0, 1.0, 0.7777528762817383, 0.0, 0.8586773872375488, 0.6720980405807495, 0.28866395354270935]",-27.057132969456724
9.249999999999996,157.57518005371094,15.513829231262207,17.10771942138672,-0.138702392578125,0.85546875,"[0.31481486558914185, 0.7864000201225281, 0.49495255947113037, 0.9138364791870117]","[0.0, 0.0, 4.261057711119065e-06, 4.966666892869398e-05, -0.01669049821794033, 1.0, 0.016333334147930145, 4.261057711119065e-06, 0.0, 0.0, -0.9999986290931702, -0.016283666715025902, 0.0, 0.0]","[0.0, 0.0, 1.0, 0.7777528762817383, 0.0, 0.8586773872375488, 0.6720980405807495, 0.28866395354270935]",-27.041564086420745
9.299999999999997,157.58367919921875,14.655884742736816,17.20870018005371,-0.158935546875,0.859375,"[0.3081880211830139, 0.7644000053405762, 0.5520786643028259, 0.9051486849784851]","[0.0, 0.0, 4.261057711119065e-06, 4.966666892869398e-05, -0.01669049821794033, 1.0, 0.016333334147930145, 4.261057711119065e-06, 0.0, 0.0, -0.9999986290931702, -0.016283666715025902, 0.0, 0.0]","[0.0, 0.0, 1.0, 0.7777528762817383, 0.0, 0.8586773872375488, 0.6720980405807495, 0.28866395354270935]",-27.430424627595457
9.349999999999998,157.56646728515625,13.793524742126465,17.299169540405273,-0.181915283203125,0.859375,"[0.3022509813308716, 0.7627000212669373, 0.6067375540733337, 0.8979262709617615]","[0.0, 0.0, 4.261057711119065e-06, 4.966666892869398e-05, -0.01669049821794033, 1.0, 0.016333334147930145, 4.261057711119065e-06, 0.0, 0.0, -0.9999986290931702, -0.016283666715025902, 0.0, 0.0]","[0.0, 0.0, 1.0, 0.7777528762817383, 0.0, 0.8586773872375488, 0.6720980405807495, 0.28866395354270935]",-27.79415117195708
9.399999999999999,157.5197296142578,12.928431510925293,17.374540328979492,-0.207733154296875,0.86328125,"[0.2973048686981201, 0.7390000224113464, 0.5989213585853577, 0.8934985995292664]","[0.0, 0.0, 4.261057711119065e-06, 4.966666892869398e-05, -0.01669049821794033, 1.0, 0.016333334147930145, 4.261057711119065e-06, 0.0, 0.0, -0.9999986290931702, -0.016283666715025902, 0.0, 0.0]","[0.0, 0.0, 1.0, 0.7777528762817383, 0.0, 0.8586773872375488, 0.6720980405807495, 0.28866395354270935]",-28.147820734631654
9.45,157.43995666503906,12.06271743774414,17.43450927734375,-0.230712890625,0.8671875,"[0.2933694124221802, 0.7153000235557556, 0.5921182036399841, 0.9014497399330139]","[0.0, 0.0, 4.261057711119065e-06, 4.966666892869398e-05, -0.01669049821794033, 1.0, 0.016333334147930145, 4.261057711119065e-06, 0.0, 0.0, -0.9999986290931702, -0.016283666715025902, 0.0, 0.0]","[0.0, 0.0, 1.0, 0.7777528762817383, 0.0, 0.8586773872375488, 0.6720980405807495, 0.28866395354270935]",-27.99974483535152
9.5,157.32408142089844,11.198857307434082,17.478479385375977,-0.251495361328125,0.875,"[0.29048389196395874, 0.6704999804496765, 0.5862188935279846, 0.9066214561462402]","[0.0, 0.0, 4.261057711119065e-06, 4.966666892869398e-05, -0.01669049821794033, 1.0, 0.016333334147930145, 4.261057711119065e-06, 0.0, 0.0, -0.9999986290931702, -0.016283666715025902, 0.0, 0.0]","[0.0, 0.0, 1.0, 0.7777528762817383, 0.0, 0.8586773872375488, 0.6720980405807495, 0.28866395354270935]",-28.268632636314827
9.55,157.16941833496094,10.339726448059082,17.505029678344727,-0.271728515625,0.8828125,"[0.2887415885925293, 0.6255999803543091, 0.5805819630622864, 0.9092506170272827]","[0.0, 0.0, 4.261057711119065e-06, 4.966666892869398e-05, -0.01669049821794033, 1.0, 0.016333334147930145, 4.261057711119065e-06, 0.0, 0.0, -0.9999986290931702, -0.016283666715025902, 0.0, 0.0]","[0.0, 0.0, 1.0, 0.7777528762817383, 0.0, 0.8586773872375488, 0.6720980405807495, 0.28866395354270935]",-28.511821864814422
9.600000000000001,156.97360229492188,9.48859691619873,17.512649536132812,-0.2918701171875,0.890625,"[0.28824156522750854, 0.5806999802589417, 0.574989914894104, 0.9117489457130432]","[0.0, 0.0, 4.261057711119065e-06, 4.966666892869398e-05, -0.01669049821794033, 1.0, 0.016333334147930145, 4.261057711119065e-06, 0.0, 0.0, -0.9999986290931702, -0.016283666715025902, 0.0, 0.0]","[0.0, 0.0, 1.0, 0.7777528762817383, 0.0, 0.8586773872375488, 0.6720980405807495, 0.28866395354270935]",-28.731255758632038
9.650000000000002,156.73500061035156,8.648890495300293,17.504940032958984,-0.305511474609375,0.90234375,"[0.2887474298477173, 0.5157999992370605, 0.5733309984207153, 0.9206593036651611]","[0.0, 0.0, 4.261057711119065e-06, 4.966666892869398e-05, -0.01669049821794033, 1.0, 0.016333334147930145, 4.261057711119065e-06, 0.0, 0.0, -0.9999986290931702, -0.016283666715025902, 0.0, 0.0]","[0.0, 0.0, 1.0, 0.7777528762817383, 0.0, 0.8586773872375488, 0.6720980405807495, 0.28866395354270935]",-28.31528958499835
9.700000000000003,156.45262145996094,7.823879241943359,17.48805046081543,-0.309478759765625,0.91796875,"[0.28985583782196045, 0.43130001425743103, 0.5774711966514587, 0.9286019206047058]","[0.0, 0.0, 4.261057711119065e-06, 4.966666892869398e-05, -0.01669049821794033, 1.0, 0.016333334147930145, 4.261057711119065e-06, 0.0, 0.0, -0.9999986290931702, -0.016283666715025902, 0.0, 0.0]","[0.0, 0.0, 1.0, 0.7777528762817383, 0.0, 0.8586773872375488, 0.6720980405807495, 0.28866395354270935]",-28.473223452732334
9.750000000000004,156.12606811523438,7.016689777374268,17.465869903564453,-0.30712890625,0.93359375,"[0.29131144285202026, 0.34769999980926514, 0.5852461457252502, 0.9323997497558594]","[0.0, 0.0, 4.261057711119065e-06, 4.966666892869398e-05, -0.01669049821794033, 1.0, 0.016333334147930145, 4.261057711119065e-06, 0.0, 0.0, -0.9999986290931702, -0.016283666715025902, 0.0, 0.0]","[0.0, 0.0, 1.0, 0.7777528762817383, 0.0, 0.8586773872375488, 0.6720980405807495, 0.28866395354270935]",-28.609308338046752
9.800000000000004,155.7552490234375,6.230467796325684,17.43865966796875,-0.3037109375,0.9453125,"[0.2930970788002014, 0.28519999980926514, 0.5932567119598389, 0.9322659373283386]","[0.0, 0.0, 4.261057711119065e-06, 4.966666892869398e-05, -0.01669049821794033, 1.0, 0.016333334147930145, 4.261057711119065e-06, 0.0, 0.0, -0.9999986290931702, -0.016283666715025902, 0.0, 0.0]","[0.0, 0.0, 1.0, 0.7777528762817383, 0.0, 0.8586773872375488, 0.6720980405807495, 0.28866395354270935]",-28.737888833823128
9.850000000000005,155.3404998779297,5.468475818634033,17.405380249023438,-0.301666259765625,0.95703125,"[0.2952810525894165, 0.22310000658035278, 0.5999709963798523, 0.9306567907333374]","[0.0, 0.0, 4.261057711119065e-06, 4.966666892869398e-05, -0.01669049821794033, 1.0, 0.016333334147930145, 4.261057711119065e-06, 0.0, 0.0, -0.9999986290931702, -0.016283666715025902, 0.0, 0.0]","[0.0, 0.0, 1.0, 0.7777528762817383, 0.0, 0.8586773872375488, 0.6720980405807495, 0.28866395354270935]",-28.224229743928127
9.900000000000006,154.886474609375,4.73137092590332,17.367889404296875,-0.299530029296875,0.96875,"[0.2977413535118103, 0.16410000622272491, 0.592262864112854, 0.8483008146286011]","[0.0, 0.0, 4.261057711119065e-06, 4.966666892869398e-05, -0.01669049821794033, 1.0, 0.016333334147930145, 4.261057711119065e-06, 0.0, 0.0, -0.9999986290931702, -0.016283666715025902, 0.0, 0.0]","[0.0, 0.0, 1.0, 0.7777528762817383, 0.0, 0.8586773872375488, 0.6720980405807495, 0.28866395354270935]",-28.34356143804392
9.950000000000006,154.39337158203125,4.022990703582764,17.326950073242188,-0.29925537109375,0.98046875,"[0.30042797327041626, 0.10019999742507935, 0.6180817484855652, 0.8014404773712158]","[0.0, 0.0, 4.261057711119065e-06, 4.966666892869398e-05, -0.01669049821794033, 1.0, 0.016333334147930145, 4.261057711119065e-06, 0.0, 0.0, -0.9999986290931702, -0.016283666715025902, 0.0, 0.0]","[0.0, 0.0, 1.0, 0.7777528762817383, 0.0, 0.8586773872375488, 0.6720980405807495, 0.28866395354270935]",-28.45048229645319
10.000000000000007,153.85919189453125,3.347318649291992,17.253490447998047,-0.29595947265625,0.98828125,"[0.3052487373352051, 0.060499999672174454, 0.5826202034950256, 0.8481354117393494]","[0.0, 0.0, 4.261057711119065e-06, 4.966666892869398e-05, -0.01669049821794033, 1.0, 0.016333334147930145, 4.261057711119065e-06, 0.0, 0.0, -0.9999986290931702, -0.016283666715025902, 0.0, 0.0]","[0.0, 0.0, 1.0, 0.7777528762817383, 0.0, 0.8586773872375488, 0.6720980405807495, 0.28866395354270935]",-28.543100775002014
10.050000000000008,153.29458618164062,2.7080471515655518,17.00040054321289,-0.2867431640625,0.9921875,"[0.3218575716018677, 0.03959999978542328, 0.5714478492736816, 0.6933653950691223]","[0.0, 0.0, 4.261057711119065e-06, 4.966666892869398e-05, -0.01669049821794033, 1.0, 0.016333334147930145, 4.261057711119065e-06, 0.0, 0.0, -0.9999986290931702, -0.016283666715025902, 0.0, 0.0]","[0.0, 0.0, 1.0, 0.7777528762817383, 0.0, 0.8586773872375488, 0.6720980405807495, 0.28866395354270935]",-28.013534586198634
10.100000000000009,152.70220947265625,2.1118993759155273,16.75982093811035,-0.2747802734375,1.0,"[0.3376455307006836, 0.0, 0.5987929701805115, 0.871491014957428]","[0.0, 0.0, 4.261057711119065e-06, 4.966666892869398e-05, -0.01669049821794033, 1.0, 0.016333334147930145, 4.261057711119065e-06, 0.0, 0.0, -0.9999986290931702, -0.016283666715025902, 0.0, 0.0]","[0.0, 0.0, 1.0, 0.7777528762817383, 0.0, 0.8586773872375488, 0.6720980405807495, 0.28866395354270935]",-28.019336822631338
10.15000000000001,152.0788116455078,1.5540913343429565,16.785249710083008,-0.2645263671875,1.0,"[0.3359767198562622, 0.0, 0.6198894381523132, 0.7267295718193054]","[0.0, 0.0, 4.261057711119065e-06, 4.966666892869398e-05, -0.01669049821794033, 1.0, 0.016333334147930145, 4.261057711119065e-06, 0.0, 0.0, -0.9999986290931702, -0.016283666715025902, 0.0, 0.0]","[0.0, 0.0, 1.0, 0.7777528762817383, 0.0, 0.8586773872375488, 0.6720980405807495, 0.28866395354270935]",-27.95352235505426
10.20000000000001,151.42222595214844,1.0340461730957031,16.800460815429688,-0.253143310546875,1.0,"[0.33497852087020874, 0.0, 0.6551758646965027, 0.924517035484314]","[0.0, 0.0, 4.261057711119065e-06, 4.966666892869398e-05, -0.01669049821794033, 1.0, 0.016333334147930145, 4.261057711119065e-06, 0.0, 0.0, -0.9999986290931702, -0.016283666715025902, 0.0, 0.0]","[0.0, 0.0, 1.0, 0.7777528762817383, 0.0, 0.8586773872375488, 0.6720980405807495, 0.28866395354270935]",-27.851166045220815
10.25000000000001,150.7365264892578,0.55234694480896,16.80474090576172,-0.241729736328125,1.0,"[0.3346976637840271, 0.0, 0.6409643888473511, 0.9217076301574707]","[0.0, 0.0, 4.261057711119065e-06, 4.966666892869398e-05, -0.01669049821794033, 1.0, 0.016333334147930145, 4.261057711119065e-06, 0.0, 0.0, -0.9999986290931702, -0.016283666715025902, 0.0, 0.0]","[0.0, 0.0, 1.0, 0.7777528762817383, 0.0, 0.8586773872375488, 0.6720980405807495, 0.28866395354270935]",-27.03324134120056
10.300000000000011,150.02435302734375,0.11091434210538864,16.808300018310547,-0.229766845703125,1.0,"[0.33446407318115234, 0.0, 0.6232672929763794, 0.8894414901733398]","[0.0, 0.0, 4.261057711119065e-06, 4.966666892869398e-05, -0.01669049821794033, 1.0, 0.016333334147930145, 4.261057711119065e-06, 0.0, 0.0, -0.9999986290931702, -0.016283666715025902, 0.0, 0.0]","[0.0, 0.0, 1.0, 0.7777528762817383, 0.0, 0.8586773872375488, 0.6720980405807495, 0.28866395354270935]",-26.8953366734871
10.350000000000012,149.28857421875,-0.29009097814559937,16.80545997619629,-0.2178955078125,1.0,"[0.334650456905365, 0.0, 0.6138786673545837, 0.9407378435134888]","[0.0, 0.0, 4.261057711119065e-06, 4.966666892869398e-05, -0.01669049821794033, 1.0, 0.016333334147930145, 4.261057711119065e-06, 0.0, 0.0, -0.9999986290931702, -0.016283666715025902, 0.0, 0.0]","[0.0, 0.0, 1.0, 0.7777528762817383, 0.0, 0.8586773872375488, 0.6720980405807495, 0.28866395354270935]",-26.743094161639718
10.400000000000013,148.53207397460938,-0.6505955457687378,16.80821990966797,-0.20751953125,1.0,"[0.3344693183898926, 0.0, 0.6104835271835327, 0.9474002718925476]","[0.0, 0.0, 4.261057711119065e-06, 4.966666892869398e-05, -0.01669049821794033, 1.0, 0.016333334147930145, 4.261057711119065e-06, 0.0, 0.0, -0.9999986290931702, -0.016283666715025902, 0.0, 0.0]","[0.0, 0.0, 1.0, 0.7777528762817383, 0.0, 0.8586773872375488, 0.6720980405807495, 0.28866395354270935]",-26.65158584521617
10.450000000000014,147.75729370117188,-0.9706929326057434,16.816280364990234,-0.199310302734375,1.0,"[0.33394038677215576, 0.0, 0.6088197827339172, 0.9520304203033447]","[0.0, 0.0, 4.261057711119065e-06, 4.966666892869398e-05, -0.01669049821794033, 1.0, 0.016333334147930145, 4.261057711119065e-06, 0.0, 0.0, -0.9999986290931702, -0.016283666715025902, 0.0, 0.0]","[0.0, 0.0, 1.0, 0.7777528762817383, 0.0, 0.8586773872375488, 0.6720980405807495, 0.28866395354270935]",-26.219179899065185
10.500000000000014,146.96646118164062,-1.2501858472824097,16.82910919189453,-0.19256591796875,1.0,"[0.33309853076934814, 0.0, 0.6082026362419128, 0.9555041193962097]","[0.0, 0.0, 4.261057711119065e-06, 4.966666892869398e-05, -0.01669049821794033, 1.0, 0.016333334147930145, 4.261057711119065e-06, 0.0, 0.0, -0.9999986290931702, -0.016283666715025902, 0.0, 0.0]","[0.0, 0.0, 1.0, 0.7777528762817383, 0.0, 0.8586773872375488, 0.6720980405807495, 0.28866395354270935]",-26.228342645730606
10.550000000000015,146.1615753173828,-1.4881423711776733,16.840450286865234,-0.187774658203125,1.0,"[0.33235424757003784, 0.0, 0.605205237865448, 0.9519343376159668]","[0.0, 0.0, 4.261057711119065e-06, 4.966666892869398e-05, -0.01669049821794033, 1.0, 0.016333334147930145, 4.261057711119065e-06, 0.0, 0.0, -0.9999986290931702, -0.016283666715025902, 0.0, 0.0]","[0.0, 0.0, 1.0, 0.7777528762817383, 0.0, 0.8586773872375488, 0.6720980405807495, 0.28866395354270935]",-26.224725735362096
10.600000000000016,145.3449249267578,-1.6863338947296143,16.862890243530273,-0.1815185546875,1.0,"[0.33088159561157227, 0.0, 0.6089006662368774, 0.9430925250053406]","[0.0, 0.0, 4.261057711119065e-06, 4.966666892869398e-05, -0.01669049821794033, 1.0, 0.016333334147930145, 4.261057711119065e-06, 0.0, 0.0, -0.9999986290931702, -0.016283666715025902, 0.0, 0.0]","[0.0, 0.0, 1.0, 0.7777528762817383, 0.0, 0.8586773872375488, 0.6720980405807495, 0.28866395354270935]",-26.19991418355992
10.650000000000016,144.51805114746094,-1.8438596725463867,16.891979217529297,-0.16534423828125,1.0,"[0.3289726972579956, 0.0, 0.6126180291175842, 0.9581198692321777]","[0.0, 0.0, 4.261057711119065e-06, 4.966666892869398e-05, -0.01669049821794033, 1.0, 0.016333334147930145, 4.261057711119065e-06, 0.0, 0.0, -0.9999986290931702, -0.016283666715025902, 0.0, 0.0]","[0.0, 0.0, 1.0, 0.7777528762817383, 0.0, 0.8586773872375488, 0.6720980405807495, 0.28866395354270935]",-25.68196379006829
10.700000000000017,143.682373046875,-1.9626821279525757,16.94074058532715,-0.13873291015625,1.0,"[0.325772762298584, 0.0, 0.6236879229545593, 0.9328047633171082]","[0.0, 0.0, 4.261057711119065e-06, 4.966666892869398e-05, -0.01669049821794033, 1.0, 0.016333334147930145, 4.261057711119065e-06, 0.0, 0.0, -0.9999986290931702, -0.016283666715025902, 0.0, 0.0]","[0.0, 0.0, 1.0, 0.7777528762817383, 0.0, 0.8586773872375488, 0.6720980405807495, 0.28866395354270935]",-25.658685901435454
10.750000000000018,142.8395538330078,-2.043154239654541,16.989009857177734,-0.106536865234375,1.0,"[0.3226051330566406, 0.0, 0.6212421655654907, 0.9550068378448486]","[0.0, 0.0, 4.261057711119065e-06, 4.966666892869398e-05, -0.01669049821794033, 1.0, 0.016333334147930145, 4.261057711119065e-06, 0.0, 0.0, -0.9999986290931702, -0.016283666715025902, 0.0, 0.0]","[0.0, 0.0, 1.0, 0.7777528762817383, 0.0, 0.8586773872375488, 0.6720980405807495, 0.28866395354270935]",-25.61145137520107
10.800000000000018,141.9900360107422,-2.089254140853882,17.076719284057617,-0.075714111328125,1.0,"[0.3168491721153259, 0.0, 0.6430461406707764, 0.8427097201347351]","[0.0, 0.0, 4.261057711119065e-06, 4.966666892869398e-05, -0.01669049821794033, 1.0, 0.016333334147930145, 4.261057711119065e-06, 0.0, 0.0, -0.9999986290931702, -0.016283666715025902, 0.0, 0.0]","[0.0, 0.0, 1.0, 0.7777528762817383, 0.0, 0.8586773872375488, 0.6720980405807495, 0.28866395354270935]",-25.57939799259235
10.85000000000002,141.1340789794922,-2.1043450832366943,17.177080154418945,-0.04638671875,1.0,"[0.31026309728622437, 0.0, 0.6470659375190735, 0.9113020896911621]","[0.0, 0.0, 4.261057711119065e-06, 4.966666892869398e-05, -0.01669049821794033, 1.0, 0.016333334147930145, 4.261057711119065e-06, 0.0, 0.0, -0.9999986290931702, -0.016283666715025902, 0.0, 0.0]","[0.0, 0.0, 1.0, 0.7777528762817383, 0.0, 0.8586773872375488, 0.6720980405807495, 0.28866395354270935]",-24.966898569842588
10.90000000000002,140.27227783203125,-2.091284990310669,17.289329528808594,-0.021728515625,1.0,"[0.30289679765701294, 0.0, 0.5954887866973877, 0.8991537094116211]","[0.0, 0.0, 4.261057711119065e-06, 4.966666892869398e-05, -0.01669049821794033, 1.0, 0.016333334147930145, 4.261057711119065e-06, 0.0, 0.0, -0.9999986290931702, -0.016283666715025902, 0.0, 0.0]","[0.0, 0.0, 1.0, 0.7777528762817383, 0.0, 0.8586773872375488, 0.6720980405807495, 0.28866395354270935]",-24.87434562360604
10.95000000000002,139.4051971435547,-2.0547189712524414,17.411619186401367,-0.004302978515625,1.0,"[0.29487156867980957, 0.0, 0.527827262878418, 0.8949581384658813]","[0.0, 0.0, 4.261057711119065e-06, 4.966666892869398e-05, -0.01669049821794033, 1.0, 0.016333334147930145, 4.261057711119065e-06, 0.0, 0.0, -0.9999986290931702, -0.016283666715025902, 0.0, 0.0]","[0.0, 0.0, 1.0, 0.7777528762817383, 0.0, 0.8586773872375488, 0.6720980405807495, 0.28866395354270935]",-24.81022691846621
11.000000000000021,138.53277587890625,-1.9982473850250244,17.54153060913086,0.004486083984375,1.0,"[0.2863461971282959, 0.0, 0.4476611018180847, 0.8965829610824585]","[0.0, 0.0, 4.261057711119065e-06, 4.966666892869398e-05, -0.01669049821794033, 1.0, 0.016333334147930145, 4.261057711119065e-06, 0.0, 0.0, -0.9999986290931702, -0.016283666715025902, 0.0, 0.0]","[0.0, 0.0, 1.0, 0.7777528762817383, 0.0, 0.8586773872375488, 0.6720980405807495, 0.28866395354270935]",-24.778479436473436
11.050000000000022,137.65480041503906,-1.9252668619155884,17.67668914794922,0.006500244140625,1.0,"[0.27747654914855957, 0.0, 0.37935253977775574, 0.9115438461303711]","[0.0, 0.0, 4.261057711119065e-06, 4.966666892869398e-05, -0.01669049821794033, 1.0, 0.016333334147930145, 4.261057711119065e-06, 0.0, 0.0, -0.9999986290931702, -0.016283666715025902, 0.0, 0.0]","[0.0, 0.0, 1.0, 0.7777528762817383, 0.0, 0.8586773872375488, 0.6720980405807495, 0.28866395354270935]",-24.544924774838414
11.100000000000023,136.77099609375,-1.8393372297286987,17.815980911254883,0.008880615234375,1.0,"[0.2683355212211609, 0.0, 0.3104874789714813, 0.9100466966629028]","[0.0, 0.0, 4.261057711119065e-06, 4.966666892869398e-05, -0.01669049821794033, 1.0, 0.016333334147930145, 4.261057711119065e-06, 0.0, 0.0, -0.9999986290931702, -0.016283666715025902, 0.0, 0.0]","[0.0, 0.0, 1.0, 0.7777528762817383, 0.0, 0.8586773872375488, 0.6720980405807495, 0.28866395354270935]",-24.755393667112486
11.150000000000023,135.8809814453125,-1.7441647052764893,17.95796012878418,0.013946533203125,1.0,"[0.2590182423591614, 0.0, 0.24351735413074493, 0.9073114395141602]","[0.0, 0.0, 4.261057711119065e-06, 4.966666892869398e-05, -0.01669049821794033, 1.0, 0.016333334147930145, 4.261057711119065e-06, 0.0, 0.0, -0.9999986290931702, -0.016283666715025902, 0.0, 0.0]","[0.0, 0.0, 1.0, 0.7777528762817383, 0.0, 0.8586773872375488, 0.6720980405807495, 0.28866395354270935]",-24.998818774462258
11.200000000000024,134.98448181152344,-1.6425620317459106,18.100940704345703,0.020904541015625,1.0,"[0.2496352195739746, 0.0, 0.20471251010894775, 0.9325921535491943]","[0.0, 0.0, 4.261057711119065e-06, 4.966666892869398e-05, -0.01669049821794033, 1.0, 0.016333334147930145, 4.261057711119065e-06, 0.0, 0.0, -0.9999986290931702, -0.016283666715025902, 0.0, 0.0]","[0.0, 0.0, 1.0, 0.7777528762817383, 0.0, 0.8586773872375488, 0.6720980405807495, 0.28866395354270935]",-25.271508878859326
11.250000000000025,134.08102416992188,-1.5383862257003784,18.2435302734375,0.02886962890625,1.0,"[0.24027782678604126, 0.0, 0.14459648728370667, 0.8898561000823975]","[0.0, 0.0, 4.261057711119065e-06, 4.966666892869398e-05, -0.01669049821794033, 1.0, 0.016333334147930145, 4.261057711119065e-06, 0.0, 0.0, -0.9999986290931702, -0.016283666715025902, 0.0, 0.0]","[0.0, 0.0, 1.0, 0.7777528762817383, 0.0, 0.8586773872375488, 0.6720980405807495, 0.28866395354270935]",-25.242267604084
11.300000000000026,133.17034912109375,-1.4344162940979004,18.385440826416016,0.034027099609375,1.0,"[0.23096507787704468, 0.0, 0.18797846138477325, 0.9338699579238892]","[0.0, 0.0, 4.261057711119065e-06, 4.966666892869398e-05, -0.01669049821794033, 1.0, 0.016333334147930145, 4.261057711119065e-06, 0.0, 0.0, -0.9999986290931702, -0.016283666715025902, 0.0, 0.0]","[0.0, 0.0, 1.0, 0.7777528762817383, 0.0, 0.8586773872375488, 0.6720980405807495, 0.28866395354270935]",-25.58093866377578
11.350000000000026,132.2523193359375,-1.3325085639953613,18.526779174804688,0.0362548828125,1.0,"[0.22168976068496704, 0.0, 0.22180967032909393, 0.9442816376686096]","[0.0, 0.0, 4.261057711119065e-06, 4.966666892869398e-05, -0.01669049821794033, 1.0, 0.016333334147930145, 4.261057711119065e-06, 0.0, 0.0, -0.9999986290931702, -0.016283666715025902, 0.0, 0.0]","[0.0, 0.0, 1.0, 0.7777528762817383, 0.0, 0.8586773872375488, 0.6720980405807495, 0.28866395354270935]",-25.962889002821182
11.400000000000027,131.3268280029297,-1.2341846227645874,18.667739868164062,0.035919189453125,1.0,"[0.21243929862976074, 0.0, 0.24609142541885376, 0.9545624256134033]","[0.0, 0.0, 4.261057711119065e-06, 4.966666892869398e-05, -0.01669049821794033, 1.0, 0.016333334147930145, 4.261057711119065e-06, 0.0, 0.0, -0.9999986290931702, -0.016283666715025902, 0.0, 0.0]","[0.0, 0.0, 1.0, 0.7777528762817383, 0.0, 0.8586773872375488, 0.6720980405807495, 0.28866395354270935]",-26.392549291295996
11.450000000000028,130.39378356933594,-1.140756607055664,18.808269500732422,0.035308837890625,1.0,"[0.20321714878082275, 0.0, 0.2666250467300415, 0.9583882689476013]","[0.0, 0.0, 4.261057711119065e-06, 4.966666892869398e-05, -0.01669049821794033, 1.0, 0.016333334147930145, 4.261057711119065e-06, 0.0, 0.0, -0.9999986290931702, -0.016283666715025902, 0.0, 0.0]","[0.0, 0.0, 1.0, 0.7777528762817383, 0.0, 0.8586773872375488, 0.6720980405807495, 0.28866395354270935]",-26.5868706372518
11.500000000000028,129.45314025878906,-1.0534136295318604,18.94824981689453,0.035308837890625,1.0,"[0.1940310001373291, 0.0, 0.28499820828437805, 0.9605950713157654]","[0.0, 0.0, 4.261057711119065e-06, 4.966666892869398e-05, -0.01669049821794033, 1.0, 0.016333334147930145, 4.261057711119065e-06, 0.0, 0.0, -0.9999986290931702, -0.016283666715025902, 0.0, 0.0]","[0.0, 0.0, 1.0, 0.7777528762817383, 0.0, 0.8586773872375488, 0.6720980405807495, 0.28866395354270935]",-27.112416192206847
11.55000000000003,128.50489807128906,-0.9731407165527344,19.087810516357422,0.0352783203125,1.0,"[0.18487238883972168, 0.0, 0.2993934154510498, 0.9647310376167297]","[0.0, 0.0, 4.261057711119065e-06, 4.966666892869398e-05, -0.01669049821794033, 1.0, 0.016333334147930145, 4.261057711119065e-06, 0.0, 0.0, -0.9999986290931702, -0.016283666715025902, 0.0, 0.0]","[0.0, 0.0, 1.0, 0.7777528762817383, 0.0, 0.8586773872375488, 0.6720980405807495, 0.28866395354270935]",-27.68571982102318
11.60000000000003,127.54905700683594,-0.9005877375602722,19.22732925415039,0.03387451171875,1.0,"[0.17571651935577393, 0.0, 0.30682373046875, 0.9719826579093933]","[0.0, 0.0, 4.261057711119065e-06, 4.966666892869398e-05, -0.01669049821794033, 1.0, 0.016333334147930145, 4.261057711119065e-06, 0.0, 0.0, -0.9999986290931702, -0.016283666715025902, 0.0, 0.0]","[0.0, 0.0, 1.0, 0.7777528762817383, 0.0, 0.8586773872375488, 0.6720980405807495, 0.28866395354270935]",-28.301101912986972
11.65000000000003,126.58567810058594,-0.8359811902046204,19.367359161376953,0.030120849609375,1.0,"[0.1665271520614624, 0.0, 0.305276483297348, 0.9784427285194397]","[0.0, 0.0, 4.261057711119065e-06, 4.966666892869398e-05, -0.01669049821794033, 1.0, 0.016333334147930145, 4.261057711119065e-06, 0.0, 0.0, -0.9999986290931702, -0.016283666715025902, 0.0, 0.0]","[0.0, 0.0, 1.0, 0.7777528762817383, 0.0, 0.8586773872375488, 0.6720980405807495, 0.28866395354270935]",-28.733885714300428
11.700000000000031,125.61478424072266,-0.7792379856109619,19.508100509643555,0.025115966796875,1.0,"[0.15729105472564697, 0.0, 0.2978905737400055, 0.9732655882835388]","[0.0, 0.0, 4.261057711119065e-06, 4.966666892869398e-05, -0.01669049821794033, 1.0, 0.016333334147930145, 4.261057711119065e-06, 0.0, 0.0, -0.9999986290931702, -0.016283666715025902, 0.0, 0.0]","[0.0, 0.0, 1.0, 0.7777528762817383, 0.0, 0.8586773872375488, 0.6720980405807495, 0.28866395354270935]",-29.391580829718695
11.750000000000032,124.63641357421875,-0.7292253971099854,19.650760650634766,0.0118408203125,1.0,"[0.1479291319847107, 0.0, 0.2626303434371948, 0.9429643154144287]","[0.0, 0.0, 4.261057711119065e-06, 4.966666892869398e-05, -0.01669049821794033, 1.0, 0.016333334147930145, 4.261057711119065e-06, 0.0, 0.0, -0.9999986290931702, -0.016283666715025902, 0.0, 0.0]","[0.0, 0.0, 1.0, 0.7777528762817383, 0.0, 0.8586773872375488, 0.6720980405807495, 0.28866395354270935]",-30.046696213219853
11.800000000000033,123.6506118774414,-0.6845033168792725,19.79446029663086,-0.0003662109375,1.0,"[0.13849890232086182, 0.0, 0.226668119430542, 0.94292813539505]","[0.0, 0.0, 4.261057711119065e-06, 4.966666892869398e-05, -0.01669049821794033, 1.0, 0.016333334147930145, 4.261057711119065e-06, 0.0, 0.0, -0.9999986290931702, -0.016283666715025902, 0.0, 0.0]","[0.0, 0.0, 1.0, 0.7777528762817383, 0.0, 0.8586773872375488, 0.6720980405807495, 0.28866395354270935]",-30.702914040219877
11.850000000000033,122.65740203857422,-0.6444879770278931,19.93844985961914,-0.002777099609375,1.0,"[0.1290496587753296, 0.0, 0.21488967537879944, 0.9684963226318359]","[0.0, 0.0, 4.261057711119065e-06, 4.966666892869398e-05, -0.01669049821794033, 1.0, 0.016333334147930145, 4.261057711119065e-06, 0.0, 0.0, -0.9999986290931702, -0.016283666715025902, 0.0, 0.0]","[0.0, 0.0, 1.0, 0.7777528762817383, 0.0, 0.8586773872375488, 0.6720980405807495, 0.28866395354270935]",-31.071923412533806
11.900000000000034,121.65680694580078,-0.608982503414154,20.082679748535156,-0.000213623046875,1.0,"[0.11958461999893188, 0.0, 0.21070021390914917, 0.9761542081832886]","[0.0, 0.0, 4.261057711119065e-06, 4.966666892869398e-05, -0.01669049821794033, 1.0, 0.016333334147930145, 4.261057711119065e-06, 0.0, 0.0, -0.9999986290931702, -0.016283666715025902, 0.0, 0.0]","[0.0, 0.0, 1.0, 0.7777528762817383, 0.0, 0.8586773872375488, 0.6720980405807495, 0.28866395354270935]",-31.738081620129215
11.950000000000035,120.64883422851562,-0.5773483514785767,20.227420806884766,0.0003662109375,1.0,"[0.11008614301681519, 0.0, 0.19685888290405273, 0.9660018086433411]","[0.0, 0.0, 4.261057711119065e-06, 4.966666892869398e-05, -0.01669049821794033, 1.0, 0.016333334147930145, 4.261057711119065e-06, 0.0, 0.0, -0.9999986290931702, -0.016283666715025902, 0.0, 0.0]","[0.0, 0.0, 1.0, 0.7777528762817383, 0.0, 0.8586773872375488, 0.6720980405807495, 0.28866395354270935]",-32.47495338975419
12.000000000000036,119.6335220336914,-0.5487701892852783,20.372589111328125,0.00030517578125,1.0,"[0.10055947303771973, 0.0, 0.18252834677696228, 0.9653521776199341]","[0.0, 0.0, 4.261057711119065e-06, 4.966666892869398e-05, -0.01669049821794033, 1.0, 0.016333334147930145, 4.261057711119065e-06, 0.0, 0.0, -0.9999986290931702, -0.016283666715025902, 0.0, 0.0]","[0.0, 0.0, 1.0, 0.7777528762817383, 0.0, 0.8586773872375488, 0.6720980405807495, 0.28866395354270935]",-33.28548080856256
12.050000000000036,118.61088562011719,-0.5225633382797241,20.51810073852539,0.00030517578125,1.0,"[0.09101033210754395, 0.0, 0.1706966906785965, 0.9678506851196289]","[0.0, 0.0, 4.261057711119065e-06, 4.966666892869398e-05, -0.01669049821794033, 1.0, 0.016333334147930145, 4.261057711119065e-06, 0.0, 0.0, -0.9999986290931702, -0.016283666715025902, 0.0, 0.0]","[0.0, 0.0, 1.0, 0.7777528762817383, 0.0, 0.8586773872375488, 0.6720980405807495, 0.28866395354270935]",-33.85992356185592
12.100000000000037,117.58092498779297,-0.49828970432281494,20.66383934020996,0.001312255859375,1.0,"[0.08144634962081909, 0.0, 0.16426989436149597, 0.9733539819717407]","[0.0, 0.0, 4.261057711119065e-06, 4.966666892869398e-05, -0.01669049821794033, 1.0, 0.016333334147930145, 4.261057711119065e-06, 0.0, 0.0, -0.9999986290931702, -0.016283666715025902, 0.0, 0.0]","[0.0, 0.0, 1.0, 0.7777528762817383, 0.0, 0.8586773872375488, 0.6720980405807495, 0.28866395354270935]",-34.63508224100837
12.150000000000038,116.54364013671875,-0.47712942957878113,20.808719635009766,0.01593017578125,1.0,"[0.07193863391876221, 0.0, 0.20201843976974487, 0.9394144415855408]","[0.0, 0.0, 4.261057711119065e-06, 4.966666892869398e-05, -0.01669049821794033, 1.0, 0.016333334147930145, 4.261057711119065e-06, 0.0, 0.0, -0.9999986290931702, -0.016283666715025902, 0.0, 0.0]","[0.0, 0.0, 1.0, 0.7777528762817383, 0.0, 0.8586773872375488, 0.6720980405807495, 0.28866395354270935]",-35.40825188659033
12.200000000000038,115.49903869628906,-0.4598142206668854,20.953500747680664,0.021881103515625,1.0,"[0.06243741512298584, 0.0, 0.2138158231973648, 0.967167317867279]","[0.0, 0.0, 4.261057711119065e-06, 4.966666892869398e-05, -0.01669049821794033, 1.0, 0.016333334147930145, 4.261057711119065e-06, 0.0, 0.0, -0.9999986290931702, -0.016283666715025902, 0.0, 0.0]","[0.0, 0.0, 1.0, 0.7777528762817383, 0.0, 0.8586773872375488, 0.6720980405807495, 0.28866395354270935]",-36.182794767821605
12.250000000000039,114.44712829589844,-0.446446031332016,21.098600387573242,0.022491455078125,1.0,"[0.052915334701538086, 0.0, 0.21773844957351685, 0.9757435917854309]","[0.0, 0.0, 4.261057711119065e-06, 4.966666892869398e-05, -0.01669049821794033, 1.0, 0.016333334147930145, 4.261057711119065e-06, 0.0, 0.0, -0.9999986290931702, -0.016283666715025902, 0.0, 0.0]","[0.0, 0.0, 1.0, 0.7777528762817383, 0.0, 0.8586773872375488, 0.6720980405807495, 0.28866395354270935]",-36.69373671365606
12.30000000000004,113.38790893554688,-0.4373815059661865,21.243789672851562,0.022674560546875,1.0,"[0.043387413024902344, 0.0, 0.22620438039302826, 0.9708379507064819]","[0.0, 0.0, 4.261057711119065e-06, 4.966666892869398e-05, -0.01669049821794033, 1.0, 0.016333334147930145, 4.261057711119065e-06, 0.0, 0.0, -0.9999986290931702, -0.016283666715025902, 0.0, 0.0]","[0.0, 0.0, 1.0, 0.7777528762817383, 0.0, 0.8586773872375488, 0.6720980405807495, 0.28866395354270935]",-37.507755977587145
12.35000000000004,112.32139587402344,-0.4331217110157013,21.38905906677246,0.02203369140625,1.0,"[0.03385418653488159, 0.0, 0.23431119322776794, 0.9711079001426697]","[0.0, 0.0, 4.261057711119065e-06, 4.966666892869398e-05, -0.01669049821794033, 1.0, 0.016333334147930145, 4.261057711119065e-06, 0.0, 0.0, -0.9999986290931702, -0.016283666715025902, 0.0, 0.0]","[0.0, 0.0, 1.0, 0.7777528762817383, 0.0, 0.8586773872375488, 0.6720980405807495, 0.28866395354270935]",-38.34116846598591
12.400000000000041,111.24761199951172,-0.4340951442718506,21.534439086914062,0.0205078125,1.0,"[0.024313688278198242, 0.0, 0.2400549352169037, 0.9734843969345093]","[0.0, 0.0, 4.261057711119065e-06, 4.966666892869398e-05, -0.01669049821794033, 1.0, 0.016333334147930145, 4.261057711119065e-06, 0.0, 0.0, -0.9999986290931702, -0.016283666715025902, 0.0, 0.0]","[0.0, 0.0, 1.0, 0.7777528762817383, 0.0, 0.8586773872375488, 0.6720980405807495, 0.28866395354270935]",-39.196735244944875
12.450000000000042,110.16658020019531,-0.4406605362892151,21.67991065979004,0.01885986328125,1.0,"[0.014767169952392578, 0.0, 0.24453450739383698, 0.9744249582290649]","[0.0, 0.0, 4.261057711119065e-06, 4.966666892869398e-05, -0.01669049821794033, 1.0, 0.016333334147930145, 4.261057711119065e-06, 0.0, 0.0, -0.9999986290931702, -0.016283666715025902, 0.0, 0.0]","[0.0, 0.0, 1.0, 0.7777528762817383, 0.0, 0.8586773872375488, 0.6720980405807495, 0.28866395354270935]",-39.88492358674694
12.500000000000043,109.07833099365234,-0.4531230032444,21.82546043395996,0.017486572265625,1.0,"[0.005215585231781006, 0.0, 0.24807824194431305, 0.9746682047843933]","[0.0, 0.0, 4.261057711119065e-06, 4.966666892869398e-05, -0.01669049821794033, 1.0, 0.016333334147930145, 4.261057711119065e-06, 0.0, 0.0, -0.9999986290931702, -0.016283666715025902, 0.0, 0.0]","[0.0, 0.0, 1.0, 0.7777528762817383, 0.0, 0.8586773872375488, 0.6720980405807495, 0.28866395354270935]",-40.78325628079322
12.550000000000043,107.98287200927734,-0.47170495986938477,21.971120834350586,0.01629638671875,1.0,"[0.0, 0.0, 0.2501191198825836, 0.9758582711219788]","[0.0, 0.0, 4.261057711119065e-06, 4.966666892869398e-05, -0.01669049821794033, 1.0, 0.016333334147930145, 4.261057711119065e-06, 0.0, 0.0, -0.9999986290931702, -0.016283666715025902, 0.0, 0.0]","[0.0, 0.0, 1.0, 0.7777528762817383, 0.0, 0.8586773872375488, 0.6720980405807495, 0.28866395354270935]",-41.667598749997005
12.600000000000044,106.88024139404297,-0.49647974967956543,22.117019653320312,0.01470947265625,1.0,"[0.0, 0.0, 0.249045729637146, 0.9784680604934692]","[0.0, 0.0, 4.261057711119065e-06, 4.966666892869398e-05, -0.01669049821794033, 1.0, 0.016333334147930145, 4.261057711119065e-06, 0.0, 0.0, -0.9999986290931702, -0.016283666715025902, 0.0, 0.0]","[0.0, 0.0, 1.0, 0.7777528762817383, 0.0, 0.8586773872375488, 0.6720980405807495, 0.28866395354270935]",-42.514141913747814
12.650000000000045,105.77045440673828,-0.5274027585983276,22.2631893157959,0.013031005859375,1.0,"[0.0, 0.0, 0.24606768786907196, 0.9772909879684448]","[0.0, 0.0, 4.261057711119065e-06, 4.966666892869398e-05, -0.01669049821794033, 1.0, 0.016333334147930145, 4.261057711119065e-06, 0.0, 0.0, -0.9999986290931702, -0.016283666715025902, 0.0, 0.0]","[0.0, 0.0, 1.0, 0.7777528762817383, 0.0, 0.8586773872375488, 0.6720980405807495, 0.28866395354270935]",-43.055648293898045
12.700000000000045,104.65352630615234,-0.5642324090003967,22.409820556640625,0.01031494140625,1.0,"[0.0, 0.0, 0.23833845555782318, 0.9721574187278748]","[0.0, 0.0, 4.261057711119065e-06, 4.966666892869398e-05, -0.01669049821794033, 1.0, 0.016333334147930145, 4.261057711119065e-06, 0.0, 0.0, -0.9999986290931702, -0.016283666715025902, 0.0, 0.0]","[0.0, 0.0, 1.0, 0.7777528762817383, 0.0, 0.8586773872375488, 0.6720980405807495, 0.28866395354270935]",-43.89079898925646
12.750000000000046,103.52943420410156,-0.6065770387649536,22.55691909790039,0.00726318359375,1.0,"[0.0, 0.0, 0.228078693151474, 0.9693979024887085]","[0.0, 0.0, 4.261057711119065e-06, 4.966666892869398e-05, -0.01669049821794033, 1.0, 0.016333334147930145, 4.261057711119065e-06, 0.0, 0.0, -0.9999986290931702, -0.016283666715025902, 0.0, 0.0]","[0.0, 0.0, 1.0, 0.7777528762817383, 0.0, 0.8586773872375488, 0.6720980405807495, 0.28866395354270935]",-44.739460899541676
12.800000000000047,102.3981704711914,-0.6539952754974365,22.70446014404297,0.004638671875,1.0,"[0.0, 0.0, 0.21730725467205048, 0.9688193798065186]","[0.0, 0.0, 4.261057711119065e-06, 4.966666892869398e-05, -0.01669049821794033, 1.0, 0.016333334147930145, 4.261057711119065e-06, 0.0, 0.0, -0.9999986290931702, -0.016283666715025902, 0.0, 0.0]","[0.0, 0.0, 1.0, 0.7777528762817383, 0.0, 0.8586773872375488, 0.6720980405807495, 0.28866395354270935]",-45.60044762836168
12.850000000000048,101.25969696044922,-0.7060067653656006,22.85239028930664,0.00250244140625,1.0,"[0.0, 0.0, 0.20610330998897552, 0.9682797789573669]","[0.0, 0.0, 4.261057711119065e-06, 4.966666892869398e-05, -0.01669049821794033, 1.0, 0.016333334147930145, 4.261057711119065e-06, 0.0, 0.0, -0.9999986290931702, -0.016283666715025902, 0.0, 0.0]","[0.0, 0.0, 1.0, 0.7777528762817383, 0.0, 0.8586773872375488, 0.6720980405807495, 0.28866395354270935]",-46.19197483301381
12.900000000000048,100.114013671875,-0.7621234059333801,23.000680923461914,0.001129150390625,1.0,"[0.0, 0.0, 0.19562681019306183, 0.9689688086509705]","[0.0, 0.0, 4.261057711119065e-06, 4.966666892869398e-05, -0.01669049821794033, 1.0, 0.016333334147930145, 4.261057711119065e-06, 0.0, 0.0, -0.9999986290931702, -0.016283666715025902, 0.0, 0.0]","[0.0, 0.0, 1.0, 0.7777528762817383, 0.0, 0.8586773872375488, 0.6720980405807495, 0.28866395354270935]",-47.050747773856585
12.950000000000049,98.96107482910156,-0.8218984603881836,23.149280548095703,0.00067138671875,1.0,"[0.0, 0.0, 0.18686987459659576, 0.9706945419311523]","[0.0, 0.0, 4.261057711119065e-06, 4.966666892869398e-05, -0.01669049821794033, 1.0, 0.016333334147930145, 4.261057711119065e-06, 0.0, 0.0, -0.9999986290931702, -0.016283666715025902, 0.0, 0.0]","[0.0, 0.0, 1.0, 0.7777528762817383, 0.0, 0.8586773872375488, 0.6720980405807495, 0.28866395354270935]",-47.902962924839734
13.00000000000005,97.80084991455078,-0.8848769068717957,23.29817008972168,0.000335693359375,1.0,"[0.0, 0.0, 0.17799560725688934, 0.9704629182815552]","[0.0, 0.0, 4.261057711119065e-06, 4.966666892869398e-05, -0.01669049821794033, 1.0, 0.016333334147930145, 4.261057711119065e-06, 0.0, 0.0, -0.9999986290931702, -0.016283666715025902, 0.0, 0.0]","[0.0, 0.0, 1.0, 0.7777528762817383, 0.0, 0.8586773872375488, 0.6720980405807495, 0.28866395354270935]",-48.75556871091406
13.05000000000005,96.63333129882812,-0.9506270885467529,23.447330474853516,0.000274658203125,1.0,"[0.0, 0.0, 0.17025801539421082, 0.9715771675109863]","[0.0, 0.0, 4.261057711119065e-06, 4.966666892869398e-05, -0.01669049821794033, 1.0, 0.016333334147930145, 4.261057711119065e-06, 0.0, 0.0, -0.9999986290931702, -0.016283666715025902, 0.0, 0.0]","[0.0, 0.0, 1.0, 0.7777528762817383, 0.0, 0.8586773872375488, 0.6720980405807495, 0.28866395354270935]",-49.295556425201724
13.100000000000051,95.45843505859375,-1.0186058282852173,23.596759796142578,-0.001129150390625,1.0,"[0.0, 0.0, 0.15885449945926666, 0.9676174521446228]","[0.0, 0.0, 4.261057711119065e-06, 4.966666892869398e-05, -0.01669049821794033, 1.0, 0.016333334147930145, 4.261057711119065e-06, 0.0, 0.0, -0.9999986290931702, -0.016283666715025902, 0.0, 0.0]","[0.0, 0.0, 1.0, 0.7777528762817383, 0.0, 0.8586773872375488, 0.6720980405807495, 0.28866395354270935]",-50.15152020453063
13.150000000000052,94.27613830566406,-1.08821439743042,23.746429443359375,-0.00299072265625,1.0,"[0.0, 0.0, 0.14772087335586548, 0.9668721556663513]","[0.0, 0.0, 4.261057711119065e-06, 4.966666892869398e-05, -0.01669049821794033, 1.0, 0.016333334147930145, 4.261057711119065e-06, 0.0, 0.0, -0.9999986290931702, -0.016283666715025902, 0.0, 0.0]","[0.0, 0.0, 1.0, 0.7777528762817383, 0.0, 0.8586773872375488, 0.6720980405807495, 0.28866395354270935]",-51.01051411043211
13.200000000000053,93.08641052246094,-1.1588196754455566,23.89628028869629,-0.005340576171875,1.0,"[0.0, 0.0, 0.13742023706436157, 0.9653739333152771]","[0.0, 0.0, 4.261057711119065e-06, 4.966666892869398e-05, -0.01669049821794033, 1.0, 0.016333334147930145, 4.261057711119065e-06, 0.0, 0.0, -0.9999986290931702, -0.016283666715025902, 0.0, 0.0]","[0.0, 0.0, 1.0, 0.7777528762817383, 0.0, 0.8586773872375488, 0.6720980405807495, 0.28866395354270935]",-51.871627735565035
13.250000000000053,91.88919067382812,-1.2298015356063843,24.046249389648438,-0.007354736328125,1.0,"[0.0, 0.0, 0.14288263022899628, 0.9661107659339905]","[0.0, 0.0, 4.261057711119065e-06, 4.966666892869398e-05, -0.01669049821794033, 1.0, 0.016333334147930145, 4.261057711119065e-06, 0.0, 0.0, -0.9999986290931702, -0.016283666715025902, 0.0, 0.0]","[0.0, 0.0, 1.0, 0.7777528762817383, 0.0, 0.8586773872375488, 0.6720980405807495, 0.28866395354270935]",-52.40646406448655
13.300000000000054,90.68444061279297,-1.3006657361984253,24.196369171142578,-0.00799560546875,1.0,"[0.0, 0.0, 0.15207824110984802, 0.9698500633239746]","[0.0, 0.0, 4.261057711119065e-06, 4.966666892869398e-05, -0.01669049821794033, 1.0, 0.016333334147930145, 4.261057711119065e-06, 0.0, 0.0, -0.9999986290931702, -0.016283666715025902, 0.0, 0.0]","[0.0, 0.0, 1.0, 0.7777528762817383, 0.0, 0.8586773872375488, 0.6720980405807495, 0.28866395354270935]",-53.27610880953058
13.350000000000055,89.47216796875,-1.371030569076538,24.34663963317871,-0.007568359375,1.0,"[0.0, 0.0, 0.15858152508735657, 0.9725921154022217]","[0.0, 0.0, 4.261057711119065e-06, 4.966666892869398e-05, -0.01669049821794033, 1.0, 0.016333334147930145, 4.261057711119065e-06, 0.0, 0.0, -0.9999986290931702, -0.016283666715025902, 0.0, 0.0]","[0.0, 0.0, 1.0, 0.7777528762817383, 0.0, 0.8586773872375488, 0.6720980405807495, 0.28866395354270935]",-54.14015502949323
13.400000000000055,88.25228118896484,-1.440503478050232,24.497039794921875,-0.007293701171875,1.0,"[0.0, 0.0, 0.1655191332101822, 0.9720926880836487]","[0.0, 0.0, 4.261057711119065e-06, 4.966666892869398e-05, -0.01669049821794033, 1.0, 0.016333334147930145, 4.261057711119065e-06, 0.0, 0.0, -0.9999986290931702, -0.016283666715025902, 0.0, 0.0]","[0.0, 0.0, 1.0, 0.7777528762817383, 0.0, 0.8586773872375488, 0.6720980405807495, 0.28866395354270935]",-54.989135602958456
13.450000000000056,87.02479553222656,-1.5086901187896729,24.647550582885742,-0.007171630859375,1.0,"[0.0, 0.0, 0.17210374772548676, 0.9724283218383789]","[0.0, 0.0, 4.261057711119065e-06, 4.966666892869398e-05, -0.01669049821794033, 1.0, 0.016333334147930145, 4.261057711119065e-06, 0.0, 0.0, -0.9999986290931702, -0.016283666715025902, 0.0, 0.0]","[0.0, 0.0, 1.0, 0.7777528762817383, 0.0, 0.8586773872375488, 0.6720980405807495, 0.28866395354270935]",-55.45305008475198
13.500000000000057,85.7896728515625,-1.5751408338546753,24.798120498657227,-0.008026123046875,1.0,"[0.0, 0.0, 0.1807292252779007, 0.970229983329773]","[0.0, 0.0, 4.261057711119065e-06, 4.966666892869398e-05, -0.01669049821794033, 1.0, 0.016333334147930145, 4.261057711119065e-06, 0.0, 0.0, -0.9999986290931702, -0.016283666715025902, 0.0, 0.0]","[0.0, 0.0, 1.0, 0.7777528762817383, 0.0, 0.8586773872375488, 0.6720980405807495, 0.28866395354270935]",-56.2887405967959
13.550000000000058,84.54691314697266,-1.639230489730835,24.94860076904297,-0.010711669921875,1.0,"[0.0, 0.0, 0.19413010776042938, 0.9651048183441162]","[0.0, 0.0, 4.261057711119065e-06, 4.966666892869398e-05, -0.01669049821794033, 1.0, 0.016333334147930145, 4.261057711119065e-06, 0.0, 0.0, -0.9999986290931702, -0.016283666715025902, 0.0, 0.0]","[0.0, 0.0, 1.0, 0.7777528762817383, 0.0, 0.8586773872375488, 0.6720980405807495, 0.28866395354270935]",-57.115621532861894
13.600000000000058,83.29646301269531,-1.7001399993896484,25.09881019592285,-0.014984130859375,1.0,"[0.0, 0.0, 0.2120848298072815, 0.9601080417633057]","[0.0, 0.0, 4.261057711119065e-06, 4.966666892869398e-05, -0.01669049821794033, 1.0, 0.016333334147930145, 4.261057711119065e-06, 0.0, 0.0, -0.9999986290931702, -0.016283666715025902, 0.0, 0.0]","[0.0, 0.0, 1.0, 0.7777528762817383, 0.0, 0.8586773872375488, 0.6720980405807495, 0.28866395354270935]",-57.93386281451712
13.650000000000059,82.03831481933594,-1.7570345401763916,25.248689651489258,-0.018768310546875,1.0,"[0.0, 0.0, 0.22943034768104553, 0.9606835842132568]","[0.0, 0.0, 4.261057711119065e-06, 4.966666892869398e-05, -0.01669049821794033, 1.0, 0.016333334147930145, 4.261057711119065e-06, 0.0, 0.0, -0.9999986290931702, -0.016283666715025902, 0.0, 0.0]","[0.0, 0.0, 1.0, 0.7777528762817383, 0.0, 0.8586773872375488, 0.6720980405807495, 0.28866395354270935]",-58.25647345526076
13.70000000000006,80.77247619628906,-1.8094875812530518,25.398780822753906,-0.017974853515625,1.0,"[0.0, 0.0, 0.23517626523971558, 0.9730547070503235]","[0.0, 0.0, 4.261057711119065e-06, 4.966666892869398e-05, -0.01669049821794033, 1.0, 0.016333334147930145, 4.261057711119065e-06, 0.0, 0.0, -0.9999986290931702, -0.016283666715025902, 0.0, 0.0]","[0.0, 0.0, 1.0, 0.7777528762817383, 0.0, 0.8586773872375488, 0.6720980405807495, 0.28866395354270935]",-59.013344077179504
13.75000000000006,79.49893188476562,-1.857351541519165,25.549190521240234,-0.014739990234375,1.0,"[0.0, 0.0, 0.23544614017009735, 0.978604793548584]","[0.0, 0.0, 4.261057711119065e-06, 4.966666892869398e-05, -0.01669049821794033, 1.0, 0.016333334147930145, 4.261057711119065e-06, 0.0, 0.0, -0.9999986290931702, -0.016283666715025902, 0.0, 0.0]","[0.0, 0.0, 1.0, 0.7777528762817383, 0.0, 0.8586773872375488, 0.6720980405807495, 0.28866395354270935]",-59.775429818063216
13.800000000000061,78.21768951416016,-1.9005264043807983,25.69989013671875,-0.0111083984375,1.0,"[0.0, 0.0, 0.23401319980621338, 0.9780211448669434]","[0.0, 0.0, 4.261057711119065e-06, 4.966666892869398e-05, -0.01669049821794033, 1.0, 0.016333334147930145, 4.261057711119065e-06, 0.0, 0.0, -0.9999986290931702, -0.016283666715025902, 0.0, 0.0]","[0.0, 0.0, 1.0, 0.7777528762817383, 0.0, 0.8586773872375488, 0.6720980405807495, 0.28866395354270935]",-60.55120447012795
13.850000000000062,76.92874908447266,-1.9388823509216309,25.850780487060547,-0.008575439453125,1.0,"[0.0, 0.0, 0.23343823850154877, 0.9764341115951538]","[0.0, 0.0, 4.261057711119065e-06, 4.966666892869398e-05, -0.01669049821794033, 1.0, 0.016333334147930145, 4.261057711119065e-06, 0.0, 0.0, -0.9999986290931702, -0.016283666715025902, 0.0, 0.0]","[0.0, 0.0, 1.0, 0.7777528762817383, 0.0, 0.8586773872375488, 0.6720980405807495, 0.28866395354270935]",-60.83491197444063
13.900000000000063,75.63211822509766,-1.972398281097412,26.00189971923828,-0.006317138671875,1.0,"[0.0, 0.0, 0.2303076982498169, 0.9763286113739014]","[0.0, 0.0, 4.261057711119065e-06, 4.966666892869398e-05, -0.01669049821794033, 1.0, 0.016333334147930145, 4.261057711119065e-06, 0.0, 0.0, -0.9999986290931702, -0.016283666715025902, 0.0, 0.0]","[0.0, 0.0, 1.0, 0.7777528762817383, 0.0, 0.8586773872375488, 0.6720980405807495, 0.28866395354270935]",-61.61902596772792
13.950000000000063,74.32781219482422,-2.0012712478637695,26.153499603271484,-0.0037841796875,1.0,"[0.0, 0.0, 0.22322283685207367, 0.9719465970993042]","[0.0, 0.0, 4.261057711119065e-06, 4.966666892869398e-05, -0.01669049821794033, 1.0, 0.016333334147930145, 4.261057711119065e-06, 0.0, 0.0, -0.9999986290931702, -0.016283666715025902, 0.0, 0.0]","[0.0, 0.0, 1.0, 0.7777528762817383, 0.0, 0.8586773872375488, 0.6720980405807495, 0.28866395354270935]",-62.36310571768372
14.000000000000064,73.02118682861328,-2.025726556777954,26.1359806060791,-0.001556396484375,1.0,"[0.0, 0.0, 0.06624360382556915, 0.794988751411438]","[0.0, 0.0, 4.261057711119065e-06, 4.966666892869398e-05, -0.01669049821794033, 1.0, 0.016333334147930145, 4.261057711119065e-06, 0.0, 0.0, -0.9999986290931702, -0.016283666715025902, 0.0, 0.0]","[0.0, 0.0, 1.0, 0.7777528762817383, 0.0, 0.8586773872375488, 0.6720980405807495, 0.28866395354270935]",-63.06367325417979
14.050000000000065,71.71548461914062,-2.0461461544036865,26.120019912719727,-0.0001220703125,1.0,"[0.0, 0.0, 0.08502285927534103, 0.9871761202812195]","[0.0, 0.0, 4.261057711119065e-06, 4.966666892869398e-05, -0.01669049821794033, 1.0, 0.016333334147930145, 4.261057711119065e-06, 0.0, 0.0, -0.9999986290931702, -0.016283666715025902, 0.0, 0.0]","[0.0, 0.0, 1.0, 0.7777528762817383, 0.0, 0.8586773872375488, 0.6720980405807495, 0.28866395354270935]",-63.13737673024035
14.100000000000065,70.4063491821289,-2.0631041526794434,26.260509490966797,0.000885009765625,1.0,"[0.0, 0.0, 0.15637829899787903, 0.7941818237304688]","[0.0, 0.0, 4.261057711119065e-06, 4.966666892869398e-05, -0.01669049821794033, 1.0, 0.016333334147930145, 4.261057711119065e-06, 0.0, 0.0, -0.9999986290931702, -0.016283666715025902, 0.0, 0.0]","[0.0, 0.0, 1.0, 0.7777528762817383, 0.0, 0.8586773872375488, 0.6720980405807495, 0.28866395354270935]",-63.7608206063219
14.150000000000066,69.08861541748047,-2.0770866870880127,26.416109085083008,0.00091552734375,1.0,"[0.0, 0.0, 0.1889670491218567, 0.9582120776176453]","[0.0, 0.0, 4.261057711119065e-06, 4.966666892869398e-05, -0.01669049821794033, 1.0, 0.016333334147930145, 4.261057711119065e-06, 0.0, 0.0, -0.9999986290931702, -0.016283666715025902, 0.0, 0.0]","[0.0, 0.0, 1.0, 0.7777528762817383, 0.0, 0.8586773872375488, 0.6720980405807495, 0.28866395354270935]",-64.42547993060217
14.200000000000067,67.76358032226562,-2.0884900093078613,26.55307960510254,0.000885009765625,0.96875,"[0.0, 0.271699994802475, 0.1641116589307785, 0.9565461874008179]","[0.0, 0.0, 4.261057711119065e-06, 4.966666892869398e-05, -0.01669049821794033, 1.0, 0.016333334147930145, 4.261057711119065e-06, 0.0, 0.0, -0.9999986290931702, -0.016283666715025902, 0.0, 0.0]","[0.0, 0.0, 1.0, 0.7777528762817383, 0.0, 0.8586773872375488, 0.6720980405807495, 0.28866395354270935]",-65.34663933300592
14.250000000000068,66.43217468261719,-2.097757577896118,26.6754093170166,0.0008544921875,0.9453125,"[0.0, 0.47850000858306885, 0.14286330342292786, 0.9630690813064575]","[0.0, 0.0, 4.261057711119065e-06, 4.966666892869398e-05, -0.01669049821794033, 1.0, 0.016333334147930145, 4.261057711119065e-06, 0.0, 0.0, -0.9999986290931702, -0.016283666715025902, 0.0, 0.0]","[0.0, 0.0, 1.0, 0.7777528762817383, 0.0, 0.8586773872375488, 0.6720980405807495, 0.28866395354270935]",-66.14901043881079
14.300000000000068,65.09501647949219,-2.1053078174591064,26.786949157714844,0.000762939453125,0.9453125,"[0.0, 0.4812000095844269, 0.12586285173892975, 0.9691250920295715]","[0.0, 0.0, 4.261057711119065e-06, 4.966666892869398e-05, -0.01669049821794033, 1.0, 0.016333334147930145, 4.261057711119065e-06, 0.0, 0.0, -0.9999986290931702, -0.016283666715025902, 0.0, 0.0]","[0.0, 0.0, 1.0, 0.7777528762817383, 0.0, 0.8586773872375488, 0.6720980405807495, 0.28866395354270935]",-67.2047151310831
14.350000000000069,63.75253677368164,-2.111520290374756,26.89130973815918,0.000732421875,0.9453125,"[0.0, 0.48350000381469727, 0.11328526586294174, 0.9741261005401611]","[0.0, 0.0, 4.261057711119065e-06, 4.966666892869398e-05, -0.01669049821794033, 1.0, 0.016333334147930145, 4.261057711119065e-06, 0.0, 0.0, -0.9999986290931702, -0.016283666715025902, 0.0, 0.0]","[0.0, 0.0, 1.0, 0.7777528762817383, 0.0, 0.8586773872375488, 0.6720980405807495, 0.28866395354270935]",-68.22999786728465
14.40000000000007,62.4050178527832,-2.1167283058166504,26.990890502929688,0.000732421875,0.9453125,"[0.0, 0.4855000078678131, 0.10359956324100494, 0.9776097536087036]","[0.0, 0.0, 4.261057711119065e-06, 4.966666892869398e-05, -0.01669049821794033, 1.0, 0.016333334147930145, 4.261057711119065e-06, 0.0, 0.0, -0.9999986290931702, -0.016283666715025902, 0.0, 0.0]","[0.0, 0.0, 1.0, 0.7777528762817383, 0.0, 0.8586773872375488, 0.6720980405807495, 0.28866395354270935]",-69.24875354637017
14.45000000000007,61.05263137817383,-2.121213674545288,27.087299346923828,0.000732421875,0.9453125,"[0.0, 0.48750001192092896, 0.09617625921964645, 0.9801359176635742]","[0.0, 0.0, 4.261057711119065e-06, 4.966666892869398e-05, -0.01669049821794033, 1.0, 0.016333334147930145, 4.261057711119065e-06, 0.0, 0.0, -0.9999986290931702, -0.016283666715025902, 0.0, 0.0]","[0.0, 0.0, 1.0, 0.7777528762817383, 0.0, 0.8586773872375488, 0.6720980405807495, 0.28866395354270935]",-69.92078097277746
14.500000000000071,59.69549560546875,-2.1252098083496094,27.18160057067871,0.000732421875,0.9453125,"[0.0, 0.489300012588501, 0.09047208726406097, 0.9819607138633728]","[0.0, 0.0, 4.261057711119065e-06, 4.966666892869398e-05, -0.01669049821794033, 1.0, 0.016333334147930145, 4.261057711119065e-06, 0.0, 0.0, -0.9999986290931702, -0.016283666715025902, 0.0, 0.0]","[0.0, 0.0, 1.0, 0.7777528762817383, 0.0, 0.8586773872375488, 0.6720980405807495, 0.28866395354270935]",-70.95230684607836
14.550000000000072,58.33368682861328,-2.128912925720215,27.27448081970215,0.000762939453125,0.9453125,"[0.0, 0.491100013256073, 0.08601143211126328, 0.9832231402397156]","[0.0, 0.0, 4.261057711119065e-06, 4.966666892869398e-05, -0.01669049821794033, 1.0, 0.016333334147930145, 4.261057711119065e-06, 0.0, 0.0, -0.9999986290931702, -0.016283666715025902, 0.0, 0.0]","[0.0, 0.0, 1.0, 0.7777528762817383, 0.0, 0.8586773872375488, 0.6720980405807495, 0.28866395354270935]",-72.00661356857663
14.600000000000072,56.96723556518555,-2.132481098175049,27.367319107055664,0.000762939453125,0.97265625,"[0.0, 0.24639999866485596, 0.08344438672065735, 0.9845956563949585]","[0.0, 0.0, 4.261057711119065e-06, 4.966666892869398e-05, -0.01669049821794033, 1.0, 0.016333334147930145, 4.261057711119065e-06, 0.0, 0.0, -0.9999986290931702, -0.016283666715025902, 0.0, 0.0]","[0.0, 0.0, 1.0, 0.7777528762817383, 0.0, 0.8586773872375488, 0.6720980405807495, 0.28866395354270935]",-73.07664447278768
14.650000000000073,55.59609603881836,-2.1360421180725098,27.461669921875,0.000762939453125,0.984375,"[0.0, 0.1412000060081482, 0.0847775787115097, 0.9841204881668091]","[0.0, 0.0, 4.261057711119065e-06, 4.966666892869398e-05, -0.01669049821794033, 1.0, 0.016333334147930145, 4.261057711119065e-06, 0.0, 0.0, -0.9999986290931702, -0.016283666715025902, 0.0, 0.0]","[0.0, 0.0, 1.0, 0.7777528762817383, 0.0, 0.8586773872375488, 0.6720980405807495, 0.28866395354270935]",-73.84630135433073
14.700000000000074,54.22017288208008,-2.1396994590759277,27.557559967041016,0.000762939453125,1.0,"[0.0, 0.14169999957084656, 0.08779340237379074, 0.9842626452445984]","[0.0, 0.0, 4.261057711119065e-06, 4.966666892869398e-05, -0.01669049821794033, 1.0, 0.016333334147930145, 4.261057711119065e-06, 0.0, 0.0, -0.9999986290931702, -0.016283666715025902, 0.0, 0.0]","[0.0, 0.0, 1.0, 0.7777528762817383, 0.0, 0.8586773872375488, 0.6720980405807495, 0.28866395354270935]",-74.9131140327367
14.750000000000075,52.83940887451172,-2.1435365676879883,27.655000686645508,0.000762939453125,1.0,"[0.0, 0.0, 0.09046504646539688, 0.9843132495880127]","[0.0, 0.0, 4.261057711119065e-06, 4.966666892869398e-05, -0.01669049821794033, 1.0, 0.016333334147930145, 4.261057711119065e-06, 0.0, 0.0, -0.9999986290931702, -0.016283666715025902, 0.0, 0.0]","[0.0, 0.0, 1.0, 0.7777528762817383, 0.0, 0.8586773872375488, 0.6720980405807495, 0.28866395354270935]",-75.97911718923552
14.800000000000075,51.45370101928711,-2.147620439529419,27.754159927368164,0.000762939453125,1.0,"[0.0, 0.0, 0.09300702810287476, 0.9840949773788452]","[0.0, 0.0, 4.261057711119065e-06, 4.966666892869398e-05, -0.01669049821794033, 1.0, 0.016333334147930145, 4.261057711119065e-06, 0.0, 0.0, -0.9999986290931702, -0.016283666715025902, 0.0, 0.0]","[0.0, 0.0, 1.0, 0.7777528762817383, 0.0, 0.8586773872375488, 0.6720980405807495, 0.28866395354270935]",-77.05162142917537
14.850000000000076,50.06302261352539,-2.1520185470581055,27.85331916809082,0.000885009765625,0.96484375,"[0.0, 0.3222000002861023, 0.09420131891965866, 0.9852085709571838]","[0.0, 0.0, 4.261057711119065e-06, 4.966666892869398e-05, -0.01669049821794033, 1.0, 0.016333334147930145, 4.261057711119065e-06, 0.0, 0.0, -0.9999986290931702, -0.016283666715025902, 0.0, 0.0]","[0.0, 0.0, 1.0, 0.7777528762817383, 0.0, 0.8586773872375488, 0.6720980405807495, 0.28866395354270935]",-77.79703024647316
14.900000000000077,48.66750717163086,-2.1568009853363037,27.947099685668945,0.0010986328125,0.8359375,"[0.0, 1.0, 0.09079911559820175, 0.980560839176178]","[0.0, 0.0, 4.261057711119065e-06, 4.966666892869398e-05, -0.01669049821794033, 1.0, 0.016333334147930145, 4.261057711119065e-06, 0.0, 0.0, -0.9999986290931702, -0.016283666715025902, 0.0, 0.0]","[0.0, 0.0, 1.0, 0.7777528762817383, 0.0, 0.8586773872375488, 0.6720980405807495, 0.28866395354270935]",-78.8626401350478
14.950000000000077,47.267738342285156,-2.162057638168335,28.026090621948242,0.00152587890625,0.625,"[0.0, 1.0, 0.07980526983737946, 0.9486768245697021]","[0.0, 0.0, 4.261057711119065e-06, 4.966666892869398e-05, -0.01669049821794033, 1.0, 0.016333334147930145, 4.261057711119065e-06, 0.0, 0.0, -0.9999986290931702, -0.016283666715025902, 0.0, 0.0]","[0.0, 0.0, 1.0, 0.7777528762817383, 0.0, 0.8586773872375488, 0.6720980405807495, 0.28866395354270935]",-79.91601602515193
15.000000000000078,45.864784240722656,-2.167881488800049,28.08070945739746,0.001922607421875,0.444427490234375,"[0.0, 1.0, 0.060383740812540054, 0.9633699059486389]","[0.0, 0.0, 4.261057711119065e-06, 4.966666892869398e-05, -0.01669049821794033, 1.0, 0.016333334147930145, 4.261057711119065e-06, 0.0, 0.0, -0.9999986290931702, -0.016283666715025902, 0.0, 0.0]","[0.0, 0.0, 1.0, 0.7777528762817383, 0.0, 0.8586773872375488, 0.6720980405807495, 0.28866395354270935]",-80.96782021415278
15.050000000000079,44.46000289916992,-2.1744384765625,28.10710906982422,0.0029296875,0.265869140625,"[0.0, 1.0, 0.03983340412378311, 0.9621837735176086]","[0.0, 0.0, 4.261057711119065e-06, 4.966666892869398e-05, -0.01669049821794033, 1.0, 0.016333334147930145, 4.261057711119065e-06, 0.0, 0.0, -0.9999986290931702, -0.016283666715025902, 0.0, 0.0]","[0.0, 0.0, 1.0, 0.7777528762817383, 0.0, 0.8586773872375488, 0.6720980405807495, 0.28866395354270935]",-81.63507210580906
15.10000000000008,43.054832458496094,-2.181955099105835,28.10654067993164,0.004150390625,0.20000000298023224,"[0.0, 1.0, 0.017662856727838516, 0.9667604565620422]","[0.0, 0.0, 4.261057711119065e-06, 4.966666892869398e-05, -0.01669049821794033, 1.0, 0.016333334147930145, 4.261057711119065e-06, 0.0, 0.0, -0.9999986290931702, -0.016283666715025902, 0.0, 0.0]","[0.0, 0.0, 1.0, 0.7777528762817383, 0.0, 0.8586773872375488, 0.6720980405807495, 0.28866395354270935]",-82.66477558732869
15.15000000000008,41.65034484863281,-2.19071888923645,28.087080001831055,0.005645751953125,0.20000000298023224,"[0.0, 1.0, 0.045882195234298706, 0.9728635549545288]","[0.0, 0.0, 4.261057711119065e-06, 4.966666892869398e-05, -0.01669049821794033, 1.0, 0.016333334147930145, 4.261057711119065e-06, 0.0, 0.0, -0.9999986290931702, -0.016283666715025902, 0.0, 0.0]","[0.0, 0.0, 1.0, 0.7777528762817383, 0.0, 0.8586773872375488, 0.6720980405807495, 0.28866395354270935]",-83.68751912448852
15.200000000000081,40.247230529785156,-2.2009501457214355,28.056230545043945,0.00604248046875,0.20000000298023224,"[0.0, 1.0, 0.06018153578042984, 0.9808164238929749]","[0.0, 0.0, 4.261057711119065e-06, 4.966666892869398e-05, -0.01669049821794033, 1.0, 0.016333334147930145, 4.261057711119065e-06, 0.0, 0.0, -0.9999986290931702, -0.016283666715025902, 0.0, 0.0]","[0.0, 0.0, 1.0, 0.7777528762817383, 0.0, 0.8586773872375488, 0.6720980405807495, 0.28866395354270935]",-84.70207876949146
15.250000000000082,38.84588623046875,-2.2128257751464844,28.01849937438965,0.005889892578125,0.20000000298023224,"[0.0, 1.0, 0.06973055005073547, 0.985419750213623]","[0.0, 0.0, 4.261057711119065e-06, 4.966666892869398e-05, -0.01669049821794033, 1.0, 0.016333334147930145, 4.261057711119065e-06, 0.0, 0.0, -0.9999986290931702, -0.016283666715025902, 0.0, 0.0]","[0.0, 0.0, 1.0, 0.7777528762817383, 0.0, 0.8586773872375488, 0.6720980405807495, 0.28866395354270935]",-85.30786981212373
15.300000000000082,37.44655227661133,-2.2265625,27.976619720458984,0.005859375,0.20000000298023224,"[0.0, 1.0, 0.07767780125141144, 0.9872271418571472]","[0.0, 0.0, 4.261057711119065e-06, 4.966666892869398e-05, -0.01669049821794033, 1.0, 0.016333334147930145, 4.261057711119065e-06, 0.0, 0.0, -0.9999986290931702, -0.016283666715025902, 0.0, 0.0]","[0.0, 0.0, 1.0, 0.7777528762817383, 0.0, 0.8586773872375488, 0.6720980405807495, 0.28866395354270935]",-86.28716093211739
15.350000000000083,36.04938507080078,-2.2423503398895264,27.932239532470703,0.005462646484375,0.20000000298023224,"[0.0, 1.0, 0.08283823728561401, 0.9894148707389832]","[0.0, 0.0, 4.261057711119065e-06, 4.966666892869398e-05, -0.01669049821794033, 1.0, 0.016333334147930145, 4.261057711119065e-06, 0.0, 0.0, -0.9999986290931702, -0.016283666715025902, 0.0, 0.0]","[0.0, 0.0, 1.0, 0.7777528762817383, 0.0, 0.8586773872375488, 0.6720980405807495, 0.28866395354270935]",-87.24666451200656
15.400000000000084,34.654476165771484,-2.2603747844696045,27.88637924194336,0.00531005859375,0.20000000298023224,"[0.0, 1.0, 0.08750329166650772, 0.9896396398544312]","[0.0, 0.0, 4.261057711119065e-06, 4.966666892869398e-05, -0.01669049821794033, 1.0, 0.016333334147930145, 4.261057711119065e-06, 0.0, 0.0, -0.9999986290931702, -0.016283666715025902, 0.0, 0.0]","[0.0, 0.0, 1.0, 0.7777528762817383, 0.0, 0.8586773872375488, 0.6720980405807495, 0.28866395354270935]",-88.18508066433083
15.450000000000085,33.26189041137695,-2.2807912826538086,27.83966064453125,0.00506591796875,0.20000000298023224,"[0.0, 1.0, 0.09068044275045395, 0.9907913208007812]","[0.0, 0.0, 4.261057711119065e-06, 4.966666892869398e-05, -0.01669049821794033, 1.0, 0.016333334147930145, 4.261057711119065e-06, 0.0, 0.0, -0.9999986290931702, -0.016283666715025902, 0.0, 0.0]","[0.0, 0.0, 1.0, 0.7777528762817383, 0.0, 0.8586773872375488, 0.6720980405807495, 0.28866395354270935]",-88.60199206969705
15.500000000000085,31.871665954589844,-2.3036181926727295,27.79248046875,0.003936767578125,0.20000000298023224,"[0.0, 1.0, 0.09000350534915924, 0.9920726418495178]","[0.0, 0.0, 4.261057711119065e-06, 4.966666892869398e-05, -0.01669049821794033, 1.0, 0.016333334147930145, 4.261057711119065e-06, 0.0, 0.0, -0.9999986290931702, -0.016283666715025902, 0.0, 0.0]","[0.0, 0.0, 1.0, 0.7777528762817383, 0.0, 0.8586773872375488, 0.6720980405807495, 0.28866395354270935]",-89.47669847277757
15.550000000000086,30.483802795410156,-2.32824969291687,27.745220184326172,-0.002197265625,0.20000000298023224,"[0.0, 1.0, 0.07197538018226624, 0.974330723285675]","[0.0, 0.0, 4.261057711119065e-06, 4.966666892869398e-05, -0.01669049821794033, 1.0, 0.016333334147930145, 4.261057711119065e-06, 0.0, 0.0, -0.9999986290931702, -0.016283666715025902, 0.0, 0.0]","[0.0, 0.0, 1.0, 0.7777528762817383, 0.0, 0.8586773872375488, 0.6720980405807495, 0.28866395354270935]",-90.34602976028685
15.600000000000087,29.098289489746094,-2.3526623249053955,27.69746971130371,-0.0191650390625,0.20000000298023224,"[0.0, 1.0, 0.06659296900033951, 0.9355425834655762]","[0.0, 0.0, 4.261057711119065e-06, 4.966666892869398e-05, -0.01669049821794033, 1.0, 0.016333334147930145, 4.261057711119065e-06, 0.0, 0.0, -0.9999986290931702, -0.016283666715025902, 0.0, 0.0]","[0.0, 0.0, 1.0, 0.7777528762817383, 0.0, 0.8586773872375488, 0.6720980405807495, 0.28866395354270935]",-91.21597637080598
15.650000000000087,27.715179443359375,-2.3734238147735596,27.64657974243164,-0.04534912109375,0.20000000298023224,"[0.0, 1.0, 0.15610195696353912, 0.9016031622886658]","[0.0, 0.0, 4.261057711119065e-06, 4.966666892869398e-05, -0.01669049821794033, 1.0, 0.016333334147930145, 4.261057711119065e-06, 0.0, 0.0, -0.9999986290931702, -0.016283666715025902, 0.0, 0.0]","[0.0, 0.0, 1.0, 0.7777528762817383, 0.0, 0.8586773872375488, 0.6720980405807495, 0.28866395354270935]",-91.50612660194652
15.700000000000088,26.334712982177734,-2.3864359855651855,27.58930015563965,-0.07269287109375,0.20000000298023224,"[0.0, 1.0, 0.25896745920181274, 0.8885216116905212]","[0.0, 0.0, 4.261057711119065e-06, 4.966666892869398e-05, -0.01669049821794033, 1.0, 0.016333334147930145, 4.261057711119065e-06, 0.0, 0.0, -0.9999986290931702, -0.016283666715025902, 0.0, 0.0]","[0.0, 0.0, 1.0, 0.7777528762817383, 0.0, 0.8586773872375488, 0.6720980405807495, 0.28866395354270935]",-92.3241362073004
15.750000000000089,24.957311630249023,-2.387545585632324,27.524200439453125,-0.093902587890625,0.20000000298023224,"[0.0, 1.0, 0.34113144874572754, 0.8916143774986267]","[0.0, 0.0, 4.261057711119065e-06, 4.966666892869398e-05, -0.01669049821794033, 1.0, 0.016333334147930145, 4.261057711119065e-06, 0.0, 0.0, -0.9999986290931702, -0.016283666715025902, 0.0, 0.0]","[0.0, 0.0, 1.0, 0.7777528762817383, 0.0, 0.8586773872375488, 0.6720980405807495, 0.28866395354270935]",-93.13793863581374
15.80000000000009,23.58359146118164,-2.3724663257598877,27.44951057434082,-0.110382080078125,0.20000000298023224,"[0.0, 1.0, 0.42382678389549255, 0.890108585357666]","[0.0, 0.0, 4.261057711119065e-06, 4.966666892869398e-05, -0.01669049821794033, 1.0, 0.016333334147930145, 4.261057711119065e-06, 0.0, 0.0, -0.9999986290931702, -0.016283666715025902, 0.0, 0.0]","[0.0, 0.0, 1.0, 0.7777528762817383, 0.0, 0.8586773872375488, 0.6720980405807495, 0.28866395354270935]",-93.94696806345827
15.85000000000009,22.214460372924805,-2.336658239364624,27.362159729003906,-0.124725341796875,0.20000000298023224,"[0.0, 1.0, 0.5101854801177979, 0.8858334422111511]","[0.0, 0.0, 4.261057711119065e-06, 4.966666892869398e-05, -0.01669049821794033, 1.0, 0.016333334147930145, 4.261057711119065e-06, 0.0, 0.0, -0.9999986290931702, -0.016283666715025902, 0.0, 0.0]","[0.0, 0.0, 1.0, 0.7777528762817383, 0.0, 0.8586773872375488, 0.6720980405807495, 0.28866395354270935]",-94.13871479554015
15.900000000000091,20.85124969482422,-2.2753753662109375,27.257339477539062,-0.140106201171875,0.20000000298023224,"[0.0, 1.0, 0.584780216217041, 0.8786647319793701]","[0.0, 0.0, 4.261057711119065e-06, 4.966666892869398e-05, -0.01669049821794033, 1.0, 0.016333334147930145, 4.261057711119065e-06, 0.0, 0.0, -0.9999986290931702, -0.016283666715025902, 0.0, 0.0]","[0.0, 0.0, 1.0, 0.7777528762817383, 0.0, 0.8586773872375488, 0.6720980405807495, 0.28866395354270935]",-95.17886541112924
15.950000000000092,19.49590301513672,-2.183743476867676,27.128040313720703,-0.160125732421875,0.20000000298023224,"[0.0, 1.0, 0.5919955968856812, 0.867882251739502]","[0.0, 0.0, 4.261057711119065e-06, 4.966666892869398e-05, -0.01669049821794033, 1.0, 0.016333334147930145, 4.261057711119065e-06, 0.0, 0.0, -0.9999986290931702, -0.016283666715025902, 0.0, 0.0]","[0.0, 0.0, 1.0, 0.7777528762817383, 0.0, 0.8586773872375488, 0.6720980405807495, 0.28866395354270935]",-96.36075404144515
16.000000000000092,18.151090621948242,-2.057025909423828,26.966419219970703,-0.18572998046875,0.20000000298023224,"[0.0, 1.0, 0.6020962595939636, 0.8589034080505371]","[0.0, 0.0, 4.261057711119065e-06, 4.966666892869398e-05, -0.01669049821794033, 1.0, 0.016333334147930145, 4.261057711119065e-06, 0.0, 0.0, -0.9999986290931702, -0.016283666715025902, 0.0, 0.0]","[0.0, 0.0, 1.0, 0.7777528762817383, 0.0, 0.8586773872375488, 0.6720980405807495, 0.28866395354270935]",-97.50089369375796
16.050000000000093,16.82002830505371,-1.891226053237915,26.76966094970703,-0.2093505859375,0.20000000298023224,"[0.0, 1.0, 0.6115586757659912, 0.8640216588973999]","[0.0, 0.0, 4.261057711119065e-06, 4.966666892869398e-05, -0.01669049821794033, 1.0, 0.016333334147930145, 4.261057711119065e-06, 0.0, 0.0, -0.9999986290931702, -0.016283666715025902, 0.0, 0.0]","[0.0, 0.0, 1.0, 0.7777528762817383, 0.0, 0.8586773872375488, 0.6720980405807495, 0.28866395354270935]",-98.40808169953822
16.100000000000094,15.506125450134277,-1.6834298372268677,26.5403995513916,-0.223724365234375,0.20000000298023224,"[0.0, 1.0, 0.6165991425514221, 0.8768001794815063]","[0.0, 0.0, 4.261057711119065e-06, 4.966666892869398e-05, -0.01669049821794033, 1.0, 0.016333334147930145, 4.261057711119065e-06, 0.0, 0.0, -0.9999986290931702, -0.016283666715025902, 0.0, 0.0]","[0.0, 0.0, 1.0, 0.7777528762817383, 0.0, 0.8586773872375488, 0.6720980405807495, 0.28866395354270935]",-99.48308987879297
16.150000000000095,14.212874412536621,-1.431606411933899,26.280059814453125,-0.23175048828125,0.20000000298023224,"[0.0, 1.0, 0.6184663772583008, 0.8839476108551025]","[0.0, 0.0, 4.261057711119065e-06, 4.966666892869398e-05, -0.01669049821794033, 1.0, 0.016333334147930145, 4.261057711119065e-06, 0.0, 0.0, -0.9999986290931702, -0.016283666715025902, 0.0, 0.0]","[0.0, 0.0, 1.0, 0.7777528762817383, 0.0, 0.8586773872375488, 0.6720980405807495, 0.28866395354270935]",-100.52846586520113
16.200000000000095,12.943814277648926,-1.1344951391220093,25.990819931030273,-0.23345947265625,0.20000000298023224,"[0.0, 1.0, 0.6173586845397949, 0.8916850090026855]","[0.0, 0.0, 4.261057711119065e-06, 4.966666892869398e-05, -0.01669049821794033, 1.0, 0.016333334147930145, 4.261057711119065e-06, 0.0, 0.0, -0.9999986290931702, -0.016283666715025902, 0.0, 0.0]","[0.0, 0.0, 1.0, 0.7777528762817383, 0.0, 0.8586773872375488, 0.6720980405807495, 0.28866395354270935]",-101.53060707112117
16.250000000000096,11.702463150024414,-0.7915449142456055,25.674840927124023,-0.230316162109375,0.20000000298023224,"[0.0, 1.0, 0.614065945148468, 0.8958398103713989]","[0.0, 0.0, 4.261057711119065e-06, 4.966666892869398e-05, -0.01669049821794033, 1.0, 0.016333334147930145, 4.261057711119065e-06, 0.0, 0.0, -0.9999986290931702, -0.016283666715025902, 0.0, 0.0]","[0.0, 0.0, 1.0, 0.7777528762817383, 0.0, 0.8586773872375488, 0.6720980405807495, 0.28866395354270935]",-102.26694973299733
16.300000000000097,10.491880416870117,-0.40258365869522095,25.35181999206543,-0.227691650390625,0.20000000298023224,"[0.0, 1.0, 0.5944330096244812, 0.9099485874176025]","[0.0, 0.0, 4.261057711119065e-06, 4.966666892869398e-05, -0.01669049821794033, 1.0, 0.016333334147930145, 4.261057711119065e-06, 0.0, 0.0, -0.9999986290931702, -0.016283666715025902, 0.0, 0.0]","[0.0, 0.0, 1.0, 0.7777528762817383, 0.0, 0.8586773872375488, 0.6720980405807495, 0.28866395354270935]",-103.25490139381164
16.350000000000097,9.31461238861084,0.030819319188594818,25.00691032409668,-0.229949951171875,0.20000000298023224,"[0.0, 1.0, 0.5952975749969482, 0.889773964881897]","[0.0, 0.0, 4.261057711119065e-06, 4.966666892869398e-05, -0.01669049821794033, 1.0, 0.016333334147930145, 4.261057711119065e-06, 0.0, 0.0, -0.9999986290931702, -0.016283666715025902, 0.0, 0.0]","[0.0, 0.0, 1.0, 0.7777528762817383, 0.0, 0.8586773872375488, 0.6720980405807495, 0.28866395354270935]",-104.21740351888727
16.400000000000098,8.167398452758789,0.4977479577064514,24.667009353637695,-0.237884521484375,0.20000000298023224,"[0.0, 1.0, 0.6143410801887512, 0.7294870615005493]","[0.0, 0.0, 4.261057711119065e-06, 4.966666892869398e-05, -0.01669049821794033, 1.0, 0.016333334147930145, 4.261057711119065e-06, 0.0, 0.0, -0.9999986290931702, -0.016283666715025902, 0.0, 0.0]","[0.0, 0.0, 1.0, 0.7777528762817383, 0.0, 0.8586773872375488, 0.6720980405807495, 0.28866395354270935]",-105.14749546939304
16.4500000000001,7.055513858795166,0.996884822845459,24.126550674438477,-0.251129150390625,0.20000000298023224,"[0.0, 1.0, 0.6975622177124023, 0.6201858520507812]","[0.0, 0.0, 4.261057711119065e-06, 4.966666892869398e-05, -0.01669049821794033, 1.0, 0.016333334147930145, 4.261057711119065e-06, 0.0, 0.0, -0.9999986290931702, -0.016283666715025902, 0.0, 0.0]","[0.0, 0.0, 1.0, 0.7777528762817383, 0.0, 0.8586773872375488, 0.6720980405807495, 0.28866395354270935]",-105.79812121279954
16.5000000000001,5.992593765258789,1.5351972579956055,23.661930084228516,-0.267486572265625,0.20000000298023224,"[0.0, 1.0, 0.6352818012237549, 0.8266850709915161]","[0.0, 0.0, 4.261057711119065e-06, 4.966666892869398e-05, -0.01669049821794033, 1.0, 0.016333334147930145, 4.261057711119065e-06, 0.0, 0.0, -0.9999986290931702, -0.016283666715025902, 0.0, 0.0]","[0.0, 0.0, 1.0, 0.7777528762817383, 0.0, 0.8586773872375488, 0.6720980405807495, 0.28866395354270935]",-106.61579743288397
16.5500000000001,4.973089694976807,2.107652425765991,23.207109451293945,-0.28387451171875,0.20000000298023224,"[0.0, 1.0, 0.6265397667884827, 0.8733976483345032]","[0.0, 0.0, 4.261057711119065e-06, 4.966666892869398e-05, -0.01669049821794033, 1.0, 0.016333334147930145, 4.261057711119065e-06, 0.0, 0.0, -0.9999986290931702, -0.016283666715025902, 0.0, 0.0]","[0.0, 0.0, 1.0, 0.7777528762817383, 0.0, 0.8586773872375488, 0.6720980405807495, 0.28866395354270935]",-107.38605628927388
16.6000000000001,4.0017924308776855,2.7133140563964844,22.715700149536133,-0.295745849609375,0.20000000298023224,"[0.0, 1.0, 0.6517362594604492, 0.8597831726074219]","[0.0, 0.0, 4.261057711119065e-06, 4.966666892869398e-05, -0.01669049821794033, 1.0, 0.016333334147930145, 4.261057711119065e-06, 0.0, 0.0, -0.9999986290931702, -0.016283666715025902, 0.0, 0.0]","[0.0, 0.0, 1.0, 0.7777528762817383, 0.0, 0.8586773872375488, 0.6720980405807495, 0.28866395354270935]",-108.0957129175882
16.6500000000001,3.077518939971924,3.3490638732910156,22.23332977294922,-0.299530029296875,0.20000000298023224,"[0.0, 1.0, 0.6578817963600159, 0.8990723490715027]","[0.0, 0.0, 4.261057711119065e-06, 4.966666892869398e-05, -0.01669049821794033, 1.0, 0.016333334147930145, 4.261057711119065e-06, 0.0, 0.0, -0.9999986290931702, -0.016283666715025902, 0.0, 0.0]","[0.0, 0.0, 1.0, 0.7777528762817383, 0.0, 0.8586773872375488, 0.6720980405807495, 0.28866395354270935]",-108.48291306699615
16.700000000000102,2.202202081680298,4.012943744659424,21.808069229125977,-0.294342041015625,0.20000000298023224,"[0.00635683536529541, 1.0, 0.6417384743690491, 0.8681344389915466]","[0.0, 0.0, 4.261057711119065e-06, 4.966666892869398e-05, -0.01669049821794033, 1.0, 0.016333334147930145, 4.261057711119065e-06, 0.0, 0.0, -0.9999986290931702, -0.016283666715025902, 0.0, 0.0]","[0.0, 0.0, 1.0, 0.7777528762817383, 0.0, 0.8586773872375488, 0.6720980405807495, 0.28866395354270935]",-109.09574670858905
16.750000000000103,1.3754847049713135,4.702861785888672,21.38256072998047,-0.282684326171875,0.20000000298023224,"[0.034280598163604736, 1.0, 0.6619705557823181, 0.8963308334350586]","[0.0, 0.0, 4.261057711119065e-06, 4.966666892869398e-05, -0.01669049821794033, 1.0, 0.016333334147930145, 4.261057711119065e-06, 0.0, 0.0, -0.9999986290931702, -0.016283666715025902, 0.0, 0.0]","[0.0, 0.0, 1.0, 0.7777528762817383, 0.0, 0.8586773872375488, 0.6720980405807495, 0.28866395354270935]",-109.6444509658179
16.800000000000104,0.5973111391067505,5.417059421539307,20.973970413208008,-0.27166748046875,0.20000000298023224,"[0.06109416484832764, 1.0, 0.6757907867431641, 0.9229273200035095]","[0.0, 0.0, 4.261057711119065e-06, 4.966666892869398e-05, -0.01669049821794033, 1.0, 0.016333334147930145, 4.261057711119065e-06, 0.0, 0.0, -0.9999986290931702, -0.016283666715025902, 0.0, 0.0]","[0.0, 0.0, 1.0, 0.7777528762817383, 0.0, 0.8586773872375488, 0.6720980405807495, 0.28866395354270935]",-110.14226977192605
16.850000000000104,-0.13518516719341278,6.152972221374512,20.611679077148438,-0.2657470703125,0.20000000298023224,"[0.08486932516098022, 1.0, 0.6733142733573914, 0.9212307929992676]","[0.0, 0.0, 4.261057711119065e-06, 4.966666892869398e-05, -0.01669049821794033, 1.0, 0.016333334147930145, 4.261057711119065e-06, 0.0, 0.0, -0.9999986290931702, -0.016283666715025902, 0.0, 0.0]","[0.0, 0.0, 1.0, 0.7777528762817383, 0.0, 0.8586773872375488, 0.6720980405807495, 0.28866395354270935]",-110.24630866946346
16.900000000000105,-0.818350076675415,6.909742832183838,20.287839889526367,-0.26812744140625,0.20000000298023224,"[0.10612106323242188, 1.0, 0.671840488910675, 0.9101524949073792]","[0.0, 0.0, 4.261057711119065e-06, 4.966666892869398e-05, -0.01669049821794033, 1.0, 0.016333334147930145, 4.261057711119065e-06, 0.0, 0.0, -0.9999986290931702, -0.016283666715025902, 0.0, 0.0]","[0.0, 0.0, 1.0, 0.7777528762817383, 0.0, 0.8586773872375488, 0.6720980405807495, 0.28866395354270935]",-110.63390759188107
16.950000000000106,-1.4589391946792603,7.68326473236084,19.976839065551758,-0.27886962890625,0.20000000298023224,"[0.12653034925460815, 1.0, 0.6849520802497864, 0.9075060486793518]","[0.0, 0.0, 4.261057711119065e-06, 4.966666892869398e-05, -0.01669049821794033, 1.0, 0.016333334147930145, 4.261057711119065e-06, 0.0, 0.0, -0.9999986290931702, -0.016283666715025902, 0.0, 0.0]","[0.0, 0.0, 1.0, 0.7777528762817383, 0.0, 0.8586773872375488, 0.6720980405807495, 0.28866395354270935]",-110.98683062006359
17.000000000000107,-2.054762363433838,8.471975326538086,19.69028091430664,-0.295684814453125,0.20000000298023224,"[0.1453356146812439, 1.0, 0.680578887462616, 0.9068677425384521]","[0.0, 0.0, 4.261057711119065e-06, 4.966666892869398e-05, -0.01669049821794033, 1.0, 0.016333334147930145, 4.261057711119065e-06, 0.0, 0.0, -0.9999986290931702, -0.016283666715025902, 0.0, 0.0]","[0.0, 0.0, 1.0, 0.7777528762817383, 0.0, 0.8586773872375488, 0.6720980405807495, 0.28866395354270935]",-111.29037750320227
17.050000000000107,-2.644639492034912,9.263068199157715,19.349239349365234,-0.3121337890625,0.20000000298023224,"[0.16771626472473145, 1.0, 1.0, 0.8393750786781311]","[0.0, 0.0, 4.261057711119065e-06, 4.966666892869398e-05, -0.01669049821794033, 1.0, 0.016333334147930145, 4.261057711119065e-06, 0.0, 0.0, -0.9999986290931702, -0.016283666715025902, 0.0, 0.0]","[0.0, 0.0, 1.0, 0.7777528762817383, 0.0, 0.8586773872375488, 0.6720980405807495, 0.28866395354270935]",-111.22121205826687
17.100000000000108,-3.153687000274658,10.081088066101074,19.16975975036621,-0.318878173828125,0.2063446044921875,"[0.17949450016021729, 1.0, 0.626978874206543, 0.6499508619308472]","[0.0, 0.0, 4.261057711119065e-06, 4.966666892869398e-05, -0.01669049821794033, 1.0, 0.016333334147930145, 4.261057711119065e-06, 0.0, 0.0, -0.9999986290931702, -0.016283666715025902, 0.0, 0.0]","[0.0, 0.0, 1.0, 0.7777528762817383, 0.0, 0.8586773872375488, 0.6720980405807495, 0.28866395354270935]",-111.42693696146189
17.15000000000011,-3.632627487182617,10.906253814697266,19.022329330444336,-0.316131591796875,0.2063446044921875,"[0.18916958570480347, 1.0, 0.5915837287902832, 0.6387977600097656]","[0.0, 0.0, 4.261057711119065e-06, 4.966666892869398e-05, -0.01669049821794033, 1.0, 0.016333334147930145, 4.261057711119065e-06, 0.0, 0.0, -0.9999986290931702, -0.016283666715025902, 0.0, 0.0]","[0.0, 0.0, 1.0, 0.7777528762817383, 0.0, 0.8586773872375488, 0.6720980405807495, 0.28866395354270935]",-111.59713471223876
17.20000000000011,-4.096009254455566,11.719456672668457,18.795120239257812,-0.30914306640625,0.2063446044921875,"[0.20408004522323608, 1.0, 0.6709766983985901, 0.8088536262512207]","[0.0, 0.0, 4.261057711119065e-06, 4.966666892869398e-05, -0.01669049821794033, 1.0, 0.016333334147930145, 4.261057711119065e-06, 0.0, 0.0, -0.9999986290931702, -0.016283666715025902, 0.0, 0.0]","[0.0, 0.0, 1.0, 0.7777528762817383, 0.0, 0.8586773872375488, 0.6720980405807495, 0.28866395354270935]",-111.74760990408674
17.25000000000011,-4.493346691131592,12.55677604675293,18.396419525146484,-0.300872802734375,0.2063446044921875,"[0.23024457693099976, 1.0, 0.8137595653533936, 0.5288095474243164]","[0.0, 0.0, 4.261057711119065e-06, 4.966666892869398e-05, -0.01669049821794033, 1.0, 0.016333334147930145, 4.261057711119065e-06, 0.0, 0.0, -0.9999986290931702, -0.016283666715025902, 0.0, 0.0]","[0.0, 0.0, 1.0, 0.7777528762817383, 0.0, 0.8586773872375488, 0.6720980405807495, 0.28866395354270935]",-111.40183468586427
17.30000000000011,-4.865750789642334,13.388089179992676,18.114500045776367,-0.29473876953125,0.2063446044921875,"[0.2487453818321228, 1.0, 0.7065542936325073, 0.5564899444580078]","[0.0, 0.0, 4.261057711119065e-06, 4.966666892869398e-05, -0.01669049821794033, 1.0, 0.016333334147930145, 4.261057711119065e-06, 0.0, 0.0, -0.9999986290931702, -0.016283666715025902, 0.0, 0.0]","[0.0, 0.0, 1.0, 0.7777528762817383, 0.0, 0.8586773872375488, 0.6720980405807495, 0.28866395354270935]",-111.43365575040201
17.35000000000011,-5.197288513183594,14.21909236907959,17.79006004333496,-0.2921142578125,0.2063446044921875,"[0.27003657817840576, 1.0, 0.7321178317070007, 0.5767330527305603]","[0.0, 0.0, 4.261057711119065e-06, 4.966666892869398e-05, -0.01669049821794033, 1.0, 0.016333334147930145, 4.261057711119065e-06, 0.0, 0.0, -0.9999986290931702, -0.016283666715025902, 0.0, 0.0]","[0.0, 0.0, 1.0, 0.7777528762817383, 0.0, 0.8586773872375488, 0.6720980405807495, 0.28866395354270935]",-111.41677732211568
17.400000000000112,-5.479335308074951,15.046079635620117,17.50395965576172,-0.288970947265625,0.2063446044921875,"[0.2888118028640747, 1.0, 0.6912861466407776, 0.5889378786087036]","[0.0, 0.0, 4.261057711119065e-06, 4.966666892869398e-05, -0.01669049821794033, 1.0, 0.016333334147930145, 4.261057711119065e-06, 0.0, 0.0, -0.9999986290931702, -0.016283666715025902, 0.0, 0.0]","[0.0, 0.0, 1.0, 0.7777528762817383, 0.0, 0.8586773872375488, 0.6720980405807495, 0.28866395354270935]",-111.34566930874134
17.450000000000113,-5.726620197296143,15.870833396911621,17.194549560546875,-0.281707763671875,0.2063446044921875,"[0.3091166615486145, 1.0, 0.692734956741333, 0.8358391523361206]","[0.0, 0.0, 4.261057711119065e-06, 4.966666892869398e-05, -0.01669049821794033, 1.0, 0.016333334147930145, 4.261057711119065e-06, 0.0, 0.0, -0.9999986290931702, -0.016283666715025902, 0.0, 0.0]","[0.0, 0.0, 1.0, 0.7777528762817383, 0.0, 0.8586773872375488, 0.6720980405807495, 0.28866395354270935]",-110.72733800306342
17.500000000000114,-5.928964138031006,16.69267463684082,16.882530212402344,-0.272918701171875,0.21429443359375,"[0.329592764377594, 1.0, 0.6753525137901306, 0.8716851472854614]","[0.0, 0.0, 4.261057711119065e-06, 4.966666892869398e-05, -0.01669049821794033, 1.0, 0.016333334147930145, 4.261057711119065e-06, 0.0, 0.0, -0.9999986290931702, -0.016283666715025902, 0.0, 0.0]","[0.0, 0.0, 1.0, 0.7777528762817383, 0.0, 0.8586773872375488, 0.6720980405807495, 0.28866395354270935]",-110.55559167189553
17.550000000000114,-6.083629131317139,17.509767532348633,16.586000442504883,-0.260498046875,0.2420654296875,"[0.34905242919921875, 1.0, 0.6519287824630737, 0.9102140665054321]","[0.0, 0.0, 4.261057711119065e-06, 4.966666892869398e-05, -0.01669049821794033, 1.0, 0.016333334147930145, 4.261057711119065e-06, 0.0, 0.0, -0.9999986290931702, -0.016283666715025902, 0.0, 0.0]","[0.0, 0.0, 1.0, 0.7777528762817383, 0.0, 0.8586773872375488, 0.6720980405807495, 0.28866395354270935]",-110.35293775757742
17.600000000000115,-6.195383071899414,18.320676803588867,16.306720733642578,-0.249298095703125,0.265869140625,"[0.36737996339797974, 1.0, 0.6256861686706543, 0.8950703740119934]","[0.0, 0.0, 4.261057711119065e-06, 4.966666892869398e-05, -0.01669049821794033, 1.0, 0.016333334147930145, 4.261057711119065e-06, 0.0, 0.0, -0.9999986290931702, -0.016283666715025902, 0.0, 0.0]","[0.0, 0.0, 1.0, 0.7777528762817383, 0.0, 0.8586773872375488, 0.6720980405807495, 0.28866395354270935]",-110.05420737270602
17.650000000000116,-6.258828163146973,19.12220001220703,15.986749649047852,-0.227935791015625,0.3055572509765625,"[0.3883779048919678, 1.0, 0.6257956027984619, 0.819486141204834]","[0.0, 0.0, 4.261057711119065e-06, 4.966666892869398e-05, -0.01669049821794033, 1.0, 0.016333334147930145, 4.261057711119065e-06, 0.0, 0.0, -0.9999986290931702, -0.016283666715025902, 0.0, 0.0]","[0.0, 0.0, 1.0, 0.7777528762817383, 0.0, 0.8586773872375488, 0.6720980405807495, 0.28866395354270935]",-109.4926960910788
17.700000000000117,-6.267480373382568,19.91061782836914,15.700249671936035,-0.195159912109375,0.3452301025390625,"[0.4071793556213379, 1.0, 0.5927696824073792, 0.8951457738876343]","[0.0, 0.0, 4.261057711119065e-06, 4.966666892869398e-05, -0.01669049821794033, 1.0, 0.016333334147930145, 4.261057711119065e-06, 0.0, 0.0, -0.9999986290931702, -0.016283666715025902, 0.0, 0.0]","[0.0, 0.0, 1.0, 0.7777528762817383, 0.0, 0.8586773872375488, 0.6720980405807495, 0.28866395354270935]",-109.28613818100303
17.750000000000117,-6.230457782745361,20.686187744140625,15.483189582824707,-0.1595458984375,0.380950927734375,"[0.42142385244369507, 1.0, 0.5523916482925415, 0.7800951600074768]","[0.0, 0.0, 4.261057711119065e-06, 4.966666892869398e-05, -0.01669049821794033, 1.0, 0.016333334147930145, 4.261057711119065e-06, 0.0, 0.0, -0.9999986290931702, -0.016283666715025902, 0.0, 0.0]","[0.0, 0.0, 1.0, 0.7777528762817383, 0.0, 0.8586773872375488, 0.6720980405807495, 0.28866395354270935]",-109.02666081133938
17.800000000000118,-6.1472954750061035,21.44717788696289,15.253609657287598,-0.122955322265625,0.424591064453125,"[0.43648988008499146, 1.0, 0.5528013110160828, 0.8295296430587769]","[0.0, 0.0, 4.261057711119065e-06, 4.966666892869398e-05, -0.01669049821794033, 1.0, 0.016333334147930145, 4.261057711119065e-06, 0.0, 0.0, -0.9999986290931702, -0.016283666715025902, 0.0, 0.0]","[0.0, 0.0, 1.0, 0.7777528762817383, 0.0, 0.8586773872375488, 0.6720980405807495, 0.28866395354270935]",-108.74221220566696
17.85000000000012,-6.016788959503174,22.19139289855957,15.083120346069336,-0.0821533203125,0.440460205078125,"[0.4476780891418457, 1.0, 0.5286215543746948, 0.8491642475128174]","[0.0, 0.0, 4.261057711119065e-06, 4.966666892869398e-05, -0.01669049821794033, 1.0, 0.016333334147930145, 4.261057711119065e-06, 0.0, 0.0, -0.9999986290931702, -0.016283666715025902, 0.0, 0.0]","[0.0, 0.0, 1.0, 0.7777528762817383, 0.0, 0.8586773872375488, 0.6720980405807495, 0.28866395354270935]",-108.13466996376137
17.90000000000012,-6.305490016937256,22.273578643798828,5.207220077514648,-0.04852294921875,0.4801483154296875,"[0.9042210578918457, 0.0, 1.0, 0.40074408054351807]","[0.0, 0.0, 4.261057711119065e-06, 4.966666892869398e-05, -0.01669049821794033, 1.0, 0.016333334147930145, 4.261057711119065e-06, 0.0, 0.0, -0.9999986290931702, -0.016283666715025902, 0.0, 0.0]","[0.0, 0.0, 1.0, 0.7777528762817383, 0.0, 0.8586773872375488, 0.6720980405807495, 0.28866395354270935]",-108.14434807571685
17.95000000000012,-6.544552326202393,22.363685607910156,4.529600143432617,-0.031402587890625,0.53515625,"[0.8597526550292969, 0.650600016117096, 0.49117976427078247, 0.4014945328235626]","[0.0, 0.0, 4.261057711119065e-06, 4.966666892869398e-05, -0.01669049821794033, 1.0, 0.016333334147930145, 4.261057711119065e-06, 0.0, 0.0, -0.9999986290931702, -0.016283666715025902, 0.0, 0.0]","[0.0, 0.0, 1.0, 0.7777528762817383, 0.0, 0.8586773872375488, 0.6720980405807495, 0.28866395354270935]",-108.11217032998739
18.00000000000012,-6.748175621032715,22.446935653686523,3.907710075378418,-0.026123046875,0.609375,"[0.8189414143562317, 0.4724000096321106, 0.6541217565536499, 0.8650413751602173]","[0.0, 0.0, 4.261057711119065e-06, 4.966666892869398e-05, -0.01669049821794033, 1.0, 0.016333334147930145, 4.261057711119065e-06, 0.0, 0.0, -0.9999986290931702, -0.016283666715025902, 0.0, 0.0]","[0.0, 0.0, 1.0, 0.7777528762817383, 0.0, 0.8586773872375488, 0.6720980405807495, 0.28866395354270935]",-108.05047776258561
18.05000000000012,-6.926056385040283,22.52553367614746,3.402780055999756,-0.02276611328125,0.66796875,"[0.7858056426048279, 0.35589998960494995, 0.6216096878051758, 0.7236424088478088]","[0.0, 0.0, 4.261057711119065e-06, 4.966666892869398e-05, -0.01669049821794033, 1.0, 0.016333334147930145, 4.261057711119065e-06, 0.0, 0.0, -0.9999986290931702, -0.016283666715025902, 0.0, 0.0]","[0.0, 0.0, 1.0, 0.7777528762817383, 0.0, 0.8586773872375488, 0.6720980405807495, 0.28866395354270935]",-107.68108377504545
18.100000000000122,-7.0854315757751465,22.59676170349121,2.9704298973083496,-0.01971435546875,0.71484375,"[0.7574329376220703, 0.2678000032901764, 0.5377758145332336, 0.7838261723518372]","[0.0, 0.0, 4.261057711119065e-06, 4.966666892869398e-05, -0.01669049821794033, 1.0, 0.016333334147930145, 4.261057711119065e-06, 0.0, 0.0, -0.9999986290931702, -0.016283666715025902, 0.0, 0.0]","[0.0, 0.0, 1.0, 0.7777528762817383, 0.0, 0.8586773872375488, 0.6720980405807495, 0.28866395354270935]",-107.56101096800103
18.150000000000123,-7.2283453941345215,22.656591415405273,2.5818800926208496,-0.017333984375,0.7421875,"[0.7319345474243164, 0.21050000190734863, 0.5323784351348877, 0.8801491260528564]","[0.0, 0.0, 4.261057711119065e-06, 4.966666892869398e-05, -0.01669049821794033, 1.0, 0.016333334147930145, 4.261057711119065e-06, 0.0, 0.0, -0.9999986290931702, -0.016283666715025902, 0.0, 0.0]","[0.0, 0.0, 1.0, 0.7777528762817383, 0.0, 0.8586773872375488, 0.6720980405807495, 0.28866395354270935]",-107.42595839351765
18.200000000000124,-7.357790946960449,22.702919006347656,2.3058900833129883,-0.016571044921875,0.7578125,"[0.7138228416442871, 0.17679999768733978, 0.4706544876098633, 0.8205931186676025]","[0.0, 0.0, 4.261057711119065e-06, 4.966666892869398e-05, -0.01669049821794033, 1.0, 0.016333334147930145, 4.261057711119065e-06, 0.0, 0.0, -0.9999986290931702, -0.016283666715025902, 0.0, 0.0]","[0.0, 0.0, 1.0, 0.7777528762817383, 0.0, 0.8586773872375488, 0.6720980405807495, 0.28866395354270935]",-107.267251737735
18.250000000000124,-7.476020336151123,22.73692512512207,2.1166698932647705,-0.01654052734375,0.77734375,"[0.7014053463935852, 0.14970000088214874, 0.46201273798942566, 0.8905922174453735]","[0.0, 0.0, 4.261057711119065e-06, 4.966666892869398e-05, -0.01669049821794033, 1.0, 0.016333334147930145, 4.261057711119065e-06, 0.0, 0.0, -0.9999986290931702, -0.016283666715025902, 0.0, 0.0]","[0.0, 0.0, 1.0, 0.7777528762817383, 0.0, 0.8586773872375488, 0.6720980405807495, 0.28866395354270935]",-106.77634553832905
18.300000000000125,-7.586081504821777,22.76100730895996,2.04899001121521,-0.016510009765625,0.79296875,"[0.696963906288147, 0.13490000367164612, 0.42507341504096985, 0.9088378548622131]","[0.0, 0.0, 4.261057711119065e-06, 4.966666892869398e-05, -0.01669049821794033, 1.0, 0.016333334147930145, 4.261057711119065e-06, 0.0, 0.0, -0.9999986290931702, -0.016283666715025902, 0.0, 0.0]","[0.0, 0.0, 1.0, 0.7777528762817383, 0.0, 0.8586773872375488, 0.6720980405807495, 0.28866395354270935]",-106.57781871505252
18.350000000000126,-7.6500067710876465,22.753618240356445,1.0883500576019287,-0.016357421875,0.80078125,"[0.6339223980903625, 0.06419999897480011, 0.9348642826080322, 0.4022657871246338]","[0.0, 0.0, 4.261057711119065e-06, 4.966666892869398e-05, -0.01669049821794033, 1.0, 0.016333334147930145, 4.261057711119065e-06, 0.0, 0.0, -0.9999986290931702, -0.016283666715025902, 0.0, 0.0]","[0.0, 0.0, 1.0, 0.7777528762817383, 0.0, 0.8586773872375488, 0.6720980405807495, 0.28866395354270935]",-106.32699143451013
18.400000000000126,-7.692784786224365,22.736331939697266,0.9804800152778625,-0.016510009765625,0.8046875,"[0.6268434524536133, 0.06210000067949295, 0.06869406998157501, 0.4583180546760559]","[0.0, 0.0, 4.261057711119065e-06, 4.966666892869398e-05, -0.01669049821794033, 1.0, 0.016333334147930145, 4.261057711119065e-06, 0.0, 0.0, -0.9999986290931702, -0.016283666715025902, 0.0, 0.0]","[0.0, 0.0, 1.0, 0.7777528762817383, 0.0, 0.8586773872375488, 0.6720980405807495, 0.28866395354270935]",-106.05806881723944
18.450000000000127,-7.737069129943848,22.71898651123047,0.9920399785041809,-0.01812744140625,0.80859375,"[0.6276021003723145, 0.062199998646974564, 0.07968923449516296, 0.8714963793754578]","[0.0, 0.0, 4.261057711119065e-06, 4.966666892869398e-05, -0.01669049821794033, 1.0, 0.016333334147930145, 4.261057711119065e-06, 0.0, 0.0, -0.9999986290931702, -0.016283666715025902, 0.0, 0.0]","[0.0, 0.0, 1.0, 0.7777528762817383, 0.0, 0.8586773872375488, 0.6720980405807495, 0.28866395354270935]",-105.48164448996448
18.500000000000128,-7.77095890045166,22.70595932006836,0.5181300044059753,-0.02154541015625,0.8125,"[0.5965020060539246, 0.030700000002980232, 0.34129899740219116, 0.43979737162590027]","[0.0, 0.0, 4.261057711119065e-06, 4.966666892869398e-05, -0.01669049821794033, 1.0, 0.016333334147930145, 4.261057711119065e-06, 0.0, 0.0, -0.9999986290931702, -0.016283666715025902, 0.0, 0.0]","[0.0, 0.0, 1.0, 0.7777528762817383, 0.0, 0.8586773872375488, 0.6720980405807495, 0.28866395354270935]",-105.19555040098969
18.55000000000013,-7.78169584274292,22.702022552490234,0.11362999677658081,-0.02569580078125,0.81640625,"[0.56995689868927, 0.006599999964237213, 0.37724438309669495, 0.8892796039581299]","[0.0, 0.0, 4.261057711119065e-06, 4.966666892869398e-05, -0.01669049821794033, 1.0, 0.016333334147930145, 4.261057711119065e-06, 0.0, 0.0, -0.9999986290931702, -0.016283666715025902, 0.0, 0.0]","[0.0, 0.0, 1.0, 0.7777528762817383, 0.0, 0.8586773872375488, 0.6720980405807495, 0.28866395354270935]",-104.88281866792671
18.60000000000013,-7.777901649475098,22.70369529724121,0.13691000640392303,-0.029541015625,0.8203125,"[0.5714846253395081, 0.00800000037997961, 0.19904308021068573, 0.7617371082305908]","[0.0, 0.0, 4.261057711119065e-06, 4.966666892869398e-05, -0.01669049821794033, 1.0, 0.016333334147930145, 4.261057711119065e-06, 0.0, 0.0, -0.9999986290931702, -0.016283666715025902, 0.0, 0.0]","[0.0, 0.0, 1.0, 0.7777528762817383, 0.0, 0.8586773872375488, 0.6720980405807495, 0.28866395354270935]",-104.55023382909224
18.65000000000013,-7.764830589294434,22.70881462097168,0.3772200047969818,-0.03192138671875,0.828125,"[0.5872548818588257, 0.020999999716877937, 0.22373010218143463, 0.928274929523468]","[0.0, 0.0, 4.261057711119065e-06, 4.966666892869398e-05, -0.01669049821794033, 1.0, 0.016333334147930145, 4.261057711119065e-06, 0.0, 0.0, -0.9999986290931702, -0.016283666715025902, 0.0, 0.0]","[0.0, 0.0, 1.0, 0.7777528762817383, 0.0, 0.8586773872375488, 0.6720980405807495, 0.28866395354270935]",-103.85733772786203
18.70000000000013,-7.744897842407227,22.716522216796875,0.4666300117969513,-0.03240966796875,0.8359375,"[0.5931223630905151, 0.025200000032782555, 0.08525801450014114, 0.7997210621833801]","[0.0, 0.0, 4.261057711119065e-06, 4.966666892869398e-05, -0.01669049821794033, 1.0, 0.016333334147930145, 4.261057711119065e-06, 0.0, 0.0, -0.9999986290931702, -0.016283666715025902, 0.0, 0.0]","[0.0, 0.0, 1.0, 0.7777528762817383, 0.0, 0.8586773872375488, 0.6720980405807495, 0.28866395354270935]",-103.49321966826794
18.75000000000013,-7.717525959014893,22.72704315185547,0.6612200140953064,-0.03240966796875,0.84375,"[0.6058922410011292, 0.03370000049471855, 0.17567427456378937, 0.847801685333252]","[0.0, 0.0, 4.261057711119065e-06, 4.966666892869398e-05, -0.01669049821794033, 1.0, 0.016333334147930145, 4.261057711119065e-06, 0.0, 0.0, -0.9999986290931702, -0.016283666715025902, 0.0, 0.0]","[0.0, 0.0, 1.0, 0.7777528762817383, 0.0, 0.8586773872375488, 0.6720980405807495, 0.28866395354270935]",-103.11522322726088
18.800000000000132,-7.684305191040039,22.7397403717041,0.7807999849319458,-0.03240966796875,0.85546875,"[0.6137396097183228, 0.03700000047683716, 0.10836482793092728, 0.8933356404304504]","[0.0, 0.0, 4.261057711119065e-06, 4.966666892869398e-05, -0.01669049821794033, 1.0, 0.016333334147930145, 4.261057711119065e-06, 0.0, 0.0, -0.9999986290931702, -0.016283666715025902, 0.0, 0.0]","[0.0, 0.0, 1.0, 0.7777528762817383, 0.0, 0.8586773872375488, 0.6720980405807495, 0.28866395354270935]",-102.7187870370131
18.850000000000133,-7.646266460418701,22.75419044494629,0.8987699747085571,-0.03240966796875,0.87109375,"[0.6214812994003296, 0.03799999877810478, 0.10689406096935272, 0.9804025292396545]","[0.0, 0.0, 4.261057711119065e-06, 4.966666892869398e-05, -0.01669049821794033, 1.0, 0.016333334147930145, 4.261057711119065e-06, 0.0, 0.0, -0.9999986290931702, -0.016283666715025902, 0.0, 0.0]","[0.0, 0.0, 1.0, 0.7777528762817383, 0.0, 0.8586773872375488, 0.6720980405807495, 0.28866395354270935]",-101.95169382392982
18.900000000000134,-7.604218482971191,22.77004051208496,0.917639970779419,-0.03240966796875,0.890625,"[0.6227196455001831, 0.0333000011742115, 0.020511647686362267, 0.8791132569313049]","[0.0, 0.0, 4.261057711119065e-06, 4.966666892869398e-05, -0.01669049821794033, 1.0, 0.016333334147930145, 4.261057711119065e-06, 0.0, 0.0, -0.9999986290931702, -0.016283666715025902, 0.0, 0.0]","[0.0, 0.0, 1.0, 0.7777528762817383, 0.0, 0.8586773872375488, 0.6720980405807495, 0.28866395354270935]",-101.54991957225849
18.950000000000134,-7.561901569366455,22.78592300415039,0.9259600043296814,-0.03216552734375,0.9375,"[0.6232656240463257, 0.019200000911951065, 0.010208351537585258, 0.9841203689575195]","[0.0, 0.0, 4.261057711119065e-06, 4.966666892869398e-05, -0.01669049821794033, 1.0, 0.016333334147930145, 4.261057711119065e-06, 0.0, 0.0, -0.9999986290931702, -0.016283666715025902, 0.0, 0.0]","[0.0, 0.0, 1.0, 0.7777528762817383, 0.0, 0.8586773872375488, 0.6720980405807495, 0.28866395354270935]",-101.14531997345381
19.000000000000135,-7.519796371459961,22.801692962646484,0.9269700050354004,-0.031890869140625,1.0,"[0.6233319044113159, 0.0, 0.004756922833621502, 0.9886613488197327]","[0.0, 0.0, 4.261057711119065e-06, 4.966666892869398e-05, -0.01669049821794033, 1.0, 0.016333334147930145, 4.261057711119065e-06, 0.0, 0.0, -0.9999986290931702, -0.016283666715025902, 0.0, 0.0]","[0.0, 0.0, 1.0, 0.7777528762817383, 0.0, 0.8586773872375488, 0.6720980405807495, 0.28866395354270935]",-100.74092783911081
19.050000000000136,-7.4730987548828125,22.81916046142578,1.0569900274276733,-0.031768798828125,1.0,"[0.6318644285202026, 0.0, 0.11890506744384766, 0.8294208645820618]","[0.0, 0.0, 4.261057711119065e-06, 4.966666892869398e-05, -0.01669049821794033, 1.0, 0.016333334147930145, 4.261057711119065e-06, 0.0, 0.0, -0.9999986290931702, -0.016283666715025902, 0.0, 0.0]","[0.0, 0.0, 1.0, 0.7777528762817383, 0.0, 0.8586773872375488, 0.6720980405807495, 0.28866395354270935]",-99.94982225939475
19.100000000000136,-7.421925067901611,22.83819580078125,1.1303000450134277,-0.031768798828125,1.0,"[0.6366753578186035, 0.0, 0.06634857505559921, 0.919873833656311]","[0.0, 0.0, 4.261057711119065e-06, 4.966666892869398e-05, -0.01669049821794033, 1.0, 0.016333334147930145, 4.261057711119065e-06, 0.0, 0.0, -0.9999986290931702, -0.016283666715025902, 0.0, 0.0]","[0.0, 0.0, 1.0, 0.7777528762817383, 0.0, 0.8586773872375488, 0.6720980405807495, 0.28866395354270935]",-99.52229995467195
19.150000000000137,-7.363261699676514,22.85999298095703,1.3516299724578857,-0.031768798828125,1.0,"[0.651199996471405, 0.0, 0.20123471319675446, 0.7929978966712952]","[0.0, 0.0, 4.261057711119065e-06, 4.966666892869398e-05, -0.01669049821794033, 1.0, 0.016333334147930145, 4.261057711119065e-06, 0.0, 0.0, -0.9999986290931702, -0.016283666715025902, 0.0, 0.0]","[0.0, 0.0, 1.0, 0.7777528762817383, 0.0, 0.8586773872375488, 0.6720980405807495, 0.28866395354270935]",-99.08020158115193
19.200000000000138,-7.296156406402588,22.884817123413086,1.507449984550476,-0.031951904296875,1.0,"[0.6614255905151367, 0.0, 0.14418284595012665, 0.8997718691825867]","[0.0, 0.0, 4.261057711119065e-06, 4.966666892869398e-05, -0.01669049821794033, 1.0, 0.016333334147930145, 4.261057711119065e-06, 0.0, 0.0, -0.9999986290931702, -0.016283666715025902, 0.0, 0.0]","[0.0, 0.0, 1.0, 0.7777528762817383, 0.0, 0.8586773872375488, 0.6720980405807495, 0.28866395354270935]",-98.62392388500122
19.25000000000014,-7.220272541046143,22.912757873535156,1.7124799489974976,-0.0323486328125,1.0,"[0.6748806238174438, 0.0, 0.1884949505329132, 0.9138184189796448]","[0.0, 0.0, 4.261057711119065e-06, 4.966666892869398e-05, -0.01669049821794033, 1.0, 0.016333334147930145, 4.261057711119065e-06, 0.0, 0.0, -0.9999986290931702, -0.016283666715025902, 0.0, 0.0]","[0.0, 0.0, 1.0, 0.7777528762817383, 0.0, 0.8586773872375488, 0.6720980405807495, 0.28866395354270935]",-97.73933194184994
19.30000000000014,-7.136510372161865,22.943471908569336,1.8661099672317505,-0.032501220703125,1.0,"[0.6849625110626221, 0.0, 0.14368483424186707, 0.9181674122810364]","[0.0, 0.0, 4.261057711119065e-06, 4.966666892869398e-05, -0.01669049821794033, 1.0, 0.016333334147930145, 4.261057711119065e-06, 0.0, 0.0, -0.9999986290931702, -0.016283666715025902, 0.0, 0.0]","[0.0, 0.0, 1.0, 0.7777528762817383, 0.0, 0.8586773872375488, 0.6720980405807495, 0.28866395354270935]",-97.23847301269328
19.35000000000014,-7.043623447418213,22.977251052856445,2.0777599811553955,-0.031982421875,0.97265625,"[0.6988519430160522, 0.01850000023841858, 0.19296613335609436, 0.9017106294631958]","[0.0, 0.0, 4.261057711119065e-06, 4.966666892869398e-05, -0.01669049821794033, 1.0, 0.016333334147930145, 4.261057711119065e-06, 0.0, 0.0, -0.9999986290931702, -0.016283666715025902, 0.0, 0.0]","[0.0, 0.0, 1.0, 0.7777528762817383, 0.0, 0.8586773872375488, 0.6720980405807495, 0.28866395354270935]",-96.7147916205444
19.40000000000014,-6.94510555267334,23.009645462036133,2.2267799377441406,-0.029296875,0.75,"[0.7086312770843506, 0.18080000579357147, 0.2245010882616043, 0.7594910264015198]","[0.0, 0.0, 4.261057711119065e-06, 4.966666892869398e-05, -0.01669049821794033, 1.0, 0.016333334147930145, 4.261057711119065e-06, 0.0, 0.0, -0.9999986290931702, -0.016283666715025902, 0.0, 0.0]","[0.0, 0.0, 1.0, 0.7777528762817383, 0.0, 0.8586773872375488, 0.6720980405807495, 0.28866395354270935]",-96.16829930204979
19.45000000000014,-6.895236492156982,23.025279998779297,0.5911700129508972,-0.025726318359375,0.5,"[0.6012952327728271, 0.07150000333786011, 1.0, 0.4115704298019409]","[0.0, 0.0, 4.261057711119065e-06, 4.966666892869398e-05, -0.01669049821794033, 1.0, 0.016333334147930145, 4.261057711119065e-06, 0.0, 0.0, -0.9999986290931702, -0.016283666715025902, 0.0, 0.0]","[0.0, 0.0, 1.0, 0.7777528762817383, 0.0, 0.8586773872375488, 0.6720980405807495, 0.28866395354270935]",-95.14733366749066
19.500000000000142,-6.920319557189941,23.01517105102539,0.49685999751091003,-0.0235595703125,0.3095245361328125,"[0.5951061844825745, 0.11169999837875366, 0.008694509975612164, 0.45917150378227234]","[0.0, 0.0, 4.261057711119065e-06, 4.966666892869398e-05, -0.01669049821794033, 1.0, 0.016333334147930145, 4.261057711119065e-06, 0.0, 0.0, -0.9999986290931702, -0.016283666715025902, 0.0, 0.0]","[0.0, 0.0, 1.0, 0.7777528762817383, 0.0, 0.8586773872375488, 0.6720980405807495, 0.28866395354270935]",-94.68269669135371
19.550000000000143,-6.930415630340576,23.01156997680664,0.048980001360177994,-0.02349853515625,0.20000000298023224,"[0.5657142996788025, 0.012400000356137753, 0.4081946909427643, 0.481999009847641]","[0.0, 0.0, 4.261057711119065e-06, 4.966666892869398e-05, -0.01669049821794033, 1.0, 0.016333334147930145, 4.261057711119065e-06, 0.0, 0.0, -0.9999986290931702, -0.016283666715025902, 0.0, 0.0]","[0.0, 0.0, 1.0, 0.7777528762817383, 0.0, 0.8586773872375488, 0.6720980405807495, 0.28866395354270935]",-94.21923466884205
19.600000000000144,-6.923024654388428,23.014572143554688,0.22589999437332153,-0.02471923828125,0.20000000298023224,"[0.5773245692253113, 0.05849999934434891, 0.22206635773181915, 0.7223141193389893]","[0.0, 0.0, 4.261057711119065e-06, 4.966666892869398e-05, -0.01669049821794033, 1.0, 0.016333334147930145, 4.261057711119065e-06, 0.0, 0.0, -0.9999986290931702, -0.016283666715025902, 0.0, 0.0]","[0.0, 0.0, 1.0, 0.7777528762817383, 0.0, 0.8586773872375488, 0.6720980405807495, 0.28866395354270935]",-93.67499648511458
19.650000000000144,-6.90864896774292,23.01987648010254,0.3237200081348419,-0.02532958984375,0.20000000298023224,"[0.5837439298629761, 0.0851999968290329, 0.09158460795879364, 0.8040049076080322]","[0.0, 0.0, 4.261057711119065e-06, 4.966666892869398e-05, -0.01669049821794033, 1.0, 0.016333334147930145, 4.261057711119065e-06, 0.0, 0.0, -0.9999986290931702, -0.016283666715025902, 0.0, 0.0]","[0.0, 0.0, 1.0, 0.7777528762817383, 0.0, 0.8586773872375488, 0.6720980405807495, 0.28866395354270935]",-92.5759759555421
19.700000000000145,-6.890683650970459,23.02651596069336,0.3637999892234802,-0.025115966796875,0.20000000298023224,"[0.5863741636276245, 0.09629999846220016, 0.038279999047517776, 0.9249603748321533]","[0.0, 0.0, 4.261057711119065e-06, 4.966666892869398e-05, -0.01669049821794033, 1.0, 0.016333334147930145, 4.261057711119065e-06, 0.0, 0.0, -0.9999986290931702, -0.016283666715025902, 0.0, 0.0]","[0.0, 0.0, 1.0, 0.7777528762817383, 0.0, 0.8586773872375488, 0.6720980405807495, 0.28866395354270935]",-92.00946744144967
19.750000000000146,-6.87909460067749,23.03092384338379,0.018330000340938568,-0.02496337890625,0.2023773193359375,"[0.5637029409408569, 0.004699999932199717, 1.0, 0.5386239290237427]","[0.0, 0.0, 4.261057711119065e-06, 4.966666892869398e-05, -0.01669049821794033, 1.0, 0.016333334147930145, 4.261057711119065e-06, 0.0, 0.0, -0.9999986290931702, -0.016283666715025902, 0.0, 0.0]","[0.0, 0.0, 1.0, 0.7777528762817383, 0.0, 0.8586773872375488, 0.6720980405807495, 0.28866395354270935]",-91.42337701948668
19.800000000000146,-6.8818511962890625,23.02977180480957,0.09160999953746796,-0.02496337890625,0.380950927734375,"[0.5685118436813354, 0.01860000006854534, 0.10215295851230621, 0.6860967874526978]","[0.0, 0.0, 4.261057711119065e-06, 4.966666892869398e-05, -0.01669049821794033, 1.0, 0.016333334147930145, 4.261057711119065e-06, 0.0, 0.0, -0.9999986290931702, -0.016283666715025902, 0.0, 0.0]","[0.0, 0.0, 1.0, 0.7777528762817383, 0.0, 0.8586773872375488, 0.6720980405807495, 0.28866395354270935]",-90.83032779195861
19.850000000000147,-6.890745162963867,23.026630401611328,0.20816999673843384,-0.02435302734375,0.4960174560546875,"[0.5761610269546509, 0.03449999913573265, 0.11493010073900223, 0.9552667737007141]","[0.0, 0.0, 4.261057711119065e-06, 4.966666892869398e-05, -0.01669049821794033, 1.0, 0.016333334147930145, 4.261057711119065e-06, 0.0, 0.0, -0.9999986290931702, -0.016283666715025902, 0.0, 0.0]","[0.0, 0.0, 1.0, 0.7777528762817383, 0.0, 0.8586773872375488, 0.6720980405807495, 0.28866395354270935]",-89.67295197549159
19.900000000000148,-6.904543876647949,23.021780014038086,0.3236599862575531,-0.0223388671875,0.546875,"[0.5837399959564209, 0.04820000007748604, 0.10586284846067429, 0.9723142385482788]","[0.0, 0.0, 4.261057711119065e-06, 4.966666892869398e-05, -0.01669049821794033, 1.0, 0.016333334147930145, 4.261057711119065e-06, 0.0, 0.0, -0.9999986290931702, -0.016283666715025902, 0.0, 0.0]","[0.0, 0.0, 1.0, 0.7777528762817383, 0.0, 0.8586773872375488, 0.6720980405807495, 0.28866395354270935]",-89.11397975396808
19.95000000000015,-6.924015998840332,23.014684677124023,0.43759000301361084,-0.016326904296875,0.59765625,"[0.5912166237831116, 0.05779999867081642, 0.10472043603658676, 0.9784380197525024]","[0.0, 0.0, 4.261057711119065e-06, 4.966666892869398e-05, -0.01669049821794033, 1.0, 0.016333334147930145, 4.261057711119065e-06, 0.0, 0.0, -0.9999986290931702, -0.016283666715025902, 0.0, 0.0]","[0.0, 0.0, 1.0, 0.7777528762817383, 0.0, 0.8586773872375488, 0.6720980405807495, 0.28866395354270935]",-88.56473450746213
20.00000000000015,-6.947531700134277,23.006107330322266,0.5035899877548218,-0.00677490234375,0.625,"[0.5955478549003601, 0.062300000339746475, 0.05897406488656998, 0.9296327829360962]","[0.0, 0.0, 4.261057711119065e-06, 4.966666892869398e-05, -0.01669049821794033, 1.0, 0.016333334147930145, 4.261057711119065e-06, 0.0, 0.0, -0.9999986290931702, -0.016283666715025902, 0.0, 0.0]","[0.0, 0.0, 1.0, 0.7777528762817383, 0.0, 0.8586773872375488, 0.6720980405807495, 0.28866395354270935]",-88.02411661064309
20.05000000000015,-6.975076675415039,22.995758056640625,0.6352300047874451,0.007293701171875,0.6015625,"[0.6041866540908813, 0.08299999684095383, 0.12249977886676788, 0.9022603631019592]","[0.0, 0.0, 4.261057711119065e-06, 4.966666892869398e-05, -0.01669049821794033, 1.0, 0.016333334147930145, 4.261057711119065e-06, 0.0, 0.0, -0.9999986290931702, -0.016283666715025902, 0.0, 0.0]","[0.0, 0.0, 1.0, 0.7777528762817383, 0.0, 0.8586773872375488, 0.6720980405807495, 0.28866395354270935]",-86.79276301034791
20.10000000000015,-7.006169319152832,22.983610153198242,0.6977599859237671,0.0262451171875,0.5390625,"[0.6082901358604431, 0.10620000213384628, 0.06306944787502289, 0.9053757786750793]","[0.0, 0.0, 4.261057711119065e-06, 4.966666892869398e-05, -0.01669049821794033, 1.0, 0.016333334147930145, 4.261057711119065e-06, 0.0, 0.0, -0.9999986290931702, -0.016283666715025902, 0.0, 0.0]","[0.0, 0.0, 1.0, 0.7777528762817383, 0.0, 0.8586773872375488, 0.6720980405807495, 0.28866395354270935]",-86.36057275982081
20.15000000000015,-7.040287494659424,22.97149085998535,0.79926997423172,0.0496826171875,0.444427490234375,"[0.6149516701698303, 0.14409999549388885, 0.14477494359016418, 0.7750022411346436]","[0.0, 0.0, 4.261057711119065e-06, 4.966666892869398e-05, -0.01669049821794033, 1.0, 0.016333334147930145, 4.261057711119065e-06, 0.0, 0.0, -0.9999986290931702, -0.016283666715025902, 0.0, 0.0]","[0.0, 0.0, 1.0, 0.7777528762817383, 0.0, 0.8586773872375488, 0.6720980405807495, 0.28866395354270935]",-86.07710939537934
20.200000000000152,-7.072971820831299,22.956865310668945,0.8307899832725525,0.074676513671875,0.3253936767578125,"[0.6170201301574707, 0.1842000037431717, 0.0895635113120079, 0.714255154132843]","[0.0, 0.0, 4.261057711119065e-06, 4.966666892869398e-05, -0.01669049821794033, 1.0, 0.016333334147930145, 4.261057711119065e-06, 0.0, 0.0, -0.9999986290931702, -0.016283666715025902, 0.0, 0.0]","[0.0, 0.0, 1.0, 0.7777528762817383, 0.0, 0.8586773872375488, 0.6720980405807495, 0.28866395354270935]",-85.75896728425077
20.250000000000153,-7.108067512512207,22.940114974975586,0.8474000096321106,0.099884033203125,0.21826171875,"[0.618110179901123, 0.2184000015258789, 0.07190769910812378, 0.8966864347457886]","[0.0, 0.0, 4.261057711119065e-06, 4.966666892869398e-05, -0.01669049821794033, 1.0, 0.016333334147930145, 4.261057711119065e-06, 0.0, 0.0, -0.9999986290931702, -0.016283666715025902, 0.0, 0.0]","[0.0, 0.0, 1.0, 0.7777528762817383, 0.0, 0.8586773872375488, 0.6720980405807495, 0.28866395354270935]",-85.08210008153209
20.300000000000153,-7.145479202270508,22.922672271728516,0.8661500215530396,0.130462646484375,0.20000000298023224,"[0.6193406581878662, 0.22930000722408295, 0.04585934057831764, 0.9531248807907104]","[0.0, 0.0, 4.261057711119065e-06, 4.966666892869398e-05, -0.01669049821794033, 1.0, 0.016333334147930145, 4.261057711119065e-06, 0.0, 0.0, -0.9999986290931702, -0.016283666715025902, 0.0, 0.0]","[0.0, 0.0, 1.0, 0.7777528762817383, 0.0, 0.8586773872375488, 0.6720980405807495, 0.28866395354270935]",-84.73970305802814
20.350000000000154,-7.184230327606201,22.904254913330078,0.8831300139427185,0.1656494140625,0.20000000298023224,"[0.6204549670219421, 0.23409999907016754, 0.02415560372173786, 0.9684380292892456]","[0.0, 0.0, 4.261057711119065e-06, 4.966666892869398e-05, -0.01669049821794033, 1.0, 0.016333334147930145, 4.261057711119065e-06, 0.0, 0.0, -0.9999986290931702, -0.016283666715025902, 0.0, 0.0]","[0.0, 0.0, 1.0, 0.7777528762817383, 0.0, 0.8586773872375488, 0.6720980405807495, 0.28866395354270935]",-84.39067653648083
20.400000000000155,-7.2238335609436035,22.884986877441406,0.902899980545044,0.199920654296875,0.20000000298023224,"[0.6217523813247681, 0.2393999993801117, 0.039828572422266006, 0.9768975377082825]","[0.0, 0.0, 4.261057711119065e-06, 4.966666892869398e-05, -0.01669049821794033, 1.0, 0.016333334147930145, 4.261057711119065e-06, 0.0, 0.0, -0.9999986290931702, -0.016283666715025902, 0.0, 0.0]","[0.0, 0.0, 1.0, 0.7777528762817383, 0.0, 0.8586773872375488, 0.6720980405807495, 0.28866395354270935]",-84.03139123249264
20.450000000000156,-7.263951301574707,22.86488151550293,0.9163500070571899,0.229705810546875,0.20000000298023224,"[0.622635006904602, 0.24320000410079956, 0.030246153473854065, 0.9838129281997681]","[0.0, 0.0, 4.261057711119065e-06, 4.966666892869398e-05, -0.01669049821794033, 1.0, 0.016333334147930145, 4.261057711119065e-06, 0.0, 0.0, -0.9999986290931702, -0.016283666715025902, 0.0, 0.0]","[0.0, 0.0, 1.0, 0.7777528762817383, 0.0, 0.8586773872375488, 0.6720980405807495, 0.28866395354270935]",-83.34485896723841
20.500000000000156,-7.304430961608887,22.844301223754883,0.9226499795913696,0.251068115234375,0.20000000298023224,"[0.6230484247207642, 0.2451000064611435, 0.02556879073381424, 0.9809391498565674]","[0.0, 0.0, 4.261057711119065e-06, 4.966666892869398e-05, -0.01669049821794033, 1.0, 0.016333334147930145, 4.261057711119065e-06, 0.0, 0.0, -0.9999986290931702, -0.016283666715025902, 0.0, 0.0]","[0.0, 0.0, 1.0, 0.7777528762817383, 0.0, 0.8586773872375488, 0.6720980405807495, 0.28866395354270935]",-83.06098809642648
20.550000000000157,-7.345204830169678,22.82325553894043,0.9316400289535522,0.2650146484375,0.20000000298023224,"[0.623638391494751, 0.24740000069141388, 0.024279559031128883, 0.989936888217926]","[0.0, 0.0, 4.261057711119065e-06, 4.966666892869398e-05, -0.01669049821794033, 1.0, 0.016333334147930145, 4.261057711119065e-06, 0.0, 0.0, -0.9999986290931702, -0.016283666715025902, 0.0, 0.0]","[0.0, 0.0, 1.0, 0.7777528762817383, 0.0, 0.8586773872375488, 0.6720980405807495, 0.28866395354270935]",-82.79473800422589
20.600000000000158,-7.386335849761963,22.801992416381836,0.9421600103378296,0.276275634765625,0.20000000298023224,"[0.6243287324905396, 0.2502000033855438, 0.02943955734372139, 0.987991213798523]","[0.0, 0.0, 4.261057711119065e-06, 4.966666892869398e-05, -0.01669049821794033, 1.0, 0.016333334147930145, 4.261057711119065e-06, 0.0, 0.0, -0.9999986290931702, -0.016283666715025902, 0.0, 0.0]","[0.0, 0.0, 1.0, 0.7777528762817383, 0.0, 0.8586773872375488, 0.6720980405807495, 0.28866395354270935]",-82.53606288694284
20.65000000000016,-7.427760601043701,22.78046417236328,0.9508000016212463,0.286285400390625,0.20000000298023224,"[0.6248957514762878, 0.2524999976158142, 0.02178945019841194, 0.9909308552742004]","[0.0, 0.0, 4.261057711119065e-06, 4.966666892869398e-05, -0.01669049821794033, 1.0, 0.016333334147930145, 4.261057711119065e-06, 0.0, 0.0, -0.9999986290931702, -0.016283666715025902, 0.0, 0.0]","[0.0, 0.0, 1.0, 0.7777528762817383, 0.0, 0.8586773872375488, 0.6720980405807495, 0.28866395354270935]",-81.99767991366699
20.70000000000016,-7.469459533691406,22.75891876220703,0.9527900218963623,0.29547119140625,0.20000000298023224,"[0.6250263452529907, 0.2531999945640564, 0.021033408120274544, 0.9847462177276611]","[0.0, 0.0, 4.261057711119065e-06, 4.966666892869398e-05, -0.01669049821794033, 1.0, 0.016333334147930145, 4.261057711119065e-06, 0.0, 0.0, -0.9999986290931702, -0.016283666715025902, 0.0, 0.0]","[0.0, 0.0, 1.0, 0.7777528762817383, 0.0, 0.8586773872375488, 0.6720980405807495, 0.28866395354270935]",-81.74075374669256
20.75000000000016,-7.511425495147705,22.73719024658203,0.9603999853134155,0.3028564453125,0.20000000298023224,"[0.6255257725715637, 0.2551000118255615, 0.02136879228055477, 0.9862043261528015]","[0.0, 0.0, 4.261057711119065e-06, 4.966666892869398e-05, -0.01669049821794033, 1.0, 0.016333334147930145, 4.261057711119065e-06, 0.0, 0.0, -0.9999986290931702, -0.016283666715025902, 0.0, 0.0]","[0.0, 0.0, 1.0, 0.7777528762817383, 0.0, 0.8586773872375488, 0.6720980405807495, 0.28866395354270935]",-81.478919832666
20.80000000000016,-7.553760051727295,22.71549415588379,0.9686499834060669,0.306060791015625,0.20000000298023224,"[0.6260671615600586, 0.2572999894618988, 0.026331868022680283, 0.989067018032074]","[0.0, 0.0, 4.261057711119065e-06, 4.966666892869398e-05, -0.01669049821794033, 1.0, 0.016333334147930145, 4.261057711119065e-06, 0.0, 0.0, -0.9999986290931702, -0.016283666715025902, 0.0, 0.0]","[0.0, 0.0, 1.0, 0.7777528762817383, 0.0, 0.8586773872375488, 0.6720980405807495, 0.28866395354270935]",-81.51321721145766
