sim_time,x,y,speed,steer,throttle,style_scores,alert_state,alert_raw,alert_score
0.05,104.59001922607422,191.77003479003906,0.9800000190734863,0.0,0.5,"[0.3768119812011719, 0.15489999949932098, 0.0, 0.9431818127632141]","[0.0, 0.0, -3.1957933970261365e-06, 0.00011933333735214546, -0.043483711779117584, 1.0, 0.016333334147930145, -3.1957933970261365e-06, 0.0, 0.0, 1.0172526572205243e-06, -0.016214000061154366, 0.0, 0.0]","[1.0, 0.0, 0.0, 1.0833473205566406, 2.0, 0.44577959179878235, 0.22461152076721191, 0.0260162353515625]",1.0
0.1,104.59001922607422,191.77003479003906,1.4700000286102295,0.0,0.5,"[0.4089679718017578, 0.23229999840259552, 0.0, 0.9659090638160706]","[0.0, 0.0, -3.1957933970261365e-06, 0.00011933333735214546, -0.043483711779117584, 1.0, 0.016333334147930145, -3.1957933970261365e-06, 0.0, 0.0, 1.0172526572205243e-06, -0.016214000061154366, 0.0, 0.0]","[1.0, 0.0, 0.0, 1.0833473205566406, 2.0, 0.44577959179878235, 0.22461152076721191, 0.0260162353515625]",1.0
0.15000000000000002,104.59001922607422,191.77003479003906,1.7187600135803223,0.0,0.5,"[0.4252927303314209, 0.2784999907016754, 0.0, 0.7467684745788574]","[0.0, 0.0, -3.1957933970261365e-06, 0.00011933333735214546, -0.043483711779117584, 1.0, 0.016333334147930145, -3.1957933970261365e-06, 0.0, 0.0, 1.0172526572205243e-06, -0.016214000061154366, 0.0, 0.0]","[1.0, 0.0, 0.0, 1.0833473205566406, 2.0, 0.44577959179878235, 0.22461152076721191, 0.0260162353515625]",1.0
0.2,104.59001922607422,191.77003479003906,0.9489799737930298,0.0,0.5,"[0.37477630376815796, 0.14550000429153442, 0.0, 0.5113636255264282]","[0.0, 0.0, -3.1957933970261365e-06, 0.00011933333735214546, -0.043483711779117584, 1.0, 0.016333334147930145, -3.1957933970261365e-06, 0.0, 0.0, 1.0172526572205243e-06, -0.016214000061154366, 0.0, 0.0]","[1.0, 0.0, 0.0, 1.0833473205566406, 2.0, 0.44577959179878235, 0.22461152076721191, 0.0260162353515625]",1.0
0.25,104.59001922607422,191.77003479003906,0.48186999559402466,0.0,0.5,"[0.3441224694252014, 0.0763000026345253, 0.0, 0.6907535195350647]","[0.0, 0.0, -3.1957933970261365e-06, 0.00011933333735214546, -0.043483711779117584, 1.0, 0.016333334147930145, -3.1957933970261365e-06, 0.0, 0.0, 1.0172526572205243e-06, -0.016214000061154366, 0.0, 0.0]","[1.0, 0.0, 0.0, 1.0833473205566406, 2.0, 0.44577959179878235, 0.22461152076721191, 0.0260162353515625]",0.9770132939141812
0.3,104.59001922607422,191.77003479003906,0.20643000304698944,0.0,0.5,"[0.3260468542575836, 0.033399999141693115, 8.791208188085875e-07, 0.791659951210022]","[0.0, 0.0, -3.1957933970261365e-06, 0.00011933333735214546, -0.043483711779117584, 1.0, 0.016333334147930145, -3.1957933970261365e-06, 0.0, 0.0, 1.0172526572205243e-06, -0.016214000061154366, 0.0, 0.0]","[1.0, 0.0, 0.0, 1.0833473205566406, 2.0, 0.44577959179878235, 0.22461152076721191, 0.0260162353515625]",0.8853250876504868
0.35,104.59001922607422,191.77003479003906,0.05063999816775322,0.0,0.5,"[0.3158232271671295, 0.008299999870359898, 4.3956040940429375e-07, 0.8699873685836792]","[0.0, 0.0, -3.1957933970261365e-06, 0.00011933333735214546, -0.043483711779117584, 1.0, 0.016333334147930145, -3.1957933970261365e-06, 0.0, 0.0, 1.0172526572205243e-06, -0.016214000061154366, 0.0, 0.0]","[1.0, 0.0, 0.0, 1.0833473205566406, 2.0, 0.44577959179878235, 0.22461152076721191, 0.0260162353515625]",0.7783495788683066
0.39999999999999997,104.59001922607422,191.77003479003906,0.0318400003015995,0.0,0.5,"[0.3145894706249237, 0.005200000014156103, 4.3956040940429375e-07, 0.9307903051376343]","[0.0, 0.0, -3.1957933970261365e-06, 0.00011933333735214546, -0.043483711779117584, 1.0, 0.016333334147930145, -3.1957933970261365e-06, 0.0, 0.0, 1.0172526572205243e-06, -0.016214000061154366, 0.0, 0.0]","[1.0, 0.0, 0.0, 1.0833473205566406, 2.0, 0.44577959179878235, 0.22461152076721191, 0.0260162353515625]",0.4632038845738158
0.44999999999999996,104.59001922607422,191.77003479003906,0.07050999999046326,0.0,0.5,"[0.31712719798088074, 0.011699999682605267, 4.3956040940429375e-07, 0.9548987746238708]","[0.0, 0.0, -3.1957933970261365e-06, 0.00011933333735214546, -0.043483711779117584, 1.0, 0.016333334147930145, -3.1957933970261365e-06, 0.0, 0.0, 1.0172526572205243e-06, -0.016214000061154366, 0.0, 0.0]","[1.0, 0.0, 0.0, 1.0833473205566406, 2.0, 0.44577959179878235, 0.22461152076721191, 0.0260162353515625]",0.26271274501206987
0.49999999999999994,104.59001922607422,191.77003479003906,0.0839100033044815,0.0,0.5,"[0.3180065453052521, 0.013899999670684338, 0.0, 0.975192129611969]","[0.0, 0.0, -3.1957933970261365e-06, 0.00011933333735214546, -0.043483711779117584, 1.0, 0.016333334147930145, -3.1957933970261365e-06, 0.0, 0.0, 1.0172526572205243e-06, -0.016214000061154366, 0.0, 0.0]","[1.0, 0.0, 0.0, 1.0833473205566406, 2.0, 0.44577959179878235, 0.22461152076721191, 0.0260162353515625]",0.048783781738411136
0.5499999999999999,104.59001922607422,191.77003479003906,0.08347000181674957,0.0,0.5,"[0.3179776668548584, 0.013899999670684338, 4.3956040940429375e-07, 0.9873731136322021]","[0.0, 0.0, -3.1957933970261365e-06, 0.00011933333735214546, -0.043483711779117584, 1.0, 0.016333334147930145, -3.1957933970261365e-06, 0.0, 0.0, 1.0172526572205243e-06, -0.016214000061154366, 0.0, 0.0]","[1.0, 0.0, 0.0, 1.0833473205566406, 2.0, 0.44577959179878235, 0.22461152076721191, 0.0260162353515625]",-0.182110004360593
0.6,104.59001922607422,191.77003479003906,0.07614000141620636,0.0,0.5,"[0.317496657371521, 0.012600000016391277, 0.0, 0.9927284121513367]","[0.0, 0.0, -3.1957933970261365e-06, 0.00011933333735214546, -0.043483711779117584, 1.0, 0.016333334147930145, -3.1957933970261365e-06, 0.0, 0.0, 1.0172526572205243e-06, -0.016214000061154366, 0.0, 0.0]","[1.0, 0.0, 0.0, 1.0833473205566406, 2.0, 0.44577959179878235, 0.22461152076721191, 0.0260162353515625]",-0.42643889070080143
0.65,104.59001922607422,191.77003479003906,0.06597000360488892,0.0,0.5,"[0.31682923436164856, 0.010999999940395355, 4.3956040940429375e-07, 0.9960333108901978]","[0.0, 0.0, -3.1957933970261365e-06, 0.00011933333735214546, -0.043483711779117584, 1.0, 0.016333334147930145, -3.1957933970261365e-06, 0.0, 0.0, 1.0172526572205243e-06, -0.016214000061154366, 0.0, 0.0]","[1.0, 0.0, 0.0, 1.0833473205566406, 2.0, 0.44577959179878235, 0.22461152076721191, 0.0260162353515625]",-0.95600140653054
0.7000000000000001,104.59001922607422,191.77003479003906,0.05525000020861626,0.0,0.5,"[0.316125750541687, 0.009200000204145908, 4.3956040940429375e-07, 0.9980322122573853]","[0.0, 0.0, -3.1957933970261365e-06, 0.00011933333735214546, -0.043483711779117584, 1.0, 0.016333334147930145, -3.1957933970261365e-06, 0.0, 0.0, 1.0172526572205243e-06, -0.016214000061154366, 0.0, 0.0]","[1.0, 0.0, 0.0, 1.0833473205566406, 2.0, 0.44577959179878235, 0.22461152076721191, 0.0260162353515625]",-1.2493762136844708
0.7500000000000001,104.59001922607422,191.77003479003906,0.045159999281167984,0.0,0.5,"[0.3154635727405548, 0.007499999832361937, 0.0, 0.998045802116394]","[0.0, 0.0, -3.1957933970261365e-06, 0.00011933333735214546, -0.043483711779117584, 1.0, 0.016333334147930145, -3.1957933970261365e-06, 0.0, 0.0, 1.0172526572205243e-06, -0.016214000061154366, 0.0, 0.0]","[1.0, 0.0, 0.0, 1.0833473205566406, 2.0, 0.44577959179878235, 0.22461152076721191, 0.0260162353515625]",-1.5594630103036118
0.8000000000000002,104.59001922607422,191.77003479003906,0.036249998956918716,0.0,0.5,"[0.314878910779953, 0.006000000052154064, 0.0, 0.9977152347564697]","[0.0, 0.0, -3.1957933970261365e-06, 0.00011933333735214546, -0.043483711779117584, 1.0, 0.016333334147930145, -3.1957933970261365e-06, 0.0, 0.0, 1.0172526572205243e-06, -0.016214000061154366, 0.0, 0.0]","[1.0, 0.0, 0.0, 1.0833473205566406, 2.0, 0.44577959179878235, 0.22461152076721191, 0.0260162353515625]",-2.178219455454239
0.8500000000000002,104.59001922607422,191.77003479003906,0.028689999133348465,0.0,0.5,"[0.31438276171684265, 0.004800000227987766, 0.0, 0.997738242149353]","[0.0, 0.0, -3.1957933970261365e-06, 0.00011933333735214546, -0.043483711779117584, 1.0, 0.016333334147930145, -3.1957933970261365e-06, 0.0, 0.0, 1.0172526572205243e-06, -0.016214000061154366, 0.0, 0.0]","[1.0, 0.0, 0.0, 1.0833473205566406, 2.0, 0.44577959179878235, 0.22461152076721191, 0.0260162353515625]",-2.4924807236821382
0.9000000000000002,104.59001922607422,191.77003479003906,0.022450000047683716,0.0,0.5,"[0.3139732778072357, 0.003700000001117587, 0.0, 0.9979502558708191]","[0.0, 0.0, -3.1957933970261365e-06, 0.00011933333735214546, -0.043483711779117584, 1.0, 0.016333334147930145, -3.1957933970261365e-06, 0.0, 0.0, 1.0172526572205243e-06, -0.016214000061154366, 0.0, 0.0]","[1.0, 0.0, 0.0, 1.0833473205566406, 2.0, 0.44577959179878235, 0.22461152076721191, 0.0260162353515625]",-2.815136776904006
0.9500000000000003,104.59001922607422,191.77003479003906,0.017410000786185265,-0.002532958984375,0.20000000298023224,"[0.5636425018310547, 0.004600000102072954, 4.3956040940429375e-07, 0.9753800630569458]","[0.0, 0.0, -3.1957933970261365e-06, 0.00011933333735214546, -0.043483711779117584, 1.0, 0.016333334147930145, -3.1957933970261365e-06, 0.0, 0.0, 1.0172526572205243e-06, -0.016214000061154366, 0.0, 0.0]","[1.0, 0.0, 0.0, 1.0833473205566406, 2.0, 0.44577959179878235, 0.22461152076721191, 0.0260162353515625]",-3.1510505553065284
1.0000000000000002,104.59388732910156,191.77003479003906,0.0720599964261055,-0.002532958984375,0.20000000298023224,"[0.5672289133071899, 0.01899999938905239, 0.06226900964975357, 0.908862829208374]","[0.0, 0.0, -3.1957933970261365e-06, 0.00011933333735214546, -0.043483711779117584, 1.0, 0.016333334147930145, -3.1957933970261365e-06, 0.0, 0.0, 1.0172526572205243e-06, -0.016214000061154366, 0.0, 0.0]","[1.0, 0.0, 0.0, 1.0833473205566406, 2.0, 0.44577959179878235, 0.22461152076721191, 0.0260162353515625]",-3.510336698380798
1.0500000000000003,104.59777069091797,191.77003479003906,0.08116000145673752,-0.002532958984375,0.20000000298023224,"[0.5678260922431946, 0.02160000056028366, 0.008728351444005966, 0.926538348197937]","[0.0, 0.0, -3.1957933970261365e-06, 0.00011933333735214546, -0.043483711779117584, 1.0, 0.016333334147930145, -3.1957933970261365e-06, 0.0, 0.0, 1.0172526572205243e-06, -0.016214000061154366, 0.0, 0.0]","[1.0, 0.0, 0.0, 1.0833473205566406, 2.0, 0.44577959179878235, 0.22461152076721191, 0.0260162353515625]",-4.281481777847302
1.1000000000000003,104.60153198242188,191.77003479003906,0.07201000303030014,-0.002532958984375,0.20000000298023224,"[0.5672256350517273, 0.019099999219179153, 0.004725714214146137, 0.9766933917999268]","[0.0, 0.0, -3.1957933970261365e-06, 0.00011933333735214546, -0.043483711779117584, 1.0, 0.016333334147930145, -3.1957933970261365e-06, 0.0, 0.0, 1.0172526572205243e-06, -0.016214000061154366, 0.0, 0.0]","[1.0, 0.0, 0.0, 1.0833473205566406, 2.0, 0.44577959179878235, 0.22461152076721191, 0.0260162353515625]",-4.683756603005472
1.1500000000000004,104.60540008544922,191.77003479003906,0.08189000189304352,-0.002532958984375,0.20000000298023224,"[0.567874014377594, 0.021700000390410423, 0.005705054849386215, 0.976158082485199]","[0.0, 0.0, -3.1957933970261365e-06, 0.00011933333735214546, -0.043483711779117584, 1.0, 0.016333334147930145, -3.1957933970261365e-06, 0.0, 0.0, 1.0172526572205243e-06, -0.016214000061154366, 0.0, 0.0]","[1.0, 0.0, 0.0, 1.0833473205566406, 2.0, 0.44577959179878235, 0.22461152076721191, 0.0260162353515625]",-5.105224830398658
1.2000000000000004,104.60917663574219,191.77003479003906,0.07281000167131424,-0.002532958984375,0.25396728515625,"[0.5672781467437744, 0.017999999225139618, 0.004715692717581987, 0.9761867523193359]","[0.0, 0.0, -3.1957933970261365e-06, 0.00011933333735214546, -0.043483711779117584, 1.0, 0.016333334147930145, -3.1957933970261365e-06, 0.0, 0.0, 1.0172526572205243e-06, -0.016214000061154366, 0.0, 0.0]","[1.0, 0.0, 0.0, 1.0833473205566406, 2.0, 0.44577959179878235, 0.22461152076721191, 0.0260162353515625]",-5.5459825155582845
1.2500000000000004,104.61310577392578,191.77003479003906,0.0830100029706955,-0.002532958984375,0.3174591064453125,"[0.567947506904602, 0.020600000396370888, 0.005821538623422384, 0.9758176803588867]","[0.0, 0.0, -3.1957933970261365e-06, 0.00011933333735214546, -0.043483711779117584, 1.0, 0.016333334147930145, -3.1957933970261365e-06, 0.0, 0.0, 1.0172526572205243e-06, -0.016214000061154366, 0.0, 0.0]","[1.0, 0.0, 0.0, 1.0833473205566406, 2.0, 0.44577959179878235, 0.22461152076721191, 0.0260162353515625]",-6.493064285369324
1.3000000000000005,104.61698150634766,191.77003479003906,0.0759200006723404,-0.002532958984375,0.376983642578125,"[0.5674822330474854, 0.015699999406933784, 0.0034016703721135855, 0.9784421920776367]","[0.0, 0.0, -3.1957933970261365e-06, 0.00011933333735214546, -0.043483711779117584, 1.0, 0.016333334147930145, -3.1957933970261365e-06, 0.0, 0.0, 1.0172526572205243e-06, -0.016214000061154366, 0.0, 0.0]","[1.0, 0.0, 0.0, 1.0833473205566406, 2.0, 0.44577959179878235, 0.22461152076721191, 0.0260162353515625]",-7.007674985528446
1.3500000000000005,104.62196350097656,191.77003479003906,0.15243999660015106,-0.002532958984375,0.412689208984375,"[0.5725038051605225, 0.029500000178813934, 0.052953582257032394, 0.890477180480957]","[0.0, 0.0, -3.1957933970261365e-06, 0.00011933333735214546, -0.043483711779117584, 1.0, 0.016333334147930145, -3.1957933970261365e-06, 0.0, 0.0, 1.0172526572205243e-06, -0.016214000061154366, 0.0, 0.0]","[1.0, 0.0, 0.0, 1.0833473205566406, 2.0, 0.44577959179878235, 0.22461152076721191, 0.0260162353515625]",-7.519219853824694
1.4000000000000006,104.635009765625,191.77003479003906,0.35172000527381897,-0.002532958984375,0.432525634765625,"[0.5855814218521118, 0.06729999929666519, 0.17602284252643585, 0.8276327252388]","[0.0, 0.0, -3.1957933970261365e-06, 0.00011933333735214546, -0.043483711779117584, 1.0, 0.016333334147930145, -3.1957933970261365e-06, 0.0, 0.0, 1.0172526572205243e-06, -0.016214000061154366, 0.0, 0.0]","[1.0, 0.0, 0.0, 1.0833473205566406, 2.0, 0.44577959179878235, 0.22461152076721191, 0.0260162353515625]",-8.01693379880505
1.4500000000000006,104.65328979492188,191.76998901367188,0.3740200102329254,-0.002532958984375,0.444427490234375,"[0.5870448350906372, 0.06889999657869339, 0.020734505727887154, 0.7869741320610046]","[0.0, 0.0, -3.1957933970261365e-06, 0.00011933333735214546, -0.043483711779117584, 1.0, 0.016333334147930145, -3.1957933970261365e-06, 0.0, 0.0, 1.0172526572205243e-06, -0.016214000061154366, 0.0, 0.0]","[1.0, 0.0, 0.0, 1.0833473205566406, 2.0, 0.44577959179878235, 0.22461152076721191, 0.0260162353515625]",-9.024022832300714
1.5000000000000007,104.67369079589844,191.76995849609375,0.41242000460624695,-0.002532958984375,0.456329345703125,"[0.5895648002624512, 0.07419999688863754, 0.03436264023184776, 0.9750787615776062]","[0.0, 0.0, -3.1957933970261365e-06, 0.00011933333735214546, -0.043483711779117584, 1.0, 0.016333334147930145, -3.1957933970261365e-06, 0.0, 0.0, 1.0172526572205243e-06, -0.016214000061154366, 0.0, 0.0]","[1.0, 0.0, 0.0, 1.0833473205566406, 2.0, 0.44577959179878235, 0.22461152076721191, 0.0260162353515625]",-9.540625891784428
1.5500000000000007,104.69454193115234,191.7699737548828,0.43876999616622925,-0.002532958984375,0.4642791748046875,"[0.5912940502166748, 0.0778999999165535, 0.02483384683728218, 0.9800981283187866]","[0.0, 0.0, -3.1957933970261365e-06, 0.00011933333735214546, -0.043483711779117584, 1.0, 0.016333334147930145, -3.1957933970261365e-06, 0.0, 0.0, 1.0172526572205243e-06, -0.016214000061154366, 0.0, 0.0]","[1.0, 0.0, 0.0, 1.0833473205566406, 2.0, 0.44577959179878235, 0.22461152076721191, 0.0260162353515625]",-10.129471255620368
1.6000000000000008,104.72196197509766,191.7698211669922,0.5948299765586853,-0.002532958984375,0.4682464599609375,"[0.601535439491272, 0.10350000113248825, 0.13929273188114166, 0.8229247331619263]","[0.0, 0.0, -3.1957933970261365e-06, 0.00011933333735214546, -0.043483711779117584, 1.0, 0.016333334147930145, -3.1957933970261365e-06, 0.0, 0.0, 1.0172526572205243e-06, -0.016214000061154366, 0.0, 0.0]","[1.0, 0.0, 0.0, 1.0833473205566406, 2.0, 0.44577959179878235, 0.22461152076721191, 0.0260162353515625]",-10.9488415594733
1.6500000000000008,104.75332641601562,191.769775390625,0.6712599992752075,-0.002532958984375,0.4801483154296875,"[0.6065510511398315, 0.11509999632835388, 0.06907472759485245, 0.8954114317893982]","[0.0, 0.0, -3.1957933970261365e-06, 0.00011933333735214546, -0.043483711779117584, 1.0, 0.016333334147930145, -3.1957933970261365e-06, 0.0, 0.0, 1.0172526572205243e-06, -0.016214000061154366, 0.0, 0.0]","[1.0, 0.0, 0.0, 1.0833473205566406, 2.0, 0.44577959179878235, 0.22461152076721191, 0.0260162353515625]",-11.357144976897695
1.7000000000000008,104.78694152832031,191.7698211669922,0.7060199975967407,-0.002532958984375,0.4960174560546875,"[0.6088321805000305, 0.11779999732971191, 0.03375779837369919, 0.9420834183692932]","[0.0, 0.0, -3.1957933970261365e-06, 0.00011933333735214546, -0.043483711779117584, 1.0, 0.016333334147930145, -3.1957933970261365e-06, 0.0, 0.0, 1.0172526572205243e-06, -0.016214000061154366, 0.0, 0.0]","[1.0, 0.0, 0.0, 1.0833473205566406, 2.0, 0.44577959179878235, 0.22461152076721191, 0.0260162353515625]",-11.802223781965413
1.7500000000000009,104.82315826416016,191.7696990966797,0.7320700287818909,-0.002532958984375,0.50390625,"[0.6105417013168335, 0.12039999663829803, 0.026243075728416443, 0.979962944984436]","[0.0, 0.0, -3.1957933970261365e-06, 0.00011933333735214546, -0.043483711779117584, 1.0, 0.016333334147930145, -3.1957933970261365e-06, 0.0, 0.0, 1.0172526572205243e-06, -0.016214000061154366, 0.0, 0.0]","[1.0, 0.0, 0.0, 1.0833473205566406, 2.0, 0.44577959179878235, 0.22461152076721191, 0.0260162353515625]",-12.27738306875552
1.800000000000001,104.860107421875,191.7696990966797,0.7480700016021729,-0.002532958984375,0.5078125,"[0.6115916967391968, 0.12219999730587006, 0.018337581306695938, 0.9795186519622803]","[0.0, 0.0, -3.1957933970261365e-06, 0.00011933333735214546, -0.043483711779117584, 1.0, 0.016333334147930145, -3.1957933970261365e-06, 0.0, 0.0, 1.0172526572205243e-06, -0.016214000061154366, 0.0, 0.0]","[1.0, 0.0, 0.0, 1.0833473205566406, 2.0, 0.44577959179878235, 0.22461152076721191, 0.0260162353515625]",-13.26437531841531
1.850000000000001,104.89852142333984,191.76959228515625,0.7932800054550171,-0.002532958984375,0.515625,"[0.6145585775375366, 0.12710000574588776, 0.043854065239429474, 0.9534465074539185]","[0.0, 0.0, -3.1957933970261365e-06, 0.00011933333735214546, -0.043483711779117584, 1.0, 0.016333334147930145, -3.1957933970261365e-06, 0.0, 0.0, 1.0172526572205243e-06, -0.016214000061154366, 0.0, 0.0]","[1.0, 0.0, 0.0, 1.0833473205566406, 2.0, 0.44577959179878235, 0.22461152076721191, 0.0260162353515625]",-13.740210392684023
1.900000000000001,104.93968200683594,191.76956176757812,0.8457800149917603,-0.002532958984375,0.5234375,"[0.6180038452148438, 0.133200004696846, 0.0488567017018795, 0.9788864254951477]","[0.0, 0.0, -3.1957933970261365e-06, 0.00011933333735214546, -0.043483711779117584, 1.0, 0.016333334147930145, -3.1957933970261365e-06, 0.0, 0.0, 1.0172526572205243e-06, -0.016214000061154366, 0.0, 0.0]","[1.0, 0.0, 0.0, 1.0833473205566406, 2.0, 0.44577959179878235, 0.22461152076721191, 0.0260162353515625]",-14.224124422877134
1.950000000000001,104.98452758789062,191.7694549560547,0.9341400265693665,-0.002532958984375,0.53515625,"[0.6238024234771729, 0.14659999310970306, 0.07984263449907303, 0.9410578608512878]","[0.0, 0.0, -3.1957933970261365e-06, 0.00011933333735214546, -0.043483711779117584, 1.0, 0.016333334147930145, -3.1957933970261365e-06, 0.0, 0.0, 1.0172526572205243e-06, -0.016214000061154366, 0.0, 0.0]","[1.0, 0.0, 0.0, 1.0833473205566406, 2.0, 0.44577959179878235, 0.22461152076721191, 0.0260162353515625]",-14.708710181334748
2.000000000000001,105.03360748291016,191.76939392089844,1.0060900449752808,-0.002532958984375,0.546875,"[0.6285241842269897, 0.15039999783039093, 0.06586768478155136, 0.9661816358566284]","[0.0, 0.0, -3.1957933970261365e-06, 0.00011933333735214546, -0.043483711779117584, 1.0, 0.016333334147930145, -3.1957933970261365e-06, 0.0, 0.0, 1.0172526572205243e-06, -0.016214000061154366, 0.0, 0.0]","[1.0, 0.0, 0.0, 1.0833473205566406, 2.0, 0.44577959179878235, 0.22461152076721191, 0.0260162353515625]",-15.708593066586904
2.0500000000000007,105.08563232421875,191.76925659179688,1.0613199472427368,-0.002532958984375,0.5546875,"[0.6321485042572021, 0.15889999270439148, 0.050978899002075195, 0.9678839445114136]","[0.0, 0.0, -3.1957933970261365e-06, 0.00011933333735214546, -0.043483711779117584, 1.0, 0.016333334147930145, -3.1957933970261365e-06, 0.0, 0.0, 1.0172526572205243e-06, -0.016214000061154366, 0.0, 0.0]","[1.0, 0.0, 0.0, 1.0833473205566406, 2.0, 0.44577959179878235, 0.22461152076721191, 0.0260162353515625]",-16.18113892675735
2.1000000000000005,105.14054107666016,191.76913452148438,1.123729944229126,-0.002532958984375,0.55859375,"[0.6362441778182983, 0.16380000114440918, 0.05816878750920296, 0.9781220555305481]","[0.0, 0.0, -3.1957933970261365e-06, 0.00011933333735214546, -0.043483711779117584, 1.0, 0.016333334147930145, -3.1957933970261365e-06, 0.0, 0.0, 1.0172526572205243e-06, -0.016214000061154366, 0.0, 0.0]","[1.0, 0.0, 0.0, 1.0833473205566406, 2.0, 0.44577959179878235, 0.22461152076721191, 0.0260162353515625]",-16.6514869015952
2.1500000000000004,105.19911193847656,191.76898193359375,1.2050399780273438,-0.002532958984375,0.56640625,"[0.6415801048278809, 0.17219999432563782, 0.07462900131940842, 0.9616846442222595]","[0.0, 0.0, -3.1957933970261365e-06, 0.00011933333735214546, -0.043483711779117584, 1.0, 0.016333334147930145, -3.1957933970261365e-06, 0.0, 0.0, 1.0172526572205243e-06, -0.016214000061154366, 0.0, 0.0]","[1.0, 0.0, 0.0, 1.0833473205566406, 2.0, 0.44577959179878235, 0.22461152076721191, 0.0260162353515625]",-17.16033735016405
2.2,105.26190185546875,191.76882934570312,1.287750005722046,-0.002532958984375,0.58203125,"[0.647007942199707, 0.17739999294281006, 0.07662329822778702, 0.9807443022727966]","[0.0, 0.0, -3.1957933970261365e-06, 0.00011933333735214546, -0.043483711779117584, 1.0, 0.016333334147930145, -3.1957933970261365e-06, 0.0, 0.0, 1.0172526572205243e-06, -0.016214000061154366, 0.0, 0.0]","[1.0, 0.0, 0.0, 1.0833473205566406, 2.0, 0.44577959179878235, 0.22461152076721191, 0.0260162353515625]",-18.39276099534208
2.25,105.32889556884766,191.7686309814453,1.3715800046920776,-0.002532958984375,0.609375,"[0.6525092124938965, 0.17649999260902405, 0.07637274265289307, 0.9812610149383545]","[0.0, 0.0, -3.1957933970261365e-06, 0.00011933333735214546, -0.043483711779117584, 1.0, 0.016333334147930145, -3.1957933970261365e-06, 0.0, 0.0, 1.0172526572205243e-06, -0.016214000061154366, 0.0, 0.0]","[1.0, 0.0, 0.0, 1.0833473205566406, 2.0, 0.44577959179878235, 0.22461152076721191, 0.0260162353515625]",-18.94998772700289
2.3,105.39988708496094,191.7684783935547,1.449530005455017,-0.002532958984375,0.64453125,"[0.6576246619224548, 0.16990000009536743, 0.0714285746216774, 0.9780675172805786]","[0.0, 0.0, -3.1957933970261365e-06, 0.00011933333735214546, -0.043483711779117584, 1.0, 0.016333334147930145, -3.1957933970261365e-06, 0.0, 0.0, 1.0172526572205243e-06, -0.016214000061154366, 0.0, 0.0]","[1.0, 0.0, 0.0, 1.0833473205566406, 2.0, 0.44577959179878235, 0.22461152076721191, 0.0260162353515625]",-19.274015934063144
2.3499999999999996,105.47464752197266,191.7682647705078,1.5232900381088257,-0.002532958984375,0.66015625,"[0.6624650955200195, 0.17080000042915344, 0.06683428585529327, 0.9806471467018127]","[0.0, 0.0, -3.1957933970261365e-06, 0.00011933333735214546, -0.043483711779117584, 1.0, 0.016333334147930145, -3.1957933970261365e-06, 0.0, 0.0, 1.0172526572205243e-06, -0.016214000061154366, 0.0, 0.0]","[1.0, 0.0, 0.0, 1.0833473205566406, 2.0, 0.44577959179878235, 0.22461152076721191, 0.0260162353515625]",-19.42547706081772
2.3999999999999995,105.55331420898438,191.76808166503906,1.6075299978256226,-0.002532958984375,0.67578125,"[0.6679933071136475, 0.17170000076293945, 0.0764993354678154, 0.9717118144035339]","[0.0, 0.0, -3.1957933970261365e-06, 0.00011933333735214546, -0.043483711779117584, 1.0, 0.016333334147930145, -3.1957933970261365e-06, 0.0, 0.0, 1.0172526572205243e-06, -0.016214000061154366, 0.0, 0.0]","[1.0, 0.0, 0.0, 1.0833473205566406, 2.0, 0.44577959179878235, 0.22461152076721191, 0.0260162353515625]",-19.843319632843258
2.4499999999999993,105.63666534423828,191.7677764892578,1.7070499658584595,-0.002532958984375,0.69140625,"[0.6745242476463318, 0.17329999804496765, 0.08966109901666641, 0.9640265703201294]","[0.0, 0.0, -3.1957933970261365e-06, 0.00011933333735214546, -0.043483711779117584, 1.0, 0.016333334147930145, -3.1957933970261365e-06, 0.0, 0.0, 1.0172526572205243e-06, -0.016214000061154366, 0.0, 0.0]","[1.0, 0.0, 0.0, 1.0833473205566406, 2.0, 0.44577959179878235, 0.22461152076721191, 0.0260162353515625]",-20.0359136693784
2.499999999999999,105.72549438476562,191.7675323486328,1.8216999769210815,-0.002532958984375,0.6953125,"[0.6820480823516846, 0.18230000138282776, 0.10330900549888611, 0.9622172117233276]","[0.0, 0.0, -3.1957933970261365e-06, 0.00011933333735214546, -0.043483711779117584, 1.0, 0.016333334147930145, -3.1957933970261365e-06, 0.0, 0.0, 1.0172526572205243e-06, -0.016214000061154366, 0.0, 0.0]","[1.0, 0.0, 0.0, 1.0833473205566406, 2.0, 0.44577959179878235, 0.22461152076721191, 0.0260162353515625]",-20.23104692374282
2.549999999999999,105.82049560546875,191.76722717285156,1.949079990386963,-0.002532958984375,0.6953125,"[0.6904073357582092, 0.19480000436306, 0.11408219486474991, 0.9634175300598145]","[0.0, 0.0, -3.1957933970261365e-06, 0.00011933333735214546, -0.043483711779117584, 1.0, 0.016333334147930145, -3.1957933970261365e-06, 0.0, 0.0, 1.0172526572205243e-06, -0.016214000061154366, 0.0, 0.0]","[1.0, 0.0, 0.0, 1.0833473205566406, 2.0, 0.44577959179878235, 0.22461152076721191, 0.0260162353515625]",-20.41640014673964
2.5999999999999988,105.92219543457031,191.7669219970703,2.0870299339294434,-0.002532958984375,0.6953125,"[0.6994602680206299, 0.20839999616146088, 0.12379779666662216, 0.9646078944206238]","[0.0, 0.0, -3.1957933970261365e-06, 0.00011933333735214546, -0.043483711779117584, 1.0, 0.016333334147930145, -3.1957933970261365e-06, 0.0, 0.0, 1.0172526572205243e-06, -0.016214000061154366, 0.0, 0.0]","[1.0, 0.0, 0.0, 1.0833473205566406, 2.0, 0.44577959179878235, 0.22461152076721191, 0.0260162353515625]",-20.812283713164184
2.6499999999999986,106.03108978271484,191.7665252685547,2.233910083770752,-0.002532958984375,0.6953125,"[0.7090991735458374, 0.22290000319480896, 0.1311512142419815, 0.9654788970947266]","[0.0, 0.0, -3.1957933970261365e-06, 0.00011933333735214546, -0.043483711779117584, 1.0, 0.016333334147930145, -3.1957933970261365e-06, 0.0, 0.0, 1.0172526572205243e-06, -0.016214000061154366, 0.0, 0.0]","[1.0, 0.0, 0.0, 1.0833473205566406, 2.0, 0.44577959179878235, 0.22461152076721191, 0.0260162353515625]",-20.910334804836733
2.6999999999999984,106.14759826660156,191.7661895751953,2.3886098861694336,-0.002532958984375,0.6953125,"[0.719251275062561, 0.23810000717639923, 0.13849318027496338, 0.9658240079879761]","[0.0, 0.0, -3.1957933970261365e-06, 0.00011933333735214546, -0.043483711779117584, 1.0, 0.016333334147930145, -3.1957933970261365e-06, 0.0, 0.0, 1.0172526572205243e-06, -0.016214000061154366, 0.0, 0.0]","[1.0, 0.0, 0.0, 1.0833473205566406, 2.0, 0.44577959179878235, 0.22461152076721191, 0.0260162353515625]",-20.98625424393117
2.7499999999999982,106.27201843261719,191.7657012939453,2.550299882888794,-0.002532958984375,0.6953125,"[0.7298620939254761, 0.2540000081062317, 0.14405670762062073, 0.9660435914993286]","[0.0, 0.0, -3.1957933970261365e-06, 0.00011933333735214546, -0.043483711779117584, 1.0, 0.016333334147930145, -3.1957933970261365e-06, 0.0, 0.0, 1.0172526572205243e-06, -0.016214000061154366, 0.0, 0.0]","[1.0, 0.0, 0.0, 1.0833473205566406, 2.0, 0.44577959179878235, 0.22461152076721191, 0.0260162353515625]",-21.05502077196532
2.799999999999998,106.40473175048828,191.76524353027344,2.7184700965881348,-0.002532958984375,0.6953125,"[0.7408981323242188, 0.27059999108314514, 0.15028439462184906, 0.9658875465393066]","[0.0, 0.0, -3.1957933970261365e-06, 0.00011933333735214546, -0.043483711779117584, 1.0, 0.016333334147930145, -3.1957933970261365e-06, 0.0, 0.0, 1.0172526572205243e-06, -0.016214000061154366, 0.0, 0.0]","[1.0, 0.0, 0.0, 1.0833473205566406, 2.0, 0.44577959179878235, 0.22461152076721191, 0.0260162353515625]",-21.32757250965283
2.849999999999998,106.54603576660156,191.76466369628906,2.8928399085998535,-0.002532958984375,0.6953125,"[0.752341091632843, 0.28780001401901245, 0.15504701435565948, 0.9656438231468201]","[0.0, 0.0, -3.1957933970261365e-06, 0.00011933333735214546, -0.043483711779117584, 1.0, 0.016333334147930145, -3.1957933970261365e-06, 0.0, 0.0, 1.0172526572205243e-06, -0.016214000061154366, 0.0, 0.0]","[1.0, 0.0, 0.0, 1.0833473205566406, 2.0, 0.44577959179878235, 0.22461152076721191, 0.0260162353515625]",-21.4019203234257
2.8999999999999977,106.69620513916016,191.76412963867188,3.072770118713379,-0.002532958984375,0.6953125,"[0.7641489505767822, 0.30550000071525574, 0.1605173647403717, 0.9658263921737671]","[0.0, 0.0, -3.1957933970261365e-06, 0.00011933333735214546, -0.043483711779117584, 1.0, 0.016333334147930145, -3.1957933970261365e-06, 0.0, 0.0, 1.0172526572205243e-06, -0.016214000061154366, 0.0, 0.0]","[1.0, 0.0, 0.0, 1.0833473205566406, 2.0, 0.44577959179878235, 0.22461152076721191, 0.0260162353515625]",-21.472219477600884
2.9499999999999975,106.85550689697266,191.76345825195312,3.256779909133911,-0.002532958984375,0.6953125,"[0.7762244939804077, 0.3237000107765198, 0.16328833997249603, 0.9673644304275513]","[0.0, 0.0, -3.1957933970261365e-06, 0.00011933333735214546, -0.043483711779117584, 1.0, 0.016333334147930145, -3.1957933970261365e-06, 0.0, 0.0, 1.0172526572205243e-06, -0.016214000061154366, 0.0, 0.0]","[1.0, 0.0, 0.0, 1.0833473205566406, 2.0, 0.44577959179878235, 0.22461152076721191, 0.0260162353515625]",-21.53421125990065
2.9999999999999973,107.02410125732422,191.7627716064453,3.444240093231201,-0.002532958984375,0.671875,"[0.7885264754295349, 0.34220001101493835, 0.16693976521492004, 0.9679296016693115]","[0.0, 0.0, -3.1957933970261365e-06, 0.00011933333735214546, -0.043483711779117584, 1.0, 0.016333334147930145, -3.1957933970261365e-06, 0.0, 0.0, 1.0172526572205243e-06, -0.016214000061154366, 0.0, 0.0]","[1.0, 0.0, 0.0, 1.0833473205566406, 2.0, 0.44577959179878235, 0.22461152076721191, 0.0260162353515625]",-21.795507489073774
3.049999999999997,107.20209503173828,191.76199340820312,3.631850004196167,-0.002532958984375,0.6640625,"[0.8008382320404053, 0.3977999985218048, 0.16605713963508606, 0.972239077091217]","[0.0, 0.0, -3.1957933970261365e-06, 0.00011933333735214546, -0.043483711779117584, 1.0, 0.016333334147930145, -3.1957933970261365e-06, 0.0, 0.0, 1.0172526572205243e-06, -0.016214000061154366, 0.0, 0.0]","[1.0, 0.0, 0.0, 1.0833473205566406, 2.0, 0.44577959179878235, 0.22461152076721191, 0.0260162353515625]",-21.824275202063827
3.099999999999997,107.38920593261719,191.7611541748047,3.8114700317382812,-0.002532958984375,0.6640625,"[0.8126257658004761, 0.41780000925064087, 0.15973713994026184, 0.9645991921424866]","[0.0, 0.0, -3.1957933970261365e-06, 0.00011933333735214546, -0.043483711779117584, 1.0, 0.016333334147930145, -3.1957933970261365e-06, 0.0, 0.0, 1.0172526572205243e-06, -0.016214000061154366, 0.0, 0.0]","[1.0, 0.0, 0.0, 1.0833473205566406, 2.0, 0.44577959179878235, 0.22461152076721191, 0.0260162353515625]",-21.836992811047246
3.149999999999997,107.58501434326172,191.76022338867188,3.983289957046509,-0.002532958984375,0.6640625,"[0.8239012956619263, 0.43700000643730164, 0.15202945470809937, 0.9663482904434204]","[0.0, 0.0, -3.1957933970261365e-06, 0.00011933333735214546, -0.043483711779117584, 1.0, 0.016333334147930145, -3.1957933970261365e-06, 0.0, 0.0, 1.0172526572205243e-06, -0.016214000061154366, 0.0, 0.0]","[1.0, 0.0, 0.0, 1.0833473205566406, 2.0, 0.44577959179878235, 0.22461152076721191, 0.0260162353515625]",-21.839968820296058
3.1999999999999966,107.78915405273438,191.7592315673828,4.147729873657227,-0.002532958984375,0.6640625,"[0.8346925973892212, 0.4553999900817871, 0.14618593454360962, 0.968195915222168]","[0.0, 0.0, -3.1957933970261365e-06, 0.00011933333735214546, -0.043483711779117584, 1.0, 0.016333334147930145, -3.1957933970261365e-06, 0.0, 0.0, 1.0172526572205243e-06, -0.016214000061154366, 0.0, 0.0]","[1.0, 0.0, 0.0, 1.0833473205566406, 2.0, 0.44577959179878235, 0.22461152076721191, 0.0260162353515625]",-22.029926658725618
3.2499999999999964,108.00131225585938,191.75816345214844,4.306519985198975,-0.002532958984375,0.6640625,"[0.8451131582260132, 0.4731000065803528, 0.140995591878891, 0.9713689088821411]","[0.0, 0.0, -3.1957933970261365e-06, 0.00011933333735214546, -0.043483711779117584, 1.0, 0.016333334147930145, -3.1957933970261365e-06, 0.0, 0.0, 1.0172526572205243e-06, -0.016214000061154366, 0.0, 0.0]","[1.0, 0.0, 0.0, 1.0833473205566406, 2.0, 0.44577959179878235, 0.22461152076721191, 0.0260162353515625]",-22.004766428485407
3.2999999999999963,108.22126770019531,191.75698852539062,4.460939884185791,-0.002532958984375,0.6640625,"[0.8552468419075012, 0.4902999997138977, 0.13731515407562256, 0.9736588001251221]","[0.0, 0.0, -3.1957933970261365e-06, 0.00011933333735214546, -0.043483711779117584, 1.0, 0.016333334147930145, -3.1957933970261365e-06, 0.0, 0.0, 1.0172526572205243e-06, -0.016214000061154366, 0.0, 0.0]","[1.0, 0.0, 0.0, 1.0833473205566406, 2.0, 0.44577959179878235, 0.22461152076721191, 0.0260162353515625]",-21.96811370440632
3.349999999999996,108.44881439208984,191.7557373046875,4.612599849700928,-0.002532958984375,0.6640625,"[0.8651994466781616, 0.507099986076355, 0.13493582606315613, 0.9760472178459167]","[0.0, 0.0, -3.1957933970261365e-06, 0.00011933333735214546, -0.043483711779117584, 1.0, 0.016333334147930145, -3.1957933970261365e-06, 0.0, 0.0, 1.0172526572205243e-06, -0.016214000061154366, 0.0, 0.0]","[1.0, 0.0, 0.0, 1.0833473205566406, 2.0, 0.44577959179878235, 0.22461152076721191, 0.0260162353515625]",-21.923557362018432
3.399999999999996,108.68389129638672,191.75440979003906,4.7626800537109375,-0.002532958984375,0.6640625,"[0.8750483989715576, 0.5236999988555908, 0.1336224228143692, 0.9776533246040344]","[0.0, 0.0, -3.1957933970261365e-06, 0.00011933333735214546, -0.043483711779117584, 1.0, 0.016333334147930145, -3.1957933970261365e-06, 0.0, 0.0, 1.0172526572205243e-06, -0.016214000061154366, 0.0, 0.0]","[1.0, 0.0, 0.0, 1.0833473205566406, 2.0, 0.44577959179878235, 0.22461152076721191, 0.0260162353515625]",-22.037227011008984
3.4499999999999957,108.92642974853516,191.75296020507812,4.911109924316406,-0.002532958984375,0.66015625,"[0.884788990020752, 0.5464000105857849, 0.13223911821842194, 0.9777836799621582]","[0.0, 0.0, -3.1957933970261365e-06, 0.00011933333735214546, -0.043483711779117584, 1.0, 0.016333334147930145, -3.1957933970261365e-06, 0.0, 0.0, 1.0172526572205243e-06, -0.016214000061154366, 0.0, 0.0]","[1.0, 0.0, 0.0, 1.0833473205566406, 2.0, 0.44577959179878235, 0.22461152076721191, 0.0260162353515625]",-21.960633518950026
3.4999999999999956,109.17633819580078,191.7514190673828,5.057499885559082,-0.002532958984375,0.65625,"[0.8943957686424255, 0.5692999958992004, 0.1304839551448822, 0.9745140671730042]","[0.0, 0.0, -3.1957933970261365e-06, 0.00011933333735214546, -0.043483711779117584, 1.0, 0.016333334147930145, -3.1957933970261365e-06, 0.0, 0.0, 1.0172526572205243e-06, -0.016214000061154366, 0.0, 0.0]","[1.0, 0.0, 0.0, 1.0833473205566406, 2.0, 0.44577959179878235, 0.22461152076721191, 0.0260162353515625]",-21.887149839530654
3.5499999999999954,109.43336486816406,191.74978637695312,5.19782018661499,-0.002532958984375,0.62109375,"[0.9036042094230652, 0.6452999711036682, 0.1252707690000534, 0.970321536064148]","[0.0, 0.0, -3.1957933970261365e-06, 0.00011933333735214546, -0.043483711779117584, 1.0, 0.016333334147930145, -3.1957933970261365e-06, 0.0, 0.0, 1.0172526572205243e-06, -0.016214000061154366, 0.0, 0.0]","[1.0, 0.0, 0.0, 1.0833473205566406, 2.0, 0.44577959179878235, 0.22461152076721191, 0.0260162353515625]",-21.81083614064147
3.599999999999995,109.69248962402344,191.74807739257812,5.143700122833252,-0.002532958984375,0.55078125,"[0.9000526070594788, 0.763700008392334, 0.014626641757786274, 0.7627872228622437]","[0.0, 0.0, -3.1957933970261365e-06, 0.00011933333735214546, -0.043483711779117584, 1.0, 0.016333334147930145, -3.1957933970261365e-06, 0.0, 0.0, 1.0172526572205243e-06, -0.016214000061154366, 0.0, 0.0]","[1.0, 0.0, 0.0, 1.0833473205566406, 2.0, 0.44577959179878235, 0.22461152076721191, 0.0260162353515625]",-21.88771273999426
3.649999999999995,109.94725036621094,191.74636840820312,5.087399959564209,-0.002532958984375,0.4801483154296875,"[0.8963579535484314, 0.8738999962806702, 0.05139736086130142, 0.9895122051239014]","[0.0, 0.0, -3.1957933970261365e-06, 0.00011933333735214546, -0.043483711779117584, 1.0, 0.016333334147930145, -3.1957933970261365e-06, 0.0, 0.0, 1.0172526572205243e-06, -0.016214000061154366, 0.0, 0.0]","[1.0, 0.0, 0.0, 1.0833473205566406, 2.0, 0.44577959179878235, 0.22461152076721191, 0.0260162353515625]",-21.789810658711545
3.699999999999995,110.19801330566406,191.74459838867188,4.989160060882568,-0.002532958984375,0.3531646728515625,"[0.8899109959602356, 1.0, 0.08757758140563965, 0.9369962215423584]","[0.0, 0.0, -3.1957933970261365e-06, 0.00011933333735214546, -0.043483711779117584, 1.0, 0.016333334147930145, -3.1957933970261365e-06, 0.0, 0.0, 1.0172526572205243e-06, -0.016214000061154366, 0.0, 0.0]","[1.0, 0.0, 0.0, 1.0833473205566406, 2.0, 0.44577959179878235, 0.22461152076721191, 0.0260162353515625]",-21.695562793157674
3.7499999999999947,110.45301818847656,191.74273681640625,5.150199890136719,-0.002532958984375,0.20000000298023224,"[0.9004791975021362, 1.0, 0.09857749938964844, 0.6741146445274353]","[0.0, 0.0, -3.1957933970261365e-06, 0.00011933333735214546, -0.043483711779117584, 1.0, 0.016333334147930145, -3.1957933970261365e-06, 0.0, 0.0, 1.0172526572205243e-06, -0.016214000061154366, 0.0, 0.0]","[1.0, 0.0, 0.0, 1.0833473205566406, 2.0, 0.44577959179878235, 0.22461152076721191, 0.0260162353515625]",-21.593798465995413
3.7999999999999945,110.70616912841797,191.74082946777344,5.018249988555908,-0.002532958984375,0.20000000298023224,"[0.8918200135231018, 1.0, 0.06555226445198059, 0.6474257111549377]","[0.0, 0.0, -3.1957933970261365e-06, 0.00011933333735214546, -0.043483711779117584, 1.0, 0.016333334147930145, -3.1957933970261365e-06, 0.0, 0.0, 1.0172526572205243e-06, -0.016214000061154366, 0.0, 0.0]","[1.0, 0.0, 0.0, 1.0833473205566406, 2.0, 0.44577959179878235, 0.22461152076721191, 0.0260162353515625]",-21.634540346158005
3.8499999999999943,110.95600128173828,191.73890686035156,5.017129898071289,-0.002532958984375,0.20000000298023224,"[0.8917465209960938, 1.0, 0.0031635162886232138, 0.8451958298683167]","[0.0, 0.0, -3.1957933970261365e-06, 0.00011933333735214546, -0.043483711779117584, 1.0, 0.016333334147930145, -3.1957933970261365e-06, 0.0, 0.0, 1.0172526572205243e-06, -0.016214000061154366, 0.0, 0.0]","[1.0, 0.0, 0.0, 1.0833473205566406, 2.0, 0.44577959179878235, 0.22461152076721191, 0.0260162353515625]",-21.53185853247779
3.899999999999994,111.20555114746094,191.7368927001953,4.975820064544678,-0.002532958984375,0.20000000298023224,"[0.8890355825424194, 1.0, 0.038114283233881, 0.946494460105896]","[0.0, 0.0, -3.1957933970261365e-06, 0.00011933333735214546, -0.043483711779117584, 1.0, 0.016333334147930145, -3.1957933970261365e-06, 0.0, 0.0, 1.0172526572205243e-06, -0.016214000061154366, 0.0, 0.0]","[1.0, 0.0, 0.0, 1.0833473205566406, 2.0, 0.44577959179878235, 0.22461152076721191, 0.0260162353515625]",-21.43504873277574
3.949999999999994,111.45291900634766,191.73480224609375,4.930480003356934,-0.002532958984375,0.20000000298023224,"[0.8860601782798767, 1.0, 0.04171208292245865, 0.9858778119087219]","[0.0, 0.0, -3.1957933970261365e-06, 0.00011933333735214546, -0.043483711779117584, 1.0, 0.016333334147930145, -3.1957933970261365e-06, 0.0, 0.0, 1.0172526572205243e-06, -0.016214000061154366, 0.0, 0.0]","[1.0, 0.0, 0.0, 1.0833473205566406, 2.0, 0.44577959179878235, 0.22461152076721191, 0.0260162353515625]",-21.341639045690144
3.999999999999994,111.69691467285156,191.7327117919922,4.852749824523926,-0.002532958984375,0.20000000298023224,"[0.880959153175354, 1.0, 0.07000703364610672, 0.951103150844574]","[0.0, 0.0, -3.1957933970261365e-06, 0.00011933333735214546, -0.043483711779117584, 1.0, 0.016333334147930145, -3.1957933970261365e-06, 0.0, 0.0, 1.0172526572205243e-06, -0.016214000061154366, 0.0, 0.0]","[1.0, 0.0, 0.0, 1.0833473205566406, 2.0, 0.44577959179878235, 0.22461152076721191, 0.0260162353515625]",-21.411828491605426
4.049999999999994,111.93647003173828,191.73060607910156,4.759160041809082,-0.002532958984375,0.20000000298023224,"[0.8748173713684082, 1.0, 0.0838610902428627, 0.9684820175170898]","[0.0, 0.0, -3.1957933970261365e-06, 0.00011933333735214546, -0.043483711779117584, 1.0, 0.016333334147930145, -3.1957933970261365e-06, 0.0, 0.0, 1.0172526572205243e-06, -0.016214000061154366, 0.0, 0.0]","[1.0, 0.0, 0.0, 1.0833473205566406, 2.0, 0.44577959179878235, 0.22461152076721191, 0.0260162353515625]",-21.331648129566897
4.099999999999993,112.17111206054688,191.72845458984375,4.6580400466918945,-0.002532958984375,0.20000000298023224,"[0.8681814670562744, 1.0, 0.09041757881641388, 0.9772869348526001]","[0.0, 0.0, -3.1957933970261365e-06, 0.00011933333735214546, -0.043483711779117584, 1.0, 0.016333334147930145, -3.1957933970261365e-06, 0.0, 0.0, 1.0172526572205243e-06, -0.016214000061154366, 0.0, 0.0]","[1.0, 0.0, 0.0, 1.0833473205566406, 2.0, 0.44577959179878235, 0.22461152076721191, 0.0260162353515625]",-21.257745949002818
4.149999999999993,112.40059661865234,191.7262725830078,4.554110050201416,-0.002532958984375,0.20000000298023224,"[0.8613610863685608, 1.0, 0.09282328933477402, 0.9824913740158081]","[0.0, 0.0, -3.1957933970261365e-06, 0.00011933333735214546, -0.043483711779117584, 1.0, 0.016333334147930145, -3.1957933970261365e-06, 0.0, 0.0, 1.0172526572205243e-06, -0.016214000061154366, 0.0, 0.0]","[1.0, 0.0, 0.0, 1.0833473205566406, 2.0, 0.44577959179878235, 0.22461152076721191, 0.0260162353515625]",-21.192070008195024
4.199999999999993,112.62491607666016,191.7240753173828,4.4499897956848145,-0.002532958984375,0.20000000298023224,"[0.8545282483100891, 1.0, 0.09293758124113083, 0.9855270981788635]","[0.0, 0.0, -3.1957933970261365e-06, 0.00011933333735214546, -0.043483711779117584, 1.0, 0.016333334147930145, -3.1957933970261365e-06, 0.0, 0.0, 1.0172526572205243e-06, -0.016214000061154366, 0.0, 0.0]","[1.0, 0.0, 0.0, 1.0833473205566406, 2.0, 0.44577959179878235, 0.22461152076721191, 0.0260162353515625]",-21.285209260021254
4.249999999999993,112.84408569335938,191.7218780517578,4.347149848937988,-0.002532958984375,0.20000000298023224,"[0.8477794528007507, 1.0, 0.09175340831279755, 0.9844418168067932]","[0.0, 0.0, -3.1957933970261365e-06, 0.00011933333735214546, -0.043483711779117584, 1.0, 0.016333334147930145, -3.1957933970261365e-06, 0.0, 0.0, 1.0172526572205243e-06, -0.016214000061154366, 0.0, 0.0]","[1.0, 0.0, 0.0, 1.0833473205566406, 2.0, 0.44577959179878235, 0.22461152076721191, 0.0260162353515625]",-21.24074707117009
4.299999999999993,113.05824279785156,191.7196807861328,4.246349811553955,-0.002532958984375,0.20000000298023224,"[0.8411644697189331, 1.0, 0.08992306888103485, 0.98384690284729]","[0.0, 0.0, -3.1957933970261365e-06, 0.00011933333735214546, -0.043483711779117584, 1.0, 0.016333334147930145, -3.1957933970261365e-06, 0.0, 0.0, 1.0172526572205243e-06, -0.016214000061154366, 0.0, 0.0]","[1.0, 0.0, 0.0, 1.0833473205566406, 2.0, 0.44577959179878235, 0.22461152076721191, 0.0260162353515625]",-21.208607109215606
4.3499999999999925,113.26744842529297,191.7174835205078,4.148540019989014,-0.002532958984375,0.20000000298023224,"[0.8347457647323608, 1.0, 0.08706286549568176, 0.982923686504364]","[0.0, 0.0, -3.1957933970261365e-06, 0.00011933333735214546, -0.043483711779117584, 1.0, 0.016333334147930145, -3.1957933970261365e-06, 0.0, 0.0, 1.0172526572205243e-06, -0.016214000061154366, 0.0, 0.0]","[1.0, 0.0, 0.0, 1.0833473205566406, 2.0, 0.44577959179878235, 0.22461152076721191, 0.0260162353515625]",-21.18346361679495
4.399999999999992,113.4719009399414,191.71536254882812,4.0536298751831055,-0.002532958984375,0.20000000298023224,"[0.8285173177719116, 1.0, 0.0853305459022522, 0.9827085733413696]","[0.0, 0.0, -3.1957933970261365e-06, 0.00011933333735214546, -0.043483711779117584, 1.0, 0.016333334147930145, -3.1957933970261365e-06, 0.0, 0.0, 1.0172526572205243e-06, -0.016214000061154366, 0.0, 0.0]","[1.0, 0.0, 0.0, 1.0833473205566406, 2.0, 0.44577959179878235, 0.22461152076721191, 0.0260162353515625]",-21.3421733813641
4.449999999999992,113.67196655273438,191.7132568359375,3.972670078277588,-0.002532958984375,0.3491973876953125,"[0.8232043981552124, 0.8521999716758728, 0.07223208248615265, 0.9707387685775757]","[0.0, 0.0, -3.1957933970261365e-06, 0.00011933333735214546, -0.043483711779117584, 1.0, 0.016333334147930145, -3.1957933970261365e-06, 0.0, 0.0, 1.0172526572205243e-06, -0.016214000061154366, 0.0, 0.0]","[1.0, 0.0, 0.0, 1.0833473205566406, 2.0, 0.44577959179878235, 0.22461152076721191, 0.0260162353515625]",-21.339976194150527
4.499999999999992,113.86908721923828,191.7111358642578,3.926919937133789,-0.002532958984375,0.4603118896484375,"[0.8202020525932312, 0.7009999752044678, 0.042337581515312195, 0.9502092003822327]","[0.0, 0.0, -3.1957933970261365e-06, 0.00011933333735214546, -0.043483711779117584, 1.0, 0.016333334147930145, -3.1957933970261365e-06, 0.0, 0.0, 1.0172526572205243e-06, -0.016214000061154366, 0.0, 0.0]","[1.0, 0.0, 0.0, 1.0833473205566406, 2.0, 0.44577959179878235, 0.22461152076721191, 0.0260162353515625]",-21.348605629761128
4.549999999999992,114.0651626586914,191.7089080810547,3.9179201126098633,-0.002532958984375,0.4841156005859375,"[0.8196114301681519, 0.6711000204086304, 0.00903076957911253, 0.9533639550209045]","[0.0, 0.0, -3.1957933970261365e-06, 0.00011933333735214546, -0.043483711779117584, 1.0, 0.016333334147930145, -3.1957933970261365e-06, 0.0, 0.0, 1.0172526572205243e-06, -0.016214000061154366, 0.0, 0.0]","[1.0, 0.0, 0.0, 1.0833473205566406, 2.0, 0.44577959179878235, 0.22461152076721191, 0.0260162353515625]",-21.366755779580135
4.599999999999992,114.26168060302734,191.7067108154297,3.934079885482788,-0.002532958984375,0.4880828857421875,"[0.8206719160079956, 0.6682000160217285, 0.011865758337080479, 0.9661617875099182]","[0.0, 0.0, -3.1957933970261365e-06, 0.00011933333735214546, -0.043483711779117584, 1.0, 0.016333334147930145, -3.1957933970261365e-06, 0.0, 0.0, 1.0172526572205243e-06, -0.016214000061154366, 0.0, 0.0]","[1.0, 0.0, 0.0, 1.0833473205566406, 2.0, 0.44577959179878235, 0.22461152076721191, 0.0260162353515625]",-21.60707623450412
4.6499999999999915,114.45956420898438,191.70440673828125,3.966020107269287,-0.002532958984375,0.4880828857421875,"[0.822767972946167, 0.6725000143051147, 0.029152965173125267, 0.9751801490783691]","[0.0, 0.0, -3.1957933970261365e-06, 0.00011933333735214546, -0.043483711779117584, 1.0, 0.016333334147930145, -3.1957933970261365e-06, 0.0, 0.0, 1.0172526572205243e-06, -0.016214000061154366, 0.0, 0.0]","[1.0, 0.0, 0.0, 1.0833473205566406, 2.0, 0.44577959179878235, 0.22461152076721191, 0.0260162353515625]",-21.66147217230852
4.699999999999991,114.65937042236328,191.7020721435547,4.00724983215332,-0.002532958984375,0.4880828857421875,"[0.8254736661911011, 0.6789000034332275, 0.03826329484581947, 0.9817151427268982]","[0.0, 0.0, -3.1957933970261365e-06, 0.00011933333735214546, -0.043483711779117584, 1.0, 0.016333334147930145, -3.1957933970261365e-06, 0.0, 0.0, 1.0172526572205243e-06, -0.016214000061154366, 0.0, 0.0]","[1.0, 0.0, 0.0, 1.0833473205566406, 2.0, 0.44577959179878235, 0.22461152076721191, 0.0260162353515625]",-21.72926505408238
4.749999999999991,114.86139678955078,191.6996612548828,4.053909778594971,-0.002532958984375,0.4880828857421875,"[0.8285356760025024, 0.6863999962806702, 0.0420052744448185, 0.985638439655304]","[0.0, 0.0, -3.1957933970261365e-06, 0.00011933333735214546, -0.043483711779117584, 1.0, 0.016333334147930145, -3.1957933970261365e-06, 0.0, 0.0, 1.0172526572205243e-06, -0.016214000061154366, 0.0, 0.0]","[1.0, 0.0, 0.0, 1.0833473205566406, 2.0, 0.44577959179878235, 0.22461152076721191, 0.0260162353515625]",-21.80863874792151
4.799999999999991,115.06583404541016,191.6971893310547,4.103409767150879,-0.002532958984375,0.4880828857421875,"[0.8317841291427612, 0.694599986076355, 0.045479997992515564, 0.9884312152862549]","[0.0, 0.0, -3.1957933970261365e-06, 0.00011933333735214546, -0.043483711779117584, 1.0, 0.016333334147930145, -3.1957933970261365e-06, 0.0, 0.0, 1.0172526572205243e-06, -0.016214000061154366, 0.0, 0.0]","[1.0, 0.0, 0.0, 1.0833473205566406, 2.0, 0.44577959179878235, 0.22461152076721191, 0.0260162353515625]",-22.1841590430058
4.849999999999991,115.27275848388672,191.6946258544922,4.154880046844482,-0.002532958984375,0.4920501708984375,"[0.8351618051528931, 0.697700023651123, 0.04614637419581413, 0.9892988204956055]","[0.0, 0.0, -3.1957933970261365e-06, 0.00011933333735214546, -0.043483711779117584, 1.0, 0.016333334147930145, -3.1957933970261365e-06, 0.0, 0.0, 1.0172526572205243e-06, -0.016214000061154366, 0.0, 0.0]","[1.0, 0.0, 0.0, 1.0833473205566406, 2.0, 0.44577959179878235, 0.22461152076721191, 0.0260162353515625]",-22.318864021329325
4.899999999999991,115.4822998046875,191.69200134277344,4.2086501121521,-0.002532958984375,0.4999847412109375,"[0.838690459728241, 0.6955000162124634, 0.04918285459280014, 0.988699734210968]","[0.0, 0.0, -3.1957933970261365e-06, 0.00011933333735214546, -0.043483711779117584, 1.0, 0.016333334147930145, -3.1957933970261365e-06, 0.0, 0.0, 1.0172526572205243e-06, -0.016214000061154366, 0.0, 0.0]","[1.0, 0.0, 0.0, 1.0833473205566406, 2.0, 0.44577959179878235, 0.22461152076721191, 0.0260162353515625]",-22.475274909948077
4.94999999999999,115.6945571899414,191.68931579589844,4.264510154724121,-0.002532958984375,0.5,"[0.842356264591217, 0.7045999765396118, 0.05001582205295563, 0.988794207572937]","[0.0, 0.0, -3.1957933970261365e-06, 0.00011933333735214546, -0.043483711779117584, 1.0, 0.016333334147930145, -3.1957933970261365e-06, 0.0, 0.0, 1.0172526572205243e-06, -0.016214000061154366, 0.0, 0.0]","[1.0, 0.0, 0.0, 1.0833473205566406, 2.0, 0.44577959179878235, 0.22461152076721191, 0.0260162353515625]",-22.637124590618004
4.99999999999999,115.90962982177734,191.68653869628906,4.321249961853027,-0.002532958984375,0.5,"[0.8460797667503357, 0.7139000296592712, 0.051736265420913696, 0.9902219772338867]","[0.0, 0.0, -3.1957933970261365e-06, 0.00011933333735214546, -0.043483711779117584, 1.0, 0.016333334147930145, -3.1957933970261365e-06, 0.0, 0.0, 1.0172526572205243e-06, -0.016214000061154366, 0.0, 0.0]","[1.0, 0.0, 0.0, 1.0833473205566406, 2.0, 0.44577959179878235, 0.22461152076721191, 0.0260162353515625]",-23.146008864485626
5.04999999999999,116.12751007080078,191.68478393554688,4.378039836883545,0.012664794921875,0.5,"[0.849806547164917, 0.7228000164031982, 0.07794241607189178, 0.9606075882911682]","[0.0, 0.0, -3.1957933970261365e-06, 0.00011933333735214546, -0.043483711779117584, 1.0, 0.016333334147930145, -3.1957933970261365e-06, 0.0, 0.0, 1.0172526572205243e-06, -0.016214000061154366, 0.0, 0.0]","[1.0, 0.0, 0.0, 1.0833473205566406, 2.0, 0.44577959179878235, 0.22461152076721191, 0.0260162353515625]",-23.350890205845054
5.09999999999999,116.3481674194336,191.68382263183594,4.4323601722717285,0.015625,0.4801483154296875,"[0.8533713221549988, 0.7613000273704529, 0.0653226301074028, 0.9800788164138794]","[0.0, 0.0, -3.1957933970261365e-06, 0.00011933333735214546, -0.043483711779117584, 1.0, 0.016333334147930145, -3.1957933970261365e-06, 0.0, 0.0, 1.0172526572205243e-06, -0.016214000061154366, 0.0, 0.0]","[1.0, 0.0, 0.0, 1.0833473205566406, 2.0, 0.44577959179878235, 0.22461152076721191, 0.0260162353515625]",-23.606676411120937
5.14999999999999,116.57137298583984,191.6835174560547,4.482349872589111,0.0185546875,0.4801483154296875,"[0.8566518425941467, 0.7702999711036682, 0.06207384541630745, 0.9863225221633911]","[0.0, 0.0, -3.1957933970261365e-06, 0.00011933333735214546, -0.043483711779117584, 1.0, 0.016333334147930145, -3.1957933970261365e-06, 0.0, 0.0, 1.0172526572205243e-06, -0.016214000061154366, 0.0, 0.0]","[1.0, 0.0, 0.0, 1.0833473205566406, 2.0, 0.44577959179878235, 0.22461152076721191, 0.0260162353515625]",-23.91859812082617
5.1999999999999895,116.79696655273438,191.68389892578125,4.530020236968994,0.021209716796875,0.4801483154296875,"[0.8597801923751831, 0.7785999774932861, 0.06020131707191467, 0.9904385805130005]","[0.0, 0.0, -3.1957933970261365e-06, 0.00011933333735214546, -0.043483711779117584, 1.0, 0.016333334147930145, -3.1957933970261365e-06, 0.0, 0.0, 1.0172526572205243e-06, -0.016214000061154366, 0.0, 0.0]","[1.0, 0.0, 0.0, 1.0833473205566406, 2.0, 0.44577959179878235, 0.22461152076721191, 0.0260162353515625]",-24.52533720504401
5.249999999999989,117.02487182617188,191.6849822998047,4.575789928436279,0.023712158203125,0.4801483154296875,"[0.8627837896347046, 0.7865999937057495, 0.06003868207335472, 0.9901379942893982]","[0.0, 0.0, -3.1957933970261365e-06, 0.00011933333735214546, -0.043483711779117584, 1.0, 0.016333334147930145, -3.1957933970261365e-06, 0.0, 0.0, 1.0172526572205243e-06, -0.016214000061154366, 0.0, 0.0]","[1.0, 0.0, 0.0, 1.0833473205566406, 2.0, 0.44577959179878235, 0.22461152076721191, 0.0260162353515625]",-24.551438653059055
5.299999999999989,117.2550048828125,191.6868896484375,4.620639801025391,0.026763916015625,0.4801483154296875,"[0.8657270669937134, 0.7943999767303467, 0.061396483331918716, 0.990890622138977]","[0.0, 0.0, -3.1957933970261365e-06, 0.00011933333735214546, -0.043483711779117584, 1.0, 0.016333334147930145, -3.1957933970261365e-06, 0.0, 0.0, 1.0172526572205243e-06, -0.016214000061154366, 0.0, 0.0]","[1.0, 0.0, 0.0, 1.0833473205566406, 2.0, 0.44577959179878235, 0.22461152076721191, 0.0260162353515625]",-24.632044486970077
5.349999999999989,117.4873275756836,191.6897735595703,4.664380073547363,0.0303955078125,0.4801483154296875,"[0.8685975074768066, 0.8019000291824341, 0.0639432966709137, 0.9895223379135132]","[0.0, 0.0, -3.1957933970261365e-06, 0.00011933333735214546, -0.043483711779117584, 1.0, 0.016333334147930145, -3.1957933970261365e-06, 0.0, 0.0, 1.0172526572205243e-06, -0.016214000061154366, 0.0, 0.0]","[1.0, 0.0, 0.0, 1.0833473205566406, 2.0, 0.44577959179878235, 0.22461152076721191, 0.0260162353515625]",-24.74550386713357
5.399999999999989,117.72181701660156,191.6936492919922,4.707600116729736,0.033447265625,0.4801483154296875,"[0.8714337944984436, 0.8093000054359436, 0.06484483182430267, 0.9921033978462219]","[0.0, 0.0, -3.1957933970261365e-06, 0.00011933333735214546, -0.043483711779117584, 1.0, 0.016333334147930145, -3.1957933970261365e-06, 0.0, 0.0, 1.0172526572205243e-06, -0.016214000061154366, 0.0, 0.0]","[1.0, 0.0, 0.0, 1.0833473205566406, 2.0, 0.44577959179878235, 0.22461152076721191, 0.0260162353515625]",-25.220119304035734
5.449999999999989,117.95846557617188,191.69845581054688,4.7527899742126465,0.034393310546875,0.4999847412109375,"[0.8743993639945984, 0.7858999967575073, 0.06458022445440292, 0.9897043704986572]","[0.0, 0.0, -3.1957933970261365e-06, 0.00011933333735214546, -0.043483711779117584, 1.0, 0.016333334147930145, -3.1957933970261365e-06, 0.0, 0.0, 1.0172526572205243e-06, -0.016214000061154366, 0.0, 0.0]","[1.0, 0.0, 0.0, 1.0833473205566406, 2.0, 0.44577959179878235, 0.22461152076721191, 0.0260162353515625]",-25.435156205986768
5.4999999999999885,118.19747924804688,191.7039794921875,4.80141019821167,0.03271484375,0.4999847412109375,"[0.8775900602340698, 0.7937999963760376, 0.06255252659320831, 0.9862279295921326]","[0.0, 0.0, -3.1957933970261365e-06, 0.00011933333735214546, -0.043483711779117584, 1.0, 0.016333334147930145, -3.1957933970261365e-06, 0.0, 0.0, 1.0172526572205243e-06, -0.016214000061154366, 0.0, 0.0]","[1.0, 0.0, 0.0, 1.0833473205566406, 2.0, 0.44577959179878235, 0.22461152076721191, 0.0260162353515625]",-25.690103470792558
5.549999999999988,118.43897247314453,191.7100372314453,4.851630210876465,0.029541015625,0.4999847412109375,"[0.8808857202529907, 0.8019999861717224, 0.05902329459786415, 0.9872612357139587]","[0.0, 0.0, -3.1957933970261365e-06, 0.00011933333735214546, -0.043483711779117584, 1.0, 0.016333334147930145, -3.1957933970261365e-06, 0.0, 0.0, 1.0172526572205243e-06, -0.016214000061154366, 0.0, 0.0]","[1.0, 0.0, 0.0, 1.0833473205566406, 2.0, 0.44577959179878235, 0.22461152076721191, 0.0260162353515625]",-25.963156903522847
5.599999999999988,118.68299865722656,191.7166290283203,4.90254020690918,0.028167724609375,0.4999847412109375,"[0.8842266201972961, 0.8104000091552734, 0.060464173555374146, 0.9909864664077759]","[0.0, 0.0, -3.1957933970261365e-06, 0.00011933333735214546, -0.043483711779117584, 1.0, 0.016333334147930145, -3.1957933970261365e-06, 0.0, 0.0, 1.0172526572205243e-06, -0.016214000061154366, 0.0, 0.0]","[1.0, 0.0, 0.0, 1.0833473205566406, 2.0, 0.44577959179878235, 0.22461152076721191, 0.0260162353515625]",-26.697919927976233
5.649999999999988,118.92955780029297,191.7239227294922,4.953519821166992,0.028778076171875,0.4999847412109375,"[0.887572169303894, 0.8187000155448914, 0.06405846774578094, 0.9891942739486694]","[0.0, 0.0, -3.1957933970261365e-06, 0.00011933333735214546, -0.043483711779117584, 1.0, 0.016333334147930145, -3.1957933970261365e-06, 0.0, 0.0, 1.0172526572205243e-06, -0.016214000061154366, 0.0, 0.0]","[1.0, 0.0, 0.0, 1.0833473205566406, 2.0, 0.44577959179878235, 0.22461152076721191, 0.0260162353515625]",-26.994910720537504
5.699999999999988,119.17861938476562,191.73214721679688,5.004199981689453,0.030792236328125,0.5,"[0.8908979892730713, 0.8270000219345093, 0.06803867965936661, 0.9882967472076416]","[0.0, 0.0, -3.1957933970261365e-06, 0.00011933333735214546, -0.043483711779117584, 1.0, 0.016333334147930145, -3.1957933970261365e-06, 0.0, 0.0, 1.0172526572205243e-06, -0.016214000061154366, 0.0, 0.0]","[1.0, 0.0, 0.0, 1.0833473205566406, 2.0, 0.44577959179878235, 0.22461152076721191, 0.0260162353515625]",-27.29366537312917
5.749999999999988,119.4301528930664,191.74151611328125,5.05318021774292,0.0345458984375,0.5,"[0.8941122889518738, 0.8349999785423279, 0.07359515875577927, 0.9843154549598694]","[0.0, 0.0, -3.1957933970261365e-06, 0.00011933333735214546, -0.043483711779117584, 1.0, 0.016333334147930145, -3.1957933970261365e-06, 0.0, 0.0, 1.0172526572205243e-06, -0.016214000061154366, 0.0, 0.0]","[1.0, 0.0, 0.0, 1.0833473205566406, 2.0, 0.44577959179878235, 0.22461152076721191, 0.0260162353515625]",-27.631826894402177
5.799999999999987,119.68101501464844,191.7518310546875,5.009749889373779,0.038604736328125,0.5,"[0.8912621736526489, 0.8282999992370605, 0.0505426786839962, 0.8841647505760193]","[0.0, 0.0, -3.1957933970261365e-06, 0.00011933333735214546, -0.043483711779117584, 1.0, 0.016333334147930145, -3.1957933970261365e-06, 0.0, 0.0, 1.0172526572205243e-06, -0.016214000061154366, 0.0, 0.0]","[1.0, 0.0, 0.0, 1.0833473205566406, 2.0, 0.44577959179878235, 0.22461152076721191, 0.0260162353515625]",-28.615297777261123
5.849999999999987,119.93128967285156,191.76361083984375,5.031779766082764,0.041229248046875,0.4722137451171875,"[0.8927079439163208, 0.8791999816894531, 0.04412764683365822, 0.9180065989494324]","[0.0, 0.0, -3.1957933970261365e-06, 0.00011933333735214546, -0.043483711779117584, 1.0, 0.016333334147930145, -3.1957933970261365e-06, 0.0, 0.0, 1.0172526572205243e-06, -0.016214000061154366, 0.0, 0.0]","[1.0, 0.0, 0.0, 1.0833473205566406, 2.0, 0.44577959179878235, 0.22461152076721191, 0.0260162353515625]",-29.06810798407131
5.899999999999987,120.18174743652344,191.77674865722656,5.026490211486816,0.045989990234375,0.4682464599609375,"[0.8923608064651489, 0.8853999972343445, 0.03830567002296448, 0.9635869264602661]","[0.0, 0.0, -3.1957933970261365e-06, 0.00011933333735214546, -0.043483711779117584, 1.0, 0.016333334147930145, -3.1957933970261365e-06, 0.0, 0.0, 1.0172526572205243e-06, -0.016214000061154366, 0.0, 0.0]","[1.0, 0.0, 0.0, 1.0833473205566406, 2.0, 0.44577959179878235, 0.22461152076721191, 0.0260162353515625]",-29.5308382694769
5.949999999999987,120.43424224853516,191.7918701171875,4.997340202331543,0.053131103515625,0.4682464599609375,"[0.8904478549957275, 0.8787000179290771, 0.06825538724660873, 0.9612184762954712]","[0.0, 0.0, -3.1957933970261365e-06, 0.00011933333735214546, -0.043483711779117584, 1.0, 0.016333334147930145, -3.1957933970261365e-06, 0.0, 0.0, 1.0172526572205243e-06, -0.016214000061154366, 0.0, 0.0]","[1.0, 0.0, 0.0, 1.0833473205566406, 2.0, 0.44577959179878235, 0.22461152076721191, 0.0260162353515625]",-30.001911661548252
5.999999999999987,120.68635559082031,191.8090362548828,5.030940055847168,0.062103271484375,0.4682464599609375,"[0.8926528096199036, 0.8844000101089478, 0.0674782395362854, 0.9150782823562622]","[0.0, 0.0, -3.1957933970261365e-06, 0.00011933333735214546, -0.043483711779117584, 1.0, 0.016333334147930145, -3.1957933970261365e-06, 0.0, 0.0, 1.0172526572205243e-06, -0.016214000061154366, 0.0, 0.0]","[1.0, 0.0, 0.0, 1.0833473205566406, 2.0, 0.44577959179878235, 0.22461152076721191, 0.0260162353515625]",-31.09404640761464
6.0499999999999865,120.93744659423828,191.8282012939453,5.084700107574463,0.070648193359375,0.4682464599609375,"[0.8961807489395142, 0.8913999795913696, 0.11505625396966934, 0.9593220949172974]","[0.0, 0.0, -3.1957933970261365e-06, 0.00011933333735214546, -0.043483711779117584, 1.0, 0.016333334147930145, -3.1957933970261365e-06, 0.0, 0.0, 1.0172526572205243e-06, -0.016214000061154366, 0.0, 0.0]","[1.0, 0.0, 0.0, 1.0833473205566406, 2.0, 0.44577959179878235, 0.22461152076721191, 0.0260162353515625]",-31.500193698421647
6.099999999999986,121.19052124023438,191.8501739501953,5.034900188446045,0.079193115234375,0.4682464599609375,"[0.8929126858711243, 0.883899986743927, 0.08105617016553879, 0.8677822351455688]","[0.0, 0.0, -3.1957933970261365e-06, 0.00011933333735214546, -0.043483711779117584, 1.0, 0.016333334147930145, -3.1957933970261365e-06, 0.0, 0.0, 1.0172526572205243e-06, -0.016214000061154366, 0.0, 0.0]","[1.0, 0.0, 0.0, 1.0833473205566406, 2.0, 0.44577959179878235, 0.22461152076721191, 0.0260162353515625]",-31.771151269323518
6.149999999999986,121.4414291381836,191.8743896484375,5.089779853820801,0.087890625,0.4682464599609375,"[0.8965141177177429, 0.8913999795913696, 0.11498954147100449, 0.8605424165725708]","[0.0, 0.0, -3.1957933970261365e-06, 0.00011933333735214546, -0.043483711779117584, 1.0, 0.016333334147930145, -3.1957933970261365e-06, 0.0, 0.0, 1.0172526572205243e-06, -0.016214000061154366, 0.0, 0.0]","[1.0, 0.0, 0.0, 1.0833473205566406, 2.0, 0.44577959179878235, 0.22461152076721191, 0.0260162353515625]",-32.057017912610696
6.199999999999986,121.69277954101562,191.90179443359375,4.9974799156188965,0.095794677734375,0.4682464599609375,"[0.890457034111023, 0.8733999729156494, 0.12564027309417725, 0.8069772124290466]","[0.0, 0.0, -3.1957933970261365e-06, 0.00011933333735214546, -0.043483711779117584, 1.0, 0.016333334147930145, -3.1957933970261365e-06, 0.0, 0.0, 1.0172526572205243e-06, -0.016214000061154366, 0.0, 0.0]","[1.0, 0.0, 0.0, 1.0833473205566406, 2.0, 0.44577959179878235, 0.22461152076721191, 0.0260162353515625]",-32.78584549530349
6.249999999999986,121.94524383544922,191.93276977539062,5.105909824371338,0.104278564453125,0.4682464599609375,"[0.8975726366043091, 0.8907999992370605, 0.14580297470092773, 0.7400839328765869]","[0.0, 0.0, -3.1957933970261365e-06, 0.00011933333735214546, -0.043483711779117584, 1.0, 0.016333334147930145, -3.1957933970261365e-06, 0.0, 0.0, 1.0172526572205243e-06, -0.016214000061154366, 0.0, 0.0]","[1.0, 0.0, 0.0, 1.0833473205566406, 2.0, 0.44577959179878235, 0.22461152076721191, 0.0260162353515625]",-33.13262217238169
6.299999999999986,122.19539642333984,191.96620178222656,5.0277099609375,0.11212158203125,0.4682464599609375,"[0.8924407958984375, 0.8790000081062317, 0.12530584633350372, 0.7671772241592407]","[0.0, 0.0, -3.1957933970261365e-06, 0.00011933333735214546, -0.043483711779117584, 1.0, 0.016333334147930145, -3.1957933970261365e-06, 0.0, 0.0, 1.0172526572205243e-06, -0.016214000061154366, 0.0, 0.0]","[1.0, 0.0, 0.0, 1.0833473205566406, 2.0, 0.44577959179878235, 0.22461152076721191, 0.0260162353515625]",-33.50243433399002
6.349999999999985,122.44577026367188,192.00323486328125,5.130169868469238,0.12109375,0.4682464599609375,"[0.8991646766662598, 0.8948000073432922, 0.15841548144817352, 0.7704097628593445]","[0.0, 0.0, -3.1957933970261365e-06, 0.00011933333735214546, -0.043483711779117584, 1.0, 0.016333334147930145, -3.1957933970261365e-06, 0.0, 0.0, 1.0172526572205243e-06, -0.016214000061154366, 0.0, 0.0]","[1.0, 0.0, 0.0, 1.0833473205566406, 2.0, 0.44577959179878235, 0.22461152076721191, 0.0260162353515625]",-33.89644501137249
6.399999999999985,122.69773864746094,192.04432678222656,5.083700180053711,0.129669189453125,0.4682464599609375,"[0.8961151838302612, 0.8902999758720398, 0.11593186855316162, 0.8128383159637451]","[0.0, 0.0, -3.1957933970261365e-06, 0.00011933333735214546, -0.043483711779117584, 1.0, 0.016333334147930145, -3.1957933970261365e-06, 0.0, 0.0, 1.0172526572205243e-06, -0.016214000061154366, 0.0, 0.0]","[1.0, 0.0, 0.0, 1.0833473205566406, 2.0, 0.44577959179878235, 0.22461152076721191, 0.0260162353515625]",-34.8109305354006
6.449999999999985,122.94473266601562,192.0874786376953,4.983630180358887,0.137969970703125,0.4920501708984375,"[0.889548122882843, 0.8317000269889832, 0.1658092439174652, 0.9171198606491089]","[0.0, 0.0, -3.1957933970261365e-06, 0.00011933333735214546, -0.043483711779117584, 1.0, 0.016333334147930145, -3.1957933970261365e-06, 0.0, 0.0, 1.0172526572205243e-06, -0.016214000061154366, 0.0, 0.0]","[1.0, 0.0, 0.0, 1.0833473205566406, 2.0, 0.44577959179878235, 0.22461152076721191, 0.0260162353515625]",-35.23255077100869
6.499999999999985,123.1953353881836,192.13671875,5.160150051116943,0.1453857421875,0.5078125,"[0.9011321067810059, 0.8258000016212463, 0.25155243277549744, 0.6449423432350159]","[0.0, 0.0, -3.1957933970261365e-06, 0.00011933333735214546, -0.043483711779117584, 1.0, 0.016333334147930145, -3.1957933970261365e-06, 0.0, 0.0, 1.0172526572205243e-06, -0.016214000061154366, 0.0, 0.0]","[1.0, 0.0, 0.0, 1.0833473205566406, 2.0, 0.44577959179878235, 0.22461152076721191, 0.0260162353515625]",-35.64766139679956
6.549999999999985,123.4459457397461,192.1897735595703,5.098680019378662,0.15191650390625,0.54296875,"[0.897098183631897, 0.767300009727478, 0.10533565282821655, 0.702987015247345]","[0.0, 0.0, -3.1957933970261365e-06, 0.00011933333735214546, -0.043483711779117584, 1.0, 0.016333334147930145, -3.1957933970261365e-06, 0.0, 0.0, 1.0172526572205243e-06, -0.016214000061154366, 0.0, 0.0]","[1.0, 0.0, 0.0, 1.0833473205566406, 2.0, 0.44577959179878235, 0.22461152076721191, 0.0260162353515625]",-36.09709992737115
6.5999999999999845,123.6921615600586,192.24557495117188,5.0335001945495605,0.15875244140625,0.59375,"[0.8928208351135254, 0.6723999977111816, 0.1629573553800583, 0.9741697311401367]","[0.0, 0.0, -3.1957933970261365e-06, 0.00011933333735214546, -0.043483711779117584, 1.0, 0.016333334147930145, -3.1957933970261365e-06, 0.0, 0.0, 1.0172526572205243e-06, -0.016214000061154366, 0.0, 0.0]","[1.0, 0.0, 0.0, 1.0833473205566406, 2.0, 0.44577959179878235, 0.22461152076721191, 0.0260162353515625]",-36.568943416146446
6.649999999999984,123.93890380859375,192.30661010742188,5.200119972229004,0.164794921875,0.625,"[0.9037551879882812, 0.6349999904632568, 0.2413460910320282, 0.7015926241874695]","[0.0, 0.0, -3.1957933970261365e-06, 0.00011933333735214546, -0.043483711779117584, 1.0, 0.016333334147930145, -3.1957933970261365e-06, 0.0, 0.0, 1.0172526572205243e-06, -0.016214000061154366, 0.0, 0.0]","[1.0, 0.0, 0.0, 1.0833473205566406, 2.0, 0.44577959179878235, 0.22461152076721191, 0.0260162353515625]",-37.65521709482039
6.699999999999984,124.19420623779297,192.3755645751953,5.298659801483154,0.171630859375,0.640625,"[0.9102217555046082, 0.6240000128746033, 0.2055186629295349, 0.9022817015647888]","[0.0, 0.0, -3.1957933970261365e-06, 0.00011933333735214546, -0.043483711779117584, 1.0, 0.016333334147930145, -3.1957933970261365e-06, 0.0, 0.0, 1.0172526572205243e-06, -0.016214000061154366, 0.0, 0.0]","[1.0, 0.0, 0.0, 1.0833473205566406, 2.0, 0.44577959179878235, 0.22461152076721191, 0.0260162353515625]",-38.165574513517434
6.749999999999984,124.4471435546875,192.44798278808594,5.252999782562256,0.178436279296875,0.65234375,"[0.9072253704071045, 0.6008999943733215, 0.12731514871120453, 0.819236159324646]","[0.0, 0.0, -3.1957933970261365e-06, 0.00011933333735214546, -0.043483711779117584, 1.0, 0.016333334147930145, -3.1957933970261365e-06, 0.0, 0.0, 1.0172526572205243e-06, -0.016214000061154366, 0.0, 0.0]","[1.0, 0.0, 0.0, 1.0833473205566406, 2.0, 0.44577959179878235, 0.22461152076721191, 0.0260162353515625]",-38.670735838281146
6.799999999999984,124.69710540771484,192.52438354492188,5.230350017547607,0.1846923828125,0.65234375,"[0.9057389497756958, 0.5981000065803528, 0.1448105424642563, 0.9661115407943726]","[0.0, 0.0, -3.1957933970261365e-06, 0.00011933333735214546, -0.043483711779117584, 1.0, 0.016333334147930145, -3.1957933970261365e-06, 0.0, 0.0, 1.0172526572205243e-06, -0.016214000061154366, 0.0, 0.0]","[1.0, 0.0, 0.0, 1.0833473205566406, 2.0, 0.44577959179878235, 0.22461152076721191, 0.0260162353515625]",-39.16858064735368
6.849999999999984,124.94511413574219,192.60552978515625,5.23130989074707,0.18975830078125,0.65234375,"[0.9058019518852234, 0.5979999899864197, 0.13206592202186584, 0.9725398421287537]","[0.0, 0.0, -3.1957933970261365e-06, 0.00011933333735214546, -0.043483711779117584, 1.0, 0.016333334147930145, -3.1957933970261365e-06, 0.0, 0.0, 1.0172526572205243e-06, -0.016214000061154366, 0.0, 0.0]","[1.0, 0.0, 0.0, 1.0833473205566406, 2.0, 0.44577959179878235, 0.22461152076721191, 0.0260162353515625]",-40.305569065960235
6.8999999999999835,125.192138671875,192.69175720214844,5.251649856567383,0.1927490234375,0.6328125,"[0.9071367979049683, 0.6340000033378601, 0.13301168382167816, 0.9737922549247742]","[0.0, 0.0, -3.1957933970261365e-06, 0.00011933333735214546, -0.043483711779117584, 1.0, 0.016333334147930145, -3.1957933970261365e-06, 0.0, 0.0, 1.0172526572205243e-06, -0.016214000061154366, 0.0, 0.0]","[1.0, 0.0, 0.0, 1.0833473205566406, 2.0, 0.44577959179878235, 0.22461152076721191, 0.0260162353515625]",-40.820697409597344
6.949999999999983,125.43782043457031,192.7828826904297,5.247759819030762,0.1944580078125,0.62109375,"[0.9068814516067505, 0.6539000272750854, 0.12919604778289795, 0.9685028791427612]","[0.0, 0.0, -3.1957933970261365e-06, 0.00011933333735214546, -0.043483711779117584, 1.0, 0.016333334147930145, -3.1957933970261365e-06, 0.0, 0.0, 1.0172526572205243e-06, -0.016214000061154366, 0.0, 0.0]","[1.0, 0.0, 0.0, 1.0833473205566406, 2.0, 0.44577959179878235, 0.22461152076721191, 0.0260162353515625]",-41.33355603013474
6.999999999999983,125.6814193725586,192.87852478027344,5.241829872131348,0.19525146484375,0.609375,"[0.9064923524856567, 0.6736000180244446, 0.132425919175148, 0.9926814436912537]","[0.0, 0.0, -3.1957933970261365e-06, 0.00011933333735214546, -0.043483711779117584, 1.0, 0.016333334147930145, -3.1957933970261365e-06, 0.0, 0.0, 1.0172526572205243e-06, -0.016214000061154366, 0.0, 0.0]","[1.0, 0.0, 0.0, 1.0833473205566406, 2.0, 0.44577959179878235, 0.22461152076721191, 0.0260162353515625]",-41.85678787708509
7.049999999999983,125.9320068359375,192.983154296875,5.6608099937438965,0.195953369140625,0.60546875,"[0.9339876770973206, 0.7028999924659729, 0.44741952419281006, 0.5117917656898499]","[0.0, 0.0, -3.1957933970261365e-06, 0.00011933333735214546, -0.043483711779117584, 1.0, 0.016333334147930145, -3.1957933970261365e-06, 0.0, 0.0, 1.0172526572205243e-06, -0.016214000061154366, 0.0, 0.0]","[1.0, 0.0, 0.0, 1.0833473205566406, 2.0, 0.44577959179878235, 0.22461152076721191, 0.0260162353515625]",-42.84484422492187
7.099999999999983,126.20296478271484,193.10340881347656,6.069530010223389,0.199676513671875,0.6015625,"[0.9608097076416016, 0.7692999839782715, 0.5195432901382446, 0.9322309494018555]","[0.0, 0.0, -3.1957933970261365e-06, 0.00011933333735214546, -0.043483711779117584, 1.0, 0.016333334147930145, -3.1957933970261365e-06, 0.0, 0.0, 1.0172526572205243e-06, -0.016214000061154366, 0.0, 0.0]","[1.0, 0.0, 0.0, 1.0833473205566406, 2.0, 0.44577959179878235, 0.22461152076721191, 0.0260162353515625]",-42.97045635739344
7.149999999999983,126.48648834228516,193.23684692382812,6.378809928894043,0.207122802734375,0.578125,"[0.9811060428619385, 0.8640000224113464, 0.4370526969432831, 0.8405287861824036]","[0.0, 0.0, -3.1957933970261365e-06, 0.00011933333735214546, -0.043483711779117584, 1.0, 0.016333334147930145, -3.1957933970261365e-06, 0.0, 0.0, 1.0172526572205243e-06, -0.016214000061154366, 0.0, 0.0]","[1.0, 0.0, 0.0, 1.0833473205566406, 2.0, 0.44577959179878235, 0.22461152076721191, 0.0260162353515625]",-43.09379730841893
7.199999999999982,126.7762680053711,193.38145446777344,6.526020050048828,0.21710205078125,0.56640625,"[0.9907666444778442, 0.9194999933242798, 0.3054545223712921, 0.7691601514816284]","[0.0, 0.0, -3.1957933970261365e-06, 0.00011933333735214546, -0.043483711779117584, 1.0, 0.016333334147930145, -3.1957933970261365e-06, 0.0, 0.0, 1.0172526572205243e-06, -0.016214000061154366, 0.0, 0.0]","[1.0, 0.0, 0.0, 1.0833473205566406, 2.0, 0.44577959179878235, 0.22461152076721191, 0.0260162353515625]",-43.205064302388266
7.249999999999982,127.07018280029297,193.537841796875,6.7476701736450195,0.226837158203125,0.56640625,"[0.9946876764297485, 0.9447000026702881, 0.38552701473236084, 0.8816488981246948]","[0.0, 0.0, -3.1957933970261365e-06, 0.00011933333735214546, -0.043483711779117584, 1.0, 0.016333334147930145, -3.1957933970261365e-06, 0.0, 0.0, 1.0172526572205243e-06, -0.016214000061154366, 0.0, 0.0]","[1.0, 0.0, 0.0, 1.0833473205566406, 2.0, 0.44577959179878235, 0.22461152076721191, 0.0260162353515625]",-43.591012053159446
7.299999999999982,127.3652572631836,193.7053680419922,6.8455400466918945,0.23553466796875,0.56640625,"[0.9882650375366211, 0.9646999835968018, 0.28398504853248596, 0.8197050094604492]","[0.0, 0.0, -3.1957933970261365e-06, 0.00011933333735214546, -0.043483711779117584, 1.0, 0.016333334147930145, -3.1957933970261365e-06, 0.0, 0.0, 1.0172526572205243e-06, -0.016214000061154366, 0.0, 0.0]","[1.0, 0.0, 0.0, 1.0833473205566406, 2.0, 0.44577959179878235, 0.22461152076721191, 0.0260162353515625]",-43.61274086829938
7.349999999999982,127.658447265625,193.88287353515625,6.893919944763184,0.244537353515625,0.56640625,"[0.9850901365280151, 0.9732000231742859, 0.23766812682151794, 0.9198122024536133]","[0.0, 0.0, -3.1957933970261365e-06, 0.00011933333735214546, -0.043483711779117584, 1.0, 0.016333334147930145, -3.1957933970261365e-06, 0.0, 0.0, 1.0172526572205243e-06, -0.016214000061154366, 0.0, 0.0]","[1.0, 0.0, 0.0, 1.0833473205566406, 2.0, 0.44577959179878235, 0.22461152076721191, 0.0260162353515625]",-43.597111678919354
7.399999999999982,127.94841766357422,194.0702362060547,6.953030109405518,0.254791259765625,0.56640625,"[0.9812110662460327, 0.9793999791145325, 0.2631252706050873, 0.952985942363739]","[0.0, 0.0, -3.1957933970261365e-06, 0.00011933333735214546, -0.043483711779117584, 1.0, 0.016333334147930145, -3.1957933970261365e-06, 0.0, 0.0, 1.0172526572205243e-06, -0.016214000061154366, 0.0, 0.0]","[1.0, 0.0, 0.0, 1.0833473205566406, 2.0, 0.44577959179878235, 0.22461152076721191, 0.0260162353515625]",-43.549450289476404
7.4499999999999815,128.23423767089844,194.26861572265625,7.00478982925415,0.267303466796875,0.56640625,"[0.9778143167495728, 0.9847000241279602, 0.27406591176986694, 0.9550790190696716]","[0.0, 0.0, -3.1957933970261365e-06, 0.00011933333735214546, -0.043483711779117584, 1.0, 0.016333334147930145, -3.1957933970261365e-06, 0.0, 0.0, 1.0172526572205243e-06, -0.016214000061154366, 0.0, 0.0]","[1.0, 0.0, 0.0, 1.0833473205566406, 2.0, 0.44577959179878235, 0.22461152076721191, 0.0260162353515625]",-43.651593012378754
7.499999999999981,128.51531982421875,194.4783935546875,7.066349983215332,0.2823486328125,0.5390625,"[0.9737744927406311, 1.0, 0.2974351644515991, 0.9529884457588196]","[0.0, 0.0, -3.1957933970261365e-06, 0.00011933333735214546, -0.043483711779117584, 1.0, 0.016333334147930145, -3.1957933970261365e-06, 0.0, 0.0, 1.0172526572205243e-06, -0.016214000061154366, 0.0, 0.0]","[1.0, 0.0, 0.0, 1.0833473205566406, 2.0, 0.44577959179878235, 0.22461152076721191, 0.0260162353515625]",-43.557588021912416
7.549999999999981,128.79013061523438,194.70025634765625,7.107950210571289,0.298614501953125,0.4801483154296875,"[0.9710444808006287, 1.0, 0.2956258952617645, 0.9449024200439453]","[0.0, 0.0, -3.1957933970261365e-06, 0.00011933333735214546, -0.043483711779117584, 1.0, 0.016333334147930145, -3.1957933970261365e-06, 0.0, 0.0, 1.0172526572205243e-06, -0.016214000061154366, 0.0, 0.0]","[1.0, 0.0, 0.0, 1.0833473205566406, 2.0, 0.44577959179878235, 0.22461152076721191, 0.0260162353515625]",-43.450815656293166
7.599999999999981,129.05740356445312,194.9338836669922,7.144869804382324,0.316986083984375,0.408721923828125,"[0.9686216711997986, 1.0, 0.3037779927253723, 0.9516421556472778]","[0.0, 0.0, -3.1957933970261365e-06, 0.00011933333735214546, -0.043483711779117584, 1.0, 0.016333334147930145, -3.1957933970261365e-06, 0.0, 0.0, 1.0172526572205243e-06, -0.016214000061154366, 0.0, 0.0]","[1.0, 0.0, 0.0, 1.0833473205566406, 2.0, 0.44577959179878235, 0.22461152076721191, 0.0260162353515625]",-43.33514716406549
7.649999999999981,129.31527709960938,195.17898559570312,7.150450229644775,0.329376220703125,0.3690338134765625,"[0.9682554602622986, 1.0, 0.3163140118122101, 0.940274715423584]","[0.0, 0.0, -3.1957933970261365e-06, 0.00011933333735214546, -0.043483711779117584, 1.0, 0.016333334147930145, -3.1957933970261365e-06, 0.0, 0.0, 1.0172526572205243e-06, -0.016214000061154366, 0.0, 0.0]","[1.0, 0.0, 0.0, 1.0833473205566406, 2.0, 0.44577959179878235, 0.22461152076721191, 0.0260162353515625]",-43.38698199472505
7.699999999999981,129.56309509277344,195.4342803955078,7.151730060577393,0.3328857421875,0.3372955322265625,"[0.9681714773178101, 1.0, 0.3169344961643219, 0.9654109477996826]","[0.0, 0.0, -3.1957933970261365e-06, 0.00011933333735214546, -0.043483711779117584, 1.0, 0.016333334147930145, -3.1957933970261365e-06, 0.0, 0.0, 1.0172526572205243e-06, -0.016214000061154366, 0.0, 0.0]","[1.0, 0.0, 0.0, 1.0833473205566406, 2.0, 0.44577959179878235, 0.22461152076721191, 0.0260162353515625]",-43.255462642564886
7.7499999999999805,129.7997589111328,195.69895935058594,7.1301798820495605,0.332122802734375,0.3372955322265625,"[0.969585657119751, 1.0, 0.3345920741558075, 0.9473102688789368]","[0.0, 0.0, -3.1957933970261365e-06, 0.00011933333735214546, -0.043483711779117584, 1.0, 0.016333334147930145, -3.1957933970261365e-06, 0.0, 0.0, 1.0172526572205243e-06, -0.016214000061154366, 0.0, 0.0]","[1.0, 0.0, 0.0, 1.0833473205566406, 2.0, 0.44577959179878235, 0.22461152076721191, 0.0260162353515625]",-43.111323179120575
7.79999999999998,130.0250701904297,195.9718780517578,7.107560157775879,0.32965087890625,0.3372955322265625,"[0.9710700511932373, 1.0, 0.32470810413360596, 0.9678898453712463]","[0.0, 0.0, -3.1957933970261365e-06, 0.00011933333735214546, -0.043483711779117584, 1.0, 0.016333334147930145, -3.1957933970261365e-06, 0.0, 0.0, 1.0172526572205243e-06, -0.016214000061154366, 0.0, 0.0]","[1.0, 0.0, 0.0, 1.0833473205566406, 2.0, 0.44577959179878235, 0.22461152076721191, 0.0260162353515625]",-42.95562251122986
7.84999999999998,130.23818969726562,196.25241088867188,7.070650100708008,0.32659912109375,0.3372955322265625,"[0.9734922647476196, 1.0, 0.33794108033180237, 0.9538471102714539]","[0.0, 0.0, -3.1957933970261365e-06, 0.00011933333735214546, -0.043483711779117584, 1.0, 0.016333334147930145, -3.1957933970261365e-06, 0.0, 0.0, 1.0172526572205243e-06, -0.016214000061154366, 0.0, 0.0]","[1.0, 0.0, 0.0, 1.0833473205566406, 2.0, 0.44577959179878235, 0.22461152076721191, 0.0260162353515625]",-42.97403038626907
7.89999999999998,130.4391326904297,196.5396270751953,7.034589767456055,0.324371337890625,0.3372955322265625,"[0.975858747959137, 1.0, 0.3283745050430298, 0.9688971638679504]","[0.0, 0.0, -3.1957933970261365e-06, 0.00011933333735214546, -0.043483711779117584, 1.0, 0.016333334147930145, -3.1957933970261365e-06, 0.0, 0.0, 1.0172526572205243e-06, -0.016214000061154366, 0.0, 0.0]","[1.0, 0.0, 0.0, 1.0833473205566406, 2.0, 0.44577959179878235, 0.22461152076721191, 0.0260162353515625]",-42.81176619410601
7.94999999999998,130.62710571289062,196.83297729492188,6.987420082092285,0.323822021484375,0.3372955322265625,"[0.9789541959762573, 1.0, 0.34327074885368347, 0.9556533694267273]","[0.0, 0.0, -3.1957933970261365e-06, 0.00011933333735214546, -0.043483711779117584, 1.0, 0.016333334147930145, -3.1957933970261365e-06, 0.0, 0.0, 1.0172526572205243e-06, -0.016214000061154366, 0.0, 0.0]","[1.0, 0.0, 0.0, 1.0833473205566406, 2.0, 0.44577959179878235, 0.22461152076721191, 0.0260162353515625]",-42.64417856158355
7.99999999999998,130.80221557617188,197.13156127929688,6.942130088806152,0.323822021484375,0.3174591064453125,"[0.9819263219833374, 1.0, 0.3338048458099365, 0.9681518077850342]","[0.0, 0.0, -3.1957933970261365e-06, 0.00011933333735214546, -0.043483711779117584, 1.0, 0.016333334147930145, -3.1957933970261365e-06, 0.0, 0.0, 1.0172526572205243e-06, -0.016214000061154366, 0.0, 0.0]","[1.0, 0.0, 0.0, 1.0833473205566406, 2.0, 0.44577959179878235, 0.22461152076721191, 0.0260162353515625]",-42.472632810455075
8.04999999999998,130.96380615234375,197.43466186523438,6.883049964904785,0.323760986328125,0.24603271484375,"[0.985803484916687, 1.0, 0.34905144572257996, 0.9511827826499939]","[0.0, 0.0, -3.1957933970261365e-06, 0.00011933333735214546, -0.043483711779117584, 1.0, 0.016333334147930145, -3.1957933970261365e-06, 0.0, 0.0, 1.0172526572205243e-06, -0.016214000061154366, 0.0, 0.0]","[1.0, 0.0, 0.0, 1.0833473205566406, 2.0, 0.44577959179878235, 0.22461152076721191, 0.0260162353515625]",-42.455480126668576
8.09999999999998,131.1121826171875,197.7410430908203,6.8201398849487305,0.3218994140625,0.2261962890625,"[0.9899318814277649, 1.0, 0.3381841778755188, 0.9580799341201782]","[0.0, 0.0, -3.1957933970261365e-06, 0.00011933333735214546, -0.043483711779117584, 1.0, 0.016333334147930145, -3.1957933970261365e-06, 0.0, 0.0, 1.0172526572205243e-06, -0.016214000061154366, 0.0, 0.0]","[1.0, 0.0, 0.0, 1.0833473205566406, 2.0, 0.44577959179878235, 0.22461152076721191, 0.0260162353515625]",-42.277351662428444
8.14999999999998,131.2470245361328,198.04981994628906,6.744009971618652,0.317535400390625,0.2261962890625,"[0.9949278831481934, 1.0, 0.3468320667743683, 0.9487503170967102]","[0.0, 0.0, -3.1957933970261365e-06, 0.00011933333735214546, -0.043483711779117584, 1.0, 0.016333334147930145, -3.1957933970261365e-06, 0.0, 0.0, 1.0172526572205243e-06, -0.016214000061154366, 0.0, 0.0]","[1.0, 0.0, 0.0, 1.0833473205566406, 2.0, 0.44577959179878235, 0.22461152076721191, 0.0260162353515625]",-42.10031040187201
8.199999999999982,131.36907958984375,198.35980224609375,6.668409824371338,0.3109130859375,0.2261962890625,"[0.9998891353607178, 1.0, 0.32649141550064087, 0.9545217752456665]","[0.0, 0.0, -3.1957933970261365e-06, 0.00011933333735214546, -0.043483711779117584, 1.0, 0.016333334147930145, -3.1957933970261365e-06, 0.0, 0.0, 1.0172526572205243e-06, -0.016214000061154366, 0.0, 0.0]","[1.0, 0.0, 0.0, 1.0833473205566406, 2.0, 0.44577959179878235, 0.22461152076721191, 0.0260162353515625]",-41.928208097297286
8.249999999999982,131.47833251953125,198.6703643798828,6.584839820861816,0.30316162109375,0.2261962890625,"[0.9946266412734985, 1.0, 0.32896217703819275, 0.9529575109481812]","[0.0, 0.0, -3.1957933970261365e-06, 0.00011933333735214546, -0.043483711779117584, 1.0, 0.016333334147930145, -3.1957933970261365e-06, 0.0, 0.0, 1.0172526572205243e-06, -0.016214000061154366, 0.0, 0.0]","[1.0, 0.0, 0.0, 1.0833473205566406, 2.0, 0.44577959179878235, 0.22461152076721191, 0.0260162353515625]",-41.898938529924294
8.299999999999983,131.57562255859375,198.9806365966797,6.502769947052002,0.297088623046875,0.2261962890625,"[0.9892408847808838, 1.0, 0.31119248270988464, 0.9573419094085693]","[0.0, 0.0, -3.1957933970261365e-06, 0.00011933333735214546, -0.043483711779117584, 1.0, 0.016333334147930145, -3.1957933970261365e-06, 0.0, 0.0, 1.0172526572205243e-06, -0.016214000061154366, 0.0, 0.0]","[1.0, 0.0, 0.0, 1.0833473205566406, 2.0, 0.44577959179878235, 0.22461152076721191, 0.0260162353515625]",-41.72403734337834
8.349999999999984,131.66116333007812,199.29010009765625,6.417709827423096,0.28564453125,0.26190185546875,"[0.9836588501930237, 1.0, 0.30418768525123596, 0.9546693563461304]","[0.0, 0.0, -3.1957933970261365e-06, 0.00011933333735214546, -0.043483711779117584, 1.0, 0.016333334147930145, -3.1957933970261365e-06, 0.0, 0.0, 1.0172526572205243e-06, -0.016214000061154366, 0.0, 0.0]","[1.0, 0.0, 0.0, 1.0833473205566406, 2.0, 0.44577959179878235, 0.22461152076721191, 0.0260162353515625]",-41.55916307270357
8.399999999999984,131.73654174804688,199.59815979003906,6.340869903564453,0.26837158203125,0.27777099609375,"[0.9786162376403809, 1.0, 0.26707780361175537, 0.9449442028999329]","[0.0, 0.0, -3.1957933970261365e-06, 0.00011933333735214546, -0.043483711779117584, 1.0, 0.016333334147930145, -3.1957933970261365e-06, 0.0, 0.0, 1.0172526572205243e-06, -0.016214000061154366, 0.0, 0.0]","[1.0, 0.0, 0.0, 1.0833473205566406, 2.0, 0.44577959179878235, 0.22461152076721191, 0.0260162353515625]",-41.3962419885717
8.449999999999985,131.80130004882812,199.9047088623047,6.25993013381958,0.247467041015625,0.2936553955078125,"[0.9733046293258667, 1.0, 0.285148561000824, 0.9551833271980286]","[0.0, 0.0, -3.1957933970261365e-06, 0.00011933333735214546, -0.043483711779117584, 1.0, 0.016333334147930145, -3.1957933970261365e-06, 0.0, 0.0, 1.0172526572205243e-06, -0.016214000061154366, 0.0, 0.0]","[1.0, 0.0, 0.0, 1.0833473205566406, 2.0, 0.44577959179878235, 0.22461152076721191, 0.0260162353515625]",-41.396957176670576
8.499999999999986,131.85826110839844,200.20936584472656,6.194519996643066,0.2279052734375,0.3452301025390625,"[0.9690121412277222, 1.0, 0.20384879410266876, 0.9083684682846069]","[0.0, 0.0, -3.1957933970261365e-06, 0.00011933333735214546, -0.043483711779117584, 1.0, 0.016333334147930145, -3.1957933970261365e-06, 0.0, 0.0, 1.0172526572205243e-06, -0.016214000061154366, 0.0, 0.0]","[1.0, 0.0, 0.0, 1.0833473205566406, 2.0, 0.44577959179878235, 0.22461152076721191, 0.0260162353515625]",-41.24173292836935
8.549999999999986,131.90809631347656,200.51234436035156,6.135700225830078,0.20745849609375,0.380950927734375,"[0.9651521444320679, 1.0, 0.19356834888458252, 0.9598739743232727]","[0.0, 0.0, -3.1957933970261365e-06, 0.00011933333735214546, -0.043483711779117584, 1.0, 0.016333334147930145, -3.1957933970261365e-06, 0.0, 0.0, 1.0172526572205243e-06, -0.016214000061154366, 0.0, 0.0]","[1.0, 0.0, 0.0, 1.0833473205566406, 2.0, 0.44577959179878235, 0.22461152076721191, 0.0260162353515625]",-41.09044353007425
8.599999999999987,131.95184326171875,200.8136444091797,6.084280014038086,0.18975830078125,0.408721923828125,"[0.9617776870727539, 1.0, 0.17346373200416565, 0.9658113718032837]","[0.0, 0.0, -3.1957933970261365e-06, 0.00011933333735214546, -0.043483711779117584, 1.0, 0.016333334147930145, -3.1957933970261365e-06, 0.0, 0.0, 1.0172526572205243e-06, -0.016214000061154366, 0.0, 0.0]","[1.0, 0.0, 0.0, 1.0833473205566406, 2.0, 0.44577959179878235, 0.22461152076721191, 0.0260162353515625]",-40.944611678834995
8.649999999999988,131.98965454101562,201.1136932373047,6.0437397956848145,0.17291259765625,0.432525634765625,"[0.9591172933578491, 1.0, 0.1560610979795456, 0.9572131633758545]","[0.0, 0.0, -3.1957933970261365e-06, 0.00011933333735214546, -0.043483711779117584, 1.0, 0.016333334147930145, -3.1957933970261365e-06, 0.0, 0.0, 1.0172526572205243e-06, -0.016214000061154366, 0.0, 0.0]","[1.0, 0.0, 0.0, 1.0833473205566406, 2.0, 0.44577959179878235, 0.22461152076721191, 0.0260162353515625]",-40.9526341212919
8.699999999999989,132.02273559570312,201.41262817382812,6.012279987335205,0.1568603515625,0.452362060546875,"[0.9570527076721191, 1.0, 0.1354382336139679, 0.9672998189926147]","[0.0, 0.0, -3.1957933970261365e-06, 0.00011933333735214546, -0.043483711779117584, 1.0, 0.016333334147930145, -3.1957933970261365e-06, 0.0, 0.0, 1.0172526572205243e-06, -0.016214000061154366, 0.0, 0.0]","[1.0, 0.0, 0.0, 1.0833473205566406, 2.0, 0.44577959179878235, 0.22461152076721191, 0.0260162353515625]",-40.82097604310707
8.74999999999999,132.05116271972656,201.71096801757812,5.9929399490356445,0.14276123046875,0.4880828857421875,"[0.9557835459709167, 1.0, 0.11877229809761047, 0.9609605669975281]","[0.0, 0.0, -3.1957933970261365e-06, 0.00011933333735214546, -0.043483711779117584, 1.0, 0.016333334147930145, -3.1957933970261365e-06, 0.0, 0.0, 1.0172526572205243e-06, -0.016214000061154366, 0.0, 0.0]","[1.0, 0.0, 0.0, 1.0833473205566406, 2.0, 0.44577959179878235, 0.22461152076721191, 0.0260162353515625]",-40.692117244875945
8.79999999999999,132.07603454589844,202.0090789794922,5.985109806060791,0.127899169921875,0.5,"[0.9552696943283081, 0.9882000088691711, 0.09724219888448715, 0.9688947796821594]","[0.0, 0.0, -3.1957933970261365e-06, 0.00011933333735214546, -0.043483711779117584, 1.0, 0.016333334147930145, -3.1957933970261365e-06, 0.0, 0.0, 1.0172526572205243e-06, -0.016214000061154366, 0.0, 0.0]","[1.0, 0.0, 0.0, 1.0833473205566406, 2.0, 0.44577959179878235, 0.22461152076721191, 0.0260162353515625]",-40.56633223653723
8.84999999999999,132.09739685058594,202.30755615234375,5.989560127258301,0.1142578125,0.50390625,"[0.9555617570877075, 0.9819999933242798, 0.07705862820148468, 0.9628206491470337]","[0.0, 0.0, -3.1957933970261365e-06, 0.00011933333735214546, -0.043483711779117584, 1.0, 0.016333334147930145, -3.1957933970261365e-06, 0.0, 0.0, 1.0172526572205243e-06, -0.016214000061154366, 0.0, 0.0]","[1.0, 0.0, 0.0, 1.0833473205566406, 2.0, 0.44577959179878235, 0.22461152076721191, 0.0260162353515625]",-40.61454673944345
8.899999999999991,132.1160888671875,202.60675048828125,6.002930164337158,0.103271484375,0.5078125,"[0.9564391374588013, 0.9768000245094299, 0.08629846572875977, 0.9742819666862488]","[0.0, 0.0, -3.1957933970261365e-06, 0.00011933333735214546, -0.043483711779117584, 1.0, 0.016333334147930145, -3.1957933970261365e-06, 0.0, 0.0, 1.0172526572205243e-06, -0.016214000061154366, 0.0, 0.0]","[1.0, 0.0, 0.0, 1.0833473205566406, 2.0, 0.44577959179878235, 0.22461152076721191, 0.0260162353515625]",-40.504571874916095
8.949999999999992,132.1318359375,202.9071502685547,6.02524995803833,0.094696044921875,0.5078125,"[0.9579038619995117, 0.9803000092506409, 0.08331824094057083, 0.9678846597671509]","[0.0, 0.0, -3.1957933970261365e-06, 0.00011933333735214546, -0.043483711779117584, 1.0, 0.016333334147930145, -3.1957933970261365e-06, 0.0, 0.0, 1.0172526572205243e-06, -0.016214000061154366, 0.0, 0.0]","[1.0, 0.0, 0.0, 1.0833473205566406, 2.0, 0.44577959179878235, 0.22461152076721191, 0.0260162353515625]",-40.3950747654356
8.999999999999993,132.14532470703125,203.208984375,6.053890228271484,0.0867919921875,0.5078125,"[0.9597833752632141, 0.9850000143051147, 0.09551823884248734, 0.9748932719230652]","[0.0, 0.0, -3.1957933970261365e-06, 0.00011933333735214546, -0.043483711779117584, 1.0, 0.016333334147930145, -3.1957933970261365e-06, 0.0, 0.0, 1.0172526572205243e-06, -0.016214000061154366, 0.0, 0.0]","[1.0, 0.0, 0.0, 1.0833473205566406, 2.0, 0.44577959179878235, 0.22461152076721191, 0.0260162353515625]",-40.28848277777449
9.049999999999994,132.15623474121094,203.5125274658203,6.087979793548584,0.0804443359375,0.5078125,"[0.9620205163955688, 0.9902999997138977, 0.0852096676826477, 0.9715361595153809]","[0.0, 0.0, -3.1957933970261365e-06, 0.00011933333735214546, -0.043483711779117584, 1.0, 0.016333334147930145, -3.1957933970261365e-06, 0.0, 0.0, 1.0172526572205243e-06, -0.016214000061154366, 0.0, 0.0]","[1.0, 0.0, 0.0, 1.0833473205566406, 2.0, 0.44577959179878235, 0.22461152076721191, 0.0260162353515625]",-40.3614746293716
9.099999999999994,132.16534423828125,203.81800842285156,6.126369953155518,0.072235107421875,0.5078125,"[0.9645398259162903, 0.9968000054359436, 0.09548702836036682, 0.9731857776641846]","[0.0, 0.0, -3.1957933970261365e-06, 0.00011933333735214546, -0.043483711779117584, 1.0, 0.016333334147930145, -3.1957933970261365e-06, 0.0, 0.0, 1.0172526572205243e-06, -0.016214000061154366, 0.0, 0.0]","[1.0, 0.0, 0.0, 1.0833473205566406, 2.0, 0.44577959179878235, 0.22461152076721191, 0.0260162353515625]",-40.26510216272003
9.149999999999995,132.172607421875,204.1255645751953,6.168489933013916,0.061553955078125,0.5078125,"[0.9673039317131042, 1.0, 0.07347032427787781, 0.9657537341117859]","[0.0, 0.0, -3.1957933970261365e-06, 0.00011933333735214546, -0.043483711779117584, 1.0, 0.016333334147930145, -3.1957933970261365e-06, 0.0, 0.0, 1.0172526572205243e-06, -0.016214000061154366, 0.0, 0.0]","[1.0, 0.0, 0.0, 1.0833473205566406, 2.0, 0.44577959179878235, 0.22461152076721191, 0.0260162353515625]",-40.173992148450566
9.199999999999996,132.17884826660156,204.435302734375,6.212389945983887,0.051910400390625,0.5078125,"[0.9701848030090332, 1.0, 0.08104526996612549, 0.9748950004577637]","[0.0, 0.0, -3.1957933970261365e-06, 0.00011933333735214546, -0.043483711779117584, 1.0, 0.016333334147930145, -3.1957933970261365e-06, 0.0, 0.0, 1.0172526572205243e-06, -0.016214000061154366, 0.0, 0.0]","[1.0, 0.0, 0.0, 1.0833473205566406, 2.0, 0.44577959179878235, 0.22461152076721191, 0.0260162353515625]",-40.09145799931461
9.249999999999996,132.18386840820312,204.7473602294922,6.259180068969727,0.042938232421875,0.5078125,"[0.9732553958892822, 1.0, 0.062285710126161575, 0.9696547985076904]","[0.0, 0.0, -3.1957933970261365e-06, 0.00011933333735214546, -0.043483711779117584, 1.0, 0.016333334147930145, -3.1957933970261365e-06, 0.0, 0.0, 1.0172526572205243e-06, -0.016214000061154366, 0.0, 0.0]","[1.0, 0.0, 0.0, 1.0833473205566406, 2.0, 0.44577959179878235, 0.22461152076721191, 0.0260162353515625]",-40.22970494564234
9.299999999999997,132.1883544921875,205.061767578125,6.305980205535889,0.0345458984375,0.5078125,"[0.9763266444206238, 1.0, 0.06950197368860245, 0.9765312075614929]","[0.0, 0.0, -3.1957933970261365e-06, 0.00011933333735214546, -0.043483711779117584, 1.0, 0.016333334147930145, -3.1957933970261365e-06, 0.0, 0.0, 1.0172526572205243e-06, -0.016214000061154366, 0.0, 0.0]","[1.0, 0.0, 0.0, 1.0833473205566406, 2.0, 0.44577959179878235, 0.22461152076721191, 0.0260162353515625]",-40.168813466031345
9.349999999999998,132.19203186035156,205.37860107421875,6.35575008392334,0.027740478515625,0.51953125,"[0.9795928001403809, 1.0, 0.053545936942100525, 0.9715977311134338]","[0.0, 0.0, -3.1957933970261365e-06, 0.00011933333735214546, -0.043483711779117584, 1.0, 0.016333334147930145, -3.1957933970261365e-06, 0.0, 0.0, 1.0172526572205243e-06, -0.016214000061154366, 0.0, 0.0]","[1.0, 0.0, 0.0, 1.0833473205566406, 2.0, 0.44577959179878235, 0.22461152076721191, 0.0260162353515625]",-40.11487667223255
9.399999999999999,132.19540405273438,205.69796752929688,6.407360076904297,0.022918701171875,0.5390625,"[0.9829796552658081, 0.9763000011444092, 0.06697890162467957, 0.97776859998703]","[0.0, 0.0, -3.1957933970261365e-06, 0.00011933333735214546, -0.043483711779117584, 1.0, 0.016333334147930145, -3.1957933970261365e-06, 0.0, 0.0, 1.0172526572205243e-06, -0.016214000061154366, 0.0, 0.0]","[1.0, 0.0, 0.0, 1.0833473205566406, 2.0, 0.44577959179878235, 0.22461152076721191, 0.0260162353515625]",-40.06916790525217
9.45,132.19813537597656,206.02011108398438,6.465640068054199,0.018218994140625,0.5625,"[0.9868042469024658, 0.934499979019165, 0.055520880967378616, 0.967490017414093]","[0.0, 0.0, -3.1957933970261365e-06, 0.00011933333735214546, -0.043483711779117584, 1.0, 0.016333334147930145, -3.1957933970261365e-06, 0.0, 0.0, 1.0172526572205243e-06, -0.016214000061154366, 0.0, 0.0]","[1.0, 0.0, 0.0, 1.0833473205566406, 2.0, 0.44577959179878235, 0.22461152076721191, 0.0260162353515625]",-40.27421170586661
9.5,132.20086669921875,206.34536743164062,6.530059814453125,0.013275146484375,0.578125,"[0.9910317659378052, 0.909600019454956, 0.07001583278179169, 0.9700818061828613]","[0.0, 0.0, -3.1957933970261365e-06, 0.00011933333735214546, -0.043483711779117584, 1.0, 0.016333334147930145, -3.1957933970261365e-06, 0.0, 0.0, 1.0172526572205243e-06, -0.016214000061154366, 0.0, 0.0]","[1.0, 0.0, 0.0, 1.0833473205566406, 2.0, 0.44577959179878235, 0.22461152076721191, 0.0260162353515625]",-40.26190719347995
9.55,132.2031707763672,206.67413330078125,6.602419853210449,0.010650634765625,0.578125,"[0.995780348777771, 0.9189000129699707, 0.06791472434997559, 0.9650717377662659]","[0.0, 0.0, -3.1957933970261365e-06, 0.00011933333735214546, -0.043483711779117584, 1.0, 0.016333334147930145, -3.1957933970261365e-06, 0.0, 0.0, 1.0172526572205243e-06, -0.016214000061154366, 0.0, 0.0]","[1.0, 0.0, 0.0, 1.0833473205566406, 2.0, 0.44577959179878235, 0.22461152076721191, 0.0260162353515625]",-40.27002098851129
9.600000000000001,132.20541381835938,207.00665283203125,6.679230213165283,0.00970458984375,0.578125,"[0.9991790056228638, 0.9291999936103821, 0.08173449337482452, 0.9703598618507385]","[0.0, 0.0, -3.1957933970261365e-06, 0.00011933333735214546, -0.043483711779117584, 1.0, 0.016333334147930145, -3.1957933970261365e-06, 0.0, 0.0, 1.0172526572205243e-06, -0.016214000061154366, 0.0, 0.0]","[1.0, 0.0, 0.0, 1.0833473205566406, 2.0, 0.44577959179878235, 0.22461152076721191, 0.0260162353515625]",-40.28310518093093
9.650000000000002,132.2071075439453,207.3431396484375,6.760499954223633,0.009552001953125,0.578125,"[0.9938457012176514, 0.9399999976158142, 0.08036922663450241, 0.9687719941139221]","[0.0, 0.0, -3.1957933970261365e-06, 0.00011933333735214546, -0.043483711779117584, 1.0, 0.016333334147930145, -3.1957933970261365e-06, 0.0, 0.0, 1.0172526572205243e-06, -0.016214000061154366, 0.0, 0.0]","[1.0, 0.0, 0.0, 1.0833473205566406, 2.0, 0.44577959179878235, 0.22461152076721191, 0.0260162353515625]",-40.59119173587897
9.700000000000003,132.20872497558594,207.6837615966797,6.84296989440918,0.008331298828125,0.5546875,"[0.9884337186813354, 1.0, 0.08644307404756546, 0.9729796051979065]","[0.0, 0.0, -3.1957933970261365e-06, 0.00011933333735214546, -0.043483711779117584, 1.0, 0.016333334147930145, -3.1957933970261365e-06, 0.0, 0.0, 1.0172526572205243e-06, -0.016214000061154366, 0.0, 0.0]","[1.0, 0.0, 0.0, 1.0833473205566406, 2.0, 0.44577959179878235, 0.22461152076721191, 0.0260162353515625]",-40.63654540186567
9.750000000000004,132.2098846435547,208.02842712402344,6.924079895019531,0.00738525390625,0.55078125,"[0.9831109046936035, 1.0, 0.07922593504190445, 0.9731547832489014]","[0.0, 0.0, -3.1957933970261365e-06, 0.00011933333735214546, -0.043483711779117584, 1.0, 0.016333334147930145, -3.1957933970261365e-06, 0.0, 0.0, 1.0172526572205243e-06, -0.016214000061154366, 0.0, 0.0]","[1.0, 0.0, 0.0, 1.0833473205566406, 2.0, 0.44577959179878235, 0.22461152076721191, 0.0260162353515625]",-40.72501850702393
9.800000000000004,132.21090698242188,208.37704467773438,7.002220153808594,0.00830078125,0.53125,"[0.9779829978942871, 1.0, 0.08477406203746796, 0.9708695411682129]","[0.0, 0.0, -3.1957933970261365e-06, 0.00011933333735214546, -0.043483711779117584, 1.0, 0.016333334147930145, -3.1957933970261365e-06, 0.0, 0.0, 1.0172526572205243e-06, -0.016214000061154366, 0.0, 0.0]","[1.0, 0.0, 0.0, 1.0833473205566406, 2.0, 0.44577959179878235, 0.22461152076721191, 0.0260162353515625]",-40.832772015446075
9.850000000000005,132.2111358642578,208.7294158935547,7.074900150299072,0.01080322265625,0.51171875,"[0.9732133746147156, 1.0, 0.07838285714387894, 0.9683247208595276]","[0.0, 0.0, -3.1957933970261365e-06, 0.00011933333735214546, -0.043483711779117584, 1.0, 0.016333334147930145, -3.1957933970261365e-06, 0.0, 0.0, 1.0172526572205243e-06, -0.016214000061154366, 0.0, 0.0]","[1.0, 0.0, 0.0, 1.0833473205566406, 2.0, 0.44577959179878235, 0.22461152076721191, 0.0260162353515625]",-41.34056490195139
9.900000000000006,132.21080017089844,209.08518981933594,7.141560077667236,0.014190673828125,0.50390625,"[0.9688388705253601, 1.0, 0.08498813211917877, 0.9673863649368286]","[0.0, 0.0, -3.1957933970261365e-06, 0.00011933333735214546, -0.043483711779117584, 1.0, 0.016333334147930145, -3.1957933970261365e-06, 0.0, 0.0, 1.0172526572205243e-06, -0.016214000061154366, 0.0, 0.0]","[1.0, 0.0, 0.0, 1.0833473205566406, 2.0, 0.44577959179878235, 0.22461152076721191, 0.0260162353515625]",-41.49856615411369
9.950000000000006,132.20948791503906,209.44406127929688,7.2017598152160645,0.014984130859375,0.5,"[0.9648882746696472, 1.0, 0.06918460875749588, 0.9710080027580261]","[0.0, 0.0, -3.1957933970261365e-06, 0.00011933333735214546, -0.043483711779117584, 1.0, 0.016333334147930145, -3.1957933970261365e-06, 0.0, 0.0, 1.0172526572205243e-06, -0.016214000061154366, 0.0, 0.0]","[1.0, 0.0, 0.0, 1.0833473205566406, 2.0, 0.44577959179878235, 0.22461152076721191, 0.0260162353515625]",-41.66325884987618
10.000000000000007,132.20770263671875,209.80580139160156,7.257130146026611,0.01409912109375,0.4880828857421875,"[0.9612545967102051, 1.0, 0.07179692387580872, 0.9720558524131775]","[0.0, 0.0, -3.1957933970261365e-06, 0.00011933333735214546, -0.043483711779117584, 1.0, 0.016333334147930145, -3.1957933970261365e-06, 0.0, 0.0, 1.0172526572205243e-06, -0.016214000061154366, 0.0, 0.0]","[1.0, 0.0, 0.0, 1.0833473205566406, 2.0, 0.44577959179878235, 0.22461152076721191, 0.0260162353515625]",-41.70611018719676
10.050000000000008,132.2052001953125,210.17007446289062,7.304279804229736,0.011871337890625,0.444427490234375,"[0.9581604599952698, 1.0, 0.05145450681447983, 0.968975305557251]","[0.0, 0.0, -3.1957933970261365e-06, 0.00011933333735214546, -0.043483711779117584, 1.0, 0.016333334147930145, -3.1957933970261365e-06, 0.0, 0.0, 1.0172526572205243e-06, -0.016214000061154366, 0.0, 0.0]","[1.0, 0.0, 0.0, 1.0833473205566406, 2.0, 0.44577959179878235, 0.22461152076721191, 0.0260162353515625]",-41.868868307091816
10.100000000000009,132.20257568359375,210.53631591796875,7.339179992675781,0.008819580078125,0.400787353515625,"[0.9558701515197754, 1.0, 0.04511340335011482, 0.9670431613922119]","[0.0, 0.0, -3.1957933970261365e-06, 0.00011933333735214546, -0.043483711779117584, 1.0, 0.016333334147930145, -3.1957933970261365e-06, 0.0, 0.0, 1.0172526572205243e-06, -0.016214000061154366, 0.0, 0.0]","[1.0, 0.0, 0.0, 1.0833473205566406, 2.0, 0.44577959179878235, 0.22461152076721191, 0.0260162353515625]",-41.8371779221242
10.15000000000001,132.19960021972656,210.90382385253906,7.358920097351074,0.0052490234375,0.3531646728515625,"[0.954574704170227, 1.0, 0.021267250180244446, 0.9639050960540771]","[0.0, 0.0, -3.1957933970261365e-06, 0.00011933333735214546, -0.043483711779117584, 1.0, 0.016333334147930145, -3.1957933970261365e-06, 0.0, 0.0, 1.0172526572205243e-06, -0.016214000061154366, 0.0, 0.0]","[1.0, 0.0, 0.0, 1.0833473205566406, 2.0, 0.44577959179878235, 0.22461152076721191, 0.0260162353515625]",-41.832941932051476
10.20000000000001,132.19691467285156,211.27169799804688,7.359539985656738,0.00164794921875,0.2896728515625,"[0.9545340538024902, 1.0, 0.012235164642333984, 0.9642505049705505]","[0.0, 0.0, -3.1957933970261365e-06, 0.00011933333735214546, -0.043483711779117584, 1.0, 0.016333334147930145, -3.1957933970261365e-06, 0.0, 0.0, 1.0172526572205243e-06, -0.016214000061154366, 0.0, 0.0]","[1.0, 0.0, 0.0, 1.0833473205566406, 2.0, 0.44577959179878235, 0.22461152076721191, 0.0260162353515625]",-41.842379607828555
10.25000000000001,132.19415283203125,211.6389617919922,7.339680194854736,-0.00079345703125,0.234130859375,"[0.9558373689651489, 1.0, 0.024392174556851387, 0.9579941630363464]","[0.0, 0.0, -3.1957933970261365e-06, 0.00011933333735214546, -0.043483711779117584, 1.0, 0.016333334147930145, -3.1957933970261365e-06, 0.0, 0.0, 1.0172526572205243e-06, -0.016214000061154366, 0.0, 0.0]","[1.0, 0.0, 0.0, 1.0833473205566406, 2.0, 0.44577959179878235, 0.22461152076721191, 0.0260162353515625]",-42.129912033881446
10.300000000000011,132.1917724609375,212.00453186035156,7.298329830169678,-0.002471923828125,0.2023773193359375,"[0.9585509300231934, 1.0, 0.04767648130655289, 0.9557021856307983]","[0.0, 0.0, -3.1957933970261365e-06, 0.00011933333735214546, -0.043483711779117584, 1.0, 0.016333334147930145, -3.1957933970261365e-06, 0.0, 0.0, 1.0172526572205243e-06, -0.016214000061154366, 0.0, 0.0]","[1.0, 0.0, 0.0, 1.0833473205566406, 2.0, 0.44577959179878235, 0.22461152076721191, 0.0260162353515625]",-42.15044654904263
10.350000000000012,132.189453125,212.3674774169922,7.240340232849121,-0.00408935546875,0.20000000298023224,"[0.962356448173523, 1.0, 0.06455647945404053, 0.9574697017669678]","[0.0, 0.0, -3.1957933970261365e-06, 0.00011933333735214546, -0.043483711779117584, 1.0, 0.016333334147930145, -3.1957933970261365e-06, 0.0, 0.0, 1.0172526572205243e-06, -0.016214000061154366, 0.0, 0.0]","[1.0, 0.0, 0.0, 1.0833473205566406, 2.0, 0.44577959179878235, 0.22461152076721191, 0.0260162353515625]",-42.15512227230554
10.400000000000013,132.18768310546875,212.72711181640625,7.1690897941589355,-0.00592041015625,0.20000000298023224,"[0.967032253742218, 1.0, 0.07522548735141754, 0.9609132409095764]","[0.0, 0.0, -3.1957933970261365e-06, 0.00011933333735214546, -0.043483711779117584, 1.0, 0.016333334147930145, -3.1957933970261365e-06, 0.0, 0.0, 1.0172526572205243e-06, -0.016214000061154366, 0.0, 0.0]","[1.0, 0.0, 0.0, 1.0833473205566406, 2.0, 0.44577959179878235, 0.22461152076721191, 0.0260162353515625]",-42.150841710057
10.450000000000014,132.18609619140625,213.0829315185547,7.0891900062561035,-0.007171630859375,0.20000000298023224,"[0.9722756147384644, 1.0, 0.0872153788805008, 0.9638971090316772]","[0.0, 0.0, -3.1957933970261365e-06, 0.00011933333735214546, -0.043483711779117584, 1.0, 0.016333334147930145, -3.1957933970261365e-06, 0.0, 0.0, 1.0172526572205243e-06, -0.016214000061154366, 0.0, 0.0]","[1.0, 0.0, 0.0, 1.0833473205566406, 2.0, 0.44577959179878235, 0.22461152076721191, 0.0260162353515625]",-42.36855236041093
10.500000000000014,132.18511962890625,213.4345245361328,7.0029401779174805,-0.007598876953125,0.21826171875,"[0.9779357314109802, 1.0, 0.08743472397327423, 0.9665030837059021]","[0.0, 0.0, -3.1957933970261365e-06, 0.00011933333735214546, -0.043483711779117584, 1.0, 0.016333334147930145, -3.1957933970261365e-06, 0.0, 0.0, 1.0172526572205243e-06, -0.016214000061154366, 0.0, 0.0]","[1.0, 0.0, 0.0, 1.0833473205566406, 2.0, 0.44577959179878235, 0.22461152076721191, 0.0260162353515625]",-42.37212498774861
10.550000000000015,132.1842498779297,213.78182983398438,6.916359901428223,-0.00732421875,0.2738037109375,"[0.9836175441741943, 1.0, 0.09177274256944656, 0.9724075198173523]","[0.0, 0.0, -3.1957933970261365e-06, 0.00011933333735214546, -0.043483711779117584, 1.0, 0.016333334147930145, -3.1957933970261365e-06, 0.0, 0.0, 1.0172526572205243e-06, -0.016214000061154366, 0.0, 0.0]","[1.0, 0.0, 0.0, 1.0833473205566406, 2.0, 0.44577959179878235, 0.22461152076721191, 0.0260162353515625]",-42.385278936748236
10.600000000000016,132.18377685546875,214.1249542236328,6.834670066833496,-0.005126953125,0.3293609619140625,"[0.988978385925293, 1.0, 0.0787002220749855, 0.9660680890083313]","[0.0, 0.0, -3.1957933970261365e-06, 0.00011933333735214546, -0.043483711779117584, 1.0, 0.016333334147930145, -3.1957933970261365e-06, 0.0, 0.0, 1.0172526572205243e-06, -0.016214000061154366, 0.0, 0.0]","[1.0, 0.0, 0.0, 1.0833473205566406, 2.0, 0.44577959179878235, 0.22461152076721191, 0.0260162353515625]",-42.41795981828194
10.650000000000016,132.1830291748047,214.46429443359375,6.761940002441406,-0.001556396484375,0.3690338134765625,"[0.9937512278556824, 1.0, 0.07483033090829849, 0.9642258286476135]","[0.0, 0.0, -3.1957933970261365e-06, 0.00011933333735214546, -0.043483711779117584, 1.0, 0.016333334147930145, -3.1957933970261365e-06, 0.0, 0.0, 1.0172526572205243e-06, -0.016214000061154366, 0.0, 0.0]","[1.0, 0.0, 0.0, 1.0833473205566406, 2.0, 0.44577959179878235, 0.22461152076721191, 0.0260162353515625]",-42.71313855260387
10.700000000000017,132.18243408203125,214.80044555664062,6.701670169830322,0.0001220703125,0.444427490234375,"[0.997706413269043, 1.0, 0.0625520870089531, 0.9614043235778809]","[0.0, 0.0, -3.1957933970261365e-06, 0.00011933333735214546, -0.043483711779117584, 1.0, 0.016333334147930145, -3.1957933970261365e-06, 0.0, 0.0, 1.0172526572205243e-06, -0.016214000061154366, 0.0, 0.0]","[1.0, 0.0, 0.0, 1.0833473205566406, 2.0, 0.44577959179878235, 0.22461152076721191, 0.0260162353515625]",-42.76418481174171
10.750000000000018,132.181640625,215.1341094970703,6.657279968261719,-0.0010986328125,0.4801483154296875,"[0.9993804693222046, 1.0, 0.04811736196279526, 0.959662139415741]","[0.0, 0.0, -3.1957933970261365e-06, 0.00011933333735214546, -0.043483711779117584, 1.0, 0.016333334147930145, -3.1957933970261365e-06, 0.0, 0.0, 1.0172526572205243e-06, -0.016214000061154366, 0.0, 0.0]","[1.0, 0.0, 0.0, 1.0833473205566406, 2.0, 0.44577959179878235, 0.22461152076721191, 0.0260162353515625]",-42.82484303652998
10.800000000000018,132.18116760253906,215.46612548828125,6.628890037536621,-0.0009765625,0.4880828857421875,"[0.997517466545105, 1.0, 0.03240571543574333, 0.9622223377227783]","[0.0, 0.0, -3.1957933970261365e-06, 0.00011933333735214546, -0.043483711779117584, 1.0, 0.016333334147930145, -3.1957933970261365e-06, 0.0, 0.0, 1.0172526572205243e-06, -0.016214000061154366, 0.0, 0.0]","[1.0, 0.0, 0.0, 1.0833473205566406, 2.0, 0.44577959179878235, 0.22461152076721191, 0.0260162353515625]",-42.89910518991346
10.85000000000002,132.18052673339844,215.7971954345703,6.614640235900879,-0.000946044921875,0.4960174560546875,"[0.9965822696685791, 1.0, 0.02086944878101349, 0.9665506482124329]","[0.0, 0.0, -3.1957933970261365e-06, 0.00011933333735214546, -0.043483711779117584, 1.0, 0.016333334147930145, -3.1957933970261365e-06, 0.0, 0.0, 1.0172526572205243e-06, -0.016214000061154366, 0.0, 0.0]","[1.0, 0.0, 0.0, 1.0833473205566406, 2.0, 0.44577959179878235, 0.22461152076721191, 0.0260162353515625]",-43.26290851357827
10.90000000000002,132.1801300048828,216.12796020507812,6.6125102043151855,-0.000640869140625,0.4999847412109375,"[0.9964425563812256, 1.0, 0.00893011037260294, 0.9704979062080383]","[0.0, 0.0, -3.1957933970261365e-06, 0.00011933333735214546, -0.043483711779117584, 1.0, 0.016333334147930145, -3.1957933970261365e-06, 0.0, 0.0, 1.0172526572205243e-06, -0.016214000061154366, 0.0, 0.0]","[1.0, 0.0, 0.0, 1.0833473205566406, 2.0, 0.44577959179878235, 0.22461152076721191, 0.0260162353515625]",-43.36059833526467
10.95000000000002,132.17953491210938,216.458984375,6.620619773864746,-0.0006103515625,0.5,"[0.9969747066497803, 1.0, 0.01304140780121088, 0.9721024632453918]","[0.0, 0.0, -3.1957933970261365e-06, 0.00011933333735214546, -0.043483711779117584, 1.0, 0.016333334147930145, -3.1957933970261365e-06, 0.0, 0.0, 1.0172526572205243e-06, -0.016214000061154366, 0.0, 0.0]","[1.0, 0.0, 0.0, 1.0833473205566406, 2.0, 0.44577959179878235, 0.22461152076721191, 0.0260162353515625]",-43.46787446986431
11.000000000000021,132.17922973632812,216.79063415527344,6.6371002197265625,-0.0010986328125,0.5078125,"[0.9980562329292297, 1.0, 0.022546811029314995, 0.9732175469398499]","[0.0, 0.0, -3.1957933970261365e-06, 0.00011933333735214546, -0.043483711779117584, 1.0, 0.016333334147930145, -3.1957933970261365e-06, 0.0, 0.0, 1.0172526572205243e-06, -0.016214000061154366, 0.0, 0.0]","[1.0, 0.0, 0.0, 1.0833473205566406, 2.0, 0.44577959179878235, 0.22461152076721191, 0.0260162353515625]",-43.58273123713393
11.050000000000022,132.1787567138672,217.12335205078125,6.661069869995117,-0.00115966796875,0.52734375,"[0.9996292591094971, 1.0, 0.029345056042075157, 0.9732699990272522]","[0.0, 0.0, -3.1957933970261365e-06, 0.00011933333735214546, -0.043483711779117584, 1.0, 0.016333334147930145, -3.1957933970261365e-06, 0.0, 0.0, 1.0172526572205243e-06, -0.016214000061154366, 0.0, 0.0]","[1.0, 0.0, 0.0, 1.0833473205566406, 2.0, 0.44577959179878235, 0.22461152076721191, 0.0260162353515625]",-44.019232804042005
11.100000000000023,132.17855834960938,217.45748901367188,6.692699909210205,-0.000946044921875,0.546875,"[0.9982950687408447, 1.0, 0.03512703254818916, 0.9721378684043884]","[0.0, 0.0, -3.1957933970261365e-06, 0.00011933333735214546, -0.043483711779117584, 1.0, 0.016333334147930145, -3.1957933970261365e-06, 0.0, 0.0, 1.0172526572205243e-06, -0.016214000061154366, 0.0, 0.0]","[1.0, 0.0, 0.0, 1.0833473205566406, 2.0, 0.44577959179878235, 0.22461152076721191, 0.0260162353515625]",-44.15385280834105
11.150000000000023,132.17811584472656,217.7935333251953,6.734099864959717,-0.0003662109375,0.55078125,"[0.9955782294273376, 1.0, 0.04393757879734039, 0.9684750437736511]","[0.0, 0.0, -3.1957933970261365e-06, 0.00011933333735214546, -0.043483711779117584, 1.0, 0.016333334147930145, -3.1957933970261365e-06, 0.0, 0.0, 1.0172526572205243e-06, -0.016214000061154366, 0.0, 0.0]","[1.0, 0.0, 0.0, 1.0833473205566406, 2.0, 0.44577959179878235, 0.22461152076721191, 0.0260162353515625]",-44.29738787442469
11.200000000000024,132.17787170410156,218.13189697265625,6.783289909362793,-0.00018310546875,0.55078125,"[0.992350161075592, 1.0, 0.050108131021261215, 0.9697310924530029]","[0.0, 0.0, -3.1957933970261365e-06, 0.00011933333735214546, -0.043483711779117584, 1.0, 0.016333334147930145, -3.1957933970261365e-06, 0.0, 0.0, 1.0172526572205243e-06, -0.016214000061154366, 0.0, 0.0]","[1.0, 0.0, 0.0, 1.0833473205566406, 2.0, 0.44577959179878235, 0.22461152076721191, 0.0260162353515625]",-44.44775244002067
11.250000000000025,132.17733764648438,218.47283935546875,6.837019920349121,0.000732421875,0.5234375,"[0.9888241291046143, 1.0, 0.05571911484003067, 0.9730368852615356]","[0.0, 0.0, -3.1957933970261365e-06, 0.00011933333735214546, -0.043483711779117584, 1.0, 0.016333334147930145, -3.1957933970261365e-06, 0.0, 0.0, 1.0172526572205243e-06, -0.016214000061154366, 0.0, 0.0]","[1.0, 0.0, 0.0, 1.0833473205566406, 2.0, 0.44577959179878235, 0.22461152076721191, 0.0260162353515625]",-44.932217587436185
11.300000000000026,132.17686462402344,218.81643676757812,6.888559818267822,0.00244140625,0.4682464599609375,"[0.9854418635368347, 1.0, 0.05647384002804756, 0.9748095273971558]","[0.0, 0.0, -3.1957933970261365e-06, 0.00011933333735214546, -0.043483711779117584, 1.0, 0.016333334147930145, -3.1957933970261365e-06, 0.0, 0.0, 1.0172526572205243e-06, -0.016214000061154366, 0.0, 0.0]","[1.0, 0.0, 0.0, 1.0833473205566406, 2.0, 0.44577959179878235, 0.22461152076721191, 0.0260162353515625]",-45.1099251904012
11.350000000000026,132.1758270263672,219.16224670410156,6.928140163421631,0.0052490234375,0.376983642578125,"[0.9828444719314575, 1.0, 0.048109885305166245, 0.966252326965332]","[0.0, 0.0, -3.1957933970261365e-06, 0.00011933333735214546, -0.043483711779117584, 1.0, 0.016333334147930145, -3.1957933970261365e-06, 0.0, 0.0, 1.0172526572205243e-06, -0.016214000061154366, 0.0, 0.0]","[1.0, 0.0, 0.0, 1.0833473205566406, 2.0, 0.44577959179878235, 0.22461152076721191, 0.0260162353515625]",-45.307484554142945
11.400000000000027,132.17445373535156,219.50933837890625,6.945690155029297,0.00897216796875,0.24603271484375,"[0.9816927313804626, 1.0, 0.03635472431778908, 0.9556264281272888]","[0.0, 0.0, -3.1957933970261365e-06, 0.00011933333735214546, -0.043483711779117584, 1.0, 0.016333334147930145, -3.1957933970261365e-06, 0.0, 0.0, 1.0172526572205243e-06, -0.016214000061154366, 0.0, 0.0]","[1.0, 0.0, 0.0, 1.0833473205566406, 2.0, 0.44577959179878235, 0.22461152076721191, 0.0260162353515625]",-45.521892766699146
11.450000000000028,132.172119140625,219.85630798339844,6.933640003204346,0.013153076171875,0.20000000298023224,"[0.9824835062026978, 1.0, 0.024778898805379868, 0.949709951877594]","[0.0, 0.0, -3.1957933970261365e-06, 0.00011933333735214546, -0.043483711779117584, 1.0, 0.016333334147930145, -3.1957933970261365e-06, 0.0, 0.0, 1.0172526572205243e-06, -0.016214000061154366, 0.0, 0.0]","[1.0, 0.0, 0.0, 1.0833473205566406, 2.0, 0.44577959179878235, 0.22461152076721191, 0.0260162353515625]",-46.18117864756658
11.500000000000028,132.16905212402344,220.20184326171875,6.898600101470947,0.017669677734375,0.20000000298023224,"[0.9847829937934875, 1.0, 0.06269274652004242, 0.9513868093490601]","[0.0, 0.0, -3.1957933970261365e-06, 0.00011933333735214546, -0.043483711779117584, 1.0, 0.016333334147930145, -3.1957933970261365e-06, 0.0, 0.0, 1.0172526572205243e-06, -0.016214000061154366, 0.0, 0.0]","[1.0, 0.0, 0.0, 1.0833473205566406, 2.0, 0.44577959179878235, 0.22461152076721191, 0.0260162353515625]",-46.48568873329881
11.55000000000003,132.1646270751953,220.54501342773438,6.845270156860352,0.02203369140625,0.20000000298023224,"[0.9882827401161194, 1.0, 0.07070329785346985, 0.9573573470115662]","[0.0, 0.0, -3.1957933970261365e-06, 0.00011933333735214546, -0.043483711779117584, 1.0, 0.016333334147930145, -3.1957933970261365e-06, 0.0, 0.0, 1.0172526572205243e-06, -0.016214000061154366, 0.0, 0.0]","[1.0, 0.0, 0.0, 1.0833473205566406, 2.0, 0.44577959179878235, 0.22461152076721191, 0.0260162353515625]",-46.80816838567707
11.60000000000003,132.1591033935547,220.88507080078125,6.780439853668213,0.027252197265625,0.20000000298023224,"[0.9925372004508972, 1.0, 0.09982109069824219, 0.9597899317741394]","[0.0, 0.0, -3.1957933970261365e-06, 0.00011933333735214546, -0.043483711779117584, 1.0, 0.016333334147930145, -3.1957933970261365e-06, 0.0, 0.0, 1.0172526572205243e-06, -0.016214000061154366, 0.0, 0.0]","[1.0, 0.0, 0.0, 1.0833473205566406, 2.0, 0.44577959179878235, 0.22461152076721191, 0.0260162353515625]",-47.12674115237605
11.65000000000003,132.1518096923828,221.2215118408203,6.705019950866699,0.03253173828125,0.20000000298023224,"[0.9974865913391113, 1.0, 0.09999824315309525, 0.9629889726638794]","[0.0, 0.0, -3.1957933970261365e-06, 0.00011933333735214546, -0.043483711779117584, 1.0, 0.016333334147930145, -3.1957933970261365e-06, 0.0, 0.0, 1.0172526572205243e-06, -0.016214000061154366, 0.0, 0.0]","[1.0, 0.0, 0.0, 1.0833473205566406, 2.0, 0.44577959179878235, 0.22461152076721191, 0.0260162353515625]",-48.021576013463836
11.700000000000031,132.1429901123047,221.55398559570312,6.624259948730469,0.038116455078125,0.20000000298023224,"[0.99721360206604, 1.0, 0.1251709908246994, 0.9640498161315918]","[0.0, 0.0, -3.1957933970261365e-06, 0.00011933333735214546, -0.043483711779117584, 1.0, 0.016333334147930145, -3.1957933970261365e-06, 0.0, 0.0, 1.0172526572205243e-06, -0.016214000061154366, 0.0, 0.0]","[1.0, 0.0, 0.0, 1.0833473205566406, 2.0, 0.44577959179878235, 0.22461152076721191, 0.0260162353515625]",-48.44525122517467
11.750000000000032,132.1320343017578,221.8821563720703,6.536990165710449,0.0435791015625,0.20000000298023224,"[0.9914865493774414, 1.0, 0.12103604525327682, 0.9659098982810974]","[0.0, 0.0, -3.1957933970261365e-06, 0.00011933333735214546, -0.043483711779117584, 1.0, 0.016333334147930145, -3.1957933970261365e-06, 0.0, 0.0, 1.0172526572205243e-06, -0.016214000061154366, 0.0, 0.0]","[1.0, 0.0, 0.0, 1.0833473205566406, 2.0, 0.44577959179878235, 0.22461152076721191, 0.0260162353515625]",-48.913950527751624
11.800000000000033,132.11927795410156,222.20587158203125,6.448060035705566,0.048797607421875,0.20000000298023224,"[0.9856505393981934, 1.0, 0.14176350831985474, 0.9672070741653442]","[0.0, 0.0, -3.1957933970261365e-06, 0.00011933333735214546, -0.043483711779117584, 1.0, 0.016333334147930145, -3.1957933970261365e-06, 0.0, 0.0, 1.0172526572205243e-06, -0.016214000061154366, 0.0, 0.0]","[1.0, 0.0, 0.0, 1.0833473205566406, 2.0, 0.44577959179878235, 0.22461152076721191, 0.0260162353515625]",-49.383089671235886
11.850000000000033,132.10427856445312,222.52496337890625,6.355140209197998,0.051605224609375,0.20000000298023224,"[0.9795527458190918, 1.0, 0.13011251389980316, 0.9675508141517639]","[0.0, 0.0, -3.1957933970261365e-06, 0.00011933333735214546, -0.043483711779117584, 1.0, 0.016333334147930145, -3.1957933970261365e-06, 0.0, 0.0, 1.0172526572205243e-06, -0.016214000061154366, 0.0, 0.0]","[1.0, 0.0, 0.0, 1.0833473205566406, 2.0, 0.44577959179878235, 0.22461152076721191, 0.0260162353515625]",-50.42047716515744
11.900000000000034,132.08770751953125,222.8393096923828,6.262740135192871,0.0517578125,0.20000000298023224,"[0.9734890460968018, 1.0, 0.14127956330776215, 0.9671521782875061]","[0.0, 0.0, -3.1957933970261365e-06, 0.00011933333735214546, -0.043483711779117584, 1.0, 0.016333334147930145, -3.1957933970261365e-06, 0.0, 0.0, 1.0172526572205243e-06, -0.016214000061154366, 0.0, 0.0]","[1.0, 0.0, 0.0, 1.0833473205566406, 2.0, 0.44577959179878235, 0.22461152076721191, 0.0260162353515625]",-50.89434442358195
11.950000000000035,132.06922912597656,223.14889526367188,6.168280124664307,0.051116943359375,0.20000000298023224,"[0.9672901630401611, 1.0, 0.12468086928129196, 0.966575026512146]","[0.0, 0.0, -3.1957933970261365e-06, 0.00011933333735214546, -0.043483711779117584, 1.0, 0.016333334147930145, -3.1957933970261365e-06, 0.0, 0.0, 1.0172526572205243e-06, -0.016214000061154366, 0.0, 0.0]","[1.0, 0.0, 0.0, 1.0833473205566406, 2.0, 0.44577959179878235, 0.22461152076721191, 0.0260162353515625]",-51.37234584758888
12.000000000000036,132.04942321777344,223.45372009277344,6.074619770050049,0.05084228515625,0.20000000298023224,"[0.9611437320709229, 1.0, 0.13786065578460693, 0.9698804616928101]","[0.0, 0.0, -3.1957933970261365e-06, 0.00011933333735214546, -0.043483711779117584, 1.0, 0.016333334147930145, -3.1957933970261365e-06, 0.0, 0.0, 1.0172526572205243e-06, -0.016214000061154366, 0.0, 0.0]","[1.0, 0.0, 0.0, 1.0833473205566406, 2.0, 0.44577959179878235, 0.22461152076721191, 0.0260162353515625]",-51.9025218335074
12.050000000000036,132.0278778076172,223.7537841796875,5.9837799072265625,0.05084228515625,0.436492919921875,"[0.9551824331283569, 1.0, 0.11888395994901657, 0.945327877998352]","[0.0, 0.0, -3.1957933970261365e-06, 0.00011933333735214546, -0.043483711779117584, 1.0, 0.016333334147930145, -3.1957933970261365e-06, 0.0, 0.0, 1.0172526572205243e-06, -0.016214000061154366, 0.0, 0.0]","[1.0, 0.0, 0.0, 1.0833473205566406, 2.0, 0.44577959179878235, 0.22461152076721191, 0.0260162353515625]",-53.11457803166963
12.100000000000037,132.0050506591797,224.0498046875,5.913010120391846,0.051177978515625,0.5390625,"[0.950538158416748, 0.8985000252723694, 0.11696220189332962, 0.9511069059371948]","[0.0, 0.0, -3.1957933970261365e-06, 0.00011933333735214546, -0.043483711779117584, 1.0, 0.016333334147930145, -3.1957933970261365e-06, 0.0, 0.0, 1.0172526572205243e-06, -0.016214000061154366, 0.0, 0.0]","[1.0, 0.0, 0.0, 1.0833473205566406, 2.0, 0.44577959179878235, 0.22461152076721191, 0.0260162353515625]",-53.69741156742825
12.150000000000038,131.98031616210938,224.34288024902344,5.865409851074219,0.0523681640625,0.5546875,"[0.9474144577980042, 0.8626999855041504, 0.0823846161365509, 0.9505507946014404]","[0.0, 0.0, -3.1957933970261365e-06, 0.00011933333735214546, -0.043483711779117584, 1.0, 0.016333334147930145, -3.1957933970261365e-06, 0.0, 0.0, 1.0172526572205243e-06, -0.016214000061154366, 0.0, 0.0]","[1.0, 0.0, 0.0, 1.0833473205566406, 2.0, 0.44577959179878235, 0.22461152076721191, 0.0260162353515625]",-54.281485945855856
12.200000000000038,131.95396423339844,224.6342315673828,5.841730117797852,0.0556640625,0.57421875,"[0.9458605051040649, 0.8226000070571899, 0.08164483308792114, 0.9519342184066772]","[0.0, 0.0, -3.1957933970261365e-06, 0.00011933333735214546, -0.043483711779117584, 1.0, 0.016333334147930145, -3.1957933970261365e-06, 0.0, 0.0, 1.0172526572205243e-06, -0.016214000061154366, 0.0, 0.0]","[1.0, 0.0, 0.0, 1.0833473205566406, 2.0, 0.44577959179878235, 0.22461152076721191, 0.0260162353515625]",-54.864812158265345
12.250000000000039,131.9251251220703,224.92483520507812,5.83774995803833,0.0615234375,0.578125,"[0.9455993175506592, 0.8144000172615051, 0.056973621249198914, 0.9607731699943542]","[0.0, 0.0, -3.1957933970261365e-06, 0.00011933333735214546, -0.043483711779117584, 1.0, 0.016333334147930145, -3.1957933970261365e-06, 0.0, 0.0, 1.0172526572205243e-06, -0.016214000061154366, 0.0, 0.0]","[1.0, 0.0, 0.0, 1.0833473205566406, 2.0, 0.44577959179878235, 0.22461152076721191, 0.0260162353515625]",-56.07032392132788
12.30000000000004,131.8938751220703,225.21568298339844,5.855710029602051,0.068206787109375,0.578125,"[0.9467779397964478, 0.8162000179290771, 0.08590004593133926, 0.9538353085517883]","[0.0, 0.0, -3.1957933970261365e-06, 0.00011933333735214546, -0.043483711779117584, 1.0, 0.016333334147930145, -3.1957933970261365e-06, 0.0, 0.0, 1.0172526572205243e-06, -0.016214000061154366, 0.0, 0.0]","[1.0, 0.0, 0.0, 1.0833473205566406, 2.0, 0.44577959179878235, 0.22461152076721191, 0.0260162353515625]",-56.6440658932265
12.35000000000004,131.85946655273438,225.5074920654297,5.886849880218506,0.07427978515625,0.578125,"[0.9488214254379272, 0.8197000026702881, 0.09208131581544876, 0.9662237167358398]","[0.0, 0.0, -3.1957933970261365e-06, 0.00011933333735214546, -0.043483711779117584, 1.0, 0.016333334147930145, -3.1957933970261365e-06, 0.0, 0.0, 1.0172526572205243e-06, -0.016214000061154366, 0.0, 0.0]","[1.0, 0.0, 0.0, 1.0833473205566406, 2.0, 0.44577959179878235, 0.22461152076721191, 0.0260162353515625]",-57.210410640747206
12.400000000000041,131.82205200195312,225.80108642578125,5.935619831085205,0.08062744140625,0.578125,"[0.9520219564437866, 0.8253999948501587, 0.12815998494625092, 0.9552096724510193]","[0.0, 0.0, -3.1957933970261365e-06, 0.00011933333735214546, -0.043483711779117584, 1.0, 0.016333334147930145, -3.1957933970261365e-06, 0.0, 0.0, 1.0172526572205243e-06, -0.016214000061154366, 0.0, 0.0]","[1.0, 0.0, 0.0, 1.0833473205566406, 2.0, 0.44577959179878235, 0.22461152076721191, 0.0260162353515625]",-57.757811618796715
12.450000000000042,131.78085327148438,226.09683227539062,5.990910053253174,0.086944580078125,0.578125,"[0.9556503295898438, 0.8324000239372253, 0.12595252692699432, 0.9700841307640076]","[0.0, 0.0, -3.1957933970261365e-06, 0.00011933333735214546, -0.043483711779117584, 1.0, 0.016333334147930145, -3.1957933970261365e-06, 0.0, 0.0, 1.0172526572205243e-06, -0.016214000061154366, 0.0, 0.0]","[1.0, 0.0, 0.0, 1.0833473205566406, 2.0, 0.44577959179878235, 0.22461152076721191, 0.0260162353515625]",-58.82200617129175
12.500000000000043,131.73593139648438,226.39520263671875,6.059430122375488,0.094573974609375,0.578125,"[0.9601469039916992, 0.8407999873161316, 0.15946196019649506, 0.9565779566764832]","[0.0, 0.0, -3.1957933970261365e-06, 0.00011933333735214546, -0.043483711779117584, 1.0, 0.016333334147930145, -3.1957933970261365e-06, 0.0, 0.0, 1.0172526572205243e-06, -0.016214000061154366, 0.0, 0.0]","[1.0, 0.0, 0.0, 1.0833473205566406, 2.0, 0.44577959179878235, 0.22461152076721191, 0.0260162353515625]",-59.29692645024135
12.550000000000043,131.68626403808594,226.6962890625,6.126890182495117,0.10479736328125,0.546875,"[0.9645739793777466, 0.9124000072479248, 0.15778595209121704, 0.966350793838501]","[0.0, 0.0, -3.1957933970261365e-06, 0.00011933333735214546, -0.043483711779117584, 1.0, 0.016333334147930145, -3.1957933970261365e-06, 0.0, 0.0, 1.0172526572205243e-06, -0.016214000061154366, 0.0, 0.0]","[1.0, 0.0, 0.0, 1.0833473205566406, 2.0, 0.44577959179878235, 0.22461152076721191, 0.0260162353515625]",-59.746413745933644
12.600000000000044,131.63172912597656,227.00006103515625,6.199960231781006,0.11669921875,0.5390625,"[0.9693691730499268, 0.9380000233650208, 0.18300217390060425, 0.9583070278167725]","[0.0, 0.0, -3.1957933970261365e-06, 0.00011933333735214546, -0.043483711779117584, 1.0, 0.016333334147930145, -3.1957933970261365e-06, 0.0, 0.0, 1.0172526572205243e-06, -0.016214000061154366, 0.0, 0.0]","[1.0, 0.0, 0.0, 1.0833473205566406, 2.0, 0.44577959179878235, 0.22461152076721191, 0.0260162353515625]",-60.175354591890134
12.650000000000045,131.57142639160156,227.3061065673828,6.2652201652526855,0.127899169921875,0.5390625,"[0.9736517667770386, 0.9474999904632568, 0.18067164719104767, 0.9639076590538025]","[0.0, 0.0, -3.1957933970261365e-06, 0.00011933333735214546, -0.043483711779117584, 1.0, 0.016333334147930145, -3.1957933970261365e-06, 0.0, 0.0, 1.0172526572205243e-06, -0.016214000061154366, 0.0, 0.0]","[1.0, 0.0, 0.0, 1.0833473205566406, 2.0, 0.44577959179878235, 0.22461152076721191, 0.0260162353515625]",-60.993782664960776
12.700000000000045,131.50526428222656,227.61441040039062,6.336740016937256,0.138885498046875,0.5390625,"[0.9783452749252319, 0.9573000073432922, 0.1967608779668808, 0.9608710408210754]","[0.0, 0.0, -3.1957933970261365e-06, 0.00011933333735214546, -0.043483711779117584, 1.0, 0.016333334147930145, -3.1957933970261365e-06, 0.0, 0.0, 1.0172526572205243e-06, -0.016214000061154366, 0.0, 0.0]","[1.0, 0.0, 0.0, 1.0833473205566406, 2.0, 0.44577959179878235, 0.22461152076721191, 0.0260162353515625]",-61.356220766326146
12.750000000000046,131.43238830566406,227.92454528808594,6.399479866027832,0.15020751953125,0.5390625,"[0.9824625253677368, 0.9661999940872192, 0.19790899753570557, 0.9625492691993713]","[0.0, 0.0, -3.1957933970261365e-06, 0.00011933333735214546, -0.043483711779117584, 1.0, 0.016333334147930145, -3.1957933970261365e-06, 0.0, 0.0, 1.0172526572205243e-06, -0.016214000061154366, 0.0, 0.0]","[1.0, 0.0, 0.0, 1.0833473205566406, 2.0, 0.44577959179878235, 0.22461152076721191, 0.0260162353515625]",-61.66646284598952
12.800000000000047,131.35269165039062,228.23638916015625,6.469200134277344,0.161376953125,0.5390625,"[0.9870378971099854, 0.9757000207901001, 0.21129581332206726, 0.9605026841163635]","[0.0, 0.0, -3.1957933970261365e-06, 0.00011933333735214546, -0.043483711779117584, 1.0, 0.016333334147930145, -3.1957933970261365e-06, 0.0, 0.0, 1.0172526572205243e-06, -0.016214000061154366, 0.0, 0.0]","[1.0, 0.0, 0.0, 1.0833473205566406, 2.0, 0.44577959179878235, 0.22461152076721191, 0.0260162353515625]",-61.93697154237376
12.850000000000048,131.26524353027344,228.54942321777344,6.530779838562012,0.172576904296875,0.5625,"[0.9910789728164673, 0.9341999888420105, 0.2132149487733841, 0.9627082347869873]","[0.0, 0.0, -3.1957933970261365e-06, 0.00011933333735214546, -0.043483711779117584, 1.0, 0.016333334147930145, -3.1957933970261365e-06, 0.0, 0.0, 1.0172526572205243e-06, -0.016214000061154366, 0.0, 0.0]","[1.0, 0.0, 0.0, 1.0833473205566406, 2.0, 0.44577959179878235, 0.22461152076721191, 0.0260162353515625]",-62.38140836953918
12.900000000000048,131.16993713378906,228.8636474609375,6.604119777679443,0.183563232421875,0.57421875,"[0.9958919286727905, 0.9182000160217285, 0.23114240169525146, 0.9567795991897583]","[0.0, 0.0, -3.1957933970261365e-06, 0.00011933333735214546, -0.043483711779117584, 1.0, 0.016333334147930145, -3.1957933970261365e-06, 0.0, 0.0, 1.0172526572205243e-06, -0.016214000061154366, 0.0, 0.0]","[1.0, 0.0, 0.0, 1.0833473205566406, 2.0, 0.44577959179878235, 0.22461152076721191, 0.0260162353515625]",-62.57615933191531
12.950000000000049,131.06581115722656,229.17868041992188,6.672080039978027,0.19378662109375,0.5859375,"[0.9996482133865356, 0.9014000296592712, 0.2349678874015808, 0.9641988277435303]","[0.0, 0.0, -3.1957933970261365e-06, 0.00011933333735214546, -0.043483711779117584, 1.0, 0.016333334147930145, -3.1957933970261365e-06, 0.0, 0.0, 1.0172526572205243e-06, -0.016214000061154366, 0.0, 0.0]","[1.0, 0.0, 0.0, 1.0833473205566406, 2.0, 0.44577959179878235, 0.22461152076721191, 0.0260162353515625]",-62.75851936492828
13.00000000000005,130.9551239013672,229.4964141845703,6.748179912567139,0.204345703125,0.58984375,"[0.9946542382240295, 0.9110000133514404, 0.14096175134181976, 0.78188157081604]","[0.0, 0.0, -3.1957933970261365e-06, 0.00011933333735214546, -0.043483711779117584, 1.0, 0.016333334147930145, -3.1957933970261365e-06, 0.0, 0.0, 1.0172526572205243e-06, -0.016214000061154366, 0.0, 0.0]","[1.0, 0.0, 0.0, 1.0833473205566406, 2.0, 0.44577959179878235, 0.22461152076721191, 0.0260162353515625]",-62.92955592989341
13.05000000000005,130.837158203125,229.81610107421875,6.853650093078613,0.21710205078125,0.58984375,"[0.9877327680587769, 0.9083999991416931, 0.33416131138801575, 0.7055566906929016]","[0.0, 0.0, -3.1957933970261365e-06, 0.00011933333735214546, -0.043483711779117584, 1.0, 0.016333334147930145, -3.1957933970261365e-06, 0.0, 0.0, 1.0172526572205243e-06, -0.016214000061154366, 0.0, 0.0]","[1.0, 0.0, 0.0, 1.0833473205566406, 2.0, 0.44577959179878235, 0.22461152076721191, 0.0260162353515625]",-63.21620300625868
13.100000000000051,130.70436096191406,230.13812255859375,7.010650157928467,0.232086181640625,0.546875,"[0.9774297475814819, 1.0, 0.3916017413139343, 0.8679434657096863]","[0.0, 0.0, -3.1957933970261365e-06, 0.00011933333735214546, -0.043483711779117584, 1.0, 0.016333334147930145, -3.1957933970261365e-06, 0.0, 0.0, 1.0172526572205243e-06, -0.016214000061154366, 0.0, 0.0]","[1.0, 0.0, 0.0, 1.0833473205566406, 2.0, 0.44577959179878235, 0.22461152076721191, 0.0260162353515625]",-63.38020794703732
13.150000000000052,130.56077575683594,230.45880126953125,7.0135498046875,0.245452880859375,0.5,"[0.9772394895553589, 1.0, 0.21972931921482086, 0.8066073656082153]","[0.0, 0.0, -3.1957933970261365e-06, 0.00011933333735214546, -0.043483711779117584, 1.0, 0.016333334147930145, -3.1957933970261365e-06, 0.0, 0.0, 1.0172526572205243e-06, -0.016214000061154366, 0.0, 0.0]","[1.0, 0.0, 0.0, 1.0833473205566406, 2.0, 0.44577959179878235, 0.22461152076721191, 0.0260162353515625]",-63.55161562627079
13.200000000000053,130.40672302246094,230.77883911132812,7.15723991394043,0.255035400390625,0.4642791748046875,"[0.9678099155426025, 1.0, 0.33378294110298157, 0.8118148446083069]","[0.0, 0.0, -3.1957933970261365e-06, 0.00011933333735214546, -0.043483711779117584, 1.0, 0.016333334147930145, -3.1957933970261365e-06, 0.0, 0.0, 1.0172526572205243e-06, -0.016214000061154366, 0.0, 0.0]","[1.0, 0.0, 0.0, 1.0833473205566406, 2.0, 0.44577959179878235, 0.22461152076721191, 0.0260162353515625]",-63.735454317988285
13.250000000000053,130.23812866210938,231.09217834472656,7.16510009765625,0.2598876953125,0.432525634765625,"[0.9672940969467163, 1.0, 0.2031446099281311, 0.6515069603919983]","[0.0, 0.0, -3.1957933970261365e-06, 0.00011933333735214546, -0.043483711779117584, 1.0, 0.016333334147930145, -3.1957933970261365e-06, 0.0, 0.0, 1.0172526572205243e-06, -0.016214000061154366, 0.0, 0.0]","[1.0, 0.0, 0.0, 1.0833473205566406, 2.0, 0.44577959179878235, 0.22461152076721191, 0.0260162353515625]",-64.05224221295319
13.300000000000054,130.059326171875,231.40098571777344,7.258609771728516,0.261474609375,0.380950927734375,"[0.9611575603485107, 1.0, 0.21003884077072144, 0.5717854499816895]","[0.0, 0.0, -3.1957933970261365e-06, 0.00011933333735214546, -0.043483711779117584, 1.0, 0.016333334147930145, -3.1957933970261365e-06, 0.0, 0.0, 1.0172526572205243e-06, -0.016214000061154366, 0.0, 0.0]","[1.0, 0.0, 0.0, 1.0833473205566406, 2.0, 0.44577959179878235, 0.22461152076721191, 0.0260162353515625]",-64.25937672243242
13.350000000000055,129.87744140625,231.7093048095703,7.215250015258789,0.266387939453125,0.3372955322265625,"[0.9640029668807983, 1.0, 0.28305286169052124, 0.762843906879425]","[0.0, 0.0, -3.1957933970261365e-06, 0.00011933333735214546, -0.043483711779117584, 1.0, 0.016333334147930145, -3.1957933970261365e-06, 0.0, 0.0, 1.0172526572205243e-06, -0.016214000061154366, 0.0, 0.0]","[1.0, 0.0, 0.0, 1.0833473205566406, 2.0, 0.44577959179878235, 0.22461152076721191, 0.0260162353515625]",-64.46854031978823
13.400000000000055,129.68557739257812,232.01048278808594,7.1805901527404785,0.276763916015625,0.3253936767578125,"[0.966277539730072, 1.0, 0.33112263679504395, 0.92826247215271]","[0.0, 0.0, -3.1957933970261365e-06, 0.00011933333735214546, -0.043483711779117584, 1.0, 0.016333334147930145, -3.1957933970261365e-06, 0.0, 0.0, 1.0172526572205243e-06, -0.016214000061154366, 0.0, 0.0]","[1.0, 0.0, 0.0, 1.0833473205566406, 2.0, 0.44577959179878235, 0.22461152076721191, 0.0260162353515625]",-64.69266219542853
13.450000000000056,129.48269653320312,232.30142211914062,7.130939960479736,0.292633056640625,0.3174591064453125,"[0.9695358276367188, 1.0, 0.3712562620639801, 0.9294707179069519]","[0.0, 0.0, -3.1957933970261365e-06, 0.00011933333735214546, -0.043483711779117584, 1.0, 0.016333334147930145, -3.1957933970261365e-06, 0.0, 0.0, 1.0172526572205243e-06, -0.016214000061154366, 0.0, 0.0]","[1.0, 0.0, 0.0, 1.0833473205566406, 2.0, 0.44577959179878235, 0.22461152076721191, 0.0260162353515625]",-65.0445928548932
13.500000000000057,129.2690887451172,232.58151245117188,7.080120086669922,0.309356689453125,0.3134918212890625,"[0.9728708267211914, 1.0, 0.3618879020214081, 0.9475220441818237]","[0.0, 0.0, -3.1957933970261365e-06, 0.00011933333735214546, -0.043483711779117584, 1.0, 0.016333334147930145, -3.1957933970261365e-06, 0.0, 0.0, 1.0172526572205243e-06, -0.016214000061154366, 0.0, 0.0]","[1.0, 0.0, 0.0, 1.0833473205566406, 2.0, 0.44577959179878235, 0.22461152076721191, 0.0260162353515625]",-65.2925395875278
13.550000000000058,129.0469512939453,232.850341796875,7.00478982925415,0.322845458984375,0.3134918212890625,"[0.9778143167495728, 1.0, 0.3851432800292969, 0.9361037015914917]","[0.0, 0.0, -3.1957933970261365e-06, 0.00011933333735214546, -0.043483711779117584, 1.0, 0.016333334147930145, -3.1957933970261365e-06, 0.0, 0.0, 1.0172526572205243e-06, -0.016214000061154366, 0.0, 0.0]","[1.0, 0.0, 0.0, 1.0833473205566406, 2.0, 0.44577959179878235, 0.22461152076721191, 0.0260162353515625]",-65.54983495960475
13.600000000000058,128.81622314453125,233.1070098876953,6.939310073852539,0.33056640625,0.3134918212890625,"[0.9821114540100098, 1.0, 0.38364702463150024, 0.9552563428878784]","[0.0, 0.0, -3.1957933970261365e-06, 0.00011933333735214546, -0.043483711779117584, 1.0, 0.016333334147930145, -3.1957933970261365e-06, 0.0, 0.0, 1.0172526572205243e-06, -0.016214000061154366, 0.0, 0.0]","[1.0, 0.0, 0.0, 1.0833473205566406, 2.0, 0.44577959179878235, 0.22461152076721191, 0.0260162353515625]",-65.81911558909904
13.650000000000059,128.57684326171875,233.3501434326172,6.857950210571289,0.33355712890625,0.3452301025390625,"[0.9874505996704102, 1.0, 0.39356574416160583, 0.9430258274078369]","[0.0, 0.0, -3.1957933970261365e-06, 0.00011933333735214546, -0.043483711779117584, 1.0, 0.016333334147930145, -3.1957933970261365e-06, 0.0, 0.0, 1.0172526572205243e-06, -0.016214000061154366, 0.0, 0.0]","[1.0, 0.0, 0.0, 1.0833473205566406, 2.0, 0.44577959179878235, 0.22461152076721191, 0.0260162353515625]",-66.23219361466447
13.70000000000006,128.33001708984375,233.5807342529297,6.79718017578125,0.33447265625,0.3491973876953125,"[0.991438627243042, 1.0, 0.3567419648170471, 0.9478635191917419]","[0.0, 0.0, -3.1957933970261365e-06, 0.00011933333735214546, -0.043483711779117584, 1.0, 0.016333334147930145, -3.1957933970261365e-06, 0.0, 0.0, 1.0172526572205243e-06, -0.016214000061154366, 0.0, 0.0]","[1.0, 0.0, 0.0, 1.0833473205566406, 2.0, 0.44577959179878235, 0.22461152076721191, 0.0260162353515625]",-66.54824334287748
13.75000000000006,128.07623291015625,233.7986602783203,6.7281599044799805,0.33477783203125,0.3610992431640625,"[0.9959680438041687, 1.0, 0.3609744906425476, 0.9553214907646179]","[0.0, 0.0, -3.1957933970261365e-06, 0.00011933333735214546, -0.043483711779117584, 1.0, 0.016333334147930145, -3.1957933970261365e-06, 0.0, 0.0, 1.0172526572205243e-06, -0.016214000061154366, 0.0, 0.0]","[1.0, 0.0, 0.0, 1.0833473205566406, 2.0, 0.44577959179878235, 0.22461152076721191, 0.0260162353515625]",-66.87183619559156
13.800000000000061,127.81617736816406,234.00462341308594,6.693540096282959,0.33477783203125,0.376983642578125,"[0.9982399344444275, 1.0, 0.31713491678237915, 0.9438191652297974]","[0.0, 0.0, -3.1957933970261365e-06, 0.00011933333735214546, -0.043483711779117584, 1.0, 0.016333334147930145, -3.1957933970261365e-06, 0.0, 0.0, 1.0172526572205243e-06, -0.016214000061154366, 0.0, 0.0]","[1.0, 0.0, 0.0, 1.0833473205566406, 2.0, 0.44577959179878235, 0.22461152076721191, 0.0260162353515625]",-67.20078418929788
13.850000000000062,127.5496826171875,234.19845581054688,6.628300189971924,0.33319091796875,0.400787353515625,"[0.997478723526001, 1.0, 0.33588656783103943, 0.9205069541931152]","[0.0, 0.0, -3.1957933970261365e-06, 0.00011933333735214546, -0.043483711779117584, 1.0, 0.016333334147930145, -3.1957933970261365e-06, 0.0, 0.0, 1.0172526572205243e-06, -0.016214000061154366, 0.0, 0.0]","[1.0, 0.0, 0.0, 1.0833473205566406, 2.0, 0.44577959179878235, 0.22461152076721191, 0.0260162353515625]",-67.69743643984235
13.900000000000063,127.2821273803711,234.3831787109375,6.586450099945068,0.328460693359375,0.440460205078125,"[0.9947323799133301, 1.0, 0.35826459527015686, 0.8207533359527588]","[0.0, 0.0, -3.1957933970261365e-06, 0.00011933333735214546, -0.043483711779117584, 1.0, 0.016333334147930145, -3.1957933970261365e-06, 0.0, 0.0, 1.0172526572205243e-06, -0.016214000061154366, 0.0, 0.0]","[1.0, 0.0, 0.0, 1.0833473205566406, 2.0, 0.44577959179878235, 0.22461152076721191, 0.0260162353515625]",-68.07468704777463
13.950000000000063,127.01343536376953,234.55569458007812,6.5022501945495605,0.32025146484375,0.4761810302734375,"[0.9892067909240723, 1.0, 0.38603952527046204, 0.8501788973808289]","[0.0, 0.0, -3.1957933970261365e-06, 0.00011933333735214546, -0.043483711779117584, 1.0, 0.016333334147930145, -3.1957933970261365e-06, 0.0, 0.0, 1.0172526572205243e-06, -0.016214000061154366, 0.0, 0.0]","[1.0, 0.0, 0.0, 1.0833473205566406, 2.0, 0.44577959179878235, 0.22461152076721191, 0.0260162353515625]",-68.46519947684777
14.000000000000064,126.73240661621094,234.71304321289062,6.587069988250732,0.3076171875,0.5,"[0.9947730302810669, 1.0, 0.27569711208343506, 0.7486389875411987]","[0.0, 0.0, -3.1957933970261365e-06, 0.00011933333735214546, -0.043483711779117584, 1.0, 0.016333334147930145, -3.1957933970261365e-06, 0.0, 0.0, 1.0172526572205243e-06, -0.016214000061154366, 0.0, 0.0]","[1.0, 0.0, 0.0, 1.0833473205566406, 2.0, 0.44577959179878235, 0.22461152076721191, 0.0260162353515625]",-68.87238984277563
14.050000000000065,126.44536590576172,234.86151123046875,6.501500129699707,0.29132080078125,0.51171875,"[0.9891575574874878, 1.0, 0.2148054540157318, 0.7425151467323303]","[0.0, 0.0, -3.1957933970261365e-06, 0.00011933333735214546, -0.043483711779117584, 1.0, 0.016333334147930145, -3.1957933970261365e-06, 0.0, 0.0, 1.0172526572205243e-06, -0.016214000061154366, 0.0, 0.0]","[1.0, 0.0, 0.0, 1.0833473205566406, 2.0, 0.44577959179878235, 0.22461152076721191, 0.0260162353515625]",-69.479163828397
14.100000000000065,126.1515121459961,235.0033721923828,6.6255998611450195,0.27264404296875,0.53515625,"[0.9973015189170837, 1.0, 0.2570423483848572, 0.7333424687385559]","[0.0, 0.0, -3.1957933970261365e-06, 0.00011933333735214546, -0.043483711779117584, 1.0, 0.016333334147930145, -3.1957933970261365e-06, 0.0, 0.0, 1.0172526572205243e-06, -0.016214000061154366, 0.0, 0.0]","[1.0, 0.0, 0.0, 1.0833473205566406, 2.0, 0.44577959179878235, 0.22461152076721191, 0.0260162353515625]",-69.90910905789269
14.150000000000066,125.85296630859375,235.13856506347656,6.57673978805542,0.253662109375,0.5546875,"[0.9940950870513916, 0.9595999717712402, 0.16577081382274628, 0.766063928604126]","[0.0, 0.0, -3.1957933970261365e-06, 0.00011933333735214546, -0.043483711779117584, 1.0, 0.016333334147930145, -3.1957933970261365e-06, 0.0, 0.0, 1.0172526572205243e-06, -0.016214000061154366, 0.0, 0.0]","[1.0, 0.0, 0.0, 1.0833473205566406, 2.0, 0.44577959179878235, 0.22461152076721191, 0.0260162353515625]",-70.34553341304084
14.200000000000067,125.54789733886719,235.26829528808594,6.717790126800537,0.234283447265625,0.5703125,"[0.9966485500335693, 0.9391999840736389, 0.25589263439178467, 0.7537642121315002]","[0.0, 0.0, -3.1957933970261365e-06, 0.00011933333735214546, -0.043483711779117584, 1.0, 0.016333334147930145, -3.1957933970261365e-06, 0.0, 0.0, 1.0172526572205243e-06, -0.016214000061154366, 0.0, 0.0]","[1.0, 0.0, 0.0, 1.0833473205566406, 2.0, 0.44577959179878235, 0.22461152076721191, 0.0260162353515625]",-70.7890249566305
14.250000000000068,125.23802185058594,235.39254760742188,6.691370010375977,0.214630126953125,0.58203125,"[0.9983823299407959, 0.9190000295639038, 0.12820324301719666, 0.7781813144683838]","[0.0, 0.0, -3.1957933970261365e-06, 0.00011933333735214546, -0.043483711779117584, 1.0, 0.016333334147930145, -3.1957933970261365e-06, 0.0, 0.0, 1.0172526572205243e-06, -0.016214000061154366, 0.0, 0.0]","[1.0, 0.0, 0.0, 1.0833473205566406, 2.0, 0.44577959179878235, 0.22461152076721191, 0.0260162353515625]",-71.4235489488758
14.300000000000068,124.92143249511719,235.51283264160156,6.860270023345947,0.191192626953125,0.58984375,"[0.9872983694076538, 0.9157999753952026, 0.2529962956905365, 0.7454050183296204]","[0.0, 0.0, -3.1957933970261365e-06, 0.00011933333735214546, -0.043483711779117584, 1.0, 0.016333334147930145, -3.1957933970261365e-06, 0.0, 0.0, 1.0172526572205243e-06, -0.016214000061154366, 0.0, 0.0]","[1.0, 0.0, 0.0, 1.0833473205566406, 2.0, 0.44577959179878235, 0.22461152076721191, 0.0260162353515625]",-71.787173766696
14.350000000000069,124.599609375,235.62928771972656,6.873569965362549,0.169281005859375,0.6015625,"[0.9864255785942078, 0.9025999903678894, 0.11151955276727676, 0.7963892817497253]","[0.0, 0.0, -3.1957933970261365e-06, 0.00011933333735214546, -0.043483711779117584, 1.0, 0.016333334147930145, -3.1957933970261365e-06, 0.0, 0.0, 1.0172526572205243e-06, -0.016214000061154366, 0.0, 0.0]","[1.0, 0.0, 0.0, 1.0833473205566406, 2.0, 0.44577959179878235, 0.22461152076721191, 0.0260162353515625]",-72.1102713773453
14.40000000000007,124.27094268798828,235.7430877685547,7.037700176239014,0.1488037109375,0.609375,"[0.9756546020507812, 0.8964999914169312, 0.25933757424354553, 0.7968800067901611]","[0.0, 0.0, -3.1957933970261365e-06, 0.00011933333735214546, -0.043483711779117584, 1.0, 0.016333334147930145, -3.1957933970261365e-06, 0.0, 0.0, 1.0172526572205243e-06, -0.016214000061154366, 0.0, 0.0]","[1.0, 0.0, 0.0, 1.0833473205566406, 2.0, 0.44577959179878235, 0.22461152076721191, 0.0260162353515625]",-72.46702684482726
14.45000000000007,123.93698120117188,235.85397338867188,7.047920227050781,0.132537841796875,0.6171875,"[0.9749839305877686, 0.8906999826431274, 0.09563647955656052, 0.8011036515235901]","[0.0, 0.0, -3.1957933970261365e-06, 0.00011933333735214546, -0.043483711779117584, 1.0, 0.016333334147930145, -3.1957933970261365e-06, 0.0, 0.0, 1.0172526572205243e-06, -0.016214000061154366, 0.0, 0.0]","[1.0, 0.0, 0.0, 1.0833473205566406, 2.0, 0.44577959179878235, 0.22461152076721191, 0.0260162353515625]",-72.95009001237305
14.500000000000071,123.59552764892578,235.9618682861328,7.242239952087402,0.117523193359375,0.62109375,"[0.9622318148612976, 0.9009000062942505, 0.3007147014141083, 0.7484943866729736]","[0.0, 0.0, -3.1957933970261365e-06, 0.00011933333735214546, -0.043483711779117584, 1.0, 0.016333334147930145, -3.1957933970261365e-06, 0.0, 0.0, 1.0172526572205243e-06, -0.016214000061154366, 0.0, 0.0]","[1.0, 0.0, 0.0, 1.0833473205566406, 2.0, 0.44577959179878235, 0.22461152076721191, 0.0260162353515625]",-73.33161000813394
14.550000000000072,123.24794006347656,236.06893920898438,7.273640155792236,0.107269287109375,0.625,"[0.9601711630821228, 0.9002000093460083, 0.11021669954061508, 0.7840827107429504]","[0.0, 0.0, -3.1957933970261365e-06, 0.00011933333735214546, -0.043483711779117584, 1.0, 0.016333334147930145, -3.1957933970261365e-06, 0.0, 0.0, 1.0172526572205243e-06, -0.016214000061154366, 0.0, 0.0]","[1.0, 0.0, 0.0, 1.0833473205566406, 2.0, 0.44577959179878235, 0.22461152076721191, 0.0260162353515625]",-73.71519424194179
14.600000000000072,122.8918228149414,236.17970275878906,7.448279857635498,0.102264404296875,0.62890625,"[0.948710560798645, 0.8910999894142151, 0.33886194229125977, 0.7206651568412781]","[0.0, 0.0, -3.1957933970261365e-06, 0.00011933333735214546, -0.043483711779117584, 1.0, 0.016333334147930145, -3.1957933970261365e-06, 0.0, 0.0, 1.0172526572205243e-06, -0.016214000061154366, 0.0, 0.0]","[1.0, 0.0, 0.0, 1.0833473205566406, 2.0, 0.44577959179878235, 0.22461152076721191, 0.0260162353515625]",-74.10538500015305
14.650000000000073,122.52934265136719,236.27915954589844,7.46845006942749,0.10198974609375,0.6328125,"[0.9473868608474731, 0.9003999829292297, 0.12120306491851807, 0.6680529713630676]","[0.0, 0.0, -3.1957933970261365e-06, 0.00011933333735214546, -0.043483711779117584, 1.0, 0.016333334147930145, -3.1957933970261365e-06, 0.0, 0.0, 1.0172526572205243e-06, -0.016214000061154366, 0.0, 0.0]","[1.0, 0.0, 0.0, 1.0833473205566406, 2.0, 0.44577959179878235, 0.22461152076721191, 0.0260162353515625]",-74.59933706082765
14.700000000000074,122.16093444824219,236.37388610839844,7.655680179595947,0.1046142578125,0.6328125,"[0.9351000189781189, 0.9147999882698059, 0.2656281292438507, 0.7682377696037292]","[0.0, 0.0, -3.1957933970261365e-06, 0.00011933333735214546, -0.043483711779117584, 1.0, 0.016333334147930145, -3.1957933970261365e-06, 0.0, 0.0, 1.0172526572205243e-06, -0.016214000061154366, 0.0, 0.0]","[1.0, 0.0, 0.0, 1.0833473205566406, 2.0, 0.44577959179878235, 0.22461152076721191, 0.0260162353515625]",-75.00200905098997
14.750000000000075,121.78714752197266,236.4648895263672,7.704860210418701,0.11041259765625,0.6328125,"[0.9318726062774658, 0.9304999709129333, 0.14925801753997803, 0.8227425217628479]","[0.0, 0.0, -3.1957933970261365e-06, 0.00011933333735214546, -0.043483711779117584, 1.0, 0.016333334147930145, -3.1957933970261365e-06, 0.0, 0.0, 1.0172526572205243e-06, -0.016214000061154366, 0.0, 0.0]","[1.0, 0.0, 0.0, 1.0833473205566406, 2.0, 0.44577959179878235, 0.22461152076721191, 0.0260162353515625]",-75.41144559376394
14.800000000000075,121.40592193603516,236.55198669433594,7.890850067138672,0.116912841796875,0.6328125,"[0.91966712474823, 0.9416000247001648, 0.30096569657325745, 0.801184892654419]","[0.0, 0.0, -3.1957933970261365e-06, 0.00011933333735214546, -0.043483711779117584, 1.0, 0.016333334147930145, -3.1957933970261365e-06, 0.0, 0.0, 1.0172526572205243e-06, -0.016214000061154366, 0.0, 0.0]","[1.0, 0.0, 0.0, 1.0833473205566406, 2.0, 0.44577959179878235, 0.22461152076721191, 0.0260162353515625]",-75.83017951302519
14.850000000000076,121.01832580566406,236.63421630859375,7.946889877319336,0.12213134765625,0.6328125,"[0.9159895181655884, 0.9569000005722046, 0.18431295454502106, 0.8335081338882446]","[0.0, 0.0, -3.1957933970261365e-06, 0.00011933333735214546, -0.043483711779117584, 1.0, 0.016333334147930145, -3.1957933970261365e-06, 0.0, 0.0, 1.0172526572205243e-06, -0.016214000061154366, 0.0, 0.0]","[1.0, 0.0, 0.0, 1.0833473205566406, 2.0, 0.44577959179878235, 0.22461152076721191, 0.0260162353515625]",-76.3514356443196
14.900000000000077,120.6229248046875,236.7115020751953,8.131999969482422,0.122955322265625,0.6328125,"[0.9038417339324951, 0.9695000052452087, 0.3154672384262085, 0.8153051137924194]","[0.0, 0.0, -3.1957933970261365e-06, 0.00011933333735214546, -0.043483711779117584, 1.0, 0.016333334147930145, -3.1957933970261365e-06, 0.0, 0.0, 1.0172526572205243e-06, -0.016214000061154366, 0.0, 0.0]","[1.0, 0.0, 0.0, 1.0833473205566406, 2.0, 0.44577959179878235, 0.22461152076721191, 0.0260162353515625]",-76.7825079243649
14.950000000000077,120.22102355957031,236.7834930419922,8.194640159606934,0.12109375,0.640625,"[0.8997310400009155, 0.9650999903678894, 0.19395646452903748, 0.8397995829582214]","[0.0, 0.0, -3.1957933970261365e-06, 0.00011933333735214546, -0.043483711779117584, 1.0, 0.016333334147930145, -3.1957933970261365e-06, 0.0, 0.0, 1.0172526572205243e-06, -0.016214000061154366, 0.0, 0.0]","[1.0, 0.0, 0.0, 1.0833473205566406, 2.0, 0.44577959179878235, 0.22461152076721191, 0.0260162353515625]",-77.22116928021036
15.000000000000078,119.81131744384766,236.8501434326172,8.3774995803833,0.11871337890625,0.65625,"[0.8877309560775757, 0.9351000189781189, 0.3148545026779175, 0.8281152248382568]","[0.0, 0.0, -3.1957933970261365e-06, 0.00011933333735214546, -0.043483711779117584, 1.0, 0.016333334147930145, -3.1957933970261365e-06, 0.0, 0.0, 1.0172526572205243e-06, -0.016214000061154366, 0.0, 0.0]","[1.0, 0.0, 0.0, 1.0833473205566406, 2.0, 0.44577959179878235, 0.22461152076721191, 0.0260162353515625]",-77.67228629214807
15.050000000000079,119.39488983154297,236.9110870361328,8.452139854431152,0.116241455078125,0.67578125,"[0.8828327655792236, 0.8971999883651733, 0.20898810029029846, 0.8546035289764404]","[0.0, 0.0, -3.1957933970261365e-06, 0.00011933333735214546, -0.043483711779117584, 1.0, 0.016333334147930145, -3.1957933970261365e-06, 0.0, 0.0, 1.0172526572205243e-06, -0.016214000061154366, 0.0, 0.0]","[1.0, 0.0, 0.0, 1.0833473205566406, 2.0, 0.44577959179878235, 0.22461152076721191, 0.0260162353515625]",-78.22745228433051
15.10000000000008,118.97029113769531,236.9662322998047,8.64309024810791,0.1141357421875,0.70703125,"[0.8703017234802246, 0.821399986743927, 0.326570987701416, 0.8322367072105408]","[0.0, 0.0, -3.1957933970261365e-06, 0.00011933333735214546, -0.043483711779117584, 1.0, 0.016333334147930145, -3.1957933970261365e-06, 0.0, 0.0, 1.0172526572205243e-06, -0.016214000061154366, 0.0, 0.0]","[1.0, 0.0, 0.0, 1.0833473205566406, 2.0, 0.44577959179878235, 0.22461152076721191, 0.0260162353515625]",-78.69647349421706
15.15000000000008,118.53812408447266,237.01515197753906,8.745369911193848,0.11285400390625,0.73828125,"[0.8635897040367126, 0.7476000189781189, 0.24210329353809357, 0.874586820602417]","[0.0, 0.0, -3.1957933970261365e-06, 0.00011933333735214546, -0.043483711779117584, 1.0, 0.016333334147930145, -3.1957933970261365e-06, 0.0, 0.0, 1.0172526572205243e-06, -0.016214000061154366, 0.0, 0.0]","[1.0, 0.0, 0.0, 1.0833473205566406, 2.0, 0.44577959179878235, 0.22461152076721191, 0.0260162353515625]",-79.17467984777286
15.200000000000081,118.09672546386719,237.0577850341797,8.955690383911133,0.110504150390625,0.74609375,"[0.8497874736785889, 0.7361999750137329, 0.3492298722267151, 0.8401584625244141]","[0.0, 0.0, -3.1957933970261365e-06, 0.00011933333735214546, -0.043483711779117584, 1.0, 0.016333334147930145, -3.1957933970261365e-06, 0.0, 0.0, 1.0172526572205243e-06, -0.016214000061154366, 0.0, 0.0]","[1.0, 0.0, 0.0, 1.0833473205566406, 2.0, 0.44577959179878235, 0.22461152076721191, 0.0260162353515625]",-79.66571920261799
15.250000000000082,117.64653015136719,237.09417724609375,9.09121036529541,0.104827880859375,0.74609375,"[0.8408941030502319, 0.7524999976158142, 0.2696188986301422, 0.8851561546325684]","[0.0, 0.0, -3.1957933970261365e-06, 0.00011933333735214546, -0.043483711779117584, 1.0, 0.016333334147930145, -3.1957933970261365e-06, 0.0, 0.0, 1.0172526572205243e-06, -0.016214000061154366, 0.0, 0.0]","[1.0, 0.0, 0.0, 1.0833473205566406, 2.0, 0.44577959179878235, 0.22461152076721191, 0.0260162353515625]",-80.28839622364967
15.300000000000082,117.18634796142578,237.12454223632812,9.313610076904297,0.097320556640625,0.74609375,"[0.8262991905212402, 0.7653999924659729, 0.347869873046875, 0.8659200668334961]","[0.0, 0.0, -3.1957933970261365e-06, 0.00011933333735214546, -0.043483711779117584, 1.0, 0.016333334147930145, -3.1957933970261365e-06, 0.0, 0.0, 1.0172526572205243e-06, -0.016214000061154366, 0.0, 0.0]","[1.0, 0.0, 0.0, 1.0833473205566406, 2.0, 0.44577959179878235, 0.22461152076721191, 0.0260162353515625]",-80.82539100992891
15.350000000000083,116.71672821044922,237.14892578125,9.470419883728027,0.0902099609375,0.74609375,"[0.8160086870193481, 0.7832000255584717, 0.2793208360671997, 0.8930420875549316]","[0.0, 0.0, -3.1957933970261365e-06, 0.00011933333735214546, -0.043483711779117584, 1.0, 0.016333334147930145, -3.1957933970261365e-06, 0.0, 0.0, 1.0172526572205243e-06, -0.016214000061154366, 0.0, 0.0]","[1.0, 0.0, 0.0, 1.0833473205566406, 2.0, 0.44577959179878235, 0.22461152076721191, 0.0260162353515625]",-81.38601259512205
15.400000000000084,116.23873138427734,237.1674041748047,9.612870216369629,0.083740234375,0.74609375,"[0.8066604137420654, 0.7958999872207642, 0.26482152938842773, 0.9600970149040222]","[0.0, 0.0, -3.1957933970261365e-06, 0.00011933333735214546, -0.043483711779117584, 1.0, 0.016333334147930145, -3.1957933970261365e-06, 0.0, 0.0, 1.0172526572205243e-06, -0.016214000061154366, 0.0, 0.0]","[1.0, 0.0, 0.0, 1.0833473205566406, 2.0, 0.44577959179878235, 0.22461152076721191, 0.0260162353515625]",-81.9735924433397
15.450000000000085,115.76154327392578,237.18026733398438,9.522259712219238,0.077850341796875,0.74609375,"[0.812606692314148, 0.7922999858856201, 0.16363514959812164, 0.7025800347328186]","[0.0, 0.0, -3.1957933970261365e-06, 0.00011933333735214546, -0.043483711779117584, 1.0, 0.016333334147930145, -3.1957933970261365e-06, 0.0, 0.0, 1.0172526572205243e-06, -0.016214000061154366, 0.0, 0.0]","[1.0, 0.0, 0.0, 1.0833473205566406, 2.0, 0.44577959179878235, 0.22461152076721191, 0.0260162353515625]",-82.76643609641866
15.500000000000085,115.28313446044922,237.1874542236328,9.652779579162598,0.073272705078125,0.74609375,"[0.8040413856506348, 0.8003000020980835, 0.20948289334774017, 0.7187870144844055]","[0.0, 0.0, -3.1957933970261365e-06, 0.00011933333735214546, -0.043483711779117584, 1.0, 0.016333334147930145, -3.1957933970261365e-06, 0.0, 0.0, 1.0172526572205243e-06, -0.016214000061154366, 0.0, 0.0]","[1.0, 0.0, 0.0, 1.0833473205566406, 2.0, 0.44577959179878235, 0.22461152076721191, 0.0260162353515625]",-83.38884695693007
15.550000000000086,114.78729248046875,237.18858337402344,10.06663990020752,0.06793212890625,0.74609375,"[0.7768820524215698, 0.8127999901771545, 0.5044923424720764, 0.6376948952674866]","[0.0, 0.0, -3.1957933970261365e-06, 0.00011933333735214546, -0.043483711779117584, 1.0, 0.016333334147930145, -3.1957933970261365e-06, 0.0, 0.0, 1.0172526572205243e-06, -0.016214000061154366, 0.0, 0.0]","[1.0, 0.0, 0.0, 1.0833473205566406, 2.0, 0.44577959179878235, 0.22461152076721191, 0.0260162353515625]",-84.03556106516088
15.600000000000087,114.27365112304688,237.18397521972656,10.384169578552246,0.059051513671875,0.74609375,"[0.7560442686080933, 0.8468999862670898, 0.403012752532959, 0.847260057926178]","[0.0, 0.0, -3.1957933970261365e-06, 0.00011933333735214546, -0.043483711779117584, 1.0, 0.016333334147930145, -3.1957933970261365e-06, 0.0, 0.0, 1.0172526572205243e-06, -0.016214000061154366, 0.0, 0.0]","[1.0, 0.0, 0.0, 1.0833473205566406, 2.0, 0.44577959179878235, 0.22461152076721191, 0.0260162353515625]",-84.70856209004127
15.650000000000087,113.74627685546875,237.17474365234375,10.639769554138184,0.04571533203125,0.74609375,"[0.7392706871032715, 0.8737999796867371, 0.3196887671947479, 0.8825035691261292]","[0.0, 0.0, -3.1957933970261365e-06, 0.00011933333735214546, -0.043483711779117584, 1.0, 0.016333334147930145, -3.1957933970261365e-06, 0.0, 0.0, 1.0172526572205243e-06, -0.016214000061154366, 0.0, 0.0]","[1.0, 0.0, 0.0, 1.0833473205566406, 2.0, 0.44577959179878235, 0.22461152076721191, 0.0260162353515625]",-85.66339329782208
15.700000000000088,113.20761108398438,237.16204833984375,10.856749534606934,0.031280517578125,0.74609375,"[0.7250314950942993, 0.8956000208854675, 0.25726592540740967, 0.9120163917541504]","[0.0, 0.0, -3.1957933970261365e-06, 0.00011933333735214546, -0.043483711779117584, 1.0, 0.016333334147930145, -3.1957933970261365e-06, 0.0, 0.0, 1.0172526572205243e-06, -0.016214000061154366, 0.0, 0.0]","[1.0, 0.0, 0.0, 1.0833473205566406, 2.0, 0.44577959179878235, 0.22461152076721191, 0.0260162353515625]",-86.30537117582637
15.750000000000089,112.65921020507812,237.14718627929688,11.04403018951416,0.0150146484375,0.74609375,"[0.7127413153648376, 0.9143000245094299, 0.19510680437088013, 0.918397068977356]","[0.0, 0.0, -3.1957933970261365e-06, 0.00011933333735214546, -0.043483711779117584, 1.0, 0.016333334147930145, -3.1957933970261365e-06, 0.0, 0.0, 1.0172526572205243e-06, -0.016214000061154366, 0.0, 0.0]","[1.0, 0.0, 0.0, 1.0833473205566406, 2.0, 0.44577959179878235, 0.22461152076721191, 0.0260162353515625]",-86.89975836297413
15.80000000000009,112.1021957397461,237.131591796875,11.210280418395996,-0.00054931640625,0.74609375,"[0.7018312215805054, 0.9301000237464905, 0.16158989071846008, 0.9338513612747192]","[0.0, 0.0, -3.1957933970261365e-06, 0.00011933333735214546, -0.043483711779117584, 1.0, 0.016333334147930145, -3.1957933970261365e-06, 0.0, 0.0, 1.0172526572205243e-06, -0.016214000061154366, 0.0, 0.0]","[1.0, 0.0, 0.0, 1.0833473205566406, 2.0, 0.44577959179878235, 0.22461152076721191, 0.0260162353515625]",-87.53233854826229
15.85000000000009,111.53728485107422,237.1161346435547,11.366029739379883,-0.011505126953125,0.74609375,"[0.6916102170944214, 0.9438999891281128, 0.16067515313625336, 0.9477322101593018]","[0.0, 0.0, -3.1957933970261365e-06, 0.00011933333735214546, -0.043483711779117584, 1.0, 0.016333334147930145, -3.1957933970261365e-06, 0.0, 0.0, 1.0172526572205243e-06, -0.016214000061154366, 0.0, 0.0]","[1.0, 0.0, 0.0, 1.0833473205566406, 2.0, 0.44577959179878235, 0.22461152076721191, 0.0260162353515625]",-88.3147395013272
15.900000000000091,110.96492004394531,237.10159301757812,11.51194953918457,-0.0186767578125,0.74609375,"[0.6820343732833862, 0.9567000269889832, 0.1637621968984604, 0.9615026116371155]","[0.0, 0.0, -3.1957933970261365e-06, 0.00011933333735214546, -0.043483711779117584, 1.0, 0.016333334147930145, -3.1957933970261365e-06, 0.0, 0.0, 1.0172526572205243e-06, -0.016214000061154366, 0.0, 0.0]","[1.0, 0.0, 0.0, 1.0833473205566406, 2.0, 0.44577959179878235, 0.22461152076721191, 0.0260162353515625]",-88.95887026273525
15.950000000000092,110.38530731201172,237.0883331298828,11.655099868774414,-0.0216064453125,0.74609375,"[0.6726402044296265, 0.9688000082969666, 0.17227251827716827, 0.967060923576355]","[0.0, 0.0, -3.1957933970261365e-06, 0.00011933333735214546, -0.043483711779117584, 1.0, 0.016333334147930145, -3.1957933970261365e-06, 0.0, 0.0, 1.0172526572205243e-06, -0.016214000061154366, 0.0, 0.0]","[1.0, 0.0, 0.0, 1.0833473205566406, 2.0, 0.44577959179878235, 0.22461152076721191, 0.0260162353515625]",-89.60275732892664
16.000000000000092,109.79852294921875,237.07659912109375,11.797900199890137,-0.020965576171875,0.74609375,"[0.6632689833641052, 0.9807000160217285, 0.16840176284313202, 0.9770134091377258]","[0.0, 0.0, -3.1957933970261365e-06, 0.00011933333735214546, -0.043483711779117584, 1.0, 0.016333334147930145, -3.1957933970261365e-06, 0.0, 0.0, 1.0172526572205243e-06, -0.016214000061154366, 0.0, 0.0]","[1.0, 0.0, 0.0, 1.0833473205566406, 2.0, 0.44577959179878235, 0.22461152076721191, 0.0260162353515625]",-90.25013076454243
16.050000000000093,109.20455169677734,237.0662384033203,11.940540313720703,-0.017852783203125,0.74609375,"[0.6539082527160645, 0.9926999807357788, 0.16738153994083405, 0.9719817042350769]","[0.0, 0.0, -3.1957933970261365e-06, 0.00011933333735214546, -0.043483711779117584, 1.0, 0.016333334147930145, -3.1957933970261365e-06, 0.0, 0.0, 1.0172526572205243e-06, -0.016214000061154366, 0.0, 0.0]","[1.0, 0.0, 0.0, 1.0833473205566406, 2.0, 0.44577959179878235, 0.22461152076721191, 0.0260162353515625]",-91.02389366191095
16.100000000000094,108.6033935546875,237.0570068359375,12.084320068359375,-0.01177978515625,0.74609375,"[0.6444728374481201, 1.0, 0.1529679149389267, 0.9641874432563782]","[0.0, 0.0, -3.1957933970261365e-06, 0.00011933333735214546, -0.043483711779117584, 1.0, 0.016333334147930145, -3.1957933970261365e-06, 0.0, 0.0, 1.0172526572205243e-06, -0.016214000061154366, 0.0, 0.0]","[1.0, 0.0, 0.0, 1.0833473205566406, 2.0, 0.44577959179878235, 0.22461152076721191, 0.0260162353515625]",-91.69555696154104
16.150000000000095,107.99506378173828,237.04827880859375,12.225879669189453,-0.004364013671875,0.7265625,"[0.6351830363273621, 1.0, 0.13848306238651276, 0.966296911239624]","[0.0, 0.0, -3.1957933970261365e-06, 0.00011933333735214546, -0.043483711779117584, 1.0, 0.016333334147930145, -3.1957933970261365e-06, 0.0, 0.0, 1.0172526572205243e-06, -0.016214000061154366, 0.0, 0.0]","[1.0, 0.0, 0.0, 1.0833473205566406, 2.0, 0.44577959179878235, 0.22461152076721191, 0.0260162353515625]",-92.38195299075909
16.200000000000095,107.37973022460938,237.0394287109375,12.364520072937012,0.0037841796875,0.71875,"[0.6260848641395569, 1.0, 0.12954989075660706, 0.957929253578186]","[0.0, 0.0, -3.1957933970261365e-06, 0.00011933333735214546, -0.043483711779117584, 1.0, 0.016333334147930145, -3.1957933970261365e-06, 0.0, 0.0, 1.0172526572205243e-06, -0.016214000061154366, 0.0, 0.0]","[1.0, 0.0, 0.0, 1.0833473205566406, 2.0, 0.44577959179878235, 0.22461152076721191, 0.0260162353515625]",-93.08812287999054
16.250000000000096,106.75764465332031,237.02972412109375,12.497590065002441,0.01153564453125,0.6953125,"[0.6173521876335144, 1.0, 0.14000965654850006, 0.962583065032959]","[0.0, 0.0, -3.1957933970261365e-06, 0.00011933333735214546, -0.043483711779117584, 1.0, 0.016333334147930145, -3.1957933970261365e-06, 0.0, 0.0, 1.0172526572205243e-06, -0.016214000061154366, 0.0, 0.0]","[1.0, 0.0, 0.0, 1.0833473205566406, 2.0, 0.44577959179878235, 0.22461152076721191, 0.0260162353515625]",-93.99219256022293
16.300000000000097,106.129150390625,237.0185089111328,12.623189926147461,0.017303466796875,0.671875,"[0.6091097593307495, 1.0, 0.14995694160461426, 0.9612323045730591]","[0.0, 0.0, -3.1957933970261365e-06, 0.00011933333735214546, -0.043483711779117584, 1.0, 0.016333334147930145, -3.1957933970261365e-06, 0.0, 0.0, 1.0172526572205243e-06, -0.016214000061154366, 0.0, 0.0]","[1.0, 0.0, 0.0, 1.0833473205566406, 2.0, 0.44577959179878235, 0.22461152076721191, 0.0260162353515625]",-94.75732511691031
16.350000000000097,105.49464416503906,237.00540161132812,12.741950035095215,0.019927978515625,0.671875,"[0.6013162136077881, 1.0, 0.14925451576709747, 0.9730338454246521]","[0.0, 0.0, -3.1957933970261365e-06, 0.00011933333735214546, -0.043483711779117584, 1.0, 0.016333334147930145, -3.1957933970261365e-06, 0.0, 0.0, 1.0172526572205243e-06, -0.016214000061154366, 0.0, 0.0]","[1.0, 0.0, 0.0, 1.0833473205566406, 2.0, 0.44577959179878235, 0.22461152076721191, 0.0260162353515625]",-95.54741415574298
16.400000000000098,104.8543930053711,236.99037170410156,12.855779647827148,0.019012451171875,0.671875,"[0.5938462018966675, 1.0, 0.14640352129936218, 0.9748926758766174]","[0.0, 0.0, -3.1957933970261365e-06, 0.00011933333735214546, -0.043483711779117584, 1.0, 0.016333334147930145, -3.1957933970261365e-06, 0.0, 0.0, 1.0172526572205243e-06, -0.016214000061154366, 0.0, 0.0]","[1.0, 0.0, 0.0, 1.0833473205566406, 2.0, 0.44577959179878235, 0.22461152076721191, 0.0260162353515625]",-96.35333601076786
16.4500000000001,104.20860290527344,236.9734344482422,12.966930389404297,0.01580810546875,0.66796875,"[0.5865520238876343, 1.0, 0.13713054358959198, 0.9765055775642395]","[0.0, 0.0, -3.1957933970261365e-06, 0.00011933333735214546, -0.043483711779117584, 1.0, 0.016333334147930145, -3.1957933970261365e-06, 0.0, 0.0, 1.0172526572205243e-06, -0.016214000061154366, 0.0, 0.0]","[1.0, 0.0, 0.0, 1.0833473205566406, 2.0, 0.44577959179878235, 0.22461152076721191, 0.0260162353515625]",-97.40015765621206
16.5000000000001,103.55748748779297,236.9548797607422,13.069470405578613,0.0115966796875,0.6015625,"[0.579822838306427, 1.0, 0.12381844967603683, 0.97305828332901]","[0.0, 0.0, -3.1957933970261365e-06, 0.00011933333735214546, -0.043483711779117584, 1.0, 0.016333334147930145, -3.1957933970261365e-06, 0.0, 0.0, 1.0172526572205243e-06, -0.016214000061154366, 0.0, 0.0]","[1.0, 0.0, 0.0, 1.0833473205566406, 2.0, 0.44577959179878235, 0.22461152076721191, 0.0260162353515625]",-98.23825789144169
16.5500000000001,102.90180206298828,236.93492126464844,13.15425968170166,0.007720947265625,0.51171875,"[0.57425856590271, 1.0, 0.09962330013513565, 0.9627990126609802]","[0.0, 0.0, -3.1957933970261365e-06, 0.00011933333735214546, -0.043483711779117584, 1.0, 0.016333334147930145, -3.1957933970261365e-06, 0.0, 0.0, 1.0172526572205243e-06, -0.016214000061154366, 0.0, 0.0]","[1.0, 0.0, 0.0, 1.0833473205566406, 2.0, 0.44577959179878235, 0.22461152076721191, 0.0260162353515625]",-99.09356132485398
16.6000000000001,102.24272918701172,236.91392517089844,13.21304988861084,0.00372314453125,0.436492919921875,"[0.5704005360603333, 1.0, 0.06969143450260162, 0.959852397441864]","[0.0, 0.0, -3.1957933970261365e-06, 0.00011933333735214546, -0.043483711779117584, 1.0, 0.016333334147930145, -3.1957933970261365e-06, 0.0, 0.0, 1.0172526572205243e-06, -0.016214000061154366, 0.0, 0.0]","[1.0, 0.0, 0.0, 1.0833473205566406, 2.0, 0.44577959179878235, 0.22461152076721191, 0.0260162353515625]",-99.9516708976462
16.6500000000001,101.58159637451172,236.89230346679688,13.245280265808105,-0.0003662109375,0.376983642578125,"[0.5682854652404785, 1.0, 0.03379428759217262, 0.957942008972168]","[0.0, 0.0, -3.1957933970261365e-06, 0.00011933333735214546, -0.043483711779117584, 1.0, 0.016333334147930145, -3.1957933970261365e-06, 0.0, 0.0, 1.0172526572205243e-06, -0.016214000061154366, 0.0, 0.0]","[1.0, 0.0, 0.0, 1.0833473205566406, 2.0, 0.44577959179878235, 0.22461152076721191, 0.0260162353515625]",-101.09990766392787
16.700000000000102,100.9196548461914,236.8705596923828,13.253769874572754,-0.003448486328125,0.3531646728515625,"[0.5677282810211182, 1.0, 0.0108562633395195, 0.9691014885902405]","[0.0, 0.0, -3.1957933970261365e-06, 0.00011933333735214546, -0.043483711779117584, 1.0, 0.016333334147930145, -3.1957933970261365e-06, 0.0, 0.0, 1.0172526572205243e-06, -0.016214000061154366, 0.0, 0.0]","[1.0, 0.0, 0.0, 1.0833473205566406, 2.0, 0.44577959179878235, 0.22461152076721191, 0.0260162353515625]",-101.69561820190943
