sim_time,x,y,speed,steer,throttle,style_scores,alert_state,alert_raw,alert_score
0.05,104.59001922607422,191.77003479003906,0.9800000190734863,-0.00653076171875,0.20000000298023224,"[0.6268119812011719, 0.24779999256134033, 0.0, 0.9428849816322327]","[0.0, 0.0, -3.1957933970261365e-06, 0.00011933333735214546, -0.04375659301877022, 1.0, 0.016333334147930145, -3.1957933970261365e-06, 0.0, 0.0, 1.0172526572205243e-06, -0.016214000061154366, 0.0, 0.0]","[1.0, 0.0, 1.0, 1.1780058145523071, 0.0, 0.322069376707077, 0.8960621953010559, 0.3943309485912323]",1.0
0.1,104.59001922607422,191.77003479003906,1.4700000286102295,-0.00653076171875,0.20000000298023224,"[0.6589679718017578, 0.3716000020503998, 0.0, 0.9659090638160706]","[0.0, 0.0, -3.1957933970261365e-06, 0.00011933333735214546, -0.04375659301877022, 1.0, 0.016333334147930145, -3.1957933970261365e-06, 0.0, 0.0, 1.0172526572205243e-06, -0.016214000061154366, 0.0, 0.0]","[1.0, 0.0, 1.0, 1.1780058145523071, 0.0, 0.322069376707077, 0.8960621953010559, 0.3943309485912323]",1.0
0.15000000000000002,104.59001922607422,191.77003479003906,1.7187600135803223,-0.00653076171875,0.20000000298023224,"[0.6752927303314209, 0.4456000030040741, 0.0, 0.7467684745788574]","[0.0, 0.0, -3.1957933970261365e-06, 0.00011933333735214546, -0.04375659301877022, 1.0, 0.016333334147930145, -3.1957933970261365e-06, 0.0, 0.0, 1.0172526572205243e-06, -0.016214000061154366, 0.0, 0.0]","[1.0, 0.0, 1.0, 1.1780058145523071, 0.0, 0.322069376707077, 0.8960621953010559, 0.3943309485912323]",1.0
0.2,104.59001922607422,191.77003479003906,0.9489799737930298,-0.00653076171875,0.20000000298023224,"[0.624776303768158, 0.2328999936580658, 0.0, 0.5113636255264282]","[0.0, 0.0, -3.1957933970261365e-06, 0.00011933333735214546, -0.04375659301877022, 1.0, 0.016333334147930145, -3.1957933970261365e-06, 0.0, 0.0, 1.0172526572205243e-06, -0.016214000061154366, 0.0, 0.0]","[1.0, 0.0, 1.0, 1.1780058145523071, 0.0, 0.322069376707077, 0.8960621953010559, 0.3943309485912323]",1.0
0.25,104.59001922607422,191.77003479003906,0.48186999559402466,-0.00653076171875,0.20000000298023224,"[0.5941224694252014, 0.12210000306367874, 0.0, 0.6907535195350647]","[0.0, 0.0, -3.1957933970261365e-06, 0.00011933333735214546, -0.04375659301877022, 1.0, 0.016333334147930145, -3.1957933970261365e-06, 0.0, 0.0, 1.0172526572205243e-06, -0.016214000061154366, 0.0, 0.0]","[1.0, 0.0, 1.0, 1.1780058145523071, 0.0, 0.322069376707077, 0.8960621953010559, 0.3943309485912323]",0.9770132939141812
0.3,104.59001922607422,191.77003479003906,0.20643000304698944,-0.00653076171875,0.20000000298023224,"[0.5760468244552612, 0.05339999869465828, 8.791208188085875e-07, 0.791659951210022]","[0.0, 0.0, -3.1957933970261365e-06, 0.00011933333735214546, -0.04375659301877022, 1.0, 0.016333334147930145, -3.1957933970261365e-06, 0.0, 0.0, 1.0172526572205243e-06, -0.016214000061154366, 0.0, 0.0]","[1.0, 0.0, 1.0, 1.1780058145523071, 0.0, 0.322069376707077, 0.8960621953010559, 0.3943309485912323]",0.8850279493900145
0.35,104.59001922607422,191.77003479003906,0.05063999816775322,-0.00653076171875,0.20000000298023224,"[0.5658231973648071, 0.013299999758601189, 4.3956040940429375e-07, 0.8699873685836792]","[0.0, 0.0, -3.1957933970261365e-06, 0.00011933333735214546, -0.04375659301877022, 1.0, 0.016333334147930145, -3.1957933970261365e-06, 0.0, 0.0, 1.0172526572205243e-06, -0.016214000061154366, 0.0, 0.0]","[1.0, 0.0, 1.0, 1.1780058145523071, 0.0, 0.322069376707077, 0.8960621953010559, 0.3943309485912323]",0.783928159392835
0.39999999999999997,104.59001922607422,191.77003479003906,0.0318400003015995,-0.00653076171875,0.20000000298023224,"[0.5645895004272461, 0.00839999970048666, 4.3956040940429375e-07, 0.9307903051376343]","[0.0, 0.0, -3.1957933970261365e-06, 0.00011933333735214546, -0.04375659301877022, 1.0, 0.016333334147930145, -3.1957933970261365e-06, 0.0, 0.0, 1.0172526572205243e-06, -0.016214000061154366, 0.0, 0.0]","[1.0, 0.0, 1.0, 1.1780058145523071, 0.0, 0.322069376707077, 0.8960621953010559, 0.3943309485912323]",0.4246648193362792
0.44999999999999996,104.59001922607422,191.77003479003906,0.07050999999046326,-0.00653076171875,0.20000000298023224,"[0.5671272277832031, 0.018699999898672104, 4.3956040940429375e-07, 0.9548987746238708]","[0.0, 0.0, -3.1957933970261365e-06, 0.00011933333735214546, -0.04375659301877022, 1.0, 0.016333334147930145, -3.1957933970261365e-06, 0.0, 0.0, 1.0172526572205243e-06, -0.016214000061154366, 0.0, 0.0]","[1.0, 0.0, 1.0, 1.1780058145523071, 0.0, 0.322069376707077, 0.8960621953010559, 0.3943309485912323]",0.1964815401463753
0.49999999999999994,104.59001922607422,191.77003479003906,0.0839100033044815,-0.00653076171875,0.59765625,"[0.5680065155029297, 0.01119999960064888, 0.0, 0.9524648785591125]","[0.0, 0.0, -3.1957933970261365e-06, 0.00011933333735214546, -0.04375659301877022, 1.0, 0.016333334147930145, -3.1957933970261365e-06, 0.0, 0.0, 1.0172526572205243e-06, -0.016214000061154366, 0.0, 0.0]","[1.0, 0.0, 1.0, 1.1780058145523071, 0.0, 0.322069376707077, 0.8960621953010559, 0.3943309485912323]",-0.042315298592817685
0.5499999999999999,104.59001922607422,191.77003479003906,0.08347000181674957,-0.00653076171875,0.890625,"[0.5679776668548584, 0.003000000026077032, 4.3956040940429375e-07, 0.9646458029747009]","[0.0, 0.0, -3.1957933970261365e-06, 0.00011933333735214546, -0.04375659301877022, 1.0, 0.016333334147930145, -3.1957933970261365e-06, 0.0, 0.0, 1.0172526572205243e-06, -0.016214000061154366, 0.0, 0.0]","[1.0, 0.0, 1.0, 1.1780058145523071, 0.0, 0.322069376707077, 0.8960621953010559, 0.3943309485912323]",-0.29788556587651516
0.6,104.59001922607422,191.77003479003906,0.07614000141620636,-0.00653076171875,0.96484375,"[0.567496657371521, 0.0008999999845400453, 0.0, 0.9927284121513367]","[0.0, 0.0, -3.1957933970261365e-06, 0.00011933333735214546, -0.04375659301877022, 1.0, 0.016333334147930145, -3.1957933970261365e-06, 0.0, 0.0, 1.0172526572205243e-06, -0.016214000061154366, 0.0, 0.0]","[1.0, 0.0, 1.0, 1.1780058145523071, 0.0, 0.322069376707077, 0.8960621953010559, 0.3943309485912323]",-0.5565472828421261
0.65,104.59001922607422,191.77003479003906,0.06597000360488892,-0.00653076171875,0.96484375,"[0.5668292045593262, 0.0007999999797903001, 4.3956040940429375e-07, 0.9960333108901978]","[0.0, 0.0, -3.1957933970261365e-06, 0.00011933333735214546, -0.04375659301877022, 1.0, 0.016333334147930145, -3.1957933970261365e-06, 0.0, 0.0, 1.0172526572205243e-06, -0.016214000061154366, 0.0, 0.0]","[1.0, 0.0, 1.0, 1.1780058145523071, 0.0, 0.322069376707077, 0.8960621953010559, 0.3943309485912323]",-1.0968835427011667
0.7000000000000001,104.59001922607422,191.77003479003906,0.05525000020861626,-0.00653076171875,0.96484375,"[0.566125750541687, 0.0006000000284984708, 0.0, 0.9980322122573853]","[0.0, 0.0, -3.1957933970261365e-06, 0.00011933333735214546, -0.04375659301877022, 1.0, 0.016333334147930145, -3.1957933970261365e-06, 0.0, 0.0, 1.0172526572205243e-06, -0.016214000061154366, 0.0, 0.0]","[1.0, 0.0, 1.0, 1.1780058145523071, 0.0, 0.322069376707077, 0.8960621953010559, 0.3943309485912323]",-1.4097293208717159
0.7500000000000001,104.59001922607422,191.77003479003906,0.045159999281167984,-0.00653076171875,0.96875,"[0.5654635429382324, 0.0005000000237487257, 4.3956040940429375e-07, 0.998045802116394]","[0.0, 0.0, -3.1957933970261365e-06, 0.00011933333735214546, -0.04375659301877022, 1.0, 0.016333334147930145, -3.1957933970261365e-06, 0.0, 0.0, 1.0172526572205243e-06, -0.016214000061154366, 0.0, 0.0]","[1.0, 0.0, 1.0, 1.1780058145523071, 0.0, 0.322069376707077, 0.8960621953010559, 0.3943309485912323]",-1.7353957113849643
0.8000000000000002,104.59001922607422,191.77003479003906,0.036249998956918716,-0.019744873046875,0.97265625,"[0.5648789405822754, 0.0003000000142492354, 0.0, 0.9971145987510681]","[0.0, 0.0, -3.1957933970261365e-06, 0.00011933333735214546, -0.04375659301877022, 1.0, 0.016333334147930145, -3.1957933970261365e-06, 0.0, 0.0, 1.0172526572205243e-06, -0.016214000061154366, 0.0, 0.0]","[1.0, 0.0, 1.0, 1.1780058145523071, 0.0, 0.322069376707077, 0.8960621953010559, 0.3943309485912323]",-2.4256634430046073
0.8500000000000002,104.59003448486328,191.77003479003906,0.028759999200701714,-0.0225830078125,0.98046875,"[0.564387321472168, 0.00019999999494757503, 0.0022962638176977634, 0.9960162043571472]","[0.0, 0.0, -3.1957933970261365e-06, 0.00011933333735214546, -0.04375659301877022, 1.0, 0.016333334147930145, -3.1957933970261365e-06, 0.0, 0.0, 1.0172526572205243e-06, -0.016214000061154366, 0.0, 0.0]","[1.0, 0.0, 1.0, 1.1780058145523071, 0.0, 0.322069376707077, 0.8960621953010559, 0.3943309485912323]",-2.7843882300303653
0.9000000000000002,104.60443878173828,191.7698516845703,0.4247100055217743,-0.024139404296875,0.98828125,"[0.5903713703155518, 0.0015999999595806003, 0.3773956000804901, 0.5155104398727417]","[0.0, 0.0, -3.1957933970261365e-06, 0.00011933333735214546, -0.04375659301877022, 1.0, 0.016333334147930145, -3.1957933970261365e-06, 0.0, 0.0, 1.0172526572205243e-06, -0.016214000061154366, 0.0, 0.0]","[1.0, 0.0, 1.0, 1.1780058145523071, 0.0, 0.322069376707077, 0.8960621953010559, 0.3943309485912323]",-3.1352715321553806
0.9500000000000003,104.63736724853516,191.7693634033203,0.767270028591156,-0.024566650390625,1.0,"[0.6128517389297485, 0.0, 0.30722856521606445, 0.8707222938537598]","[0.0, 0.0, -3.1957933970261365e-06, 0.00011933333735214546, -0.04375659301877022, 1.0, 0.016333334147930145, -3.1957933970261365e-06, 0.0, 0.0, 1.0172526572205243e-06, -0.016214000061154366, 0.0, 0.0]","[1.0, 0.0, 1.0, 1.1780058145523071, 0.0, 0.322069376707077, 0.8960621953010559, 0.3943309485912323]",-3.4909135483068043
1.0000000000000002,104.68499755859375,191.76858520507812,1.0317399501800537,-0.024566650390625,1.0,"[0.630207359790802, 0.0, 0.23693712055683136, 0.8708312511444092]","[0.0, 0.0, -3.1957933970261365e-06, 0.00011933333735214546, -0.04375659301877022, 1.0, 0.016333334147930145, -3.1957933970261365e-06, 0.0, 0.0, 1.0172526572205243e-06, -0.016214000061154366, 0.0, 0.0]","[1.0, 0.0, 1.0, 1.1780058145523071, 0.0, 0.322069376707077, 0.8960621953010559, 0.3943309485912323]",-3.8454572388208144
1.0500000000000003,104.74490356445312,191.76766967773438,1.3027399778366089,-0.02459716796875,1.0,"[0.6479916572570801, 0.0, 0.2429134100675583, 0.957216203212738]","[0.0, 0.0, -3.1957933970261365e-06, 0.00011933333735214546, -0.04375659301877022, 1.0, 0.016333334147930145, -3.1957933970261365e-06, 0.0, 0.0, 1.0172526572205243e-06, -0.016214000061154366, 0.0, 0.0]","[1.0, 0.0, 1.0, 1.1780058145523071, 0.0, 0.322069376707077, 0.8960621953010559, 0.3943309485912323]",-4.641571725245934
1.1000000000000003,104.81818389892578,191.76666259765625,1.5833100080490112,-0.025115966796875,1.0,"[0.6664038896560669, 0.0, 0.2543344795703888, 0.9514773488044739]","[0.0, 0.0, -3.1957933970261365e-06, 0.00011933333735214546, -0.04375659301877022, 1.0, 0.016333334147930145, -3.1957933970261365e-06, 0.0, 0.0, 1.0172526572205243e-06, -0.016214000061154366, 0.0, 0.0]","[1.0, 0.0, 1.0, 1.1780058145523071, 0.0, 0.322069376707077, 0.8960621953010559, 0.3943309485912323]",-5.0337264674746205
1.1500000000000004,104.90353393554688,191.7653350830078,1.7671200037002563,-0.025909423828125,1.0,"[0.6784663200378418, 0.0, 0.16757097840309143, 0.8593648672103882]","[0.0, 0.0, -3.1957933970261365e-06, 0.00011933333735214546, -0.04375659301877022, 1.0, 0.016333334147930145, -3.1957933970261365e-06, 0.0, 0.0, 1.0172526572205243e-06, -0.016214000061154366, 0.0, 0.0]","[1.0, 0.0, 1.0, 1.1780058145523071, 0.0, 0.322069376707077, 0.8960621953010559, 0.3943309485912323]",-5.443076542986971
1.2000000000000004,105.00140380859375,191.76361083984375,2.0354299545288086,-0.027374267578125,1.0,"[0.6960740089416504, 0.0, 0.24605582654476166, 0.8647850751876831]","[0.0, 0.0, -3.1957933970261365e-06, 0.00011933333735214546, -0.04375659301877022, 1.0, 0.016333334147930145, -3.1957933970261365e-06, 0.0, 0.0, 1.0172526572205243e-06, -0.016214000061154366, 0.0, 0.0]","[1.0, 0.0, 1.0, 1.1780058145523071, 0.0, 0.322069376707077, 0.8960621953010559, 0.3943309485912323]",-5.871038359835189
1.2500000000000004,105.11090850830078,191.76144409179688,2.2965500354766846,-0.02960205078125,1.0,"[0.7132099270820618, 0.0, 0.240057572722435, 0.9570980668067932]","[0.0, 0.0, -3.1957933970261365e-06, 0.00011933333735214546, -0.04375659301877022, 1.0, 0.016333334147930145, -3.1957933970261365e-06, 0.0, 0.0, 1.0172526572205243e-06, -0.016214000061154366, 0.0, 0.0]","[1.0, 0.0, 1.0, 1.1780058145523071, 0.0, 0.322069376707077, 0.8960621953010559, 0.3943309485912323]",-6.797229199917196
1.3000000000000005,105.23563385009766,191.7587127685547,2.6185500621795654,-0.031768798828125,1.0,"[0.7343409657478333, 0.0, 0.2988167107105255, 0.8920528888702393]","[0.0, 0.0, -3.1957933970261365e-06, 0.00011933333735214546, -0.04375659301877022, 1.0, 0.016333334147930145, -3.1957933970261365e-06, 0.0, 0.0, 1.0172526572205243e-06, -0.016214000061154366, 0.0, 0.0]","[1.0, 0.0, 1.0, 1.1780058145523071, 0.0, 0.322069376707077, 0.8960621953010559, 0.3943309485912323]",-7.191066898098473
1.3500000000000005,105.37704467773438,191.7552490234375,2.9632198810577393,-0.033355712890625,1.0,"[0.7569597363471985, 0.0, 0.31912219524383545, 0.9386351108551025]","[0.0, 0.0, -3.1957933970261365e-06, 0.00011933333735214546, -0.04375659301877022, 1.0, 0.016333334147930145, -3.1957933970261365e-06, 0.0, 0.0, 1.0172526572205243e-06, -0.016214000061154366, 0.0, 0.0]","[1.0, 0.0, 1.0, 1.1780058145523071, 0.0, 0.322069376707077, 0.8960621953010559, 0.3943309485912323]",-7.587562957650956
1.4000000000000006,105.53766632080078,191.75091552734375,3.36365008354187,-0.034210205078125,1.0,"[0.7832377552986145, 0.0, 0.37134239077568054, 0.8990790843963623]","[0.0, 0.0, -3.1957933970261365e-06, 0.00011933333735214546, -0.04375659301877022, 1.0, 0.016333334147930145, -3.1957933970261365e-06, 0.0, 0.0, 1.0172526572205243e-06, -0.016214000061154366, 0.0, 0.0]","[1.0, 0.0, 1.0, 1.1780058145523071, 0.0, 0.322069376707077, 0.8960621953010559, 0.3943309485912323]",-8.021854226769475
1.4500000000000006,105.71746063232422,191.74566650390625,3.734689950942993,-0.034759521484375,1.0,"[0.8075870871543884, 0.0, 0.34638944268226624, 0.9303058981895447]","[0.0, 0.0, -3.1957933970261365e-06, 0.00011933333735214546, -0.04375659301877022, 1.0, 0.016333334147930145, -3.1957933970261365e-06, 0.0, 0.0, 1.0172526572205243e-06, -0.016214000061154366, 0.0, 0.0]","[1.0, 0.0, 1.0, 1.1780058145523071, 0.0, 0.322069376707077, 0.8960621953010559, 0.3943309485912323]",-9.129677619044617
1.5000000000000007,105.91511535644531,191.73936462402344,4.089019775390625,-0.035797119140625,1.0,"[0.8308397531509399, 0.0, 0.33440831303596497, 0.944952130317688]","[0.0, 0.0, -3.1957933970261365e-06, 0.00011933333735214546, -0.04375659301877022, 1.0, 0.016333334147930145, -3.1957933970261365e-06, 0.0, 0.0, 1.0172526572205243e-06, -0.016214000061154366, 0.0, 0.0]","[1.0, 0.0, 1.0, 1.1780058145523071, 0.0, 0.322069376707077, 0.8960621953010559, 0.3943309485912323]",-9.618261690095741
1.5500000000000007,106.13016510009766,191.73182678222656,4.437729835510254,-0.037109375,1.0,"[0.8537237048149109, 0.0, 0.33257490396499634, 0.9572080969810486]","[0.0, 0.0, -3.1957933970261365e-06, 0.00011933333735214546, -0.04375659301877022, 1.0, 0.016333334147930145, -3.1957933970261365e-06, 0.0, 0.0, 1.0172526572205243e-06, -0.016214000061154366, 0.0, 0.0]","[1.0, 0.0, 1.0, 1.1780058145523071, 0.0, 0.322069376707077, 0.8960621953010559, 0.3943309485912323]",-10.06051376336512
1.6000000000000008,106.36251831054688,191.72288513183594,4.786069869995117,-0.038787841796875,1.0,"[0.8765833377838135, 0.0, 0.3360804617404938, 0.9605985879898071]","[0.0, 0.0, -3.1957933970261365e-06, 0.00011933333735214546, -0.04375659301877022, 1.0, 0.016333334147930145, -3.1957933970261365e-06, 0.0, 0.0, 1.0172526572205243e-06, -0.016214000061154366, 0.0, 0.0]","[1.0, 0.0, 1.0, 1.1780058145523071, 0.0, 0.322069376707077, 0.8960621953010559, 0.3943309485912323]",-10.516295853070424
1.6500000000000008,106.61225128173828,191.7123565673828,5.137499809265137,-0.039947509765625,1.0,"[0.8996457457542419, 0.0, 0.3415485620498657, 0.9578538537025452]","[0.0, 0.0, -3.1957933970261365e-06, 0.00011933333735214546, -0.04375659301877022, 1.0, 0.016333334147930145, -3.1957933970261365e-06, 0.0, 0.0, 1.0172526572205243e-06, -0.016214000061154366, 0.0, 0.0]","[1.0, 0.0, 1.0, 1.1780058145523071, 0.0, 0.322069376707077, 0.8960621953010559, 0.3943309485912323]",-10.552358966836106
1.7000000000000008,106.87958526611328,191.70005798339844,5.49193000793457,-0.040374755859375,1.0,"[0.9229050278663635, 0.0, 0.3460874855518341, 0.9561924338340759]","[0.0, 0.0, -3.1957933970261365e-06, 0.00011933333735214546, -0.04375659301877022, 1.0, 0.016333334147930145, -3.1957933970261365e-06, 0.0, 0.0, 1.0172526572205243e-06, -0.016214000061154366, 0.0, 0.0]","[1.0, 0.0, 1.0, 1.1780058145523071, 0.0, 0.322069376707077, 0.8960621953010559, 0.3943309485912323]",-10.58413935576777
1.7500000000000009,107.16179656982422,191.6859893798828,5.688960075378418,-0.040496826171875,1.0,"[0.9358350038528442, 0.0, 0.19627515971660614, 0.7784813642501831]","[0.0, 0.0, -3.1957933970261365e-06, 0.00011933333735214546, -0.04375659301877022, 1.0, 0.016333334147930145, -3.1957933970261365e-06, 0.0, 0.0, 1.0172526572205243e-06, -0.016214000061154366, 0.0, 0.0]","[1.0, 0.0, 1.0, 1.1780058145523071, 0.0, 0.322069376707077, 0.8960621953010559, 0.3943309485912323]",-10.6283416365113
1.800000000000001,107.445556640625,191.6710968017578,5.696410179138184,-0.040130615234375,1.0,"[0.9363239407539368, 0.0, 0.04226769134402275, 0.7586849927902222]","[0.0, 0.0, -3.1957933970261365e-06, 0.00011933333735214546, -0.04375659301877022, 1.0, 0.016333334147930145, -3.1957933970261365e-06, 0.0, 0.0, 1.0172526572205243e-06, -0.016214000061154366, 0.0, 0.0]","[1.0, 0.0, 1.0, 1.1780058145523071, 0.0, 0.322069376707077, 0.8960621953010559, 0.3943309485912323]",-11.02271012139464
1.850000000000001,107.72886657714844,191.65509033203125,5.694210052490234,-0.03936767578125,1.0,"[0.936179518699646, 0.0, 0.021037012338638306, 0.9724070429801941]","[0.0, 0.0, -3.1957933970261365e-06, 0.00011933333735214546, -0.04375659301877022, 1.0, 0.016333334147930145, -3.1957933970261365e-06, 0.0, 0.0, 1.0172526572205243e-06, -0.016214000061154366, 0.0, 0.0]","[1.0, 0.0, 1.0, 1.1780058145523071, 0.0, 0.322069376707077, 0.8960621953010559, 0.3943309485912323]",-11.08515865982992
1.900000000000001,108.01419830322266,191.63804626464844,5.8713297843933105,-0.03778076171875,1.0,"[0.9478029012680054, 0.0, 0.15619023144245148, 0.7562434077262878]","[0.0, 0.0, -3.1957933970261365e-06, 0.00011933333735214546, -0.04375659301877022, 1.0, 0.016333334147930145, -3.1957933970261365e-06, 0.0, 0.0, 1.0172526572205243e-06, -0.016214000061154366, 0.0, 0.0]","[1.0, 0.0, 1.0, 1.1780058145523071, 0.0, 0.322069376707077, 0.8960621953010559, 0.3943309485912323]",-11.124687837719799
1.950000000000001,108.32518005371094,191.61817932128906,6.452250003814697,-0.03594970703125,1.0,"[0.985925555229187, 0.0, 0.5174536108970642, 0.5292123556137085]","[0.0, 0.0, -3.1957933970261365e-06, 0.00011933333735214546, -0.04375659301877022, 1.0, 0.016333334147930145, -3.1957933970261365e-06, 0.0, 0.0, 1.0172526572205243e-06, -0.016214000061154366, 0.0, 0.0]","[1.0, 0.0, 1.0, 1.1780058145523071, 0.0, 0.322069376707077, 0.8960621953010559, 0.3943309485912323]",-11.118813955406054
2.000000000000001,108.66285705566406,191.595703125,6.9474101066589355,-0.034393310546875,1.0,"[0.9815798401832581, 0.0, 0.47261843085289, 0.8602388501167297]","[0.0, 0.0, -3.1957933970261365e-06, 0.00011933333735214546, -0.04375659301877022, 1.0, 0.016333334147930145, -3.1957933970261365e-06, 0.0, 0.0, 1.0172526572205243e-06, -0.016214000061154366, 0.0, 0.0]","[1.0, 0.0, 1.0, 1.1780058145523071, 0.0, 0.322069376707077, 0.8960621953010559, 0.3943309485912323]",-11.361152316972918
2.0500000000000007,109.02386474609375,191.57037353515625,7.397779941558838,-0.033355712890625,1.0,"[0.9520245790481567, 0.0, 0.4313182532787323, 0.9082483649253845]","[0.0, 0.0, -3.1957933970261365e-06, 0.00011933333735214546, -0.04375659301877022, 1.0, 0.016333334147930145, -3.1957933970261365e-06, 0.0, 0.0, 1.0172526572205243e-06, -0.016214000061154366, 0.0, 0.0]","[1.0, 0.0, 1.0, 1.1780058145523071, 0.0, 0.322069376707077, 0.8960621953010559, 0.3943309485912323]",-11.286495933025316
2.1000000000000005,109.40595245361328,191.54226684570312,7.814849853515625,-0.032745361328125,1.0,"[0.9246546030044556, 0.0, 0.4097994863986969, 0.919980525970459]","[0.0, 0.0, -3.1957933970261365e-06, 0.00011933333735214546, -0.04375659301877022, 1.0, 0.016333334147930145, -3.1957933970261365e-06, 0.0, 0.0, 1.0172526572205243e-06, -0.016214000061154366, 0.0, 0.0]","[1.0, 0.0, 1.0, 1.1780058145523071, 0.0, 0.322069376707077, 0.8960621953010559, 0.3943309485912323]",-11.20143228844427
2.1500000000000004,109.80789947509766,191.5110321044922,8.214579582214355,-0.032562255859375,1.0,"[0.8984225392341614, 0.0, 0.39302241802215576, 0.9383845925331116]","[0.0, 0.0, -3.1957933970261365e-06, 0.00011933333735214546, -0.04375659301877022, 1.0, 0.016333334147930145, -3.1957933970261365e-06, 0.0, 0.0, 1.0172526572205243e-06, -0.016214000061154366, 0.0, 0.0]","[1.0, 0.0, 1.0, 1.1780058145523071, 0.0, 0.322069376707077, 0.8960621953010559, 0.3943309485912323]",-11.097766867564324
2.2,110.22940063476562,191.4765625,8.612360000610352,-0.032562255859375,1.0,"[0.8723183870315552, 0.0, 0.3998030722141266, 0.954323947429657]","[0.0, 0.0, -3.1957933970261365e-06, 0.00011933333735214546, -0.04375659301877022, 1.0, 0.016333334147930145, -3.1957933970261365e-06, 0.0, 0.0, 1.0172526572205243e-06, -0.016214000061154366, 0.0, 0.0]","[1.0, 0.0, 1.0, 1.1780058145523071, 0.0, 0.322069376707077, 0.8960621953010559, 0.3943309485912323]",-11.297689310979102
2.25,110.67041778564453,191.4384307861328,9.007670402526855,-0.032562255859375,0.984375,"[0.846376359462738, 0.04490000009536743, 0.3972461223602295, 0.954680860042572]","[0.0, 0.0, -3.1957933970261365e-06, 0.00011933333735214546, -0.04375659301877022, 1.0, 0.016333334147930145, -3.1957933970261365e-06, 0.0, 0.0, 1.0172526572205243e-06, -0.016214000061154366, 0.0, 0.0]","[1.0, 0.0, 1.0, 1.1780058145523071, 0.0, 0.322069376707077, 0.8960621953010559, 0.3943309485912323]",-11.173891332229077
2.3,111.12881469726562,191.396728515625,9.222209930419922,-0.032562255859375,0.94921875,"[0.8322973251342773, 0.15219999849796295, 0.24360792338848114, 0.7519612908363342]","[0.0, 0.0, -3.1957933970261365e-06, 0.00011933333735214546, -0.04375659301877022, 1.0, 0.016333334147930145, -3.1957933970261365e-06, 0.0, 0.0, 1.0172526572205243e-06, -0.016214000061154366, 0.0, 0.0]","[1.0, 0.0, 1.0, 1.1780058145523071, 0.0, 0.322069376707077, 0.8960621953010559, 0.3943309485912323]",-11.0331940965642
2.3499999999999996,111.58961486816406,191.35269165039062,9.301219940185547,-0.032562255859375,0.890625,"[0.8271123170852661, 0.33500000834465027, 0.11749275028705597, 0.8237456679344177]","[0.0, 0.0, -3.1957933970261365e-06, 0.00011933333735214546, -0.04375659301877022, 1.0, 0.016333334147930145, -3.1957933970261365e-06, 0.0, 0.0, 1.0172526572205243e-06, -0.016214000061154366, 0.0, 0.0]","[1.0, 0.0, 1.0, 1.1780058145523071, 0.0, 0.322069376707077, 0.8960621953010559, 0.3943309485912323]",-10.904040810115053
2.3999999999999995,112.04873657226562,191.3067169189453,9.218740463256836,-0.032562255859375,0.8046875,"[0.8325250148773193, 0.5927000045776367, 0.10163313150405884, 0.7914872765541077]","[0.0, 0.0, -3.1957933970261365e-06, 0.00011933333735214546, -0.04375659301877022, 1.0, 0.016333334147930145, -3.1957933970261365e-06, 0.0, 0.0, 1.0172526572205243e-06, -0.016214000061154366, 0.0, 0.0]","[1.0, 0.0, 1.0, 1.1780058145523071, 0.0, 0.322069376707077, 0.8960621953010559, 0.3943309485912323]",-11.108555434895393
2.4499999999999993,112.52483367919922,191.25640869140625,9.787130355834961,-0.032562255859375,0.7265625,"[0.795224666595459, 0.8385000228881836, 0.4512641429901123, 0.44060999155044556]","[0.0, 0.0, -3.1957933970261365e-06, 0.00011933333735214546, -0.04375659301877022, 1.0, 0.016333334147930145, -3.1957933970261365e-06, 0.0, 0.0, 1.0172526572205243e-06, -0.016214000061154366, 0.0, 0.0]","[1.0, 0.0, 1.0, 1.1780058145523071, 0.0, 0.322069376707077, 0.8960621953010559, 0.3943309485912323]",-10.95291903707331
2.499999999999999,113.02359008789062,191.20089721679688,10.178000450134277,-0.03131103515625,0.6640625,"[0.7695740461349487, 1.0, 0.407581090927124, 0.755156397819519]","[0.0, 0.0, -3.1957933970261365e-06, 0.00011933333735214546, -0.04375659301877022, 1.0, 0.016333334147930145, -3.1957933970261365e-06, 0.0, 0.0, 1.0172526572205243e-06, -0.016214000061154366, 0.0, 0.0]","[1.0, 0.0, 1.0, 1.1780058145523071, 0.0, 0.322069376707077, 0.8960621953010559, 0.3943309485912323]",-10.762779769380483
2.549999999999999,113.53823852539062,191.14111328125,10.468339920043945,-0.0279541015625,0.640625,"[0.7505207061767578, 1.0, 0.31243470311164856, 0.8455778360366821]","[0.0, 0.0, -3.1957933970261365e-06, 0.00011933333735214546, -0.04375659301877022, 1.0, 0.016333334147930145, -3.1957933970261365e-06, 0.0, 0.0, 1.0172526572205243e-06, -0.016214000061154366, 0.0, 0.0]","[1.0, 0.0, 1.0, 1.1780058145523071, 0.0, 0.322069376707077, 0.8960621953010559, 0.3943309485912323]",-10.53957221347951
2.5999999999999988,114.06454467773438,191.07786560058594,10.685469627380371,-0.02276611328125,0.62109375,"[0.7362716197967529, 1.0, 0.23852041363716125, 0.8822856545448303]","[0.0, 0.0, -3.1957933970261365e-06, 0.00011933333735214546, -0.04375659301877022, 1.0, 0.016333334147930145, -3.1957933970261365e-06, 0.0, 0.0, 1.0172526572205243e-06, -0.016214000061154366, 0.0, 0.0]","[1.0, 0.0, 1.0, 1.1780058145523071, 0.0, 0.322069376707077, 0.8960621953010559, 0.3943309485912323]",-10.553716578636669
2.6499999999999986,114.59962463378906,191.01210021972656,10.850259780883789,-0.01470947265625,0.61328125,"[0.7254573702812195, 1.0, 0.17277055978775024, 0.9078892469406128]","[0.0, 0.0, -3.1957933970261365e-06, 0.00011933333735214546, -0.04375659301877022, 1.0, 0.016333334147930145, -3.1957933970261365e-06, 0.0, 0.0, 1.0172526572205243e-06, -0.016214000061154366, 0.0, 0.0]","[1.0, 0.0, 1.0, 1.1780058145523071, 0.0, 0.322069376707077, 0.8960621953010559, 0.3943309485912323]",-10.283337141262724
2.6999999999999984,115.14157104492188,190.9452362060547,10.979829788208008,-0.001800537109375,0.59765625,"[0.7169544100761414, 1.0, 0.12669846415519714, 0.9304696321487427]","[0.0, 0.0, -3.1957933970261365e-06, 0.00011933333735214546, -0.04375659301877022, 1.0, 0.016333334147930145, -3.1957933970261365e-06, 0.0, 0.0, 1.0172526572205243e-06, -0.016214000061154366, 0.0, 0.0]","[1.0, 0.0, 1.0, 1.1780058145523071, 0.0, 0.322069376707077, 0.8960621953010559, 0.3943309485912323]",-10.000421047314775
2.7499999999999982,115.68907165527344,190.8787384033203,11.079730033874512,0.01434326171875,0.578125,"[0.7103985548019409, 1.0, 0.12632527947425842, 0.924970269203186]","[0.0, 0.0, -3.1957933970261365e-06, 0.00011933333735214546, -0.04375659301877022, 1.0, 0.016333334147930145, -3.1957933970261365e-06, 0.0, 0.0, 1.0172526572205243e-06, -0.016214000061154366, 0.0, 0.0]","[1.0, 0.0, 1.0, 1.1780058145523071, 0.0, 0.322069376707077, 0.8960621953010559, 0.3943309485912323]",-9.709627076599146
2.799999999999998,116.24124908447266,190.8141632080078,11.161250114440918,0.028472900390625,0.54296875,"[0.7050487995147705, 1.0, 0.13252703845500946, 0.9541537165641785]","[0.0, 0.0, -3.1957933970261365e-06, 0.00011933333735214546, -0.04375659301877022, 1.0, 0.016333334147930145, -3.1957933970261365e-06, 0.0, 0.0, 1.0172526572205243e-06, -0.016214000061154366, 0.0, 0.0]","[1.0, 0.0, 1.0, 1.1780058145523071, 0.0, 0.322069376707077, 0.8960621953010559, 0.3943309485912323]",-9.667143458966883
2.849999999999998,116.79743957519531,190.7523651123047,11.228610038757324,0.040252685546875,0.50390625,"[0.7006283402442932, 1.0, 0.15031078457832336, 0.9501808881759644]","[0.0, 0.0, -3.1957933970261365e-06, 0.00011933333735214546, -0.04375659301877022, 1.0, 0.016333334147930145, -3.1957933970261365e-06, 0.0, 0.0, 1.0172526572205243e-06, -0.016214000061154366, 0.0, 0.0]","[1.0, 0.0, 1.0, 1.1780058145523071, 0.0, 0.322069376707077, 0.8960621953010559, 0.3943309485912323]",-9.35932551415092
2.8999999999999977,117.35701751708984,190.69456481933594,11.281279563903809,0.049468994140625,0.4682464599609375,"[0.6971719264984131, 1.0, 0.15092967450618744, 0.9662577509880066]","[0.0, 0.0, -3.1957933970261365e-06, 0.00011933333735214546, -0.04375659301877022, 1.0, 0.016333334147930145, -3.1957933970261365e-06, 0.0, 0.0, 1.0172526572205243e-06, -0.016214000061154366, 0.0, 0.0]","[1.0, 0.0, 1.0, 1.1780058145523071, 0.0, 0.322069376707077, 0.8960621953010559, 0.3943309485912323]",-9.048109424989145
2.9499999999999975,117.91926574707031,190.6415557861328,11.318260192871094,0.057891845703125,0.424591064453125,"[0.6947450637817383, 1.0, 0.1639709770679474, 0.9558548927307129]","[0.0, 0.0, -3.1957933970261365e-06, 0.00011933333735214546, -0.04375659301877022, 1.0, 0.016333334147930145, -3.1957933970261365e-06, 0.0, 0.0, 1.0172526572205243e-06, -0.016214000061154366, 0.0, 0.0]","[1.0, 0.0, 1.0, 1.1780058145523071, 0.0, 0.322069376707077, 0.8960621953010559, 0.3943309485912323]",-8.738427444443166
2.9999999999999973,118.48343658447266,190.59461975097656,11.33926010131836,0.066864013671875,0.376983642578125,"[0.6933670043945312, 1.0, 0.16642418503761292, 0.9653030633926392]","[0.0, 0.0, -3.1957933970261365e-06, 0.00011933333735214546, -0.04375659301877022, 1.0, 0.016333334147930145, -3.1957933970261365e-06, 0.0, 0.0, 1.0172526572205243e-06, -0.016214000061154366, 0.0, 0.0]","[1.0, 0.0, 1.0, 1.1780058145523071, 0.0, 0.322069376707077, 0.8960621953010559, 0.3943309485912323]",-8.669841630686054
3.049999999999997,119.04862976074219,190.5548553466797,11.341429710388184,0.07708740234375,0.3412628173828125,"[0.6932246685028076, 1.0, 0.17618241906166077, 0.9532119035720825]","[0.0, 0.0, -3.1957933970261365e-06, 0.00011933333735214546, -0.04375659301877022, 1.0, 0.016333334147930145, -3.1957933970261365e-06, 0.0, 0.0, 1.0172526572205243e-06, -0.016214000061154366, 0.0, 0.0]","[1.0, 0.0, 1.0, 1.1780058145523071, 0.0, 0.322069376707077, 0.8960621953010559, 0.3943309485912323]",-8.348291650345688
3.099999999999997,119.61397552490234,190.52354431152344,11.327949523925781,0.0863037109375,0.2896728515625,"[0.6941092014312744, 1.0, 0.20385609567165375, 0.966555655002594]","[0.0, 0.0, -3.1957933970261365e-06, 0.00011933333735214546, -0.04375659301877022, 1.0, 0.016333334147930145, -3.1957933970261365e-06, 0.0, 0.0, 1.0172526572205243e-06, -0.016214000061154366, 0.0, 0.0]","[1.0, 0.0, 1.0, 1.1780058145523071, 0.0, 0.322069376707077, 0.8960621953010559, 0.3943309485912323]",-8.035183552393917
3.149999999999997,120.1784439086914,190.50152587890625,11.294639587402344,0.095672607421875,0.25396728515625,"[0.6962952017784119, 1.0, 0.241591215133667, 0.9500693678855896]","[0.0, 0.0, -3.1957933970261365e-06, 0.00011933333735214546, -0.04375659301877022, 1.0, 0.016333334147930145, -3.1957933970261365e-06, 0.0, 0.0, 1.0172526572205243e-06, -0.016214000061154366, 0.0, 0.0]","[1.0, 0.0, 1.0, 1.1780058145523071, 0.0, 0.322069376707077, 0.8960621953010559, 0.3943309485912323]",-7.7253988636486035
3.1999999999999966,120.7410888671875,190.49024963378906,11.246970176696777,0.1072998046875,0.21826171875,"[0.6994234919548035, 1.0, 0.27792173624038696, 0.9584308862686157]","[0.0, 0.0, -3.1957933970261365e-06, 0.00011933333735214546, -0.04375659301877022, 1.0, 0.016333334147930145, -3.1957933970261365e-06, 0.0, 0.0, 1.0172526572205243e-06, -0.016214000061154366, 0.0, 0.0]","[1.0, 0.0, 1.0, 1.1780058145523071, 0.0, 0.322069376707077, 0.8960621953010559, 0.3943309485912323]",-7.6746892512625315
3.2499999999999964,121.30081939697266,190.49093627929688,11.180150032043457,0.122711181640625,0.20000000298023224,"[0.7038085460662842, 1.0, 0.3228285610675812, 0.9357361793518066]","[0.0, 0.0, -3.1957933970261365e-06, 0.00011933333735214546, -0.04375659301877022, 1.0, 0.016333334147930145, -3.1957933970261365e-06, 0.0, 0.0, 1.0172526572205243e-06, -0.016214000061154366, 0.0, 0.0]","[1.0, 0.0, 1.0, 1.1780058145523071, 0.0, 0.322069376707077, 0.8960621953010559, 0.3943309485912323]",-7.380234254555024
3.2999999999999963,121.85658264160156,190.50552368164062,11.102459907531738,0.14263916015625,0.20000000298023224,"[0.708906888961792, 1.0, 0.3693244159221649, 0.9447522759437561]","[0.0, 0.0, -3.1957933970261365e-06, 0.00011933333735214546, -0.04375659301877022, 1.0, 0.016333334147930145, -3.1957933970261365e-06, 0.0, 0.0, 1.0172526572205243e-06, -0.016214000061154366, 0.0, 0.0]","[1.0, 0.0, 1.0, 1.1780058145523071, 0.0, 0.322069376707077, 0.8960621953010559, 0.3943309485912323]",-7.080592644208769
3.349999999999996,122.40731048583984,190.535400390625,11.010660171508789,0.1634521484375,0.20000000298023224,"[0.7149311900138855, 1.0, 0.4130399823188782, 0.9301996231079102]","[0.0, 0.0, -3.1957933970261365e-06, 0.00011933333735214546, -0.04375659301877022, 1.0, 0.016333334147930145, -3.1957933970261365e-06, 0.0, 0.0, 1.0172526572205243e-06, -0.016214000061154366, 0.0, 0.0]","[1.0, 0.0, 1.0, 1.1780058145523071, 0.0, 0.322069376707077, 0.8960621953010559, 0.3943309485912323]",-6.776130396733729
3.399999999999996,122.95201110839844,190.58226013183594,10.914520263671875,0.183685302734375,0.20000000298023224,"[0.7212403416633606, 1.0, 0.4492223858833313, 0.9491655826568604]","[0.0, 0.0, -3.1957933970261365e-06, 0.00011933333735214546, -0.04375659301877022, 1.0, 0.016333334147930145, -3.1957933970261365e-06, 0.0, 0.0, 1.0172526572205243e-06, -0.016214000061154366, 0.0, 0.0]","[1.0, 0.0, 1.0, 1.1780058145523071, 0.0, 0.322069376707077, 0.8960621953010559, 0.3943309485912323]",-6.688481593196996
3.4499999999999957,123.48958587646484,190.64703369140625,10.808489799499512,0.2020263671875,0.20000000298023224,"[0.7281985282897949, 1.0, 0.48066461086273193, 0.9372566938400269]","[0.0, 0.0, -3.1957933970261365e-06, 0.00011933333735214546, -0.04375659301877022, 1.0, 0.016333334147930145, -3.1957933970261365e-06, 0.0, 0.0, 1.0172526572205243e-06, -0.016214000061154366, 0.0, 0.0]","[1.0, 0.0, 1.0, 1.1780058145523071, 0.0, 0.322069376707077, 0.8960621953010559, 0.3943309485912323]",-6.374911149243044
3.4999999999999956,124.01905059814453,190.7308349609375,10.703459739685059,0.217254638671875,0.20000000298023224,"[0.7350910902023315, 1.0, 0.5029494762420654, 0.9606921672821045]","[0.0, 0.0, -3.1957933970261365e-06, 0.00011933333735214546, -0.04375659301877022, 1.0, 0.016333334147930145, -3.1957933970261365e-06, 0.0, 0.0, 1.0172526572205243e-06, -0.016214000061154366, 0.0, 0.0]","[1.0, 0.0, 1.0, 1.1780058145523071, 0.0, 0.322069376707077, 0.8960621953010559, 0.3943309485912323]",-6.056585410413935
3.5499999999999954,124.53936004638672,190.83409118652344,10.591139793395996,0.230255126953125,0.20000000298023224,"[0.7424620389938354, 1.0, 0.5221912264823914, 0.9445158839225769]","[0.0, 0.0, -3.1957933970261365e-06, 0.00011933333735214546, -0.04375659301877022, 1.0, 0.016333334147930145, -3.1957933970261365e-06, 0.0, 0.0, 1.0172526572205243e-06, -0.016214000061154366, 0.0, 0.0]","[1.0, 0.0, 1.0, 1.1780058145523071, 0.0, 0.322069376707077, 0.8960621953010559, 0.3943309485912323]",-5.755170544321822
3.599999999999995,125.04952239990234,190.9574432373047,10.483189582824707,0.240478515625,0.20000000298023224,"[0.7495461702346802, 1.0, 0.534465491771698, 0.9647549986839294]","[0.0, 0.0, -3.1957933970261365e-06, 0.00011933333735214546, -0.04375659301877022, 1.0, 0.016333334147930145, -3.1957933970261365e-06, 0.0, 0.0, 1.0172526572205243e-06, -0.016214000061154366, 0.0, 0.0]","[1.0, 0.0, 1.0, 1.1780058145523071, 0.0, 0.322069376707077, 0.8960621953010559, 0.3943309485912323]",-5.659595578316637
3.649999999999995,125.54852294921875,191.1007537841797,10.369219779968262,0.24920654296875,0.20000000298023224,"[0.7570253610610962, 1.0, 0.5450413823127747, 0.9474508762359619]","[0.0, 0.0, -3.1957933970261365e-06, 0.00011933333735214546, -0.04375659301877022, 1.0, 0.016333334147930145, -3.1957933970261365e-06, 0.0, 0.0, 1.0172526572205243e-06, -0.016214000061154366, 0.0, 0.0]","[1.0, 0.0, 1.0, 1.1780058145523071, 0.0, 0.322069376707077, 0.8960621953010559, 0.3943309485912323]",-5.35572426514001
3.699999999999995,126.03531646728516,191.26425170898438,10.260849952697754,0.2564697265625,0.20000000298023224,"[0.7641370892524719, 1.0, 0.5519925355911255, 0.964172899723053]","[0.0, 0.0, -3.1957933970261365e-06, 0.00011933333735214546, -0.04375659301877022, 1.0, 0.016333334147930145, -3.1957933970261365e-06, 0.0, 0.0, 1.0172526572205243e-06, -0.016214000061154366, 0.0, 0.0]","[1.0, 0.0, 1.0, 1.1780058145523071, 0.0, 0.322069376707077, 0.8960621953010559, 0.3943309485912323]",-5.077165465904408
3.7499999999999947,126.50899505615234,191.44741821289062,10.14760971069336,0.26226806640625,0.20000000298023224,"[0.7715684175491333, 1.0, 0.5554531812667847, 0.9482861757278442]","[0.0, 0.0, -3.1957933970261365e-06, 0.00011933333735214546, -0.04375659301877022, 1.0, 0.016333334147930145, -3.1957933970261365e-06, 0.0, 0.0, 1.0172526572205243e-06, -0.016214000061154366, 0.0, 0.0]","[1.0, 0.0, 1.0, 1.1780058145523071, 0.0, 0.322069376707077, 0.8960621953010559, 0.3943309485912323]",-4.804700255264649
3.7999999999999945,126.96858215332031,191.65011596679688,10.040459632873535,0.26708984375,0.20000000298023224,"[0.7786000967025757, 1.0, 0.5576637387275696, 0.9631962180137634]","[0.0, 0.0, -3.1957933970261365e-06, 0.00011933333735214546, -0.04375659301877022, 1.0, 0.016333334147930145, -3.1957933970261365e-06, 0.0, 0.0, 1.0172526572205243e-06, -0.016214000061154366, 0.0, 0.0]","[1.0, 0.0, 1.0, 1.1780058145523071, 0.0, 0.322069376707077, 0.8960621953010559, 0.3943309485912323]",-4.783356410494118
3.8499999999999943,127.41327667236328,191.87147521972656,9.929380416870117,0.27130126953125,0.20000000298023224,"[0.7858896255493164, 1.0, 0.556567907333374, 0.9486174583435059]","[0.0, 0.0, -3.1957933970261365e-06, 0.00011933333735214546, -0.04375659301877022, 1.0, 0.016333334147930145, -3.1957933970261365e-06, 0.0, 0.0, 1.0172526572205243e-06, -0.016214000061154366, 0.0, 0.0]","[1.0, 0.0, 1.0, 1.1780058145523071, 0.0, 0.322069376707077, 0.8960621953010559, 0.3943309485912323]",-4.524720460972778
3.899999999999994,127.8421630859375,192.1111297607422,9.823869705200195,0.27508544921875,0.20000000298023224,"[0.7928137183189392, 1.0, 0.5569683909416199, 0.9615435600280762]","[0.0, 0.0, -3.1957933970261365e-06, 0.00011933333735214546, -0.04375659301877022, 1.0, 0.016333334147930145, -3.1957933970261365e-06, 0.0, 0.0, 1.0172526572205243e-06, -0.016214000061154366, 0.0, 0.0]","[1.0, 0.0, 1.0, 1.1780058145523071, 0.0, 0.322069376707077, 0.8960621953010559, 0.3943309485912323]",-4.286535558878866
3.949999999999994,128.25469970703125,192.36810302734375,9.731499671936035,0.278839111328125,0.20000000298023224,"[0.7988754510879517, 1.0, 0.5411573648452759, 0.9617909789085388]","[0.0, 0.0, -3.1957933970261365e-06, 0.00011933333735214546, -0.04375659301877022, 1.0, 0.016333334147930145, -3.1957933970261365e-06, 0.0, 0.0, 1.0172526572205243e-06, -0.016214000061154366, 0.0, 0.0]","[1.0, 0.0, 1.0, 1.1780058145523071, 0.0, 0.322069376707077, 0.8960621953010559, 0.3943309485912323]",-4.050978938188788
3.999999999999994,128.65196228027344,192.6431427001953,9.685469627380371,0.280120849609375,0.20000000298023224,"[0.8018961548805237, 1.0, 0.501577615737915, 0.9515178203582764]","[0.0, 0.0, -3.1957933970261365e-06, 0.00011933333735214546, -0.04375659301877022, 1.0, 0.016333334147930145, -3.1957933970261365e-06, 0.0, 0.0, 1.0172526572205243e-06, -0.016214000061154366, 0.0, 0.0]","[1.0, 0.0, 1.0, 1.1780058145523071, 0.0, 0.322069376707077, 0.8960621953010559, 0.3943309485912323]",-4.072943397999408
4.049999999999994,129.0339813232422,192.9353790283203,9.641440391540527,0.280029296875,0.20000000298023224,"[0.8047854900360107, 1.0, 0.49054813385009766, 0.9633365273475647]","[0.0, 0.0, -3.1957933970261365e-06, 0.00011933333735214546, -0.04375659301877022, 1.0, 0.016333334147930145, -3.1957933970261365e-06, 0.0, 0.0, 1.0172526572205243e-06, -0.016214000061154366, 0.0, 0.0]","[1.0, 0.0, 1.0, 1.1780058145523071, 0.0, 0.322069376707077, 0.8960621953010559, 0.3943309485912323]",-3.8573375849606153
4.099999999999993,129.38970947265625,193.2346954345703,9.185930252075195,0.278900146484375,0.20000000298023224,"[0.8346781730651855, 1.0, 0.8338826298713684, 0.4948701858520508]","[0.0, 0.0, -3.1957933970261365e-06, 0.00011933333735214546, -0.04375659301877022, 1.0, 0.016333334147930145, -3.1957933970261365e-06, 0.0, 0.0, 1.0172526572205243e-06, -0.016214000061154366, 0.0, 0.0]","[1.0, 0.0, 1.0, 1.1780058145523071, 0.0, 0.322069376707077, 0.8960621953010559, 0.3943309485912323]",-3.6625252321928166
4.149999999999993,129.7169647216797,193.53822326660156,8.86089038848877,0.275634765625,0.20000000298023224,"[0.8560087084770203, 1.0, 0.7019186019897461, 0.8224844336509705]","[0.0, 0.0, -3.1957933970261365e-06, 0.00011933333735214546, -0.04375659301877022, 1.0, 0.016333334147930145, -3.1957933970261365e-06, 0.0, 0.0, 1.0172526572205243e-06, -0.016214000061154366, 0.0, 0.0]","[1.0, 0.0, 1.0, 1.1780058145523071, 0.0, 0.322069376707077, 0.8960621953010559, 0.3943309485912323]",-3.487399468157748
4.199999999999993,130.02037048339844,193.84669494628906,8.608779907226562,0.267669677734375,0.22222900390625,"[0.8725533485412598, 1.0, 0.6091393232345581, 0.8676734566688538]","[0.0, 0.0, -3.1957933970261365e-06, 0.00011933333735214546, -0.04375659301877022, 1.0, 0.016333334147930145, -3.1957933970261365e-06, 0.0, 0.0, 1.0172526572205243e-06, -0.016214000061154366, 0.0, 0.0]","[1.0, 0.0, 1.0, 1.1780058145523071, 0.0, 0.322069376707077, 0.8960621953010559, 0.3943309485912323]",-3.6259524332890507
4.249999999999993,130.303466796875,194.15969848632812,8.408760070800781,0.25665283203125,0.3055572509765625,"[0.8856795430183411, 1.0, 0.5214967131614685, 0.8911142349243164]","[0.0, 0.0, -3.1957933970261365e-06, 0.00011933333735214546, -0.04375659301877022, 1.0, 0.016333334147930145, -3.1957933970261365e-06, 0.0, 0.0, 1.0172526572205243e-06, -0.016214000061154366, 0.0, 0.0]","[1.0, 0.0, 1.0, 1.1780058145523071, 0.0, 0.322069376707077, 0.8960621953010559, 0.3943309485912323]",-3.496886968499405
4.299999999999993,130.56825256347656,194.47740173339844,8.248459815979004,0.244415283203125,0.380950927734375,"[0.8961991667747498, 1.0, 0.46856656670570374, 0.9142166972160339]","[0.0, 0.0, -3.1957933970261365e-06, 0.00011933333735214546, -0.04375659301877022, 1.0, 0.016333334147930145, -3.1957933970261365e-06, 0.0, 0.0, 1.0172526572205243e-06, -0.016214000061154366, 0.0, 0.0]","[1.0, 0.0, 1.0, 1.1780058145523071, 0.0, 0.322069376707077, 0.8960621953010559, 0.3943309485912323]",-3.3840839243163705
4.3499999999999925,130.81719970703125,194.79942321777344,8.12572956085205,0.230438232421875,0.432525634765625,"[0.9042532444000244, 1.0, 0.4013727307319641, 0.9201035499572754]","[0.0, 0.0, -3.1957933970261365e-06, 0.00011933333735214546, -0.04375659301877022, 1.0, 0.016333334147930145, -3.1957933970261365e-06, 0.0, 0.0, 1.0172526572205243e-06, -0.016214000061154366, 0.0, 0.0]","[1.0, 0.0, 1.0, 1.1780058145523071, 0.0, 0.322069376707077, 0.8960621953010559, 0.3943309485912323]",-3.2870549458109437
4.399999999999992,131.05191040039062,195.12599182128906,8.0343599319458,0.2144775390625,0.4682464599609375,"[0.9102493524551392, 1.0, 0.3523758053779602, 0.9264252185821533]","[0.0, 0.0, -3.1957933970261365e-06, 0.00011933333735214546, -0.04375659301877022, 1.0, 0.016333334147930145, -3.1957933970261365e-06, 0.0, 0.0, 1.0172526572205243e-06, -0.016214000061154366, 0.0, 0.0]","[1.0, 0.0, 1.0, 1.1780058145523071, 0.0, 0.322069376707077, 0.8960621953010559, 0.3943309485912323]",-3.529500496801881
4.449999999999992,131.27456665039062,195.45675659179688,7.970759868621826,0.19769287109375,0.4960174560546875,"[0.9144230484962463, 1.0, 0.2983107566833496, 0.9398418068885803]","[0.0, 0.0, -3.1957933970261365e-06, 0.00011933333735214546, -0.04375659301877022, 1.0, 0.016333334147930145, -3.1957933970261365e-06, 0.0, 0.0, 1.0172526572205243e-06, -0.016214000061154366, 0.0, 0.0]","[1.0, 0.0, 1.0, 1.1780058145523071, 0.0, 0.322069376707077, 0.8960621953010559, 0.3943309485912323]",-3.4575671359961415
4.499999999999992,131.4862823486328,195.7919464111328,7.92972993850708,0.182647705078125,0.50390625,"[0.9171156287193298, 1.0, 0.2614966928958893, 0.944023609161377]","[0.0, 0.0, -3.1957933970261365e-06, 0.00011933333735214546, -0.04375659301877022, 1.0, 0.016333334147930145, -3.1957933970261365e-06, 0.0, 0.0, 1.0172526572205243e-06, -0.016214000061154366, 0.0, 0.0]","[1.0, 0.0, 1.0, 1.1780058145523071, 0.0, 0.322069376707077, 0.8960621953010559, 0.3943309485912323]",-3.4007831814588325
4.549999999999992,131.68870544433594,196.13134765625,7.908440113067627,0.168426513671875,0.5234375,"[0.918512761592865, 1.0, 0.22334548830986023, 0.958649218082428]","[0.0, 0.0, -3.1957933970261365e-06, 0.00011933333735214546, -0.04375659301877022, 1.0, 0.016333334147930145, -3.1957933970261365e-06, 0.0, 0.0, 1.0172526572205243e-06, -0.016214000061154366, 0.0, 0.0]","[1.0, 0.0, 1.0, 1.1780058145523071, 0.0, 0.322069376707077, 0.8960621953010559, 0.3943309485912323]",-3.350535398916498
4.599999999999992,131.88259887695312,196.47523498535156,7.9039998054504395,0.155517578125,0.5390625,"[0.9188041687011719, 1.0, 0.19481010735034943, 0.9573104977607727]","[0.0, 0.0, -3.1957933970261365e-06, 0.00011933333735214546, -0.04375659301877022, 1.0, 0.016333334147930145, -3.1957933970261365e-06, 0.0, 0.0, 1.0172526572205243e-06, -0.016214000061154366, 0.0, 0.0]","[1.0, 0.0, 1.0, 1.1780058145523071, 0.0, 0.322069376707077, 0.8960621953010559, 0.3943309485912323]",-3.6613491112262118
4.6499999999999915,132.06932067871094,196.8235321044922,7.916369915008545,0.14373779296875,0.55859375,"[0.917992353439331, 1.0, 0.17213493585586548, 0.9658759832382202]","[0.0, 0.0, -3.1957933970261365e-06, 0.00011933333735214546, -0.04375659301877022, 1.0, 0.016333334147930145, -3.1957933970261365e-06, 0.0, 0.0, 1.0172526572205243e-06, -0.016214000061154366, 0.0, 0.0]","[1.0, 0.0, 1.0, 1.1780058145523071, 0.0, 0.322069376707077, 0.8960621953010559, 0.3943309485912323]",-3.626316569350297
4.699999999999991,132.2493896484375,197.1766357421875,7.944129943847656,0.1334228515625,0.59375,"[0.916170597076416, 1.0, 0.18056175112724304, 0.9596403241157532]","[0.0, 0.0, -3.1957933970261365e-06, 0.00011933333735214546, -0.04375659301877022, 1.0, 0.016333334147930145, -3.1957933970261365e-06, 0.0, 0.0, 1.0172526572205243e-06, -0.016214000061154366, 0.0, 0.0]","[1.0, 0.0, 1.0, 1.1780058145523071, 0.0, 0.322069376707077, 0.8960621953010559, 0.3943309485912323]",-3.5996360723617666
4.749999999999991,132.42388916015625,197.53477478027344,7.9918999671936035,0.125091552734375,0.640625,"[0.9130357503890991, 0.9406999945640564, 0.19116085767745972, 0.960938572883606]","[0.0, 0.0, -3.1957933970261365e-06, 0.00011933333735214546, -0.04375659301877022, 1.0, 0.016333334147930145, -3.1957933970261365e-06, 0.0, 0.0, 1.0172526572205243e-06, -0.016214000061154366, 0.0, 0.0]","[1.0, 0.0, 1.0, 1.1780058145523071, 0.0, 0.322069376707077, 0.8960621953010559, 0.3943309485912323]",-3.574208670848554
4.799999999999991,132.59312438964844,197.8988494873047,8.059040069580078,0.118133544921875,0.6640625,"[0.9086297154426575, 0.8865000009536743, 0.20448395609855652, 0.9538726210594177]","[0.0, 0.0, -3.1957933970261365e-06, 0.00011933333735214546, -0.04375659301877022, 1.0, 0.016333334147930145, -3.1957933970261365e-06, 0.0, 0.0, 1.0172526572205243e-06, -0.016214000061154366, 0.0, 0.0]","[1.0, 0.0, 1.0, 1.1780058145523071, 0.0, 0.322069376707077, 0.8960621953010559, 0.3943309485912323]",-3.94882981422235
4.849999999999991,132.75807189941406,198.269287109375,8.147370338439941,0.112518310546875,0.671875,"[0.902833104133606, 0.8748000264167786, 0.21953055262565613, 0.9544352293014526]","[0.0, 0.0, -3.1957933970261365e-06, 0.00011933333735214546, -0.04375659301877022, 1.0, 0.016333334147930145, -3.1957933970261365e-06, 0.0, 0.0, 1.0172526572205243e-06, -0.016214000061154366, 0.0, 0.0]","[1.0, 0.0, 1.0, 1.1780058145523071, 0.0, 0.322069376707077, 0.8960621953010559, 0.3943309485912323]",-3.95762137863817
4.899999999999991,132.91876220703125,198.64697265625,8.24921989440918,0.108489990234375,0.671875,"[0.8961492776870728, 0.8849999904632568, 0.23120704293251038, 0.9582008719444275]","[0.0, 0.0, -3.1957933970261365e-06, 0.00011933333735214546, -0.04375659301877022, 1.0, 0.016333334147930145, -3.1957933970261365e-06, 0.0, 0.0, 1.0172526572205243e-06, -0.016214000061154366, 0.0, 0.0]","[1.0, 0.0, 1.0, 1.1780058145523071, 0.0, 0.322069376707077, 0.8960621953010559, 0.3943309485912323]",-3.9752930153920056
4.94999999999999,133.0757293701172,199.0321502685547,8.365469932556152,0.105316162109375,0.671875,"[0.8885204195976257, 0.8967000246047974, 0.24295033514499664, 0.9583731293678284]","[0.0, 0.0, -3.1957933970261365e-06, 0.00011933333735214546, -0.04375659301877022, 1.0, 0.016333334147930145, -3.1957933970261365e-06, 0.0, 0.0, 1.0172526572205243e-06, -0.016214000061154366, 0.0, 0.0]","[1.0, 0.0, 1.0, 1.1780058145523071, 0.0, 0.322069376707077, 0.8960621953010559, 0.3943309485912323]",-4.002519655337091
4.99999999999999,133.22865295410156,199.42544555664062,8.487879753112793,0.1048583984375,0.671875,"[0.880487322807312, 0.9090999960899353, 0.25321316719055176, 0.9623814821243286]","[0.0, 0.0, -3.1957933970261365e-06, 0.00011933333735214546, -0.04375659301877022, 1.0, 0.016333334147930145, -3.1957933970261365e-06, 0.0, 0.0, 1.0172526572205243e-06, -0.016214000061154366, 0.0, 0.0]","[1.0, 0.0, 1.0, 1.1780058145523071, 0.0, 0.322069376707077, 0.8960621953010559, 0.3943309485912323]",-4.50826853739402
5.04999999999999,133.37767028808594,199.8270721435547,8.619449615478516,0.105072021484375,0.671875,"[0.8718531131744385, 0.9222999811172485, 0.2646092176437378, 0.9601770043373108]","[0.0, 0.0, -3.1957933970261365e-06, 0.00011933333735214546, -0.04375659301877022, 1.0, 0.016333334147930145, -3.1957933970261365e-06, 0.0, 0.0, 1.0172526572205243e-06, -0.016214000061154366, 0.0, 0.0]","[1.0, 0.0, 1.0, 1.1780058145523071, 0.0, 0.322069376707077, 0.8960621953010559, 0.3943309485912323]",-4.585550563755548
5.09999999999999,133.52232360839844,200.2373046875,8.753000259399414,0.10565185546875,0.671875,"[0.8630889654159546, 0.9362000226974487, 0.2698149085044861, 0.9654659628868103]","[0.0, 0.0, -3.1957933970261365e-06, 0.00011933333735214546, -0.04375659301877022, 1.0, 0.016333334147930145, -3.1957933970261365e-06, 0.0, 0.0, 1.0172526572205243e-06, -0.016214000061154366, 0.0, 0.0]","[1.0, 0.0, 1.0, 1.1780058145523071, 0.0, 0.322069376707077, 0.8960621953010559, 0.3943309485912323]",-4.677585120383211
5.14999999999999,133.66265869140625,200.6562042236328,8.892669677734375,0.105682373046875,0.671875,"[0.8539232015609741, 0.9503999948501587, 0.2789978086948395, 0.9613221287727356]","[0.0, 0.0, -3.1957933970261365e-06, 0.00011933333735214546, -0.04375659301877022, 1.0, 0.016333334147930145, -3.1957933970261365e-06, 0.0, 0.0, 1.0172526572205243e-06, -0.016214000061154366, 0.0, 0.0]","[1.0, 0.0, 1.0, 1.1780058145523071, 0.0, 0.322069376707077, 0.8960621953010559, 0.3943309485912323]",-4.760018124588668
5.1999999999999895,133.7981414794922,201.08401489257812,9.031990051269531,0.105743408203125,0.671875,"[0.8447803854942322, 0.9650999903678894, 0.28227469325065613, 0.965033769607544]","[0.0, 0.0, -3.1957933970261365e-06, 0.00011933333735214546, -0.04375659301877022, 1.0, 0.016333334147930145, -3.1957933970261365e-06, 0.0, 0.0, 1.0172526572205243e-06, -0.016214000061154366, 0.0, 0.0]","[1.0, 0.0, 1.0, 1.1780058145523071, 0.0, 0.322069376707077, 0.8960621953010559, 0.3943309485912323]",-5.38451127152543
5.249999999999989,133.9287109375,201.52073669433594,9.175439834594727,0.106231689453125,0.671875,"[0.8353666067123413, 0.9797999858856201, 0.2898659110069275, 0.9622167944908142]","[0.0, 0.0, -3.1957933970261365e-06, 0.00011933333735214546, -0.04375659301877022, 1.0, 0.016333334147930145, -3.1957933970261365e-06, 0.0, 0.0, 1.0172526572205243e-06, -0.016214000061154366, 0.0, 0.0]","[1.0, 0.0, 1.0, 1.1780058145523071, 0.0, 0.322069376707077, 0.8960621953010559, 0.3943309485912323]",-5.516947707303711
5.299999999999989,134.0535888671875,201.9664764404297,9.31698989868164,0.108489990234375,0.671875,"[0.826077401638031, 0.9943000078201294, 0.296548992395401, 0.959757387638092]","[0.0, 0.0, -3.1957933970261365e-06, 0.00011933333735214546, -0.04375659301877022, 1.0, 0.016333334147930145, -3.1957933970261365e-06, 0.0, 0.0, 1.0172526572205243e-06, -0.016214000061154366, 0.0, 0.0]","[1.0, 0.0, 1.0, 1.1780058145523071, 0.0, 0.322069376707077, 0.8960621953010559, 0.3943309485912323]",-5.645774598165568
5.349999999999989,134.17251586914062,202.42120361328125,9.461219787597656,0.111083984375,0.671875,"[0.8166124224662781, 1.0, 0.30611908435821533, 0.958751916885376]","[0.0, 0.0, -3.1957933970261365e-06, 0.00011933333735214546, -0.04375659301877022, 1.0, 0.016333334147930145, -3.1957933970261365e-06, 0.0, 0.0, 1.0172526572205243e-06, -0.016214000061154366, 0.0, 0.0]","[1.0, 0.0, 1.0, 1.1780058145523071, 0.0, 0.322069376707077, 0.8960621953010559, 0.3943309485912323]",-5.777803120895989
5.399999999999989,134.2848358154297,202.88491821289062,9.603509902954102,0.11151123046875,0.671875,"[0.8072746992111206, 1.0, 0.3077973425388336, 0.9646162390708923]","[0.0, 0.0, -3.1957933970261365e-06, 0.00011933333735214546, -0.04375659301877022, 1.0, 0.016333334147930145, -3.1957933970261365e-06, 0.0, 0.0, 1.0172526572205243e-06, -0.016214000061154366, 0.0, 0.0]","[1.0, 0.0, 1.0, 1.1780058145523071, 0.0, 0.322069376707077, 0.8960621953010559, 0.3943309485912323]",-6.503384144312019
5.449999999999989,134.39028930664062,203.35630798339844,9.674449920654297,0.11151123046875,0.6484375,"[0.8026192784309387, 1.0, 0.244197815656662, 0.8927072882652283]","[0.0, 0.0, -3.1957933970261365e-06, 0.00011933333735214546, -0.04375659301877022, 1.0, 0.016333334147930145, -3.1957933970261365e-06, 0.0, 0.0, 1.0172526572205243e-06, -0.016214000061154366, 0.0, 0.0]","[1.0, 0.0, 1.0, 1.1780058145523071, 0.0, 0.322069376707077, 0.8960621953010559, 0.3943309485912323]",-6.719243969783392
5.4999999999999885,134.48728942871094,203.8292694091797,9.665169715881348,0.11151123046875,0.64453125,"[0.8032283186912537, 1.0, 0.18222689628601074, 0.8915029764175415]","[0.0, 0.0, -3.1957933970261365e-06, 0.00011933333735214546, -0.04375659301877022, 1.0, 0.016333334147930145, -3.1957933970261365e-06, 0.0, 0.0, 1.0172526572205243e-06, -0.016214000061154366, 0.0, 0.0]","[1.0, 0.0, 1.0, 1.1780058145523071, 0.0, 0.322069376707077, 0.8960621953010559, 0.3943309485912323]",-6.936201945243673
5.549999999999988,134.5758056640625,204.30422973632812,9.739270210266113,0.11151123046875,0.62890625,"[0.7983654737472534, 1.0, 0.24029573798179626, 0.8847878575325012]","[0.0, 0.0, -3.1957933970261365e-06, 0.00011933333735214546, -0.04375659301877022, 1.0, 0.016333334147930145, -3.1957933970261365e-06, 0.0, 0.0, 1.0172526572205243e-06, -0.016214000061154366, 0.0, 0.0]","[1.0, 0.0, 1.0, 1.1780058145523071, 0.0, 0.322069376707077, 0.8960621953010559, 0.3943309485912323]",-6.949880650505125
5.599999999999988,134.65719604492188,204.79718017578125,10.129790306091309,0.1114501953125,0.609375,"[0.7727378606796265, 1.0, 0.5582106113433838, 0.6095130443572998]","[0.0, 0.0, -3.1957933970261365e-06, 0.00011933333735214546, -0.04375659301877022, 1.0, 0.016333334147930145, -3.1957933970261365e-06, 0.0, 0.0, 1.0172526572205243e-06, -0.016214000061154366, 0.0, 0.0]","[1.0, 0.0, 1.0, 1.1780058145523071, 0.0, 0.322069376707077, 0.8960621953010559, 0.3943309485912323]",-7.1585343751481485
5.649999999999988,134.7308807373047,205.30686950683594,10.392589569091797,0.110504150390625,0.57421875,"[0.7554917335510254, 1.0, 0.4422154128551483, 0.8083562254905701]","[0.0, 0.0, -3.1957933970261365e-06, 0.00011933333735214546, -0.04375659301877022, 1.0, 0.016333334147930145, -3.1957933970261365e-06, 0.0, 0.0, 1.0172526572205243e-06, -0.016214000061154366, 0.0, 0.0]","[1.0, 0.0, 1.0, 1.1780058145523071, 0.0, 0.322069376707077, 0.8960621953010559, 0.3943309485912323]",-7.020042996829467
5.699999999999988,134.79623413085938,205.82826232910156,10.575220108032227,0.10650634765625,0.51171875,"[0.7435067296028137, 1.0, 0.3631366789340973, 0.8725724220275879]","[0.0, 0.0, -3.1957933970261365e-06, 0.00011933333735214546, -0.04375659301877022, 1.0, 0.016333334147930145, -3.1957933970261365e-06, 0.0, 0.0, 1.0172526572205243e-06, -0.016214000061154366, 0.0, 0.0]","[1.0, 0.0, 1.0, 1.1780058145523071, 0.0, 0.322069376707077, 0.8960621953010559, 0.3943309485912323]",-6.884306421578887
5.749999999999988,134.85333251953125,206.3574981689453,10.693909645080566,0.099334716796875,0.452362060546875,"[0.7357177734375, 1.0, 0.292774498462677, 0.9011980891227722]","[0.0, 0.0, -3.1957933970261365e-06, 0.00011933333735214546, -0.04375659301877022, 1.0, 0.016333334147930145, -3.1957933970261365e-06, 0.0, 0.0, 1.0172526572205243e-06, -0.016214000061154366, 0.0, 0.0]","[1.0, 0.0, 1.0, 1.1780058145523071, 0.0, 0.322069376707077, 0.8960621953010559, 0.3943309485912323]",-6.749705604303992
5.799999999999987,134.90245056152344,206.891845703125,10.767230033874512,0.090301513671875,0.404754638671875,"[0.7309061884880066, 1.0, 0.23732878267765045, 0.9219153523445129]","[0.0, 0.0, -3.1957933970261365e-06, 0.00011933333735214546, -0.04375659301877022, 1.0, 0.016333334147930145, -3.1957933970261365e-06, 0.0, 0.0, 1.0172526572205243e-06, -0.016214000061154366, 0.0, 0.0]","[1.0, 0.0, 1.0, 1.1780058145523071, 0.0, 0.322069376707077, 0.8960621953010559, 0.3943309485912323]",-7.007288624909844
5.849999999999987,134.94412231445312,207.42933654785156,10.807649612426758,0.08184814453125,0.3690338134765625,"[0.7282536625862122, 1.0, 0.1991964876651764, 0.9475774168968201]","[0.0, 0.0, -3.1957933970261365e-06, 0.00011933333735214546, -0.04375659301877022, 1.0, 0.016333334147930145, -3.1957933970261365e-06, 0.0, 0.0, 1.0172526572205243e-06, -0.016214000061154366, 0.0, 0.0]","[1.0, 0.0, 1.0, 1.1780058145523071, 0.0, 0.322069376707077, 0.8960621953010559, 0.3943309485912323]",-6.860671971064227
5.899999999999987,134.9782257080078,207.96876525878906,10.830240249633789,0.07525634765625,0.3650665283203125,"[0.7267711758613586, 1.0, 0.18007735908031464, 0.962547779083252]","[0.0, 0.0, -3.1957933970261365e-06, 0.00011933333735214546, -0.04375659301877022, 1.0, 0.016333334147930145, -3.1957933970261365e-06, 0.0, 0.0, 1.0172526572205243e-06, -0.016214000061154366, 0.0, 0.0]","[1.0, 0.0, 1.0, 1.1780058145523071, 0.0, 0.322069376707077, 0.8960621953010559, 0.3943309485912323]",-6.674856475836036
5.949999999999987,135.0049591064453,208.50917053222656,10.835840225219727,0.071685791015625,0.3650665283203125,"[0.7264036536216736, 1.0, 0.16505977511405945, 0.9717336297035217]","[0.0, 0.0, -3.1957933970261365e-06, 0.00011933333735214546, -0.04375659301877022, 1.0, 0.016333334147930145, -3.1957933970261365e-06, 0.0, 0.0, 1.0172526572205243e-06, -0.016214000061154366, 0.0, 0.0]","[1.0, 0.0, 1.0, 1.1780058145523071, 0.0, 0.322069376707077, 0.8960621953010559, 0.3943309485912323]",-6.468074090978829
5.999999999999987,135.02401733398438,209.05001831054688,10.83446979522705,0.070220947265625,0.3650665283203125,"[0.7264935970306396, 1.0, 0.16407637298107147, 0.9799318313598633]","[0.0, 0.0, -3.1957933970261365e-06, 0.00011933333735214546, -0.04375659301877022, 1.0, 0.016333334147930145, -3.1957933970261365e-06, 0.0, 0.0, 1.0172526572205243e-06, -0.016214000061154366, 0.0, 0.0]","[1.0, 0.0, 1.0, 1.1780058145523071, 0.0, 0.322069376707077, 0.8960621953010559, 0.3943309485912323]",-6.553302176280293
6.0499999999999865,135.0356903076172,209.5907745361328,10.824549674987793,0.069244384765625,0.3650665283203125,"[0.7271445989608765, 1.0, 0.17195913195610046, 0.9796738624572754]","[0.0, 0.0, -3.1957933970261365e-06, 0.00011933333735214546, -0.04375659301877022, 1.0, 0.016333334147930145, -3.1957933970261365e-06, 0.0, 0.0, 1.0172526572205243e-06, -0.016214000061154366, 0.0, 0.0]","[1.0, 0.0, 1.0, 1.1780058145523071, 0.0, 0.322069376707077, 0.8960621953010559, 0.3943309485912323]",-6.323672978888747
6.099999999999986,135.0399932861328,210.13113403320312,10.812959671020508,0.06671142578125,0.3650665283203125,"[0.7279051542282104, 1.0, 0.16722989082336426, 0.9826091527938843]","[0.0, 0.0, -3.1957933970261365e-06, 0.00011933333735214546, -0.04375659301877022, 1.0, 0.016333334147930145, -3.1957933970261365e-06, 0.0, 0.0, 1.0172526572205243e-06, -0.016214000061154366, 0.0, 0.0]","[1.0, 0.0, 1.0, 1.1780058145523071, 0.0, 0.322069376707077, 0.8960621953010559, 0.3943309485912323]",-6.096405908694165
6.149999999999986,135.0376434326172,210.67083740234375,10.797289848327637,0.0616455078125,0.3650665283203125,"[0.7289335131645203, 1.0, 0.16134153306484222, 0.9779104590415955]","[0.0, 0.0, -3.1957933970261365e-06, 0.00011933333735214546, -0.04375659301877022, 1.0, 0.016333334147930145, -3.1957933970261365e-06, 0.0, 0.0, 1.0172526572205243e-06, -0.016214000061154366, 0.0, 0.0]","[1.0, 0.0, 1.0, 1.1780058145523071, 0.0, 0.322069376707077, 0.8960621953010559, 0.3943309485912323]",-5.884689062957628
6.199999999999986,135.02915954589844,211.20977783203125,10.781519889831543,0.053863525390625,0.3452301025390625,"[0.7299684286117554, 1.0, 0.14050152897834778, 0.971005380153656]","[0.0, 0.0, -3.1957933970261365e-06, 0.00011933333735214546, -0.04375659301877022, 1.0, 0.016333334147930145, -3.1957933970261365e-06, 0.0, 0.0, 1.0172526572205243e-06, -0.016214000061154366, 0.0, 0.0]","[1.0, 0.0, 1.0, 1.1780058145523071, 0.0, 0.322069376707077, 0.8960621953010559, 0.3943309485912323]",-6.011980599190125
6.249999999999986,135.01559448242188,211.74769592285156,10.758749961853027,0.044891357421875,0.3055572509765625,"[0.7314626574516296, 1.0, 0.13456396758556366, 0.971804678440094]","[0.0, 0.0, -3.1957933970261365e-06, 0.00011933333735214546, -0.04375659301877022, 1.0, 0.016333334147930145, -3.1957933970261365e-06, 0.0, 0.0, 1.0172526572205243e-06, -0.016214000061154366, 0.0, 0.0]","[1.0, 0.0, 1.0, 1.1780058145523071, 0.0, 0.322069376707077, 0.8960621953010559, 0.3943309485912323]",-5.815014963972046
6.299999999999986,134.9974822998047,212.28419494628906,10.73009967803955,0.03643798828125,0.26983642578125,"[0.7333428263664246, 1.0, 0.1139916405081749, 0.9662569165229797]","[0.0, 0.0, -3.1957933970261365e-06, 0.00011933333735214546, -0.04375659301877022, 1.0, 0.016333334147930145, -3.1957933970261365e-06, 0.0, 0.0, 1.0172526572205243e-06, -0.016214000061154366, 0.0, 0.0]","[1.0, 0.0, 1.0, 1.1780058145523071, 0.0, 0.322069376707077, 0.8960621953010559, 0.3943309485912323]",-5.632499266632571
6.349999999999985,134.97589111328125,212.81886291503906,10.690589904785156,0.027862548828125,0.2420654296875,"[0.735935628414154, 1.0, 0.11249186843633652, 0.9684632420539856]","[0.0, 0.0, -3.1957933970261365e-06, 0.00011933333735214546, -0.04375659301877022, 1.0, 0.016333334147930145, -3.1957933970261365e-06, 0.0, 0.0, 1.0172526572205243e-06, -0.016214000061154366, 0.0, 0.0]","[1.0, 0.0, 1.0, 1.1780058145523071, 0.0, 0.322069376707077, 0.8960621953010559, 0.3943309485912323]",-5.446730639127375
6.399999999999985,134.9512939453125,213.3512420654297,10.644579887390137,0.020233154296875,0.23016357421875,"[0.738955020904541, 1.0, 0.09325362741947174, 0.9643047451972961]","[0.0, 0.0, -3.1957933970261365e-06, 0.00011933333735214546, -0.04375659301877022, 1.0, 0.016333334147930145, -3.1957933970261365e-06, 0.0, 0.0, 1.0172526572205243e-06, -0.016214000061154366, 0.0, 0.0]","[1.0, 0.0, 1.0, 1.1780058145523071, 0.0, 0.322069376707077, 0.8960621953010559, 0.3943309485912323]",-5.620559674359305
6.449999999999985,134.9246826171875,213.88101196289062,10.590920448303223,0.01348876953125,0.2261962890625,"[0.7424764037132263, 1.0, 0.09271208941936493, 0.9712019562721252]","[0.0, 0.0, -3.1957933970261365e-06, 0.00011933333735214546, -0.04375659301877022, 1.0, 0.016333334147930145, -3.1957933970261365e-06, 0.0, 0.0, 1.0172526572205243e-06, -0.016214000061154366, 0.0, 0.0]","[1.0, 0.0, 1.0, 1.1780058145523071, 0.0, 0.322069376707077, 0.8960621953010559, 0.3943309485912323]",-5.457143197766633
6.499999999999985,134.89642333984375,214.40794372558594,10.534250259399414,0.00787353515625,0.2261962890625,"[0.7461953163146973, 1.0, 0.07379692047834396, 0.968393087387085]","[0.0, 0.0, -3.1957933970261365e-06, 0.00011933333735214546, -0.04375659301877022, 1.0, 0.016333334147930145, -3.1957933970261365e-06, 0.0, 0.0, 1.0172526572205243e-06, -0.016214000061154366, 0.0, 0.0]","[1.0, 0.0, 1.0, 1.1780058145523071, 0.0, 0.322069376707077, 0.8960621953010559, 0.3943309485912323]",-5.301391945207441
6.549999999999985,134.8672332763672,214.93186950683594,10.47404956817627,0.004241943359375,0.2261962890625,"[0.7501460313796997, 1.0, 0.07646813243627548, 0.9770357608795166]","[0.0, 0.0, -3.1957933970261365e-06, 0.00011933333735214546, -0.04375659301877022, 1.0, 0.016333334147930145, -3.1957933970261365e-06, 0.0, 0.0, 1.0172526572205243e-06, -0.016214000061154366, 0.0, 0.0]","[1.0, 0.0, 1.0, 1.1780058145523071, 0.0, 0.322069376707077, 0.8960621953010559, 0.3943309485912323]",-5.153565155468919
6.5999999999999845,134.8371124267578,215.45274353027344,10.41294002532959,0.00250244140625,0.2261962890625,"[0.7541562914848328, 1.0, 0.06606900691986084, 0.9771434664726257]","[0.0, 0.0, -3.1957933970261365e-06, 0.00011933333735214546, -0.04375659301877022, 1.0, 0.016333334147930145, -3.1957933970261365e-06, 0.0, 0.0, 1.0172526572205243e-06, -0.016214000061154366, 0.0, 0.0]","[1.0, 0.0, 1.0, 1.1780058145523071, 0.0, 0.322069376707077, 0.8960621953010559, 0.3943309485912323]",-5.013011396829483
6.649999999999984,134.8065185546875,215.9705047607422,10.350569725036621,0.002471923828125,0.2261962890625,"[0.7582492828369141, 1.0, 0.07186593115329742, 0.9814985990524292]","[0.0, 0.0, -3.1957933970261365e-06, 0.00011933333735214546, -0.04375659301877022, 1.0, 0.016333334147930145, -3.1957933970261365e-06, 0.0, 0.0, 1.0172526572205243e-06, -0.016214000061154366, 0.0, 0.0]","[1.0, 0.0, 1.0, 1.1780058145523071, 0.0, 0.322069376707077, 0.8960621953010559, 0.3943309485912323]",-5.2941050514388275
6.699999999999984,134.7753143310547,216.485107421875,10.288000106811523,0.002532958984375,0.2261962890625,"[0.762355387210846, 1.0, 0.06658197939395905, 0.9801649451255798]","[0.0, 0.0, -3.1957933970261365e-06, 0.00011933333735214546, -0.04375659301877022, 1.0, 0.016333334147930145, -3.1957933970261365e-06, 0.0, 0.0, 1.0172526572205243e-06, -0.016214000061154366, 0.0, 0.0]","[1.0, 0.0, 1.0, 1.1780058145523071, 0.0, 0.322069376707077, 0.8960621953010559, 0.3943309485912323]",-5.201221805300158
6.749999999999984,134.74374389648438,216.99658203125,10.225159645080566,0.0042724609375,0.2261962890625,"[0.7664792537689209, 1.0, 0.07273625582456589, 0.9796335101127625]","[0.0, 0.0, -3.1957933970261365e-06, 0.00011933333735214546, -0.04375659301877022, 1.0, 0.016333334147930145, -3.1957933970261365e-06, 0.0, 0.0, 1.0172526572205243e-06, -0.016214000061154366, 0.0, 0.0]","[1.0, 0.0, 1.0, 1.1780058145523071, 0.0, 0.322069376707077, 0.8960621953010559, 0.3943309485912323]",-5.130610341489449
6.799999999999984,134.71075439453125,217.5048065185547,10.162079811096191,0.014068603515625,0.2261962890625,"[0.7706188559532166, 1.0, 0.08663339912891388, 0.9633733630180359]","[0.0, 0.0, -3.1957933970261365e-06, 0.00011933333735214546, -0.04375659301877022, 1.0, 0.016333334147930145, -3.1957933970261365e-06, 0.0, 0.0, 1.0172526572205243e-06, -0.016214000061154366, 0.0, 0.0]","[1.0, 0.0, 1.0, 1.1780058145523071, 0.0, 0.322069376707077, 0.8960621953010559, 0.3943309485912323]",-5.090122763101301
6.849999999999984,134.6757354736328,218.0097198486328,10.09889030456543,0.025848388671875,0.2261962890625,"[0.7747656106948853, 1.0, 0.11809054017066956, 0.9582981467247009]","[0.0, 0.0, -3.1957933970261365e-06, 0.00011933333735214546, -0.04375659301877022, 1.0, 0.016333334147930145, -3.1957933970261365e-06, 0.0, 0.0, 1.0172526572205243e-06, -0.016214000061154366, 0.0, 0.0]","[1.0, 0.0, 1.0, 1.1780058145523071, 0.0, 0.322069376707077, 0.8960621953010559, 0.3943309485912323]",-5.607776562872247
6.8999999999999835,134.63807678222656,218.51126098632812,10.035400390625,0.03173828125,0.2261962890625,"[0.7789320945739746, 1.0, 0.1159098893404007, 0.9815747141838074]","[0.0, 0.0, -3.1957933970261365e-06, 0.00011933333735214546, -0.04375659301877022, 1.0, 0.016333334147930145, -3.1957933970261365e-06, 0.0, 0.0, 1.0172526572205243e-06, -0.016214000061154366, 0.0, 0.0]","[1.0, 0.0, 1.0, 1.1780058145523071, 0.0, 0.322069376707077, 0.8960621953010559, 0.3943309485912323]",-5.620796143772979
6.949999999999983,134.59820556640625,219.00950622558594,9.972689628601074,0.033111572265625,0.2261962890625,"[0.7830474376678467, 1.0, 0.12356394529342651, 0.9757766723632812]","[0.0, 0.0, -3.1957933970261365e-06, 0.00011933333735214546, -0.04375659301877022, 1.0, 0.016333334147930145, -3.1957933970261365e-06, 0.0, 0.0, 1.0172526572205243e-06, -0.016214000061154366, 0.0, 0.0]","[1.0, 0.0, 1.0, 1.1780058145523071, 0.0, 0.322069376707077, 0.8960621953010559, 0.3943309485912323]",-5.649007558092119
6.999999999999983,134.55615234375,219.5044708251953,9.911040306091309,0.02911376953125,0.2261962890625,"[0.7870931625366211, 1.0, 0.10298857092857361, 0.9705371856689453]","[0.0, 0.0, -3.1957933970261365e-06, 0.00011933333735214546, -0.04375659301877022, 1.0, 0.016333334147930145, -3.1957933970261365e-06, 0.0, 0.0, 1.0172526572205243e-06, -0.016214000061154366, 0.0, 0.0]","[1.0, 0.0, 1.0, 1.1780058145523071, 0.0, 0.322069376707077, 0.8960621953010559, 0.3943309485912323]",-5.7204733489772694
7.049999999999983,134.5135955810547,219.99630737304688,9.84945011138916,0.012908935546875,0.2261962890625,"[0.7911350131034851, 1.0, 0.07561670243740082, 0.9504549503326416]","[0.0, 0.0, -3.1957933970261365e-06, 0.00011933333735214546, -0.04375659301877022, 1.0, 0.016333334147930145, -3.1957933970261365e-06, 0.0, 0.0, 1.0172526572205243e-06, -0.016214000061154366, 0.0, 0.0]","[1.0, 0.0, 1.0, 1.1780058145523071, 0.0, 0.322069376707077, 0.8960621953010559, 0.3943309485912323]",-6.514660931382256
7.099999999999983,134.4721221923828,220.4851837158203,9.790029525756836,-0.010772705078125,0.24603271484375,"[0.7950344681739807, 1.0, 0.0879753902554512, 0.9309021234512329]","[0.0, 0.0, -3.1957933970261365e-06, 0.00011933333735214546, -0.04375659301877022, 1.0, 0.016333334147930145, -3.1957933970261365e-06, 0.0, 0.0, 1.0172526572205243e-06, -0.016214000061154366, 0.0, 0.0]","[1.0, 0.0, 1.0, 1.1780058145523071, 0.0, 0.322069376707077, 0.8960621953010559, 0.3943309485912323]",-6.707477554271022
7.149999999999983,134.43344116210938,220.97134399414062,9.731670379638672,-0.03118896484375,0.2976226806640625,"[0.7988642454147339, 1.0, 0.11163164675235748, 0.9631614685058594]","[0.0, 0.0, -3.1957933970261365e-06, 0.00011933333735214546, -0.04375659301877022, 1.0, 0.016333334147930145, -3.1957933970261365e-06, 0.0, 0.0, 1.0172526572205243e-06, -0.016214000061154366, 0.0, 0.0]","[1.0, 0.0, 1.0, 1.1780058145523071, 0.0, 0.322069376707077, 0.8960621953010559, 0.3943309485912323]",-6.904250345653999
7.199999999999982,134.39846801757812,221.45521545410156,9.685110092163086,-0.050933837890625,0.420623779296875,"[0.80191969871521, 1.0, 0.1450386941432953, 0.9431336522102356]","[0.0, 0.0, -3.1957933970261365e-06, 0.00011933333735214546, -0.04375659301877022, 1.0, 0.016333334147930145, -3.1957933970261365e-06, 0.0, 0.0, 1.0172526572205243e-06, -0.016214000061154366, 0.0, 0.0]","[1.0, 0.0, 1.0, 1.1780058145523071, 0.0, 0.322069376707077, 0.8960621953010559, 0.3943309485912323]",-7.103609911012006
7.249999999999982,134.36868286132812,221.93760681152344,9.655879974365234,-0.068115234375,0.546875,"[0.8038379549980164, 1.0, 0.1501978039741516, 0.9628300666809082]","[0.0, 0.0, -3.1957933970261365e-06, 0.00011933333735214546, -0.04375659301877022, 1.0, 0.016333334147930145, -3.1957933970261365e-06, 0.0, 0.0, 1.0172526572205243e-06, -0.016214000061154366, 0.0, 0.0]","[1.0, 0.0, 1.0, 1.1780058145523071, 0.0, 0.322069376707077, 0.8960621953010559, 0.3943309485912323]",-7.9752849860544295
7.299999999999982,134.34458923339844,222.41973876953125,9.655059814453125,-0.08056640625,0.609375,"[0.8038917779922485, 1.0, 0.15380790829658508, 0.9465726017951965]","[0.0, 0.0, -3.1957933970261365e-06, 0.00011933333735214546, -0.04375659301877022, 1.0, 0.016333334147930145, -3.1957933970261365e-06, 0.0, 0.0, 1.0172526572205243e-06, -0.016214000061154366, 0.0, 0.0]","[1.0, 0.0, 1.0, 1.1780058145523071, 0.0, 0.322069376707077, 0.8960621953010559, 0.3943309485912323]",-8.160524681394719
7.349999999999982,134.3272247314453,222.90286254882812,9.67726993560791,-0.089996337890625,0.6328125,"[0.8024342060089111, 1.0, 0.17569194734096527, 0.9632687568664551]","[0.0, 0.0, -3.1957933970261365e-06, 0.00011933333735214546, -0.04375659301877022, 1.0, 0.016333334147930145, -3.1957933970261365e-06, 0.0, 0.0, 1.0172526572205243e-06, -0.016214000061154366, 0.0, 0.0]","[1.0, 0.0, 1.0, 1.1780058145523071, 0.0, 0.322069376707077, 0.8960621953010559, 0.3943309485912323]",-8.336958743645717
7.399999999999982,134.31687927246094,223.3879852294922,9.721879959106445,-0.096160888671875,0.65234375,"[0.7995067238807678, 1.0, 0.20879165828227997, 0.9535163044929504]","[0.0, 0.0, -3.1957933970261365e-06, 0.00011933333735214546, -0.04375659301877022, 1.0, 0.016333334147930145, -3.1957933970261365e-06, 0.0, 0.0, 1.0172526572205243e-06, -0.016214000061154366, 0.0, 0.0]","[1.0, 0.0, 1.0, 1.1780058145523071, 0.0, 0.322069376707077, 0.8960621953010559, 0.3943309485912323]",-8.503091288424356
7.4499999999999815,134.31454467773438,223.87594604492188,9.782400131225586,-0.10211181640625,0.67578125,"[0.7955350875854492, 1.0, 0.23392042517662048, 0.964134931564331]","[0.0, 0.0, -3.1957933970261365e-06, 0.00011933333735214546, -0.04375659301877022, 1.0, 0.016333334147930145, -3.1957933970261365e-06, 0.0, 0.0, 1.0172526572205243e-06, -0.016214000061154366, 0.0, 0.0]","[1.0, 0.0, 1.0, 1.1780058145523071, 0.0, 0.322069376707077, 0.8960621953010559, 0.3943309485912323]",-8.972676400458631
7.499999999999981,134.32069396972656,224.36740112304688,9.859589576721191,-0.108551025390625,0.6953125,"[0.7904695868492126, 0.9783999919891357, 0.2603437304496765, 0.9539270401000977]","[0.0, 0.0, -3.1957933970261365e-06, 0.00011933333735214546, -0.04375659301877022, 1.0, 0.016333334147930145, -3.1957933970261365e-06, 0.0, 0.0, 1.0172526572205243e-06, -0.016214000061154366, 0.0, 0.0]","[1.0, 0.0, 1.0, 1.1780058145523071, 0.0, 0.322069376707077, 0.8960621953010559, 0.3943309485912323]",-8.922731553168912
7.549999999999981,134.33653259277344,224.86280822753906,9.94810962677002,-0.115936279296875,0.71484375,"[0.7846605181694031, 0.921999990940094, 0.28494328260421753, 0.9610996246337891]","[0.0, 0.0, -3.1957933970261365e-06, 0.00011933333735214546, -0.04375659301877022, 1.0, 0.016333334147930145, -3.1957933970261365e-06, 0.0, 0.0, 1.0172526572205243e-06, -0.016214000061154366, 0.0, 0.0]","[1.0, 0.0, 1.0, 1.1780058145523071, 0.0, 0.322069376707077, 0.8960621953010559, 0.3943309485912323]",-8.87707260043828
7.599999999999981,134.36270141601562,225.3625946044922,10.051580429077148,-0.123992919921875,0.75390625,"[0.7778702974319458, 0.8022000193595886, 0.31268438696861267, 0.9495502710342407]","[0.0, 0.0, -3.1957933970261365e-06, 0.00011933333735214546, -0.04375659301877022, 1.0, 0.016333334147930145, -3.1957933970261365e-06, 0.0, 0.0, 1.0172526572205243e-06, -0.016214000061154366, 0.0, 0.0]","[1.0, 0.0, 1.0, 1.1780058145523071, 0.0, 0.322069376707077, 0.8960621953010559, 0.3943309485912323]",-8.821399383623712
7.649999999999981,134.4005889892578,225.86715698242188,10.168700218200684,-0.133544921875,0.81640625,"[0.7701843976974487, 0.6039000153541565, 0.34319427609443665, 0.9532902836799622]","[0.0, 0.0, -3.1957933970261365e-06, 0.00011933333735214546, -0.04375659301877022, 1.0, 0.016333334147930145, -3.1957933970261365e-06, 0.0, 0.0, 1.0172526572205243e-06, -0.016214000061154366, 0.0, 0.0]","[1.0, 0.0, 1.0, 1.1780058145523071, 0.0, 0.322069376707077, 0.8960621953010559, 0.3943309485912323]",-9.111871728522871
7.699999999999981,134.45106506347656,226.37713623046875,10.30951976776123,-0.142120361328125,0.87890625,"[0.7609431743621826, 0.4027000069618225, 0.37990328669548035, 0.9369897246360779]","[0.0, 0.0, -3.1957933970261365e-06, 0.00011933333735214546, -0.04375659301877022, 1.0, 0.016333334147930145, -3.1957933970261365e-06, 0.0, 0.0, 1.0172526572205243e-06, -0.016214000061154366, 0.0, 0.0]","[1.0, 0.0, 1.0, 1.1780058145523071, 0.0, 0.322069376707077, 0.8960621953010559, 0.3943309485912323]",-8.939752302503951
7.7499999999999805,134.51564025878906,226.89321899414062,10.47128963470459,-0.15118408203125,0.91796875,"[0.7503271102905273, 0.27630001306533813, 0.41716963052749634, 0.9435585141181946]","[0.0, 0.0, -3.1957933970261365e-06, 0.00011933333735214546, -0.04375659301877022, 1.0, 0.016333334147930145, -3.1957933970261365e-06, 0.0, 0.0, 1.0172526572205243e-06, -0.016214000061154366, 0.0, 0.0]","[1.0, 0.0, 1.0, 1.1780058145523071, 0.0, 0.322069376707077, 0.8960621953010559, 0.3943309485912323]",-8.729060953336768
7.79999999999998,134.59556579589844,227.41603088378906,10.657230377197266,-0.160491943359375,0.93359375,"[0.7381248474121094, 0.22689999639987946, 0.45857009291648865, 0.927888810634613]","[0.0, 0.0, -3.1957933970261365e-06, 0.00011933333735214546, -0.04375659301877022, 1.0, 0.016333334147930145, -3.1957933970261365e-06, 0.0, 0.0, 1.0172526572205243e-06, -0.016214000061154366, 0.0, 0.0]","[1.0, 0.0, 1.0, 1.1780058145523071, 0.0, 0.322069376707077, 0.8960621953010559, 0.3943309485912323]",-8.484809088398729
7.84999999999998,134.69247436523438,227.94577026367188,10.85863971710205,-0.170074462890625,0.953125,"[0.7249074578285217, 0.16269999742507935, 0.49309319257736206, 0.9390479922294617]","[0.0, 0.0, -3.1957933970261365e-06, 0.00011933333735214546, -0.04375659301877022, 1.0, 0.016333334147930145, -3.1957933970261365e-06, 0.0, 0.0, 1.0172526572205243e-06, -0.016214000061154366, 0.0, 0.0]","[1.0, 0.0, 1.0, 1.1780058145523071, 0.0, 0.322069376707077, 0.8960621953010559, 0.3943309485912323]",-8.454200476484697
7.89999999999998,134.80770874023438,228.48243713378906,11.07174015045166,-0.179107666015625,0.98046875,"[0.7109228372573853, 0.06889999657869339, 0.5238303542137146, 0.9312421679496765]","[0.0, 0.0, -3.1957933970261365e-06, 0.00011933333735214546, -0.04375659301877022, 1.0, 0.016333334147930145, -3.1957933970261365e-06, 0.0, 0.0, 1.0172526572205243e-06, -0.016214000061154366, 0.0, 0.0]","[1.0, 0.0, 1.0, 1.1780058145523071, 0.0, 0.322069376707077, 0.8960621953010559, 0.3943309485912323]",-8.130037917986172
7.94999999999998,134.94285583496094,229.02566528320312,11.295610427856445,-0.18817138671875,1.0,"[0.696231484413147, 0.0, 0.5548720955848694, 0.9327066540718079]","[0.0, 0.0, -3.1957933970261365e-06, 0.00011933333735214546, -0.04375659301877022, 1.0, 0.016333334147930145, -3.1957933970261365e-06, 0.0, 0.0, 1.0172526572205243e-06, -0.016214000061154366, 0.0, 0.0]","[1.0, 0.0, 1.0, 1.1780058145523071, 0.0, 0.322069376707077, 0.8960621953010559, 0.3943309485912323]",-7.77804117698415
7.99999999999998,135.0992889404297,229.57472229003906,11.521980285644531,-0.19635009765625,1.0,"[0.6813760995864868, 0.0, 0.5775525569915771, 0.9313106536865234]","[0.0, 0.0, -3.1957933970261365e-06, 0.00011933333735214546, -0.04375659301877022, 1.0, 0.016333334147930145, -3.1957933970261365e-06, 0.0, 0.0, 1.0172526572205243e-06, -0.016214000061154366, 0.0, 0.0]","[1.0, 0.0, 1.0, 1.1780058145523071, 0.0, 0.322069376707077, 0.8960621953010559, 0.3943309485912323]",-7.403072454652907
8.04999999999998,135.27838134765625,230.1287078857422,11.751729965209961,-0.202728271484375,1.0,"[0.6662988662719727, 0.0, 0.599892795085907, 0.9329842329025269]","[0.0, 0.0, -3.1957933970261365e-06, 0.00011933333735214546, -0.04375659301877022, 1.0, 0.016333334147930145, -3.1957933970261365e-06, 0.0, 0.0, 1.0172526572205243e-06, -0.016214000061154366, 0.0, 0.0]","[1.0, 0.0, 1.0, 1.1780058145523071, 0.0, 0.322069376707077, 0.8960621953010559, 0.3943309485912323]",-7.213956106419733
8.09999999999998,135.48135375976562,230.68646240234375,11.981800079345703,-0.2078857421875,1.0,"[0.6512006521224976, 0.0, 0.6194619536399841, 0.9322330355644226]","[0.0, 0.0, -3.1957933970261365e-06, 0.00011933333735214546, -0.04375659301877022, 1.0, 0.016333334147930145, -3.1957933970261365e-06, 0.0, 0.0, 1.0172526572205243e-06, -0.016214000061154366, 0.0, 0.0]","[1.0, 0.0, 1.0, 1.1780058145523071, 0.0, 0.322069376707077, 0.8960621953010559, 0.3943309485912323]",-6.8226675060853035
8.14999999999998,135.70936584472656,231.2467498779297,12.212730407714844,-0.211090087890625,1.0,"[0.6360459327697754, 0.0, 0.6381464004516602, 0.9337045550346375]","[0.0, 0.0, -3.1957933970261365e-06, 0.00011933333735214546, -0.04375659301877022, 1.0, 0.016333334147930145, -3.1957933970261365e-06, 0.0, 0.0, 1.0172526572205243e-06, -0.016214000061154366, 0.0, 0.0]","[1.0, 0.0, 1.0, 1.1780058145523071, 0.0, 0.322069376707077, 0.8960621953010559, 0.3943309485912323]",-6.429302579904748
8.199999999999982,135.96340942382812,231.80838012695312,12.444160461425781,-0.2125244140625,1.0,"[0.6208584904670715, 0.0, 0.6552109718322754, 0.9349111318588257]","[0.0, 0.0, -3.1957933970261365e-06, 0.00011933333735214546, -0.04375659301877022, 1.0, 0.016333334147930145, -3.1957933970261365e-06, 0.0, 0.0, 1.0172526572205243e-06, -0.016214000061154366, 0.0, 0.0]","[1.0, 0.0, 1.0, 1.1780058145523071, 0.0, 0.322069376707077, 0.8960621953010559, 0.3943309485912323]",-6.027951876669933
8.249999999999982,136.2444305419922,232.36981201171875,12.675410270690918,-0.213531494140625,1.0,"[0.6056828498840332, 0.0, 0.6725345253944397, 0.9339421391487122]","[0.0, 0.0, -3.1957933970261365e-06, 0.00011933333735214546, -0.04375659301877022, 1.0, 0.016333334147930145, -3.1957933970261365e-06, 0.0, 0.0, 1.0172526572205243e-06, -0.016214000061154366, 0.0, 0.0]","[1.0, 0.0, 1.0, 1.1780058145523071, 0.0, 0.322069376707077, 0.8960621953010559, 0.3943309485912323]",-5.832489274514172
8.299999999999983,136.55331420898438,232.9295196533203,12.905400276184082,-0.21527099609375,1.0,"[0.5905898809432983, 0.0, 0.6909120678901672, 0.9315517544746399]","[0.0, 0.0, -3.1957933970261365e-06, 0.00011933333735214546, -0.04375659301877022, 1.0, 0.016333334147930145, -3.1957933970261365e-06, 0.0, 0.0, 1.0172526572205243e-06, -0.016214000061154366, 0.0, 0.0]","[1.0, 0.0, 1.0, 1.1780058145523071, 0.0, 0.322069376707077, 0.8960621953010559, 0.3943309485912323]",-5.4119924802754
8.349999999999984,136.8909149169922,233.4856719970703,13.133139610290527,-0.2181396484375,1.0,"[0.5756446123123169, 0.0, 0.7103191614151001, 0.9289205074310303]","[0.0, 0.0, -3.1957933970261365e-06, 0.00011933333735214546, -0.04375659301877022, 1.0, 0.016333334147930145, -3.1957933970261365e-06, 0.0, 0.0, 1.0172526572205243e-06, -0.016214000061154366, 0.0, 0.0]","[1.0, 0.0, 1.0, 1.1780058145523071, 0.0, 0.322069376707077, 0.8960621953010559, 0.3943309485912323]",-4.977816853400304
8.399999999999984,137.2579803466797,234.03631591796875,13.35824966430664,-0.22149658203125,1.0,"[0.5608718395233154, 0.0, 0.7159072160720825, 0.9276516437530518]","[0.0, 0.0, -3.1957933970261365e-06, 0.00011933333735214546, -0.04375659301877022, 1.0, 0.016333334147930145, -3.1957933970261365e-06, 0.0, 0.0, 1.0172526572205243e-06, -0.016214000061154366, 0.0, 0.0]","[1.0, 0.0, 1.0, 1.1780058145523071, 0.0, 0.322069376707077, 0.8960621953010559, 0.3943309485912323]",-4.534280084118696
8.449999999999985,137.65065002441406,234.57408142089844,13.340880393981934,-0.2244873046875,1.0,"[0.56201171875, 0.0, 0.4859498143196106, 0.6873501539230347]","[0.0, 0.0, -3.1957933970261365e-06, 0.00011933333735214546, -0.04375659301877022, 1.0, 0.016333334147930145, -3.1957933970261365e-06, 0.0, 0.0, 1.0172526572205243e-06, -0.016214000061154366, 0.0, 0.0]","[1.0, 0.0, 1.0, 1.1780058145523071, 0.0, 0.322069376707077, 0.8960621953010559, 0.3943309485912323]",-4.304715455865372
8.499999999999986,138.06419372558594,235.0906982421875,13.25436019897461,-0.2265625,1.0,"[0.5676895380020142, 0.0, 0.5871239900588989, 0.8797171115875244]","[0.0, 0.0, -3.1957933970261365e-06, 0.00011933333735214546, -0.04375659301877022, 1.0, 0.016333334147930145, -3.1957933970261365e-06, 0.0, 0.0, 1.0172526572205243e-06, -0.016214000061154366, 0.0, 0.0]","[1.0, 0.0, 1.0, 1.1780058145523071, 0.0, 0.322069376707077, 0.8960621953010559, 0.3943309485912323]",-3.8720626797542703
8.549999999999986,138.50184631347656,235.58897399902344,13.417149543762207,-0.227264404296875,1.0,"[0.5570065975189209, 0.0, 0.6224665641784668, 0.7039901614189148]","[0.0, 0.0, -3.1957933970261365e-06, 0.00011933333735214546, -0.04375659301877022, 1.0, 0.016333334147930145, -3.1957933970261365e-06, 0.0, 0.0, 1.0172526572205243e-06, -0.016214000061154366, 0.0, 0.0]","[1.0, 0.0, 1.0, 1.1780058145523071, 0.0, 0.322069376707077, 0.8960621953010559, 0.3943309485912323]",-3.443516809299669
8.599999999999987,138.97125244140625,236.0759735107422,13.66174030303955,-0.2255859375,1.0,"[0.5409554839134216, 0.0, 0.7403925061225891, 0.890503466129303]","[0.0, 0.0, -3.1957933970261365e-06, 0.00011933333735214546, -0.04375659301877022, 1.0, 0.016333334147930145, -3.1957933970261365e-06, 0.0, 0.0, 1.0172526572205243e-06, -0.016214000061154366, 0.0, 0.0]","[1.0, 0.0, 1.0, 1.1780058145523071, 0.0, 0.322069376707077, 0.8960621953010559, 0.3943309485912323]",-3.0057680297968226
8.649999999999988,139.4709930419922,236.54847717285156,13.875909805297852,-0.22271728515625,1.0,"[0.5269006490707397, 0.0, 0.7157525420188904, 0.905249297618866]","[0.0, 0.0, -3.1957933970261365e-06, 0.00011933333735214546, -0.04375659301877022, 1.0, 0.016333334147930145, -3.1957933970261365e-06, 0.0, 0.0, 1.0172526572205243e-06, -0.016214000061154366, 0.0, 0.0]","[1.0, 0.0, 1.0, 1.1780058145523071, 0.0, 0.322069376707077, 0.8960621953010559, 0.3943309485912323]",-2.7976788888691346
8.699999999999989,139.9996795654297,237.0037384033203,14.068140029907227,-0.219482421875,1.0,"[0.514285683631897, 0.0, 0.6986285448074341, 0.9180284142494202]","[0.0, 0.0, -3.1957933970261365e-06, 0.00011933333735214546, -0.04375659301877022, 1.0, 0.016333334147930145, -3.1957933970261365e-06, 0.0, 0.0, 1.0172526572205243e-06, -0.016214000061154366, 0.0, 0.0]","[1.0, 0.0, 1.0, 1.1780058145523071, 0.0, 0.322069376707077, 0.8960621953010559, 0.3943309485912323]",-2.360617137034134
8.74999999999999,140.55604553222656,237.43960571289062,14.24530029296875,-0.215484619140625,1.0,"[0.5026596188545227, 0.0, 0.6874786615371704, 0.9280428290367126]","[0.0, 0.0, -3.1957933970261365e-06, 0.00011933333735214546, -0.04375659301877022, 1.0, 0.016333334147930145, -3.1957933970261365e-06, 0.0, 0.0, 1.0172526572205243e-06, -0.016214000061154366, 0.0, 0.0]","[1.0, 0.0, 1.0, 1.1780058145523071, 0.0, 0.322069376707077, 0.8960621953010559, 0.3943309485912323]",-1.9226587251754315
8.79999999999999,141.13890075683594,237.85418701171875,14.412610054016113,-0.210357666015625,1.0,"[0.4916800260543823, 0.0, 0.6808145046234131, 0.9356514811515808]","[0.0, 0.0, -3.1957933970261365e-06, 0.00011933333735214546, -0.04375659301877022, 1.0, 0.016333334147930145, -3.1957933970261365e-06, 0.0, 0.0, 1.0172526572205243e-06, -0.016214000061154366, 0.0, 0.0]","[1.0, 0.0, 1.0, 1.1780058145523071, 0.0, 0.322069376707077, 0.8960621953010559, 0.3943309485912323]",-1.484569734706441
8.84999999999999,141.7469940185547,238.24588012695312,14.572850227355957,-0.2056884765625,1.0,"[0.4811643362045288, 0.0, 0.6765305399894714, 0.9395563006401062]","[0.0, 0.0, -3.1957933970261365e-06, 0.00011933333735214546, -0.04375659301877022, 1.0, 0.016333334147930145, -3.1957933970261365e-06, 0.0, 0.0, 1.0172526572205243e-06, -0.016214000061154366, 0.0, 0.0]","[1.0, 0.0, 1.0, 1.1780058145523071, 0.0, 0.322069376707077, 0.8960621953010559, 0.3943309485912323]",-1.3266531997208406
8.899999999999991,142.3791961669922,238.6132049560547,14.72815990447998,-0.201324462890625,1.0,"[0.47097229957580566, 0.0, 0.6739832758903503, 0.9426749348640442]","[0.0, 0.0, -3.1957933970261365e-06, 0.00011933333735214546, -0.04375659301877022, 1.0, 0.016333334147930145, -3.1957933970261365e-06, 0.0, 0.0, 1.0172526572205243e-06, -0.016214000061154366, 0.0, 0.0]","[1.0, 0.0, 1.0, 1.1780058145523071, 0.0, 0.322069376707077, 0.8960621953010559, 0.3943309485912323]",-0.9090099186673364
8.949999999999992,143.03428649902344,238.95477294921875,14.880120277404785,-0.1971435546875,1.0,"[0.4609999656677246, 0.0, 0.672675609588623, 0.9450708627700806]","[0.0, 0.0, -3.1957933970261365e-06, 0.00011933333735214546, -0.04375659301877022, 1.0, 0.016333334147930145, -3.1957933970261365e-06, 0.0, 0.0, 1.0172526572205243e-06, -0.016214000061154366, 0.0, 0.0]","[1.0, 0.0, 1.0, 1.1780058145523071, 0.0, 0.322069376707077, 0.8960621953010559, 0.3943309485912323]",-0.4934237352916455
8.999999999999993,143.71104431152344,239.26947021484375,15.030420303344727,-0.192291259765625,1.0,"[0.4511365294456482, 0.0, 0.6726457476615906, 0.9476069808006287]","[0.0, 0.0, -3.1957933970261365e-06, 0.00011933333735214546, -0.04375659301877022, 1.0, 0.016333334147930145, -3.1957933970261365e-06, 0.0, 0.0, 1.0172526572205243e-06, -0.016214000061154366, 0.0, 0.0]","[1.0, 0.0, 1.0, 1.1780058145523071, 0.0, 0.322069376707077, 0.8960621953010559, 0.3943309485912323]",-0.08227814429423552
9.049999999999994,144.40823364257812,239.5563201904297,15.180459976196289,-0.186492919921875,1.0,"[0.4412902593612671, 0.0, 0.6736651062965393, 0.9489713311195374]","[0.0, 0.0, -3.1957933970261365e-06, 0.00011933333735214546, -0.04375659301877022, 1.0, 0.016333334147930145, -3.1957933970261365e-06, 0.0, 0.0, 1.0172526572205243e-06, -0.016214000061154366, 0.0, 0.0]","[1.0, 0.0, 1.0, 1.1780058145523071, 0.0, 0.322069376707077, 0.8960621953010559, 0.3943309485912323]",0.004445921075950987
9.099999999999994,145.12454223632812,239.81463623046875,15.331979751586914,-0.17877197265625,1.0,"[0.4313468337059021, 0.0, 0.6759366989135742, 0.9502057433128357]","[0.0, 0.0, -3.1957933970261365e-06, 0.00011933333735214546, -0.04375659301877022, 1.0, 0.016333334147930145, -3.1957933970261365e-06, 0.0, 0.0, 1.0172526572205243e-06, -0.016214000061154366, 0.0, 0.0]","[1.0, 0.0, 1.0, 1.1780058145523071, 0.0, 0.322069376707077, 0.8960621953010559, 0.3943309485912323]",0.40909368868991347
9.149999999999995,145.85877990722656,240.04412841796875,15.487739562988281,-0.166961669921875,1.0,"[0.4211251735687256, 0.0, 0.6801925897598267, 0.9501962065696716]","[0.0, 0.0, -3.1957933970261365e-06, 0.00011933333735214546, -0.04375659301877022, 1.0, 0.016333334147930145, -3.1957933970261365e-06, 0.0, 0.0, 1.0172526572205243e-06, -0.016214000061154366, 0.0, 0.0]","[1.0, 0.0, 1.0, 1.1780058145523071, 0.0, 0.322069376707077, 0.8960621953010559, 0.3943309485912323]",0.7943178936277933
9.199999999999996,146.60972595214844,240.2452850341797,15.651300430297852,-0.147979736328125,0.9921875,"[0.41039156913757324, 0.03799999877810478, 0.6867960691452026, 0.942293107509613]","[0.0, 0.0, -3.1957933970261365e-06, 0.00011933333735214546, -0.04375659301877022, 1.0, 0.016333334147930145, -3.1957933970261365e-06, 0.0, 0.0, 1.0172526572205243e-06, -0.016214000061154366, 0.0, 0.0]","[1.0, 0.0, 1.0, 1.1780058145523071, 0.0, 0.322069376707077, 0.8960621953010559, 0.3943309485912323]",0.7134985056342895
9.249999999999996,147.37632751464844,240.4193115234375,15.82406997680664,-0.121551513671875,0.97265625,"[0.3990536332130432, 0.13510000705718994, 0.6936377882957458, 0.9250454306602478]","[0.0, 0.0, -3.1957933970261365e-06, 0.00011933333735214546, -0.04375659301877022, 1.0, 0.016333334147930145, -3.1957933970261365e-06, 0.0, 0.0, 1.0172526572205243e-06, -0.016214000061154366, 0.0, 0.0]","[1.0, 0.0, 1.0, 1.1780058145523071, 0.0, 0.322069376707077, 0.8960621953010559, 0.3943309485912323]",0.6869270239191461
9.299999999999997,148.15748596191406,240.5679473876953,16.000959396362305,-0.094757080078125,0.9296875,"[0.3874453902244568, 0.3529999852180481, 0.6657959818840027, 0.9183871746063232]","[0.0, 0.0, -3.1957933970261365e-06, 0.00011933333735214546, -0.04375659301877022, 1.0, 0.016333334147930145, -3.1957933970261365e-06, 0.0, 0.0, 1.0172526572205243e-06, -0.016214000061154366, 0.0, 0.0]","[1.0, 0.0, 1.0, 1.1780058145523071, 0.0, 0.322069376707077, 0.8960621953010559, 0.3943309485912323]",0.2676034842748741
9.349999999999998,148.951904296875,240.69288635253906,16.174259185791016,-0.072296142578125,0.875,"[0.3760727047920227, 0.6376000046730042, 0.6182641983032227, 0.916900634765625]","[0.0, 0.0, -3.1957933970261365e-06, 0.00011933333735214546, -0.04375659301877022, 1.0, 0.016333334147930145, -3.1957933970261365e-06, 0.0, 0.0, 1.0172526572205243e-06, -0.016214000061154366, 0.0, 0.0]","[1.0, 0.0, 1.0, 1.1780058145523071, 0.0, 0.322069376707077, 0.8960621953010559, 0.3943309485912323]",-0.15565237634841722
9.399999999999999,149.75814819335938,240.7952880859375,16.337499618530273,-0.061553955078125,0.8515625,"[0.3653601408004761, 0.7671999931335449, 0.582908570766449, 0.9314358234405518]","[0.0, 0.0, -3.1957933970261365e-06, 0.00011933333735214546, -0.04375659301877022, 1.0, 0.016333334147930145, -3.1957933970261365e-06, 0.0, 0.0, 1.0172526572205243e-06, -0.016214000061154366, 0.0, 0.0]","[1.0, 0.0, 1.0, 1.1780058145523071, 0.0, 0.322069376707077, 0.8960621953010559, 0.3943309485912323]",-0.5825951746329254
9.45,150.5748748779297,240.8760223388672,16.491409301757812,-0.05853271484375,0.84375,"[0.35525989532470703, 0.8172000050544739, 0.5543098449707031, 0.9420820474624634]","[0.0, 0.0, -3.1957933970261365e-06, 0.00011933333735214546, -0.04375659301877022, 1.0, 0.016333334147930145, -3.1957933970261365e-06, 0.0, 0.0, 1.0172526572205243e-06, -0.016214000061154366, 0.0, 0.0]","[1.0, 0.0, 1.0, 1.1780058145523071, 0.0, 0.322069376707077, 0.8960621953010559, 0.3943309485912323]",-0.623875391380398
9.5,151.40098571777344,240.93634033203125,16.639699935913086,-0.05633544921875,0.83984375,"[0.34552842378616333, 0.8478000164031982, 0.5225697159767151, 0.944431483745575]","[0.0, 0.0, -3.1957933970261365e-06, 0.00011933333735214546, -0.04375659301877022, 1.0, 0.016333334147930145, -3.1957933970261365e-06, 0.0, 0.0, 1.0172526572205243e-06, -0.016214000061154366, 0.0, 0.0]","[1.0, 0.0, 1.0, 1.1780058145523071, 0.0, 0.322069376707077, 0.8960621953010559, 0.3943309485912323]",-1.0533515818257904
9.55,152.235595703125,240.9774932861328,16.783950805664062,-0.056121826171875,0.8359375,"[0.336061954498291, 0.8781999945640564, 0.4954492449760437, 0.9515734314918518]","[0.0, 0.0, -3.1957933970261365e-06, 0.00011933333735214546, -0.04375659301877022, 1.0, 0.016333334147930145, -3.1957933970261365e-06, 0.0, 0.0, 1.0172526572205243e-06, -0.016214000061154366, 0.0, 0.0]","[1.0, 0.0, 1.0, 1.1780058145523071, 0.0, 0.322069376707077, 0.8960621953010559, 0.3943309485912323]",-1.4773160977810513
9.600000000000001,153.078125,241.0008087158203,16.926170349121094,-0.053924560546875,0.83203125,"[0.326728880405426, 0.9093999862670898, 0.4662351608276367, 0.9506382346153259]","[0.0, 0.0, -3.1957933970261365e-06, 0.00011933333735214546, -0.04375659301877022, 1.0, 0.016333334147930145, -3.1957933970261365e-06, 0.0, 0.0, 1.0172526572205243e-06, -0.016214000061154366, 0.0, 0.0]","[1.0, 0.0, 1.0, 1.1780058145523071, 0.0, 0.322069376707077, 0.8960621953010559, 0.3943309485912323]",-1.8955860617873288
9.650000000000002,153.92803955078125,241.0073699951172,17.06631088256836,-0.048126220703125,0.81640625,"[0.3175322413444519, 0.9187999963760376, 0.4463639557361603, 0.9609668850898743]","[0.0, 0.0, -3.1957933970261365e-06, 0.00011933333735214546, -0.04375659301877022, 1.0, 0.016333334147930145, -3.1957933970261365e-06, 0.0, 0.0, 1.0172526572205243e-06, -0.016214000061154366, 0.0, 0.0]","[1.0, 0.0, 1.0, 1.1780058145523071, 0.0, 0.322069376707077, 0.8960621953010559, 0.3943309485912323]",-1.9030605146434825
9.700000000000003,154.78504943847656,240.99929809570312,17.206340789794922,-0.03936767578125,0.78515625,"[0.3083428740501404, 1.0, 0.3937546908855438, 0.9237170815467834]","[0.0, 0.0, -3.1957933970261365e-06, 0.00011933333735214546, -0.04375659301877022, 1.0, 0.016333334147930145, -3.1957933970261365e-06, 0.0, 0.0, 1.0172526572205243e-06, -0.016214000061154366, 0.0, 0.0]","[1.0, 0.0, 1.0, 1.1780058145523071, 0.0, 0.322069376707077, 0.8960621953010559, 0.3943309485912323]",-2.3310242272728674
9.750000000000004,155.64878845214844,240.97903442382812,17.34048080444336,-0.024139404296875,0.75390625,"[0.2995399832725525, 1.0, 0.33892789483070374, 0.9247002601623535]","[0.0, 0.0, -3.1957933970261365e-06, 0.00011933333735214546, -0.04375659301877022, 1.0, 0.016333334147930145, -3.1957933970261365e-06, 0.0, 0.0, 1.0172526572205243e-06, -0.016214000061154366, 0.0, 0.0]","[1.0, 0.0, 1.0, 1.1780058145523071, 0.0, 0.322069376707077, 0.8960621953010559, 0.3943309485912323]",-2.7655818660850677
9.800000000000004,156.51885986328125,240.94886779785156,17.467689514160156,-0.009185791015625,0.74609375,"[0.2911919951438904, 1.0, 0.277709424495697, 0.9240610599517822]","[0.0, 0.0, -3.1957933970261365e-06, 0.00011933333735214546, -0.04375659301877022, 1.0, 0.016333334147930145, -3.1957933970261365e-06, 0.0, 0.0, 1.0172526572205243e-06, -0.016214000061154366, 0.0, 0.0]","[1.0, 0.0, 1.0, 1.1780058145523071, 0.0, 0.322069376707077, 0.8960621953010559, 0.3943309485912323]",-3.207510286923971
9.850000000000005,157.39491271972656,240.910888671875,17.58902931213379,0.001678466796875,0.7421875,"[0.28322911262512207, 1.0, 0.22614769637584686, 0.9340158104896545]","[0.0, 0.0, -3.1957933970261365e-06, 0.00011933333735214546, -0.04375659301877022, 1.0, 0.016333334147930145, -3.1957933970261365e-06, 0.0, 0.0, 1.0172526572205243e-06, -0.016214000061154366, 0.0, 0.0]","[1.0, 0.0, 1.0, 1.1780058145523071, 0.0, 0.322069376707077, 0.8960621953010559, 0.3943309485912323]",-3.22558124455799
9.900000000000006,158.27658081054688,240.86595153808594,17.705049514770508,-0.0006103515625,0.734375,"[0.2756153345108032, 1.0, 0.2118883579969406, 0.9705386757850647]","[0.0, 0.0, -3.1957933970261365e-06, 0.00011933333735214546, -0.04375659301877022, 1.0, 0.016333334147930145, -3.1957933970261365e-06, 0.0, 0.0, 1.0172526572205243e-06, -0.016214000061154366, 0.0, 0.0]","[1.0, 0.0, 1.0, 1.1780058145523071, 0.0, 0.322069376707077, 0.8960621953010559, 0.3943309485912323]",-3.6711169016955862
9.950000000000006,159.16355895996094,240.8144989013672,17.816190719604492,-0.00592041015625,0.72265625,"[0.2683217525482178, 1.0, 0.20128437876701355, 0.9749466776847839]","[0.0, 0.0, -3.1957933970261365e-06, 0.00011933333735214546, -0.04375659301877022, 1.0, 0.016333334147930145, -3.1957933970261365e-06, 0.0, 0.0, 1.0172526572205243e-06, -0.016214000061154366, 0.0, 0.0]","[1.0, 0.0, 1.0, 1.1780058145523071, 0.0, 0.322069376707077, 0.8960621953010559, 0.3943309485912323]",-4.115600505833135
10.000000000000007,160.05567932128906,240.75767517089844,17.923709869384766,-0.009521484375,0.70703125,"[0.2612658739089966, 1.0, 0.17629274725914001, 0.9619699716567993]","[0.0, 0.0, -3.1957933970261365e-06, 0.00011933333735214546, -0.04375659301877022, 1.0, 0.016333334147930145, -3.1957933970261365e-06, 0.0, 0.0, 1.0172526572205243e-06, -0.016214000061154366, 0.0, 0.0]","[1.0, 0.0, 1.0, 1.1780058145523071, 0.0, 0.322069376707077, 0.8960621953010559, 0.3943309485912323]",-4.561201895129911
10.050000000000008,160.9526824951172,240.69598388671875,18.024999618530273,-0.01092529296875,0.671875,"[0.2546188235282898, 1.0, 0.17115603387355804, 0.9770615100860596]","[0.0, 0.0, -3.1957933970261365e-06, 0.00011933333735214546, -0.04375659301877022, 1.0, 0.016333334147930145, -3.1957933970261365e-06, 0.0, 0.0, 1.0172526572205243e-06, -0.016214000061154366, 0.0, 0.0]","[1.0, 0.0, 1.0, 1.1780058145523071, 0.0, 0.322069376707077, 0.8960621953010559, 0.3943309485912323]",-4.536386379697865
10.100000000000009,161.85414123535156,240.6299591064453,18.115259170532227,-0.011505126953125,0.6171875,"[0.24869555234909058, 1.0, 0.1511876881122589, 0.9684908986091614]","[0.0, 0.0, -3.1957933970261365e-06, 0.00011933333735214546, -0.04375659301877022, 1.0, 0.016333334147930145, -3.1957933970261365e-06, 0.0, 0.0, 1.0172526572205243e-06, -0.016214000061154366, 0.0, 0.0]","[1.0, 0.0, 1.0, 1.1780058145523071, 0.0, 0.322069376707077, 0.8960621953010559, 0.3943309485912323]",-4.958033364226631
10.15000000000001,162.75938415527344,240.5601348876953,18.190780639648438,-0.011505126953125,0.5625,"[0.2437395453453064, 1.0, 0.13179999589920044, 0.969754695892334]","[0.0, 0.0, -3.1957933970261365e-06, 0.00011933333735214546, -0.04375659301877022, 1.0, 0.016333334147930145, -3.1957933970261365e-06, 0.0, 0.0, 1.0172526572205243e-06, -0.016214000061154366, 0.0, 0.0]","[1.0, 0.0, 1.0, 1.1780058145523071, 0.0, 0.322069376707077, 0.8960621953010559, 0.3943309485912323]",-5.368511135449638
10.20000000000001,163.66763305664062,240.4867706298828,18.25054931640625,-0.011505126953125,0.52734375,"[0.23981720209121704, 1.0, 0.11483427882194519, 0.9722381830215454]","[0.0, 0.0, -3.1957933970261365e-06, 0.00011933333735214546, -0.04375659301877022, 1.0, 0.016333334147930145, -3.1957933970261365e-06, 0.0, 0.0, 1.0172526572205243e-06, -0.016214000061154366, 0.0, 0.0]","[1.0, 0.0, 1.0, 1.1780058145523071, 0.0, 0.322069376707077, 0.8960621953010559, 0.3943309485912323]",-5.764227671345835
10.25000000000001,164.57809448242188,240.41009521484375,18.29591941833496,-0.011322021484375,0.5,"[0.23683983087539673, 1.0, 0.10029846429824829, 0.9762548804283142]","[0.0, 0.0, -3.1957933970261365e-06, 0.00011933333735214546, -0.04375659301877022, 1.0, 0.016333334147930145, -3.1957933970261365e-06, 0.0, 0.0, 1.0172526572205243e-06, -0.016214000061154366, 0.0, 0.0]","[1.0, 0.0, 1.0, 1.1780058145523071, 0.0, 0.322069376707077, 0.8960621953010559, 0.3943309485912323]",-5.667049489083073
10.300000000000011,165.4901885986328,240.33029174804688,18.32939910888672,-0.010345458984375,0.4880828857421875,"[0.23464274406433105, 1.0, 0.08649581670761108, 0.9805505871772766]","[0.0, 0.0, -3.1957933970261365e-06, 0.00011933333735214546, -0.04375659301877022, 1.0, 0.016333334147930145, -3.1957933970261365e-06, 0.0, 0.0, 1.0172526572205243e-06, -0.016214000061154366, 0.0, 0.0]","[1.0, 0.0, 1.0, 1.1780058145523071, 0.0, 0.322069376707077, 0.8960621953010559, 0.3943309485912323]",-6.069023665730739
10.350000000000012,166.40342712402344,240.2476043701172,18.352720260620117,-0.008544921875,0.4603118896484375,"[0.23311227560043335, 1.0, 0.07221098244190216, 0.9827576875686646]","[0.0, 0.0, -3.1957933970261365e-06, 0.00011933333735214546, -0.04375659301877022, 1.0, 0.016333334147930145, -3.1957933970261365e-06, 0.0, 0.0, 1.0172526572205243e-06, -0.016214000061154366, 0.0, 0.0]","[1.0, 0.0, 1.0, 1.1780058145523071, 0.0, 0.322069376707077, 0.8960621953010559, 0.3943309485912323]",-6.422710792042044
10.400000000000013,167.31732177734375,240.1625213623047,18.366199493408203,-0.0057373046875,0.436492919921875,"[0.23222774267196655, 1.0, 0.05505714192986488, 0.9823174476623535]","[0.0, 0.0, -3.1957933970261365e-06, 0.00011933333735214546, -0.04375659301877022, 1.0, 0.016333334147930145, -3.1957933970261365e-06, 0.0, 0.0, 1.0172526572205243e-06, -0.016214000061154366, 0.0, 0.0]","[1.0, 0.0, 1.0, 1.1780058145523071, 0.0, 0.322069376707077, 0.8960621953010559, 0.3943309485912323]",-6.738507124597674
10.450000000000014,168.23138427734375,240.0755615234375,18.368139266967773,-0.0013427734375,0.376983642578125,"[0.2321004867553711, 1.0, 0.030820660293102264, 0.9779279828071594]","[0.0, 0.0, -3.1957933970261365e-06, 0.00011933333735214546, -0.04375659301877022, 1.0, 0.016333334147930145, -3.1957933970261365e-06, 0.0, 0.0, 1.0172526572205243e-06, -0.016214000061154366, 0.0, 0.0]","[1.0, 0.0, 1.0, 1.1780058145523071, 0.0, 0.322069376707077, 0.8960621953010559, 0.3943309485912323]",-6.382793902633596
10.500000000000014,169.14498901367188,239.98765563964844,18.354219436645508,0.004241943359375,0.3015899658203125,"[0.23301392793655396, 1.0, 0.01968536339700222, 0.968566358089447]","[0.0, 0.0, -3.1957933970261365e-06, 0.00011933333735214546, -0.04375659301877022, 1.0, 0.016333334147930145, -3.1957933970261365e-06, 0.0, 0.0, 1.0172526572205243e-06, -0.016214000061154366, 0.0, 0.0]","[1.0, 0.0, 1.0, 1.1780058145523071, 0.0, 0.322069376707077, 0.8960621953010559, 0.3943309485912323]",-6.675517280300863
10.550000000000015,170.0573272705078,239.90005493164062,18.319320678710938,0.012908935546875,0.20000000298023224,"[0.23530417680740356, 1.0, 0.05030636861920357, 0.9519878625869751]","[0.0, 0.0, -3.1957933970261365e-06, 0.00011933333735214546, -0.04375659301877022, 1.0, 0.016333334147930145, -3.1957933970261365e-06, 0.0, 0.0, 1.0172526572205243e-06, -0.016214000061154366, 0.0, 0.0]","[1.0, 0.0, 1.0, 1.1780058145523071, 0.0, 0.322069376707077, 0.8960621953010559, 0.3943309485912323]",-6.973982198089629
10.600000000000016,170.96743774414062,239.8148956298828,18.264259338378906,0.0277099609375,0.20000000298023224,"[0.2389175295829773, 1.0, 0.11789802461862564, 0.9311820864677429]","[0.0, 0.0, -3.1957933970261365e-06, 0.00011933333735214546, -0.04375659301877022, 1.0, 0.016333334147930145, -3.1957933970261365e-06, 0.0, 0.0, 1.0172526572205243e-06, -0.016214000061154366, 0.0, 0.0]","[1.0, 0.0, 1.0, 1.1780058145523071, 0.0, 0.322069376707077, 0.8960621953010559, 0.3943309485912323]",-7.27726613122436
10.650000000000016,171.8748016357422,239.73455810546875,18.195579528808594,0.043914794921875,0.20000000298023224,"[0.24342459440231323, 1.0, 0.18417802453041077, 0.9286109209060669]","[0.0, 0.0, -3.1957933970261365e-06, 0.00011933333735214546, -0.04375659301877022, 1.0, 0.016333334147930145, -3.1957933970261365e-06, 0.0, 0.0, 1.0172526572205243e-06, -0.016214000061154366, 0.0, 0.0]","[1.0, 0.0, 1.0, 1.1780058145523071, 0.0, 0.322069376707077, 0.8960621953010559, 0.3943309485912323]",-6.85501338116024
10.700000000000017,172.77902221679688,239.66172790527344,18.11659049987793,0.061676025390625,0.20000000298023224,"[0.24860823154449463, 1.0, 0.25458067655563354, 0.9216430187225342]","[0.0, 0.0, -3.1957933970261365e-06, 0.00011933333735214546, -0.04375659301877022, 1.0, 0.016333334147930145, -3.1957933970261365e-06, 0.0, 0.0, 1.0172526572205243e-06, -0.016214000061154366, 0.0, 0.0]","[1.0, 0.0, 1.0, 1.1780058145523071, 0.0, 0.322069376707077, 0.8960621953010559, 0.3943309485912323]",-7.151942140547465
10.750000000000018,173.67974853515625,239.59913635253906,18.029390335083008,0.0782470703125,0.20000000298023224,"[0.2543306350708008, 1.0, 0.3141709864139557, 0.9221944808959961]","[0.0, 0.0, -3.1957933970261365e-06, 0.00011933333735214546, -0.04375659301877022, 1.0, 0.016333334147930145, -3.1957933970261365e-06, 0.0, 0.0, 1.0172526572205243e-06, -0.016214000061154366, 0.0, 0.0]","[1.0, 0.0, 1.0, 1.1780058145523071, 0.0, 0.322069376707077, 0.8960621953010559, 0.3943309485912323]",-7.582417667056999
10.800000000000018,174.5767364501953,239.54933166503906,17.935739517211914,0.091461181640625,0.20000000298023224,"[0.2604764699935913, 1.0, 0.36395910382270813, 0.9282552003860474]","[0.0, 0.0, -3.1957933970261365e-06, 0.00011933333735214546, -0.04375659301877022, 1.0, 0.016333334147930145, -3.1957933970261365e-06, 0.0, 0.0, 1.0172526572205243e-06, -0.016214000061154366, 0.0, 0.0]","[1.0, 0.0, 1.0, 1.1780058145523071, 0.0, 0.322069376707077, 0.8960621953010559, 0.3943309485912323]",-7.967491230374067
10.85000000000002,175.46951293945312,239.51480102539062,17.836360931396484,0.102691650390625,0.20000000298023224,"[0.26699817180633545, 1.0, 0.4112760126590729, 0.9304982423782349]","[0.0, 0.0, -3.1957933970261365e-06, 0.00011933333735214546, -0.04375659301877022, 1.0, 0.016333334147930145, -3.1957933970261365e-06, 0.0, 0.0, 1.0172526572205243e-06, -0.016214000061154366, 0.0, 0.0]","[1.0, 0.0, 1.0, 1.1780058145523071, 0.0, 0.322069376707077, 0.8960621953010559, 0.3943309485912323]",-7.847562234607453
10.90000000000002,176.3575897216797,239.49807739257812,17.730539321899414,0.114654541015625,0.20000000298023224,"[0.27394258975982666, 1.0, 0.46168971061706543, 0.9269040822982788]","[0.0, 0.0, -3.1957933970261365e-06, 0.00011933333735214546, -0.04375659301877022, 1.0, 0.016333334147930145, -3.1957933970261365e-06, 0.0, 0.0, 1.0172526572205243e-06, -0.016214000061154366, 0.0, 0.0]","[1.0, 0.0, 1.0, 1.1780058145523071, 0.0, 0.322069376707077, 0.8960621953010559, 0.3943309485912323]",-8.19339447420506
10.95000000000002,177.2401885986328,239.5019073486328,17.616609573364258,0.1290283203125,0.20000000298023224,"[0.28141921758651733, 1.0, 0.5169489979743958, 0.9207959175109863]","[0.0, 0.0, -3.1957933970261365e-06, 0.00011933333735214546, -0.04375659301877022, 1.0, 0.016333334147930145, -3.1957933970261365e-06, 0.0, 0.0, 1.0172526572205243e-06, -0.016214000061154366, 0.0, 0.0]","[1.0, 0.0, 1.0, 1.1780058145523071, 0.0, 0.322069376707077, 0.8960621953010559, 0.3943309485912323]",-8.54184351291037
11.000000000000021,178.1162872314453,239.52903747558594,17.492809295654297,0.14569091796875,0.20000000298023224,"[0.2895435094833374, 1.0, 0.5748746991157532, 0.9160712957382202]","[0.0, 0.0, -3.1957933970261365e-06, 0.00011933333735214546, -0.04375659301877022, 1.0, 0.016333334147930145, -3.1957933970261365e-06, 0.0, 0.0, 1.0172526572205243e-06, -0.016214000061154366, 0.0, 0.0]","[1.0, 0.0, 1.0, 1.1780058145523071, 0.0, 0.322069376707077, 0.8960621953010559, 0.3943309485912323]",-8.886923779421249
11.050000000000022,178.98439025878906,239.5823516845703,17.355329513549805,0.167877197265625,0.20000000298023224,"[0.2985655665397644, 1.0, 0.6209604144096375, 0.9037765264511108]","[0.0, 0.0, -3.1957933970261365e-06, 0.00011933333735214546, -0.04375659301877022, 1.0, 0.016333334147930145, -3.1957933970261365e-06, 0.0, 0.0, 1.0172526572205243e-06, -0.016214000061154366, 0.0, 0.0]","[1.0, 0.0, 1.0, 1.1780058145523071, 0.0, 0.322069376707077, 0.8960621953010559, 0.3943309485912323]",-8.693037316782826
11.100000000000023,179.84266662597656,239.6645965576172,17.203290939331055,0.190277099609375,0.20000000298023224,"[0.30854302644729614, 1.0, 0.6289406418800354, 0.9038740992546082]","[0.0, 0.0, -3.1957933970261365e-06, 0.00011933333735214546, -0.04375659301877022, 1.0, 0.016333334147930145, -3.1957933970261365e-06, 0.0, 0.0, 1.0172526572205243e-06, -0.016214000061154366, 0.0, 0.0]","[1.0, 0.0, 1.0, 1.1780058145523071, 0.0, 0.322069376707077, 0.8960621953010559, 0.3943309485912323]",-8.992448932070545
11.150000000000023,180.68898010253906,239.7781524658203,17.03512954711914,0.2135009765625,0.20000000298023224,"[0.31957852840423584, 1.0, 0.6374848484992981, 0.9005913734436035]","[0.0, 0.0, -3.1957933970261365e-06, 0.00011933333735214546, -0.04375659301877022, 1.0, 0.016333334147930145, -3.1957933970261365e-06, 0.0, 0.0, 1.0172526572205243e-06, -0.016214000061154366, 0.0, 0.0]","[1.0, 0.0, 1.0, 1.1780058145523071, 0.0, 0.322069376707077, 0.8960621953010559, 0.3943309485912323]",-9.218855699507365
11.200000000000024,181.5209197998047,239.92494201660156,16.852609634399414,0.232452392578125,0.20000000298023224,"[0.3315562605857849, 1.0, 0.6439274549484253, 0.905950129032135]","[0.0, 0.0, -3.1957933970261365e-06, 0.00011933333735214546, -0.04375659301877022, 1.0, 0.016333334147930145, -3.1957933970261365e-06, 0.0, 0.0, 1.0172526572205243e-06, -0.016214000061154366, 0.0, 0.0]","[1.0, 0.0, 1.0, 1.1780058145523071, 0.0, 0.322069376707077, 0.8960621953010559, 0.3943309485912323]",-9.392849215184217
11.250000000000025,182.3359375,240.10638427734375,16.656579971313477,0.248321533203125,0.20000000298023224,"[0.3444206714630127, 1.0, 0.6489301323890686, 0.9074913859367371]","[0.0, 0.0, -3.1957933970261365e-06, 0.00011933333735214546, -0.04375659301877022, 1.0, 0.016333334147930145, -3.1957933970261365e-06, 0.0, 0.0, 1.0172526572205243e-06, -0.016214000061154366, 0.0, 0.0]","[1.0, 0.0, 1.0, 1.1780058145523071, 0.0, 0.322069376707077, 0.8960621953010559, 0.3943309485912323]",-8.87821007755843
11.300000000000026,183.13128662109375,240.32351684570312,16.44615936279297,0.263824462890625,0.20000000298023224,"[0.358229398727417, 1.0, 0.6540448665618896, 0.9043064117431641]","[0.0, 0.0, -3.1957933970261365e-06, 0.00011933333735214546, -0.04375659301877022, 1.0, 0.016333334147930145, -3.1957933970261365e-06, 0.0, 0.0, 1.0172526572205243e-06, -0.016214000061154366, 0.0, 0.0]","[1.0, 0.0, 1.0, 1.1780058145523071, 0.0, 0.322069376707077, 0.8960621953010559, 0.3943309485912323]",-9.00828599333165
11.350000000000026,183.9040069580078,240.5769805908203,16.221750259399414,0.277679443359375,0.20000000298023224,"[0.3729560971260071, 1.0, 0.6585296988487244, 0.903110146522522]","[0.0, 0.0, -3.1957933970261365e-06, 0.00011933333735214546, -0.04375659301877022, 1.0, 0.016333334147930145, -3.1957933970261365e-06, 0.0, 0.0, 1.0172526572205243e-06, -0.016214000061154366, 0.0, 0.0]","[1.0, 0.0, 1.0, 1.1780058145523071, 0.0, 0.322069376707077, 0.8960621953010559, 0.3943309485912323]",-9.120662004979431
11.400000000000027,184.6510467529297,240.8668670654297,15.98373031616211,0.29046630859375,0.20000000298023224,"[0.38857603073120117, 1.0, 0.6626030802726746, 0.900992214679718]","[0.0, 0.0, -3.1957933970261365e-06, 0.00011933333735214546, -0.04375659301877022, 1.0, 0.016333334147930145, -3.1957933970261365e-06, 0.0, 0.0, 1.0172526572205243e-06, -0.016214000061154366, 0.0, 0.0]","[1.0, 0.0, 1.0, 1.1780058145523071, 0.0, 0.322069376707077, 0.8960621953010559, 0.3943309485912323]",-9.21907653569636
11.450000000000028,185.36972045898438,241.19259643554688,15.740960121154785,0.3026123046875,0.20000000298023224,"[0.40450775623321533, 1.0, 0.659864604473114, 0.9110165238380432]","[0.0, 0.0, -3.1957933970261365e-06, 0.00011933333735214546, -0.04375659301877022, 1.0, 0.016333334147930145, -3.1957933970261365e-06, 0.0, 0.0, 1.0172526572205243e-06, -0.016214000061154366, 0.0, 0.0]","[1.0, 0.0, 1.0, 1.1780058145523071, 0.0, 0.322069376707077, 0.8960621953010559, 0.3943309485912323]",-8.633851104892788
11.500000000000028,186.056640625,241.55352783203125,15.476980209350586,0.313720703125,0.20000000298023224,"[0.42183125019073486, 1.0, 0.6701754331588745, 0.8849560618400574]","[0.0, 0.0, -3.1957933970261365e-06, 0.00011933333735214546, -0.04375659301877022, 1.0, 0.016333334147930145, -3.1957933970261365e-06, 0.0, 0.0, 1.0172526572205243e-06, -0.016214000061154366, 0.0, 0.0]","[1.0, 0.0, 1.0, 1.1780058145523071, 0.0, 0.322069376707077, 0.8960621953010559, 0.3943309485912323]",-8.706475373999012
11.55000000000003,186.70849609375,241.9484100341797,15.200690269470215,0.32623291015625,0.20000000298023224,"[0.4399627447128296, 1.0, 0.6746079325675964, 0.8947703242301941]","[0.0, 0.0, -3.1957933970261365e-06, 0.00011933333735214546, -0.04375659301877022, 1.0, 0.016333334147930145, -3.1957933970261365e-06, 0.0, 0.0, 1.0172526572205243e-06, -0.016214000061154366, 0.0, 0.0]","[1.0, 0.0, 1.0, 1.1780058145523071, 0.0, 0.322069376707077, 0.8960621953010559, 0.3943309485912323]",-8.765531956527449
11.60000000000003,187.3226318359375,242.3750457763672,14.917019844055176,0.338043212890625,0.20000000298023224,"[0.4585784673690796, 1.0, 0.6768026351928711, 0.8910452127456665]","[0.0, 0.0, -3.1957933970261365e-06, 0.00011933333735214546, -0.04375659301877022, 1.0, 0.016333334147930145, -3.1957933970261365e-06, 0.0, 0.0, 1.0172526572205243e-06, -0.016214000061154366, 0.0, 0.0]","[1.0, 0.0, 1.0, 1.1780058145523071, 0.0, 0.322069376707077, 0.8960621953010559, 0.3943309485912323]",-8.812606497072016
11.65000000000003,187.90191650390625,242.82662963867188,14.619489669799805,0.348846435546875,0.20000000298023224,"[0.4781036376953125, 1.0, 0.682748556137085, 0.8660940527915955]","[0.0, 0.0, -3.1957933970261365e-06, 0.00011933333735214546, -0.04375659301877022, 1.0, 0.016333334147930145, -3.1957933970261365e-06, 0.0, 0.0, 1.0172526572205243e-06, -0.016214000061154366, 0.0, 0.0]","[1.0, 0.0, 1.0, 1.1780058145523071, 0.0, 0.322069376707077, 0.8960621953010559, 0.3943309485912323]",-8.203587826334847
11.700000000000031,188.43600463867188,243.30722045898438,14.303380012512207,0.35626220703125,0.20000000298023224,"[0.49884819984436035, 1.0, 0.678272545337677, 0.820799708366394]","[0.0, 0.0, -3.1957933970261365e-06, 0.00011933333735214546, -0.04375659301877022, 1.0, 0.016333334147930145, -3.1957933970261365e-06, 0.0, 0.0, 1.0172526572205243e-06, -0.016214000061154366, 0.0, 0.0]","[1.0, 0.0, 1.0, 1.1780058145523071, 0.0, 0.322069376707077, 0.8960621953010559, 0.3943309485912323]",-8.229975571626293
11.750000000000032,188.9251708984375,243.81211853027344,13.992799758911133,0.359649658203125,0.20000000298023224,"[0.5192298889160156, 1.0, 0.6787758469581604, 0.8481113314628601]","[0.0, 0.0, -3.1957933970261365e-06, 0.00011933333735214546, -0.04375659301877022, 1.0, 0.016333334147930145, -3.1957933970261365e-06, 0.0, 0.0, 1.0172526572205243e-06, -0.016214000061154366, 0.0, 0.0]","[1.0, 0.0, 1.0, 1.1780058145523071, 0.0, 0.322069376707077, 0.8960621953010559, 0.3943309485912323]",-8.266432977108808
11.800000000000033,189.369140625,244.33677673339844,13.674969673156738,0.358001708984375,0.20000000298023224,"[0.5400872230529785, 1.0, 0.6798743009567261, 0.8851343393325806]","[0.0, 0.0, -3.1957933970261365e-06, 0.00011933333735214546, -0.04375659301877022, 1.0, 0.016333334147930145, -3.1957933970261365e-06, 0.0, 0.0, 1.0172526572205243e-06, -0.016214000061154366, 0.0, 0.0]","[1.0, 0.0, 1.0, 1.1780058145523071, 0.0, 0.322069376707077, 0.8960621953010559, 0.3943309485912323]",-8.312014042502623
11.850000000000033,189.76507568359375,244.8799591064453,13.399800300598145,0.351470947265625,0.20000000298023224,"[0.5581451654434204, 1.0, 0.6432580351829529, 0.8695074319839478]","[0.0, 0.0, -3.1957933970261365e-06, 0.00011933333735214546, -0.04375659301877022, 1.0, 0.016333334147930145, -3.1957933970261365e-06, 0.0, 0.0, 1.0172526572205243e-06, -0.016214000061154366, 0.0, 0.0]","[1.0, 0.0, 1.0, 1.1780058145523071, 0.0, 0.322069376707077, 0.8960621953010559, 0.3943309485912323]",-7.800192515787236
11.900000000000034,190.11257934570312,245.43788146972656,13.104999542236328,0.338287353515625,0.20000000298023224,"[0.577491283416748, 1.0, 0.6629173755645752, 0.8658133745193481]","[0.0, 0.0, -3.1957933970261365e-06, 0.00011933333735214546, -0.04375659301877022, 1.0, 0.016333334147930145, -3.1957933970261365e-06, 0.0, 0.0, 1.0172526572205243e-06, -0.016214000061154366, 0.0, 0.0]","[1.0, 0.0, 1.0, 1.1780058145523071, 0.0, 0.322069376707077, 0.8960621953010559, 0.3943309485912323]",-7.8743031040554055
11.950000000000035,190.41415405273438,246.00767517089844,12.849140167236328,0.31787109375,0.20000000298023224,"[0.5942819118499756, 1.0, 0.6318404674530029, 0.9000820517539978]","[0.0, 0.0, -3.1957933970261365e-06, 0.00011933333735214546, -0.04375659301877022, 1.0, 0.016333334147930145, -3.1957933970261365e-06, 0.0, 0.0, 1.0172526572205243e-06, -0.016214000061154366, 0.0, 0.0]","[1.0, 0.0, 1.0, 1.1780058145523071, 0.0, 0.322069376707077, 0.8960621953010559, 0.3943309485912323]",-7.966325910195556
12.000000000000036,190.6650390625,246.588623046875,12.65464973449707,0.292816162109375,0.20000000298023224,"[0.6070452928543091, 1.0, 0.5971652865409851, 0.8059833645820618]","[0.0, 0.0, -3.1957933970261365e-06, 0.00011933333735214546, -0.04375659301877022, 1.0, 0.016333334147930145, -3.1957933970261365e-06, 0.0, 0.0, 1.0172526572205243e-06, -0.016214000061154366, 0.0, 0.0]","[1.0, 0.0, 1.0, 1.1780058145523071, 0.0, 0.322069376707077, 0.8960621953010559, 0.3943309485912323]",-8.058805465717318
12.050000000000036,190.87124633789062,247.1722412109375,12.297160148620605,0.2646484375,0.20000000298023224,"[0.6305053234100342, 1.0, 0.7453995943069458, 0.6984913349151611]","[0.0, 0.0, -3.1957933970261365e-06, 0.00011933333735214546, -0.04375659301877022, 1.0, 0.016333334147930145, -3.1957933970261365e-06, 0.0, 0.0, 1.0172526572205243e-06, -0.016214000061154366, 0.0, 0.0]","[1.0, 0.0, 1.0, 1.1780058145523071, 0.0, 0.322069376707077, 0.8960621953010559, 0.3943309485912323]",-7.676582015241815
12.100000000000037,191.03103637695312,247.75271606445312,11.999810218811035,0.232269287109375,0.20000000298023224,"[0.6500187516212463, 1.0, 0.7082418203353882, 0.8491310477256775]","[0.0, 0.0, -3.1957933970261365e-06, 0.00011933333735214546, -0.04375659301877022, 1.0, 0.016333334147930145, -3.1957933970261365e-06, 0.0, 0.0, 1.0172526572205243e-06, -0.016214000061154366, 0.0, 0.0]","[1.0, 0.0, 1.0, 1.1780058145523071, 0.0, 0.322069376707077, 0.8960621953010559, 0.3943309485912323]",-7.81072557804724
12.150000000000038,191.15000915527344,248.32981872558594,11.769479751586914,0.193878173828125,0.20000000298023224,"[0.665134072303772, 1.0, 0.6631032824516296, 0.8538880348205566]","[0.0, 0.0, -3.1957933970261365e-06, 0.00011933333735214546, -0.04375659301877022, 1.0, 0.016333334147930145, -3.1957933970261365e-06, 0.0, 0.0, 1.0172526572205243e-06, -0.016214000061154366, 0.0, 0.0]","[1.0, 0.0, 1.0, 1.1780058145523071, 0.0, 0.322069376707077, 0.8960621953010559, 0.3943309485912323]",-7.958650450796506
12.200000000000038,191.23300170898438,248.9036102294922,11.583230018615723,0.148529052734375,0.20000000298023224,"[0.6773566007614136, 1.0, 0.6366620063781738, 0.8671240210533142]","[0.0, 0.0, -3.1957933970261365e-06, 0.00011933333735214546, -0.04375659301877022, 1.0, 0.016333334147930145, -3.1957933970261365e-06, 0.0, 0.0, 1.0172526572205243e-06, -0.016214000061154366, 0.0, 0.0]","[1.0, 0.0, 1.0, 1.1780058145523071, 0.0, 0.322069376707077, 0.8960621953010559, 0.3943309485912323]",-8.120650588183397
12.250000000000039,191.2844696044922,249.4739227294922,11.44657039642334,0.10504150390625,0.2063446044921875,"[0.6863248348236084, 1.0, 0.6078004837036133, 0.8194910287857056]","[0.0, 0.0, -3.1957933970261365e-06, 0.00011933333735214546, -0.04375659301877022, 1.0, 0.016333334147930145, -3.1957933970261365e-06, 0.0, 0.0, 1.0172526572205243e-06, -0.016214000061154366, 0.0, 0.0]","[1.0, 0.0, 1.0, 1.1780058145523071, 0.0, 0.322069376707077, 0.8960621953010559, 0.3943309485912323]",-7.930760836832981
12.30000000000004,191.3106231689453,250.04071044921875,11.340629577636719,0.070098876953125,0.3333282470703125,"[0.69327712059021, 1.0, 0.49505141377449036, 0.8446446657180786]","[0.0, 0.0, -3.1957933970261365e-06, 0.00011933333735214546, -0.04375659301877022, 1.0, 0.016333334147930145, -3.1957933970261365e-06, 0.0, 0.0, 1.0172526572205243e-06, -0.016214000061154366, 0.0, 0.0]","[1.0, 0.0, 1.0, 1.1780058145523071, 0.0, 0.322069376707077, 0.8960621953010559, 0.3943309485912323]",-8.133427493032949
12.35000000000004,191.3169708251953,250.6044464111328,11.269120216369629,0.043853759765625,0.428558349609375,"[0.697969913482666, 1.0, 0.37846019864082336, 0.8540700674057007]","[0.0, 0.0, -3.1957933970261365e-06, 0.00011933333735214546, -0.04375659301877022, 1.0, 0.016333334147930145, -3.1957933970261365e-06, 0.0, 0.0, 1.0172526572205243e-06, -0.016214000061154366, 0.0, 0.0]","[1.0, 0.0, 1.0, 1.1780058145523071, 0.0, 0.322069376707077, 0.8960621953010559, 0.3943309485912323]",-8.346007060596618
12.400000000000041,191.3083038330078,251.1658477783203,11.224710464477539,0.02764892578125,0.444427490234375,"[0.700884222984314, 1.0, 0.2829599678516388, 0.8933880925178528]","[0.0, 0.0, -3.1957933970261365e-06, 0.00011933333735214546, -0.04375659301877022, 1.0, 0.016333334147930145, -3.1957933970261365e-06, 0.0, 0.0, 1.0172526572205243e-06, -0.016214000061154366, 0.0, 0.0]","[1.0, 0.0, 1.0, 1.1780058145523071, 0.0, 0.322069376707077, 0.8960621953010559, 0.3943309485912323]",-8.56523856138329
12.450000000000042,191.28895568847656,251.72567749023438,11.1981201171875,0.014495849609375,0.456329345703125,"[0.9299353957176208, 1.0, 0.181809663772583, 0.8959965109825134]","[0.0, 0.0, -3.1957933970261365e-06, 0.00011933333735214546, -0.04375659301877022, 1.0, 0.016333334147930145, -3.1957933970261365e-06, 0.0, 0.0, 1.0172526572205243e-06, -0.016214000061154366, 0.0, 0.0]","[1.0, 0.0, 1.0, 1.1780058145523071, 0.0, 0.322069376707077, 0.8960621953010559, 0.3943309485912323]",-8.420140041761885
12.500000000000043,191.26283264160156,252.28463745117188,11.188030242919922,0.00311279296875,0.4920501708984375,"[0.9296042919158936, 1.0, 0.10992439836263657, 0.9315237998962402]","[0.0, 0.0, -3.1957933970261365e-06, 0.00011933333735214546, -0.04375659301877022, 1.0, 0.016333334147930145, -3.1957933970261365e-06, 0.0, 0.0, 1.0172526572205243e-06, -0.016214000061154366, 0.0, 0.0]","[1.0, 0.0, 1.0, 1.1780058145523071, 0.0, 0.322069376707077, 0.8960621953010559, 0.3943309485912323]",-8.63689855094026
12.550000000000043,191.2313995361328,252.8433380126953,11.190699577331543,-0.0047607421875,0.53125,"[0.9296919107437134, 1.0, 0.07010777294635773, 0.9603789448738098]","[0.0, 0.0, -3.1957933970261365e-06, 0.00011933333735214546, -0.04375659301877022, 1.0, 0.016333334147930145, -3.1957933970261365e-06, 0.0, 0.0, 1.0172526572205243e-06, -0.016214000061154366, 0.0, 0.0]","[1.0, 0.0, 1.0, 1.1780058145523071, 0.0, 0.322069376707077, 0.8960621953010559, 0.3943309485912323]",-8.874967195522489
12.600000000000044,191.1975555419922,253.40252685546875,11.207830429077148,-0.010498046875,0.5859375,"[0.9302539825439453, 1.0, 0.031466372311115265, 0.9342507123947144]","[0.0, 0.0, -3.1957933970261365e-06, 0.00011933333735214546, -0.04375659301877022, 1.0, 0.016333334147930145, -3.1957933970261365e-06, 0.0, 0.0, 1.0172526572205243e-06, -0.016214000061154366, 0.0, 0.0]","[1.0, 0.0, 1.0, 1.1780058145523071, 0.0, 0.322069376707077, 0.8960621953010559, 0.3943309485912323]",-9.12736148162647
12.650000000000045,191.16294860839844,253.9632110595703,11.244660377502441,-0.018951416015625,0.625,"[0.9314624667167664, 1.0, 0.05553494393825531, 0.9430457353591919]","[0.0, 0.0, -3.1957933970261365e-06, 0.00011933333735214546, -0.04375659301877022, 1.0, 0.016333334147930145, -3.1957933970261365e-06, 0.0, 0.0, 1.0172526572205243e-06, -0.016214000061154366, 0.0, 0.0]","[1.0, 0.0, 1.0, 1.1780058145523071, 0.0, 0.322069376707077, 0.8960621953010559, 0.3943309485912323]",-9.099083678297918
12.700000000000045,191.1293182373047,254.5264129638672,11.29967975616455,-0.02789306640625,0.65625,"[0.9332677721977234, 1.0, 0.0966523066163063, 0.9530680179595947]","[0.0, 0.0, -3.1957933970261365e-06, 0.00011933333735214546, -0.04375659301877022, 1.0, 0.016333334147930145, -3.1957933970261365e-06, 0.0, 0.0, 1.0172526572205243e-06, -0.016214000061154366, 0.0, 0.0]","[1.0, 0.0, 1.0, 1.1780058145523071, 0.0, 0.322069376707077, 0.8960621953010559, 0.3943309485912323]",-9.381235597780428
12.750000000000046,191.09732055664062,255.093017578125,11.371809959411621,-0.031982421875,0.67578125,"[0.9356344938278198, 1.0, 0.13322417438030243, 0.9553382992744446]","[0.0, 0.0, -3.1957933970261365e-06, 0.00011933333735214546, -0.04375659301877022, 1.0, 0.016333334147930145, -3.1957933970261365e-06, 0.0, 0.0, 1.0172526572205243e-06, -0.016214000061154366, 0.0, 0.0]","[1.0, 0.0, 1.0, 1.1780058145523071, 0.0, 0.322069376707077, 0.8960621953010559, 0.3943309485912323]",-9.678186944632506
12.800000000000047,191.0676727294922,255.66384887695312,11.458809852600098,-0.03240966796875,0.69921875,"[0.9384891986846924, 1.0, 0.14682239294052124, 0.9656870365142822]","[0.0, 0.0, -3.1957933970261365e-06, 0.00011933333735214546, -0.04375659301877022, 1.0, 0.016333334147930145, -3.1957933970261365e-06, 0.0, 0.0, 1.0172526572205243e-06, -0.016214000061154366, 0.0, 0.0]","[1.0, 0.0, 1.0, 1.1780058145523071, 0.0, 0.322069376707077, 0.8960621953010559, 0.3943309485912323]",-9.991530435062794
12.850000000000048,191.0404052734375,256.2395324707031,11.560190200805664,-0.031158447265625,0.7265625,"[0.9418157339096069, 1.0, 0.16715165972709656, 0.9626956582069397]","[0.0, 0.0, -3.1957933970261365e-06, 0.00011933333735214546, -0.04375659301877022, 1.0, 0.016333334147930145, -3.1957933970261365e-06, 0.0, 0.0, 1.0172526572205243e-06, -0.016214000061154366, 0.0, 0.0]","[1.0, 0.0, 1.0, 1.1780058145523071, 0.0, 0.322069376707077, 0.8960621953010559, 0.3943309485912323]",-10.06686118580793
12.900000000000048,191.0159149169922,256.82086181640625,11.675490379333496,-0.02911376953125,0.74609375,"[0.9455989599227905, 0.9718999862670898, 0.17449407279491425, 0.9625818133354187]","[0.0, 0.0, -3.1957933970261365e-06, 0.00011933333735214546, -0.04375659301877022, 1.0, 0.016333334147930145, -3.1957933970261365e-06, 0.0, 0.0, 1.0172526572205243e-06, -0.016214000061154366, 0.0, 0.0]","[1.0, 0.0, 1.0, 1.1780058145523071, 0.0, 0.322069376707077, 0.8960621953010559, 0.3943309485912323]",-10.380988395851395
12.950000000000049,190.9940948486328,257.4083251953125,11.802709579467773,-0.02691650390625,0.76953125,"[0.9497733116149902, 0.8909000158309937, 0.18789274990558624, 0.9645766019821167]","[0.0, 0.0, -3.1957933970261365e-06, 0.00011933333735214546, -0.04375659301877022, 1.0, 0.016333334147930145, -3.1957933970261365e-06, 0.0, 0.0, 1.0172526572205243e-06, -0.016214000061154366, 0.0, 0.0]","[1.0, 0.0, 1.0, 1.1780058145523071, 0.0, 0.322069376707077, 0.8960621953010559, 0.3943309485912323]",-10.700833404955214
13.00000000000005,190.97520446777344,258.0026550292969,11.942819595336914,-0.0257568359375,0.79296875,"[0.9543706178665161, 0.8087999820709229, 0.1958949714899063, 0.9610378742218018]","[0.0, 0.0, -3.1957933970261365e-06, 0.00011933333735214546, -0.04375659301877022, 1.0, 0.016333334147930145, -3.1957933970261365e-06, 0.0, 0.0, 1.0172526572205243e-06, -0.016214000061154366, 0.0, 0.0]","[1.0, 0.0, 1.0, 1.1780058145523071, 0.0, 0.322069376707077, 0.8960621953010559, 0.3943309485912323]",-11.02423044397716
13.05000000000005,190.95921325683594,258.6044006347656,12.092659950256348,-0.024749755859375,0.80078125,"[0.9592872262001038, 0.7874000072479248, 0.20702284574508667, 0.9652491807937622]","[0.0, 0.0, -3.1957933970261365e-06, 0.00011933333735214546, -0.04375659301877022, 1.0, 0.016333334147930145, -3.1957933970261365e-06, 0.0, 0.0, 1.0172526572205243e-06, -0.016214000061154366, 0.0, 0.0]","[1.0, 0.0, 1.0, 1.1780058145523071, 0.0, 0.322069376707077, 0.8960621953010559, 0.3943309485912323]",-11.071465259478062
13.100000000000051,190.94622802734375,259.21392822265625,12.251609802246094,-0.023590087890625,0.80859375,"[0.9645026922225952, 0.7659000158309937, 0.21045011281967163, 0.9643411636352539]","[0.0, 0.0, -3.1957933970261365e-06, 0.00011933333735214546, -0.04375659301877022, 1.0, 0.016333334147930145, -3.1957933970261365e-06, 0.0, 0.0, 1.0172526572205243e-06, -0.016214000061154366, 0.0, 0.0]","[1.0, 0.0, 1.0, 1.1780058145523071, 0.0, 0.322069376707077, 0.8960621953010559, 0.3943309485912323]",-11.40284988350524
13.150000000000052,190.9361114501953,259.83160400390625,12.416589736938477,-0.022369384765625,0.8203125,"[0.9699161052703857, 0.7282999753952026, 0.21536701917648315, 0.9686287641525269]","[0.0, 0.0, -3.1957933970261365e-06, 0.00011933333735214546, -0.04375659301877022, 1.0, 0.016333334147930145, -3.1957933970261365e-06, 0.0, 0.0, 1.0172526572205243e-06, -0.016214000061154366, 0.0, 0.0]","[1.0, 0.0, 1.0, 1.1780058145523071, 0.0, 0.322069376707077, 0.8960621953010559, 0.3943309485912323]",-11.73333016386481
13.200000000000053,190.9290313720703,260.4577331542969,12.587200164794922,-0.021697998046875,0.8203125,"[0.9755141735076904, 0.7379000186920166, 0.21984747052192688, 0.9680078625679016]","[0.0, 0.0, -3.1957933970261365e-06, 0.00011933333735214546, -0.04375659301877022, 1.0, 0.016333334147930145, -3.1957933970261365e-06, 0.0, 0.0, 1.0172526572205243e-06, -0.016214000061154366, 0.0, 0.0]","[1.0, 0.0, 1.0, 1.1780058145523071, 0.0, 0.322069376707077, 0.8960621953010559, 0.3943309485912323]",-12.066980341352698
13.250000000000053,190.92494201660156,261.0924377441406,12.760169982910156,-0.020721435546875,0.82421875,"[0.9811897277832031, 0.7479000091552734, 0.22135207056999207, 0.9727258086204529]","[0.0, 0.0, -3.1957933970261365e-06, 0.00011933333735214546, -0.04375659301877022, 1.0, 0.016333334147930145, -3.1957933970261365e-06, 0.0, 0.0, 1.0172526572205243e-06, -0.016214000061154366, 0.0, 0.0]","[1.0, 0.0, 1.0, 1.1780058145523071, 0.0, 0.322069376707077, 0.8960621953010559, 0.3943309485912323]",-12.075964426408216
13.300000000000054,190.9236297607422,261.73590087890625,12.935850143432617,-0.0185546875,0.82421875,"[0.9869542121887207, 0.7416999936103821, 0.21438021957874298, 0.9659026861190796]","[0.0, 0.0, -3.1957933970261365e-06, 0.00011933333735214546, -0.04375659301877022, 1.0, 0.016333334147930145, -3.1957933970261365e-06, 0.0, 0.0, 1.0172526572205243e-06, -0.016214000061154366, 0.0, 0.0]","[1.0, 0.0, 1.0, 1.1780058145523071, 0.0, 0.322069376707077, 0.8960621953010559, 0.3943309485912323]",-12.381448482065021
13.350000000000055,190.92486572265625,262.38812255859375,13.112589836120605,-0.016143798828125,0.82421875,"[0.9927533864974976, 0.7519000172615051, 0.21058855950832367, 0.9712168574333191]","[0.0, 0.0, -3.1957933970261365e-06, 0.00011933333735214546, -0.04375659301877022, 1.0, 0.016333334147930145, -3.1957933970261365e-06, 0.0, 0.0, 1.0172526572205243e-06, -0.016214000061154366, 0.0, 0.0]","[1.0, 0.0, 1.0, 1.1780058145523071, 0.0, 0.322069376707077, 0.8960621953010559, 0.3943309485912323]",-12.681798118812083
13.400000000000055,190.92843627929688,263.0492248535156,13.290539741516113,-0.013336181640625,0.82421875,"[0.9985923767089844, 0.7620999813079834, 0.20462416112422943, 0.9685313701629639]","[0.0, 0.0, -3.1957933970261365e-06, 0.00011933333735214546, -0.04375659301877022, 1.0, 0.016333334147930145, -3.1957933970261365e-06, 0.0, 0.0, 1.0172526572205243e-06, -0.016214000061154366, 0.0, 0.0]","[1.0, 0.0, 1.0, 1.1780058145523071, 0.0, 0.322069376707077, 0.8960621953010559, 0.3943309485912323]",-12.983686415272933
13.450000000000056,190.93405151367188,263.7192077636719,13.469010353088379,-0.00994873046875,0.82421875,"[0.995551586151123, 0.7724000215530396, 0.1963309943675995, 0.9668300747871399]","[0.0, 0.0, -3.1957933970261365e-06, 0.00011933333735214546, -0.04375659301877022, 1.0, 0.016333334147930145, -3.1957933970261365e-06, 0.0, 0.0, 1.0172526572205243e-06, -0.016214000061154366, 0.0, 0.0]","[1.0, 0.0, 1.0, 1.1780058145523071, 0.0, 0.322069376707077, 0.8960621953010559, 0.3943309485912323]",-12.899891663117844
13.500000000000057,190.9412841796875,264.3980712890625,13.648090362548828,-0.00616455078125,0.82421875,"[0.9896756410598755, 0.782800018787384, 0.18657010793685913, 0.9650065898895264]","[0.0, 0.0, -3.1957933970261365e-06, 0.00011933333735214546, -0.04375659301877022, 1.0, 0.016333334147930145, -3.1957933970261365e-06, 0.0, 0.0, 1.0172526572205243e-06, -0.016214000061154366, 0.0, 0.0]","[1.0, 0.0, 1.0, 1.1780058145523071, 0.0, 0.322069376707077, 0.8960621953010559, 0.3943309485912323]",-13.170058351184178
13.550000000000058,190.9495849609375,265.08587646484375,13.82759952545166,-0.001190185546875,0.82421875,"[0.9837855100631714, 0.7932000160217285, 0.17263120412826538, 0.9606768488883972]","[0.0, 0.0, -3.1957933970261365e-06, 0.00011933333735214546, -0.04375659301877022, 1.0, 0.016333334147930145, -3.1957933970261365e-06, 0.0, 0.0, 1.0172526572205243e-06, -0.016214000061154366, 0.0, 0.0]","[1.0, 0.0, 1.0, 1.1780058145523071, 0.0, 0.322069376707077, 0.8960621953010559, 0.3943309485912323]",-13.427879577873084
13.600000000000058,190.95863342285156,265.7825927734375,14.005829811096191,0.001251220703125,0.8046875,"[0.9779373407363892, 0.892799973487854, 0.16492174565792084, 0.9684144854545593]","[0.0, 0.0, -3.1957933970261365e-06, 0.00011933333735214546, -0.04375659301877022, 1.0, 0.016333334147930145, -3.1957933970261365e-06, 0.0, 0.0, 1.0172526572205243e-06, -0.016214000061154366, 0.0, 0.0]","[1.0, 0.0, 1.0, 1.1780058145523071, 0.0, 0.322069376707077, 0.8960621953010559, 0.3943309485912323]",-13.669766022897434
13.650000000000059,190.96836853027344,266.4881286621094,14.180580139160156,0.0010986328125,0.79296875,"[0.9722034335136414, 0.9585000276565552, 0.1613244116306305, 0.9708721041679382]","[0.0, 0.0, -3.1957933970261365e-06, 0.00011933333735214546, -0.04375659301877022, 1.0, 0.016333334147930145, -3.1957933970261365e-06, 0.0, 0.0, 1.0172526572205243e-06, -0.016214000061154366, 0.0, 0.0]","[1.0, 0.0, 1.0, 1.1780058145523071, 0.0, 0.322069376707077, 0.8960621953010559, 0.3943309485912323]",-13.36615569676846
13.70000000000006,190.97862243652344,267.2022399902344,14.35200023651123,0.00128173828125,0.79296875,"[0.9665787220001221, 0.9704999923706055, 0.155349001288414, 0.9709537029266357]","[0.0, 0.0, -3.1957933970261365e-06, 0.00011933333735214546, -0.04375659301877022, 1.0, 0.016333334147930145, -3.1957933970261365e-06, 0.0, 0.0, 1.0172526572205243e-06, -0.016214000061154366, 0.0, 0.0]","[1.0, 0.0, 1.0, 1.1780058145523071, 0.0, 0.322069376707077, 0.8960621953010559, 0.3943309485912323]",-13.551065759349521
13.75000000000006,190.9891357421875,267.9248046875,14.519929885864258,0.00244140625,0.77734375,"[0.9610686302185059, 1.0, 0.14936132729053497, 0.9689058661460876]","[0.0, 0.0, -3.1957933970261365e-06, 0.00011933333735214546, -0.04375659301877022, 1.0, 0.016333334147930145, -3.1957933970261365e-06, 0.0, 0.0, 1.0172526572205243e-06, -0.016214000061154366, 0.0, 0.0]","[1.0, 0.0, 1.0, 1.1780058145523071, 0.0, 0.322069376707077, 0.8960621953010559, 0.3943309485912323]",-13.743793948577304
13.800000000000061,190.9998016357422,268.6556396484375,14.683810234069824,0.001708984375,0.7734375,"[0.9556913375854492, 1.0, 0.14515428245067596, 0.9725838899612427]","[0.0, 0.0, -3.1957933970261365e-06, 0.00011933333735214546, -0.04375659301877022, 1.0, 0.016333334147930145, -3.1957933970261365e-06, 0.0, 0.0, 1.0172526572205243e-06, -0.016214000061154366, 0.0, 0.0]","[1.0, 0.0, 1.0, 1.1780058145523071, 0.0, 0.322069376707077, 0.8960621953010559, 0.3943309485912323]",-13.935591301727866
13.850000000000062,191.01077270507812,269.3945617675781,14.844650268554688,-0.00054931640625,0.7734375,"[0.9504138231277466, 1.0, 0.1460549235343933, 0.9712597131729126]","[0.0, 0.0, -3.1957933970261365e-06, 0.00011933333735214546, -0.04375659301877022, 1.0, 0.016333334147930145, -3.1957933970261365e-06, 0.0, 0.0, 1.0172526572205243e-06, -0.016214000061154366, 0.0, 0.0]","[1.0, 0.0, 1.0, 1.1780058145523071, 0.0, 0.322069376707077, 0.8960621953010559, 0.3943309485912323]",-13.487137435595965
13.900000000000063,191.02224731445312,270.1414489746094,15.003459930419922,-0.002777099609375,0.7734375,"[0.9452029466629028, 1.0, 0.1481485664844513, 0.9724224209785461]","[0.0, 0.0, -3.1957933970261365e-06, 0.00011933333735214546, -0.04375659301877022, 1.0, 0.016333334147930145, -3.1957933970261365e-06, 0.0, 0.0, 1.0172526572205243e-06, -0.016214000061154366, 0.0, 0.0]","[1.0, 0.0, 1.0, 1.1780058145523071, 0.0, 0.322069376707077, 0.8960621953010559, 0.3943309485912323]",-13.60503179944416
13.950000000000063,191.0343475341797,270.8962097167969,15.160929679870605,-0.004608154296875,0.7734375,"[0.9400359392166138, 1.0, 0.15120527148246765, 0.9733891487121582]","[0.0, 0.0, -3.1957933970261365e-06, 0.00011933333735214546, -0.04375659301877022, 1.0, 0.016333334147930145, -3.1957933970261365e-06, 0.0, 0.0, 1.0172526572205243e-06, -0.016214000061154366, 0.0, 0.0]","[1.0, 0.0, 1.0, 1.1780058145523071, 0.0, 0.322069376707077, 0.8960621953010559, 0.3943309485912323]",-13.943393866814926
14.000000000000064,191.0471954345703,271.65875244140625,15.317529678344727,-0.005340576171875,0.7734375,"[0.9348975419998169, 1.0, 0.1523652821779251, 0.9760369062423706]","[0.0, 0.0, -3.1957933970261365e-06, 0.00011933333735214546, -0.04375659301877022, 1.0, 0.016333334147930145, -3.1957933970261365e-06, 0.0, 0.0, 1.0172526572205243e-06, -0.016214000061154366, 0.0, 0.0]","[1.0, 0.0, 1.0, 1.1780058145523071, 0.0, 0.322069376707077, 0.8960621953010559, 0.3943309485912323]",-14.430744765702979
14.050000000000065,191.06085205078125,272.4291687011719,15.473779678344727,-0.005523681640625,0.7734375,"[0.9297706484794617, 1.0, 0.15346373617649078, 0.9769178032875061]","[0.0, 0.0, -3.1957933970261365e-06, 0.00011933333735214546, -0.04375659301877022, 1.0, 0.016333334147930145, -3.1957933970261365e-06, 0.0, 0.0, 1.0172526572205243e-06, -0.016214000061154366, 0.0, 0.0]","[1.0, 0.0, 1.0, 1.1780058145523071, 0.0, 0.322069376707077, 0.8960621953010559, 0.3943309485912323]",-14.474416986177628
14.100000000000065,191.07530212402344,273.2013854980469,15.44540023803711,-0.0057373046875,0.7734375,"[0.9307018518447876, 1.0, 0.010667957365512848, 0.7775128483772278]","[0.0, 0.0, -3.1957933970261365e-06, 0.00011933333735214546, -0.04375659301877022, 1.0, 0.016333334147930145, -3.1957933970261365e-06, 0.0, 0.0, 1.0172526572205243e-06, -0.016214000061154366, 0.0, 0.0]","[1.0, 0.0, 1.0, 1.1780058145523071, 0.0, 0.322069376707077, 0.8960621953010559, 0.3943309485912323]",-14.847678740203422
14.150000000000066,191.09068298339844,273.9732666015625,15.450460433959961,-0.006317138671875,0.7734375,"[0.9305357933044434, 1.0, 0.02021951600909233, 0.9592037796974182]","[0.0, 0.0, -3.1957933970261365e-06, 0.00011933333735214546, -0.04375659301877022, 1.0, 0.016333334147930145, -3.1957933970261365e-06, 0.0, 0.0, 1.0172526572205243e-06, -0.016214000061154366, 0.0, 0.0]","[1.0, 0.0, 1.0, 1.1780058145523071, 0.0, 0.322069376707077, 0.8960621953010559, 0.3943309485912323]",-15.213476766962462
14.200000000000067,191.10731506347656,274.7508850097656,15.660639762878418,-0.00714111328125,0.76953125,"[0.9236393570899963, 1.0, 0.20971691608428955, 0.7283486723899841]","[0.0, 0.0, -3.1957933970261365e-06, 0.00011933333735214546, -0.04375659301877022, 1.0, 0.016333334147930145, -3.1957933970261365e-06, 0.0, 0.0, 1.0172526572205243e-06, -0.016214000061154366, 0.0, 0.0]","[1.0, 0.0, 1.0, 1.1780058145523071, 0.0, 0.322069376707077, 0.8960621953010559, 0.3943309485912323]",-15.601918262147905
14.250000000000068,191.12550354003906,275.5403137207031,15.870240211486816,-0.008331298828125,0.7578125,"[0.9167618751525879, 1.0, 0.21409186720848083, 0.9657790660858154]","[0.0, 0.0, -3.1957933970261365e-06, 0.00011933333735214546, -0.04375659301877022, 1.0, 0.016333334147930145, -3.1957933970261365e-06, 0.0, 0.0, 1.0172526572205243e-06, -0.016214000061154366, 0.0, 0.0]","[1.0, 0.0, 1.0, 1.1780058145523071, 0.0, 0.322069376707077, 0.8960621953010559, 0.3943309485912323]",-15.640318824528354
14.300000000000068,191.14532470703125,276.3392028808594,16.046499252319336,-0.008514404296875,0.7421875,"[0.9109784364700317, 1.0, 0.18650153279304504, 0.9360194802284241]","[0.0, 0.0, -3.1957933970261365e-06, 0.00011933333735214546, -0.04375659301877022, 1.0, 0.016333334147930145, -3.1957933970261365e-06, 0.0, 0.0, 1.0172526572205243e-06, -0.016214000061154366, 0.0, 0.0]","[1.0, 0.0, 1.0, 1.1780058145523071, 0.0, 0.322069376707077, 0.8960621953010559, 0.3943309485912323]",-16.06780278532966
14.350000000000069,191.1666717529297,277.1459655761719,16.19771957397461,-0.006500244140625,0.7109375,"[0.9060165882110596, 1.0, 0.1597810834646225, 0.9489082098007202]","[0.0, 0.0, -3.1957933970261365e-06, 0.00011933333735214546, -0.04375659301877022, 1.0, 0.016333334147930145, -3.1957933970261365e-06, 0.0, 0.0, 1.0172526572205243e-06, -0.016214000061154366, 0.0, 0.0]","[1.0, 0.0, 1.0, 1.1780058145523071, 0.0, 0.322069376707077, 0.8960621953010559, 0.3943309485912323]",-16.49453497074123
14.40000000000007,191.1889190673828,277.9595642089844,16.327159881591797,-0.0009765625,0.6640625,"[0.9017693400382996, 1.0, 0.12544439733028412, 0.9501878023147583]","[0.0, 0.0, -3.1957933970261365e-06, 0.00011933333735214546, -0.04375659301877022, 1.0, 0.016333334147930145, -3.1957933970261365e-06, 0.0, 0.0, 1.0172526572205243e-06, -0.016214000061154366, 0.0, 0.0]","[1.0, 0.0, 1.0, 1.1780058145523071, 0.0, 0.322069376707077, 0.8960621953010559, 0.3943309485912323]",-16.95116579661574
14.45000000000007,191.2111358642578,278.77886962890625,16.435260772705078,0.007537841796875,0.609375,"[0.8982223272323608, 1.0, 0.10761099308729172, 0.9464572072029114]","[0.0, 0.0, -3.1957933970261365e-06, 0.00011933333735214546, -0.04375659301877022, 1.0, 0.016333334147930145, -3.1957933970261365e-06, 0.0, 0.0, 1.0172526572205243e-06, -0.016214000061154366, 0.0, 0.0]","[1.0, 0.0, 1.0, 1.1780058145523071, 0.0, 0.322069376707077, 0.8960621953010559, 0.3943309485912323]",-17.13907186482635
14.500000000000071,191.23313903808594,279.6029968261719,16.525890350341797,0.01763916015625,0.55859375,"[0.895248532295227, 1.0, 0.09043164551258087, 0.9642406105995178]","[0.0, 0.0, -3.1957933970261365e-06, 0.00011933333735214546, -0.04375659301877022, 1.0, 0.016333334147930145, -3.1957933970261365e-06, 0.0, 0.0, 1.0172526572205243e-06, -0.016214000061154366, 0.0, 0.0]","[1.0, 0.0, 1.0, 1.1780058145523071, 0.0, 0.322069376707077, 0.8960621953010559, 0.3943309485912323]",-17.6662781097174
14.550000000000072,191.25274658203125,280.4311218261719,16.59748077392578,0.02764892578125,0.515625,"[0.8928995132446289, 1.0, 0.13954812288284302, 0.9131947159767151]","[0.0, 0.0, -3.1957933970261365e-06, 0.00011933333735214546, -0.04375659301877022, 1.0, 0.016333334147930145, -3.1957933970261365e-06, 0.0, 0.0, 1.0172526572205243e-06, -0.016214000061154366, 0.0, 0.0]","[1.0, 0.0, 1.0, 1.1780058145523071, 0.0, 0.322069376707077, 0.8960621953010559, 0.3943309485912323]",-18.190991978306922
14.600000000000072,191.26829528808594,281.26226806640625,16.650249481201172,0.03607177734375,0.50390625,"[0.8911680579185486, 1.0, 0.1476690024137497, 0.9545584321022034]","[0.0, 0.0, -3.1957933970261365e-06, 0.00011933333735214546, -0.04375659301877022, 1.0, 0.016333334147930145, -3.1957933970261365e-06, 0.0, 0.0, 1.0172526572205243e-06, -0.016214000061154366, 0.0, 0.0]","[1.0, 0.0, 1.0, 1.1780058145523071, 0.0, 0.322069376707077, 0.8960621953010559, 0.3943309485912323]",-18.698005293778404
14.650000000000073,191.2786407470703,282.0956726074219,16.689769744873047,0.043670654296875,0.50390625,"[0.34224259853363037, 1.0, 0.1655977964401245, 0.9567254185676575]","[0.0, 0.0, -3.1957933970261365e-06, 0.00011933333735214546, -0.04375659301877022, 1.0, 0.016333334147930145, -3.1957933970261365e-06, 0.0, 0.0, 1.0172526572205243e-06, -0.016214000061154366, 0.0, 0.0]","[1.0, 0.0, 1.0, 1.1780058145523071, 0.0, 0.322069376707077, 0.8960621953010559, 0.3943309485912323]",-18.87074057020713
14.700000000000074,191.28236389160156,282.9308166503906,16.7202205657959,0.050689697265625,0.50390625,"[0.34024423360824585, 1.0, 0.1889147162437439, 0.9591141939163208]","[0.0, 0.0, -3.1957933970261365e-06, 0.00011933333735214546, -0.04375659301877022, 1.0, 0.016333334147930145, -3.1957933970261365e-06, 0.0, 0.0, 1.0172526572205243e-06, -0.016214000061154366, 0.0, 0.0]","[1.0, 0.0, 1.0, 1.1780058145523071, 0.0, 0.322069376707077, 0.8960621953010559, 0.3943309485912323]",-19.356805834914063
14.750000000000075,191.27792358398438,283.7672424316406,16.74407958984375,0.05682373046875,0.4999847412109375,"[0.3386785387992859, 1.0, 0.21274550259113312, 0.9623897671699524]","[0.0, 0.0, -3.1957933970261365e-06, 0.00011933333735214546, -0.04375659301877022, 1.0, 0.016333334147930145, -3.1957933970261365e-06, 0.0, 0.0, 1.0172526572205243e-06, -0.016214000061154366, 0.0, 0.0]","[1.0, 0.0, 1.0, 1.1780058145523071, 0.0, 0.322069376707077, 0.8960621953010559, 0.3943309485912323]",-19.81942751842197
14.800000000000075,191.2639923095703,284.60455322265625,16.76082992553711,0.0616455078125,0.4642791748046875,"[0.33757930994033813, 1.0, 0.22950153052806854, 0.9661048650741577]","[0.0, 0.0, -3.1957933970261365e-06, 0.00011933333735214546, -0.04375659301877022, 1.0, 0.016333334147930145, -3.1957933970261365e-06, 0.0, 0.0, 1.0172526572205243e-06, -0.016214000061154366, 0.0, 0.0]","[1.0, 0.0, 1.0, 1.1780058145523071, 0.0, 0.322069376707077, 0.8960621953010559, 0.3943309485912323]",-20.267259068303535
14.850000000000076,191.23934936523438,285.442138671875,16.767589569091797,0.065887451171875,0.420623779296875,"[0.3371357321739197, 1.0, 0.24295735359191895, 0.966994047164917]","[0.0, 0.0, -3.1957933970261365e-06, 0.00011933333735214546, -0.04375659301877022, 1.0, 0.016333334147930145, -3.1957933970261365e-06, 0.0, 0.0, 1.0172526572205243e-06, -0.016214000061154366, 0.0, 0.0]","[1.0, 0.0, 1.0, 1.1780058145523071, 0.0, 0.322069376707077, 0.8960621953010559, 0.3943309485912323]",-20.300313105521315
14.900000000000077,191.20257568359375,286.2792053222656,16.760339736938477,0.07171630859375,0.3571319580078125,"[0.33761143684387207, 1.0, 0.2623266875743866, 0.9605116844177246]","[0.0, 0.0, -3.1957933970261365e-06, 0.00011933333735214546, -0.04375659301877022, 1.0, 0.016333334147930145, -3.1957933970261365e-06, 0.0, 0.0, 1.0172526572205243e-06, -0.016214000061154366, 0.0, 0.0]","[1.0, 0.0, 1.0, 1.1780058145523071, 0.0, 0.322069376707077, 0.8960621953010559, 0.3943309485912323]",-20.737860893394966
14.950000000000077,191.15245056152344,287.1146240234375,16.734949111938477,0.07666015625,0.2738037109375,"[0.3392776846885681, 1.0, 0.30136391520500183, 0.9578087329864502]","[0.0, 0.0, -3.1957933970261365e-06, 0.00011933333735214546, -0.04375659301877022, 1.0, 0.016333334147930145, -3.1957933970261365e-06, 0.0, 0.0, 1.0172526572205243e-06, -0.016214000061154366, 0.0, 0.0]","[1.0, 0.0, 1.0, 1.1780058145523071, 0.0, 0.322069376707077, 0.8960621953010559, 0.3943309485912323]",-21.170070176830624
15.000000000000078,191.087890625,287.94708251953125,16.68804931640625,0.082275390625,0.20000000298023224,"[0.34235548973083496, 1.0, 0.341920405626297, 0.9508175849914551]","[0.0, 0.0, -3.1957933970261365e-06, 0.00011933333735214546, -0.04375659301877022, 1.0, 0.016333334147930145, -3.1957933970261365e-06, 0.0, 0.0, 1.0172526572205243e-06, -0.016214000061154366, 0.0, 0.0]","[1.0, 0.0, 1.0, 1.1780058145523071, 0.0, 0.322069376707077, 0.8960621953010559, 0.3943309485912323]",-21.59614710199438
15.050000000000079,191.00794982910156,288.7751770019531,16.623369216918945,0.086090087890625,0.20000000298023224,"[0.3466000556945801, 1.0, 0.3740452527999878, 0.9556506872177124]","[0.0, 0.0, -3.1957933970261365e-06, 0.00011933333735214546, -0.04375659301877022, 1.0, 0.016333334147930145, -3.1957933970261365e-06, 0.0, 0.0, 1.0172526572205243e-06, -0.016214000061154366, 0.0, 0.0]","[1.0, 0.0, 1.0, 1.1780058145523071, 0.0, 0.322069376707077, 0.8960621953010559, 0.3943309485912323]",-21.614062229739286
15.10000000000008,190.91183471679688,289.597900390625,16.547040939331055,0.09002685546875,0.20000000298023224,"[0.35160911083221436, 1.0, 0.4011085331439972, 0.9595842957496643]","[0.0, 0.0, -3.1957933970261365e-06, 0.00011933333735214546, -0.04375659301877022, 1.0, 0.016333334147930145, -3.1957933970261365e-06, 0.0, 0.0, 1.0172526572205243e-06, -0.016214000061154366, 0.0, 0.0]","[1.0, 0.0, 1.0, 1.1780058145523071, 0.0, 0.322069376707077, 0.8960621953010559, 0.3943309485912323]",-22.033794204098086
15.15000000000008,190.79896545410156,290.41436767578125,16.46385955810547,0.09130859375,0.20000000298023224,"[0.3570678234100342, 1.0, 0.41724875569343567, 0.9684547781944275]","[0.0, 0.0, -3.1957933970261365e-06, 0.00011933333735214546, -0.04375659301877022, 1.0, 0.016333334147930145, -3.1957933970261365e-06, 0.0, 0.0, 1.0172526572205243e-06, -0.016214000061154366, 0.0, 0.0]","[1.0, 0.0, 1.0, 1.1780058145523071, 0.0, 0.322069376707077, 0.8960621953010559, 0.3943309485912323]",-22.44314942658809
15.200000000000081,190.6689453125,291.2239074707031,16.37656021118164,0.0914306640625,0.20000000298023224,"[0.3627967834472656, 1.0, 0.4285217225551605, 0.9727246165275574]","[0.0, 0.0, -3.1957933970261365e-06, 0.00011933333735214546, -0.04375659301877022, 1.0, 0.016333334147930145, -3.1957933970261365e-06, 0.0, 0.0, 1.0172526572205243e-06, -0.016214000061154366, 0.0, 0.0]","[1.0, 0.0, 1.0, 1.1780058145523071, 0.0, 0.322069376707077, 0.8960621953010559, 0.3943309485912323]",-22.84104633558157
15.250000000000082,190.52142333984375,292.02587890625,16.286460876464844,0.0919189453125,0.20000000298023224,"[0.3687095046043396, 1.0, 0.43888217210769653, 0.9737310409545898]","[0.0, 0.0, -3.1957933970261365e-06, 0.00011933333735214546, -0.04375659301877022, 1.0, 0.016333334147930145, -3.1957933970261365e-06, 0.0, 0.0, 1.0172526572205243e-06, -0.016214000061154366, 0.0, 0.0]","[1.0, 0.0, 1.0, 1.1780058145523071, 0.0, 0.322069376707077, 0.8960621953010559, 0.3943309485912323]",-22.798581246671425
15.300000000000082,190.355712890625,292.8196105957031,16.192310333251953,0.098052978515625,0.20000000298023224,"[0.3748881220817566, 1.0, 0.46120485663414, 0.9621257781982422]","[0.0, 0.0, -3.1957933970261365e-06, 0.00011933333735214546, -0.04375659301877022, 1.0, 0.016333334147930145, -3.1957933970261365e-06, 0.0, 0.0, 1.0172526572205243e-06, -0.016214000061154366, 0.0, 0.0]","[1.0, 0.0, 1.0, 1.1780058145523071, 0.0, 0.322069376707077, 0.8960621953010559, 0.3943309485912323]",-23.157945741400056
15.350000000000083,190.17051696777344,293.6038513183594,16.091760635375977,0.11248779296875,0.20000000298023224,"[0.38148659467697144, 1.0, 0.49837052822113037, 0.9446490406990051]","[0.0, 0.0, -3.1957933970261365e-06, 0.00011933333735214546, -0.04375659301877022, 1.0, 0.016333334147930145, -3.1957933970261365e-06, 0.0, 0.0, 1.0172526572205243e-06, -0.016214000061154366, 0.0, 0.0]","[1.0, 0.0, 1.0, 1.1780058145523071, 0.0, 0.322069376707077, 0.8960621953010559, 0.3943309485912323]",-23.48791435741628
15.400000000000084,189.96424865722656,294.37713623046875,15.980819702148438,0.135498046875,0.20000000298023224,"[0.3887670636177063, 1.0, 0.552270770072937, 0.9235709309577942]","[0.0, 0.0, -3.1957933970261365e-06, 0.00011933333735214546, -0.04375659301877022, 1.0, 0.016333334147930145, -3.1957933970261365e-06, 0.0, 0.0, 1.0172526572205243e-06, -0.016214000061154366, 0.0, 0.0]","[1.0, 0.0, 1.0, 1.1780058145523071, 0.0, 0.322069376707077, 0.8960621953010559, 0.3943309485912323]",-23.780546916565992
15.450000000000085,189.73483276367188,295.1375427246094,15.857390403747559,0.16302490234375,0.20000000298023224,"[0.3968670964241028, 1.0, 0.6106030941009521, 0.914108157157898]","[0.0, 0.0, -3.1957933970261365e-06, 0.00011933333735214546, -0.04375659301877022, 1.0, 0.016333334147930145, -3.1957933970261365e-06, 0.0, 0.0, 1.0172526572205243e-06, -0.016214000061154366, 0.0, 0.0]","[1.0, 0.0, 1.0, 1.1780058145523071, 0.0, 0.322069376707077, 0.8960621953010559, 0.3943309485912323]",-23.516512631140305
15.500000000000085,189.48097229003906,295.883056640625,15.722049713134766,0.188232421875,0.20000000298023224,"[0.40574872493743896, 1.0, 0.6217085719108582, 0.9155716896057129]","[0.0, 0.0, -3.1957933970261365e-06, 0.00011933333735214546, -0.04375659301877022, 1.0, 0.016333334147930145, -3.1957933970261365e-06, 0.0, 0.0, 1.0172526572205243e-06, -0.016214000061154366, 0.0, 0.0]","[1.0, 0.0, 1.0, 1.1780058145523071, 0.0, 0.322069376707077, 0.8960621953010559, 0.3943309485912323]",-23.768995813935717
15.550000000000086,189.2012481689453,296.61151123046875,15.576760292053223,0.20867919921875,0.20000000298023224,"[0.41528332233428955, 1.0, 0.6282949447631836, 0.9208130836486816]","[0.0, 0.0, -3.1957933970261365e-06, 0.00011933333735214546, -0.04375659301877022, 1.0, 0.016333334147930145, -3.1957933970261365e-06, 0.0, 0.0, 1.0172526572205243e-06, -0.016214000061154366, 0.0, 0.0]","[1.0, 0.0, 1.0, 1.1780058145523071, 0.0, 0.322069376707077, 0.8960621953010559, 0.3943309485912323]",-24.001121057766543
15.600000000000087,188.8948974609375,297.3207702636719,15.422940254211426,0.224853515625,0.20000000298023224,"[0.42537766695022583, 1.0, 0.6328391432762146, 0.9222300052642822]","[0.0, 0.0, -3.1957933970261365e-06, 0.00011933333735214546, -0.04375659301877022, 1.0, 0.016333334147930145, -3.1957933970261365e-06, 0.0, 0.0, 1.0172526572205243e-06, -0.016214000061154366, 0.0, 0.0]","[1.0, 0.0, 1.0, 1.1780058145523071, 0.0, 0.322069376707077, 0.8960621953010559, 0.3943309485912323]",-24.17066592045735
15.650000000000087,188.56126403808594,298.00860595703125,15.26159954071045,0.237823486328125,0.20000000298023224,"[0.4359655976295471, 1.0, 0.6359806656837463, 0.9261137247085571]","[0.0, 0.0, -3.1957933970261365e-06, 0.00011933333735214546, -0.04375659301877022, 1.0, 0.016333334147930145, -3.1957933970261365e-06, 0.0, 0.0, 1.0172526572205243e-06, -0.016214000061154366, 0.0, 0.0]","[1.0, 0.0, 1.0, 1.1780058145523071, 0.0, 0.322069376707077, 0.8960621953010559, 0.3943309485912323]",-23.623538518387168
15.700000000000088,188.20008850097656,298.6726989746094,15.092060089111328,0.24908447265625,0.20000000298023224,"[0.4470914602279663, 1.0, 0.6391130089759827, 0.9226728081703186]","[0.0, 0.0, -3.1957933970261365e-06, 0.00011933333735214546, -0.04375659301877022, 1.0, 0.016333334147930145, -3.1957933970261365e-06, 0.0, 0.0, 1.0172526572205243e-06, -0.016214000061154366, 0.0, 0.0]","[1.0, 0.0, 1.0, 1.1780058145523071, 0.0, 0.322069376707077, 0.8960621953010559, 0.3943309485912323]",-23.67867622191999
15.750000000000089,187.81166076660156,299.3110046386719,14.921699523925781,0.259521484375,0.20000000298023224,"[0.4582712650299072, 1.0, 0.6362079381942749, 0.9362792372703552]","[0.0, 0.0, -3.1957933970261365e-06, 0.00011933333735214546, -0.04375659301877022, 1.0, 0.016333334147930145, -3.1957933970261365e-06, 0.0, 0.0, 1.0172526572205243e-06, -0.016214000061154366, 0.0, 0.0]","[1.0, 0.0, 1.0, 1.1780058145523071, 0.0, 0.322069376707077, 0.8960621953010559, 0.3943309485912323]",-23.72714445635422
15.80000000000009,187.3963165283203,299.9212951660156,14.74219036102295,0.269683837890625,0.20000000298023224,"[0.47005152702331543, 1.0, 0.6399261951446533, 0.921144425868988]","[0.0, 0.0, -3.1957933970261365e-06, 0.00011933333735214546, -0.04375659301877022, 1.0, 0.016333334147930145, -3.1957933970261365e-06, 0.0, 0.0, 1.0172526572205243e-06, -0.016214000061154366, 0.0, 0.0]","[1.0, 0.0, 1.0, 1.1780058145523071, 0.0, 0.322069376707077, 0.8960621953010559, 0.3943309485912323]",-23.987427909953656
15.85000000000009,186.9545440673828,300.5006103515625,14.547039985656738,0.280029296875,0.20000000298023224,"[0.4828581213951111, 1.0, 0.6493692398071289, 0.9045284390449524]","[0.0, 0.0, -3.1957933970261365e-06, 0.00011933333735214546, -0.04375659301877022, 1.0, 0.016333334147930145, -3.1957933970261365e-06, 0.0, 0.0, 1.0172526572205243e-06, -0.016214000061154366, 0.0, 0.0]","[1.0, 0.0, 1.0, 1.1780058145523071, 0.0, 0.322069376707077, 0.8960621953010559, 0.3943309485912323]",-24.049502114775393
15.900000000000091,186.4875030517578,301.0464172363281,14.34490966796875,0.290283203125,0.20000000298023224,"[0.4961228370666504, 1.0, 0.6524149775505066, 0.9162762761116028]","[0.0, 0.0, -3.1957933970261365e-06, 0.00011933333735214546, -0.04375659301877022, 1.0, 0.016333334147930145, -3.1957933970261365e-06, 0.0, 0.0, 1.0172526572205243e-06, -0.016214000061154366, 0.0, 0.0]","[1.0, 0.0, 1.0, 1.1780058145523071, 0.0, 0.322069376707077, 0.8960621953010559, 0.3943309485912323]",-24.3256545948642
15.950000000000092,185.99685668945312,301.5569152832031,14.143070220947266,0.300445556640625,0.20000000298023224,"[0.5093684196472168, 1.0, 0.6497613191604614, 0.9234555959701538]","[0.0, 0.0, -3.1957933970261365e-06, 0.00011933333735214546, -0.04375659301877022, 1.0, 0.016333334147930145, -3.1957933970261365e-06, 0.0, 0.0, 1.0172526572205243e-06, -0.016214000061154366, 0.0, 0.0]","[1.0, 0.0, 1.0, 1.1780058145523071, 0.0, 0.322069376707077, 0.8960621953010559, 0.3943309485912323]",-24.57505228624743
16.000000000000092,185.4842529296875,302.02972412109375,13.92844009399414,0.30804443359375,0.20000000298023224,"[0.523453414440155, 1.0, 0.6578769683837891, 0.9029039740562439]","[0.0, 0.0, -3.1957933970261365e-06, 0.00011933333735214546, -0.04375659301877022, 1.0, 0.016333334147930145, -3.1957933970261365e-06, 0.0, 0.0, 1.0172526572205243e-06, -0.016214000061154366, 0.0, 0.0]","[1.0, 0.0, 1.0, 1.1780058145523071, 0.0, 0.322069376707077, 0.8960621953010559, 0.3943309485912323]",-24.822486815275436
16.050000000000093,184.95181274414062,302.4629821777344,13.713569641113281,0.309478759765625,0.20000000298023224,"[0.5375542044639587, 1.0, 0.6567665934562683, 0.9165769219398499]","[0.0, 0.0, -3.1957933970261365e-06, 0.00011933333735214546, -0.04375659301877022, 1.0, 0.016333334147930145, -3.1957933970261365e-06, 0.0, 0.0, 1.0172526572205243e-06, -0.016214000061154366, 0.0, 0.0]","[1.0, 0.0, 1.0, 1.1780058145523071, 0.0, 0.322069376707077, 0.8960621953010559, 0.3943309485912323]",-24.743179833918997
16.100000000000094,184.40187072753906,302.85546875,13.500499725341797,0.307647705078125,0.20000000298023224,"[0.5515367984771729, 1.0, 0.6543239951133728, 0.9178182482719421]","[0.0, 0.0, -3.1957933970261365e-06, 0.00011933333735214546, -0.04375659301877022, 1.0, 0.016333334147930145, -3.1957933970261365e-06, 0.0, 0.0, 1.0172526572205243e-06, -0.016214000061154366, 0.0, 0.0]","[1.0, 0.0, 1.0, 1.1780058145523071, 0.0, 0.322069376707077, 0.8960621953010559, 0.3943309485912323]",-24.93919059533895
16.150000000000095,183.83694458007812,303.20654296875,13.29384994506836,0.303314208984375,0.20000000298023224,"[0.5650980472564697, 1.0, 0.6487529873847961, 0.920953094959259]","[0.0, 0.0, -3.1957933970261365e-06, 0.00011933333735214546, -0.04375659301877022, 1.0, 0.016333334147930145, -3.1957933970261365e-06, 0.0, 0.0, 1.0172526572205243e-06, -0.016214000061154366, 0.0, 0.0]","[1.0, 0.0, 1.0, 1.1780058145523071, 0.0, 0.322069376707077, 0.8960621953010559, 0.3943309485912323]",-25.088737468800378
16.200000000000095,183.26055908203125,303.5182800292969,13.089679718017578,0.297637939453125,0.20000000298023224,"[0.5784966349601746, 1.0, 0.6465837359428406, 0.9040325284004211]","[0.0, 0.0, -3.1957933970261365e-06, 0.00011933333735214546, -0.04375659301877022, 1.0, 0.016333334147930145, -3.1957933970261365e-06, 0.0, 0.0, 1.0172526572205243e-06, -0.016214000061154366, 0.0, 0.0]","[1.0, 0.0, 1.0, 1.1780058145523071, 0.0, 0.322069376707077, 0.8960621953010559, 0.3943309485912323]",-25.198772199077784
16.250000000000096,182.6726531982422,303.7870178222656,12.928170204162598,0.289642333984375,0.20000000298023224,"[0.5890955924987793, 1.0, 0.6073670387268066, 0.9191244840621948]","[0.0, 0.0, -3.1957933970261365e-06, 0.00011933333735214546, -0.04375659301877022, 1.0, 0.016333334147930145, -3.1957933970261365e-06, 0.0, 0.0, 1.0172526572205243e-06, -0.016214000061154366, 0.0, 0.0]","[1.0, 0.0, 1.0, 1.1780058145523071, 0.0, 0.322069376707077, 0.8960621953010559, 0.3943309485912323]",-24.855605909946476
16.300000000000097,182.074951171875,304.0124816894531,12.78715991973877,0.27642822265625,0.20000000298023224,"[0.5983493328094482, 1.0, 0.5941762924194336, 0.9103226661682129]","[0.0, 0.0, -3.1957933970261365e-06, 0.00011933333735214546, -0.04375659301877022, 1.0, 0.016333334147930145, -3.1957933970261365e-06, 0.0, 0.0, 1.0172526572205243e-06, -0.016214000061154366, 0.0, 0.0]","[1.0, 0.0, 1.0, 1.1780058145523071, 0.0, 0.322069376707077, 0.8960621953010559, 0.3943309485912323]",-24.860075370612808
16.350000000000097,181.47360229492188,304.1968078613281,12.523500442504883,0.254913330078125,0.20000000298023224,"[0.6156518459320068, 1.0, 0.7078826427459717, 0.7472139000892639]","[0.0, 0.0, -3.1957933970261365e-06, 0.00011933333735214546, -0.04375659301877022, 1.0, 0.016333334147930145, -3.1957933970261365e-06, 0.0, 0.0, 1.0172526572205243e-06, -0.016214000061154366, 0.0, 0.0]","[1.0, 0.0, 1.0, 1.1780058145523071, 0.0, 0.322069376707077, 0.8960621953010559, 0.3943309485912323]",-24.821142648262533
16.400000000000098,180.87689208984375,304.3432922363281,12.255040168762207,0.22662353515625,0.20000000298023224,"[0.6332694292068481, 1.0, 0.7163164615631104, 0.874889612197876]","[0.0, 0.0, -3.1957933970261365e-06, 0.00011933333735214546, -0.04375659301877022, 1.0, 0.016333334147930145, -3.1957933970261365e-06, 0.0, 0.0, 1.0172526572205243e-06, -0.016214000061154366, 0.0, 0.0]","[1.0, 0.0, 1.0, 1.1780058145523071, 0.0, 0.322069376707077, 0.8960621953010559, 0.3943309485912323]",-24.732075458059654
16.4500000000001,180.28419494628906,304.4523620605469,12.037500381469727,0.194488525390625,0.20000000298023224,"[0.647545337677002, 1.0, 0.6756030917167664, 0.897729754447937]","[0.0, 0.0, -3.1957933970261365e-06, 0.00011933333735214546, -0.04375659301877022, 1.0, 0.016333334147930145, -3.1957933970261365e-06, 0.0, 0.0, 1.0172526572205243e-06, -0.016214000061154366, 0.0, 0.0]","[1.0, 0.0, 1.0, 1.1780058145523071, 0.0, 0.322069376707077, 0.8960621953010559, 0.3943309485912323]",-24.1554824799433
16.5000000000001,179.6951141357422,304.5283508300781,11.875260353088379,0.159881591796875,0.28173828125,"[0.6581922769546509, 1.0, 0.6341485977172852, 0.8625604510307312]","[0.0, 0.0, -3.1957933970261365e-06, 0.00011933333735214546, -0.04375659301877022, 1.0, 0.016333334147930145, -3.1957933970261365e-06, 0.0, 0.0, 1.0172526572205243e-06, -0.016214000061154366, 0.0, 0.0]","[1.0, 0.0, 1.0, 1.1780058145523071, 0.0, 0.322069376707077, 0.8960621953010559, 0.3943309485912323]",-24.01892774138888
16.5500000000001,179.10867309570312,304.58221435546875,11.778739929199219,0.035308837890625,0.703125,"[0.6645263433456421, 1.0, 0.3789331316947937, 0.6246601939201355]","[0.0, 0.0, -3.1957933970261365e-06, 0.00011933333735214546, -0.04375659301877022, 1.0, 0.016333334147930145, -3.1957933970261365e-06, 0.0, 0.0, 1.0172526572205243e-06, -0.016214000061154366, 0.0, 0.0]","[1.0, 0.0, 1.0, 1.1780058145523071, 0.0, 0.322069376707077, 0.8960621953010559, 0.3943309485912323]",-23.892639592320428
16.6000000000001,178.5229034423828,304.6180725097656,11.739609718322754,0.034332275390625,0.71484375,"[0.6670942306518555, 1.0, 0.34886986017227173, 0.8999579548835754]","[0.0, 0.0, -3.1957933970261365e-06, 0.00011933333735214546, -0.04375659301877022, 1.0, 0.016333334147930145, -3.1957933970261365e-06, 0.0, 0.0, 1.0172526572205243e-06, -0.016214000061154366, 0.0, 0.0]","[1.0, 0.0, 1.0, 1.1780058145523071, 0.0, 0.322069376707077, 0.8960621953010559, 0.3943309485912323]",-23.778836661436475
16.6500000000001,177.93605041503906,304.6370544433594,11.759849548339844,0.023651123046875,0.7734375,"[0.6657660007476807, 0.8611000180244446, 0.2871450185775757, 0.893060028553009]","[0.0, 0.0, -3.1957933970261365e-06, 0.00011933333735214546, -0.04375659301877022, 1.0, 0.016333334147930145, -3.1957933970261365e-06, 0.0, 0.0, 1.0172526572205243e-06, -0.016214000061154366, 0.0, 0.0]","[1.0, 0.0, 1.0, 1.1780058145523071, 0.0, 0.322069376707077, 0.8960621953010559, 0.3943309485912323]",-23.216775148599687
16.700000000000102,177.34622192382812,304.6431884765625,11.82172966003418,0.01593017578125,0.80078125,"[0.6617051959037781, 0.7657999992370605, 0.2564307451248169, 0.8953410387039185]","[0.0, 0.0, -3.1957933970261365e-06, 0.00011933333735214546, -0.04375659301877022, 1.0, 0.016333334147930145, -3.1957933970261365e-06, 0.0, 0.0, 1.0172526572205243e-06, -0.016214000061154366, 0.0, 0.0]","[1.0, 0.0, 1.0, 1.1780058145523071, 0.0, 0.322069376707077, 0.8960621953010559, 0.3943309485912323]",-23.07044688246556
16.750000000000103,176.7516326904297,304.6399841308594,11.928000450134277,0.0123291015625,0.82421875,"[0.6547312140464783, 0.6840000152587891, 0.2390342652797699, 0.9058467149734497]","[0.0, 0.0, -3.1957933970261365e-06, 0.00011933333735214546, -0.04375659301877022, 1.0, 0.016333334147930145, -3.1957933970261365e-06, 0.0, 0.0, 1.0172526572205243e-06, -0.016214000061154366, 0.0, 0.0]","[1.0, 0.0, 1.0, 1.1780058145523071, 0.0, 0.322069376707077, 0.8960621953010559, 0.3943309485912323]",-22.87014799528553
16.800000000000104,176.15101623535156,304.62982177734375,12.057470321655273,0.01153564453125,0.8359375,"[0.6462348699569702, 0.6463000178337097, 0.2161419838666916, 0.9279106259346008]","[0.0, 0.0, -3.1957933970261365e-06, 0.00011933333735214546, -0.04375659301877022, 1.0, 0.016333334147930145, -3.1957933970261365e-06, 0.0, 0.0, 1.0172526572205243e-06, -0.016214000061154366, 0.0, 0.0]","[1.0, 0.0, 1.0, 1.1780058145523071, 0.0, 0.322069376707077, 0.8960621953010559, 0.3943309485912323]",-22.72932359061429
16.850000000000104,175.54331970214844,304.61468505859375,12.207940101623535,0.01092529296875,0.84375,"[0.6363602876663208, 0.623199999332428, 0.20693010091781616, 0.9392861723899841]","[0.0, 0.0, -3.1957933970261365e-06, 0.00011933333735214546, -0.04375659301877022, 1.0, 0.016333334147930145, -3.1957933970261365e-06, 0.0, 0.0, 1.0172526572205243e-06, -0.016214000061154366, 0.0, 0.0]","[1.0, 0.0, 1.0, 1.1780058145523071, 0.0, 0.322069376707077, 0.8960621953010559, 0.3943309485912323]",-22.614210873523213
16.900000000000105,174.927734375,304.5958557128906,12.372209548950195,0.0086669921875,0.84375,"[0.6255802512168884, 0.6313999891281128, 0.19177231192588806, 0.9429815411567688]","[0.0, 0.0, -3.1957933970261365e-06, 0.00011933333735214546, -0.04375659301877022, 1.0, 0.016333334147930145, -3.1957933970261365e-06, 0.0, 0.0, 1.0172526572205243e-06, -0.016214000061154366, 0.0, 0.0]","[1.0, 0.0, 1.0, 1.1780058145523071, 0.0, 0.322069376707077, 0.8960621953010559, 0.3943309485912323]",-22.785393262063813
16.950000000000106,174.30377197265625,304.5746154785156,12.546299934387207,0.004852294921875,0.8515625,"[0.614155650138855, 0.6079999804496765, 0.17970331013202667, 0.9504252076148987]","[0.0, 0.0, -3.1957933970261365e-06, 0.00011933333735214546, -0.04375659301877022, 1.0, 0.016333334147930145, -3.1957933970261365e-06, 0.0, 0.0, 1.0172526572205243e-06, -0.016214000061154366, 0.0, 0.0]","[1.0, 0.0, 1.0, 1.1780058145523071, 0.0, 0.322069376707077, 0.8960621953010559, 0.3943309485912323]",-22.95199039349016
17.000000000000107,173.67092895507812,304.55181884765625,12.728179931640625,0.000701904296875,0.85546875,"[0.602219820022583, 0.6001999974250793, 0.1677199900150299, 0.9519901871681213]","[0.0, 0.0, -3.1957933970261365e-06, 0.00011933333735214546, -0.04375659301877022, 1.0, 0.016333334147930145, -3.1957933970261365e-06, 0.0, 0.0, 1.0172526572205243e-06, -0.016214000061154366, 0.0, 0.0]","[1.0, 0.0, 1.0, 1.1780058145523071, 0.0, 0.322069376707077, 0.8960621953010559, 0.3943309485912323]",-23.134818115155685
17.050000000000107,173.02891540527344,304.5280456542969,12.915069580078125,-0.001129150390625,0.859375,"[0.5899553298950195, 0.5922999978065491, 0.16589537262916565, 0.9642422795295715]","[0.0, 0.0, -3.1957933970261365e-06, 0.00011933333735214546, -0.04375659301877022, 1.0, 0.016333334147930145, -3.1957933970261365e-06, 0.0, 0.0, 1.0172526572205243e-06, -0.016214000061154366, 0.0, 0.0]","[1.0, 0.0, 1.0, 1.1780058145523071, 0.0, 0.322069376707077, 0.8960621953010559, 0.3943309485912323]",-23.128618178737874
17.100000000000108,172.3775177001953,304.50347900390625,13.106120109558105,-0.00079345703125,0.86328125,"[0.5774177312850952, 0.5841000080108643, 0.16882723569869995, 0.9679045677185059]","[0.0, 0.0, -3.1957933970261365e-06, 0.00011933333735214546, -0.04375659301877022, 1.0, 0.016333334147930145, -3.1957933970261365e-06, 0.0, 0.0, 1.0172526572205243e-06, -0.016214000061154366, 0.0, 0.0]","[1.0, 0.0, 1.0, 1.1780058145523071, 0.0, 0.322069376707077, 0.8960621953010559, 0.3943309485912323]",-23.402955767054127
17.15000000000011,171.71653747558594,304.4781799316406,13.300700187683105,-0.00054931640625,0.87109375,"[0.5646485090255737, 0.5587000250816345, 0.1734079122543335, 0.9688149094581604]","[0.0, 0.0, -3.1957933970261365e-06, 0.00011933333735214546, -0.04375659301877022, 1.0, 0.016333334147930145, -3.1957933970261365e-06, 0.0, 0.0, 1.0172526572205243e-06, -0.016214000061154366, 0.0, 0.0]","[1.0, 0.0, 1.0, 1.1780058145523071, 0.0, 0.322069376707077, 0.8960621953010559, 0.3943309485912323]",-23.707109685465173
17.20000000000011,171.0457763671875,304.4523620605469,13.498900413513184,-0.000335693359375,0.875,"[0.5516417026519775, 0.5496000051498413, 0.17769977450370789, 0.9683896899223328]","[0.0, 0.0, -3.1957933970261365e-06, 0.00011933333735214546, -0.04375659301877022, 1.0, 0.016333334147930145, -3.1957933970261365e-06, 0.0, 0.0, 1.0172526572205243e-06, -0.016214000061154366, 0.0, 0.0]","[1.0, 0.0, 1.0, 1.1780058145523071, 0.0, 0.322069376707077, 0.8960621953010559, 0.3943309485912323]",-24.040024727222004
17.25000000000011,170.36505126953125,304.42608642578125,13.700019836425781,-0.000335693359375,0.875,"[0.5384433269500732, 0.5576000213623047, 0.18122856318950653, 0.9689245820045471]","[0.0, 0.0, -3.1957933970261365e-06, 0.00011933333735214546, -0.04375659301877022, 1.0, 0.016333334147930145, -3.1957933970261365e-06, 0.0, 0.0, 1.0172526572205243e-06, -0.016214000061154366, 0.0, 0.0]","[1.0, 0.0, 1.0, 1.1780058145523071, 0.0, 0.322069376707077, 0.8960621953010559, 0.3943309485912323]",-24.195200289159416
17.30000000000011,169.67425537109375,304.39947509765625,13.903329849243164,-0.000335693359375,0.87890625,"[0.5251012444496155, 0.5658000111579895, 0.18348175287246704, 0.9696477651596069]","[0.0, 0.0, -3.1957933970261365e-06, 0.00011933333735214546, -0.04375659301877022, 1.0, 0.016333334147930145, -3.1957933970261365e-06, 0.0, 0.0, 1.0172526572205243e-06, -0.016214000061154366, 0.0, 0.0]","[1.0, 0.0, 1.0, 1.1780058145523071, 0.0, 0.322069376707077, 0.8960621953010559, 0.3943309485912323]",-24.572918748596532
17.35000000000011,168.97323608398438,304.37249755859375,14.108969688415527,-0.000335693359375,0.8828125,"[0.5116062164306641, 0.538100004196167, 0.18551427125930786, 0.9691997766494751]","[0.0, 0.0, -3.1957933970261365e-06, 0.00011933333735214546, -0.04375659301877022, 1.0, 0.016333334147930145, -3.1957933970261365e-06, 0.0, 0.0, 1.0172526572205243e-06, -0.016214000061154366, 0.0, 0.0]","[1.0, 0.0, 1.0, 1.1780058145523071, 0.0, 0.322069376707077, 0.8960621953010559, 0.3943309485912323]",-24.971285865023418
17.400000000000112,168.26193237304688,304.3452453613281,14.317119598388672,-0.000335693359375,0.8828125,"[0.49794650077819824, 0.5458999872207642, 0.1875116527080536, 0.9686469435691833]","[0.0, 0.0, -3.1957933970261365e-06, 0.00011933333735214546, -0.04375659301877022, 1.0, 0.016333334147930145, -3.1957933970261365e-06, 0.0, 0.0, 1.0172526572205243e-06, -0.016214000061154366, 0.0, 0.0]","[1.0, 0.0, 1.0, 1.1780058145523071, 0.0, 0.322069376707077, 0.8960621953010559, 0.3943309485912323]",-25.39332334775765
17.450000000000113,167.54014587402344,304.31768798828125,14.527179718017578,-0.000335693359375,0.8828125,"[0.48416149616241455, 0.5537999868392944, 0.18889933824539185, 0.9690683484077454]","[0.0, 0.0, -3.1957933970261365e-06, 0.00011933333735214546, -0.04375659301877022, 1.0, 0.016333334147930145, -3.1957933970261365e-06, 0.0, 0.0, 1.0172526572205243e-06, -0.016214000061154366, 0.0, 0.0]","[1.0, 0.0, 1.0, 1.1780058145523071, 0.0, 0.322069376707077, 0.8960621953010559, 0.3943309485912323]",-25.660747901430675
17.500000000000114,166.8114471435547,304.2898864746094,14.572449684143066,0.000274658203125,0.88671875,"[0.48119062185287476, 0.5461000204086304, 0.041837360709905624, 0.7988299131393433]","[0.0, 0.0, -3.1957933970261365e-06, 0.00011933333735214546, -0.04375659301877022, 1.0, 0.016333334147930145, -3.1957933970261365e-06, 0.0, 0.0, 1.0172526572205243e-06, -0.016214000061154366, 0.0, 0.0]","[1.0, 0.0, 1.0, 1.1780058145523071, 0.0, 0.322069376707077, 0.8960621953010559, 0.3943309485912323]",-26.12987771221196
17.550000000000114,166.0830078125,304.26226806640625,14.594799995422363,-0.001190185546875,0.88671875,"[0.47972387075424194, 0.5480999946594238, 0.02620835043489933, 0.9690098166465759]","[0.0, 0.0, -3.1957933970261365e-06, 0.00011933333735214546, -0.04375659301877022, 1.0, 0.016333334147930145, -3.1957933970261365e-06, 0.0, 0.0, 1.0172526572205243e-06, -0.016214000061154366, 0.0, 0.0]","[1.0, 0.0, 1.0, 1.1780058145523071, 0.0, 0.322069376707077, 0.8960621953010559, 0.3943309485912323]",-26.609836806014673
17.600000000000115,165.3529052734375,304.2349853515625,14.713330268859863,-0.0025634765625,0.88671875,"[0.4719454050064087, 0.5472999811172485, 0.11398021876811981, 0.8694361448287964]","[0.0, 0.0, -3.1957933970261365e-06, 0.00011933333735214546, -0.04375659301877022, 1.0, 0.016333334147930145, -3.1957933970261365e-06, 0.0, 0.0, 1.0172526572205243e-06, -0.016214000061154366, 0.0, 0.0]","[1.0, 0.0, 1.0, 1.1780058145523071, 0.0, 0.322069376707077, 0.8960621953010559, 0.3943309485912323]",-27.101347489514772
17.650000000000116,164.6092987060547,304.2076721191406,14.983309745788574,-0.003997802734375,0.890625,"[0.45422816276550293, 0.5299000144004822, 0.25073888897895813, 0.7860415577888489]","[0.0, 0.0, -3.1957933970261365e-06, 0.00011933333735214546, -0.04375659301877022, 1.0, 0.016333334147930145, -3.1957933970261365e-06, 0.0, 0.0, 1.0172526572205243e-06, -0.016214000061154366, 0.0, 0.0]","[1.0, 0.0, 1.0, 1.1780058145523071, 0.0, 0.322069376707077, 0.8960621953010559, 0.3943309485912323]",-27.45002079990919
17.700000000000117,163.8532257080078,304.18060302734375,15.217949867248535,-0.0057373046875,0.890625,"[0.43883001804351807, 0.5400999784469604, 0.2247428596019745, 0.9248621463775635]","[0.0, 0.0, -3.1957933970261365e-06, 0.00011933333735214546, -0.04375659301877022, 1.0, 0.016333334147930145, -3.1957933970261365e-06, 0.0, 0.0, 1.0172526572205243e-06, -0.016214000061154366, 0.0, 0.0]","[1.0, 0.0, 1.0, 1.1780058145523071, 0.0, 0.322069376707077, 0.8960621953010559, 0.3943309485912323]",-27.991737611785364
17.750000000000117,163.08607482910156,304.1541442871094,15.43064022064209,-0.007568359375,0.89453125,"[0.42487233877182007, 0.52920001745224, 0.21119867265224457, 0.9431649446487427]","[0.0, 0.0, -3.1957933970261365e-06, 0.00011933333735214546, -0.04375659301877022, 1.0, 0.016333334147930145, -3.1957933970261365e-06, 0.0, 0.0, 1.0172526572205243e-06, -0.016214000061154366, 0.0, 0.0]","[1.0, 0.0, 1.0, 1.1780058145523071, 0.0, 0.322069376707077, 0.8960621953010559, 0.3943309485912323]",-28.551592786063026
17.800000000000118,162.30877685546875,304.1286315917969,15.62887954711914,-0.009552001953125,0.89453125,"[0.41186296939849854, 0.5368000268936157, 0.2052430659532547, 0.9531809687614441]","[0.0, 0.0, -3.1957933970261365e-06, 0.00011933333735214546, -0.04375659301877022, 1.0, 0.016333334147930145, -3.1957933970261365e-06, 0.0, 0.0, 1.0172526572205243e-06, -0.016214000061154366, 0.0, 0.0]","[1.0, 0.0, 1.0, 1.1780058145523071, 0.0, 0.322069376707077, 0.8960621953010559, 0.3943309485912323]",-29.126266422656848
17.85000000000012,161.5219268798828,304.1043395996094,15.817480087280273,-0.011199951171875,0.89453125,"[0.39948612451553345, 0.5436999797821045, 0.2029591053724289, 0.9599035382270813]","[0.0, 0.0, -3.1957933970261365e-06, 0.00011933333735214546, -0.04375659301877022, 1.0, 0.016333334147930145, -3.1957933970261365e-06, 0.0, 0.0, 1.0172526572205243e-06, -0.016214000061154366, 0.0, 0.0]","[1.0, 0.0, 1.0, 1.1780058145523071, 0.0, 0.322069376707077, 0.8960621953010559, 0.3943309485912323]",-29.5702998260552
17.90000000000012,160.725830078125,304.0815734863281,15.999679565429688,-0.01251220703125,0.89453125,"[0.3875293731689453, 0.5503000020980835, 0.20312264561653137, 0.9642689824104309]","[0.0, 0.0, -3.1957933970261365e-06, 0.00011933333735214546, -0.04375659301877022, 1.0, 0.016333334147930145, -3.1957933970261365e-06, 0.0, 0.0, 1.0172526572205243e-06, -0.016214000061154366, 0.0, 0.0]","[1.0, 0.0, 1.0, 1.1780058145523071, 0.0, 0.322069376707077, 0.8960621953010559, 0.3943309485912323]",-30.181022604754087
17.95000000000012,159.92076110839844,304.06060791015625,16.177919387817383,-0.013092041015625,0.8984375,"[0.3758324384689331, 0.5360000133514404, 0.20371735095977783, 0.968413233757019]","[0.0, 0.0, -3.1957933970261365e-06, 0.00011933333735214546, -0.04375659301877022, 1.0, 0.016333334147930145, -3.1957933970261365e-06, 0.0, 0.0, 1.0172526572205243e-06, -0.016214000061154366, 0.0, 0.0]","[1.0, 0.0, 1.0, 1.1780058145523071, 0.0, 0.322069376707077, 0.8960621953010559, 0.3943309485912323]",-30.808355149512494
18.00000000000012,159.10682678222656,304.04168701171875,16.35388946533203,-0.013092041015625,0.8984375,"[0.36428457498550415, 0.5418999791145325, 0.2044856995344162, 0.971284806728363]","[0.0, 0.0, -3.1957933970261365e-06, 0.00011933333735214546, -0.04375659301877022, 1.0, 0.016333334147930145, -3.1957933970261365e-06, 0.0, 0.0, 1.0172526572205243e-06, -0.016214000061154366, 0.0, 0.0]","[1.0, 0.0, 1.0, 1.1780058145523071, 0.0, 0.322069376707077, 0.8960621953010559, 0.3943309485912323]",-31.44958454423348
18.05000000000012,158.2841033935547,304.02490234375,16.528419494628906,-0.013092041015625,0.8984375,"[0.3528311252593994, 0.5476999878883362, 0.20616571605205536, 0.9719329476356506]","[0.0, 0.0, -3.1957933970261365e-06, 0.00011933333735214546, -0.04375659301877022, 1.0, 0.016333334147930145, -3.1957933970261365e-06, 0.0, 0.0, 1.0172526572205243e-06, -0.016214000061154366, 0.0, 0.0]","[1.0, 0.0, 1.0, 1.1780058145523071, 0.0, 0.322069376707077, 0.8960621953010559, 0.3943309485912323]",-31.960904804021183
18.100000000000122,157.45262145996094,304.0105285644531,16.70206069946289,-0.012908935546875,0.8984375,"[0.341435968875885, 0.5534999966621399, 0.20752745866775513, 0.9731746912002563]","[0.0, 0.0, -3.1957933970261365e-06, 0.00011933333735214546, -0.04375659301877022, 1.0, 0.016333334147930145, -3.1957933970261365e-06, 0.0, 0.0, 1.0172526572205243e-06, -0.016214000061154366, 0.0, 0.0]","[1.0, 0.0, 1.0, 1.1780058145523071, 0.0, 0.322069376707077, 0.8960621953010559, 0.3943309485912323]",-32.620961549685035
18.150000000000123,156.6124267578125,303.9985656738281,16.875499725341797,-0.01239013671875,0.90234375,"[0.3300541639328003, 0.5376999974250793, 0.20815427601337433, 0.9748142957687378]","[0.0, 0.0, -3.1957933970261365e-06, 0.00011933333735214546, -0.04375659301877022, 1.0, 0.016333334147930145, -3.1957933970261365e-06, 0.0, 0.0, 1.0172526572205243e-06, -0.016214000061154366, 0.0, 0.0]","[1.0, 0.0, 1.0, 1.1780058145523071, 0.0, 0.322069376707077, 0.8960621953010559, 0.3943309485912323]",-33.29083116881018
18.200000000000124,155.76351928710938,303.9891357421875,17.049209594726562,-0.0115966796875,0.90234375,"[0.8780772686004639, 0.5432000160217285, 0.20806856453418732, 0.9755321145057678]","[0.0, 0.0, -3.1957933970261365e-06, 0.00011933333735214546, -0.04375659301877022, 1.0, 0.016333334147930145, -3.1957933970261365e-06, 0.0, 0.0, 1.0172526572205243e-06, -0.016214000061154366, 0.0, 0.0]","[1.0, 0.0, 1.0, 1.1780058145523071, 0.0, 0.322069376707077, 0.8960621953010559, 0.3943309485912323]",-33.96478863280705
18.250000000000124,154.90589904785156,303.982177734375,17.2232608795166,-0.010101318359375,0.90234375,"[0.8723662495613098, 0.548799991607666, 0.2054804414510727, 0.9736301302909851]","[0.0, 0.0, -3.1957933970261365e-06, 0.00011933333735214546, -0.04375659301877022, 1.0, 0.016333334147930145, -3.1957933970261365e-06, 0.0, 0.0, 1.0172526572205243e-06, -0.016214000061154366, 0.0, 0.0]","[1.0, 0.0, 1.0, 1.1780058145523071, 0.0, 0.322069376707077, 0.8960621953010559, 0.3943309485912323]",-34.49207587929977
18.300000000000125,154.03958129882812,303.97747802734375,17.395889282226562,-0.00738525390625,0.875,"[0.8667019605636597, 0.7096999883651733, 0.1971837431192398, 0.968956470489502]","[0.0, 0.0, -3.1957933970261365e-06, 0.00011933333735214546, -0.04375659301877022, 1.0, 0.016333334147930145, -3.1957933970261365e-06, 0.0, 0.0, 1.0172526572205243e-06, -0.016214000061154366, 0.0, 0.0]","[1.0, 0.0, 1.0, 1.1780058145523071, 0.0, 0.322069376707077, 0.8960621953010559, 0.3943309485912323]",-35.184229453868
18.350000000000126,153.164794921875,303.97454833984375,17.561479568481445,-0.00299072265625,0.8125,"[0.8612685799598694, 1.0, 0.17824000120162964, 0.960668683052063]","[0.0, 0.0, -3.1957933970261365e-06, 0.00011933333735214546, -0.04375659301877022, 1.0, 0.016333334147930145, -3.1957933970261365e-06, 0.0, 0.0, 1.0172526572205243e-06, -0.016214000061154366, 0.0, 0.0]","[1.0, 0.0, 1.0, 1.1780058145523071, 0.0, 0.322069376707077, 0.8960621953010559, 0.3943309485912323]",-35.88743241699701
18.400000000000126,152.28207397460938,303.9727783203125,17.716609954833984,0.002288818359375,0.796875,"[0.8561784029006958, 1.0, 0.15270066261291504, 0.956068754196167]","[0.0, 0.0, -3.1957933970261365e-06, 0.00011933333735214546, -0.04375659301877022, 1.0, 0.016333334147930145, -3.1957933970261365e-06, 0.0, 0.0, 1.0172526572205243e-06, -0.016214000061154366, 0.0, 0.0]","[1.0, 0.0, 1.0, 1.1780058145523071, 0.0, 0.322069376707077, 0.8960621953010559, 0.3943309485912323]",-36.59629146669143
18.450000000000127,151.391845703125,303.9715881347656,17.86564064025879,0.005859375,0.828125,"[0.8512883186340332, 1.0, 0.13538241386413574, 0.9635881185531616]","[0.0, 0.0, -3.1957933970261365e-06, 0.00011933333735214546, -0.04375659301877022, 1.0, 0.016333334147930145, -3.1957933970261365e-06, 0.0, 0.0, 1.0172526572205243e-06, -0.016214000061154366, 0.0, 0.0]","[1.0, 0.0, 1.0, 1.1780058145523071, 0.0, 0.322069376707077, 0.8960621953010559, 0.3943309485912323]",-37.124775149364375
18.500000000000128,150.49417114257812,303.9705505371094,18.01449966430664,0.0076904296875,0.8515625,"[0.846403956413269, 0.8754000067710876, 0.13632966578006744, 0.9698041677474976]","[0.0, 0.0, -3.1957933970261365e-06, 0.00011933333735214546, -0.04375659301877022, 1.0, 0.016333334147930145, -3.1957933970261365e-06, 0.0, 0.0, 1.0172526572205243e-06, -0.016214000061154366, 0.0, 0.0]","[1.0, 0.0, 1.0, 1.1780058145523071, 0.0, 0.322069376707077, 0.8960621953010559, 0.3943309485912323]",-37.831909110483295
18.55000000000013,149.58900451660156,303.9693603515625,18.16506004333496,0.00732421875,0.859375,"[0.8414637446403503, 0.8824999928474426, 0.1433107703924179, 0.9728913307189941]","[0.0, 0.0, -3.1957933970261365e-06, 0.00011933333735214546, -0.04375659301877022, 1.0, 0.016333334147930145, -3.1957933970261365e-06, 0.0, 0.0, 1.0172526572205243e-06, -0.016214000061154366, 0.0, 0.0]","[1.0, 0.0, 1.0, 1.1780058145523071, 0.0, 0.322069376707077, 0.8960621953010559, 0.3943309485912323]",-38.553718005188955
18.60000000000013,148.67623901367188,303.9678955078125,18.317880630493164,0.005859375,0.8671875,"[0.8364493250846863, 0.7961000204086304, 0.14596526324748993, 0.9760050773620605]","[0.0, 0.0, -3.1957933970261365e-06, 0.00011933333735214546, -0.04375659301877022, 1.0, 0.016333334147930145, -3.1957933970261365e-06, 0.0, 0.0, 1.0172526572205243e-06, -0.016214000061154366, 0.0, 0.0]","[1.0, 0.0, 1.0, 1.1780058145523071, 0.0, 0.322069376707077, 0.8960621953010559, 0.3943309485912323]",-39.27162355998824
18.65000000000013,147.75570678710938,303.9659423828125,18.473979949951172,0.00408935546875,0.875,"[0.8313273787498474, 0.7554000020027161, 0.14965802431106567, 0.9741010069847107]","[0.0, 0.0, -3.1957933970261365e-06, 0.00011933333735214546, -0.04375659301877022, 1.0, 0.016333334147930145, -3.1957933970261365e-06, 0.0, 0.0, 1.0172526572205243e-06, -0.016214000061154366, 0.0, 0.0]","[1.0, 0.0, 1.0, 1.1780058145523071, 0.0, 0.322069376707077, 0.8960621953010559, 0.3943309485912323]",-39.79401388130154
18.70000000000013,146.8272705078125,303.9632873535156,18.6329402923584,0.00250244140625,0.8828125,"[0.8261115550994873, 0.7616000175476074, 0.15716789662837982, 0.9711768627166748]","[0.0, 0.0, -3.1957933970261365e-06, 0.00011933333735214546, -0.04375659301877022, 1.0, 0.016333334147930145, -3.1957933970261365e-06, 0.0, 0.0, 1.0172526572205243e-06, -0.016214000061154366, 0.0, 0.0]","[1.0, 0.0, 1.0, 1.1780058145523071, 0.0, 0.322069376707077, 0.8960621953010559, 0.3943309485912323]",-40.509752954948695
18.75000000000013,145.8907928466797,303.9598693847656,18.794479370117188,0.001556396484375,0.88671875,"[0.8208110928535461, 0.7200000286102295, 0.15728791058063507, 0.9738435745239258]","[0.0, 0.0, -3.1957933970261365e-06, 0.00011933333735214546, -0.04375659301877022, 1.0, 0.016333334147930145, -3.1957933970261365e-06, 0.0, 0.0, 1.0172526572205243e-06, -0.016214000061154366, 0.0, 0.0]","[1.0, 0.0, 1.0, 1.1780058145523071, 0.0, 0.322069376707077, 0.8960621953010559, 0.3943309485912323]",-41.22961163165946
18.800000000000132,144.94613647460938,303.9557800292969,18.958730697631836,0.00091552734375,0.88671875,"[0.8154215812683105, 0.7019000053405762, 0.15671558678150177, 0.9727258086204529]","[0.0, 0.0, -3.1957933970261365e-06, 0.00011933333735214546, -0.04375659301877022, 1.0, 0.016333334147930145, -3.1957933970261365e-06, 0.0, 0.0, 1.0172526572205243e-06, -0.016214000061154366, 0.0, 0.0]","[1.0, 0.0, 1.0, 1.1780058145523071, 0.0, 0.322069376707077, 0.8960621953010559, 0.3943309485912323]",-41.96296829462954
18.850000000000133,143.9932098388672,303.9510498046875,19.125200271606445,0.00048828125,0.88671875,"[0.8099594116210938, 0.7078999876976013, 0.15824703872203827, 0.97391277551651]","[0.0, 0.0, -3.1957933970261365e-06, 0.00011933333735214546, -0.04375659301877022, 1.0, 0.016333334147930145, -3.1957933970261365e-06, 0.0, 0.0, 1.0172526572205243e-06, -0.016214000061154366, 0.0, 0.0]","[1.0, 0.0, 1.0, 1.1780058145523071, 0.0, 0.322069376707077, 0.8960621953010559, 0.3943309485912323]",-42.47912542307255
18.900000000000134,143.0319061279297,303.94573974609375,19.293720245361328,-0.0003662109375,0.890625,"[0.8044298887252808, 0.6894000172615051, 0.15688614547252655, 0.9726242423057556]","[0.0, 0.0, -3.1957933970261365e-06, 0.00011933333735214546, -0.04375659301877022, 1.0, 0.016333334147930145, -3.1957933970261365e-06, 0.0, 0.0, 1.0172526572205243e-06, -0.016214000061154366, 0.0, 0.0]","[1.0, 0.0, 1.0, 1.1780058145523071, 0.0, 0.322069376707077, 0.8960621953010559, 0.3943309485912323]",-43.20818892412003
18.950000000000134,142.06834411621094,303.94000244140625,19.273399353027344,-0.00079345703125,0.89453125,"[0.8050966262817383, 0.6740000247955322, 0.0, 0.7734172344207764]","[0.0, 0.0, -3.1957933970261365e-06, 0.00011933333735214546, -0.04375659301877022, 1.0, 0.016333334147930145, -3.1957933970261365e-06, 0.0, 0.0, 1.0172526572205243e-06, -0.016214000061154366, 0.0, 0.0]","[1.0, 0.0, 1.0, 1.1780058145523071, 0.0, 0.322069376707077, 0.8960621953010559, 0.3943309485912323]",-43.93692637616203
19.000000000000135,141.10543823242188,303.9339904785156,19.26453971862793,-0.000823974609375,0.89453125,"[0.8053873777389526, 0.6744999885559082, 0.012868131510913372, 0.9847790598869324]","[0.0, 0.0, -3.1957933970261365e-06, 0.00011933333735214546, -0.04375659301877022, 1.0, 0.016333334147930145, -3.1957933970261365e-06, 0.0, 0.0, 1.0172526572205243e-06, -0.016214000061154366, 0.0, 0.0]","[1.0, 0.0, 1.0, 1.1780058145523071, 0.0, 0.322069376707077, 0.8960621953010559, 0.3943309485912323]",-44.6562786298057
19.050000000000136,140.1371307373047,303.92767333984375,19.466249465942383,-0.00079345703125,0.89453125,"[0.7987687587738037, 0.6685000061988831, 0.14385256171226501, 0.723402738571167]","[0.0, 0.0, -3.1957933970261365e-06, 0.00011933333735214546, -0.04375659301877022, 1.0, 0.016333334147930145, -3.1957933970261365e-06, 0.0, 0.0, 1.0172526572205243e-06, -0.016214000061154366, 0.0, 0.0]","[1.0, 0.0, 1.0, 1.1780058145523071, 0.0, 0.322069376707077, 0.8960621953010559, 0.3943309485912323]",-45.13928248709314
19.100000000000136,139.15748596191406,303.9211730957031,19.667919158935547,-0.00079345703125,0.89453125,"[0.7921515703201294, 0.6754000186920166, 0.17951340973377228, 0.9707937240600586]","[0.0, 0.0, -3.1957933970261365e-06, 0.00011933333735214546, -0.04375659301877022, 1.0, 0.016333334147930145, -3.1957933970261365e-06, 0.0, 0.0, 1.0172526572205243e-06, -0.016214000061154366, 0.0, 0.0]","[1.0, 0.0, 1.0, 1.1780058145523071, 0.0, 0.322069376707077, 0.8960621953010559, 0.3943309485912323]",-45.86318769161033
19.150000000000137,138.1686553955078,303.91455078125,19.840499877929688,-0.00079345703125,0.8984375,"[0.7864887714385986, 0.6581000089645386, 0.15270021557807922, 0.941951334476471]","[0.0, 0.0, -3.1957933970261365e-06, 0.00011933333735214546, -0.04375659301877022, 1.0, 0.016333334147930145, -3.1957933970261365e-06, 0.0, 0.0, 1.0172526572205243e-06, -0.016214000061154366, 0.0, 0.0]","[1.0, 0.0, 1.0, 1.1780058145523071, 0.0, 0.322069376707077, 0.8960621953010559, 0.3943309485912323]",-46.59141025255501
19.200000000000138,137.171875,303.9079284667969,19.993989944458008,-0.00079345703125,0.8984375,"[0.7814524173736572, 0.6643999814987183, 0.136210098862648, 0.9563975930213928]","[0.0, 0.0, -3.1957933970261365e-06, 0.00011933333735214546, -0.04375659301877022, 1.0, 0.016333334147930145, -3.1957933970261365e-06, 0.0, 0.0, 1.0172526572205243e-06, -0.016214000061154366, 0.0, 0.0]","[1.0, 0.0, 1.0, 1.1780058145523071, 0.0, 0.322069376707077, 0.8960621953010559, 0.3943309485912323]",-47.33451030116551
19.25000000000014,136.16786193847656,303.9012756347656,20.134809494018555,-0.00079345703125,0.8984375,"[0.776831865310669, 0.6700000166893005, 0.1260540634393692, 0.965736985206604]","[0.0, 0.0, -3.1957933970261365e-06, 0.00011933333735214546, -0.04375659301877022, 1.0, 0.016333334147930145, -3.1957933970261365e-06, 0.0, 0.0, 1.0172526572205243e-06, -0.016214000061154366, 0.0, 0.0]","[1.0, 0.0, 1.0, 1.1780058145523071, 0.0, 0.322069376707077, 0.8960621953010559, 0.3943309485912323]",-47.82267408897181
19.30000000000014,135.15713500976562,303.8947448730469,20.26721954345703,-0.00079345703125,0.8984375,"[0.7724871635437012, 0.675000011920929, 0.11945054680109024, 0.9719430804252625]","[0.0, 0.0, -3.1957933970261365e-06, 0.00011933333735214546, -0.04375659301877022, 1.0, 0.016333334147930145, -3.1957933970261365e-06, 0.0, 0.0, 1.0172526572205243e-06, -0.016214000061154366, 0.0, 0.0]","[1.0, 0.0, 1.0, 1.1780058145523071, 0.0, 0.322069376707077, 0.8960621953010559, 0.3943309485912323]",-48.57455875400075
19.35000000000014,134.13999938964844,303.8883361816406,20.394060134887695,-0.000823974609375,0.8984375,"[0.7683252692222595, 0.6796000003814697, 0.11527075618505478, 0.9760422110557556]","[0.0, 0.0, -3.1957933970261365e-06, 0.00011933333735214546, -0.04375659301877022, 1.0, 0.016333334147930145, -3.1957933970261365e-06, 0.0, 0.0, 1.0172526572205243e-06, -0.016214000061154366, 0.0, 0.0]","[1.0, 0.0, 1.0, 1.1780058145523071, 0.0, 0.322069376707077, 0.8960621953010559, 0.3943309485912323]",-49.33429250013969
19.40000000000014,133.11666870117188,303.8820495605469,20.51721954345703,-0.000823974609375,0.8984375,"[0.7642841339111328, 0.683899998664856, 0.11250900477170944, 0.9788007140159607]","[0.0, 0.0, -3.1957933970261365e-06, 0.00011933333735214546, -0.04375659301877022, 1.0, 0.016333334147930145, -3.1957933970261365e-06, 0.0, 0.0, 1.0172526572205243e-06, -0.016214000061154366, 0.0, 0.0]","[1.0, 0.0, 1.0, 1.1780058145523071, 0.0, 0.322069376707077, 0.8960621953010559, 0.3943309485912323]",-50.09488670946816
19.45000000000014,132.08724975585938,303.8759765625,20.637950897216797,-0.000823974609375,0.8984375,"[0.760322630405426, 0.6880999803543091, 0.11075077205896378, 0.9806098341941833]","[0.0, 0.0, -3.1957933970261365e-06, 0.00011933333735214546, -0.04375659301877022, 1.0, 0.016333334147930145, -3.1957933970261365e-06, 0.0, 0.0, 1.0172526572205243e-06, -0.016214000061154366, 0.0, 0.0]","[1.0, 0.0, 1.0, 1.1780058145523071, 0.0, 0.322069376707077, 0.8960621953010559, 0.3943309485912323]",-50.598008886698054
19.500000000000142,131.05184936523438,303.87005615234375,20.757089614868164,-0.000946044921875,0.8984375,"[0.756413459777832, 0.6922000050544739, 0.11005055159330368, 0.9816573858261108]","[0.0, 0.0, -3.1957933970261365e-06, 0.00011933333735214546, -0.04375659301877022, 1.0, 0.016333334147930145, -3.1957933970261365e-06, 0.0, 0.0, 1.0172526572205243e-06, -0.016214000061154366, 0.0, 0.0]","[1.0, 0.0, 1.0, 1.1780058145523071, 0.0, 0.322069376707077, 0.8960621953010559, 0.3943309485912323]",-51.3639469752613
19.550000000000143,130.01051330566406,303.8644104003906,20.875179290771484,-0.000946044921875,0.8984375,"[0.7525386214256287, 0.6962000131607056, 0.10935867577791214, 0.982599675655365]","[0.0, 0.0, -3.1957933970261365e-06, 0.00011933333735214546, -0.04375659301877022, 1.0, 0.016333334147930145, -3.1957933970261365e-06, 0.0, 0.0, 1.0172526572205243e-06, -0.016214000061154366, 0.0, 0.0]","[1.0, 0.0, 1.0, 1.1780058145523071, 0.0, 0.322069376707077, 0.8960621953010559, 0.3943309485912323]",-52.117766443509986
19.600000000000144,128.9633026123047,303.8590087890625,20.992610931396484,-0.000946044921875,0.8984375,"[0.7486854791641235, 0.7002000212669373, 0.1090087890625, 0.983120322227478]","[0.0, 0.0, -3.1957933970261365e-06, 0.00011933333735214546, -0.04375659301877022, 1.0, 0.016333334147930145, -3.1957933970261365e-06, 0.0, 0.0, 1.0172526572205243e-06, -0.016214000061154366, 0.0, 0.0]","[1.0, 0.0, 1.0, 1.1780058145523071, 0.0, 0.322069376707077, 0.8960621953010559, 0.3943309485912323]",-52.87531393363128
19.650000000000144,127.91022491455078,303.8538513183594,21.109600067138672,-0.000946044921875,0.8984375,"[0.744846761226654, 0.7041000127792358, 0.10885142534971237, 0.9834528565406799]","[0.0, 0.0, -3.1957933970261365e-06, 0.00011933333735214546, -0.04375659301877022, 1.0, 0.016333334147930145, -3.1957933970261365e-06, 0.0, 0.0, 1.0172526572205243e-06, -0.016214000061154366, 0.0, 0.0]","[1.0, 0.0, 1.0, 1.1780058145523071, 0.0, 0.322069376707077, 0.8960621953010559, 0.3943309485912323]",-53.34502989972834
19.700000000000145,126.85128021240234,303.84893798828125,21.226329803466797,-0.000946044921875,0.8984375,"[0.7410166263580322, 0.7080000042915344, 0.1088070198893547, 0.9836685657501221]","[0.0, 0.0, -3.1957933970261365e-06, 0.00011933333735214546, -0.04375659301877022, 1.0, 0.016333334147930145, -3.1957933970261365e-06, 0.0, 0.0, 1.0172526572205243e-06, -0.016214000061154366, 0.0, 0.0]","[1.0, 0.0, 1.0, 1.1780058145523071, 0.0, 0.322069376707077, 0.8960621953010559, 0.3943309485912323]",-54.09821806858843
19.750000000000146,125.78651428222656,303.8443298339844,21.342910766601562,-0.000946044921875,0.8984375,"[0.7371913194656372, 0.711899995803833, 0.10883867740631104, 0.983809769153595]","[0.0, 0.0, -3.1957933970261365e-06, 0.00011933333735214546, -0.04375659301877022, 1.0, 0.016333334147930145, -3.1957933970261365e-06, 0.0, 0.0, 1.0172526572205243e-06, -0.016214000061154366, 0.0, 0.0]","[1.0, 0.0, 1.0, 1.1780058145523071, 0.0, 0.322069376707077, 0.8960621953010559, 0.3943309485912323]",-54.849607247452866
19.800000000000146,124.71590423583984,303.84002685546875,21.459400177001953,-0.000946044921875,0.8984375,"[0.7333690524101257, 0.7157999873161316, 0.10890592634677887, 0.9838945865631104]","[0.0, 0.0, -3.1957933970261365e-06, 0.00011933333735214546, -0.04375659301877022, 1.0, 0.016333334147930145, -3.1957933970261365e-06, 0.0, 0.0, 1.0172526572205243e-06, -0.016214000061154366, 0.0, 0.0]","[1.0, 0.0, 1.0, 1.1780058145523071, 0.0, 0.322069376707077, 0.8960621953010559, 0.3943309485912323]",-55.59906951338177
19.850000000000147,123.63945770263672,303.8360290527344,21.57583999633789,-0.000946044921875,0.8984375,"[0.7295483946800232, 0.7196999788284302, 0.1089920848608017, 0.9839461445808411]","[0.0, 0.0, -3.1957933970261365e-06, 0.00011933333735214546, -0.04375659301877022, 1.0, 0.016333334147930145, -3.1957933970261365e-06, 0.0, 0.0, 1.0172526572205243e-06, -0.016214000061154366, 0.0, 0.0]","[1.0, 0.0, 1.0, 1.1780058145523071, 0.0, 0.322069376707077, 0.8960621953010559, 0.3943309485912323]",-56.01070996763346
19.900000000000148,122.55720520019531,303.83233642578125,21.692289352416992,-0.000946044921875,0.8984375,"[0.7257274389266968, 0.7235999703407288, 0.1090918704867363, 0.9839755296707153]","[0.0, 0.0, -3.1957933970261365e-06, 0.00011933333735214546, -0.04375659301877022, 1.0, 0.016333334147930145, -3.1957933970261365e-06, 0.0, 0.0, 1.0172526572205243e-06, -0.016214000061154366, 0.0, 0.0]","[1.0, 0.0, 1.0, 1.1780058145523071, 0.0, 0.322069376707077, 0.8960621953010559, 0.3943309485912323]",-56.75891357818697
19.95000000000015,121.46914672851562,303.8289489746094,21.807510375976562,-0.000946044921875,0.87109375,"[0.7219467759132385, 0.9233999848365784, 0.10811340063810349, 0.9828319549560547]","[0.0, 0.0, -3.1957933970261365e-06, 0.00011933333735214546, -0.04375659301877022, 1.0, 0.016333334147930145, -3.1957933970261365e-06, 0.0, 0.0, 1.0172526572205243e-06, -0.016214000061154366, 0.0, 0.0]","[1.0, 0.0, 1.0, 1.1780058145523071, 0.0, 0.322069376707077, 0.8960621953010559, 0.3943309485912323]",-57.50057848300889
20.00000000000015,120.37541961669922,303.825927734375,21.92045021057129,-0.000946044921875,0.87109375,"[0.7182409763336182, 0.9283999800682068, 0.1061955988407135, 0.9818958044052124]","[0.0, 0.0, -3.1957933970261365e-06, 0.00011933333735214546, -0.04375659301877022, 1.0, 0.016333334147930145, -3.1957933970261365e-06, 0.0, 0.0, 1.0172526572205243e-06, -0.016214000061154366, 0.0, 0.0]","[1.0, 0.0, 1.0, 1.1780058145523071, 0.0, 0.322069376707077, 0.8960621953010559, 0.3943309485912323]",-58.24740770784187
20.05000000000015,119.27608489990234,303.82318115234375,22.031719207763672,-0.000946044921875,0.8671875,"[0.7145899534225464, 0.9614999890327454, 0.10480790585279465, 0.9828467965126038]","[0.0, 0.0, -3.1957933970261365e-06, 0.00011933333735214546, -0.04375659301877022, 1.0, 0.016333334147930145, -3.1957933970261365e-06, 0.0, 0.0, 1.0172526572205243e-06, -0.016214000061154366, 0.0, 0.0]","[1.0, 0.0, 1.0, 1.1780058145523071, 0.0, 0.322069376707077, 0.8960621953010559, 0.3943309485912323]",-58.62461439817604
20.10000000000015,118.17121124267578,303.8208312988281,22.14168930053711,-0.000946044921875,0.8671875,"[0.7109816074371338, 0.9664000272750854, 0.10373010486364365, 0.9834473729133606]","[0.0, 0.0, -3.1957933970261365e-06, 0.00011933333735214546, -0.04375659301877022, 1.0, 0.016333334147930145, -3.1957933970261365e-06, 0.0, 0.0, 1.0172526572205243e-06, -0.016214000061154366, 0.0, 0.0]","[1.0, 0.0, 1.0, 1.1780058145523071, 0.0, 0.322069376707077, 0.8960621953010559, 0.3943309485912323]",-59.35795972849312
20.15000000000015,117.06088256835938,303.81878662109375,22.250619888305664,-0.000946044921875,0.86328125,"[0.7074073553085327, 0.9998999834060669, 0.10288746654987335, 0.9839107394218445]","[0.0, 0.0, -3.1957933970261365e-06, 0.00011933333735214546, -0.04375659301877022, 1.0, 0.016333334147930145, -3.1957933970261365e-06, 0.0, 0.0, 1.0172526572205243e-06, -0.016214000061154366, 0.0, 0.0]","[1.0, 0.0, 1.0, 1.1780058145523071, 0.0, 0.322069376707077, 0.8960621953010559, 0.3943309485912323]",-60.079623450416754
20.200000000000152,115.94513702392578,303.8171081542969,22.35848045349121,-0.000946044921875,0.859375,"[0.7038682699203491, 1.0, 0.10201406478881836, 0.9840189814567566]","[0.0, 0.0, -3.1957933970261365e-06, 0.00011933333735214546, -0.04375659301877022, 1.0, 0.016333334147930145, -3.1957933970261365e-06, 0.0, 0.0, 1.0172526572205243e-06, -0.016214000061154366, 0.0, 0.0]","[1.0, 0.0, 1.0, 1.1780058145523071, 0.0, 0.322069376707077, 0.8960621953010559, 0.3943309485912323]",-60.79259948420784
20.250000000000153,114.82402801513672,303.8158264160156,22.46525001525879,-0.000946044921875,0.85546875,"[0.7003648281097412, 1.0, 0.10111033171415329, 0.9841334223747253]","[0.0, 0.0, -3.1957933970261365e-06, 0.00011933333735214546, -0.04375659301877022, 1.0, 0.016333334147930145, -3.1957933970261365e-06, 0.0, 0.0, 1.0172526572205243e-06, -0.016214000061154366, 0.0, 0.0]","[1.0, 0.0, 1.0, 1.1780058145523071, 0.0, 0.322069376707077, 0.8960621953010559, 0.3943309485912323]",-61.06667395831512
20.300000000000153,113.69760131835938,303.8148498535156,22.57110023498535,-0.000946044921875,0.85546875,"[0.6968916654586792, 1.0, 0.10036351531744003, 0.9844686388969421]","[0.0, 0.0, -3.1957933970261365e-06, 0.00011933333735214546, -0.04375659301877022, 1.0, 0.016333334147930145, -3.1957933970261365e-06, 0.0, 0.0, 1.0172526572205243e-06, -0.016214000061154366, 0.0, 0.0]","[1.0, 0.0, 1.0, 1.1780058145523071, 0.0, 0.322069376707077, 0.8960621953010559, 0.3943309485912323]",-61.74429532265239
20.350000000000154,112.56592559814453,303.81427001953125,22.675979614257812,-0.000946044921875,0.84765625,"[0.6934503316879272, 1.0, 0.09957274794578552, 0.9845464825630188]","[0.0, 0.0, -3.1957933970261365e-06, 0.00011933333735214546, -0.04375659301877022, 1.0, 0.016333334147930145, -3.1957933970261365e-06, 0.0, 0.0, 1.0172526572205243e-06, -0.016214000061154366, 0.0, 0.0]","[1.0, 0.0, 1.0, 1.1780058145523071, 0.0, 0.322069376707077, 0.8960621953010559, 0.3943309485912323]",-62.401655740120525
20.400000000000155,111.42903900146484,303.81402587890625,22.779090881347656,-0.000946044921875,0.83203125,"[0.6900670528411865, 1.0, 0.09808087348937988, 0.9838438630104065]","[0.0, 0.0, -3.1957933970261365e-06, 0.00011933333735214546, -0.04375659301877022, 1.0, 0.016333334147930145, -3.1957933970261365e-06, 0.0, 0.0, 1.0172526572205243e-06, -0.016214000061154366, 0.0, 0.0]","[1.0, 0.0, 1.0, 1.1780058145523071, 0.0, 0.322069376707077, 0.8960621953010559, 0.3943309485912323]",-63.033334437837965
20.450000000000156,110.28707885742188,303.8141784667969,22.879480361938477,-0.000946044921875,0.81640625,"[0.6867730617523193, 1.0, 0.09575033187866211, 0.983090341091156]","[0.0, 0.0, -3.1957933970261365e-06, 0.00011933333735214546, -0.04375659301877022, 1.0, 0.016333334147930145, -3.1957933970261365e-06, 0.0, 0.0, 1.0172526572205243e-06, -0.016214000061154366, 0.0, 0.0]","[1.0, 0.0, 1.0, 1.1780058145523071, 0.0, 0.322069376707077, 0.8960621953010559, 0.3943309485912323]",-63.13525844947161
20.500000000000156,109.14022827148438,303.8147277832031,22.975830078125,-0.000946044921875,0.78515625,"[0.6836116313934326, 1.0, 0.0922531932592392, 0.9820692539215088]","[0.0, 0.0, -3.1957933970261365e-06, 0.00011933333735214546, -0.04375659301877022, 1.0, 0.016333334147930145, -3.1957933970261365e-06, 0.0, 0.0, 1.0172526572205243e-06, -0.016214000061154366, 0.0, 0.0]","[1.0, 0.0, 1.0, 1.1780058145523071, 0.0, 0.322069376707077, 0.8960621953010559, 0.3943309485912323]",-63.77025547368818
20.550000000000157,107.98873901367188,303.815673828125,23.066579818725586,-0.000946044921875,0.7578125,"[0.6806339025497437, 1.0, 0.08739911764860153, 0.9810109734535217]","[0.0, 0.0, -3.1957933970261365e-06, 0.00011933333735214546, -0.04375659301877022, 1.0, 0.016333334147930145, -3.1957933970261365e-06, 0.0, 0.0, 1.0172526572205243e-06, -0.016214000061154366, 0.0, 0.0]","[1.0, 0.0, 1.0, 1.1780058145523071, 0.0, 0.322069376707077, 0.8960621953010559, 0.3943309485912323]",-64.4028734512697
20.600000000000158,106.83287811279297,303.81695556640625,23.152179718017578,-0.000946044921875,0.75390625,"[0.6778252124786377, 1.0, 0.08292702585458755, 0.9822258949279785]","[0.0, 0.0, -3.1957933970261365e-06, 0.00011933333735214546, -0.04375659301877022, 1.0, 0.016333334147930145, -3.1957933970261365e-06, 0.0, 0.0, 1.0172526572205243e-06, -0.016214000061154366, 0.0, 0.0]","[1.0, 0.0, 1.0, 1.1780058145523071, 0.0, 0.322069376707077, 0.8960621953010559, 0.3943309485912323]",-64.95724737828398
20.65000000000016,105.67285919189453,303.8186950683594,23.234220504760742,-0.000946044921875,0.75390625,"[0.675133228302002, 1.0, 0.07984878867864609, 0.9845922589302063]","[0.0, 0.0, -3.1957933970261365e-06, 0.00011933333735214546, -0.04375659301877022, 1.0, 0.016333334147930145, -3.1957933970261365e-06, 0.0, 0.0, 1.0172526572205243e-06, -0.016214000061154366, 0.0, 0.0]","[1.0, 0.0, 1.0, 1.1780058145523071, 0.0, 0.322069376707077, 0.8960621953010559, 0.3943309485912323]",-64.78199700919785
20.70000000000016,104.50881958007812,303.8207702636719,23.313690185546875,-0.000946044921875,0.75390625,"[0.6725256443023682, 1.0, 0.07765758037567139, 0.9861337542533875]","[0.0, 0.0, -3.1957933970261365e-06, 0.00011933333735214546, -0.04375659301877022, 1.0, 0.016333334147930145, -3.1957933970261365e-06, 0.0, 0.0, 1.0172526572205243e-06, -0.016214000061154366, 0.0, 0.0]","[1.0, 0.0, 1.0, 1.1780058145523071, 0.0, 0.322069376707077, 0.8960621953010559, 0.3943309485912323]",-65.28269930652397
20.75000000000016,103.34086608886719,303.82330322265625,23.391469955444336,-0.000946044921875,0.75390625,"[0.6699734926223755, 1.0, 0.07621889561414719, 0.9873815774917603]","[0.0, 0.0, -3.1957933970261365e-06, 0.00011933333735214546, -0.04375659301877022, 1.0, 0.016333334147930145, -3.1957933970261365e-06, 0.0, 0.0, 1.0172526572205243e-06, -0.016214000061154366, 0.0, 0.0]","[1.0, 0.0, 1.0, 1.1780058145523071, 0.0, 0.322069376707077, 0.8960621953010559, 0.3943309485912323]",-65.79244506362956
20.80000000000016,102.16905212402344,303.8262023925781,23.468120574951172,-0.000946044921875,0.75390625,"[0.6674584150314331, 1.0, 0.0752839520573616, 0.9882097244262695]","[0.0, 0.0, -3.1957933970261365e-06, 0.00011933333735214546, -0.04375659301877022, 1.0, 0.016333334147930145, -3.1957933970261365e-06, 0.0, 0.0, 1.0172526572205243e-06, -0.016214000061154366, 0.0, 0.0]","[1.0, 0.0, 1.0, 1.1780058145523071, 0.0, 0.322069376707077, 0.8960621953010559, 0.3943309485912323]",-66.31378048741
20.85000000000016,100.99343872070312,303.82952880859375,23.54401969909668,-0.000946044921875,0.75390625,"[0.6649680137634277, 1.0, 0.07467164844274521, 0.9887496829032898]","[0.0, 0.0, -3.1957933970261365e-06, 0.00011933333735214546, -0.04375659301877022, 1.0, 0.016333334147930145, -3.1957933970261365e-06, 0.0, 0.0, 1.0172526572205243e-06, -0.016214000061154366, 0.0, 0.0]","[1.0, 0.0, 1.0, 1.1780058145523071, 0.0, 0.322069376707077, 0.8960621953010559, 0.3943309485912323]",-66.20561608990789
20.900000000000162,99.81401824951172,303.8332824707031,23.619409561157227,-0.000946044921875,0.75390625,"[0.6624943017959595, 1.0, 0.07427296787500381, 0.9891059994697571]","[0.0, 0.0, -3.1957933970261365e-06, 0.00011933333735214546, -0.04375659301877022, 1.0, 0.016333334147930145, -3.1957933970261365e-06, 0.0, 0.0, 1.0172526572205243e-06, -0.016214000061154366, 0.0, 0.0]","[1.0, 0.0, 1.0, 1.1780058145523071, 0.0, 0.322069376707077, 0.8960621953010559, 0.3943309485912323]",-66.69068507279707
20.950000000000163,98.63084411621094,303.8374328613281,23.69445037841797,-0.000946044921875,0.75390625,"[0.6600320339202881, 1.0, 0.07401537895202637, 0.9893428683280945]","[0.0, 0.0, -3.1957933970261365e-06, 0.00011933333735214546, -0.04375659301877022, 1.0, 0.016333334147930145, -3.1957933970261365e-06, 0.0, 0.0, 1.0172526572205243e-06, -0.016214000061154366, 0.0, 0.0]","[1.0, 0.0, 1.0, 1.1780058145523071, 0.0, 0.322069376707077, 0.8960621953010559, 0.3943309485912323]",-67.87384190625488
