sim_time,x,y,speed,steer,throttle,style_scores,alert_state,alert_raw,alert_score
0.05,104.59001922607422,191.77003479003906,0.9800000190734863,0.0,0.5,"[0.3768119812011719, 0.15489999949932098, 0.0, 0.9431818127632141]","[0.0, 0.0, -3.1957933970261365e-06, 0.00011933333735214546, -0.04602250084280968, 1.0, 0.016333334147930145, -3.1957933970261365e-06, 0.0, 0.0, 1.0172526572205243e-06, -0.016214000061154366, 0.0, 0.0]","[1.0, 1.0, 1.0, 1.3381903171539307, 2.0, 0.5678644180297852, 0.7299122214317322, 0.06327319145202637]",1.0
0.1,104.59001922607422,191.77003479003906,1.4700000286102295,0.0,0.5,"[0.4089679718017578, 0.23229999840259552, 0.0, 0.9659090638160706]","[0.0, 0.0, -3.1957933970261365e-06, 0.00011933333735214546, -0.04602250084280968, 1.0, 0.016333334147930145, -3.1957933970261365e-06, 0.0, 0.0, 1.0172526572205243e-06, -0.016214000061154366, 0.0, 0.0]","[1.0, 1.0, 1.0, 1.3381903171539307, 2.0, 0.5678644180297852, 0.7299122214317322, 0.06327319145202637]",1.0
0.15000000000000002,104.59001922607422,191.77003479003906,1.7187600135803223,0.0,0.5,"[0.4252927303314209, 0.2784999907016754, 0.0, 0.7467684745788574]","[0.0, 0.0, -3.1957933970261365e-06, 0.00011933333735214546, -0.04602250084280968, 1.0, 0.016333334147930145, -3.1957933970261365e-06, 0.0, 0.0, 1.0172526572205243e-06, -0.016214000061154366, 0.0, 0.0]","[1.0, 1.0, 1.0, 1.3381903171539307, 2.0, 0.5678644180297852, 0.7299122214317322, 0.06327319145202637]",1.0
0.2,104.59001922607422,191.77003479003906,0.9489799737930298,0.0,0.5,"[0.37477630376815796, 0.14550000429153442, 0.0, 0.5113636255264282]","[0.0, 0.0, -3.1957933970261365e-06, 0.00011933333735214546, -0.04602250084280968, 1.0, 0.016333334147930145, -3.1957933970261365e-06, 0.0, 0.0, 1.0172526572205243e-06, -0.016214000061154366, 0.0, 0.0]","[1.0, 1.0, 1.0, 1.3381903171539307, 2.0, 0.5678644180297852, 0.7299122214317322, 0.06327319145202637]",1.0
0.25,104.59001922607422,191.77003479003906,0.48186999559402466,0.0,0.5,"[0.3441224694252014, 0.0763000026345253, 0.0, 0.6907535195350647]","[0.0, 0.0, -3.1957933970261365e-06, 0.00011933333735214546, -0.04602250084280968, 1.0, 0.016333334147930145, -3.1957933970261365e-06, 0.0, 0.0, 1.0172526572205243e-06, -0.016214000061154366, 0.0, 0.0]","[1.0, 1.0, 1.0, 1.3381903171539307, 2.0, 0.5678644180297852, 0.7299122214317322, 0.06327319145202637]",0.9770021130330488
0.3,104.59001922607422,191.77003479003906,0.20643000304698944,0.0,0.5,"[0.3260468542575836, 0.033399999141693115, 8.791208188085875e-07, 0.791659951210022]","[0.0, 0.0, -3.1957933970261365e-06, 0.00011933333735214546, -0.04602250084280968, 1.0, 0.016333334147930145, -3.1957933970261365e-06, 0.0, 0.0, 1.0172526572205243e-06, -0.016214000061154366, 0.0, 0.0]","[1.0, 1.0, 1.0, 1.3381903171539307, 2.0, 0.5678644180297852, 0.7299122214317322, 0.06327319145202637]",0.8907922060128349
0.35,104.59001922607422,191.77003479003906,0.05063999816775322,0.0,0.5,"[0.3158232271671295, 0.008299999870359898, 4.3956040940429375e-07, 0.8699873685836792]","[0.0, 0.0, -3.1957933970261365e-06, 0.00011933333735214546, -0.04602250084280968, 1.0, 0.016333334147930145, -3.1957933970261365e-06, 0.0, 0.0, 1.0172526572205243e-06, -0.016214000061154366, 0.0, 0.0]","[1.0, 1.0, 1.0, 1.3381903171539307, 2.0, 0.5678644180297852, 0.7299122214317322, 0.06327319145202637]",0.7813895703508703
0.39999999999999997,104.59001922607422,191.77003479003906,0.0318400003015995,0.0,0.5,"[0.3145894706249237, 0.005200000014156103, 4.3956040940429375e-07, 0.9307903051376343]","[0.0, 0.0, -3.1957933970261365e-06, 0.00011933333735214546, -0.04602250084280968, 1.0, 0.016333334147930145, -3.1957933970261365e-06, 0.0, 0.0, 1.0172526572205243e-06, -0.016214000061154366, 0.0, 0.0]","[1.0, 1.0, 1.0, 1.3381903171539307, 2.0, 0.5678644180297852, 0.7299122214317322, 0.06327319145202637]",0.4512720268880436
0.44999999999999996,104.59001922607422,191.77003479003906,0.07050999999046326,0.0,0.5,"[0.31712719798088074, 0.011699999682605267, 4.3956040940429375e-07, 0.9548987746238708]","[0.0, 0.0, -3.1957933970261365e-06, 0.00011933333735214546, -0.04602250084280968, 1.0, 0.016333334147930145, -3.1957933970261365e-06, 0.0, 0.0, 1.0172526572205243e-06, -0.016214000061154366, 0.0, 0.0]","[1.0, 1.0, 1.0, 1.3381903171539307, 2.0, 0.5678644180297852, 0.7299122214317322, 0.06327319145202637]",0.2622620042832364
0.49999999999999994,104.59001922607422,191.77003479003906,0.0839100033044815,0.0,0.5,"[0.3180065453052521, 0.013899999670684338, 0.0, 0.975192129611969]","[0.0, 0.0, -3.1957933970261365e-06, 0.00011933333735214546, -0.04602250084280968, 1.0, 0.016333334147930145, -3.1957933970261365e-06, 0.0, 0.0, 1.0172526572205243e-06, -0.016214000061154366, 0.0, 0.0]","[1.0, 1.0, 1.0, 1.3381903171539307, 2.0, 0.5678644180297852, 0.7299122214317322, 0.06327319145202637]",0.022860602398119823
0.5499999999999999,104.59001922607422,191.77003479003906,0.08347000181674957,0.0,0.5,"[0.3179776668548584, 0.013899999670684338, 4.3956040940429375e-07, 0.9873731136322021]","[0.0, 0.0, -3.1957933970261365e-06, 0.00011933333735214546, -0.04602250084280968, 1.0, 0.016333334147930145, -3.1957933970261365e-06, 0.0, 0.0, 1.0172526572205243e-06, -0.016214000061154366, 0.0, 0.0]","[1.0, 1.0, 1.0, 1.3381903171539307, 2.0, 0.5678644180297852, 0.7299122214317322, 0.06327319145202637]",-0.2350405638953157
0.6,104.59001922607422,191.77003479003906,0.07614000141620636,0.0,0.5,"[0.317496657371521, 0.012600000016391277, 0.0, 0.9927284121513367]","[0.0, 0.0, -3.1957933970261365e-06, 0.00011933333735214546, -0.04602250084280968, 1.0, 0.016333334147930145, -3.1957933970261365e-06, 0.0, 0.0, 1.0172526572205243e-06, -0.016214000061154366, 0.0, 0.0]","[1.0, 1.0, 1.0, 1.3381903171539307, 2.0, 0.5678644180297852, 0.7299122214317322, 0.06327319145202637]",-0.487950621587947
0.65,104.59001922607422,191.77003479003906,0.06597000360488892,0.0,0.5,"[0.31682923436164856, 0.010999999940395355, 4.3956040940429375e-07, 0.9960333108901978]","[0.0, 0.0, -3.1957933970261365e-06, 0.00011933333735214546, -0.04602250084280968, 1.0, 0.016333334147930145, -3.1957933970261365e-06, 0.0, 0.0, 1.0172526572205243e-06, -0.016214000061154366, 0.0, 0.0]","[1.0, 1.0, 1.0, 1.3381903171539307, 2.0, 0.5678644180297852, 0.7299122214317322, 0.06327319145202637]",-1.0213670373605859
0.7000000000000001,104.59001922607422,191.77003479003906,0.05525000020861626,0.0,0.5,"[0.316125750541687, 0.009200000204145908, 4.3956040940429375e-07, 0.9980322122573853]","[0.0, 0.0, -3.1957933970261365e-06, 0.00011933333735214546, -0.04602250084280968, 1.0, 0.016333334147930145, -3.1957933970261365e-06, 0.0, 0.0, 1.0172526572205243e-06, -0.016214000061154366, 0.0, 0.0]","[1.0, 1.0, 1.0, 1.3381903171539307, 2.0, 0.5678644180297852, 0.7299122214317322, 0.06327319145202637]",-1.3128621887608554
0.7500000000000001,104.59001922607422,191.77003479003906,0.045159999281167984,0.0,0.5,"[0.3154635727405548, 0.007499999832361937, 0.0, 0.998045802116394]","[0.0, 0.0, -3.1957933970261365e-06, 0.00011933333735214546, -0.04602250084280968, 1.0, 0.016333334147930145, -3.1957933970261365e-06, 0.0, 0.0, 1.0172526572205243e-06, -0.016214000061154366, 0.0, 0.0]","[1.0, 1.0, 1.0, 1.3381903171539307, 2.0, 0.5678644180297852, 0.7299122214317322, 0.06327319145202637]",-1.6148141888269634
0.8000000000000002,104.59001922607422,191.77003479003906,0.036249998956918716,0.0,0.5,"[0.314878910779953, 0.006000000052154064, 0.0, 0.9977152347564697]","[0.0, 0.0, -3.1957933970261365e-06, 0.00011933333735214546, -0.04602250084280968, 1.0, 0.016333334147930145, -3.1957933970261365e-06, 0.0, 0.0, 1.0172526572205243e-06, -0.016214000061154366, 0.0, 0.0]","[1.0, 1.0, 1.0, 1.3381903171539307, 2.0, 0.5678644180297852, 0.7299122214317322, 0.06327319145202637]",-2.234866799550572
0.8500000000000002,104.59001922607422,191.77003479003906,0.028689999133348465,0.0,0.5,"[0.31438276171684265, 0.004800000227987766, 0.0, 0.997738242149353]","[0.0, 0.0, -3.1957933970261365e-06, 0.00011933333735214546, -0.04602250084280968, 1.0, 0.016333334147930145, -3.1957933970261365e-06, 0.0, 0.0, 1.0172526572205243e-06, -0.016214000061154366, 0.0, 0.0]","[1.0, 1.0, 1.0, 1.3381903171539307, 2.0, 0.5678644180297852, 0.7299122214317322, 0.06327319145202637]",-2.552978593017246
0.9000000000000002,104.59001922607422,191.77003479003906,0.022450000047683716,0.0,0.5,"[0.3139732778072357, 0.003700000001117587, 0.0, 0.9979502558708191]","[0.0, 0.0, -3.1957933970261365e-06, 0.00011933333735214546, -0.04602250084280968, 1.0, 0.016333334147930145, -3.1957933970261365e-06, 0.0, 0.0, 1.0172526572205243e-06, -0.016214000061154366, 0.0, 0.0]","[1.0, 1.0, 1.0, 1.3381903171539307, 2.0, 0.5678644180297852, 0.7299122214317322, 0.06327319145202637]",-2.8718812454384355
0.9500000000000003,104.59001922607422,191.77003479003906,0.017410000786185265,0.0,0.5,"[0.3136425018310547, 0.002899999963119626, 4.3956040940429375e-07, 0.9982224702835083]","[0.0, 0.0, -3.1957933970261365e-06, 0.00011933333735214546, -0.04602250084280968, 1.0, 0.016333334147930145, -3.1957933970261365e-06, 0.0, 0.0, 1.0172526572205243e-06, -0.016214000061154366, 0.0, 0.0]","[1.0, 1.0, 1.0, 1.3381903171539307, 2.0, 0.5678644180297852, 0.7299122214317322, 0.06327319145202637]",-3.1989118459254238
1.0000000000000002,104.59001922607422,191.77003479003906,0.013389999978244305,0.0,0.5,"[0.3133787214756012, 0.002199999988079071, 0.0, 0.9985188841819763]","[0.0, 0.0, -3.1957933970261365e-06, 0.00011933333735214546, -0.04602250084280968, 1.0, 0.016333334147930145, -3.1957933970261365e-06, 0.0, 0.0, 1.0172526572205243e-06, -0.016214000061154366, 0.0, 0.0]","[1.0, 1.0, 1.0, 1.3381903171539307, 2.0, 0.5678644180297852, 0.7299122214317322, 0.06327319145202637]",-3.53898798592024
1.0500000000000003,104.59001922607422,191.77003479003906,0.010239999741315842,0.0,0.5,"[0.31317201256752014, 0.0017000000225380063, 0.0, 0.998788595199585]","[0.0, 0.0, -3.1957933970261365e-06, 0.00011933333735214546, -0.04602250084280968, 1.0, 0.016333334147930145, -3.1957933970261365e-06, 0.0, 0.0, 1.0172526572205243e-06, -0.016214000061154366, 0.0, 0.0]","[1.0, 1.0, 1.0, 1.3381903171539307, 2.0, 0.5678644180297852, 0.7299122214317322, 0.06327319145202637]",-4.270725656453121
1.1000000000000003,104.59001922607422,191.77003479003906,0.007780000101774931,0.0,0.5,"[0.313010573387146, 0.0013000000035390258, 8.791208188085875e-07, 0.9990307688713074]","[0.0, 0.0, -3.1957933970261365e-06, 0.00011933333735214546, -0.04602250084280968, 1.0, 0.016333334147930145, -3.1957933970261365e-06, 0.0, 0.0, 1.0172526572205243e-06, -0.016214000061154366, 0.0, 0.0]","[1.0, 1.0, 1.0, 1.3381903171539307, 2.0, 0.5678644180297852, 0.7299122214317322, 0.06327319145202637]",-4.652424092144424
1.1500000000000004,104.59001922607422,191.77003479003906,0.005880000069737434,0.0,0.5,"[0.3128858506679535, 0.0010000000474974513, 8.791208188085875e-07, 0.9992302060127258]","[0.0, 0.0, -3.1957933970261365e-06, 0.00011933333735214546, -0.04602250084280968, 1.0, 0.016333334147930145, -3.1957933970261365e-06, 0.0, 0.0, 1.0172526572205243e-06, -0.016214000061154366, 0.0, 0.0]","[1.0, 1.0, 1.0, 1.3381903171539307, 2.0, 0.5678644180297852, 0.7299122214317322, 0.06327319145202637]",-5.0556289351105725
1.2000000000000004,104.59001922607422,191.77003479003906,0.004430000204592943,0.0,0.5,"[0.3127906918525696, 0.000699999975040555, 0.0, 0.9993983507156372]","[0.0, 0.0, -3.1957933970261365e-06, 0.00011933333735214546, -0.04602250084280968, 1.0, 0.016333334147930145, -3.1957933970261365e-06, 0.0, 0.0, 1.0172526572205243e-06, -0.016214000061154366, 0.0, 0.0]","[1.0, 1.0, 1.0, 1.3381903171539307, 2.0, 0.5678644180297852, 0.7299122214317322, 0.06327319145202637]",-5.478643475072586
1.2500000000000004,104.59001922607422,191.77003479003906,0.003329999977722764,0.0,0.5,"[0.31271854043006897, 0.0006000000284984708, 0.0, 0.9995371103286743]","[0.0, 0.0, -3.1957933970261365e-06, 0.00011933333735214546, -0.04602250084280968, 1.0, 0.016333334147930145, -3.1957933970261365e-06, 0.0, 0.0, 1.0172526572205243e-06, -0.016214000061154366, 0.0, 0.0]","[1.0, 1.0, 1.0, 1.3381903171539307, 2.0, 0.5678644180297852, 0.7299122214317322, 0.06327319145202637]",-6.420366682737428
1.3000000000000005,104.59001922607422,191.77003479003906,0.0004400000034365803,0.0,0.5,"[0.31252890825271606, 9.999999747378752e-05, 0.0, 0.9979907870292664]","[0.0, 0.0, -3.1957933970261365e-06, 0.00011933333735214546, -0.04602250084280968, 1.0, 0.016333334147930145, -3.1957933970261365e-06, 0.0, 0.0, 1.0172526572205243e-06, -0.016214000061154366, 0.0, 0.0]","[1.0, 1.0, 1.0, 1.3381903171539307, 2.0, 0.5678644180297852, 0.7299122214317322, 0.06327319145202637]",-6.958754661019023
1.3500000000000005,104.59001922607422,191.77003479003906,0.0009699999936856329,0.0,0.5,"[0.3125636577606201, 0.00019999999494757503, 0.0, 0.9968278408050537]","[0.0, 0.0, -3.1957933970261365e-06, 0.00011933333735214546, -0.04602250084280968, 1.0, 0.016333334147930145, -3.1957933970261365e-06, 0.0, 0.0, 1.0172526572205243e-06, -0.016214000061154366, 0.0, 0.0]","[1.0, 1.0, 1.0, 1.3381903171539307, 2.0, 0.5678644180297852, 0.7299122214317322, 0.06327319145202637]",-7.4903622738157285
1.4000000000000006,104.59001922607422,191.77003479003906,0.0011500000255182385,0.0,0.5,"[0.31257545948028564, 0.00019999999494757503, 0.0, 0.999661386013031]","[0.0, 0.0, -3.1957933970261365e-06, 0.00011933333735214546, -0.04602250084280968, 1.0, 0.016333334147930145, -3.1957933970261365e-06, 0.0, 0.0, 1.0172526572205243e-06, -0.016214000061154366, 0.0, 0.0]","[1.0, 1.0, 1.0, 1.3381903171539307, 2.0, 0.5678644180297852, 0.7299122214317322, 0.06327319145202637]",-8.018939829710542
1.4500000000000006,104.59001922607422,191.77003479003906,0.0011399999493733048,0.0,0.5,"[0.3125748038291931, 0.00019999999494757503, 0.0, 0.9998289942741394]","[0.0, 0.0, -3.1957933970261365e-06, 0.00011933333735214546, -0.04602250084280968, 1.0, 0.016333334147930145, -3.1957933970261365e-06, 0.0, 0.0, 1.0172526572205243e-06, -0.016214000061154366, 0.0, 0.0]","[1.0, 1.0, 1.0, 1.3381903171539307, 2.0, 0.5678644180297852, 0.7299122214317322, 0.06327319145202637]",-9.12485405743824
1.5000000000000007,104.59001922607422,191.77003479003906,0.0010400000028312206,0.0,0.5,"[0.3125682473182678, 0.00019999999494757503, 0.0, 0.9998992085456848]","[0.0, 0.0, -3.1957933970261365e-06, 0.00011933333735214546, -0.04602250084280968, 1.0, 0.016333334147930145, -3.1957933970261365e-06, 0.0, 0.0, 1.0172526572205243e-06, -0.016214000061154366, 0.0, 0.0]","[1.0, 1.0, 1.0, 1.3381903171539307, 2.0, 0.5678644180297852, 0.7299122214317322, 0.06327319145202637]",-9.767390947057391
1.5500000000000007,104.59001922607422,191.77003479003906,0.0008999999845400453,0.0,0.5,"[0.31255903840065, 9.999999747378752e-05, 0.0, 0.9999477863311768]","[0.0, 0.0, -3.1957933970261365e-06, 0.00011933333735214546, -0.04602250084280968, 1.0, 0.016333334147930145, -3.1957933970261365e-06, 0.0, 0.0, 1.0172526572205243e-06, -0.016214000061154366, 0.0, 0.0]","[1.0, 1.0, 1.0, 1.3381903171539307, 2.0, 0.5678644180297852, 0.7299122214317322, 0.06327319145202637]",-10.397078275609935
1.6000000000000008,104.59001922607422,191.77003479003906,0.0007600000244565308,0.0,0.5,"[0.312549889087677, 9.999999747378752e-05, 0.0, 0.999972939491272]","[0.0, 0.0, -3.1957933970261365e-06, 0.00011933333735214546, -0.04602250084280968, 1.0, 0.016333334147930145, -3.1957933970261365e-06, 0.0, 0.0, 1.0172526572205243e-06, -0.016214000061154366, 0.0, 0.0]","[1.0, 1.0, 1.0, 1.3381903171539307, 2.0, 0.5678644180297852, 0.7299122214317322, 0.06327319145202637]",-11.036632259466412
1.6500000000000008,104.59001922607422,191.77003479003906,0.0006200000061653554,0.0,0.5,"[0.3125406801700592, 9.999999747378752e-05, 0.0, 0.9999728202819824]","[0.0, 0.0, -3.1957933970261365e-06, 0.00011933333735214546, -0.04602250084280968, 1.0, 0.016333334147930145, -3.1957933970261365e-06, 0.0, 0.0, 1.0172526572205243e-06, -0.016214000061154366, 0.0, 0.0]","[1.0, 1.0, 1.0, 1.3381903171539307, 2.0, 0.5678644180297852, 0.7299122214317322, 0.06327319145202637]",-11.353023270956106
1.7000000000000008,104.59001922607422,191.77003479003906,0.0005000000237487257,0.0,0.5,"[0.31253284215927124, 9.999999747378752e-05, 0.0, 0.9999681711196899]","[0.0, 0.0, -3.1957933970261365e-06, 0.00011933333735214546, -0.04602250084280968, 1.0, 0.016333334147930145, -3.1957933970261365e-06, 0.0, 0.0, 1.0172526572205243e-06, -0.016214000061154366, 0.0, 0.0]","[1.0, 1.0, 1.0, 1.3381903171539307, 2.0, 0.5678644180297852, 0.7299122214317322, 0.06327319145202637]",-11.701463839886813
1.7500000000000009,104.59001922607422,191.77003479003906,0.00015999999595806003,0.0,0.5,"[0.31251052021980286, 0.0, 0.0, 0.9997616410255432]","[0.0, 0.0, -3.1957933970261365e-06, 0.00011933333735214546, -0.04602250084280968, 1.0, 0.016333334147930145, -3.1957933970261365e-06, 0.0, 0.0, 1.0172526572205243e-06, -0.016214000061154366, 0.0, 0.0]","[1.0, 1.0, 1.0, 1.3381903171539307, 2.0, 0.5678644180297852, 0.7299122214317322, 0.06327319145202637]",-12.052963938341943
1.800000000000001,104.59001922607422,191.77003479003906,0.0002300000051036477,0.0,0.5,"[0.3125150799751282, 0.0, 0.0, 0.9996312260627747]","[0.0, 0.0, -3.1957933970261365e-06, 0.00011933333735214546, -0.04602250084280968, 1.0, 0.016333334147930145, -3.1957933970261365e-06, 0.0, 0.0, 1.0172526572205243e-06, -0.016214000061154366, 0.0, 0.0]","[1.0, 1.0, 1.0, 1.3381903171539307, 2.0, 0.5678644180297852, 0.7299122214317322, 0.06327319145202637]",-12.700850134426478
1.850000000000001,104.59001922607422,191.77003479003906,0.00023999999393709004,0.0,0.5,"[0.3125157356262207, 0.0, 0.0, 0.999954104423523]","[0.0, 0.0, -3.1957933970261365e-06, 0.00011933333735214546, -0.04602250084280968, 1.0, 0.016333334147930145, -3.1957933970261365e-06, 0.0, 0.0, 1.0172526572205243e-06, -0.016214000061154366, 0.0, 0.0]","[1.0, 1.0, 1.0, 1.3381903171539307, 2.0, 0.5678644180297852, 0.7299122214317322, 0.06327319145202637]",-13.013738780046793
1.900000000000001,104.59001922607422,191.77003479003906,0.00022000000171829015,0.0,0.5,"[0.31251442432403564, 0.0, 0.0, 0.9999698996543884]","[0.0, 0.0, -3.1957933970261365e-06, 0.00011933333735214546, -0.04602250084280968, 1.0, 0.016333334147930145, -3.1957933970261365e-06, 0.0, 0.0, 1.0172526572205243e-06, -0.016214000061154366, 0.0, 0.0]","[1.0, 1.0, 1.0, 1.3381903171539307, 2.0, 0.5678644180297852, 0.7299122214317322, 0.06327319145202637]",-13.319216509976403
1.950000000000001,104.59001922607422,191.77003479003906,0.00019999999494757503,0.0,0.5,"[0.3125131130218506, 0.0, 0.0, 0.9999889731407166]","[0.0, 0.0, -3.1957933970261365e-06, 0.00011933333735214546, -0.04602250084280968, 1.0, 0.016333334147930145, -3.1957933970261365e-06, 0.0, 0.0, 1.0172526572205243e-06, -0.016214000061154366, 0.0, 0.0]","[1.0, 1.0, 1.0, 1.3381903171539307, 2.0, 0.5678644180297852, 0.7299122214317322, 0.06327319145202637]",-13.6215014737991
2.000000000000001,104.59001922607422,191.77003479003906,0.00016999999934341758,0.0,0.5,"[0.312511146068573, 0.0, 0.0, 0.9999914169311523]","[0.0, 0.0, -3.1957933970261365e-06, 0.00011933333735214546, -0.04602250084280968, 1.0, 0.016333334147930145, -3.1957933970261365e-06, 0.0, 0.0, 1.0172526572205243e-06, -0.016214000061154366, 0.0, 0.0]","[1.0, 1.0, 1.0, 1.3381903171539307, 2.0, 0.5678644180297852, 0.7299122214317322, 0.06327319145202637]",-14.248146102744448
2.0500000000000007,104.59001922607422,191.77003479003906,0.00014000000373926014,0.0,0.5,"[0.3125092089176178, 0.0, 0.0, 0.9999949932098389]","[0.0, 0.0, -3.1957933970261365e-06, 0.00011933333735214546, -0.04602250084280968, 1.0, 0.016333334147930145, -3.1957933970261365e-06, 0.0, 0.0, 1.0172526572205243e-06, -0.016214000061154366, 0.0, 0.0]","[1.0, 1.0, 1.0, 1.3381903171539307, 2.0, 0.5678644180297852, 0.7299122214317322, 0.06327319145202637]",-14.578093479597511
2.1000000000000005,104.59001922607422,191.77003479003906,0.00011000000085914508,0.0,0.5,"[0.3125072121620178, 0.0, 0.0, 0.9999936819076538]","[0.0, 0.0, -3.1957933970261365e-06, 0.00011933333735214546, -0.04602250084280968, 1.0, 0.016333334147930145, -3.1957933970261365e-06, 0.0, 0.0, 1.0172526572205243e-06, -0.016214000061154366, 0.0, 0.0]","[1.0, 1.0, 1.0, 1.3381903171539307, 2.0, 0.5678644180297852, 0.7299122214317322, 0.06327319145202637]",-14.92515719483952
2.1500000000000004,104.59001922607422,191.77003479003906,1.9999999494757503e-05,0.0,0.5,"[0.31250131130218506, 0.0, 0.0, 0.999931275844574]","[0.0, 0.0, -3.1957933970261365e-06, 0.00011933333735214546, -0.04602250084280968, 1.0, 0.016333334147930145, -3.1957933970261365e-06, 0.0, 0.0, 1.0172526572205243e-06, -0.016214000061154366, 0.0, 0.0]","[1.0, 1.0, 1.0, 1.3381903171539307, 2.0, 0.5678644180297852, 0.7299122214317322, 0.06327319145202637]",-15.27420822758615
2.2,104.59001922607422,191.77003479003906,3.9999998989515007e-05,0.0,0.5,"[0.3125026226043701, 0.0, 0.0, 0.999897837638855]","[0.0, 0.0, -3.1957933970261365e-06, 0.00011933333735214546, -0.04602250084280968, 1.0, 0.016333334147930145, -3.1957933970261365e-06, 0.0, 0.0, 1.0172526572205243e-06, -0.016214000061154366, 0.0, 0.0]","[1.0, 1.0, 1.0, 1.3381903171539307, 2.0, 0.5678644180297852, 0.7299122214317322, 0.06327319145202637]",-15.999872905221885
2.25,104.59001922607422,191.77003479003906,4.999999873689376e-05,0.0,0.5,"[0.31250327825546265, 0.0, 0.0, 0.9999860525131226]","[0.0, 0.0, -3.1957933970261365e-06, 0.00011933333735214546, -0.04602250084280968, 1.0, 0.016333334147930145, -3.1957933970261365e-06, 0.0, 0.0, 1.0172526572205243e-06, -0.016214000061154366, 0.0, 0.0]","[1.0, 1.0, 1.0, 1.3381903171539307, 2.0, 0.5678644180297852, 0.7299122214317322, 0.06327319145202637]",-16.37300380127983
2.3,104.59001922607422,191.77003479003906,4.999999873689376e-05,0.0,0.5,"[0.31250327825546265, 0.0, 0.0, 0.9999924302101135]","[0.0, 0.0, -3.1957933970261365e-06, 0.00011933333735214546, -0.04602250084280968, 1.0, 0.016333334147930145, -3.1957933970261365e-06, 0.0, 0.0, 1.0172526572205243e-06, -0.016214000061154366, 0.0, 0.0]","[1.0, 1.0, 1.0, 1.3381903171539307, 2.0, 0.5678644180297852, 0.7299122214317322, 0.06327319145202637]",-16.752788976110825
2.3499999999999996,104.59001922607422,191.77003479003906,3.9999998989515007e-05,0.0,0.5,"[0.3125026226043701, 0.0, 0.0, 0.9999963045120239]","[0.0, 0.0, -3.1957933970261365e-06, 0.00011933333735214546, -0.04602250084280968, 1.0, 0.016333334147930145, -3.1957933970261365e-06, 0.0, 0.0, 1.0172526572205243e-06, -0.016214000061154366, 0.0, 0.0]","[1.0, 1.0, 1.0, 1.3381903171539307, 2.0, 0.5678644180297852, 0.7299122214317322, 0.06327319145202637]",-17.138774517850187
2.3999999999999995,104.59001922607422,191.77003479003906,3.9999998989515007e-05,0.0,0.5,"[0.3125026226043701, 0.0, 0.0, 0.9999979734420776]","[0.0, 0.0, -3.1957933970261365e-06, 0.00011933333735214546, -0.04602250084280968, 1.0, 0.016333334147930145, -3.1957933970261365e-06, 0.0, 0.0, 1.0172526572205243e-06, -0.016214000061154366, 0.0, 0.0]","[1.0, 1.0, 1.0, 1.3381903171539307, 2.0, 0.5678644180297852, 0.7299122214317322, 0.06327319145202637]",-17.943220529413463
2.4499999999999993,104.59001922607422,191.77003479003906,2.9999999242136255e-05,0.0,0.5,"[0.3125019669532776, 0.0, 0.0, 0.9999979138374329]","[0.0, 0.0, -3.1957933970261365e-06, 0.00011933333735214546, -0.04602250084280968, 1.0, 0.016333334147930145, -3.1957933970261365e-06, 0.0, 0.0, 1.0172526572205243e-06, -0.016214000061154366, 0.0, 0.0]","[1.0, 1.0, 1.0, 1.3381903171539307, 2.0, 0.5678644180297852, 0.7299122214317322, 0.06327319145202637]",-18.360459571395186
2.499999999999999,104.59001922607422,191.77003479003906,2.9999999242136255e-05,0.0,0.5,"[0.3125019669532776, 0.0, 4.3956040940429375e-07, 0.9999993443489075]","[0.0, 0.0, -3.1957933970261365e-06, 0.00011933333735214546, -0.04602250084280968, 1.0, 0.016333334147930145, -3.1957933970261365e-06, 0.0, 0.0, 1.0172526572205243e-06, -0.016214000061154366, 0.0, 0.0]","[1.0, 1.0, 1.0, 1.3381903171539307, 2.0, 0.5678644180297852, 0.7299122214317322, 0.06327319145202637]",-18.778248967240476
2.549999999999999,104.59001922607422,191.77003479003906,0.0,0.0,0.5,"[0.3125, 0.0, 4.3956040940429375e-07, 0.9999783635139465]","[0.0, 0.0, -3.1957933970261365e-06, 0.00011933333735214546, -0.04602250084280968, 1.0, 0.016333334147930145, -3.1957933970261365e-06, 0.0, 0.0, 1.0172526572205243e-06, -0.016214000061154366, 0.0, 0.0]","[1.0, 1.0, 1.0, 1.3381903171539307, 2.0, 0.5678644180297852, 0.7299122214317322, 0.06327319145202637]",-19.191905514241324
2.5999999999999988,104.59001922607422,191.77003479003906,9.999999747378752e-06,0.0,0.5,"[0.31250065565109253, 0.0, 0.0, 0.9999685883522034]","[0.0, 0.0, -3.1957933970261365e-06, 0.00011933333735214546, -0.04602250084280968, 1.0, 0.016333334147930145, -3.1957933970261365e-06, 0.0, 0.0, 1.0172526572205243e-06, -0.016214000061154366, 0.0, 0.0]","[1.0, 1.0, 1.0, 1.3381903171539307, 2.0, 0.5678644180297852, 0.7299122214317322, 0.06327319145202637]",-19.976542805169014
2.6499999999999986,104.59001922607422,191.77003479003906,9.999999747378752e-06,0.0,0.5,"[0.31250065565109253, 0.0, 0.0, 0.9999962449073792]","[0.0, 0.0, -3.1957933970261365e-06, 0.00011933333735214546, -0.04602250084280968, 1.0, 0.016333334147930145, -3.1957933970261365e-06, 0.0, 0.0, 1.0172526572205243e-06, -0.016214000061154366, 0.0, 0.0]","[1.0, 1.0, 1.0, 1.3381903171539307, 2.0, 0.5678644180297852, 0.7299122214317322, 0.06327319145202637]",-20.34318020084482
2.6999999999999984,104.59001922607422,191.77003479003906,9.999999747378752e-06,0.0,0.5,"[0.31250065565109253, 0.0, 0.0, 0.999997079372406]","[0.0, 0.0, -3.1957933970261365e-06, 0.00011933333735214546, -0.04602250084280968, 1.0, 0.016333334147930145, -3.1957933970261365e-06, 0.0, 0.0, 1.0172526572205243e-06, -0.016214000061154366, 0.0, 0.0]","[1.0, 1.0, 1.0, 1.3381903171539307, 2.0, 0.5678644180297852, 0.7299122214317322, 0.06327319145202637]",-20.69384306195612
2.7499999999999982,104.59001922607422,191.77003479003906,9.999999747378752e-06,0.0,0.5,"[0.31250065565109253, 0.0, 0.0, 0.9999998211860657]","[0.0, 0.0, -3.1957933970261365e-06, 0.00011933333735214546, -0.04602250084280968, 1.0, 0.016333334147930145, -3.1957933970261365e-06, 0.0, 0.0, 1.0172526572205243e-06, -0.016214000061154366, 0.0, 0.0]","[1.0, 1.0, 1.0, 1.3381903171539307, 2.0, 0.5678644180297852, 0.7299122214317322, 0.06327319145202637]",-21.02529648251561
2.799999999999998,104.59001922607422,191.77003479003906,9.999999747378752e-06,0.0,0.5,"[0.31250065565109253, 0.0, 0.0, 0.9999999403953552]","[0.0, 0.0, -3.1957933970261365e-06, 0.00011933333735214546, -0.04602250084280968, 1.0, 0.016333334147930145, -3.1957933970261365e-06, 0.0, 0.0, 1.0172526572205243e-06, -0.016214000061154366, 0.0, 0.0]","[1.0, 1.0, 1.0, 1.3381903171539307, 2.0, 0.5678644180297852, 0.7299122214317322, 0.06327319145202637]",-21.63676208695419
2.849999999999998,104.59001922607422,191.77003479003906,9.999999747378752e-06,0.0,0.5,"[0.31250065565109253, 0.0, 0.0, 0.9999991655349731]","[0.0, 0.0, -3.1957933970261365e-06, 0.00011933333735214546, -0.04602250084280968, 1.0, 0.016333334147930145, -3.1957933970261365e-06, 0.0, 0.0, 1.0172526572205243e-06, -0.016214000061154366, 0.0, 0.0]","[1.0, 1.0, 1.0, 1.3381903171539307, 2.0, 0.5678644180297852, 0.7299122214317322, 0.06327319145202637]",-21.913260601648457
2.8999999999999977,104.59001922607422,191.77003479003906,9.999999747378752e-06,0.0,0.5,"[0.31250065565109253, 0.0, 0.0, 0.9999991655349731]","[0.0, 0.0, -3.1957933970261365e-06, 0.00011933333735214546, -0.04602250084280968, 1.0, 0.016333334147930145, -3.1957933970261365e-06, 0.0, 0.0, 1.0172526572205243e-06, -0.016214000061154366, 0.0, 0.0]","[1.0, 1.0, 1.0, 1.3381903171539307, 2.0, 0.5678644180297852, 0.7299122214317322, 0.06327319145202637]",-22.176301429187713
2.9499999999999975,104.59001922607422,191.77003479003906,9.999999747378752e-06,0.0,0.5,"[0.31250065565109253, 0.0, 0.0, 0.9999991059303284]","[0.0, 0.0, -3.1957933970261365e-06, 0.00011933333735214546, -0.04602250084280968, 1.0, 0.016333334147930145, -3.1957933970261365e-06, 0.0, 0.0, 1.0172526572205243e-06, -0.016214000061154366, 0.0, 0.0]","[1.0, 1.0, 1.0, 1.3381903171539307, 2.0, 0.5678644180297852, 0.7299122214317322, 0.06327319145202637]",-22.427406649924233
2.9999999999999973,104.59001922607422,191.77003479003906,0.0,0.0,0.5,"[0.3125, 0.0, 0.0, 0.9999973773956299]","[0.0, 0.0, -3.1957933970261365e-06, 0.00011933333735214546, -0.04602250084280968, 1.0, 0.016333334147930145, -3.1957933970261365e-06, 0.0, 0.0, 1.0172526572205243e-06, -0.016214000061154366, 0.0, 0.0]","[1.0, 1.0, 1.0, 1.3381903171539307, 2.0, 0.5678644180297852, 0.7299122214317322, 0.06327319145202637]",-22.887950212157836
3.049999999999997,104.59001922607422,191.77003479003906,0.0,0.0,0.5,"[0.3125, 0.0, 0.0, 0.9999945759773254]","[0.0, 0.0, -3.1957933970261365e-06, 0.00011933333735214546, -0.04602250084280968, 1.0, 0.016333334147930145, -3.1957933970261365e-06, 0.0, 0.0, 1.0172526572205243e-06, -0.016214000061154366, 0.0, 0.0]","[1.0, 1.0, 1.0, 1.3381903171539307, 2.0, 0.5678644180297852, 0.7299122214317322, 0.06327319145202637]",-23.0994327809791
3.099999999999997,104.59001922607422,191.77003479003906,0.0,0.0,0.5,"[0.3125, 0.0, 0.0, 0.9999989867210388]","[0.0, 0.0, -3.1957933970261365e-06, 0.00011933333735214546, -0.04602250084280968, 1.0, 0.016333334147930145, -3.1957933970261365e-06, 0.0, 0.0, 1.0172526572205243e-06, -0.016214000061154366, 0.0, 0.0]","[1.0, 1.0, 1.0, 1.3381903171539307, 2.0, 0.5678644180297852, 0.7299122214317322, 0.06327319145202637]",-23.311467276884162
3.149999999999997,104.59001922607422,191.77003479003906,0.0,0.0,0.5,"[0.3125, 0.0, 0.0, 0.9999997615814209]","[0.0, 0.0, -3.1957933970261365e-06, 0.00011933333735214546, -0.04602250084280968, 1.0, 0.016333334147930145, -3.1957933970261365e-06, 0.0, 0.0, 1.0172526572205243e-06, -0.016214000061154366, 0.0, 0.0]","[1.0, 1.0, 1.0, 1.3381903171539307, 2.0, 0.5678644180297852, 0.7299122214317322, 0.06327319145202637]",-23.5178152263834
3.1999999999999966,104.59001922607422,191.77003479003906,0.0,0.0,0.5,"[0.3125, 0.0, 0.0, 0.9999997615814209]","[0.0, 0.0, -3.1957933970261365e-06, 0.00011933333735214546, -0.04602250084280968, 1.0, 0.016333334147930145, -3.1957933970261365e-06, 0.0, 0.0, 1.0172526572205243e-06, -0.016214000061154366, 0.0, 0.0]","[1.0, 1.0, 1.0, 1.3381903171539307, 2.0, 0.5678644180297852, 0.7299122214317322, 0.06327319145202637]",-23.94480619802054
3.2499999999999964,104.59001922607422,191.77003479003906,0.0,0.0,0.5,"[0.3125, 0.0, 0.0, 0.9999998807907104]","[0.0, 0.0, -3.1957933970261365e-06, 0.00011933333735214546, -0.04602250084280968, 1.0, 0.016333334147930145, -3.1957933970261365e-06, 0.0, 0.0, 1.0172526572205243e-06, -0.016214000061154366, 0.0, 0.0]","[1.0, 1.0, 1.0, 1.3381903171539307, 2.0, 0.5678644180297852, 0.7299122214317322, 0.06327319145202637]",-24.166844381466856
3.2999999999999963,104.59001922607422,191.77003479003906,0.0,0.0,0.5,"[0.3125, 0.0, 0.0, 0.9999998211860657]","[0.0, 0.0, -3.1957933970261365e-06, 0.00011933333735214546, -0.04602250084280968, 1.0, 0.016333334147930145, -3.1957933970261365e-06, 0.0, 0.0, 1.0172526572205243e-06, -0.016214000061154366, 0.0, 0.0]","[1.0, 1.0, 1.0, 1.3381903171539307, 2.0, 0.5678644180297852, 0.7299122214317322, 0.06327319145202637]",-24.383004195194378
3.349999999999996,104.59001922607422,191.77003479003906,0.0,0.0,0.5,"[0.3125, 0.0, 0.0, 0.9999998807907104]","[0.0, 0.0, -3.1957933970261365e-06, 0.00011933333735214546, -0.04602250084280968, 1.0, 0.016333334147930145, -3.1957933970261365e-06, 0.0, 0.0, 1.0172526572205243e-06, -0.016214000061154366, 0.0, 0.0]","[1.0, 1.0, 1.0, 1.3381903171539307, 2.0, 0.5678644180297852, 0.7299122214317322, 0.06327319145202637]",-24.58717244751133
3.399999999999996,104.59001922607422,191.77003479003906,0.0,0.0,0.5,"[0.3125, 0.0, 0.0, 0.9999973773956299]","[0.0, 0.0, -3.1957933970261365e-06, 0.00011933333735214546, -0.04602250084280968, 1.0, 0.016333334147930145, -3.1957933970261365e-06, 0.0, 0.0, 1.0172526572205243e-06, -0.016214000061154366, 0.0, 0.0]","[1.0, 1.0, 1.0, 1.3381903171539307, 2.0, 0.5678644180297852, 0.7299122214317322, 0.06327319145202637]",-24.971894859417766
3.4499999999999957,104.59001922607422,191.77003479003906,0.0,0.0,0.5,"[0.3125, 0.0, 0.0, 0.9999964833259583]","[0.0, 0.0, -3.1957933970261365e-06, 0.00011933333735214546, -0.04602250084280968, 1.0, 0.016333334147930145, -3.1957933970261365e-06, 0.0, 0.0, 1.0172526572205243e-06, -0.016214000061154366, 0.0, 0.0]","[1.0, 1.0, 1.0, 1.3381903171539307, 2.0, 0.5678644180297852, 0.7299122214317322, 0.06327319145202637]",-25.16478118657663
3.4999999999999956,104.59001922607422,191.77003479003906,0.0,0.0,0.5,"[0.3125, 0.0, 0.0, 1.0]","[0.0, 0.0, -3.1957933970261365e-06, 0.00011933333735214546, -0.04602250084280968, 1.0, 0.016333334147930145, -3.1957933970261365e-06, 0.0, 0.0, 1.0172526572205243e-06, -0.016214000061154366, 0.0, 0.0]","[1.0, 1.0, 1.0, 1.3381903171539307, 2.0, 0.5678644180297852, 0.7299122214317322, 0.06327319145202637]",-25.356285413158272
3.5499999999999954,104.59001922607422,191.77003479003906,0.0,0.0,0.5,"[0.3125, 0.0, 0.0, 1.0]","[0.0, 0.0, -3.1957933970261365e-06, 0.00011933333735214546, -0.04602250084280968, 1.0, 0.016333334147930145, -3.1957933970261365e-06, 0.0, 0.0, 1.0172526572205243e-06, -0.016214000061154366, 0.0, 0.0]","[1.0, 1.0, 1.0, 1.3381903171539307, 2.0, 0.5678644180297852, 0.7299122214317322, 0.06327319145202637]",-25.536562989482462
3.599999999999995,104.59001922607422,191.77003479003906,0.0,0.0,0.5,"[0.3125, 0.0, 0.0, 1.0]","[0.0, 0.0, -3.1957933970261365e-06, 0.00011933333735214546, -0.04602250084280968, 1.0, 0.016333334147930145, -3.1957933970261365e-06, 0.0, 0.0, 1.0172526572205243e-06, -0.016214000061154366, 0.0, 0.0]","[1.0, 1.0, 1.0, 1.3381903171539307, 2.0, 0.5678644180297852, 0.7299122214317322, 0.06327319145202637]",-25.892021514172225
3.649999999999995,104.59001922607422,191.77003479003906,0.0,0.0,0.5,"[0.3125, 0.0, 0.0, 1.0]","[0.0, 0.0, -3.1957933970261365e-06, 0.00011933333735214546, -0.04602250084280968, 1.0, 0.016333334147930145, -3.1957933970261365e-06, 0.0, 0.0, 1.0172526572205243e-06, -0.016214000061154366, 0.0, 0.0]","[1.0, 1.0, 1.0, 1.3381903171539307, 2.0, 0.5678644180297852, 0.7299122214317322, 0.06327319145202637]",-26.058552176977088
3.699999999999995,104.59001922607422,191.77003479003906,0.0,0.0,0.5,"[0.3125, 0.0, 0.0, 0.9999990463256836]","[0.0, 0.0, -3.1957933970261365e-06, 0.00011933333735214546, -0.04602250084280968, 1.0, 0.016333334147930145, -3.1957933970261365e-06, 0.0, 0.0, 1.0172526572205243e-06, -0.016214000061154366, 0.0, 0.0]","[1.0, 1.0, 1.0, 1.3381903171539307, 2.0, 0.5678644180297852, 0.7299122214317322, 0.06327319145202637]",-26.230792875565204
3.7499999999999947,104.59001922607422,191.77003479003906,0.0,0.0,0.5,"[0.3125, 0.0, 0.0, 0.9999991655349731]","[0.0, 0.0, -3.1957933970261365e-06, 0.00011933333735214546, -0.04602250084280968, 1.0, 0.016333334147930145, -3.1957933970261365e-06, 0.0, 0.0, 1.0172526572205243e-06, -0.016214000061154366, 0.0, 0.0]","[1.0, 1.0, 1.0, 1.3381903171539307, 2.0, 0.5678644180297852, 0.7299122214317322, 0.06327319145202637]",-26.400786293611112
3.7999999999999945,104.59001922607422,191.77003479003906,0.0,0.0,0.5,"[0.3125, 0.0, 0.0, 1.0]","[0.0, 0.0, -3.1957933970261365e-06, 0.00011933333735214546, -0.04602250084280968, 1.0, 0.016333334147930145, -3.1957933970261365e-06, 0.0, 0.0, 1.0172526572205243e-06, -0.016214000061154366, 0.0, 0.0]","[1.0, 1.0, 1.0, 1.3381903171539307, 2.0, 0.5678644180297852, 0.7299122214317322, 0.06327319145202637]",-26.715354786844056
3.8499999999999943,104.59001922607422,191.77003479003906,0.0,0.0,0.5,"[0.3125, 0.0, 0.0, 0.9999964833259583]","[0.0, 0.0, -3.1957933970261365e-06, 0.00011933333735214546, -0.04602250084280968, 1.0, 0.016333334147930145, -3.1957933970261365e-06, 0.0, 0.0, 1.0172526572205243e-06, -0.016214000061154366, 0.0, 0.0]","[1.0, 1.0, 1.0, 1.3381903171539307, 2.0, 0.5678644180297852, 0.7299122214317322, 0.06327319145202637]",-26.8630937276007
3.899999999999994,104.59001922607422,191.77003479003906,0.0,0.0,0.5,"[0.3125, 0.0, 0.0, 0.9999964833259583]","[0.0, 0.0, -3.1957933970261365e-06, 0.00011933333735214546, -0.04602250084280968, 1.0, 0.016333334147930145, -3.1957933970261365e-06, 0.0, 0.0, 1.0172526572205243e-06, -0.016214000061154366, 0.0, 0.0]","[1.0, 1.0, 1.0, 1.3381903171539307, 2.0, 0.5678644180297852, 0.7299122214317322, 0.06327319145202637]",-27.01006003447658
3.949999999999994,104.59001922607422,191.77003479003906,0.0,0.0,0.5,"[0.3125, 0.0, 0.0, 1.0]","[0.0, 0.0, -3.1957933970261365e-06, 0.00011933333735214546, -0.04602250084280968, 1.0, 0.016333334147930145, -3.1957933970261365e-06, 0.0, 0.0, 1.0172526572205243e-06, -0.016214000061154366, 0.0, 0.0]","[1.0, 1.0, 1.0, 1.3381903171539307, 2.0, 0.5678644180297852, 0.7299122214317322, 0.06327319145202637]",-27.155121309538885
3.999999999999994,104.59001922607422,191.77003479003906,0.0,0.0,0.5,"[0.3125, 0.0, 0.0, 1.0]","[0.0, 0.0, -3.1957933970261365e-06, 0.00011933333735214546, -0.04602250084280968, 1.0, 0.016333334147930145, -3.1957933970261365e-06, 0.0, 0.0, 1.0172526572205243e-06, -0.016214000061154366, 0.0, 0.0]","[1.0, 1.0, 1.0, 1.3381903171539307, 2.0, 0.5678644180297852, 0.7299122214317322, 0.06327319145202637]",-27.4478734882078
4.049999999999994,104.59001922607422,191.77003479003906,0.0,0.0,0.5,"[0.3125, 0.0, 0.0, 0.9999997615814209]","[0.0, 0.0, -3.1957933970261365e-06, 0.00011933333735214546, -0.04602250084280968, 1.0, 0.016333334147930145, -3.1957933970261365e-06, 0.0, 0.0, 1.0172526572205243e-06, -0.016214000061154366, 0.0, 0.0]","[1.0, 1.0, 1.0, 1.3381903171539307, 2.0, 0.5678644180297852, 0.7299122214317322, 0.06327319145202637]",-27.593450640583104
4.099999999999993,104.59001922607422,191.77003479003906,0.0,0.0,0.5,"[0.3125, 0.0, 0.0, 0.9999995231628418]","[0.0, 0.0, -3.1957933970261365e-06, 0.00011933333735214546, -0.04602250084280968, 1.0, 0.016333334147930145, -3.1957933970261365e-06, 0.0, 0.0, 1.0172526572205243e-06, -0.016214000061154366, 0.0, 0.0]","[1.0, 1.0, 1.0, 1.3381903171539307, 2.0, 0.5678644180297852, 0.7299122214317322, 0.06327319145202637]",-27.733072946998963
4.149999999999993,104.59001922607422,191.77003479003906,0.0,0.0,0.5,"[0.3125, 0.0, 0.0, 0.9999997615814209]","[0.0, 0.0, -3.1957933970261365e-06, 0.00011933333735214546, -0.04602250084280968, 1.0, 0.016333334147930145, -3.1957933970261365e-06, 0.0, 0.0, 1.0172526572205243e-06, -0.016214000061154366, 0.0, 0.0]","[1.0, 1.0, 1.0, 1.3381903171539307, 2.0, 0.5678644180297852, 0.7299122214317322, 0.06327319145202637]",-27.871910233690315
4.199999999999993,104.59001922607422,191.77003479003906,0.0,0.0,0.5,"[0.3125, 0.0, 0.0, 1.0]","[0.0, 0.0, -3.1957933970261365e-06, 0.00011933333735214546, -0.04602250084280968, 1.0, 0.016333334147930145, -3.1957933970261365e-06, 0.0, 0.0, 1.0172526572205243e-06, -0.016214000061154366, 0.0, 0.0]","[1.0, 1.0, 1.0, 1.3381903171539307, 2.0, 0.5678644180297852, 0.7299122214317322, 0.06327319145202637]",-28.1409601605681
4.249999999999993,104.59001922607422,191.77003479003906,0.0,0.0,0.5,"[0.3125, 0.0, 0.0, 0.9999963045120239]","[0.0, 0.0, -3.1957933970261365e-06, 0.00011933333735214546, -0.04602250084280968, 1.0, 0.016333334147930145, -3.1957933970261365e-06, 0.0, 0.0, 1.0172526572205243e-06, -0.016214000061154366, 0.0, 0.0]","[1.0, 1.0, 1.0, 1.3381903171539307, 2.0, 0.5678644180297852, 0.7299122214317322, 0.06327319145202637]",-28.274898059509386
4.299999999999993,104.59001922607422,191.77003479003906,0.0,0.0,0.5,"[0.3125, 0.0, 0.0, 0.9999964833259583]","[0.0, 0.0, -3.1957933970261365e-06, 0.00011933333735214546, -0.04602250084280968, 1.0, 0.016333334147930145, -3.1957933970261365e-06, 0.0, 0.0, 1.0172526572205243e-06, -0.016214000061154366, 0.0, 0.0]","[1.0, 1.0, 1.0, 1.3381903171539307, 2.0, 0.5678644180297852, 0.7299122214317322, 0.06327319145202637]",-28.41299405459001
4.3499999999999925,104.59001922607422,191.77003479003906,0.0,0.0,0.5,"[0.3125, 0.0, 0.0, 1.0]","[0.0, 0.0, -3.1957933970261365e-06, 0.00011933333735214546, -0.04602250084280968, 1.0, 0.016333334147930145, -3.1957933970261365e-06, 0.0, 0.0, 1.0172526572205243e-06, -0.016214000061154366, 0.0, 0.0]","[1.0, 1.0, 1.0, 1.3381903171539307, 2.0, 0.5678644180297852, 0.7299122214317322, 0.06327319145202637]",-28.551568164192993
4.399999999999992,104.59001922607422,191.77003479003906,0.0,0.0,0.5,"[0.3125, 0.0, 0.0, 1.0]","[0.0, 0.0, -3.1957933970261365e-06, 0.00011933333735214546, -0.04602250084280968, 1.0, 0.016333334147930145, -3.1957933970261365e-06, 0.0, 0.0, 1.0172526572205243e-06, -0.016214000061154366, 0.0, 0.0]","[1.0, 1.0, 1.0, 1.3381903171539307, 2.0, 0.5678644180297852, 0.7299122214317322, 0.06327319145202637]",-28.82626733125944
4.449999999999992,104.59001922607422,191.77003479003906,0.0,0.0,0.5,"[0.3125, 0.0, 0.0, 1.0]","[0.0, 0.0, -3.1957933970261365e-06, 0.00011933333735214546, -0.04602250084280968, 1.0, 0.016333334147930145, -3.1957933970261365e-06, 0.0, 0.0, 1.0172526572205243e-06, -0.016214000061154366, 0.0, 0.0]","[1.0, 1.0, 1.0, 1.3381903171539307, 2.0, 0.5678644180297852, 0.7299122214317322, 0.06327319145202637]",-28.96488230280976
4.499999999999992,104.59001922607422,191.77003479003906,0.0,0.0,0.5,"[0.3125, 0.0, 0.0, 1.0]","[0.0, 0.0, -3.1957933970261365e-06, 0.00011933333735214546, -0.04602250084280968, 1.0, 0.016333334147930145, -3.1957933970261365e-06, 0.0, 0.0, 1.0172526572205243e-06, -0.016214000061154366, 0.0, 0.0]","[1.0, 1.0, 1.0, 1.3381903171539307, 2.0, 0.5678644180297852, 0.7299122214317322, 0.06327319145202637]",-29.105043046712588
4.549999999999992,104.59001922607422,191.77003479003906,0.0,0.0,0.5,"[0.3125, 0.0, 0.0, 1.0]","[0.0, 0.0, -3.1957933970261365e-06, 0.00011933333735214546, -0.04602250084280968, 1.0, 0.016333334147930145, -3.1957933970261365e-06, 0.0, 0.0, 1.0172526572205243e-06, -0.016214000061154366, 0.0, 0.0]","[1.0, 1.0, 1.0, 1.3381903171539307, 2.0, 0.5678644180297852, 0.7299122214317322, 0.06327319145202637]",-29.248292847152133
4.599999999999992,104.59001922607422,191.77003479003906,0.0,0.0,0.5,"[0.3125, 0.0, 0.0, 1.0]","[0.0, 0.0, -3.1957933970261365e-06, 0.00011933333735214546, -0.04602250084280968, 1.0, 0.016333334147930145, -3.1957933970261365e-06, 0.0, 0.0, 1.0172526572205243e-06, -0.016214000061154366, 0.0, 0.0]","[1.0, 1.0, 1.0, 1.3381903171539307, 2.0, 0.5678644180297852, 0.7299122214317322, 0.06327319145202637]",-29.545110353845864
4.6499999999999915,104.59001922607422,191.77003479003906,0.0,0.0,0.5,"[0.3125, 0.0, 0.0, 0.9999977946281433]","[0.0, 0.0, -3.1957933970261365e-06, 0.00011933333735214546, -0.04602250084280968, 1.0, 0.016333334147930145, -3.1957933970261365e-06, 0.0, 0.0, 1.0172526572205243e-06, -0.016214000061154366, 0.0, 0.0]","[1.0, 1.0, 1.0, 1.3381903171539307, 2.0, 0.5678644180297852, 0.7299122214317322, 0.06327319145202637]",-29.69972650524913
4.699999999999991,104.59001922607422,191.77003479003906,0.0,0.0,0.5,"[0.3125, 0.0, 0.0, 0.9999977946281433]","[0.0, 0.0, -3.1957933970261365e-06, 0.00011933333735214546, -0.04602250084280968, 1.0, 0.016333334147930145, -3.1957933970261365e-06, 0.0, 0.0, 1.0172526572205243e-06, -0.016214000061154366, 0.0, 0.0]","[1.0, 1.0, 1.0, 1.3381903171539307, 2.0, 0.5678644180297852, 0.7299122214317322, 0.06327319145202637]",-29.861091093302804
4.749999999999991,104.59001922607422,191.77003479003906,0.0,0.0,0.5,"[0.3125, 0.0, 0.0, 1.0]","[0.0, 0.0, -3.1957933970261365e-06, 0.00011933333735214546, -0.04602250084280968, 1.0, 0.016333334147930145, -3.1957933970261365e-06, 0.0, 0.0, 1.0172526572205243e-06, -0.016214000061154366, 0.0, 0.0]","[1.0, 1.0, 1.0, 1.3381903171539307, 2.0, 0.5678644180297852, 0.7299122214317322, 0.06327319145202637]",-30.03188736552005
4.799999999999991,104.59001922607422,191.77003479003906,0.0,0.0,0.5,"[0.3125, 0.0, 0.0, 1.0]","[0.0, 0.0, -3.1957933970261365e-06, 0.00011933333735214546, -0.04602250084280968, 1.0, 0.016333334147930145, -3.1957933970261365e-06, 0.0, 0.0, 1.0172526572205243e-06, -0.016214000061154366, 0.0, 0.0]","[1.0, 1.0, 1.0, 1.3381903171539307, 2.0, 0.5678644180297852, 0.7299122214317322, 0.06327319145202637]",-30.409026976816318
4.849999999999991,104.59001922607422,191.77003479003906,0.0,0.0,0.5,"[0.3125, 0.0, 0.0, 1.0]","[0.0, 0.0, -3.1957933970261365e-06, 0.00011933333735214546, -0.04602250084280968, 1.0, 0.016333334147930145, -3.1957933970261365e-06, 0.0, 0.0, 1.0172526572205243e-06, -0.016214000061154366, 0.0, 0.0]","[1.0, 1.0, 1.0, 1.3381903171539307, 2.0, 0.5678644180297852, 0.7299122214317322, 0.06327319145202637]",-30.62233913612194
4.899999999999991,104.59001922607422,191.77003479003906,0.0,0.0,0.5,"[0.3125, 0.0, 0.0, 1.0]","[0.0, 0.0, -3.1957933970261365e-06, 0.00011933333735214546, -0.04602250084280968, 1.0, 0.016333334147930145, -3.1957933970261365e-06, 0.0, 0.0, 1.0172526572205243e-06, -0.016214000061154366, 0.0, 0.0]","[1.0, 1.0, 1.0, 1.3381903171539307, 2.0, 0.5678644180297852, 0.7299122214317322, 0.06327319145202637]",-30.85379558062534
4.94999999999999,104.59001922607422,191.77003479003906,0.0,0.0,0.5,"[0.3125, 0.0, 0.0, 1.0]","[0.0, 0.0, -3.1957933970261365e-06, 0.00011933333735214546, -0.04602250084280968, 1.0, 0.016333334147930145, -3.1957933970261365e-06, 0.0, 0.0, 1.0172526572205243e-06, -0.016214000061154366, 0.0, 0.0]","[1.0, 1.0, 1.0, 1.3381903171539307, 2.0, 0.5678644180297852, 0.7299122214317322, 0.06327319145202637]",-31.091201674562747
4.99999999999999,104.59001922607422,191.77003479003906,0.0,0.0,0.5,"[0.3125, 0.0, 0.0, 1.0]","[0.0, 0.0, -3.1957933970261365e-06, 0.00011933333735214546, -0.04602250084280968, 1.0, 0.016333334147930145, -3.1957933970261365e-06, 0.0, 0.0, 1.0172526572205243e-06, -0.016214000061154366, 0.0, 0.0]","[1.0, 1.0, 1.0, 1.3381903171539307, 2.0, 0.5678644180297852, 0.7299122214317322, 0.06327319145202637]",-31.602471919114343
5.04999999999999,104.59001922607422,191.77003479003906,0.0,0.0,0.5,"[0.3125, 0.0, 0.0, 1.0]","[0.0, 0.0, -3.1957933970261365e-06, 0.00011933333735214546, -0.04602250084280968, 1.0, 0.016333334147930145, -3.1957933970261365e-06, 0.0, 0.0, 1.0172526572205243e-06, -0.016214000061154366, 0.0, 0.0]","[1.0, 1.0, 1.0, 1.3381903171539307, 2.0, 0.5678644180297852, 0.7299122214317322, 0.06327319145202637]",-31.904629080294484
5.09999999999999,104.59001922607422,191.77003479003906,0.0,0.0,0.5,"[0.3125, 0.0, 0.0, 0.9999977946281433]","[0.0, 0.0, -3.1957933970261365e-06, 0.00011933333735214546, -0.04602250084280968, 1.0, 0.016333334147930145, -3.1957933970261365e-06, 0.0, 0.0, 1.0172526572205243e-06, -0.016214000061154366, 0.0, 0.0]","[1.0, 1.0, 1.0, 1.3381903171539307, 2.0, 0.5678644180297852, 0.7299122214317322, 0.06327319145202637]",-32.231713451484985
5.14999999999999,104.59001922607422,191.77003479003906,0.0,0.0,0.5,"[0.3125, 0.0, 0.0, 0.9999977946281433]","[0.0, 0.0, -3.1957933970261365e-06, 0.00011933333735214546, -0.04602250084280968, 1.0, 0.016333334147930145, -3.1957933970261365e-06, 0.0, 0.0, 1.0172526572205243e-06, -0.016214000061154366, 0.0, 0.0]","[1.0, 1.0, 1.0, 1.3381903171539307, 2.0, 0.5678644180297852, 0.7299122214317322, 0.06327319145202637]",-32.57721226026251
5.1999999999999895,104.59001922607422,191.77003479003906,0.0,0.0,0.5,"[0.3125, 0.0, 0.0, 1.0]","[0.0, 0.0, -3.1957933970261365e-06, 0.00011933333735214546, -0.04602250084280968, 1.0, 0.016333334147930145, -3.1957933970261365e-06, 0.0, 0.0, 1.0172526572205243e-06, -0.016214000061154366, 0.0, 0.0]","[1.0, 1.0, 1.0, 1.3381903171539307, 2.0, 0.5678644180297852, 0.7299122214317322, 0.06327319145202637]",-33.33228416661892
5.249999999999989,104.59001922607422,191.77003479003906,0.0,0.0,0.5,"[0.3125, 0.0, 0.0, 1.0]","[0.0, 0.0, -3.1957933970261365e-06, 0.00011933333735214546, -0.04602250084280968, 1.0, 0.016333334147930145, -3.1957933970261365e-06, 0.0, 0.0, 1.0172526572205243e-06, -0.016214000061154366, 0.0, 0.0]","[1.0, 1.0, 1.0, 1.3381903171539307, 2.0, 0.5678644180297852, 0.7299122214317322, 0.06327319145202637]",-33.68496510425765
5.299999999999989,104.59001922607422,191.77003479003906,0.0,0.0,0.5,"[0.3125, 0.0, 0.0, 1.0]","[0.0, 0.0, -3.1957933970261365e-06, 0.00011933333735214546, -0.04602250084280968, 1.0, 0.016333334147930145, -3.1957933970261365e-06, 0.0, 0.0, 1.0172526572205243e-06, -0.016214000061154366, 0.0, 0.0]","[1.0, 1.0, 1.0, 1.3381903171539307, 2.0, 0.5678644180297852, 0.7299122214317322, 0.06327319145202637]",-33.9698616307627
5.349999999999989,104.59001922607422,191.77003479003906,0.0,0.0,0.5,"[0.3125, 0.0, 0.0, 1.0]","[0.0, 0.0, -3.1957933970261365e-06, 0.00011933333735214546, -0.04602250084280968, 1.0, 0.016333334147930145, -3.1957933970261365e-06, 0.0, 0.0, 1.0172526572205243e-06, -0.016214000061154366, 0.0, 0.0]","[1.0, 1.0, 1.0, 1.3381903171539307, 2.0, 0.5678644180297852, 0.7299122214317322, 0.06327319145202637]",-34.28839321042035
5.399999999999989,104.59001922607422,191.77003479003906,0.0,0.0,0.5,"[0.3125, 0.0, 0.0, 1.0]","[0.0, 0.0, -3.1957933970261365e-06, 0.00011933333735214546, -0.04602250084280968, 1.0, 0.016333334147930145, -3.1957933970261365e-06, 0.0, 0.0, 1.0172526572205243e-06, -0.016214000061154366, 0.0, 0.0]","[1.0, 1.0, 1.0, 1.3381903171539307, 2.0, 0.5678644180297852, 0.7299122214317322, 0.06327319145202637]",-34.909044709701256
5.449999999999989,104.59001922607422,191.77003479003906,0.0,0.0,0.5,"[0.3125, 0.0, 0.0, 1.0]","[0.0, 0.0, -3.1957933970261365e-06, 0.00011933333735214546, -0.04602250084280968, 1.0, 0.016333334147930145, -3.1957933970261365e-06, 0.0, 0.0, 1.0172526572205243e-06, -0.016214000061154366, 0.0, 0.0]","[1.0, 1.0, 1.0, 1.3381903171539307, 2.0, 0.5678644180297852, 0.7299122214317322, 0.06327319145202637]",-35.22722368229191
5.4999999999999885,104.59001922607422,191.77003479003906,0.0,0.0,0.5,"[0.3125, 0.0, 0.0, 0.9999977946281433]","[0.0, 0.0, -3.1957933970261365e-06, 0.00011933333735214546, -0.04602250084280968, 1.0, 0.016333334147930145, -3.1957933970261365e-06, 0.0, 0.0, 1.0172526572205243e-06, -0.016214000061154366, 0.0, 0.0]","[1.0, 1.0, 1.0, 1.3381903171539307, 2.0, 0.5678644180297852, 0.7299122214317322, 0.06327319145202637]",-35.55871774506747
5.549999999999988,104.59001922607422,191.77003479003906,0.0,0.0,0.5,"[0.3125, 0.0, 0.0, 0.9999977946281433]","[0.0, 0.0, -3.1957933970261365e-06, 0.00011933333735214546, -0.04602250084280968, 1.0, 0.016333334147930145, -3.1957933970261365e-06, 0.0, 0.0, 1.0172526572205243e-06, -0.016214000061154366, 0.0, 0.0]","[1.0, 1.0, 1.0, 1.3381903171539307, 2.0, 0.5678644180297852, 0.7299122214317322, 0.06327319145202637]",-35.92776147756361
5.599999999999988,104.59001922607422,191.77003479003906,0.0,0.0,0.5,"[0.3125, 0.0, 0.0, 1.0]","[0.0, 0.0, -3.1957933970261365e-06, 0.00011933333735214546, -0.04602250084280968, 1.0, 0.016333334147930145, -3.1957933970261365e-06, 0.0, 0.0, 1.0172526572205243e-06, -0.016214000061154366, 0.0, 0.0]","[1.0, 1.0, 1.0, 1.3381903171539307, 2.0, 0.5678644180297852, 0.7299122214317322, 0.06327319145202637]",-36.78789180758076
5.649999999999988,104.59001922607422,191.77003479003906,0.0,0.0,0.5,"[0.3125, 0.0, 0.0, 1.0]","[0.0, 0.0, -3.1957933970261365e-06, 0.00011933333735214546, -0.04602250084280968, 1.0, 0.016333334147930145, -3.1957933970261365e-06, 0.0, 0.0, 1.0172526572205243e-06, -0.016214000061154366, 0.0, 0.0]","[1.0, 1.0, 1.0, 1.3381903171539307, 2.0, 0.5678644180297852, 0.7299122214317322, 0.06327319145202637]",-37.24383860749627
5.699999999999988,104.59001922607422,191.77003479003906,0.0,0.0,0.5,"[0.3125, 0.0, 0.0, 1.0]","[0.0, 0.0, -3.1957933970261365e-06, 0.00011933333735214546, -0.04602250084280968, 1.0, 0.016333334147930145, -3.1957933970261365e-06, 0.0, 0.0, 1.0172526572205243e-06, -0.016214000061154366, 0.0, 0.0]","[1.0, 1.0, 1.0, 1.3381903171539307, 2.0, 0.5678644180297852, 0.7299122214317322, 0.06327319145202637]",-37.706508523466034
5.749999999999988,104.59001922607422,191.77003479003906,0.0,0.0,0.5,"[0.3125, 0.0, 0.0, 1.0]","[0.0, 0.0, -3.1957933970261365e-06, 0.00011933333735214546, -0.04602250084280968, 1.0, 0.016333334147930145, -3.1957933970261365e-06, 0.0, 0.0, 1.0172526572205243e-06, -0.016214000061154366, 0.0, 0.0]","[1.0, 1.0, 1.0, 1.3381903171539307, 2.0, 0.5678644180297852, 0.7299122214317322, 0.06327319145202637]",-38.17685520748951
5.799999999999987,104.59001922607422,191.77003479003906,0.0,0.0,0.5,"[0.3125, 0.0, 0.0, 1.0]","[0.0, 0.0, -3.1957933970261365e-06, 0.00011933333735214546, -0.04602250084280968, 1.0, 0.016333334147930145, -3.1957933970261365e-06, 0.0, 0.0, 1.0172526572205243e-06, -0.016214000061154366, 0.0, 0.0]","[1.0, 1.0, 1.0, 1.3381903171539307, 2.0, 0.5678644180297852, 0.7299122214317322, 0.06327319145202637]",-39.13877812938419
5.849999999999987,104.59001922607422,191.77003479003906,0.0,0.0,0.5,"[0.3125, 0.0, 0.0, 1.0]","[0.0, 0.0, -3.1957933970261365e-06, 0.00011933333735214546, -0.04602250084280968, 1.0, 0.016333334147930145, -3.1957933970261365e-06, 0.0, 0.0, 1.0172526572205243e-06, -0.016214000061154366, 0.0, 0.0]","[1.0, 1.0, 1.0, 1.3381903171539307, 2.0, 0.5678644180297852, 0.7299122214317322, 0.06327319145202637]",-39.62882676437844
5.899999999999987,104.59001922607422,191.77003479003906,0.0,0.0,0.5,"[0.3125, 0.0, 0.0, 1.0]","[0.0, 0.0, -3.1957933970261365e-06, 0.00011933333735214546, -0.04602250084280968, 1.0, 0.016333334147930145, -3.1957933970261365e-06, 0.0, 0.0, 1.0172526572205243e-06, -0.016214000061154366, 0.0, 0.0]","[1.0, 1.0, 1.0, 1.3381903171539307, 2.0, 0.5678644180297852, 0.7299122214317322, 0.06327319145202637]",-40.125778141172866
5.949999999999987,104.59001922607422,191.77003479003906,0.0,0.0,0.5,"[0.3125, 0.0, 0.0, 0.9999977946281433]","[0.0, 0.0, -3.1957933970261365e-06, 0.00011933333735214546, -0.04602250084280968, 1.0, 0.016333334147930145, -3.1957933970261365e-06, 0.0, 0.0, 1.0172526572205243e-06, -0.016214000061154366, 0.0, 0.0]","[1.0, 1.0, 1.0, 1.3381903171539307, 2.0, 0.5678644180297852, 0.7299122214317322, 0.06327319145202637]",-40.63026589210696
5.999999999999987,104.59001922607422,191.77003479003906,0.0,0.0,0.5,"[0.3125, 0.0, 0.0, 0.9999978542327881]","[0.0, 0.0, -3.1957933970261365e-06, 0.00011933333735214546, -0.04602250084280968, 1.0, 0.016333334147930145, -3.1957933970261365e-06, 0.0, 0.0, 1.0172526572205243e-06, -0.016214000061154366, 0.0, 0.0]","[1.0, 1.0, 1.0, 1.3381903171539307, 2.0, 0.5678644180297852, 0.7299122214317322, 0.06327319145202637]",-41.65553907708241
6.0499999999999865,104.59001922607422,191.77003479003906,0.0,0.0,0.5,"[0.3125, 0.0, 0.0, 1.0]","[0.0, 0.0, -3.1957933970261365e-06, 0.00011933333735214546, -0.04602250084280968, 1.0, 0.016333334147930145, -3.1957933970261365e-06, 0.0, 0.0, 1.0172526572205243e-06, -0.016214000061154366, 0.0, 0.0]","[1.0, 1.0, 1.0, 1.3381903171539307, 2.0, 0.5678644180297852, 0.7299122214317322, 0.06327319145202637]",-42.17470949483728
6.099999999999986,104.59001922607422,191.77003479003906,0.0,0.0,0.5,"[0.3125, 0.0, 0.0, 1.0]","[0.0, 0.0, -3.1957933970261365e-06, 0.00011933333735214546, -0.04602250084280968, 1.0, 0.016333334147930145, -3.1957933970261365e-06, 0.0, 0.0, 1.0172526572205243e-06, -0.016214000061154366, 0.0, 0.0]","[1.0, 1.0, 1.0, 1.3381903171539307, 2.0, 0.5678644180297852, 0.7299122214317322, 0.06327319145202637]",-42.699175893296996
6.149999999999986,104.59001922607422,191.77003479003906,0.0,0.0,0.5,"[0.3125, 0.0, 0.0, 1.0]","[0.0, 0.0, -3.1957933970261365e-06, 0.00011933333735214546, -0.04602250084280968, 1.0, 0.016333334147930145, -3.1957933970261365e-06, 0.0, 0.0, 1.0172526572205243e-06, -0.016214000061154366, 0.0, 0.0]","[1.0, 1.0, 1.0, 1.3381903171539307, 2.0, 0.5678644180297852, 0.7299122214317322, 0.06327319145202637]",-43.23048570662133
6.199999999999986,104.59001922607422,191.77003479003906,0.0,0.0,0.5,"[0.3125, 0.0, 0.0, 1.0]","[0.0, 0.0, -3.1957933970261365e-06, 0.00011933333735214546, -0.04602250084280968, 1.0, 0.016333334147930145, -3.1957933970261365e-06, 0.0, 0.0, 1.0172526572205243e-06, -0.016214000061154366, 0.0, 0.0]","[1.0, 1.0, 1.0, 1.3381903171539307, 2.0, 0.5678644180297852, 0.7299122214317322, 0.06327319145202637]",-44.31428109420872
6.249999999999986,104.59001922607422,191.77003479003906,0.0,0.0,0.5,"[0.3125, 0.0, 0.0, 1.0]","[0.0, 0.0, -3.1957933970261365e-06, 0.00011933333735214546, -0.04602250084280968, 1.0, 0.016333334147930145, -3.1957933970261365e-06, 0.0, 0.0, 1.0172526572205243e-06, -0.016214000061154366, 0.0, 0.0]","[1.0, 1.0, 1.0, 1.3381903171539307, 2.0, 0.5678644180297852, 0.7299122214317322, 0.06327319145202637]",-44.86580173873653
6.299999999999986,104.59001922607422,191.77003479003906,0.0,0.0,0.5,"[0.3125, 0.0, 0.0, 1.0]","[0.0, 0.0, -3.1957933970261365e-06, 0.00011933333735214546, -0.04602250084280968, 1.0, 0.016333334147930145, -3.1957933970261365e-06, 0.0, 0.0, 1.0172526572205243e-06, -0.016214000061154366, 0.0, 0.0]","[1.0, 1.0, 1.0, 1.3381903171539307, 2.0, 0.5678644180297852, 0.7299122214317322, 0.06327319145202637]",-45.424750511552446
6.349999999999985,104.59001922607422,191.77003479003906,0.0,0.0,0.5,"[0.3125, 0.0, 0.0, 0.9999977946281433]","[0.0, 0.0, -3.1957933970261365e-06, 0.00011933333735214546, -0.04602250084280968, 1.0, 0.016333334147930145, -3.1957933970261365e-06, 0.0, 0.0, 1.0172526572205243e-06, -0.016214000061154366, 0.0, 0.0]","[1.0, 1.0, 1.0, 1.3381903171539307, 2.0, 0.5678644180297852, 0.7299122214317322, 0.06327319145202637]",-45.994643931097485
6.399999999999985,104.59001922607422,191.77003479003906,0.0,0.0,0.5,"[0.3125, 0.0, 0.0, 0.9999977946281433]","[0.0, 0.0, -3.1957933970261365e-06, 0.00011933333735214546, -0.04602250084280968, 1.0, 0.016333334147930145, -3.1957933970261365e-06, 0.0, 0.0, 1.0172526572205243e-06, -0.016214000061154366, 0.0, 0.0]","[1.0, 1.0, 1.0, 1.3381903171539307, 2.0, 0.5678644180297852, 0.7299122214317322, 0.06327319145202637]",-47.17867000152061
6.449999999999985,104.59001922607422,191.77003479003906,0.0,0.0,0.5,"[0.3125, 0.0, 0.0, 1.0]","[0.0, 0.0, -3.1957933970261365e-06, 0.00011933333735214546, -0.04602250084280968, 1.0, 0.016333334147930145, -3.1957933970261365e-06, 0.0, 0.0, 1.0172526572205243e-06, -0.016214000061154366, 0.0, 0.0]","[1.0, 1.0, 1.0, 1.3381903171539307, 2.0, 0.5678644180297852, 0.7299122214317322, 0.06327319145202637]",-47.77820406564855
6.499999999999985,104.59001922607422,191.77003479003906,0.0,0.0,0.5,"[0.3125, 0.0, 0.0, 1.0]","[0.0, 0.0, -3.1957933970261365e-06, 0.00011933333735214546, -0.04602250084280968, 1.0, 0.016333334147930145, -3.1957933970261365e-06, 0.0, 0.0, 1.0172526572205243e-06, -0.016214000061154366, 0.0, 0.0]","[1.0, 1.0, 1.0, 1.3381903171539307, 2.0, 0.5678644180297852, 0.7299122214317322, 0.06327319145202637]",-48.38570040328211
6.549999999999985,104.59001922607422,191.77003479003906,0.0,0.0,0.5,"[0.3125, 0.0, 0.0, 1.0]","[0.0, 0.0, -3.1957933970261365e-06, 0.00011933333735214546, -0.04602250084280968, 1.0, 0.016333334147930145, -3.1957933970261365e-06, 0.0, 0.0, 1.0172526572205243e-06, -0.016214000061154366, 0.0, 0.0]","[1.0, 1.0, 1.0, 1.3381903171539307, 2.0, 0.5678644180297852, 0.7299122214317322, 0.06327319145202637]",-48.99721183594265
6.5999999999999845,104.59001922607422,191.77003479003906,0.0,0.0,0.5,"[0.3125, 0.0, 0.0, 1.0]","[0.0, 0.0, -3.1957933970261365e-06, 0.00011933333735214546, -0.04602250084280968, 1.0, 0.016333334147930145, -3.1957933970261365e-06, 0.0, 0.0, 1.0172526572205243e-06, -0.016214000061154366, 0.0, 0.0]","[1.0, 1.0, 1.0, 1.3381903171539307, 2.0, 0.5678644180297852, 0.7299122214317322, 0.06327319145202637]",-49.544814815872854
6.649999999999984,104.59001922607422,191.77003479003906,0.0,0.0,0.5,"[0.3125, 0.0, 0.0, 1.0]","[0.0, 0.0, -3.1957933970261365e-06, 0.00011933333735214546, -0.04602250084280968, 1.0, 0.016333334147930145, -3.1957933970261365e-06, 0.0, 0.0, 1.0172526572205243e-06, -0.016214000061154366, 0.0, 0.0]","[1.0, 1.0, 1.0, 1.3381903171539307, 2.0, 0.5678644180297852, 0.7299122214317322, 0.06327319145202637]",-50.460603449729426
6.699999999999984,104.59001922607422,191.77003479003906,0.0,0.0,0.5,"[0.3125, 0.0, 0.0, 1.0]","[0.0, 0.0, -3.1957933970261365e-06, 0.00011933333735214546, -0.04602250084280968, 1.0, 0.016333334147930145, -3.1957933970261365e-06, 0.0, 0.0, 1.0172526572205243e-06, -0.016214000061154366, 0.0, 0.0]","[1.0, 1.0, 1.0, 1.3381903171539307, 2.0, 0.5678644180297852, 0.7299122214317322, 0.06327319145202637]",-50.94131111731657
6.749999999999984,104.59001922607422,191.77003479003906,0.0,0.0,0.5,"[0.3125, 0.0, 0.0, 0.9999977946281433]","[0.0, 0.0, -3.1957933970261365e-06, 0.00011933333735214546, -0.04602250084280968, 1.0, 0.016333334147930145, -3.1957933970261365e-06, 0.0, 0.0, 1.0172526572205243e-06, -0.016214000061154366, 0.0, 0.0]","[1.0, 1.0, 1.0, 1.3381903171539307, 2.0, 0.5678644180297852, 0.7299122214317322, 0.06327319145202637]",-51.43269342956456
6.799999999999984,104.59001922607422,191.77003479003906,0.0,0.0,0.5,"[0.3125, 0.0, 0.0, 0.9999978542327881]","[0.0, 0.0, -3.1957933970261365e-06, 0.00011933333735214546, -0.04602250084280968, 1.0, 0.016333334147930145, -3.1957933970261365e-06, 0.0, 0.0, 1.0172526572205243e-06, -0.016214000061154366, 0.0, 0.0]","[1.0, 1.0, 1.0, 1.3381903171539307, 2.0, 0.5678644180297852, 0.7299122214317322, 0.06327319145202637]",-51.94944898762191
6.849999999999984,104.59001922607422,191.77003479003906,0.0,0.0,0.5,"[0.3125, 0.0, 0.0, 1.0]","[0.0, 0.0, -3.1957933970261365e-06, 0.00011933333735214546, -0.04602250084280968, 1.0, 0.016333334147930145, -3.1957933970261365e-06, 0.0, 0.0, 1.0172526572205243e-06, -0.016214000061154366, 0.0, 0.0]","[1.0, 1.0, 1.0, 1.3381903171539307, 2.0, 0.5678644180297852, 0.7299122214317322, 0.06327319145202637]",-52.97469847364961
6.8999999999999835,104.59001922607422,191.77003479003906,0.0,0.0,0.5,"[0.3125, 0.0, 0.0, 1.0]","[0.0, 0.0, -3.1957933970261365e-06, 0.00011933333735214546, -0.04602250084280968, 1.0, 0.016333334147930145, -3.1957933970261365e-06, 0.0, 0.0, 1.0172526572205243e-06, -0.016214000061154366, 0.0, 0.0]","[1.0, 1.0, 1.0, 1.3381903171539307, 2.0, 0.5678644180297852, 0.7299122214317322, 0.06327319145202637]",-53.4826870343494
6.949999999999983,104.59001922607422,191.77003479003906,0.0,0.0,0.5,"[0.3125, 0.0, 0.0, 1.0]","[0.0, 0.0, -3.1957933970261365e-06, 0.00011933333735214546, -0.04602250084280968, 1.0, 0.016333334147930145, -3.1957933970261365e-06, 0.0, 0.0, 1.0172526572205243e-06, -0.016214000061154366, 0.0, 0.0]","[1.0, 1.0, 1.0, 1.3381903171539307, 2.0, 0.5678644180297852, 0.7299122214317322, 0.06327319145202637]",-54.028474650064865
6.999999999999983,104.59001922607422,191.77003479003906,0.0,0.0,0.5,"[0.3125, 0.0, 0.0, 1.0]","[0.0, 0.0, -3.1957933970261365e-06, 0.00011933333735214546, -0.04602250084280968, 1.0, 0.016333334147930145, -3.1957933970261365e-06, 0.0, 0.0, 1.0172526572205243e-06, -0.016214000061154366, 0.0, 0.0]","[1.0, 1.0, 1.0, 1.3381903171539307, 2.0, 0.5678644180297852, 0.7299122214317322, 0.06327319145202637]",-54.577766505246274
7.049999999999983,104.59001922607422,191.77003479003906,0.0,0.0,0.5,"[0.3125, 0.0, 0.0, 1.0]","[0.0, 0.0, -3.1957933970261365e-06, 0.00011933333735214546, -0.04602250084280968, 1.0, 0.016333334147930145, -3.1957933970261365e-06, 0.0, 0.0, 1.0172526572205243e-06, -0.016214000061154366, 0.0, 0.0]","[1.0, 1.0, 1.0, 1.3381903171539307, 2.0, 0.5678644180297852, 0.7299122214317322, 0.06327319145202637]",-55.63837011786065
7.099999999999983,104.59001922607422,191.77003479003906,0.0,0.0,0.5,"[0.3125, 0.0, 0.0, 1.0]","[0.0, 0.0, -3.1957933970261365e-06, 0.00011933333735214546, -0.04602250084280968, 1.0, 0.016333334147930145, -3.1957933970261365e-06, 0.0, 0.0, 1.0172526572205243e-06, -0.016214000061154366, 0.0, 0.0]","[1.0, 1.0, 1.0, 1.3381903171539307, 2.0, 0.5678644180297852, 0.7299122214317322, 0.06327319145202637]",-56.148111593525826
7.149999999999983,104.59001922607422,191.77003479003906,0.0,0.0,0.5,"[0.3125, 0.0, 0.0, 1.0]","[0.0, 0.0, -3.1957933970261365e-06, 0.00011933333735214546, -0.04602250084280968, 1.0, 0.016333334147930145, -3.1957933970261365e-06, 0.0, 0.0, 1.0172526572205243e-06, -0.016214000061154366, 0.0, 0.0]","[1.0, 1.0, 1.0, 1.3381903171539307, 2.0, 0.5678644180297852, 0.7299122214317322, 0.06327319145202637]",-56.64403969101852
7.199999999999982,104.59001922607422,191.77003479003906,0.0,0.0,0.5,"[0.3125, 0.0, 0.0, 0.9999977946281433]","[0.0, 0.0, -3.1957933970261365e-06, 0.00011933333735214546, -0.04602250084280968, 1.0, 0.016333334147930145, -3.1957933970261365e-06, 0.0, 0.0, 1.0172526572205243e-06, -0.016214000061154366, 0.0, 0.0]","[1.0, 1.0, 1.0, 1.3381903171539307, 2.0, 0.5678644180297852, 0.7299122214317322, 0.06327319145202637]",-57.12806366530336
7.249999999999982,104.59001922607422,191.77003479003906,0.0,0.0,0.5,"[0.3125, 0.0, 0.0, 0.9999977946281433]","[0.0, 0.0, -3.1957933970261365e-06, 0.00011933333735214546, -0.04602250084280968, 1.0, 0.016333334147930145, -3.1957933970261365e-06, 0.0, 0.0, 1.0172526572205243e-06, -0.016214000061154366, 0.0, 0.0]","[1.0, 1.0, 1.0, 1.3381903171539307, 2.0, 0.5678644180297852, 0.7299122214317322, 0.06327319145202637]",-58.05943116642331
7.299999999999982,104.59001922607422,191.77003479003906,0.0,0.0,0.5,"[0.3125, 0.0, 0.0, 1.0]","[0.0, 0.0, -3.1957933970261365e-06, 0.00011933333735214546, -0.04602250084280968, 1.0, 0.016333334147930145, -3.1957933970261365e-06, 0.0, 0.0, 1.0172526572205243e-06, -0.016214000061154366, 0.0, 0.0]","[1.0, 1.0, 1.0, 1.3381903171539307, 2.0, 0.5678644180297852, 0.7299122214317322, 0.06327319145202637]",-58.50955414837992
7.349999999999982,104.59001922607422,191.77003479003906,0.0,0.0,0.5,"[0.3125, 0.0, 0.0, 1.0]","[0.0, 0.0, -3.1957933970261365e-06, 0.00011933333735214546, -0.04602250084280968, 1.0, 0.016333334147930145, -3.1957933970261365e-06, 0.0, 0.0, 1.0172526572205243e-06, -0.016214000061154366, 0.0, 0.0]","[1.0, 1.0, 1.0, 1.3381903171539307, 2.0, 0.5678644180297852, 0.7299122214317322, 0.06327319145202637]",-58.96727545414542
7.399999999999982,104.59001922607422,191.77003479003906,0.0,0.0,0.5,"[0.3125, 0.0, 0.0, 1.0]","[0.0, 0.0, -3.1957933970261365e-06, 0.00011933333735214546, -0.04602250084280968, 1.0, 0.016333334147930145, -3.1957933970261365e-06, 0.0, 0.0, 1.0172526572205243e-06, -0.016214000061154366, 0.0, 0.0]","[1.0, 1.0, 1.0, 1.3381903171539307, 2.0, 0.5678644180297852, 0.7299122214317322, 0.06327319145202637]",-59.41750134174192
7.4499999999999815,104.59001922607422,191.77003479003906,0.0,0.0,0.5,"[0.3125, 0.0, 0.0, 1.0]","[0.0, 0.0, -3.1957933970261365e-06, 0.00011933333735214546, -0.04602250084280968, 1.0, 0.016333334147930145, -3.1957933970261365e-06, 0.0, 0.0, 1.0172526572205243e-06, -0.016214000061154366, 0.0, 0.0]","[1.0, 1.0, 1.0, 1.3381903171539307, 2.0, 0.5678644180297852, 0.7299122214317322, 0.06327319145202637]",-60.30481499139641
7.499999999999981,104.59001922607422,191.77003479003906,0.0,0.0,0.5,"[0.3125, 0.0, 0.0, 1.0]","[0.0, 0.0, -3.1957933970261365e-06, 0.00011933333735214546, -0.04602250084280968, 1.0, 0.016333334147930145, -3.1957933970261365e-06, 0.0, 0.0, 1.0172526572205243e-06, -0.016214000061154366, 0.0, 0.0]","[1.0, 1.0, 1.0, 1.3381903171539307, 2.0, 0.5678644180297852, 0.7299122214317322, 0.06327319145202637]",-60.74326155032303
7.549999999999981,104.59001922607422,191.77003479003906,0.0,0.0,0.5,"[0.3125, 0.0, 0.0, 1.0]","[0.0, 0.0, -3.1957933970261365e-06, 0.00011933333735214546, -0.04602250084280968, 1.0, 0.016333334147930145, -3.1957933970261365e-06, 0.0, 0.0, 1.0172526572205243e-06, -0.016214000061154366, 0.0, 0.0]","[1.0, 1.0, 1.0, 1.3381903171539307, 2.0, 0.5678644180297852, 0.7299122214317322, 0.06327319145202637]",-61.1784376202884
7.599999999999981,104.59001922607422,191.77003479003906,0.0,0.0,0.5,"[0.3125, 0.0, 0.0, 0.9999977946281433]","[0.0, 0.0, -3.1957933970261365e-06, 0.00011933333735214546, -0.04602250084280968, 1.0, 0.016333334147930145, -3.1957933970261365e-06, 0.0, 0.0, 1.0172526572205243e-06, -0.016214000061154366, 0.0, 0.0]","[1.0, 1.0, 1.0, 1.3381903171539307, 2.0, 0.5678644180297852, 0.7299122214317322, 0.06327319145202637]",-61.611932405248155
7.649999999999981,104.59001922607422,191.77003479003906,0.0,0.0,0.5,"[0.3125, 0.0, 0.0, 0.9999978542327881]","[0.0, 0.0, -3.1957933970261365e-06, 0.00011933333735214546, -0.04602250084280968, 1.0, 0.016333334147930145, -3.1957933970261365e-06, 0.0, 0.0, 1.0172526572205243e-06, -0.016214000061154366, 0.0, 0.0]","[1.0, 1.0, 1.0, 1.3381903171539307, 2.0, 0.5678644180297852, 0.7299122214317322, 0.06327319145202637]",-62.4789698085626
7.699999999999981,104.59001922607422,191.77003479003906,0.0,0.0,0.5,"[0.3125, 0.0, 0.0, 1.0]","[0.0, 0.0, -3.1957933970261365e-06, 0.00011933333735214546, -0.04602250084280968, 1.0, 0.016333334147930145, -3.1957933970261365e-06, 0.0, 0.0, 1.0172526572205243e-06, -0.016214000061154366, 0.0, 0.0]","[1.0, 1.0, 1.0, 1.3381903171539307, 2.0, 0.5678644180297852, 0.7299122214317322, 0.06327319145202637]",-62.920850892053735
7.7499999999999805,104.59001922607422,191.77003479003906,0.0,0.0,0.5,"[0.3125, 0.0, 0.0, 1.0]","[0.0, 0.0, -3.1957933970261365e-06, 0.00011933333735214546, -0.04602250084280968, 1.0, 0.016333334147930145, -3.1957933970261365e-06, 0.0, 0.0, 1.0172526572205243e-06, -0.016214000061154366, 0.0, 0.0]","[1.0, 1.0, 1.0, 1.3381903171539307, 2.0, 0.5678644180297852, 0.7299122214317322, 0.06327319145202637]",-63.366251163573935
7.79999999999998,104.59001922607422,191.77003479003906,0.0,0.0,0.5,"[0.3125, 0.0, 0.0, 1.0]","[0.0, 0.0, -3.1957933970261365e-06, 0.00011933333735214546, -0.04602250084280968, 1.0, 0.016333334147930145, -3.1957933970261365e-06, 0.0, 0.0, 1.0172526572205243e-06, -0.016214000061154366, 0.0, 0.0]","[1.0, 1.0, 1.0, 1.3381903171539307, 2.0, 0.5678644180297852, 0.7299122214317322, 0.06327319145202637]",-63.80764061232908
7.84999999999998,104.59001922607422,191.77003479003906,0.0,0.0,0.5,"[0.3125, 0.0, 0.0, 1.0]","[0.0, 0.0, -3.1957933970261365e-06, 0.00011933333735214546, -0.04602250084280968, 1.0, 0.016333334147930145, -3.1957933970261365e-06, 0.0, 0.0, 1.0172526572205243e-06, -0.016214000061154366, 0.0, 0.0]","[1.0, 1.0, 1.0, 1.3381903171539307, 2.0, 0.5678644180297852, 0.7299122214317322, 0.06327319145202637]",-64.68335494707696
7.89999999999998,104.59001922607422,191.77003479003906,0.0,0.0,0.5,"[0.3125, 0.0, 0.0, 1.0]","[0.0, 0.0, -3.1957933970261365e-06, 0.00011933333735214546, -0.04602250084280968, 1.0, 0.016333334147930145, -3.1957933970261365e-06, 0.0, 0.0, 1.0172526572205243e-06, -0.016214000061154366, 0.0, 0.0]","[1.0, 1.0, 1.0, 1.3381903171539307, 2.0, 0.5678644180297852, 0.7299122214317322, 0.06327319145202637]",-65.11904461855343
7.94999999999998,104.59001922607422,191.77003479003906,0.0,0.0,0.5,"[0.3125, 0.0, 0.0, 1.0]","[0.0, 0.0, -3.1957933970261365e-06, 0.00011933333735214546, -0.04602250084280968, 1.0, 0.016333334147930145, -3.1957933970261365e-06, 0.0, 0.0, 1.0172526572205243e-06, -0.016214000061154366, 0.0, 0.0]","[1.0, 1.0, 1.0, 1.3381903171539307, 2.0, 0.5678644180297852, 0.7299122214317322, 0.06327319145202637]",-65.55332093395484
7.99999999999998,104.59001922607422,191.77003479003906,0.0,0.0,0.5,"[0.3125, 0.0, 0.0, 1.0]","[0.0, 0.0, -3.1957933970261365e-06, 0.00011933333735214546, -0.04602250084280968, 1.0, 0.016333334147930145, -3.1957933970261365e-06, 0.0, 0.0, 1.0172526572205243e-06, -0.016214000061154366, 0.0, 0.0]","[1.0, 1.0, 1.0, 1.3381903171539307, 2.0, 0.5678644180297852, 0.7299122214317322, 0.06327319145202637]",-65.98651960444217
8.04999999999998,104.59001922607422,191.77003479003906,0.0,0.0,0.5,"[0.3125, 0.0, 0.0, 0.9999977946281433]","[0.0, 0.0, -3.1957933970261365e-06, 0.00011933333735214546, -0.04602250084280968, 1.0, 0.016333334147930145, -3.1957933970261365e-06, 0.0, 0.0, 1.0172526572205243e-06, -0.016214000061154366, 0.0, 0.0]","[1.0, 1.0, 1.0, 1.3381903171539307, 2.0, 0.5678644180297852, 0.7299122214317322, 0.06327319145202637]",-66.85271711757566
8.09999999999998,104.59001922607422,191.77003479003906,0.0,0.0,0.5,"[0.3125, 0.0, 0.0, 0.9999977946281433]","[0.0, 0.0, -3.1957933970261365e-06, 0.00011933333735214546, -0.04602250084280968, 1.0, 0.016333334147930145, -3.1957933970261365e-06, 0.0, 0.0, 1.0172526572205243e-06, -0.016214000061154366, 0.0, 0.0]","[1.0, 1.0, 1.0, 1.3381903171539307, 2.0, 0.5678644180297852, 0.7299122214317322, 0.06327319145202637]",-67.28731878179762
8.14999999999998,104.59001922607422,191.77003479003906,0.0,0.0,0.5,"[0.3125, 0.0, 0.0, 1.0]","[0.0, 0.0, -3.1957933970261365e-06, 0.00011933333735214546, -0.04602250084280968, 1.0, 0.016333334147930145, -3.1957933970261365e-06, 0.0, 0.0, 1.0172526572205243e-06, -0.016214000061154366, 0.0, 0.0]","[1.0, 1.0, 1.0, 1.3381903171539307, 2.0, 0.5678644180297852, 0.7299122214317322, 0.06327319145202637]",-67.72373569045533
8.199999999999982,104.59001922607422,191.77003479003906,0.0,0.0,0.5,"[0.3125, 0.0, 0.0, 1.0]","[0.0, 0.0, -3.1957933970261365e-06, 0.00011933333735214546, -0.04602250084280968, 1.0, 0.016333334147930145, -3.1957933970261365e-06, 0.0, 0.0, 1.0172526572205243e-06, -0.016214000061154366, 0.0, 0.0]","[1.0, 1.0, 1.0, 1.3381903171539307, 2.0, 0.5678644180297852, 0.7299122214317322, 0.06327319145202637]",-68.16280397525618
8.249999999999982,104.59001922607422,191.77003479003906,0.0,0.0,0.5,"[0.3125, 0.0, 0.0, 1.0]","[0.0, 0.0, -3.1957933970261365e-06, 0.00011933333735214546, -0.04602250084280968, 1.0, 0.016333334147930145, -3.1957933970261365e-06, 0.0, 0.0, 1.0172526572205243e-06, -0.016214000061154366, 0.0, 0.0]","[1.0, 1.0, 1.0, 1.3381903171539307, 2.0, 0.5678644180297852, 0.7299122214317322, 0.06327319145202637]",-69.05143723714772
8.299999999999983,104.59001922607422,191.77003479003906,0.0,0.0,0.5,"[0.3125, 0.0, 0.0, 1.0]","[0.0, 0.0, -3.1957933970261365e-06, 0.00011933333735214546, -0.04602250084280968, 1.0, 0.016333334147930145, -3.1957933970261365e-06, 0.0, 0.0, 1.0172526572205243e-06, -0.016214000061154366, 0.0, 0.0]","[1.0, 1.0, 1.0, 1.3381903171539307, 2.0, 0.5678644180297852, 0.7299122214317322, 0.06327319145202637]",-69.50186883301481
8.349999999999984,104.59001922607422,191.77003479003906,0.0,0.0,0.5,"[0.3125, 0.0, 0.0, 1.0]","[0.0, 0.0, -3.1957933970261365e-06, 0.00011933333735214546, -0.04602250084280968, 1.0, 0.016333334147930145, -3.1957933970261365e-06, 0.0, 0.0, 1.0172526572205243e-06, -0.016214000061154366, 0.0, 0.0]","[1.0, 1.0, 1.0, 1.3381903171539307, 2.0, 0.5678644180297852, 0.7299122214317322, 0.06327319145202637]",-69.95690761314125
8.399999999999984,104.59001922607422,191.77003479003906,0.0,0.0,0.5,"[0.3125, 0.0, 0.0, 1.0]","[0.0, 0.0, -3.1957933970261365e-06, 0.00011933333735214546, -0.04602250084280968, 1.0, 0.016333334147930145, -3.1957933970261365e-06, 0.0, 0.0, 1.0172526572205243e-06, -0.016214000061154366, 0.0, 0.0]","[1.0, 1.0, 1.0, 1.3381903171539307, 2.0, 0.5678644180297852, 0.7299122214317322, 0.06327319145202637]",-70.41640766039953
8.449999999999985,104.59001922607422,191.77003479003906,0.0,0.0,0.5,"[0.3125, 0.0, 0.0, 0.9999977946281433]","[0.0, 0.0, -3.1957933970261365e-06, 0.00011933333735214546, -0.04602250084280968, 1.0, 0.016333334147930145, -3.1957933970261365e-06, 0.0, 0.0, 1.0172526572205243e-06, -0.016214000061154366, 0.0, 0.0]","[1.0, 1.0, 1.0, 1.3381903171539307, 2.0, 0.5678644180297852, 0.7299122214317322, 0.06327319145202637]",-71.34609831174005
8.499999999999986,104.59001922607422,191.77003479003906,0.0,0.0,0.5,"[0.3125, 0.0, 0.0, 0.9999977946281433]","[0.0, 0.0, -3.1957933970261365e-06, 0.00011933333735214546, -0.04602250084280968, 1.0, 0.016333334147930145, -3.1957933970261365e-06, 0.0, 0.0, 1.0172526572205243e-06, -0.016214000061154366, 0.0, 0.0]","[1.0, 1.0, 1.0, 1.3381903171539307, 2.0, 0.5678644180297852, 0.7299122214317322, 0.06327319145202637]",-71.81579100721868
8.549999999999986,104.59001922607422,191.77003479003906,0.0,0.0,0.5,"[0.3125, 0.0, 0.0, 1.0]","[0.0, 0.0, -3.1957933970261365e-06, 0.00011933333735214546, -0.04602250084280968, 1.0, 0.016333334147930145, -3.1957933970261365e-06, 0.0, 0.0, 1.0172526572205243e-06, -0.016214000061154366, 0.0, 0.0]","[1.0, 1.0, 1.0, 1.3381903171539307, 2.0, 0.5678644180297852, 0.7299122214317322, 0.06327319145202637]",-72.28932548399428
8.599999999999987,104.59001922607422,191.77003479003906,0.0,0.0,0.5,"[0.3125, 0.0, 0.0, 1.0]","[0.0, 0.0, -3.1957933970261365e-06, 0.00011933333735214546, -0.04602250084280968, 1.0, 0.016333334147930145, -3.1957933970261365e-06, 0.0, 0.0, 1.0172526572205243e-06, -0.016214000061154366, 0.0, 0.0]","[1.0, 1.0, 1.0, 1.3381903171539307, 2.0, 0.5678644180297852, 0.7299122214317322, 0.06327319145202637]",-72.76637490104119
8.649999999999988,104.59001922607422,191.77003479003906,0.0,0.0,0.5,"[0.3125, 0.0, 0.0, 1.0]","[0.0, 0.0, -3.1957933970261365e-06, 0.00011933333735214546, -0.04602250084280968, 1.0, 0.016333334147930145, -3.1957933970261365e-06, 0.0, 0.0, 1.0172526572205243e-06, -0.016214000061154366, 0.0, 0.0]","[1.0, 1.0, 1.0, 1.3381903171539307, 2.0, 0.5678644180297852, 0.7299122214317322, 0.06327319145202637]",-73.72799224945204
8.699999999999989,104.59001922607422,191.77003479003906,0.0,0.0,0.5,"[0.3125, 0.0, 0.0, 1.0]","[0.0, 0.0, -3.1957933970261365e-06, 0.00011933333735214546, -0.04602250084280968, 1.0, 0.016333334147930145, -3.1957933970261365e-06, 0.0, 0.0, 1.0172526572205243e-06, -0.016214000061154366, 0.0, 0.0]","[1.0, 1.0, 1.0, 1.3381903171539307, 2.0, 0.5678644180297852, 0.7299122214317322, 0.06327319145202637]",-74.21248706774725
8.74999999999999,104.59001922607422,191.77003479003906,0.0,0.0,0.5,"[0.3125, 0.0, 0.0, 1.0]","[0.0, 0.0, -3.1957933970261365e-06, 0.00011933333735214546, -0.04602250084280968, 1.0, 0.016333334147930145, -3.1957933970261365e-06, 0.0, 0.0, 1.0172526572205243e-06, -0.016214000061154366, 0.0, 0.0]","[1.0, 1.0, 1.0, 1.3381903171539307, 2.0, 0.5678644180297852, 0.7299122214317322, 0.06327319145202637]",-74.69942430347298
8.79999999999999,104.59001922607422,191.77003479003906,0.0,0.0,0.5,"[0.3125, 0.0, 0.0, 1.0]","[0.0, 0.0, -3.1957933970261365e-06, 0.00011933333735214546, -0.04602250084280968, 1.0, 0.016333334147930145, -3.1957933970261365e-06, 0.0, 0.0, 1.0172526572205243e-06, -0.016214000061154366, 0.0, 0.0]","[1.0, 1.0, 1.0, 1.3381903171539307, 2.0, 0.5678644180297852, 0.7299122214317322, 0.06327319145202637]",-75.18885403039667
8.84999999999999,104.59001922607422,191.77003479003906,0.0,0.0,0.5,"[0.3125, 0.0, 0.0, 0.9999977946281433]","[0.0, 0.0, -3.1957933970261365e-06, 0.00011933333735214546, -0.04602250084280968, 1.0, 0.016333334147930145, -3.1957933970261365e-06, 0.0, 0.0, 1.0172526572205243e-06, -0.016214000061154366, 0.0, 0.0]","[1.0, 1.0, 1.0, 1.3381903171539307, 2.0, 0.5678644180297852, 0.7299122214317322, 0.06327319145202637]",-76.17642394367599
8.899999999999991,104.59001922607422,191.77003479003906,0.0,0.0,0.5,"[0.3125, 0.0, 0.0, 0.9999978542327881]","[0.0, 0.0, -3.1957933970261365e-06, 0.00011933333735214546, -0.04602250084280968, 1.0, 0.016333334147930145, -3.1957933970261365e-06, 0.0, 0.0, 1.0172526572205243e-06, -0.016214000061154366, 0.0, 0.0]","[1.0, 1.0, 1.0, 1.3381903171539307, 2.0, 0.5678644180297852, 0.7299122214317322, 0.06327319145202637]",-76.67442172174
8.949999999999992,104.59001922607422,191.77003479003906,0.0,0.0,0.5,"[0.3125, 0.0, 0.0, 1.0]","[0.0, 0.0, -3.1957933970261365e-06, 0.00011933333735214546, -0.04602250084280968, 1.0, 0.016333334147930145, -3.1957933970261365e-06, 0.0, 0.0, 1.0172526572205243e-06, -0.016214000061154366, 0.0, 0.0]","[1.0, 1.0, 1.0, 1.3381903171539307, 2.0, 0.5678644180297852, 0.7299122214317322, 0.06327319145202637]",-77.17517379640236
8.999999999999993,104.59001922607422,191.77003479003906,0.0,0.0,0.5,"[0.3125, 0.0, 0.0, 1.0]","[0.0, 0.0, -3.1957933970261365e-06, 0.00011933333735214546, -0.04602250084280968, 1.0, 0.016333334147930145, -3.1957933970261365e-06, 0.0, 0.0, 1.0172526572205243e-06, -0.016214000061154366, 0.0, 0.0]","[1.0, 1.0, 1.0, 1.3381903171539307, 2.0, 0.5678644180297852, 0.7299122214317322, 0.06327319145202637]",-77.6785038225136
9.049999999999994,104.59001922607422,191.77003479003906,0.0,0.0,0.5,"[0.3125, 0.0, 0.0, 1.0]","[0.0, 0.0, -3.1957933970261365e-06, 0.00011933333735214546, -0.04602250084280968, 1.0, 0.016333334147930145, -3.1957933970261365e-06, 0.0, 0.0, 1.0172526572205243e-06, -0.016214000061154366, 0.0, 0.0]","[1.0, 1.0, 1.0, 1.3381903171539307, 2.0, 0.5678644180297852, 0.7299122214317322, 0.06327319145202637]",-78.69804154636002
9.099999999999994,104.59001922607422,191.77003479003906,0.0,0.0,0.5,"[0.3125, 0.0, 0.0, 1.0]","[0.0, 0.0, -3.1957933970261365e-06, 0.00011933333735214546, -0.04602250084280968, 1.0, 0.016333334147930145, -3.1957933970261365e-06, 0.0, 0.0, 1.0172526572205243e-06, -0.016214000061154366, 0.0, 0.0]","[1.0, 1.0, 1.0, 1.3381903171539307, 2.0, 0.5678644180297852, 0.7299122214317322, 0.06327319145202637]",-79.2142716751945
9.149999999999995,104.59001922607422,191.77003479003906,0.0,0.0,0.5,"[0.3125, 0.0, 0.0, 1.0]","[0.0, 0.0, -3.1957933970261365e-06, 0.00011933333735214546, -0.04602250084280968, 1.0, 0.016333334147930145, -3.1957933970261365e-06, 0.0, 0.0, 1.0172526572205243e-06, -0.016214000061154366, 0.0, 0.0]","[1.0, 1.0, 1.0, 1.3381903171539307, 2.0, 0.5678644180297852, 0.7299122214317322, 0.06327319145202637]",-79.73366302850677
9.199999999999996,104.59001922607422,191.77003479003906,0.0,0.0,0.5,"[0.3125, 0.0, 0.0, 1.0]","[0.0, 0.0, -3.1957933970261365e-06, 0.00011933333735214546, -0.04602250084280968, 1.0, 0.016333334147930145, -3.1957933970261365e-06, 0.0, 0.0, 1.0172526572205243e-06, -0.016214000061154366, 0.0, 0.0]","[1.0, 1.0, 1.0, 1.3381903171539307, 2.0, 0.5678644180297852, 0.7299122214317322, 0.06327319145202637]",-80.25626172115199
9.249999999999996,104.59001922607422,191.77003479003906,0.0,0.0,0.5,"[0.3125, 0.0, 0.0, 1.0]","[0.0, 0.0, -3.1957933970261365e-06, 0.00011933333735214546, -0.04602250084280968, 1.0, 0.016333334147930145, -3.1957933970261365e-06, 0.0, 0.0, 1.0172526572205243e-06, -0.016214000061154366, 0.0, 0.0]","[1.0, 1.0, 1.0, 1.3381903171539307, 2.0, 0.5678644180297852, 0.7299122214317322, 0.06327319145202637]",-81.30935033050758
9.299999999999997,104.59001922607422,191.77003479003906,0.0,0.0,0.5,"[0.3125, 0.0, 0.0, 0.9999977946281433]","[0.0, 0.0, -3.1957933970261365e-06, 0.00011933333735214546, -0.04602250084280968, 1.0, 0.016333334147930145, -3.1957933970261365e-06, 0.0, 0.0, 1.0172526572205243e-06, -0.016214000061154366, 0.0, 0.0]","[1.0, 1.0, 1.0, 1.3381903171539307, 2.0, 0.5678644180297852, 0.7299122214317322, 0.06327319145202637]",-81.83908116356895
9.349999999999998,104.59001922607422,191.77003479003906,0.0,0.0,0.5,"[0.3125, 0.0, 0.0, 0.9999977946281433]","[0.0, 0.0, -3.1957933970261365e-06, 0.00011933333735214546, -0.04602250084280968, 1.0, 0.016333334147930145, -3.1957933970261365e-06, 0.0, 0.0, 1.0172526572205243e-06, -0.016214000061154366, 0.0, 0.0]","[1.0, 1.0, 1.0, 1.3381903171539307, 2.0, 0.5678644180297852, 0.7299122214317322, 0.06327319145202637]",-82.37063623568604
9.399999999999999,104.59001922607422,191.77003479003906,0.0,0.0,0.5,"[0.3125, 0.0, 0.0, 1.0]","[0.0, 0.0, -3.1957933970261365e-06, 0.00011933333735214546, -0.04602250084280968, 1.0, 0.016333334147930145, -3.1957933970261365e-06, 0.0, 0.0, 1.0172526572205243e-06, -0.016214000061154366, 0.0, 0.0]","[1.0, 1.0, 1.0, 1.3381903171539307, 2.0, 0.5678644180297852, 0.7299122214317322, 0.06327319145202637]",-82.90342152521785
9.45,104.59001922607422,191.77003479003906,0.0,0.0,0.5,"[0.3125, 0.0, 0.0, 1.0]","[0.0, 0.0, -3.1957933970261365e-06, 0.00011933333735214546, -0.04602250084280968, 1.0, 0.016333334147930145, -3.1957933970261365e-06, 0.0, 0.0, 1.0172526572205243e-06, -0.016214000061154366, 0.0, 0.0]","[1.0, 1.0, 1.0, 1.3381903171539307, 2.0, 0.5678644180297852, 0.7299122214317322, 0.06327319145202637]",-83.70717552301912
9.5,104.59001922607422,191.77003479003906,0.0,0.0,0.5,"[0.3125, 0.0, 0.0, 1.0]","[0.0, 0.0, -3.1957933970261365e-06, 0.00011933333735214546, -0.04602250084280968, 1.0, 0.016333334147930145, -3.1957933970261365e-06, 0.0, 0.0, 1.0172526572205243e-06, -0.016214000061154366, 0.0, 0.0]","[1.0, 1.0, 1.0, 1.3381903171539307, 2.0, 0.5678644180297852, 0.7299122214317322, 0.06327319145202637]",-84.08517646053001
9.55,104.59001922607422,191.77003479003906,0.0,0.0,0.5,"[0.3125, 0.0, 0.0, 1.0]","[0.0, 0.0, -3.1957933970261365e-06, 0.00011933333735214546, -0.04602250084280968, 1.0, 0.016333334147930145, -3.1957933970261365e-06, 0.0, 0.0, 1.0172526572205243e-06, -0.016214000061154366, 0.0, 0.0]","[1.0, 1.0, 1.0, 1.3381903171539307, 2.0, 0.5678644180297852, 0.7299122214317322, 0.06327319145202637]",-84.48717734215104
9.600000000000001,104.59001922607422,191.77003479003906,0.0,0.0,0.5,"[0.3125, 0.0, 0.0, 1.0]","[0.0, 0.0, -3.1957933970261365e-06, 0.00011933333735214546, -0.04602250084280968, 1.0, 0.016333334147930145, -3.1957933970261365e-06, 0.0, 0.0, 1.0172526572205243e-06, -0.016214000061154366, 0.0, 0.0]","[1.0, 1.0, 1.0, 1.3381903171539307, 2.0, 0.5678644180297852, 0.7299122214317322, 0.06327319145202637]",-84.91945747714998
9.650000000000002,104.59001922607422,191.77003479003906,0.0,0.0,0.5,"[0.3125, 0.0, 0.0, 1.0]","[0.0, 0.0, -3.1957933970261365e-06, 0.00011933333735214546, -0.04602250084280968, 1.0, 0.016333334147930145, -3.1957933970261365e-06, 0.0, 0.0, 1.0172526572205243e-06, -0.016214000061154366, 0.0, 0.0]","[1.0, 1.0, 1.0, 1.3381903171539307, 2.0, 0.5678644180297852, 0.7299122214317322, 0.06327319145202637]",-85.76432455714257
9.700000000000003,104.59001922607422,191.77003479003906,0.0,0.0,0.5,"[0.3125, 0.0, 0.0, 0.9999978542327881]","[0.0, 0.0, -3.1957933970261365e-06, 0.00011933333735214546, -0.04602250084280968, 1.0, 0.016333334147930145, -3.1957933970261365e-06, 0.0, 0.0, 1.0172526572205243e-06, -0.016214000061154366, 0.0, 0.0]","[1.0, 1.0, 1.0, 1.3381903171539307, 2.0, 0.5678644180297852, 0.7299122214317322, 0.06327319145202637]",-86.18064566683705
9.750000000000004,104.59001922607422,191.77003479003906,0.0,0.0,0.5,"[0.3125, 0.0, 0.0, 0.9999978542327881]","[0.0, 0.0, -3.1957933970261365e-06, 0.00011933333735214546, -0.04602250084280968, 1.0, 0.016333334147930145, -3.1957933970261365e-06, 0.0, 0.0, 1.0172526572205243e-06, -0.016214000061154366, 0.0, 0.0]","[1.0, 1.0, 1.0, 1.3381903171539307, 2.0, 0.5678644180297852, 0.7299122214317322, 0.06327319145202637]",-86.61968715659125
9.800000000000004,104.59001922607422,191.77003479003906,0.0,0.0,0.5,"[0.3125, 0.0, 0.0, 1.0]","[0.0, 0.0, -3.1957933970261365e-06, 0.00011933333735214546, -0.04602250084280968, 1.0, 0.016333334147930145, -3.1957933970261365e-06, 0.0, 0.0, 1.0172526572205243e-06, -0.016214000061154366, 0.0, 0.0]","[1.0, 1.0, 1.0, 1.3381903171539307, 2.0, 0.5678644180297852, 0.7299122214317322, 0.06327319145202637]",-87.11455355023016
9.850000000000005,104.59001922607422,191.77003479003906,0.0,0.0,0.5,"[0.3125, 0.0, 0.0, 1.0]","[0.0, 0.0, -3.1957933970261365e-06, 0.00011933333735214546, -0.04602250084280968, 1.0, 0.016333334147930145, -3.1957933970261365e-06, 0.0, 0.0, 1.0172526572205243e-06, -0.016214000061154366, 0.0, 0.0]","[1.0, 1.0, 1.0, 1.3381903171539307, 2.0, 0.5678644180297852, 0.7299122214317322, 0.06327319145202637]",-88.16539990584292
9.900000000000006,104.59001922607422,191.77003479003906,0.0,0.0,0.5,"[0.3125, 0.0, 0.0, 1.0]","[0.0, 0.0, -3.1957933970261365e-06, 0.00011933333735214546, -0.04602250084280968, 1.0, 0.016333334147930145, -3.1957933970261365e-06, 0.0, 0.0, 1.0172526572205243e-06, -0.016214000061154366, 0.0, 0.0]","[1.0, 1.0, 1.0, 1.3381903171539307, 2.0, 0.5678644180297852, 0.7299122214317322, 0.06327319145202637]",-88.72870477355481
9.950000000000006,104.59001922607422,191.77003479003906,0.0,0.0,0.5,"[0.3125, 0.0, 0.0, 1.0]","[0.0, 0.0, -3.1957933970261365e-06, 0.00011933333735214546, -0.04602250084280968, 1.0, 0.016333334147930145, -3.1957933970261365e-06, 0.0, 0.0, 1.0172526572205243e-06, -0.016214000061154366, 0.0, 0.0]","[1.0, 1.0, 1.0, 1.3381903171539307, 2.0, 0.5678644180297852, 0.7299122214317322, 0.06327319145202637]",-89.29634750399423
10.000000000000007,104.59001922607422,191.77003479003906,0.0,0.0,0.5,"[0.3125, 0.0, 0.0, 1.0]","[0.0, 0.0, -3.1957933970261365e-06, 0.00011933333735214546, -0.04602250084280968, 1.0, 0.016333334147930145, -3.1957933970261365e-06, 0.0, 0.0, 1.0172526572205243e-06, -0.016214000061154366, 0.0, 0.0]","[1.0, 1.0, 1.0, 1.3381903171539307, 2.0, 0.5678644180297852, 0.7299122214317322, 0.06327319145202637]",-89.86650239553737
10.050000000000008,104.59001922607422,191.77003479003906,0.0,0.0,0.5,"[0.3125, 0.0, 0.0, 1.0]","[0.0, 0.0, -3.1957933970261365e-06, 0.00011933333735214546, -0.04602250084280968, 1.0, 0.016333334147930145, -3.1957933970261365e-06, 0.0, 0.0, 1.0172526572205243e-06, -0.016214000061154366, 0.0, 0.0]","[1.0, 1.0, 1.0, 1.3381903171539307, 2.0, 0.5678644180297852, 0.7299122214317322, 0.06327319145202637]",-91.01010180576117
10.100000000000009,104.59001922607422,191.77003479003906,0.0,0.0,0.5,"[0.3125, 0.0, 0.0, 1.0]","[0.0, 0.0, -3.1957933970261365e-06, 0.00011933333735214546, -0.04602250084280968, 1.0, 0.016333334147930145, -3.1957933970261365e-06, 0.0, 0.0, 1.0172526572205243e-06, -0.016214000061154366, 0.0, 0.0]","[1.0, 1.0, 1.0, 1.3381903171539307, 2.0, 0.5678644180297852, 0.7299122214317322, 0.06327319145202637]",-91.59257915791349
10.15000000000001,104.59001922607422,191.77003479003906,0.0,0.0,0.5,"[0.3125, 0.0, 0.0, 0.9999978542327881]","[0.0, 0.0, -3.1957933970261365e-06, 0.00011933333735214546, -0.04602250084280968, 1.0, 0.016333334147930145, -3.1957933970261365e-06, 0.0, 0.0, 1.0172526572205243e-06, -0.016214000061154366, 0.0, 0.0]","[1.0, 1.0, 1.0, 1.3381903171539307, 2.0, 0.5678644180297852, 0.7299122214317322, 0.06327319145202637]",-92.18834633637626
10.20000000000001,104.59001922607422,191.77003479003906,0.0,0.0,0.5,"[0.3125, 0.0, 0.0, 0.9999978542327881]","[0.0, 0.0, -3.1957933970261365e-06, 0.00011933333735214546, -0.04602250084280968, 1.0, 0.016333334147930145, -3.1957933970261365e-06, 0.0, 0.0, 1.0172526572205243e-06, -0.016214000061154366, 0.0, 0.0]","[1.0, 1.0, 1.0, 1.3381903171539307, 2.0, 0.5678644180297852, 0.7299122214317322, 0.06327319145202637]",-92.79251107763736
10.25000000000001,104.59001922607422,191.77003479003906,0.0,0.0,0.5,"[0.3125, 0.0, 0.0, 1.0]","[0.0, 0.0, -3.1957933970261365e-06, 0.00011933333735214546, -0.04602250084280968, 1.0, 0.016333334147930145, -3.1957933970261365e-06, 0.0, 0.0, 1.0172526572205243e-06, -0.016214000061154366, 0.0, 0.0]","[1.0, 1.0, 1.0, 1.3381903171539307, 2.0, 0.5678644180297852, 0.7299122214317322, 0.06327319145202637]",-94.00510182378868
10.300000000000011,104.59001922607422,191.77003479003906,0.0,0.0,0.5,"[0.3125, 0.0, 0.0, 1.0]","[0.0, 0.0, -3.1957933970261365e-06, 0.00011933333735214546, -0.04602250084280968, 1.0, 0.016333334147930145, -3.1957933970261365e-06, 0.0, 0.0, 1.0172526572205243e-06, -0.016214000061154366, 0.0, 0.0]","[1.0, 1.0, 1.0, 1.3381903171539307, 2.0, 0.5678644180297852, 0.7299122214317322, 0.06327319145202637]",-94.61048687093515
10.350000000000012,104.59001922607422,191.77003479003906,0.0,0.0,0.5,"[0.3125, 0.0, 0.0, 1.0]","[0.0, 0.0, -3.1957933970261365e-06, 0.00011933333735214546, -0.04602250084280968, 1.0, 0.016333334147930145, -3.1957933970261365e-06, 0.0, 0.0, 1.0172526572205243e-06, -0.016214000061154366, 0.0, 0.0]","[1.0, 1.0, 1.0, 1.3381903171539307, 2.0, 0.5678644180297852, 0.7299122214317322, 0.06327319145202637]",-95.20960176780977
10.400000000000013,104.59001922607422,191.77003479003906,0.0,0.0,0.5,"[0.3125, 0.0, 0.0, 1.0]","[0.0, 0.0, -3.1957933970261365e-06, 0.00011933333735214546, -0.04602250084280968, 1.0, 0.016333334147930145, -3.1957933970261365e-06, 0.0, 0.0, 1.0172526572205243e-06, -0.016214000061154366, 0.0, 0.0]","[1.0, 1.0, 1.0, 1.3381903171539307, 2.0, 0.5678644180297852, 0.7299122214317322, 0.06327319145202637]",-95.7951052797353
10.450000000000014,104.59001922607422,191.77003479003906,0.0,0.0,0.5,"[0.3125, 0.0, 0.0, 1.0]","[0.0, 0.0, -3.1957933970261365e-06, 0.00011933333735214546, -0.04602250084280968, 1.0, 0.016333334147930145, -3.1957933970261365e-06, 0.0, 0.0, 1.0172526572205243e-06, -0.016214000061154366, 0.0, 0.0]","[1.0, 1.0, 1.0, 1.3381903171539307, 2.0, 0.5678644180297852, 0.7299122214317322, 0.06327319145202637]",-96.93078604597692
10.500000000000014,104.59001922607422,191.77003479003906,0.0,0.0,0.5,"[0.3125, 0.0, 0.0, 1.0]","[0.0, 0.0, -3.1957933970261365e-06, 0.00011933333735214546, -0.04602250084280968, 1.0, 0.016333334147930145, -3.1957933970261365e-06, 0.0, 0.0, 1.0172526572205243e-06, -0.016214000061154366, 0.0, 0.0]","[1.0, 1.0, 1.0, 1.3381903171539307, 2.0, 0.5678644180297852, 0.7299122214317322, 0.06327319145202637]",-97.47789160758798
10.550000000000015,104.59001922607422,191.77003479003906,0.0,0.0,0.5,"[0.3125, 0.0, 0.0, 0.9999977946281433]","[0.0, 0.0, -3.1957933970261365e-06, 0.00011933333735214546, -0.04602250084280968, 1.0, 0.016333334147930145, -3.1957933970261365e-06, 0.0, 0.0, 1.0172526572205243e-06, -0.016214000061154366, 0.0, 0.0]","[1.0, 1.0, 1.0, 1.3381903171539307, 2.0, 0.5678644180297852, 0.7299122214317322, 0.06327319145202637]",-98.00884458090644
10.600000000000016,104.59001922607422,191.77003479003906,0.0,0.0,0.5,"[0.3125, 0.0, 0.0, 0.9999978542327881]","[0.0, 0.0, -3.1957933970261365e-06, 0.00011933333735214546, -0.04602250084280968, 1.0, 0.016333334147930145, -3.1957933970261365e-06, 0.0, 0.0, 1.0172526572205243e-06, -0.016214000061154366, 0.0, 0.0]","[1.0, 1.0, 1.0, 1.3381903171539307, 2.0, 0.5678644180297852, 0.7299122214317322, 0.06327319145202637]",-98.52178797173528
10.650000000000016,104.59001922607422,191.77003479003906,0.0,0.0,0.5,"[0.3125, 0.0, 0.0, 1.0]","[0.0, 0.0, -3.1957933970261365e-06, 0.00011933333735214546, -0.04602250084280968, 1.0, 0.016333334147930145, -3.1957933970261365e-06, 0.0, 0.0, 1.0172526572205243e-06, -0.016214000061154366, 0.0, 0.0]","[1.0, 1.0, 1.0, 1.3381903171539307, 2.0, 0.5678644180297852, 0.7299122214317322, 0.06327319145202637]",-99.41050998378606
10.700000000000017,104.59001922607422,191.77003479003906,0.0,0.0,0.5,"[0.3125, 0.0, 0.0, 1.0]","[0.0, 0.0, -3.1957933970261365e-06, 0.00011933333735214546, -0.04602250084280968, 1.0, 0.016333334147930145, -3.1957933970261365e-06, 0.0, 0.0, 1.0172526572205243e-06, -0.016214000061154366, 0.0, 0.0]","[1.0, 1.0, 1.0, 1.3381903171539307, 2.0, 0.5678644180297852, 0.7299122214317322, 0.06327319145202637]",-99.76847262885413
10.750000000000018,104.59001922607422,191.77003479003906,0.0,0.0,0.5,"[0.3125, 0.0, 0.0, 1.0]","[0.0, 0.0, -3.1957933970261365e-06, 0.00011933333735214546, -0.04602250084280968, 1.0, 0.016333334147930145, -3.1957933970261365e-06, 0.0, 0.0, 1.0172526572205243e-06, -0.016214000061154366, 0.0, 0.0]","[1.0, 1.0, 1.0, 1.3381903171539307, 2.0, 0.5678644180297852, 0.7299122214317322, 0.06327319145202637]",-100.09105745273284
10.800000000000018,104.59001922607422,191.77003479003906,0.0,0.0,0.5,"[0.3125, 0.0, 0.0, 1.0]","[0.0, 0.0, -3.1957933970261365e-06, 0.00011933333735214546, -0.04602250084280968, 1.0, 0.016333334147930145, -3.1957933970261365e-06, 0.0, 0.0, 1.0172526572205243e-06, -0.016214000061154366, 0.0, 0.0]","[1.0, 1.0, 1.0, 1.3381903171539307, 2.0, 0.5678644180297852, 0.7299122214317322, 0.06327319145202637]",-100.3826705142892
10.85000000000002,104.59001922607422,191.77003479003906,0.0,0.0,0.5,"[0.3125, 0.0, 0.0, 1.0]","[0.0, 0.0, -3.1957933970261365e-06, 0.00011933333735214546, -0.04602250084280968, 1.0, 0.016333334147930145, -3.1957933970261365e-06, 0.0, 0.0, 1.0172526572205243e-06, -0.016214000061154366, 0.0, 0.0]","[1.0, 1.0, 1.0, 1.3381903171539307, 2.0, 0.5678644180297852, 0.7299122214317322, 0.06327319145202637]",-100.88619952253664
10.90000000000002,104.59001922607422,191.77003479003906,0.0,0.0,0.5,"[0.3125, 0.0, 0.0, 1.0]","[0.0, 0.0, -3.1957933970261365e-06, 0.00011933333735214546, -0.04602250084280968, 1.0, 0.016333334147930145, -3.1957933970261365e-06, 0.0, 0.0, 1.0172526572205243e-06, -0.016214000061154366, 0.0, 0.0]","[1.0, 1.0, 1.0, 1.3381903171539307, 2.0, 0.5678644180297852, 0.7299122214317322, 0.06327319145202637]",-101.10596792895224
10.95000000000002,104.59001922607422,191.77003479003906,0.0,0.0,0.5,"[0.3125, 0.0, 0.0, 0.9999978542327881]","[0.0, 0.0, -3.1957933970261365e-06, 0.00011933333735214546, -0.04602250084280968, 1.0, 0.016333334147930145, -3.1957933970261365e-06, 0.0, 0.0, 1.0172526572205243e-06, -0.016214000061154366, 0.0, 0.0]","[1.0, 1.0, 1.0, 1.3381903171539307, 2.0, 0.5678644180297852, 0.7299122214317322, 0.06327319145202637]",-101.31238992826522
11.000000000000021,104.59001922607422,191.77003479003906,0.0,0.0,0.5,"[0.3125, 0.0, 0.0, 0.9999978542327881]","[0.0, 0.0, -3.1957933970261365e-06, 0.00011933333735214546, -0.04602250084280968, 1.0, 0.016333334147930145, -3.1957933970261365e-06, 0.0, 0.0, 1.0172526572205243e-06, -0.016214000061154366, 0.0, 0.0]","[1.0, 1.0, 1.0, 1.3381903171539307, 2.0, 0.5678644180297852, 0.7299122214317322, 0.06327319145202637]",-101.51143332818825
11.050000000000022,104.59001922607422,191.77003479003906,0.0,0.0,0.5,"[0.3125, 0.0, 0.0, 1.0]","[0.0, 0.0, -3.1957933970261365e-06, 0.00011933333735214546, -0.04602250084280968, 1.0, 0.016333334147930145, -3.1957933970261365e-06, 0.0, 0.0, 1.0172526572205243e-06, -0.016214000061154366, 0.0, 0.0]","[1.0, 1.0, 1.0, 1.3381903171539307, 2.0, 0.5678644180297852, 0.7299122214317322, 0.06327319145202637]",-101.93787884877992
11.100000000000023,104.59001922607422,191.77003479003906,0.0,0.0,0.5,"[0.3125, 0.0, 0.0, 1.0]","[0.0, 0.0, -3.1957933970261365e-06, 0.00011933333735214546, -0.04602250084280968, 1.0, 0.016333334147930145, -3.1957933970261365e-06, 0.0, 0.0, 1.0172526572205243e-06, -0.016214000061154366, 0.0, 0.0]","[1.0, 1.0, 1.0, 1.3381903171539307, 2.0, 0.5678644180297852, 0.7299122214317322, 0.06327319145202637]",-102.15324401958196
11.150000000000023,104.59001922607422,191.77003479003906,0.0,0.0,0.5,"[0.3125, 0.0, 0.0, 1.0]","[0.0, 0.0, -3.1957933970261365e-06, 0.00011933333735214546, -0.04602250084280968, 1.0, 0.016333334147930145, -3.1957933970261365e-06, 0.0, 0.0, 1.0172526572205243e-06, -0.016214000061154366, 0.0, 0.0]","[1.0, 1.0, 1.0, 1.3381903171539307, 2.0, 0.5678644180297852, 0.7299122214317322, 0.06327319145202637]",-102.3620982640151
11.200000000000024,104.59001922607422,191.77003479003906,0.0,0.0,0.5,"[0.3125, 0.0, 0.0, 1.0]","[0.0, 0.0, -3.1957933970261365e-06, 0.00011933333735214546, -0.04602250084280968, 1.0, 0.016333334147930145, -3.1957933970261365e-06, 0.0, 0.0, 1.0172526572205243e-06, -0.016214000061154366, 0.0, 0.0]","[1.0, 1.0, 1.0, 1.3381903171539307, 2.0, 0.5678644180297852, 0.7299122214317322, 0.06327319145202637]",-102.57139832673006
11.250000000000025,104.59001922607422,191.77003479003906,0.0,0.0,0.5,"[0.3125, 0.0, 0.0, 1.0]","[0.0, 0.0, -3.1957933970261365e-06, 0.00011933333735214546, -0.04602250084280968, 1.0, 0.016333334147930145, -3.1957933970261365e-06, 0.0, 0.0, 1.0172526572205243e-06, -0.016214000061154366, 0.0, 0.0]","[1.0, 1.0, 1.0, 1.3381903171539307, 2.0, 0.5678644180297852, 0.7299122214317322, 0.06327319145202637]",-102.96732006107487
11.300000000000026,104.59001922607422,191.77003479003906,0.0,0.0,0.5,"[0.3125, 0.0, 0.0, 1.0]","[0.0, 0.0, -3.1957933970261365e-06, 0.00011933333735214546, -0.04602250084280968, 1.0, 0.016333334147930145, -3.1957933970261365e-06, 0.0, 0.0, 1.0172526572205243e-06, -0.016214000061154366, 0.0, 0.0]","[1.0, 1.0, 1.0, 1.3381903171539307, 2.0, 0.5678644180297852, 0.7299122214317322, 0.06327319145202637]",-103.15753555347386
11.350000000000026,104.59001922607422,191.77003479003906,0.0,0.0,0.5,"[0.3125, 0.0, 0.0, 1.0]","[0.0, 0.0, -3.1957933970261365e-06, 0.00011933333735214546, -0.04602250084280968, 1.0, 0.016333334147930145, -3.1957933970261365e-06, 0.0, 0.0, 1.0172526572205243e-06, -0.016214000061154366, 0.0, 0.0]","[1.0, 1.0, 1.0, 1.3381903171539307, 2.0, 0.5678644180297852, 0.7299122214317322, 0.06327319145202637]",-103.35249322649551
11.400000000000027,104.59001922607422,191.77003479003906,0.0,0.0,0.5,"[0.3125, 0.0, 0.0, 0.9999978542327881]","[0.0, 0.0, -3.1957933970261365e-06, 0.00011933333735214546, -0.04602250084280968, 1.0, 0.016333334147930145, -3.1957933970261365e-06, 0.0, 0.0, 1.0172526572205243e-06, -0.016214000061154366, 0.0, 0.0]","[1.0, 1.0, 1.0, 1.3381903171539307, 2.0, 0.5678644180297852, 0.7299122214317322, 0.06327319145202637]",-103.55333094662878
11.450000000000028,104.59001922607422,191.77003479003906,0.0,0.0,0.5,"[0.3125, 0.0, 0.0, 0.9999978542327881]","[0.0, 0.0, -3.1957933970261365e-06, 0.00011933333735214546, -0.04602250084280968, 1.0, 0.016333334147930145, -3.1957933970261365e-06, 0.0, 0.0, 1.0172526572205243e-06, -0.016214000061154366, 0.0, 0.0]","[1.0, 1.0, 1.0, 1.3381903171539307, 2.0, 0.5678644180297852, 0.7299122214317322, 0.06327319145202637]",-103.95975025336058
11.500000000000028,104.59001922607422,191.77003479003906,0.0,0.0,0.5,"[0.3125, 0.0, 0.0, 1.0]","[0.0, 0.0, -3.1957933970261365e-06, 0.00011933333735214546, -0.04602250084280968, 1.0, 0.016333334147930145, -3.1957933970261365e-06, 0.0, 0.0, 1.0172526572205243e-06, -0.016214000061154366, 0.0, 0.0]","[1.0, 1.0, 1.0, 1.3381903171539307, 2.0, 0.5678644180297852, 0.7299122214317322, 0.06327319145202637]",-104.16990049208334
11.55000000000003,104.59001922607422,191.77003479003906,0.0,0.0,0.5,"[0.3125, 0.0, 0.0, 1.0]","[0.0, 0.0, -3.1957933970261365e-06, 0.00011933333735214546, -0.04602250084280968, 1.0, 0.016333334147930145, -3.1957933970261365e-06, 0.0, 0.0, 1.0172526572205243e-06, -0.016214000061154366, 0.0, 0.0]","[1.0, 1.0, 1.0, 1.3381903171539307, 2.0, 0.5678644180297852, 0.7299122214317322, 0.06327319145202637]",-104.39084205177635
11.60000000000003,104.59001922607422,191.77003479003906,0.0,0.0,0.5,"[0.3125, 0.0, 0.0, 1.0]","[0.0, 0.0, -3.1957933970261365e-06, 0.00011933333735214546, -0.04602250084280968, 1.0, 0.016333334147930145, -3.1957933970261365e-06, 0.0, 0.0, 1.0172526572205243e-06, -0.016214000061154366, 0.0, 0.0]","[1.0, 1.0, 1.0, 1.3381903171539307, 2.0, 0.5678644180297852, 0.7299122214317322, 0.06327319145202637]",-104.616986725148
11.65000000000003,104.59001922607422,191.77003479003906,0.0,0.0,0.5,"[0.3125, 0.0, 0.0, 1.0]","[0.0, 0.0, -3.1957933970261365e-06, 0.00011933333735214546, -0.04602250084280968, 1.0, 0.016333334147930145, -3.1957933970261365e-06, 0.0, 0.0, 1.0172526572205243e-06, -0.016214000061154366, 0.0, 0.0]","[1.0, 1.0, 1.0, 1.3381903171539307, 2.0, 0.5678644180297852, 0.7299122214317322, 0.06327319145202637]",-105.10531393969009
11.700000000000031,104.59001922607422,191.77003479003906,0.0,0.0,0.5,"[0.3125, 0.0, 0.0, 1.0]","[0.0, 0.0, -3.1957933970261365e-06, 0.00011933333735214546, -0.04602250084280968, 1.0, 0.016333334147930145, -3.1957933970261365e-06, 0.0, 0.0, 1.0172526572205243e-06, -0.016214000061154366, 0.0, 0.0]","[1.0, 1.0, 1.0, 1.3381903171539307, 2.0, 0.5678644180297852, 0.7299122214317322, 0.06327319145202637]",-105.37309810281785
11.750000000000032,104.59001922607422,191.77003479003906,0.0,0.0,0.5,"[0.3125, 0.0, 0.0, 1.0]","[0.0, 0.0, -3.1957933970261365e-06, 0.00011933333735214546, -0.04602250084280968, 1.0, 0.016333334147930145, -3.1957933970261365e-06, 0.0, 0.0, 1.0172526572205243e-06, -0.016214000061154366, 0.0, 0.0]","[1.0, 1.0, 1.0, 1.3381903171539307, 2.0, 0.5678644180297852, 0.7299122214317322, 0.06327319145202637]",-105.65323186378573
11.800000000000033,104.59001922607422,191.77003479003906,0.0,0.0,0.5,"[0.3125, 0.0, 0.0, 0.9999978542327881]","[0.0, 0.0, -3.1957933970261365e-06, 0.00011933333735214546, -0.04602250084280968, 1.0, 0.016333334147930145, -3.1957933970261365e-06, 0.0, 0.0, 1.0172526572205243e-06, -0.016214000061154366, 0.0, 0.0]","[1.0, 1.0, 1.0, 1.3381903171539307, 2.0, 0.5678644180297852, 0.7299122214317322, 0.06327319145202637]",-105.93742186419912
11.850000000000033,104.59001922607422,191.77003479003906,0.0,0.0,0.5,"[0.3125, 0.0, 0.0, 0.9999978542327881]","[0.0, 0.0, -3.1957933970261365e-06, 0.00011933333735214546, -0.04602250084280968, 1.0, 0.016333334147930145, -3.1957933970261365e-06, 0.0, 0.0, 1.0172526572205243e-06, -0.016214000061154366, 0.0, 0.0]","[1.0, 1.0, 1.0, 1.3381903171539307, 2.0, 0.5678644180297852, 0.7299122214317322, 0.06327319145202637]",-106.54988962627584
11.900000000000034,104.59001922607422,191.77003479003906,0.0,0.0,0.5,"[0.3125, 0.0, 0.0, 1.0]","[0.0, 0.0, -3.1957933970261365e-06, 0.00011933333735214546, -0.04602250084280968, 1.0, 0.016333334147930145, -3.1957933970261365e-06, 0.0, 0.0, 1.0172526572205243e-06, -0.016214000061154366, 0.0, 0.0]","[1.0, 1.0, 1.0, 1.3381903171539307, 2.0, 0.5678644180297852, 0.7299122214317322, 0.06327319145202637]",-106.86973071724788
11.950000000000035,104.59001922607422,191.77003479003906,0.0,0.0,0.5,"[0.3125, 0.0, 0.0, 1.0]","[0.0, 0.0, -3.1957933970261365e-06, 0.00011933333735214546, -0.04602250084280968, 1.0, 0.016333334147930145, -3.1957933970261365e-06, 0.0, 0.0, 1.0172526572205243e-06, -0.016214000061154366, 0.0, 0.0]","[1.0, 1.0, 1.0, 1.3381903171539307, 2.0, 0.5678644180297852, 0.7299122214317322, 0.06327319145202637]",-107.18922337326373
12.000000000000036,104.59001922607422,191.77003479003906,0.0,0.0,0.5,"[0.3125, 0.0, 0.0, 1.0]","[0.0, 0.0, -3.1957933970261365e-06, 0.00011933333735214546, -0.04602250084280968, 1.0, 0.016333334147930145, -3.1957933970261365e-06, 0.0, 0.0, 1.0172526572205243e-06, -0.016214000061154366, 0.0, 0.0]","[1.0, 1.0, 1.0, 1.3381903171539307, 2.0, 0.5678644180297852, 0.7299122214317322, 0.06327319145202637]",-107.51106851376416
12.050000000000036,104.59001922607422,191.77003479003906,0.0,0.0,0.5,"[0.3125, 0.0, 0.0, 1.0]","[0.0, 0.0, -3.1957933970261365e-06, 0.00011933333735214546, -0.04602250084280968, 1.0, 0.016333334147930145, -3.1957933970261365e-06, 0.0, 0.0, 1.0172526572205243e-06, -0.016214000061154366, 0.0, 0.0]","[1.0, 1.0, 1.0, 1.3381903171539307, 2.0, 0.5678644180297852, 0.7299122214317322, 0.06327319145202637]",-108.20700324557399
12.100000000000037,104.59001922607422,191.77003479003906,0.0,0.0,0.5,"[0.3125, 0.0, 0.0, 1.0]","[0.0, 0.0, -3.1957933970261365e-06, 0.00011933333735214546, -0.04602250084280968, 1.0, 0.016333334147930145, -3.1957933970261365e-06, 0.0, 0.0, 1.0172526572205243e-06, -0.016214000061154366, 0.0, 0.0]","[1.0, 1.0, 1.0, 1.3381903171539307, 2.0, 0.5678644180297852, 0.7299122214317322, 0.06327319145202637]",-108.55541542476497
12.150000000000038,104.59001922607422,191.77003479003906,0.0,0.0,0.5,"[0.3125, 0.0, 0.0, 1.0]","[0.0, 0.0, -3.1957933970261365e-06, 0.00011933333735214546, -0.04602250084280968, 1.0, 0.016333334147930145, -3.1957933970261365e-06, 0.0, 0.0, 1.0172526572205243e-06, -0.016214000061154366, 0.0, 0.0]","[1.0, 1.0, 1.0, 1.3381903171539307, 2.0, 0.5678644180297852, 0.7299122214317322, 0.06327319145202637]",-108.76590605608719
12.200000000000038,104.59001922607422,191.77003479003906,0.0,0.0,0.5,"[0.3125, 0.0, 0.0, 1.0]","[0.0, 0.0, -3.1957933970261365e-06, 0.00011933333735214546, -0.04602250084280968, 1.0, 0.016333334147930145, -3.1957933970261365e-06, 0.0, 0.0, 1.0172526572205243e-06, -0.016214000061154366, 0.0, 0.0]","[1.0, 1.0, 1.0, 1.3381903171539307, 2.0, 0.5678644180297852, 0.7299122214317322, 0.06327319145202637]",-108.88640889795765
12.250000000000039,104.59001922607422,191.77003479003906,0.0,0.0,0.5,"[0.3125, 0.0, 0.0, 0.9999978542327881]","[0.0, 0.0, -3.1957933970261365e-06, 0.00011933333735214546, -0.04602250084280968, 1.0, 0.016333334147930145, -3.1957933970261365e-06, 0.0, 0.0, 1.0172526572205243e-06, -0.016214000061154366, 0.0, 0.0]","[1.0, 1.0, 1.0, 1.3381903171539307, 2.0, 0.5678644180297852, 0.7299122214317322, 0.06327319145202637]",-109.15378792171349
12.30000000000004,104.59001922607422,191.77003479003906,0.0,0.0,0.5,"[0.3125, 0.0, 0.0, 0.9999978542327881]","[0.0, 0.0, -3.1957933970261365e-06, 0.00011933333735214546, -0.04602250084280968, 1.0, 0.016333334147930145, -3.1957933970261365e-06, 0.0, 0.0, 1.0172526572205243e-06, -0.016214000061154366, 0.0, 0.0]","[1.0, 1.0, 1.0, 1.3381903171539307, 2.0, 0.5678644180297852, 0.7299122214317322, 0.06327319145202637]",-109.30675187479999
12.35000000000004,104.59001922607422,191.77003479003906,0.0,0.0,0.5,"[0.3125, 0.0, 0.0, 1.0]","[0.0, 0.0, -3.1957933970261365e-06, 0.00011933333735214546, -0.04602250084280968, 1.0, 0.016333334147930145, -3.1957933970261365e-06, 0.0, 0.0, 1.0172526572205243e-06, -0.016214000061154366, 0.0, 0.0]","[1.0, 1.0, 1.0, 1.3381903171539307, 2.0, 0.5678644180297852, 0.7299122214317322, 0.06327319145202637]",-109.46451254773133
12.400000000000041,104.59001922607422,191.77003479003906,0.0,0.0,0.5,"[0.3125, 0.0, 0.0, 1.0]","[0.0, 0.0, -3.1957933970261365e-06, 0.00011933333735214546, -0.04602250084280968, 1.0, 0.016333334147930145, -3.1957933970261365e-06, 0.0, 0.0, 1.0172526572205243e-06, -0.016214000061154366, 0.0, 0.0]","[1.0, 1.0, 1.0, 1.3381903171539307, 2.0, 0.5678644180297852, 0.7299122214317322, 0.06327319145202637]",-109.62593839808913
12.450000000000042,104.59001922607422,191.77003479003906,0.0,0.0,0.5,"[0.3125, 0.0, 0.0, 1.0]","[0.0, 0.0, -3.1957933970261365e-06, 0.00011933333735214546, -0.04602250084280968, 1.0, 0.016333334147930145, -3.1957933970261365e-06, 0.0, 0.0, 1.0172526572205243e-06, -0.016214000061154366, 0.0, 0.0]","[1.0, 1.0, 1.0, 1.3381903171539307, 2.0, 0.5678644180297852, 0.7299122214317322, 0.06327319145202637]",-109.95313836697163
12.500000000000043,104.59001922607422,191.77003479003906,0.0,0.0,0.5,"[0.3125, 0.0, 0.0, 1.0]","[0.0, 0.0, -3.1957933970261365e-06, 0.00011933333735214546, -0.04602250084280968, 1.0, 0.016333334147930145, -3.1957933970261365e-06, 0.0, 0.0, 1.0172526572205243e-06, -0.016214000061154366, 0.0, 0.0]","[1.0, 1.0, 1.0, 1.3381903171539307, 2.0, 0.5678644180297852, 0.7299122214317322, 0.06327319145202637]",-110.09882620200753
12.550000000000043,104.59001922607422,191.77003479003906,0.0,0.0,0.5,"[0.3125, 0.0, 0.0, 1.0]","[0.0, 0.0, -3.1957933970261365e-06, 0.00011933333735214546, -0.04602250084280968, 1.0, 0.016333334147930145, -3.1957933970261365e-06, 0.0, 0.0, 1.0172526572205243e-06, -0.016214000061154366, 0.0, 0.0]","[1.0, 1.0, 1.0, 1.3381903171539307, 2.0, 0.5678644180297852, 0.7299122214317322, 0.06327319145202637]",-110.23558601525869
12.600000000000044,104.59001922607422,191.77003479003906,0.0,0.0,0.5,"[0.3125, 0.0, 0.0, 1.0]","[0.0, 0.0, -3.1957933970261365e-06, 0.00011933333735214546, -0.04602250084280968, 1.0, 0.016333334147930145, -3.1957933970261365e-06, 0.0, 0.0, 1.0172526572205243e-06, -0.016214000061154366, 0.0, 0.0]","[1.0, 1.0, 1.0, 1.3381903171539307, 2.0, 0.5678644180297852, 0.7299122214317322, 0.06327319145202637]",-110.37102528740292
12.650000000000045,104.59001922607422,191.77003479003906,0.0,0.0,0.5,"[0.3125, 0.0, 0.0, 0.9999978542327881]","[0.0, 0.0, -3.1957933970261365e-06, 0.00011933333735214546, -0.04602250084280968, 1.0, 0.016333334147930145, -3.1957933970261365e-06, 0.0, 0.0, 1.0172526572205243e-06, -0.016214000061154366, 0.0, 0.0]","[1.0, 1.0, 1.0, 1.3381903171539307, 2.0, 0.5678644180297852, 0.7299122214317322, 0.06327319145202637]",-110.65887151107286
12.700000000000045,104.59001922607422,191.77003479003906,0.0,0.0,0.5,"[0.3125, 0.0, 0.0, 0.9999978542327881]","[0.0, 0.0, -3.1957933970261365e-06, 0.00011933333735214546, -0.04602250084280968, 1.0, 0.016333334147930145, -3.1957933970261365e-06, 0.0, 0.0, 1.0172526572205243e-06, -0.016214000061154366, 0.0, 0.0]","[1.0, 1.0, 1.0, 1.3381903171539307, 2.0, 0.5678644180297852, 0.7299122214317322, 0.06327319145202637]",-110.81104389262094
12.750000000000046,104.59001922607422,191.77003479003906,0.0,0.0,0.5,"[0.3125, 0.0, 0.0, 1.0]","[0.0, 0.0, -3.1957933970261365e-06, 0.00011933333735214546, -0.04602250084280968, 1.0, 0.016333334147930145, -3.1957933970261365e-06, 0.0, 0.0, 1.0172526572205243e-06, -0.016214000061154366, 0.0, 0.0]","[1.0, 1.0, 1.0, 1.3381903171539307, 2.0, 0.5678644180297852, 0.7299122214317322, 0.06327319145202637]",-110.9662931027654
12.800000000000047,104.59001922607422,191.77003479003906,0.0,0.0,0.5,"[0.3125, 0.0, 0.0, 1.0]","[0.0, 0.0, -3.1957933970261365e-06, 0.00011933333735214546, -0.04602250084280968, 1.0, 0.016333334147930145, -3.1957933970261365e-06, 0.0, 0.0, 1.0172526572205243e-06, -0.016214000061154366, 0.0, 0.0]","[1.0, 1.0, 1.0, 1.3381903171539307, 2.0, 0.5678644180297852, 0.7299122214317322, 0.06327319145202637]",-111.12794553564218
12.850000000000048,104.59001922607422,191.77003479003906,0.0,0.0,0.5,"[0.3125, 0.0, 0.0, 1.0]","[0.0, 0.0, -3.1957933970261365e-06, 0.00011933333735214546, -0.04602250084280968, 1.0, 0.016333334147930145, -3.1957933970261365e-06, 0.0, 0.0, 1.0172526572205243e-06, -0.016214000061154366, 0.0, 0.0]","[1.0, 1.0, 1.0, 1.3381903171539307, 2.0, 0.5678644180297852, 0.7299122214317322, 0.06327319145202637]",-111.48180617448917
12.900000000000048,104.59001922607422,191.77003479003906,0.0,0.0,0.5,"[0.3125, 0.0, 0.0, 1.0]","[0.0, 0.0, -3.1957933970261365e-06, 0.00011933333735214546, -0.04602250084280968, 1.0, 0.016333334147930145, -3.1957933970261365e-06, 0.0, 0.0, 1.0172526572205243e-06, -0.016214000061154366, 0.0, 0.0]","[1.0, 1.0, 1.0, 1.3381903171539307, 2.0, 0.5678644180297852, 0.7299122214317322, 0.06327319145202637]",-111.67499126114993
12.950000000000049,104.59001922607422,191.77003479003906,0.0,0.0,0.5,"[0.3125, 0.0, 0.0, 1.0]","[0.0, 0.0, -3.1957933970261365e-06, 0.00011933333735214546, -0.04602250084280968, 1.0, 0.016333334147930145, -3.1957933970261365e-06, 0.0, 0.0, 1.0172526572205243e-06, -0.016214000061154366, 0.0, 0.0]","[1.0, 1.0, 1.0, 1.3381903171539307, 2.0, 0.5678644180297852, 0.7299122214317322, 0.06327319145202637]",-111.88640648730141
13.00000000000005,104.59001922607422,191.77003479003906,0.0,0.0,0.5,"[0.3125, 0.0, 0.0, 1.0]","[0.0, 0.0, -3.1957933970261365e-06, 0.00011933333735214546, -0.04602250084280968, 1.0, 0.016333334147930145, -3.1957933970261365e-06, 0.0, 0.0, 1.0172526572205243e-06, -0.016214000061154366, 0.0, 0.0]","[1.0, 1.0, 1.0, 1.3381903171539307, 2.0, 0.5678644180297852, 0.7299122214317322, 0.06327319145202637]",-112.10810255702484
13.05000000000005,104.59001922607422,191.77003479003906,0.0,0.0,0.5,"[0.3125, 0.0, 0.0, 0.9999978542327881]","[0.0, 0.0, -3.1957933970261365e-06, 0.00011933333735214546, -0.04602250084280968, 1.0, 0.016333334147930145, -3.1957933970261365e-06, 0.0, 0.0, 1.0172526572205243e-06, -0.016214000061154366, 0.0, 0.0]","[1.0, 1.0, 1.0, 1.3381903171539307, 2.0, 0.5678644180297852, 0.7299122214317322, 0.06327319145202637]",-112.59870110850702
13.100000000000051,104.59001922607422,191.77003479003906,0.0,0.0,0.5,"[0.3125, 0.0, 0.0, 0.9999978542327881]","[0.0, 0.0, -3.1957933970261365e-06, 0.00011933333735214546, -0.04602250084280968, 1.0, 0.016333334147930145, -3.1957933970261365e-06, 0.0, 0.0, 1.0172526572205243e-06, -0.016214000061154366, 0.0, 0.0]","[1.0, 1.0, 1.0, 1.3381903171539307, 2.0, 0.5678644180297852, 0.7299122214317322, 0.06327319145202637]",-112.86292304241708
13.150000000000052,104.59001922607422,191.77003479003906,0.0,0.0,0.5,"[0.3125, 0.0, 0.0, 1.0]","[0.0, 0.0, -3.1957933970261365e-06, 0.00011933333735214546, -0.04602250084280968, 1.0, 0.016333334147930145, -3.1957933970261365e-06, 0.0, 0.0, 1.0172526572205243e-06, -0.016214000061154366, 0.0, 0.0]","[1.0, 1.0, 1.0, 1.3381903171539307, 2.0, 0.5678644180297852, 0.7299122214317322, 0.06327319145202637]",-113.13956782951976
13.200000000000053,104.59001922607422,191.77003479003906,0.0,0.0,0.5,"[0.3125, 0.0, 0.0, 1.0]","[0.0, 0.0, -3.1957933970261365e-06, 0.00011933333735214546, -0.04602250084280968, 1.0, 0.016333334147930145, -3.1957933970261365e-06, 0.0, 0.0, 1.0172526572205243e-06, -0.016214000061154366, 0.0, 0.0]","[1.0, 1.0, 1.0, 1.3381903171539307, 2.0, 0.5678644180297852, 0.7299122214317322, 0.06327319145202637]",-113.43004406989249
13.250000000000053,104.59001922607422,191.77003479003906,0.0,0.0,0.5,"[0.3125, 0.0, 0.0, 1.0]","[0.0, 0.0, -3.1957933970261365e-06, 0.00011933333735214546, -0.04602250084280968, 1.0, 0.016333334147930145, -3.1957933970261365e-06, 0.0, 0.0, 1.0172526572205243e-06, -0.016214000061154366, 0.0, 0.0]","[1.0, 1.0, 1.0, 1.3381903171539307, 2.0, 0.5678644180297852, 0.7299122214317322, 0.06327319145202637]",-114.0303314633762
13.300000000000054,104.59001922607422,191.77003479003906,0.0,0.0,0.5,"[0.3125, 0.0, 0.0, 1.0]","[0.0, 0.0, -3.1957933970261365e-06, 0.00011933333735214546, -0.04602250084280968, 1.0, 0.016333334147930145, -3.1957933970261365e-06, 0.0, 0.0, 1.0172526572205243e-06, -0.016214000061154366, 0.0, 0.0]","[1.0, 1.0, 1.0, 1.3381903171539307, 2.0, 0.5678644180297852, 0.7299122214317322, 0.06327319145202637]",-114.32888065214006
13.350000000000055,104.59001922607422,191.77003479003906,0.0,0.0,0.5,"[0.3125, 0.0, 0.0, 1.0]","[0.0, 0.0, -3.1957933970261365e-06, 0.00011933333735214546, -0.04602250084280968, 1.0, 0.016333334147930145, -3.1957933970261365e-06, 0.0, 0.0, 1.0172526572205243e-06, -0.016214000061154366, 0.0, 0.0]","[1.0, 1.0, 1.0, 1.3381903171539307, 2.0, 0.5678644180297852, 0.7299122214317322, 0.06327319145202637]",-114.6558151708148
13.400000000000055,104.59001922607422,191.77003479003906,0.0,0.0,0.5,"[0.3125, 0.0, 0.0, 1.0]","[0.0, 0.0, -3.1957933970261365e-06, 0.00011933333735214546, -0.04602250084280968, 1.0, 0.016333334147930145, -3.1957933970261365e-06, 0.0, 0.0, 1.0172526572205243e-06, -0.016214000061154366, 0.0, 0.0]","[1.0, 1.0, 1.0, 1.3381903171539307, 2.0, 0.5678644180297852, 0.7299122214317322, 0.06327319145202637]",-115.0033421977857
13.450000000000056,104.59001922607422,191.77003479003906,0.0,0.0,0.5,"[0.3125, 0.0, 0.0, 1.0]","[0.0, 0.0, -3.1957933970261365e-06, 0.00011933333735214546, -0.04602250084280968, 1.0, 0.016333334147930145, -3.1957933970261365e-06, 0.0, 0.0, 1.0172526572205243e-06, -0.016214000061154366, 0.0, 0.0]","[1.0, 1.0, 1.0, 1.3381903171539307, 2.0, 0.5678644180297852, 0.7299122214317322, 0.06327319145202637]",-115.75368431210188
13.500000000000057,104.59001922607422,191.77003479003906,0.0,0.0,0.5,"[0.3125, 0.0, 0.0, 0.9999978542327881]","[0.0, 0.0, -3.1957933970261365e-06, 0.00011933333735214546, -0.04602250084280968, 1.0, 0.016333334147930145, -3.1957933970261365e-06, 0.0, 0.0, 1.0172526572205243e-06, -0.016214000061154366, 0.0, 0.0]","[1.0, 1.0, 1.0, 1.3381903171539307, 2.0, 0.5678644180297852, 0.7299122214317322, 0.06327319145202637]",-116.14834938066001
13.550000000000058,104.59001922607422,191.77003479003906,0.0,0.0,0.5,"[0.3125, 0.0, 0.0, 0.9999978542327881]","[0.0, 0.0, -3.1957933970261365e-06, 0.00011933333735214546, -0.04602250084280968, 1.0, 0.016333334147930145, -3.1957933970261365e-06, 0.0, 0.0, 1.0172526572205243e-06, -0.016214000061154366, 0.0, 0.0]","[1.0, 1.0, 1.0, 1.3381903171539307, 2.0, 0.5678644180297852, 0.7299122214317322, 0.06327319145202637]",-116.53959817479165
13.600000000000058,104.59001922607422,191.77003479003906,0.0,0.0,0.5,"[0.3125, 0.0, 0.0, 1.0]","[0.0, 0.0, -3.1957933970261365e-06, 0.00011933333735214546, -0.04602250084280968, 1.0, 0.016333334147930145, -3.1957933970261365e-06, 0.0, 0.0, 1.0172526572205243e-06, -0.016214000061154366, 0.0, 0.0]","[1.0, 1.0, 1.0, 1.3381903171539307, 2.0, 0.5678644180297852, 0.7299122214317322, 0.06327319145202637]",-116.93227911602015
13.650000000000059,104.59001922607422,191.77003479003906,0.0,0.0,0.5,"[0.3125, 0.0, 0.0, 1.0]","[0.0, 0.0, -3.1957933970261365e-06, 0.00011933333735214546, -0.04602250084280968, 1.0, 0.016333334147930145, -3.1957933970261365e-06, 0.0, 0.0, 1.0172526572205243e-06, -0.016214000061154366, 0.0, 0.0]","[1.0, 1.0, 1.0, 1.3381903171539307, 2.0, 0.5678644180297852, 0.7299122214317322, 0.06327319145202637]",-117.71183861362431
13.70000000000006,104.59001922607422,191.77003479003906,0.0,0.0,0.5,"[0.3125, 0.0, 0.0, 1.0]","[0.0, 0.0, -3.1957933970261365e-06, 0.00011933333735214546, -0.04602250084280968, 1.0, 0.016333334147930145, -3.1957933970261365e-06, 0.0, 0.0, 1.0172526572205243e-06, -0.016214000061154366, 0.0, 0.0]","[1.0, 1.0, 1.0, 1.3381903171539307, 2.0, 0.5678644180297852, 0.7299122214317322, 0.06327319145202637]",-118.1020414268651
13.75000000000006,104.59001922607422,191.77003479003906,0.0,0.0,0.5,"[0.3125, 0.0, 0.0, 1.0]","[0.0, 0.0, -3.1957933970261365e-06, 0.00011933333735214546, -0.04602250084280968, 1.0, 0.016333334147930145, -3.1957933970261365e-06, 0.0, 0.0, 1.0172526572205243e-06, -0.016214000061154366, 0.0, 0.0]","[1.0, 1.0, 1.0, 1.3381903171539307, 2.0, 0.5678644180297852, 0.7299122214317322, 0.06327319145202637]",-118.49546422614704
13.800000000000061,104.59001922607422,191.77003479003906,0.0,0.0,0.5,"[0.3125, 0.0, 0.0, 1.0]","[0.0, 0.0, -3.1957933970261365e-06, 0.00011933333735214546, -0.04602250084280968, 1.0, 0.016333334147930145, -3.1957933970261365e-06, 0.0, 0.0, 1.0172526572205243e-06, -0.016214000061154366, 0.0, 0.0]","[1.0, 1.0, 1.0, 1.3381903171539307, 2.0, 0.5678644180297852, 0.7299122214317322, 0.06327319145202637]",-118.89050686872616
13.850000000000062,104.59001922607422,191.77003479003906,0.0,0.0,0.5,"[0.3125, 0.0, 0.0, 1.0]","[0.0, 0.0, -3.1957933970261365e-06, 0.00011933333735214546, -0.04602250084280968, 1.0, 0.016333334147930145, -3.1957933970261365e-06, 0.0, 0.0, 1.0172526572205243e-06, -0.016214000061154366, 0.0, 0.0]","[1.0, 1.0, 1.0, 1.3381903171539307, 2.0, 0.5678644180297852, 0.7299122214317322, 0.06327319145202637]",-119.7779786886604
13.900000000000063,104.59001922607422,191.77003479003906,0.0,0.0,0.5,"[0.3125, 0.0, 0.0, 0.9999978542327881]","[0.0, 0.0, -3.1957933970261365e-06, 0.00011933333735214546, -0.04602250084280968, 1.0, 0.016333334147930145, -3.1957933970261365e-06, 0.0, 0.0, 1.0172526572205243e-06, -0.016214000061154366, 0.0, 0.0]","[1.0, 1.0, 1.0, 1.3381903171539307, 2.0, 0.5678644180297852, 0.7299122214317322, 0.06327319145202637]",-120.23551305866786
13.950000000000063,104.59001922607422,191.77003479003906,0.0,0.0,0.5,"[0.3125, 0.0, 0.0, 0.9999978542327881]","[0.0, 0.0, -3.1957933970261365e-06, 0.00011933333735214546, -0.04602250084280968, 1.0, 0.016333334147930145, -3.1957933970261365e-06, 0.0, 0.0, 1.0172526572205243e-06, -0.016214000061154366, 0.0, 0.0]","[1.0, 1.0, 1.0, 1.3381903171539307, 2.0, 0.5678644180297852, 0.7299122214317322, 0.06327319145202637]",-120.55371334312282
14.000000000000064,104.59001922607422,191.77003479003906,0.0,0.0,0.5,"[0.3125, 0.0, 0.0, 1.0]","[0.0, 0.0, -3.1957933970261365e-06, 0.00011933333735214546, -0.04602250084280968, 1.0, 0.016333334147930145, -3.1957933970261365e-06, 0.0, 0.0, 1.0172526572205243e-06, -0.016214000061154366, 0.0, 0.0]","[1.0, 1.0, 1.0, 1.3381903171539307, 2.0, 0.5678644180297852, 0.7299122214317322, 0.06327319145202637]",-120.76898068622259
14.050000000000065,104.59001922607422,191.77003479003906,0.0,0.0,0.5,"[0.3125, 0.0, 0.0, 1.0]","[0.0, 0.0, -3.1957933970261365e-06, 0.00011933333735214546, -0.04602250084280968, 1.0, 0.016333334147930145, -3.1957933970261365e-06, 0.0, 0.0, 1.0172526572205243e-06, -0.016214000061154366, 0.0, 0.0]","[1.0, 1.0, 1.0, 1.3381903171539307, 2.0, 0.5678644180297852, 0.7299122214317322, 0.06327319145202637]",-121.22390285102865
14.100000000000065,104.59001922607422,191.77003479003906,0.0,0.0,0.5,"[0.3125, 0.0, 0.0, 1.0]","[0.0, 0.0, -3.1957933970261365e-06, 0.00011933333735214546, -0.04602250084280968, 1.0, 0.016333334147930145, -3.1957933970261365e-06, 0.0, 0.0, 1.0172526572205243e-06, -0.016214000061154366, 0.0, 0.0]","[1.0, 1.0, 1.0, 1.3381903171539307, 2.0, 0.5678644180297852, 0.7299122214317322, 0.06327319145202637]",-121.47990815869845
14.150000000000066,104.59001922607422,191.77003479003906,0.0,0.0,0.5,"[0.3125, 0.0, 0.0, 1.0]","[0.0, 0.0, -3.1957933970261365e-06, 0.00011933333735214546, -0.04602250084280968, 1.0, 0.016333334147930145, -3.1957933970261365e-06, 0.0, 0.0, 1.0172526572205243e-06, -0.016214000061154366, 0.0, 0.0]","[1.0, 1.0, 1.0, 1.3381903171539307, 2.0, 0.5678644180297852, 0.7299122214317322, 0.06327319145202637]",-121.75428941064793
14.200000000000067,104.59001922607422,191.77003479003906,0.0,0.0,0.5,"[0.3125, 0.0, 0.0, 1.0]","[0.0, 0.0, -3.1957933970261365e-06, 0.00011933333735214546, -0.04602250084280968, 1.0, 0.016333334147930145, -3.1957933970261365e-06, 0.0, 0.0, 1.0172526572205243e-06, -0.016214000061154366, 0.0, 0.0]","[1.0, 1.0, 1.0, 1.3381903171539307, 2.0, 0.5678644180297852, 0.7299122214317322, 0.06327319145202637]",-122.04618553352505
14.250000000000068,104.59001922607422,191.77003479003906,0.0,0.0,0.5,"[0.3125, 0.0, 0.0, 1.0]","[0.0, 0.0, -3.1957933970261365e-06, 0.00011933333735214546, -0.04602250084280968, 1.0, 0.016333334147930145, -3.1957933970261365e-06, 0.0, 0.0, 1.0172526572205243e-06, -0.016214000061154366, 0.0, 0.0]","[1.0, 1.0, 1.0, 1.3381903171539307, 2.0, 0.5678644180297852, 0.7299122214317322, 0.06327319145202637]",-122.71973802161958
14.300000000000068,104.59001922607422,191.77003479003906,0.0,0.0,0.5,"[0.3125, 0.0, 0.0, 1.0]","[0.0, 0.0, -3.1957933970261365e-06, 0.00011933333735214546, -0.04602250084280968, 1.0, 0.016333334147930145, -3.1957933970261365e-06, 0.0, 0.0, 1.0172526572205243e-06, -0.016214000061154366, 0.0, 0.0]","[1.0, 1.0, 1.0, 1.3381903171539307, 2.0, 0.5678644180297852, 0.7299122214317322, 0.06327319145202637]",-123.0954830824749
14.350000000000069,104.59001922607422,191.77003479003906,0.0,0.0,0.5,"[0.3125, 0.0, 0.0, 0.9999978542327881]","[0.0, 0.0, -3.1957933970261365e-06, 0.00011933333735214546, -0.04602250084280968, 1.0, 0.016333334147930145, -3.1957933970261365e-06, 0.0, 0.0, 1.0172526572205243e-06, -0.016214000061154366, 0.0, 0.0]","[1.0, 1.0, 1.0, 1.3381903171539307, 2.0, 0.5678644180297852, 0.7299122214317322, 0.06327319145202637]",-123.47605495010255
14.40000000000007,104.59001922607422,191.77003479003906,0.0,0.0,0.5,"[0.3125, 0.0, 0.0, 0.9999978542327881]","[0.0, 0.0, -3.1957933970261365e-06, 0.00011933333735214546, -0.04602250084280968, 1.0, 0.016333334147930145, -3.1957933970261365e-06, 0.0, 0.0, 1.0172526572205243e-06, -0.016214000061154366, 0.0, 0.0]","[1.0, 1.0, 1.0, 1.3381903171539307, 2.0, 0.5678644180297852, 0.7299122214317322, 0.06327319145202637]",-123.84888193487389
14.45000000000007,104.59001922607422,191.77003479003906,0.0,0.0,0.5,"[0.3125, 0.0, 0.0, 1.0]","[0.0, 0.0, -3.1957933970261365e-06, 0.00011933333735214546, -0.04602250084280968, 1.0, 0.016333334147930145, -3.1957933970261365e-06, 0.0, 0.0, 1.0172526572205243e-06, -0.016214000061154366, 0.0, 0.0]","[1.0, 1.0, 1.0, 1.3381903171539307, 2.0, 0.5678644180297852, 0.7299122214317322, 0.06327319145202637]",-124.61886402047975
14.500000000000071,104.59001922607422,191.77003479003906,0.0,0.0,0.5,"[0.3125, 0.0, 0.0, 1.0]","[0.0, 0.0, -3.1957933970261365e-06, 0.00011933333735214546, -0.04602250084280968, 1.0, 0.016333334147930145, -3.1957933970261365e-06, 0.0, 0.0, 1.0172526572205243e-06, -0.016214000061154366, 0.0, 0.0]","[1.0, 1.0, 1.0, 1.3381903171539307, 2.0, 0.5678644180297852, 0.7299122214317322, 0.06327319145202637]",-125.06323079699965
14.550000000000072,104.59001922607422,191.77003479003906,0.0,0.0,0.5,"[0.3125, 0.0, 0.0, 1.0]","[0.0, 0.0, -3.1957933970261365e-06, 0.00011933333735214546, -0.04602250084280968, 1.0, 0.016333334147930145, -3.1957933970261365e-06, 0.0, 0.0, 1.0172526572205243e-06, -0.016214000061154366, 0.0, 0.0]","[1.0, 1.0, 1.0, 1.3381903171539307, 2.0, 0.5678644180297852, 0.7299122214317322, 0.06327319145202637]",-125.53409731178795
14.600000000000072,104.59001922607422,191.77003479003906,0.0,0.0,0.5,"[0.3125, 0.0, 0.0, 1.0]","[0.0, 0.0, -3.1957933970261365e-06, 0.00011933333735214546, -0.04602250084280968, 1.0, 0.016333334147930145, -3.1957933970261365e-06, 0.0, 0.0, 1.0172526572205243e-06, -0.016214000061154366, 0.0, 0.0]","[1.0, 1.0, 1.0, 1.3381903171539307, 2.0, 0.5678644180297852, 0.7299122214317322, 0.06327319145202637]",-126.01111884435136
14.650000000000073,104.59001922607422,191.77003479003906,0.0,0.0,0.5,"[0.3125, 0.0, 0.0, 1.0]","[0.0, 0.0, -3.1957933970261365e-06, 0.00011933333735214546, -0.04602250084280968, 1.0, 0.016333334147930145, -3.1957933970261365e-06, 0.0, 0.0, 1.0172526572205243e-06, -0.016214000061154366, 0.0, 0.0]","[1.0, 1.0, 1.0, 1.3381903171539307, 2.0, 0.5678644180297852, 0.7299122214317322, 0.06327319145202637]",-126.96547822140951
14.700000000000074,104.59001922607422,191.77003479003906,0.0,0.0,0.5,"[0.3125, 0.0, 0.0, 1.0]","[0.0, 0.0, -3.1957933970261365e-06, 0.00011933333735214546, -0.04602250084280968, 1.0, 0.016333334147930145, -3.1957933970261365e-06, 0.0, 0.0, 1.0172526572205243e-06, -0.016214000061154366, 0.0, 0.0]","[1.0, 1.0, 1.0, 1.3381903171539307, 2.0, 0.5678644180297852, 0.7299122214317322, 0.06327319145202637]",-127.44612439495657
14.750000000000075,104.59001922607422,191.77003479003906,0.0,0.0,0.5,"[0.3125, 0.0, 0.0, 0.9999977946281433]","[0.0, 0.0, -3.1957933970261365e-06, 0.00011933333735214546, -0.04602250084280968, 1.0, 0.016333334147930145, -3.1957933970261365e-06, 0.0, 0.0, 1.0172526572205243e-06, -0.016214000061154366, 0.0, 0.0]","[1.0, 1.0, 1.0, 1.3381903171539307, 2.0, 0.5678644180297852, 0.7299122214317322, 0.06327319145202637]",-127.88710208487606
14.800000000000075,104.59001922607422,191.77003479003906,0.0,0.0,0.5,"[0.3125, 0.0, 0.0, 0.9999977946281433]","[0.0, 0.0, -3.1957933970261365e-06, 0.00011933333735214546, -0.04602250084280968, 1.0, 0.016333334147930145, -3.1957933970261365e-06, 0.0, 0.0, 1.0172526572205243e-06, -0.016214000061154366, 0.0, 0.0]","[1.0, 1.0, 1.0, 1.3381903171539307, 2.0, 0.5678644180297852, 0.7299122214317322, 0.06327319145202637]",-128.1494235967777
14.850000000000076,104.59001922607422,191.77003479003906,0.0,0.0,0.5,"[0.3125, 0.0, 0.0, 1.0]","[0.0, 0.0, -3.1957933970261365e-06, 0.00011933333735214546, -0.04602250084280968, 1.0, 0.016333334147930145, -3.1957933970261365e-06, 0.0, 0.0, 1.0172526572205243e-06, -0.016214000061154366, 0.0, 0.0]","[1.0, 1.0, 1.0, 1.3381903171539307, 2.0, 0.5678644180297852, 0.7299122214317322, 0.06327319145202637]",-128.44533098240044
14.900000000000077,104.59001922607422,191.77003479003906,0.0,0.0,0.5,"[0.3125, 0.0, 0.0, 1.0]","[0.0, 0.0, -3.1957933970261365e-06, 0.00011933333735214546, -0.04602250084280968, 1.0, 0.016333334147930145, -3.1957933970261365e-06, 0.0, 0.0, 1.0172526572205243e-06, -0.016214000061154366, 0.0, 0.0]","[1.0, 1.0, 1.0, 1.3381903171539307, 2.0, 0.5678644180297852, 0.7299122214317322, 0.06327319145202637]",-128.62077035728768
14.950000000000077,104.59001922607422,191.77003479003906,0.0,0.0,0.5,"[0.3125, 0.0, 0.0, 1.0]","[0.0, 0.0, -3.1957933970261365e-06, 0.00011933333735214546, -0.04602250084280968, 1.0, 0.016333334147930145, -3.1957933970261365e-06, 0.0, 0.0, 1.0172526572205243e-06, -0.016214000061154366, 0.0, 0.0]","[1.0, 1.0, 1.0, 1.3381903171539307, 2.0, 0.5678644180297852, 0.7299122214317322, 0.06327319145202637]",-128.82983458571945
15.000000000000078,104.59001922607422,191.77003479003906,0.0,0.0,0.5,"[0.3125, 0.0, 0.0, 1.0]","[0.0, 0.0, -3.1957933970261365e-06, 0.00011933333735214546, -0.04602250084280968, 1.0, 0.016333334147930145, -3.1957933970261365e-06, 0.0, 0.0, 1.0172526572205243e-06, -0.016214000061154366, 0.0, 0.0]","[1.0, 1.0, 1.0, 1.3381903171539307, 2.0, 0.5678644180297852, 0.7299122214317322, 0.06327319145202637]",-129.05928942435625
15.050000000000079,104.59001922607422,191.77003479003906,0.0,0.0,0.5,"[0.3125, 0.0, 0.0, 1.0]","[0.0, 0.0, -3.1957933970261365e-06, 0.00011933333735214546, -0.04602250084280968, 1.0, 0.016333334147930145, -3.1957933970261365e-06, 0.0, 0.0, 1.0172526572205243e-06, -0.016214000061154366, 0.0, 0.0]","[1.0, 1.0, 1.0, 1.3381903171539307, 2.0, 0.5678644180297852, 0.7299122214317322, 0.06327319145202637]",-129.53379077094132
15.10000000000008,104.59001922607422,191.77003479003906,0.0,0.0,0.5,"[0.3125, 0.0, 0.0, 1.0]","[0.0, 0.0, -3.1957933970261365e-06, 0.00011933333735214546, -0.04602250084280968, 1.0, 0.016333334147930145, -3.1957933970261365e-06, 0.0, 0.0, 1.0172526572205243e-06, -0.016214000061154366, 0.0, 0.0]","[1.0, 1.0, 1.0, 1.3381903171539307, 2.0, 0.5678644180297852, 0.7299122214317322, 0.06327319145202637]",-129.7546782636361
15.15000000000008,104.59001922607422,191.77003479003906,0.0,0.0,0.5,"[0.3125, 0.0, 0.0, 0.9999977946281433]","[0.0, 0.0, -3.1957933970261365e-06, 0.00011933333735214546, -0.04602250084280968, 1.0, 0.016333334147930145, -3.1957933970261365e-06, 0.0, 0.0, 1.0172526572205243e-06, -0.016214000061154366, 0.0, 0.0]","[1.0, 1.0, 1.0, 1.3381903171539307, 2.0, 0.5678644180297852, 0.7299122214317322, 0.06327319145202637]",-129.9650813042032
15.200000000000081,104.59001922607422,191.77003479003906,0.0,0.0,0.5,"[0.3125, 0.0, 0.0, 0.9999978542327881]","[0.0, 0.0, -3.1957933970261365e-06, 0.00011933333735214546, -0.04602250084280968, 1.0, 0.016333334147930145, -3.1957933970261365e-06, 0.0, 0.0, 1.0172526572205243e-06, -0.016214000061154366, 0.0, 0.0]","[1.0, 1.0, 1.0, 1.3381903171539307, 2.0, 0.5678644180297852, 0.7299122214317322, 0.06327319145202637]",-130.16431224886446
15.250000000000082,104.59001922607422,191.77003479003906,0.0,0.0,0.5,"[0.3125, 0.0, 0.0, 1.0]","[0.0, 0.0, -3.1957933970261365e-06, 0.00011933333735214546, -0.04602250084280968, 1.0, 0.016333334147930145, -3.1957933970261365e-06, 0.0, 0.0, 1.0172526572205243e-06, -0.016214000061154366, 0.0, 0.0]","[1.0, 1.0, 1.0, 1.3381903171539307, 2.0, 0.5678644180297852, 0.7299122214317322, 0.06327319145202637]",-130.5439730903539
15.300000000000082,104.59001922607422,191.77003479003906,0.0,0.0,0.5,"[0.3125, 0.0, 0.0, 1.0]","[0.0, 0.0, -3.1957933970261365e-06, 0.00011933333735214546, -0.04602250084280968, 1.0, 0.016333334147930145, -3.1957933970261365e-06, 0.0, 0.0, 1.0172526572205243e-06, -0.016214000061154366, 0.0, 0.0]","[1.0, 1.0, 1.0, 1.3381903171539307, 2.0, 0.5678644180297852, 0.7299122214317322, 0.06327319145202637]",-130.74196630056326
15.350000000000083,104.59001922607422,191.77003479003906,0.0,0.0,0.5,"[0.3125, 0.0, 0.0, 1.0]","[0.0, 0.0, -3.1957933970261365e-06, 0.00011933333735214546, -0.04602250084280968, 1.0, 0.016333334147930145, -3.1957933970261365e-06, 0.0, 0.0, 1.0172526572205243e-06, -0.016214000061154366, 0.0, 0.0]","[1.0, 1.0, 1.0, 1.3381903171539307, 2.0, 0.5678644180297852, 0.7299122214317322, 0.06327319145202637]",-130.9463656854631
15.400000000000084,104.59001922607422,191.77003479003906,0.0,0.0,0.5,"[0.3125, 0.0, 0.0, 1.0]","[0.0, 0.0, -3.1957933970261365e-06, 0.00011933333735214546, -0.04602250084280968, 1.0, 0.016333334147930145, -3.1957933970261365e-06, 0.0, 0.0, 1.0172526572205243e-06, -0.016214000061154366, 0.0, 0.0]","[1.0, 1.0, 1.0, 1.3381903171539307, 2.0, 0.5678644180297852, 0.7299122214317322, 0.06327319145202637]",-131.1485315182553
15.450000000000085,104.59001922607422,191.77003479003906,0.0,0.0,0.5,"[0.3125, 0.0, 0.0, 1.0]","[0.0, 0.0, -3.1957933970261365e-06, 0.00011933333735214546, -0.04602250084280968, 1.0, 0.016333334147930145, -3.1957933970261365e-06, 0.0, 0.0, 1.0172526572205243e-06, -0.016214000061154366, 0.0, 0.0]","[1.0, 1.0, 1.0, 1.3381903171539307, 2.0, 0.5678644180297852, 0.7299122214317322, 0.06327319145202637]",-131.59197709400823
15.500000000000085,104.59001922607422,191.77003479003906,0.0,0.0,0.5,"[0.3125, 0.0, 0.0, 1.0]","[0.0, 0.0, -3.1957933970261365e-06, 0.00011933333735214546, -0.04602250084280968, 1.0, 0.016333334147930145, -3.1957933970261365e-06, 0.0, 0.0, 1.0172526572205243e-06, -0.016214000061154366, 0.0, 0.0]","[1.0, 1.0, 1.0, 1.3381903171539307, 2.0, 0.5678644180297852, 0.7299122214317322, 0.06327319145202637]",-131.8284709619415
15.550000000000086,104.59001922607422,191.77003479003906,0.0,0.0,0.5,"[0.3125, 0.0, 0.0, 1.0]","[0.0, 0.0, -3.1957933970261365e-06, 0.00011933333735214546, -0.04602250084280968, 1.0, 0.016333334147930145, -3.1957933970261365e-06, 0.0, 0.0, 1.0172526572205243e-06, -0.016214000061154366, 0.0, 0.0]","[1.0, 1.0, 1.0, 1.3381903171539307, 2.0, 0.5678644180297852, 0.7299122214317322, 0.06327319145202637]",-132.06882176486485
15.600000000000087,104.59001922607422,191.77003479003906,0.0,0.0,0.5,"[0.3125, 0.0, 0.0, 0.9999977946281433]","[0.0, 0.0, -3.1957933970261365e-06, 0.00011933333735214546, -0.04602250084280968, 1.0, 0.016333334147930145, -3.1957933970261365e-06, 0.0, 0.0, 1.0172526572205243e-06, -0.016214000061154366, 0.0, 0.0]","[1.0, 1.0, 1.0, 1.3381903171539307, 2.0, 0.5678644180297852, 0.7299122214317322, 0.06327319145202637]",-132.30449842944327
15.650000000000087,104.59001922607422,191.77003479003906,0.0,0.0,0.5,"[0.3125, 0.0, 0.0, 0.9999977946281433]","[0.0, 0.0, -3.1957933970261365e-06, 0.00011933333735214546, -0.04602250084280968, 1.0, 0.016333334147930145, -3.1957933970261365e-06, 0.0, 0.0, 1.0172526572205243e-06, -0.016214000061154366, 0.0, 0.0]","[1.0, 1.0, 1.0, 1.3381903171539307, 2.0, 0.5678644180297852, 0.7299122214317322, 0.06327319145202637]",-132.7580138154303
15.700000000000088,104.59001922607422,191.77003479003906,0.0,0.0,0.5,"[0.3125, 0.0, 0.0, 1.0]","[0.0, 0.0, -3.1957933970261365e-06, 0.00011933333735214546, -0.04602250084280968, 1.0, 0.016333334147930145, -3.1957933970261365e-06, 0.0, 0.0, 1.0172526572205243e-06, -0.016214000061154366, 0.0, 0.0]","[1.0, 1.0, 1.0, 1.3381903171539307, 2.0, 0.5678644180297852, 0.7299122214317322, 0.06327319145202637]",-132.973132258185
15.750000000000089,104.59001922607422,191.77003479003906,0.0,0.0,0.5,"[0.3125, 0.0, 0.0, 1.0]","[0.0, 0.0, -3.1957933970261365e-06, 0.00011933333735214546, -0.04602250084280968, 1.0, 0.016333334147930145, -3.1957933970261365e-06, 0.0, 0.0, 1.0172526572205243e-06, -0.016214000061154366, 0.0, 0.0]","[1.0, 1.0, 1.0, 1.3381903171539307, 2.0, 0.5678644180297852, 0.7299122214317322, 0.06327319145202637]",-133.17879440690538
15.80000000000009,104.59001922607422,191.77003479003906,0.0,0.0,0.5,"[0.3125, 0.0, 0.0, 1.0]","[0.0, 0.0, -3.1957933970261365e-06, 0.00011933333735214546, -0.04602250084280968, 1.0, 0.016333334147930145, -3.1957933970261365e-06, 0.0, 0.0, 1.0172526572205243e-06, -0.016214000061154366, 0.0, 0.0]","[1.0, 1.0, 1.0, 1.3381903171539307, 2.0, 0.5678644180297852, 0.7299122214317322, 0.06327319145202637]",-133.3717557477916
15.85000000000009,104.59001922607422,191.77003479003906,0.0,0.0,0.5,"[0.3125, 0.0, 0.0, 1.0]","[0.0, 0.0, -3.1957933970261365e-06, 0.00011933333735214546, -0.04602250084280968, 1.0, 0.016333334147930145, -3.1957933970261365e-06, 0.0, 0.0, 1.0172526572205243e-06, -0.016214000061154366, 0.0, 0.0]","[1.0, 1.0, 1.0, 1.3381903171539307, 2.0, 0.5678644180297852, 0.7299122214317322, 0.06327319145202637]",-133.7213247747829
15.900000000000091,104.59001922607422,191.77003479003906,0.0,0.0,0.5,"[0.3125, 0.0, 0.0, 1.0]","[0.0, 0.0, -3.1957933970261365e-06, 0.00011933333735214546, -0.04602250084280968, 1.0, 0.016333334147930145, -3.1957933970261365e-06, 0.0, 0.0, 1.0172526572205243e-06, -0.016214000061154366, 0.0, 0.0]","[1.0, 1.0, 1.0, 1.3381903171539307, 2.0, 0.5678644180297852, 0.7299122214317322, 0.06327319145202637]",-133.88006713889564
15.950000000000092,104.59001922607422,191.77003479003906,0.0,0.0,0.5,"[0.3125, 0.0, 0.0, 1.0]","[0.0, 0.0, -3.1957933970261365e-06, 0.00011933333735214546, -0.04602250084280968, 1.0, 0.016333334147930145, -3.1957933970261365e-06, 0.0, 0.0, 1.0172526572205243e-06, -0.016214000061154366, 0.0, 0.0]","[1.0, 1.0, 1.0, 1.3381903171539307, 2.0, 0.5678644180297852, 0.7299122214317322, 0.06327319145202637]",-134.02747601140499
16.000000000000092,104.59001922607422,191.77003479003906,0.0,0.0,0.5,"[0.3125, 0.0, 0.0, 0.9999978542327881]","[0.0, 0.0, -3.1957933970261365e-06, 0.00011933333735214546, -0.04602250084280968, 1.0, 0.016333334147930145, -3.1957933970261365e-06, 0.0, 0.0, 1.0172526572205243e-06, -0.016214000061154366, 0.0, 0.0]","[1.0, 1.0, 1.0, 1.3381903171539307, 2.0, 0.5678644180297852, 0.7299122214317322, 0.06327319145202637]",-134.1676187512271
16.050000000000093,104.59001922607422,191.77003479003906,0.0,0.0,0.5,"[0.3125, 0.0, 0.0, 0.9999978542327881]","[0.0, 0.0, -3.1957933970261365e-06, 0.00011933333735214546, -0.04602250084280968, 1.0, 0.016333334147930145, -3.1957933970261365e-06, 0.0, 0.0, 1.0172526572205243e-06, -0.016214000061154366, 0.0, 0.0]","[1.0, 1.0, 1.0, 1.3381903171539307, 2.0, 0.5678644180297852, 0.7299122214317322, 0.06327319145202637]",-134.42385429711723
16.100000000000094,104.59001922607422,191.77003479003906,0.0,0.0,0.5,"[0.3125, 0.0, 0.0, 1.0]","[0.0, 0.0, -3.1957933970261365e-06, 0.00011933333735214546, -0.04602250084280968, 1.0, 0.016333334147930145, -3.1957933970261365e-06, 0.0, 0.0, 1.0172526572205243e-06, -0.016214000061154366, 0.0, 0.0]","[1.0, 1.0, 1.0, 1.3381903171539307, 2.0, 0.5678644180297852, 0.7299122214317322, 0.06327319145202637]",-134.5431088630493
16.150000000000095,104.59001922607422,191.77003479003906,0.0,0.0,0.5,"[0.3125, 0.0, 0.0, 1.0]","[0.0, 0.0, -3.1957933970261365e-06, 0.00011933333735214546, -0.04602250084280968, 1.0, 0.016333334147930145, -3.1957933970261365e-06, 0.0, 0.0, 1.0172526572205243e-06, -0.016214000061154366, 0.0, 0.0]","[1.0, 1.0, 1.0, 1.3381903171539307, 2.0, 0.5678644180297852, 0.7299122214317322, 0.06327319145202637]",-134.65741184630804
16.200000000000095,104.59001922607422,191.77003479003906,0.0,0.0,0.5,"[0.3125, 0.0, 0.0, 1.0]","[0.0, 0.0, -3.1957933970261365e-06, 0.00011933333735214546, -0.04602250084280968, 1.0, 0.016333334147930145, -3.1957933970261365e-06, 0.0, 0.0, 1.0172526572205243e-06, -0.016214000061154366, 0.0, 0.0]","[1.0, 1.0, 1.0, 1.3381903171539307, 2.0, 0.5678644180297852, 0.7299122214317322, 0.06327319145202637]",-134.76397731066317
16.250000000000096,104.59001922607422,191.77003479003906,0.0,0.0,0.5,"[0.3125, 0.0, 0.0, 1.0]","[0.0, 0.0, -3.1957933970261365e-06, 0.00011933333735214546, -0.04602250084280968, 1.0, 0.016333334147930145, -3.1957933970261365e-06, 0.0, 0.0, 1.0172526572205243e-06, -0.016214000061154366, 0.0, 0.0]","[1.0, 1.0, 1.0, 1.3381903171539307, 2.0, 0.5678644180297852, 0.7299122214317322, 0.06327319145202637]",-134.9634051433975
16.300000000000097,104.59001922607422,191.77003479003906,0.0,0.0,0.5,"[0.3125, 0.0, 0.0, 1.0]","[0.0, 0.0, -3.1957933970261365e-06, 0.00011933333735214546, -0.04602250084280968, 1.0, 0.016333334147930145, -3.1957933970261365e-06, 0.0, 0.0, 1.0172526572205243e-06, -0.016214000061154366, 0.0, 0.0]","[1.0, 1.0, 1.0, 1.3381903171539307, 2.0, 0.5678644180297852, 0.7299122214317322, 0.06327319145202637]",-135.05615058685848
16.350000000000097,104.59001922607422,191.77003479003906,0.0,0.0,0.5,"[0.3125, 0.0, 0.0, 1.0]","[0.0, 0.0, -3.1957933970261365e-06, 0.00011933333735214546, -0.04602250084280968, 1.0, 0.016333334147930145, -3.1957933970261365e-06, 0.0, 0.0, 1.0172526572205243e-06, -0.016214000061154366, 0.0, 0.0]","[1.0, 1.0, 1.0, 1.3381903171539307, 2.0, 0.5678644180297852, 0.7299122214317322, 0.06327319145202637]",-135.14076812543544
16.400000000000098,104.59001922607422,191.77003479003906,0.0,0.0,0.5,"[0.3125, 0.0, 0.0, 1.0]","[0.0, 0.0, -3.1957933970261365e-06, 0.00011933333735214546, -0.04602250084280968, 1.0, 0.016333334147930145, -3.1957933970261365e-06, 0.0, 0.0, 1.0172526572205243e-06, -0.016214000061154366, 0.0, 0.0]","[1.0, 1.0, 1.0, 1.3381903171539307, 2.0, 0.5678644180297852, 0.7299122214317322, 0.06327319145202637]",-135.2164033412329
16.4500000000001,104.59001922607422,191.77003479003906,0.0,0.0,0.5,"[0.3125, 0.0, 0.0, 0.9999977946281433]","[0.0, 0.0, -3.1957933970261365e-06, 0.00011933333735214546, -0.04602250084280968, 1.0, 0.016333334147930145, -3.1957933970261365e-06, 0.0, 0.0, 1.0172526572205243e-06, -0.016214000061154366, 0.0, 0.0]","[1.0, 1.0, 1.0, 1.3381903171539307, 2.0, 0.5678644180297852, 0.7299122214317322, 0.06327319145202637]",-135.34776338551958
16.5000000000001,104.59001922607422,191.77003479003906,0.0,0.0,0.5,"[0.3125, 0.0, 0.0, 0.9999977946281433]","[0.0, 0.0, -3.1957933970261365e-06, 0.00011933333735214546, -0.04602250084280968, 1.0, 0.016333334147930145, -3.1957933970261365e-06, 0.0, 0.0, 1.0172526572205243e-06, -0.016214000061154366, 0.0, 0.0]","[1.0, 1.0, 1.0, 1.3381903171539307, 2.0, 0.5678644180297852, 0.7299122214317322, 0.06327319145202637]",-135.4077999791985
16.5500000000001,104.59001922607422,191.77003479003906,0.0,0.0,0.5,"[0.3125, 0.0, 0.0, 1.0]","[0.0, 0.0, -3.1957933970261365e-06, 0.00011933333735214546, -0.04602250084280968, 1.0, 0.016333334147930145, -3.1957933970261365e-06, 0.0, 0.0, 1.0172526572205243e-06, -0.016214000061154366, 0.0, 0.0]","[1.0, 1.0, 1.0, 1.3381903171539307, 2.0, 0.5678644180297852, 0.7299122214317322, 0.06327319145202637]",-135.4619373409731
16.6000000000001,104.59001922607422,191.77003479003906,0.0,0.0,0.5,"[0.3125, 0.0, 0.0, 1.0]","[0.0, 0.0, -3.1957933970261365e-06, 0.00011933333735214546, -0.04602250084280968, 1.0, 0.016333334147930145, -3.1957933970261365e-06, 0.0, 0.0, 1.0172526572205243e-06, -0.016214000061154366, 0.0, 0.0]","[1.0, 1.0, 1.0, 1.3381903171539307, 2.0, 0.5678644180297852, 0.7299122214317322, 0.06327319145202637]",-135.51302269536885
16.6500000000001,104.59001922607422,191.77003479003906,0.0,0.0,0.5,"[0.3125, 0.0, 0.0, 1.0]","[0.0, 0.0, -3.1957933970261365e-06, 0.00011933333735214546, -0.04602250084280968, 1.0, 0.016333334147930145, -3.1957933970261365e-06, 0.0, 0.0, 1.0172526572205243e-06, -0.016214000061154366, 0.0, 0.0]","[1.0, 1.0, 1.0, 1.3381903171539307, 2.0, 0.5678644180297852, 0.7299122214317322, 0.06327319145202637]",-135.60134433830132
16.700000000000102,104.59001922607422,191.77003479003906,0.0,0.0,0.5,"[0.3125, 0.0, 0.0, 1.0]","[0.0, 0.0, -3.1957933970261365e-06, 0.00011933333735214546, -0.04602250084280968, 1.0, 0.016333334147930145, -3.1957933970261365e-06, 0.0, 0.0, 1.0172526572205243e-06, -0.016214000061154366, 0.0, 0.0]","[1.0, 1.0, 1.0, 1.3381903171539307, 2.0, 0.5678644180297852, 0.7299122214317322, 0.06327319145202637]",-135.63871835148808
16.750000000000103,104.59001922607422,191.77003479003906,0.0,0.0,0.5,"[0.3125, 0.0, 0.0, 1.0]","[0.0, 0.0, -3.1957933970261365e-06, 0.00011933333735214546, -0.04602250084280968, 1.0, 0.016333334147930145, -3.1957933970261365e-06, 0.0, 0.0, 1.0172526572205243e-06, -0.016214000061154366, 0.0, 0.0]","[1.0, 1.0, 1.0, 1.3381903171539307, 2.0, 0.5678644180297852, 0.7299122214317322, 0.06327319145202637]",-135.67067927965772
16.800000000000104,104.59001922607422,191.77003479003906,0.0,0.0,0.5,"[0.3125, 0.0, 0.0, 1.0]","[0.0, 0.0, -3.1957933970261365e-06, 0.00011933333735214546, -0.04602250084280968, 1.0, 0.016333334147930145, -3.1957933970261365e-06, 0.0, 0.0, 1.0172526572205243e-06, -0.016214000061154366, 0.0, 0.0]","[1.0, 1.0, 1.0, 1.3381903171539307, 2.0, 0.5678644180297852, 0.7299122214317322, 0.06327319145202637]",-135.6987925424791
16.850000000000104,104.59001922607422,191.77003479003906,0.0,0.0,0.5,"[0.3125, 0.0, 0.0, 0.9999977946281433]","[0.0, 0.0, -3.1957933970261365e-06, 0.00011933333735214546, -0.04602250084280968, 1.0, 0.016333334147930145, -3.1957933970261365e-06, 0.0, 0.0, 1.0172526572205243e-06, -0.016214000061154366, 0.0, 0.0]","[1.0, 1.0, 1.0, 1.3381903171539307, 2.0, 0.5678644180297852, 0.7299122214317322, 0.06327319145202637]",-135.7382518570192
16.900000000000105,104.59001922607422,191.77003479003906,0.0,0.0,0.5,"[0.3125, 0.0, 0.0, 0.9999977946281433]","[0.0, 0.0, -3.1957933970261365e-06, 0.00011933333735214546, -0.04602250084280968, 1.0, 0.016333334147930145, -3.1957933970261365e-06, 0.0, 0.0, 1.0172526572205243e-06, -0.016214000061154366, 0.0, 0.0]","[1.0, 1.0, 1.0, 1.3381903171539307, 2.0, 0.5678644180297852, 0.7299122214317322, 0.06327319145202637]",-135.75019387222667
16.950000000000106,104.59001922607422,191.77003479003906,0.0,0.0,0.5,"[0.3125, 0.0, 0.0, 1.0]","[0.0, 0.0, -3.1957933970261365e-06, 0.00011933333735214546, -0.04602250084280968, 1.0, 0.016333334147930145, -3.1957933970261365e-06, 0.0, 0.0, 1.0172526572205243e-06, -0.016214000061154366, 0.0, 0.0]","[1.0, 1.0, 1.0, 1.3381903171539307, 2.0, 0.5678644180297852, 0.7299122214317322, 0.06327319145202637]",-135.7566230349429
17.000000000000107,104.59001922607422,191.77003479003906,0.0,0.0,0.5,"[0.3125, 0.0, 0.0, 1.0]","[0.0, 0.0, -3.1957933970261365e-06, 0.00011933333735214546, -0.04602250084280968, 1.0, 0.016333334147930145, -3.1957933970261365e-06, 0.0, 0.0, 1.0172526572205243e-06, -0.016214000061154366, 0.0, 0.0]","[1.0, 1.0, 1.0, 1.3381903171539307, 2.0, 0.5678644180297852, 0.7299122214317322, 0.06327319145202637]",-135.75726409594793
17.050000000000107,104.59001922607422,191.77003479003906,0.0,0.0,0.5,"[0.3125, 0.0, 0.0, 1.0]","[0.0, 0.0, -3.1957933970261365e-06, 0.00011933333735214546, -0.04602250084280968, 1.0, 0.016333334147930145, -3.1957933970261365e-06, 0.0, 0.0, 1.0172526572205243e-06, -0.016214000061154366, 0.0, 0.0]","[1.0, 1.0, 1.0, 1.3381903171539307, 2.0, 0.5678644180297852, 0.7299122214317322, 0.06327319145202637]",-135.7353625420766
17.100000000000108,104.59001922607422,191.77003479003906,0.0,0.0,0.5,"[0.3125, 0.0, 0.0, 1.0]","[0.0, 0.0, -3.1957933970261365e-06, 0.00011933333735214546, -0.04602250084280968, 1.0, 0.016333334147930145, -3.1957933970261365e-06, 0.0, 0.0, 1.0172526572205243e-06, -0.016214000061154366, 0.0, 0.0]","[1.0, 1.0, 1.0, 1.3381903171539307, 2.0, 0.5678644180297852, 0.7299122214317322, 0.06327319145202637]",-135.7150998583275
17.15000000000011,104.59001922607422,191.77003479003906,0.0,0.0,0.5,"[0.3125, 0.0, 0.0, 1.0]","[0.0, 0.0, -3.1957933970261365e-06, 0.00011933333735214546, -0.04602250084280968, 1.0, 0.016333334147930145, -3.1957933970261365e-06, 0.0, 0.0, 1.0172526572205243e-06, -0.016214000061154366, 0.0, 0.0]","[1.0, 1.0, 1.0, 1.3381903171539307, 2.0, 0.5678644180297852, 0.7299122214317322, 0.06327319145202637]",-135.6870630437584
17.20000000000011,104.59001922607422,191.77003479003906,0.0,0.0,0.5,"[0.3125, 0.0, 0.0, 1.0]","[0.0, 0.0, -3.1957933970261365e-06, 0.00011933333735214546, -0.04602250084280968, 1.0, 0.016333334147930145, -3.1957933970261365e-06, 0.0, 0.0, 1.0172526572205243e-06, -0.016214000061154366, 0.0, 0.0]","[1.0, 1.0, 1.0, 1.3381903171539307, 2.0, 0.5678644180297852, 0.7299122214317322, 0.06327319145202637]",-135.6515229554361
17.25000000000011,104.59001922607422,191.77003479003906,0.0,0.0,0.5,"[0.3125, 0.0, 0.0, 0.9999977946281433]","[0.0, 0.0, -3.1957933970261365e-06, 0.00011933333735214546, -0.04602250084280968, 1.0, 0.016333334147930145, -3.1957933970261365e-06, 0.0, 0.0, 1.0172526572205243e-06, -0.016214000061154366, 0.0, 0.0]","[1.0, 1.0, 1.0, 1.3381903171539307, 2.0, 0.5678644180297852, 0.7299122214317322, 0.06327319145202637]",-135.6515229554361
