sim_time,x,y,speed,steer,throttle,style_scores,alert_state,alert_raw,alert_score
0.05,234.2699737548828,55.84001922607422,0.9800000190734863,-0.007720947265625,0.20000000298023224,"[0.6268119812011719, 0.24779999256134033, 0.0, 0.9428308606147766]","[0.0, 0.0, 4.261057711119065e-06, 4.966666892869398e-05, -0.01669049821794033, 1.0, 0.016333334147930145, 4.261057711119065e-06, 0.0, 0.0, -0.9999986290931702, -0.016283666715025902, 0.0, 0.0]","[1.0, 0.0, 0.0, 0.8123567700386047, 0.0, 0.8431535959243774, 0.46207043528556824, 0.6913787722587585]",1.0
0.1,234.2699737548828,55.84001922607422,1.4700000286102295,-0.007720947265625,0.20000000298023224,"[0.6589679718017578, 0.3716000020503998, 0.0, 0.9659090638160706]","[0.0, 0.0, 4.261057711119065e-06, 4.966666892869398e-05, -0.01669049821794033, 1.0, 0.016333334147930145, 4.261057711119065e-06, 0.0, 0.0, -0.9999986290931702, -0.016283666715025902, 0.0, 0.0]","[1.0, 0.0, 0.0, 0.8123567700386047, 0.0, 0.8431535959243774, 0.46207043528556824, 0.6913787722587585]",1.0
0.15000000000000002,234.2699737548828,55.84001922607422,1.9600000381469727,-0.007720947265625,0.20000000298023224,"[0.6911239624023438, 0.49549999833106995, 0.0, 0.9659090042114258]","[0.0, 0.0, 4.261057711119065e-06, 4.966666892869398e-05, -0.01669049821794033, 1.0, 0.016333334147930145, 4.261057711119065e-06, 0.0, 0.0, -0.9999986290931702, -0.016283666715025902, 0.0, 0.0]","[1.0, 0.0, 0.0, 0.8123567700386047, 0.0, 0.8431535959243774, 0.46207043528556824, 0.6913787722587585]",1.0
0.2,234.2699737548828,55.84001922607422,1.125920057296753,-0.007720947265625,0.20000000298023224,"[0.6363878846168518, 0.274399995803833, 0.0, 0.5113636255264282]","[0.0, 0.0, 4.261057711119065e-06, 4.966666892869398e-05, -0.01669049821794033, 1.0, 0.016333334147930145, 4.261057711119065e-06, 0.0, 0.0, -0.9999986290931702, -0.016283666715025902, 0.0, 0.0]","[1.0, 0.0, 0.0, 0.8123567700386047, 0.0, 0.8431535959243774, 0.46207043528556824, 0.6913787722587585]",1.0
0.25,234.2699737548828,55.84001922607422,0.5760599970817566,-0.007720947265625,0.20000000298023224,"[0.6003036499023438, 0.14470000565052032, 0.0, 0.7075186371803284]","[0.0, 0.0, 4.261057711119065e-06, 4.966666892869398e-05, -0.01669049821794033, 1.0, 0.016333334147930145, 4.261057711119065e-06, 0.0, 0.0, -0.9999986290931702, -0.016283666715025902, 0.0, 0.0]","[1.0, 0.0, 0.0, 0.8123567700386047, 0.0, 0.8431535959243774, 0.46207043528556824, 0.6913787722587585]",0.9771972033273825
0.3,234.2699737548828,55.84001922607422,0.2510800063610077,-0.007720947265625,0.20000000298023224,"[0.5789769887924194, 0.06459999829530716, 0.0, 0.7614768147468567]","[0.0, 0.0, 4.261057711119065e-06, 4.966666892869398e-05, -0.01669049821794033, 1.0, 0.016333334147930145, 4.261057711119065e-06, 0.0, 0.0, -0.9999986290931702, -0.016283666715025902, 0.0, 0.0]","[1.0, 0.0, 0.0, 0.8123567700386047, 0.0, 0.8431535959243774, 0.46207043528556824, 0.6913787722587585]",0.8886695961913557
0.35,234.2699737548828,55.84001922607422,0.06662999838590622,-0.007720947265625,0.20000000298023224,"[0.5668725371360779, 0.017400000244379044, 0.0, 0.8470976948738098]","[0.0, 0.0, 4.261057711119065e-06, 4.966666892869398e-05, -0.01669049821794033, 1.0, 0.016333334147930145, 4.261057711119065e-06, 0.0, 0.0, -0.9999986290931702, -0.016283666715025902, 0.0, 0.0]","[1.0, 0.0, 0.0, 0.8123567700386047, 0.0, 0.8431535959243774, 0.46207043528556824, 0.6913787722587585]",0.7733426702296371
0.39999999999999997,234.2699737548828,55.84001922607422,0.031599998474121094,-0.007720947265625,0.20000000298023224,"[0.5645737648010254, 0.008299999870359898, 0.0, 0.9168357253074646]","[0.0, 0.0, 4.261057711119065e-06, 4.966666892869398e-05, -0.01669049821794033, 1.0, 0.016333334147930145, 4.261057711119065e-06, 0.0, 0.0, -0.9999986290931702, -0.016283666715025902, 0.0, 0.0]","[1.0, 0.0, 0.0, 0.8123567700386047, 0.0, 0.8431535959243774, 0.46207043528556824, 0.6913787722587585]",0.4473781674861792
0.44999999999999996,234.2699737548828,55.84001922607422,0.07818999886512756,-0.007720947265625,0.20000000298023224,"[0.567631185054779, 0.02070000022649765, 0.0, 0.9467031955718994]","[0.0, 0.0, 4.261057711119065e-06, 4.966666892869398e-05, -0.01669049821794033, 1.0, 0.016333334147930145, 4.261057711119065e-06, 0.0, 0.0, -0.9999986290931702, -0.016283666715025902, 0.0, 0.0]","[1.0, 0.0, 0.0, 0.8123567700386047, 0.0, 0.8431535959243774, 0.46207043528556824, 0.6913787722587585]",0.24415318782290307
0.49999999999999994,234.2699737548828,55.84001922607422,0.09489999711513519,-0.007720947265625,0.20000000298023224,"[0.5687277317047119, 0.025200000032782555, 0.0, 0.9705612659454346]","[0.0, 0.0, 4.261057711119065e-06, 4.966666892869398e-05, -0.01669049821794033, 1.0, 0.016333334147930145, 4.261057711119065e-06, 0.0, 0.0, -0.9999986290931702, -0.016283666715025902, 0.0, 0.0]","[1.0, 0.0, 0.0, 0.8123567700386047, 0.0, 0.8431535959243774, 0.46207043528556824, 0.6913787722587585]",0.02783972377475985
0.5499999999999999,234.2699737548828,55.84001922607422,0.09520000219345093,-0.007720947265625,0.436492919921875,"[0.5687474608421326, 0.017799999564886093, 0.0, 0.962306797504425]","[0.0, 0.0, 4.261057711119065e-06, 4.966666892869398e-05, -0.01669049821794033, 1.0, 0.016333334147930145, 4.261057711119065e-06, 0.0, 0.0, -0.9999986290931702, -0.016283666715025902, 0.0, 0.0]","[1.0, 0.0, 0.0, 0.8123567700386047, 0.0, 0.8431535959243774, 0.46207043528556824, 0.6913787722587585]",-0.20973260363482438
0.6,234.2699737548828,55.84001922607422,0.08722999691963196,-0.007720947265625,0.8515625,"[0.5682244300842285, 0.00430000014603138, 0.0, 0.9686753749847412]","[0.0, 0.0, 4.261057711119065e-06, 4.966666892869398e-05, -0.01669049821794033, 1.0, 0.016333334147930145, 4.261057711119065e-06, 0.0, 0.0, -0.9999986290931702, -0.016283666715025902, 0.0, 0.0]","[1.0, 0.0, 0.0, 0.8123567700386047, 0.0, 0.8431535959243774, 0.46207043528556824, 0.6913787722587585]",-0.47732220869044584
0.65,234.2699737548828,55.84001922607422,0.07580000162124634,-0.007720947265625,1.0,"[0.567474365234375, 0.0, 0.0, 0.9952910542488098]","[0.0, 0.0, 4.261057711119065e-06, 4.966666892869398e-05, -0.01669049821794033, 1.0, 0.016333334147930145, 4.261057711119065e-06, 0.0, 0.0, -0.9999986290931702, -0.016283666715025902, 0.0, 0.0]","[1.0, 0.0, 0.0, 0.8123567700386047, 0.0, 0.8431535959243774, 0.46207043528556824, 0.6913787722587585]",-1.0410849449515678
0.7000000000000001,234.2699737548828,55.84001922607422,0.0636100023984909,-0.007720947265625,1.0,"[0.5666743516921997, 0.0, 0.0, 0.9976432919502258]","[0.0, 0.0, 4.261057711119065e-06, 4.966666892869398e-05, -0.01669049821794033, 1.0, 0.016333334147930145, 4.261057711119065e-06, 0.0, 0.0, -0.9999986290931702, -0.016283666715025902, 0.0, 0.0]","[1.0, 0.0, 0.0, 0.8123567700386047, 0.0, 0.8431535959243774, 0.46207043528556824, 0.6913787722587585]",-1.3589581658704226
0.7500000000000001,234.2699737548828,55.84001922607422,0.052060000598430634,-0.007720947265625,1.0,"[0.5659164190292358, 0.0, 4.3956040940429375e-07, 0.997830331325531]","[0.0, 0.0, 4.261057711119065e-06, 4.966666892869398e-05, -0.01669049821794033, 1.0, 0.016333334147930145, 4.261057711119065e-06, 0.0, 0.0, -0.9999986290931702, -0.016283666715025902, 0.0, 0.0]","[1.0, 0.0, 0.0, 0.8123567700386047, 0.0, 0.8431535959243774, 0.46207043528556824, 0.6913787722587585]",-1.6845889195599475
0.8000000000000002,234.2699737548828,55.84001922607422,0.041839998215436935,-0.007720947265625,1.0,"[0.5652457475662231, 0.0, 0.0, 0.9974126815795898]","[0.0, 0.0, 4.261057711119065e-06, 4.966666892869398e-05, -0.01669049821794033, 1.0, 0.016333334147930145, 4.261057711119065e-06, 0.0, 0.0, -0.9999986290931702, -0.016283666715025902, 0.0, 0.0]","[1.0, 0.0, 0.0, 0.8123567700386047, 0.0, 0.8431535959243774, 0.46207043528556824, 0.6913787722587585]",-2.365512924075516
0.8500000000000002,234.2699737548828,55.84001922607422,0.03313999995589256,-0.007720947265625,1.0,"[0.5646747946739197, 0.0, 0.0, 0.9974228739738464]","[0.0, 0.0, 4.261057711119065e-06, 4.966666892869398e-05, -0.01669049821794033, 1.0, 0.016333334147930145, 4.261057711119065e-06, 0.0, 0.0, -0.9999986290931702, -0.016283666715025902, 0.0, 0.0]","[1.0, 0.0, 0.0, 0.8123567700386047, 0.0, 0.8431535959243774, 0.46207043528556824, 0.6913787722587585]",-2.729240050424347
0.9000000000000002,234.2688751220703,55.840023040771484,0.1043500006198883,-0.007720947265625,1.0,"[0.5693479180335999, 0.0, 0.08932220190763474, 0.8707600831985474]","[0.0, 0.0, 4.261057711119065e-06, 4.966666892869398e-05, -0.01669049821794033, 1.0, 0.016333334147930145, 4.261057711119065e-06, 0.0, 0.0, -0.9999986290931702, -0.016283666715025902, 0.0, 0.0]","[1.0, 0.0, 0.0, 0.8123567700386047, 0.0, 0.8431535959243774, 0.46207043528556824, 0.6913787722587585]",-3.0976746611742927
0.9500000000000003,234.24864196777344,55.84015655517578,0.5456299781799316,-0.007720947265625,1.0,"[0.5983066558837891, 0.0, 0.3932122588157654, 0.5845462679862976]","[0.0, 0.0, 4.261057711119065e-06, 4.966666892869398e-05, -0.01669049821794033, 1.0, 0.016333334147930145, 4.261057711119065e-06, 0.0, 0.0, -0.9999986290931702, -0.016283666715025902, 0.0, 0.0]","[1.0, 0.0, 0.0, 0.8123567700386047, 0.0, 0.8431535959243774, 0.46207043528556824, 0.6913787722587585]",-3.45446279737384
1.0000000000000002,234.21014404296875,55.84032440185547,0.8920300006866455,-0.007720947265625,1.0,"[0.6210390329360962, 0.0, 0.30722591280937195, 0.8487939834594727]","[0.0, 0.0, 4.261057711119065e-06, 4.966666892869398e-05, -0.01669049821794033, 1.0, 0.016333334147930145, 4.261057711119065e-06, 0.0, 0.0, -0.9999986290931702, -0.016283666715025902, 0.0, 0.0]","[1.0, 0.0, 0.0, 0.8123567700386047, 0.0, 0.8431535959243774, 0.46207043528556824, 0.6913787722587585]",-3.8010331209108017
1.0500000000000003,234.1568145751953,55.84054183959961,1.164929986000061,-0.007720947265625,1.0,"[0.6389479637145996, 0.0, 0.2419213056564331, 0.8781350255012512]","[0.0, 0.0, 4.261057711119065e-06, 4.966666892869398e-05, -0.01669049821794033, 1.0, 0.016333334147930145, 4.261057711119065e-06, 0.0, 0.0, -0.9999986290931702, -0.016283666715025902, 0.0, 0.0]","[1.0, 0.0, 0.0, 0.8123567700386047, 0.0, 0.8431535959243774, 0.46207043528556824, 0.6913787722587585]",-4.53916419058173
1.1000000000000003,234.09242248535156,55.840877532958984,1.3544199466705322,-0.007720947265625,1.0,"[0.6513831615447998, 0.0, 0.1674043983221054, 0.875114381313324]","[0.0, 0.0, 4.261057711119065e-06, 4.966666892869398e-05, -0.01669049821794033, 1.0, 0.016333334147930145, 4.261057711119065e-06, 0.0, 0.0, -0.9999986290931702, -0.016283666715025902, 0.0, 0.0]","[1.0, 0.0, 0.0, 0.8123567700386047, 0.0, 0.8431535959243774, 0.46207043528556824, 0.6913787722587585]",-4.883660340732518
1.1500000000000004,234.0170440673828,55.84122848510742,1.5660200119018555,-0.007720947265625,1.0,"[0.6652692556381226, 0.0, 0.18830417096614838, 0.9441717267036438]","[0.0, 0.0, 4.261057711119065e-06, 4.966666892869398e-05, -0.01669049821794033, 1.0, 0.016333334147930145, 4.261057711119065e-06, 0.0, 0.0, -0.9999986290931702, -0.016283666715025902, 0.0, 0.0]","[1.0, 0.0, 0.0, 0.8123567700386047, 0.0, 0.8431535959243774, 0.46207043528556824, 0.6913787722587585]",-5.229170908105497
1.2000000000000004,233.93142700195312,55.841644287109375,1.7899600267410278,-0.007720947265625,1.0,"[0.6799651980400085, 0.0, 0.1984109878540039, 0.9543834924697876]","[0.0, 0.0, 4.261057711119065e-06, 4.966666892869398e-05, -0.01669049821794033, 1.0, 0.016333334147930145, 4.261057711119065e-06, 0.0, 0.0, -0.9999986290931702, -0.016283666715025902, 0.0, 0.0]","[1.0, 0.0, 0.0, 0.8123567700386047, 0.0, 0.8431535959243774, 0.46207043528556824, 0.6913787722587585]",-5.574667607536329
1.2500000000000004,233.83233642578125,55.84214401245117,2.135040044784546,-0.007720947265625,1.0,"[0.7026108503341675, 0.0, 0.30609142780303955, 0.8226784467697144]","[0.0, 0.0, 4.261057711119065e-06, 4.966666892869398e-05, -0.01669049821794033, 1.0, 0.016333334147930145, 4.261057711119065e-06, 0.0, 0.0, -0.9999986290931702, -0.016283666715025902, 0.0, 0.0]","[1.0, 0.0, 0.0, 0.8123567700386047, 0.0, 0.8431535959243774, 0.46207043528556824, 0.6913787722587585]",-6.383591191206756
1.3000000000000005,233.7185821533203,55.84272003173828,2.3721799850463867,-0.007720947265625,1.0,"[0.718173086643219, 0.0, 0.21084746718406677, 0.8397659659385681]","[0.0, 0.0, 4.261057711119065e-06, 4.966666892869398e-05, -0.01669049821794033, 1.0, 0.016333334147930145, 4.261057711119065e-06, 0.0, 0.0, -0.9999986290931702, -0.016283666715025902, 0.0, 0.0]","[1.0, 0.0, 0.0, 0.8123567700386047, 0.0, 0.8431535959243774, 0.46207043528556824, 0.6913787722587585]",-6.748807343158003
1.3500000000000005,233.59068298339844,55.84341812133789,2.67972993850708,-0.007720947265625,1.0,"[0.7383558750152588, 0.0, 0.2736254930496216, 0.8826592564582825]","[0.0, 0.0, 4.261057711119065e-06, 4.966666892869398e-05, -0.01669049821794033, 1.0, 0.016333334147930145, 4.261057711119065e-06, 0.0, 0.0, -0.9999986290931702, -0.016283666715025902, 0.0, 0.0]","[1.0, 0.0, 0.0, 0.8123567700386047, 0.0, 0.8431535959243774, 0.46207043528556824, 0.6913787722587585]",-7.117347793393055
1.4000000000000006,233.44595336914062,55.84425354003906,3.0325400829315186,-0.007720947265625,1.0,"[0.7615088224411011, 0.0, 0.31356263160705566, 0.912300169467926]","[0.0, 0.0, 4.261057711119065e-06, 4.966666892869398e-05, -0.01669049821794033, 1.0, 0.016333334147930145, 4.261057711119065e-06, 0.0, 0.0, -0.9999986290931702, -0.016283666715025902, 0.0, 0.0]","[1.0, 0.0, 0.0, 0.8123567700386047, 0.0, 0.8431535959243774, 0.46207043528556824, 0.6913787722587585]",-7.483556261944013
1.4500000000000006,233.2816619873047,55.84527587890625,3.432800054550171,-0.007720947265625,1.0,"[0.7877756953239441, 0.0, 0.35600659251213074, 0.9096724390983582]","[0.0, 0.0, 4.261057711119065e-06, 4.966666892869398e-05, -0.01669049821794033, 1.0, 0.016333334147930145, 4.261057711119065e-06, 0.0, 0.0, -0.9999986290931702, -0.016283666715025902, 0.0, 0.0]","[1.0, 0.0, 0.0, 0.8123567700386047, 0.0, 0.8431535959243774, 0.46207043528556824, 0.6913787722587585]",-8.308317272753964
1.5000000000000007,233.0984649658203,55.84649658203125,3.79967999458313,-0.007720947265625,1.0,"[0.811851978302002, 0.0, 0.3269028663635254, 0.9263123273849487]","[0.0, 0.0, 4.261057711119065e-06, 4.966666892869398e-05, -0.01669049821794033, 1.0, 0.016333334147930145, 4.261057711119065e-06, 0.0, 0.0, -0.9999986290931702, -0.016283666715025902, 0.0, 0.0]","[1.0, 0.0, 0.0, 0.8123567700386047, 0.0, 0.8431535959243774, 0.46207043528556824, 0.6913787722587585]",-8.672945448405141
1.5500000000000007,232.8975372314453,55.84793472290039,4.152560234069824,-0.007720947265625,1.0,"[0.8350095748901367, 0.0, 0.31495338678359985, 0.9492081999778748]","[0.0, 0.0, 4.261057711119065e-06, 4.966666892869398e-05, -0.01669049821794033, 1.0, 0.016333334147930145, 4.261057711119065e-06, 0.0, 0.0, -0.9999986290931702, -0.016283666715025902, 0.0, 0.0]","[1.0, 0.0, 0.0, 0.8123567700386047, 0.0, 0.8431535959243774, 0.46207043528556824, 0.6913787722587585]",-8.997478794937608
1.6000000000000008,232.67919921875,55.84961700439453,4.501039981842041,-0.007720947265625,1.0,"[0.8578783869743347, 0.0, 0.311494916677475, 0.9605532288551331]","[0.0, 0.0, 4.261057711119065e-06, 4.966666892869398e-05, -0.01669049821794033, 1.0, 0.016333334147930145, 4.261057711119065e-06, 0.0, 0.0, -0.9999986290931702, -0.016283666715025902, 0.0, 0.0]","[1.0, 0.0, 0.0, 0.8123567700386047, 0.0, 0.8431535959243774, 0.46207043528556824, 0.6913787722587585]",-9.194482439229157
1.6500000000000008,232.44351196289062,55.85158157348633,4.849850177764893,-0.007720947265625,1.0,"[0.880768895149231, 0.0, 0.31221407651901245, 0.9650723934173584]","[0.0, 0.0, 4.261057711119065e-06, 4.966666892869398e-05, -0.01669049821794033, 1.0, 0.016333334147930145, 4.261057711119065e-06, 0.0, 0.0, -0.9999986290931702, -0.016283666715025902, 0.0, 0.0]","[1.0, 0.0, 0.0, 0.8123567700386047, 0.0, 0.8431535959243774, 0.46207043528556824, 0.6913787722587585]",-9.137222229863898
1.7000000000000008,232.19032287597656,55.853851318359375,5.201700210571289,-0.007720947265625,1.0,"[0.9038588404655457, 0.0, 0.3152874708175659, 0.9600427746772766]","[0.0, 0.0, 4.261057711119065e-06, 4.966666892869398e-05, -0.01669049821794033, 1.0, 0.016333334147930145, 4.261057711119065e-06, 0.0, 0.0, -0.9999986290931702, -0.016283666715025902, 0.0, 0.0]","[1.0, 0.0, 0.0, 0.8123567700386047, 0.0, 0.8431535959243774, 0.46207043528556824, 0.6913787722587585]",-9.047682724127004
1.7500000000000009,231.91943359375,55.856468200683594,5.55797004699707,-0.007720947265625,1.0,"[0.9272388815879822, 0.0, 0.31963250041007996, 0.9573183655738831]","[0.0, 0.0, 4.261057711119065e-06, 4.966666892869398e-05, -0.01669049821794033, 1.0, 0.016333334147930145, 4.261057711119065e-06, 0.0, 0.0, -0.9999986290931702, -0.016283666715025902, 0.0, 0.0]","[1.0, 0.0, 0.0, 0.8123567700386047, 0.0, 0.8431535959243774, 0.46207043528556824, 0.6913787722587585]",-8.94179156987419
1.800000000000001,231.6317901611328,55.85939025878906,5.853700160980225,-0.007720947265625,1.0,"[0.946645975112915, 0.0, 0.271888792514801, 0.8878572583198547]","[0.0, 0.0, 4.261057711119065e-06, 4.966666892869398e-05, -0.01669049821794033, 1.0, 0.016333334147930145, 4.261057711119065e-06, 0.0, 0.0, -0.9999986290931702, -0.016283666715025902, 0.0, 0.0]","[1.0, 0.0, 0.0, 0.8123567700386047, 0.0, 0.8431535959243774, 0.46207043528556824, 0.6913787722587585]",-8.995087859538202
1.850000000000001,231.34011840820312,55.862796783447266,5.839360237121582,-0.007720947265625,1.0,"[0.9457049369812012, 0.0, 0.0, 0.633510410785675]","[0.0, 0.0, 4.261057711119065e-06, 4.966666892869398e-05, -0.01669049821794033, 1.0, 0.016333334147930145, 4.261057711119065e-06, 0.0, 0.0, -0.9999986290931702, -0.016283666715025902, 0.0, 0.0]","[1.0, 0.0, 0.0, 0.8123567700386047, 0.0, 0.8431535959243774, 0.46207043528556824, 0.6913787722587585]",-8.895800055593849
1.900000000000001,231.04913330078125,55.86608123779297,5.838029861450195,-0.007720947265625,1.0,"[0.94561767578125, 0.0, 0.014276043511927128, 0.9684435725212097]","[0.0, 0.0, 4.261057711119065e-06, 4.966666892869398e-05, -0.01669049821794033, 1.0, 0.016333334147930145, 4.261057711119065e-06, 0.0, 0.0, -0.9999986290931702, -0.016283666715025902, 0.0, 0.0]","[1.0, 0.0, 0.0, 0.8123567700386047, 0.0, 0.8431535959243774, 0.46207043528556824, 0.6913787722587585]",-8.822793262783737
1.950000000000001,230.75621032714844,55.86967086791992,6.00616979598999,-0.007720947265625,1.0,"[0.9566517472267151, 0.0, 0.1235639750957489, 0.7689514756202698]","[0.0, 0.0, 4.261057711119065e-06, 4.966666892869398e-05, -0.01669049821794033, 1.0, 0.016333334147930145, 4.261057711119065e-06, 0.0, 0.0, -0.9999986290931702, -0.016283666715025902, 0.0, 0.0]","[1.0, 0.0, 0.0, 0.8123567700386047, 0.0, 0.8431535959243774, 0.46207043528556824, 0.6913787722587585]",-8.76138393405116
2.000000000000001,230.438232421875,55.873817443847656,6.575099945068359,-0.007720947265625,1.0,"[0.993987500667572, 0.0, 0.4967336058616638, 0.5307785272598267]","[0.0, 0.0, 4.261057711119065e-06, 4.966666892869398e-05, -0.01669049821794033, 1.0, 0.016333334147930145, 4.261057711119065e-06, 0.0, 0.0, -0.9999986290931702, -0.016283666715025902, 0.0, 0.0]","[1.0, 0.0, 0.0, 0.8123567700386047, 0.0, 0.8431535959243774, 0.46207043528556824, 0.6913787722587585]",-8.937771224576263
2.0500000000000007,230.09396362304688,55.87885665893555,7.063230037689209,-0.007720947265625,1.0,"[0.9739792346954346, 0.0, 0.437867671251297, 0.8663353323936462]","[0.0, 0.0, 4.261057711119065e-06, 4.966666892869398e-05, -0.01669049821794033, 1.0, 0.016333334147930145, 4.261057711119065e-06, 0.0, 0.0, -0.9999986290931702, -0.016283666715025902, 0.0, 0.0]","[1.0, 0.0, 0.0, 0.8123567700386047, 0.0, 0.8431535959243774, 0.46207043528556824, 0.6913787722587585]",-8.863759758539034
2.1000000000000005,229.72653198242188,55.88456726074219,7.509469985961914,-0.007720947265625,1.0,"[0.944694995880127, 0.0, 0.40504613518714905, 0.911486029624939]","[0.0, 0.0, 4.261057711119065e-06, 4.966666892869398e-05, -0.01669049821794033, 1.0, 0.016333334147930145, 4.261057711119065e-06, 0.0, 0.0, -0.9999986290931702, -0.016283666715025902, 0.0, 0.0]","[1.0, 0.0, 0.0, 0.8123567700386047, 0.0, 0.8431535959243774, 0.46207043528556824, 0.6913787722587585]",-8.7600978153801
2.1500000000000004,229.3379669189453,55.891082763671875,7.925970077514648,-0.007720947265625,1.0,"[0.9173623323440552, 0.0, 0.3744918704032898, 0.9250339269638062]","[0.0, 0.0, 4.261057711119065e-06, 4.966666892869398e-05, -0.01669049821794033, 1.0, 0.016333334147930145, 4.261057711119065e-06, 0.0, 0.0, -0.9999986290931702, -0.016283666715025902, 0.0, 0.0]","[1.0, 0.0, 0.0, 0.8123567700386047, 0.0, 0.8431535959243774, 0.46207043528556824, 0.6913787722587585]",-8.630895283029666
2.2,228.9292755126953,55.89827346801758,8.328100204467773,-0.007720947265625,1.0,"[0.8909727931022644, 0.0, 0.36711689829826355, 0.9428399205207825]","[0.0, 0.0, 4.261057711119065e-06, 4.966666892869398e-05, -0.01669049821794033, 1.0, 0.016333334147930145, 4.261057711119065e-06, 0.0, 0.0, -0.9999986290931702, -0.016283666715025902, 0.0, 0.0]","[1.0, 0.0, 0.0, 0.8123567700386047, 0.0, 0.8431535959243774, 0.46207043528556824, 0.6913787722587585]",-8.727558312860415
2.25,228.50071716308594,55.90635299682617,8.72681999206543,-0.007720947265625,1.0,"[0.8648070096969604, 0.0, 0.36042681336402893, 0.9561090469360352]","[0.0, 0.0, 4.261057711119065e-06, 4.966666892869398e-05, -0.01669049821794033, 1.0, 0.016333334147930145, 4.261057711119065e-06, 0.0, 0.0, -0.9999986290931702, -0.016283666715025902, 0.0, 0.0]","[1.0, 0.0, 0.0, 0.8123567700386047, 0.0, 0.8431535959243774, 0.46207043528556824, 0.6913787722587585]",-8.563856829798063
2.3,228.05233764648438,55.91522216796875,9.124130249023438,-0.007720947265625,1.0,"[0.8387337327003479, 0.0, 0.36368393898010254, 0.9594476819038391]","[0.0, 0.0, 4.261057711119065e-06, 4.966666892869398e-05, -0.01669049821794033, 1.0, 0.016333334147930145, 4.261057711119065e-06, 0.0, 0.0, -0.9999986290931702, -0.016283666715025902, 0.0, 0.0]","[1.0, 0.0, 0.0, 0.8123567700386047, 0.0, 0.8431535959243774, 0.46207043528556824, 0.6913787722587585]",-8.380783602571634
2.3499999999999996,227.58612060546875,55.92502975463867,9.339770317077637,-0.007720947265625,1.0,"[0.8245824575424194, 0.0, 0.200758695602417, 0.7519970536231995]","[0.0, 0.0, 4.261057711119065e-06, 4.966666892869398e-05, -0.01669049821794033, 1.0, 0.016333334147930145, 4.261057711119065e-06, 0.0, 0.0, -0.9999986290931702, -0.016283666715025902, 0.0, 0.0]","[1.0, 0.0, 0.0, 0.8123567700386047, 0.0, 0.8431535959243774, 0.46207043528556824, 0.6913787722587585]",-8.191320979932362
2.3999999999999995,227.1171875,55.935340881347656,9.422419548034668,-0.007720947265625,1.0,"[0.819158673286438, 0.0, 0.0882316529750824, 0.8264623284339905]","[0.0, 0.0, 4.261057711119065e-06, 4.966666892869398e-05, -0.01669049821794033, 1.0, 0.016333334147930145, 4.261057711119065e-06, 0.0, 0.0, -0.9999986290931702, -0.016283666715025902, 0.0, 0.0]","[1.0, 0.0, 0.0, 0.8123567700386047, 0.0, 0.8431535959243774, 0.46207043528556824, 0.6913787722587585]",-8.304460519454455
2.4499999999999993,226.64976501464844,55.94622039794922,9.341309547424316,-0.007720947265625,1.0,"[0.8244814872741699, 0.0, 0.053183648735284805, 0.7895137667655945]","[0.0, 0.0, 4.261057711119065e-06, 4.966666892869398e-05, -0.01669049821794033, 1.0, 0.016333334147930145, 4.261057711119065e-06, 0.0, 0.0, -0.9999986290931702, -0.016283666715025902, 0.0, 0.0]","[1.0, 0.0, 0.0, 0.8123567700386047, 0.0, 0.8431535959243774, 0.46207043528556824, 0.6913787722587585]",-8.141661432759589
2.499999999999999,226.16429138183594,55.95687484741211,9.938380241394043,0.005096435546875,1.0,"[0.7852990031242371, 0.0, 0.4063951373100281, 0.4424819350242615]","[0.0, 0.0, 4.261057711119065e-06, 4.966666892869398e-05, -0.01669049821794033, 1.0, 0.016333334147930145, 4.261057711119065e-06, 0.0, 0.0, -0.9999986290931702, -0.016283666715025902, 0.0, 0.0]","[1.0, 0.0, 0.0, 0.8123567700386047, 0.0, 0.8431535959243774, 0.46207043528556824, 0.6913787722587585]",-7.977438540966627
2.549999999999999,225.6527099609375,55.96752166748047,10.405280113220215,0.006103515625,1.0,"[0.7546589374542236, 0.0, 0.42330899834632874, 0.8096146583557129]","[0.0, 0.0, 4.261057711119065e-06, 4.966666892869398e-05, -0.01669049821794033, 1.0, 0.016333334147930145, 4.261057711119065e-06, 0.0, 0.0, -0.9999986290931702, -0.016283666715025902, 0.0, 0.0]","[1.0, 0.0, 0.0, 0.8123567700386047, 0.0, 0.8431535959243774, 0.46207043528556824, 0.6913787722587585]",-7.808689734629546
2.5999999999999988,225.1197967529297,55.97816848754883,10.80813980102539,0.006866455078125,1.0,"[0.7282215356826782, 0.0, 0.3677542507648468, 0.8890041708946228]","[0.0, 0.0, 4.261057711119065e-06, 4.966666892869398e-05, -0.01669049821794033, 1.0, 0.016333334147930145, 4.261057711119065e-06, 0.0, 0.0, -0.9999986290931702, -0.016283666715025902, 0.0, 0.0]","[1.0, 0.0, 0.0, 0.8123567700386047, 0.0, 0.8431535959243774, 0.46207043528556824, 0.6913787722587585]",-8.00285270114506
2.6499999999999986,224.56829833984375,55.98865509033203,11.167010307312012,0.007110595703125,1.0,"[0.704670786857605, 0.0, 0.3301388919353485, 0.913214385509491]","[0.0, 0.0, 4.261057711119065e-06, 4.966666892869398e-05, -0.01669049821794033, 1.0, 0.016333334147930145, 4.261057711119065e-06, 0.0, 0.0, -0.9999986290931702, -0.016283666715025902, 0.0, 0.0]","[1.0, 0.0, 0.0, 0.8123567700386047, 0.0, 0.8431535959243774, 0.46207043528556824, 0.6913787722587585]",-7.850724305510189
2.6999999999999984,223.99993896484375,55.99884033203125,11.4962797164917,0.007232666015625,1.0,"[0.6830626726150513, 0.0, 0.3054755628108978, 0.9304708242416382]","[0.0, 0.0, 4.261057711119065e-06, 4.966666892869398e-05, -0.01669049821794033, 1.0, 0.016333334147930145, 4.261057711119065e-06, 0.0, 0.0, -0.9999986290931702, -0.016283666715025902, 0.0, 0.0]","[1.0, 0.0, 0.0, 0.8123567700386047, 0.0, 0.8431535959243774, 0.46207043528556824, 0.6913787722587585]",-7.696811758697185
2.7499999999999982,223.41583251953125,56.00861358642578,11.805789947509766,0.00726318359375,1.0,"[0.6627511978149414, 0.0, 0.28933846950531006, 0.9422316551208496]","[0.0, 0.0, 4.261057711119065e-06, 4.966666892869398e-05, -0.01669049821794033, 1.0, 0.016333334147930145, 4.261057711119065e-06, 0.0, 0.0, -0.9999986290931702, -0.016283666715025902, 0.0, 0.0]","[1.0, 0.0, 0.0, 0.8123567700386047, 0.0, 0.8431535959243774, 0.46207043528556824, 0.6913787722587585]",-7.546345931190505
2.799999999999998,222.81675720214844,56.01784896850586,12.102290153503418,0.00726318359375,1.0,"[0.643293559551239, 0.0, 0.27903470396995544, 0.9502682685852051]","[0.0, 0.0, 4.261057711119065e-06, 4.966666892869398e-05, -0.01669049821794033, 1.0, 0.016333334147930145, 4.261057711119065e-06, 0.0, 0.0, -0.9999986290931702, -0.016283666715025902, 0.0, 0.0]","[1.0, 0.0, 0.0, 0.8123567700386047, 0.0, 0.8431535959243774, 0.46207043528556824, 0.6913787722587585]",-7.873317728129164
2.849999999999998,222.20315551757812,56.02648162841797,12.390399932861328,0.00726318359375,1.0,"[0.6243865489959717, 0.0, 0.272713840007782, 0.9557214379310608]","[0.0, 0.0, 4.261057711119065e-06, 4.966666892869398e-05, -0.01669049821794033, 1.0, 0.016333334147930145, 4.261057711119065e-06, 0.0, 0.0, -0.9999986290931702, -0.016283666715025902, 0.0, 0.0]","[1.0, 0.0, 0.0, 0.8123567700386047, 0.0, 0.8431535959243774, 0.46207043528556824, 0.6913787722587585]",-7.764621438733473
2.8999999999999977,221.57534790039062,56.034423828125,12.673279762268066,0.007232666015625,1.0,"[0.6058226823806763, 0.0, 0.26899251341819763, 0.9594546556472778]","[0.0, 0.0, 4.261057711119065e-06, 4.966666892869398e-05, -0.01669049821794033, 1.0, 0.016333334147930145, 4.261057711119065e-06, 0.0, 0.0, -0.9999986290931702, -0.016283666715025902, 0.0, 0.0]","[1.0, 0.0, 0.0, 0.8123567700386047, 0.0, 0.8431535959243774, 0.46207043528556824, 0.6913787722587585]",-7.656553344821717
2.9499999999999975,220.93345642089844,56.04163360595703,12.953100204467773,0.00689697265625,1.0,"[0.5874595642089844, 0.0, 0.2662026286125183, 0.9622166156768799]","[0.0, 0.0, 4.261057711119065e-06, 4.966666892869398e-05, -0.01669049821794033, 1.0, 0.016333334147930145, 4.261057711119065e-06, 0.0, 0.0, -0.9999986290931702, -0.016283666715025902, 0.0, 0.0]","[1.0, 0.0, 0.0, 0.8123567700386047, 0.0, 0.8431535959243774, 0.46207043528556824, 0.6913787722587585]",-7.526829687230151
2.9999999999999973,220.2776336669922,56.04824447631836,13.23136043548584,0.005096435546875,1.0,"[0.5691989064216614, 0.0, 0.26043251156806946, 0.9609499573707581]","[0.0, 0.0, 4.261057711119065e-06, 4.966666892869398e-05, -0.01669049821794033, 1.0, 0.016333334147930145, 4.261057711119065e-06, 0.0, 0.0, -0.9999986290931702, -0.016283666715025902, 0.0, 0.0]","[1.0, 0.0, 0.0, 0.8123567700386047, 0.0, 0.8431535959243774, 0.46207043528556824, 0.6913787722587585]",-7.90897691609719
3.049999999999997,219.60787963867188,56.05459213256836,13.50907039642334,0.00146484375,1.0,"[0.5509743094444275, 0.0, 0.2506008744239807, 0.9561833739280701]","[0.0, 0.0, 4.261057711119065e-06, 4.966666892869398e-05, -0.01669049821794033, 1.0, 0.016333334147930145, 4.261057711119065e-06, 0.0, 0.0, -0.9999986290931702, -0.016283666715025902, 0.0, 0.0]","[1.0, 0.0, 0.0, 0.8123567700386047, 0.0, 0.8431535959243774, 0.46207043528556824, 0.6913787722587585]",-7.765795692501655
3.099999999999997,218.93136596679688,56.0606689453125,13.55935001373291,0.000701904296875,1.0,"[0.5476747751235962, 0.0, 0.05055033043026924, 0.7233735918998718]","[0.0, 0.0, 4.261057711119065e-06, 4.966666892869398e-05, -0.01669049821794033, 1.0, 0.016333334147930145, 4.261057711119065e-06, 0.0, 0.0, -0.9999986290931702, -0.016283666715025902, 0.0, 0.0]","[1.0, 0.0, 0.0, 0.8123567700386047, 0.0, 0.8431535959243774, 0.46207043528556824, 0.6913787722587585]",-7.670675923410325
3.149999999999997,218.25601196289062,56.06635284423828,13.50158977508545,0.0008544921875,1.0,"[0.5514652729034424, 0.0, 0.0387815460562706, 0.8639721274375916]","[0.0, 0.0, 4.261057711119065e-06, 4.966666892869398e-05, -0.01669049821794033, 1.0, 0.016333334147930145, 4.261057711119065e-06, 0.0, 0.0, -0.9999986290931702, -0.016283666715025902, 0.0, 0.0]","[1.0, 0.0, 0.0, 0.8123567700386047, 0.0, 0.8431535959243774, 0.46207043528556824, 0.6913787722587585]",-7.613454351708391
3.1999999999999966,217.57565307617188,56.07173156738281,13.747570037841797,0.000732421875,1.0,"[0.535322904586792, 0.0, 0.16860966384410858, 0.6218764185905457]","[0.0, 0.0, 4.261057711119065e-06, 4.966666892869398e-05, -0.01669049821794033, 1.0, 0.016333334147930145, 4.261057711119065e-06, 0.0, 0.0, -0.9999986290931702, -0.016283666715025902, 0.0, 0.0]","[1.0, 0.0, 0.0, 0.8123567700386047, 0.0, 0.8431535959243774, 0.46207043528556824, 0.6913787722587585]",-8.16056279487569
3.2499999999999964,216.87904357910156,56.0770263671875,14.052040100097656,0.0001220703125,1.0,"[0.5153422355651855, 0.0, 0.27095383405685425, 0.8963687419891357]","[0.0, 0.0, 4.261057711119065e-06, 4.966666892869398e-05, -0.01669049821794033, 1.0, 0.016333334147930145, 4.261057711119065e-06, 0.0, 0.0, -0.9999986290931702, -0.016283666715025902, 0.0, 0.0]","[1.0, 0.0, 0.0, 0.8123567700386047, 0.0, 0.8431535959243774, 0.46207043528556824, 0.6913787722587585]",-8.070605964125368
3.2999999999999963,216.16796875,56.08224105834961,14.326950073242188,9.1552734375e-05,1.0,"[0.4973013997077942, 0.0, 0.24448925256729126, 0.930767297744751]","[0.0, 0.0, 4.261057711119065e-06, 4.966666892869398e-05, -0.01669049821794033, 1.0, 0.016333334147930145, 4.261057711119065e-06, 0.0, 0.0, -0.9999986290931702, -0.016283666715025902, 0.0, 0.0]","[1.0, 0.0, 0.0, 0.8123567700386047, 0.0, 0.8431535959243774, 0.46207043528556824, 0.6913787722587585]",-7.964246182095918
3.349999999999996,215.4438018798828,56.08747863769531,14.58119010925293,-0.000579833984375,1.0,"[0.48061704635620117, 0.0, 0.22369582951068878, 0.9409854412078857]","[0.0, 0.0, 4.261057711119065e-06, 4.966666892869398e-05, -0.01669049821794033, 1.0, 0.016333334147930145, 4.261057711119065e-06, 0.0, 0.0, -0.9999986290931702, -0.016283666715025902, 0.0, 0.0]","[1.0, 0.0, 0.0, 0.8123567700386047, 0.0, 0.8431535959243774, 0.46207043528556824, 0.6913787722587585]",-7.841095271623816
3.399999999999996,214.7074432373047,56.092830657958984,14.821649551391602,-0.001129150390625,1.0,"[0.4648369550704956, 0.0, 0.2131700962781906, 0.9504402875900269]","[0.0, 0.0, 4.261057711119065e-06, 4.966666892869398e-05, -0.01669049821794033, 1.0, 0.016333334147930145, 4.261057711119065e-06, 0.0, 0.0, -0.9999986290931702, -0.016283666715025902, 0.0, 0.0]","[1.0, 0.0, 0.0, 0.8123567700386047, 0.0, 0.8431535959243774, 0.46207043528556824, 0.6913787722587585]",-8.295412728383248
3.4499999999999957,213.95936584472656,56.0983772277832,15.052969932556152,-0.001556396484375,1.0,"[0.44965672492980957, 0.0, 0.20676924288272858, 0.9571861624717712]","[0.0, 0.0, 4.261057711119065e-06, 4.966666892869398e-05, -0.01669049821794033, 1.0, 0.016333334147930145, 4.261057711119065e-06, 0.0, 0.0, -0.9999986290931702, -0.016283666715025902, 0.0, 0.0]","[1.0, 0.0, 0.0, 0.8123567700386047, 0.0, 0.8431535959243774, 0.46207043528556824, 0.6913787722587585]",-8.13796669232983
3.4999999999999956,213.20001220703125,56.10420608520508,15.278300285339355,-0.002166748046875,1.0,"[0.43486958742141724, 0.0, 0.20382021367549896, 0.9614014625549316]","[0.0, 0.0, 4.261057711119065e-06, 4.966666892869398e-05, -0.01669049821794033, 1.0, 0.016333334147930145, 4.261057711119065e-06, 0.0, 0.0, -0.9999986290931702, -0.016283666715025902, 0.0, 0.0]","[1.0, 0.0, 0.0, 0.8123567700386047, 0.0, 0.8431535959243774, 0.46207043528556824, 0.6913787722587585]",-7.965778203158408
3.5499999999999954,212.42955017089844,56.110389709472656,15.4966402053833,-0.002349853515625,0.953125,"[0.42054110765457153, 0.2361000031232834, 0.198678657412529, 0.9616331458091736]","[0.0, 0.0, 4.261057711119065e-06, 4.966666892869398e-05, -0.01669049821794033, 1.0, 0.016333334147930145, 4.261057711119065e-06, 0.0, 0.0, -0.9999986290931702, -0.016283666715025902, 0.0, 0.0]","[1.0, 0.0, 0.0, 0.8123567700386047, 0.0, 0.8431535959243774, 0.46207043528556824, 0.6913787722587585]",-7.7789092754272104
3.599999999999995,211.64862060546875,56.116966247558594,15.699430465698242,-0.002410888671875,0.83203125,"[0.4072330594062805, 0.8585000038146973, 0.18585316836833954, 0.9537436962127686]","[0.0, 0.0, 4.261057711119065e-06, 4.966666892869398e-05, -0.01669049821794033, 1.0, 0.016333334147930145, 4.261057711119065e-06, 0.0, 0.0, -0.9999986290931702, -0.016283666715025902, 0.0, 0.0]","[1.0, 0.0, 0.0, 0.8123567700386047, 0.0, 0.8431535959243774, 0.46207043528556824, 0.6913787722587585]",-8.165082963591027
3.649999999999995,210.8583984375,56.12403869628906,15.876350402832031,-0.0029296875,0.73828125,"[0.39562278985977173, 1.0, 0.16548307240009308, 0.9449015855789185]","[0.0, 0.0, 4.261057711119065e-06, 4.966666892869398e-05, -0.01669049821794033, 1.0, 0.016333334147930145, 4.261057711119065e-06, 0.0, 0.0, -0.9999986290931702, -0.016283666715025902, 0.0, 0.0]","[1.0, 0.0, 0.0, 0.8123567700386047, 0.0, 0.8431535959243774, 0.46207043528556824, 0.6913787722587585]",-8.005076911043917
3.699999999999995,210.06019592285156,56.13160705566406,16.025800704956055,-0.002593994140625,0.68359375,"[0.3858151435852051, 1.0, 0.14081493020057678, 0.9470651149749756]","[0.0, 0.0, 4.261057711119065e-06, 4.966666892869398e-05, -0.01669049821794033, 1.0, 0.016333334147930145, 4.261057711119065e-06, 0.0, 0.0, -0.9999986290931702, -0.016283666715025902, 0.0, 0.0]","[1.0, 0.0, 0.0, 0.8123567700386047, 0.0, 0.8431535959243774, 0.46207043528556824, 0.6913787722587585]",-7.800573067548383
3.7499999999999947,209.25531005859375,56.13962173461914,16.153099060058594,-0.001953125,0.6796875,"[0.377461314201355, 1.0, 0.12013273686170578, 0.9562443494796753]","[0.0, 0.0, 4.261057711119065e-06, 4.966666892869398e-05, -0.01669049821794033, 1.0, 0.016333334147930145, 4.261057711119065e-06, 0.0, 0.0, -0.9999986290931702, -0.016283666715025902, 0.0, 0.0]","[1.0, 0.0, 0.0, 0.8123567700386047, 0.0, 0.8431535959243774, 0.46207043528556824, 0.6913787722587585]",-7.353071574656376
3.7999999999999945,208.44456481933594,56.148040771484375,16.265609741210938,-0.0013427734375,0.6796875,"[0.37007784843444824, 1.0, 0.10598110407590866, 0.9668399691581726]","[0.0, 0.0, 4.261057711119065e-06, 4.966666892869398e-05, -0.01669049821794033, 1.0, 0.016333334147930145, 4.261057711119065e-06, 0.0, 0.0, -0.9999986290931702, -0.016283666715025902, 0.0, 0.0]","[1.0, 0.0, 0.0, 0.8123567700386047, 0.0, 0.8431535959243774, 0.46207043528556824, 0.6913787722587585]",-6.9389175641191265
3.8499999999999943,207.62852478027344,56.15687942504883,16.368379592895508,-0.001312255859375,0.6796875,"[0.36333364248275757, 1.0, 0.09782900661230087, 0.9742900133132935]","[0.0, 0.0, 4.261057711119065e-06, 4.966666892869398e-05, -0.01669049821794033, 1.0, 0.016333334147930145, 4.261057711119065e-06, 0.0, 0.0, -0.9999986290931702, -0.016283666715025902, 0.0, 0.0]","[1.0, 0.0, 0.0, 0.8123567700386047, 0.0, 0.8431535959243774, 0.46207043528556824, 0.6913787722587585]",-6.357412418505201
3.899999999999994,206.80755615234375,56.16617965698242,16.464759826660156,-0.001708984375,0.6796875,"[0.357008695602417, 1.0, 0.09346680343151093, 0.9790921211242676]","[0.0, 0.0, 4.261057711119065e-06, 4.966666892869398e-05, -0.01669049821794033, 1.0, 0.016333334147930145, 4.261057711119065e-06, 0.0, 0.0, -0.9999986290931702, -0.016283666715025902, 0.0, 0.0]","[1.0, 0.0, 0.0, 0.8123567700386047, 0.0, 0.8431535959243774, 0.46207043528556824, 0.6913787722587585]",-5.794870205090283
3.949999999999994,205.9818572998047,56.17594909667969,16.556909561157227,-0.0025634765625,0.66796875,"[0.35096144676208496, 1.0, 0.08946944773197174, 0.9824090003967285]","[0.0, 0.0, 4.261057711119065e-06, 4.966666892869398e-05, -0.01669049821794033, 1.0, 0.016333334147930145, 4.261057711119065e-06, 0.0, 0.0, -0.9999986290931702, -0.016283666715025902, 0.0, 0.0]","[1.0, 0.0, 0.0, 0.8123567700386047, 0.0, 0.8431535959243774, 0.46207043528556824, 0.6913787722587585]",-5.242047831234836
3.999999999999994,205.1516876220703,56.18642044067383,16.643239974975586,-0.00390625,0.6328125,"[0.3452960252761841, 1.0, 0.09127736836671829, 0.9774367213249207]","[0.0, 0.0, 4.261057711119065e-06, 4.966666892869398e-05, -0.01669049821794033, 1.0, 0.016333334147930145, 4.261057711119065e-06, 0.0, 0.0, -0.9999986290931702, -0.016283666715025902, 0.0, 0.0]","[1.0, 0.0, 0.0, 0.8123567700386047, 0.0, 0.8431535959243774, 0.46207043528556824, 0.6913787722587585]",-5.0125642277088325
4.049999999999994,204.31752014160156,56.19782257080078,16.71833038330078,-0.005706787109375,0.56640625,"[0.34036827087402344, 1.0, 0.08646944910287857, 0.9745217561721802]","[0.0, 0.0, 4.261057711119065e-06, 4.966666892869398e-05, -0.01669049821794033, 1.0, 0.016333334147930145, 4.261057711119065e-06, 0.0, 0.0, -0.9999986290931702, -0.016283666715025902, 0.0, 0.0]","[1.0, 0.0, 0.0, 0.8123567700386047, 0.0, 0.8431535959243774, 0.46207043528556824, 0.6913787722587585]",-4.458169108310582
4.099999999999993,203.48007202148438,56.21035385131836,16.777990341186523,-0.007293701171875,0.5078125,"[0.3364531397819519, 1.0, 0.07799164950847626, 0.9718143343925476]","[0.0, 0.0, 4.261057711119065e-06, 4.966666892869398e-05, -0.01669049821794033, 1.0, 0.016333334147930145, 4.261057711119065e-06, 0.0, 0.0, -0.9999986290931702, -0.016283666715025902, 0.0, 0.0]","[1.0, 0.0, 0.0, 0.8123567700386047, 0.0, 0.8431535959243774, 0.46207043528556824, 0.6913787722587585]",-3.8812004264088147
4.149999999999993,202.6402130126953,56.22423553466797,16.821420669555664,-0.00860595703125,0.4682464599609375,"[0.3336030840873718, 1.0, 0.06870856881141663, 0.973151445388794]","[0.0, 0.0, 4.261057711119065e-06, 4.966666892869398e-05, -0.01669049821794033, 1.0, 0.016333334147930145, 4.261057711119065e-06, 0.0, 0.0, -0.9999986290931702, -0.016283666715025902, 0.0, 0.0]","[1.0, 0.0, 0.0, 0.8123567700386047, 0.0, 0.8431535959243774, 0.46207043528556824, 0.6913787722587585]",-3.2928741085296096
4.199999999999993,201.79861450195312,56.239646911621094,16.8504695892334,-0.0093994140625,0.444427490234375,"[0.3316967487335205, 1.0, 0.060067690908908844, 0.9776616096496582]","[0.0, 0.0, 4.261057711119065e-06, 4.966666892869398e-05, -0.01669049821794033, 1.0, 0.016333334147930145, 4.261057711119065e-06, 0.0, 0.0, -0.9999986290931702, -0.016283666715025902, 0.0, 0.0]","[1.0, 0.0, 0.0, 0.8123567700386047, 0.0, 0.8431535959243774, 0.46207043528556824, 0.6913787722587585]",-2.930524835758579
4.249999999999993,200.95594787597656,56.256717681884766,16.868389129638672,-0.009552001953125,0.436492919921875,"[0.33052074909210205, 1.0, 0.05277406424283981, 0.9835783839225769]","[0.0, 0.0, 4.261057711119065e-06, 4.966666892869398e-05, -0.01669049821794033, 1.0, 0.016333334147930145, 4.261057711119065e-06, 0.0, 0.0, -0.9999986290931702, -0.016283666715025902, 0.0, 0.0]","[1.0, 0.0, 0.0, 0.8123567700386047, 0.0, 0.8431535959243774, 0.46207043528556824, 0.6913787722587585]",-2.331879675958684
4.299999999999993,200.11268615722656,56.275550842285156,16.877330780029297,-0.009368896484375,0.412689208984375,"[0.3299340009689331, 1.0, 0.0465705506503582, 0.9876683950424194]","[0.0, 0.0, 4.261057711119065e-06, 4.966666892869398e-05, -0.01669049821794033, 1.0, 0.016333334147930145, 4.261057711119065e-06, 0.0, 0.0, -0.9999986290931702, -0.016283666715025902, 0.0, 0.0]","[1.0, 0.0, 0.0, 0.8123567700386047, 0.0, 0.8431535959243774, 0.46207043528556824, 0.6913787722587585]",-1.7415124147307282
4.3499999999999925,199.269287109375,56.2962646484375,16.878599166870117,-0.009521484375,0.404754638671875,"[0.3298507332801819, 1.0, 0.0424966998398304, 0.9900275468826294]","[0.0, 0.0, 4.261057711119065e-06, 4.966666892869398e-05, -0.01669049821794033, 1.0, 0.016333334147930145, 4.261057711119065e-06, 0.0, 0.0, -0.9999986290931702, -0.016283666715025902, 0.0, 0.0]","[1.0, 0.0, 0.0, 0.8123567700386047, 0.0, 0.8431535959243774, 0.46207043528556824, 0.6913787722587585]",-1.1655301138656946
4.399999999999992,198.42601013183594,56.31898880004883,16.873849868774414,-0.009735107421875,0.392852783203125,"[0.3301624059677124, 1.0, 0.04670558497309685, 0.9915211796760559]","[0.0, 0.0, 4.261057711119065e-06, 4.966666892869398e-05, -0.01669049821794033, 1.0, 0.016333334147930145, 4.261057711119065e-06, 0.0, 0.0, -0.9999986290931702, -0.016283666715025902, 0.0, 0.0]","[1.0, 0.0, 0.0, 0.8123567700386047, 0.0, 0.8431535959243774, 0.46207043528556824, 0.6913787722587585]",-0.904485122537684
4.449999999999992,197.5832061767578,56.343788146972656,16.86366081237793,-0.00958251953125,0.376983642578125,"[0.33083105087280273, 1.0, 0.05332791432738304, 0.9919614195823669]","[0.0, 0.0, 4.261057711119065e-06, 4.966666892869398e-05, -0.01669049821794033, 1.0, 0.016333334147930145, 4.261057711119065e-06, 0.0, 0.0, -0.9999986290931702, -0.016283666715025902, 0.0, 0.0]","[1.0, 0.0, 0.0, 0.8123567700386047, 0.0, 0.8431535959243774, 0.46207043528556824, 0.6913787722587585]",-0.3691025567920574
4.499999999999992,196.74110412597656,56.37067413330078,16.84745979309082,-0.00933837890625,0.3491973876953125,"[0.3318942189216614, 1.0, 0.0589437298476696, 0.9905285835266113]","[0.0, 0.0, 4.261057711119065e-06, 4.966666892869398e-05, -0.01669049821794033, 1.0, 0.016333334147930145, 4.261057711119065e-06, 0.0, 0.0, -0.9999986290931702, -0.016283666715025902, 0.0, 0.0]","[1.0, 0.0, 0.0, 0.8123567700386047, 0.0, 0.8431535959243774, 0.46207043528556824, 0.6913787722587585]",0.1601304178828451
4.549999999999992,195.90011596679688,56.39964294433594,16.8239803314209,-0.009002685546875,0.3174591064453125,"[0.33343505859375, 1.0, 0.0651112049818039, 0.9879546165466309]","[0.0, 0.0, 4.261057711119065e-06, 4.966666892869398e-05, -0.01669049821794033, 1.0, 0.016333334147930145, 4.261057711119065e-06, 0.0, 0.0, -0.9999986290931702, -0.016283666715025902, 0.0, 0.0]","[1.0, 0.0, 0.0, 0.8123567700386047, 0.0, 0.8431535959243774, 0.46207043528556824, 0.6913787722587585]",0.6660017553350774
4.599999999999992,195.06057739257812,56.43072509765625,16.79364013671875,-0.009124755859375,0.3095245361328125,"[0.3354261517524719, 1.0, 0.07209011167287827, 0.9875487685203552]","[0.0, 0.0, 4.261057711119065e-06, 4.966666892869398e-05, -0.01669049821794033, 1.0, 0.016333334147930145, 4.261057711119065e-06, 0.0, 0.0, -0.9999986290931702, -0.016283666715025902, 0.0, 0.0]","[1.0, 0.0, 0.0, 0.8123567700386047, 0.0, 0.8431535959243774, 0.46207043528556824, 0.6913787722587585]",0.7857097002684555
4.6499999999999915,194.22276306152344,56.46392822265625,16.758670806884766,-0.0091552734375,0.3095245361328125,"[0.33772099018096924, 1.0, 0.07640879601240158, 0.9896291494369507]","[0.0, 0.0, 4.261057711119065e-06, 4.966666892869398e-05, -0.01669049821794033, 1.0, 0.016333334147930145, 4.261057711119065e-06, 0.0, 0.0, -0.9999986290931702, -0.016283666715025902, 0.0, 0.0]","[1.0, 0.0, 0.0, 0.8123567700386047, 0.0, 0.8431535959243774, 0.46207043528556824, 0.6913787722587585]",0.6064863341699089
4.699999999999991,193.3868865966797,56.49921798706055,16.72089958190918,-0.008941650390625,0.3095245361328125,"[0.34019970893859863, 1.0, 0.07822242379188538, 0.991263747215271]","[0.0, 0.0, 4.261057711119065e-06, 4.966666892869398e-05, -0.01669049821794033, 1.0, 0.016333334147930145, 4.261057711119065e-06, 0.0, 0.0, -0.9999986290931702, -0.016283666715025902, 0.0, 0.0]","[1.0, 0.0, 0.0, 0.8123567700386047, 0.0, 0.8431535959243774, 0.46207043528556824, 0.6913787722587585]",0.14211802257998984
4.749999999999991,192.552978515625,56.53654479980469,16.68144989013672,-0.008544921875,0.3095245361328125,"[0.3427885174751282, 1.0, 0.07847252488136292, 0.9919527173042297]","[0.0, 0.0, 4.261057711119065e-06, 4.966666892869398e-05, -0.01669049821794033, 1.0, 0.016333334147930145, 4.261057711119065e-06, 0.0, 0.0, -0.9999986290931702, -0.016283666715025902, 0.0, 0.0]","[1.0, 0.0, 0.0, 0.8123567700386047, 0.0, 0.8431535959243774, 0.46207043528556824, 0.6913787722587585]",-0.3330540768660981
4.799999999999991,191.72119140625,56.575828552246094,16.641019821166992,-0.007965087890625,0.3095245361328125,"[0.3454417586326599, 1.0, 0.07748614996671677, 0.9919195771217346]","[0.0, 0.0, 4.261057711119065e-06, 4.966666892869398e-05, -0.01669049821794033, 1.0, 0.016333334147930145, 4.261057711119065e-06, 0.0, 0.0, -0.9999986290931702, -0.016283666715025902, 0.0, 0.0]","[1.0, 0.0, 0.0, 0.8123567700386047, 0.0, 0.8431535959243774, 0.46207043528556824, 0.6913787722587585]",-0.43341732864169624
4.849999999999991,190.89149475097656,56.61697006225586,16.600059509277344,-0.00732421875,0.3095245361328125,"[0.3481297492980957, 1.0, 0.07582197338342667, 0.9918479919433594]","[0.0, 0.0, 4.261057711119065e-06, 4.966666892869398e-05, -0.01669049821794033, 1.0, 0.016333334147930145, 4.261057711119065e-06, 0.0, 0.0, -0.9999986290931702, -0.016283666715025902, 0.0, 0.0]","[1.0, 0.0, 0.0, 0.8123567700386047, 0.0, 0.8431535959243774, 0.46207043528556824, 0.6913787722587585]",-0.8877270956961927
4.899999999999991,190.0639190673828,56.659881591796875,16.558820724487305,-0.00677490234375,0.3095245361328125,"[0.35083603858947754, 1.0, 0.07403384894132614, 0.9920592308044434]","[0.0, 0.0, 4.261057711119065e-06, 4.966666892869398e-05, -0.01669049821794033, 1.0, 0.016333334147930145, 4.261057711119065e-06, 0.0, 0.0, -0.9999986290931702, -0.016283666715025902, 0.0, 0.0]","[1.0, 0.0, 0.0, 0.8123567700386047, 0.0, 0.8431535959243774, 0.46207043528556824, 0.6913787722587585]",-1.329289376298298
4.94999999999999,189.23851013183594,56.70447540283203,16.51746940612793,-0.006500244140625,0.3095245361328125,"[0.3535497188568115, 1.0, 0.0727270320057869, 0.9927785396575928]","[0.0, 0.0, 4.261057711119065e-06, 4.966666892869398e-05, -0.01669049821794033, 1.0, 0.016333334147930145, 4.261057711119065e-06, 0.0, 0.0, -0.9999986290931702, -0.016283666715025902, 0.0, 0.0]","[1.0, 0.0, 0.0, 0.8123567700386047, 0.0, 0.8431535959243774, 0.46207043528556824, 0.6913787722587585]",-1.7571915710878359
4.99999999999999,188.4152374267578,56.75071716308594,16.47612953186035,-0.006378173828125,0.3095245361328125,"[0.35626256465911865, 1.0, 0.07155955582857132, 0.9930645227432251]","[0.0, 0.0, 4.261057711119065e-06, 4.966666892869398e-05, -0.01669049821794033, 1.0, 0.016333334147930145, 4.261057711119065e-06, 0.0, 0.0, -0.9999986290931702, -0.016283666715025902, 0.0, 0.0]","[1.0, 0.0, 0.0, 0.8123567700386047, 0.0, 0.8431535959243774, 0.46207043528556824, 0.6913787722587585]",-1.7278628185859901
5.04999999999999,187.59410095214844,56.798519134521484,16.434850692749023,-0.006378173828125,0.3095245361328125,"[0.3589715361595154, 1.0, 0.07061230391263962, 0.9933599829673767]","[0.0, 0.0, 4.261057711119065e-06, 4.966666892869398e-05, -0.01669049821794033, 1.0, 0.016333334147930145, 4.261057711119065e-06, 0.0, 0.0, -0.9999986290931702, -0.016283666715025902, 0.0, 0.0]","[1.0, 0.0, 0.0, 0.8123567700386047, 0.0, 0.8431535959243774, 0.46207043528556824, 0.6913787722587585]",-2.0914601974757057
5.09999999999999,186.77511596679688,56.84784698486328,16.39369010925293,-0.006378173828125,0.3095245361328125,"[0.36167263984680176, 1.0, 0.0696290135383606, 0.9933674931526184]","[0.0, 0.0, 4.261057711119065e-06, 4.966666892869398e-05, -0.01669049821794033, 1.0, 0.016333334147930145, 4.261057711119065e-06, 0.0, 0.0, -0.9999986290931702, -0.016283666715025902, 0.0, 0.0]","[1.0, 0.0, 0.0, 0.8123567700386047, 0.0, 0.8431535959243774, 0.46207043528556824, 0.6913787722587585]",-2.432504908489729
5.14999999999999,185.958251953125,56.898651123046875,16.352670669555664,-0.006378173828125,0.3095245361328125,"[0.36436450481414795, 1.0, 0.0687340646982193, 0.993496298789978]","[0.0, 0.0, 4.261057711119065e-06, 4.966666892869398e-05, -0.01669049821794033, 1.0, 0.016333334147930145, 4.261057711119065e-06, 0.0, 0.0, -0.9999986290931702, -0.016283666715025902, 0.0, 0.0]","[1.0, 0.0, 0.0, 0.8123567700386047, 0.0, 0.8431535959243774, 0.46207043528556824, 0.6913787722587585]",-2.7486557383423937
5.1999999999999895,185.14358520507812,56.95087432861328,16.3104305267334,-0.006317138671875,0.28570556640625,"[0.36713647842407227, 1.0, 0.06896395981311798, 0.9923852682113647]","[0.0, 0.0, 4.261057711119065e-06, 4.966666892869398e-05, -0.01669049821794033, 1.0, 0.016333334147930145, 4.261057711119065e-06, 0.0, 0.0, -0.9999986290931702, -0.016283666715025902, 0.0, 0.0]","[1.0, 0.0, 0.0, 0.8123567700386047, 0.0, 0.8431535959243774, 0.46207043528556824, 0.6913787722587585]",-2.5638063662894393
5.249999999999989,184.3312225341797,57.00442123413086,16.263870239257812,-0.005767822265625,0.24603271484375,"[0.3701919913291931, 1.0, 0.07049010694026947, 0.9876858592033386]","[0.0, 0.0, 4.261057711119065e-06, 4.966666892869398e-05, -0.01669049821794033, 1.0, 0.016333334147930145, 4.261057711119065e-06, 0.0, 0.0, -0.9999986290931702, -0.016283666715025902, 0.0, 0.0]","[1.0, 0.0, 0.0, 0.8123567700386047, 0.0, 0.8431535959243774, 0.46207043528556824, 0.6913787722587585]",-2.8493775572876383
5.299999999999989,183.521484375,57.05909729003906,16.211360931396484,-0.004608154296875,0.2261962890625,"[0.3736379146575928, 1.0, 0.0717657133936882, 0.9840854406356812]","[0.0, 0.0, 4.261057711119065e-06, 4.966666892869398e-05, -0.01669049821794033, 1.0, 0.016333334147930145, 4.261057711119065e-06, 0.0, 0.0, -0.9999986290931702, -0.016283666715025902, 0.0, 0.0]","[1.0, 0.0, 0.0, 0.8123567700386047, 0.0, 0.8431535959243774, 0.46207043528556824, 0.6913787722587585]",-3.085877961962426
5.349999999999989,182.71456909179688,57.11464309692383,16.154199600219727,-0.0028076171875,0.2261962890625,"[0.377389132976532, 1.0, 0.0700325220823288, 0.9832347631454468]","[0.0, 0.0, 4.261057711119065e-06, 4.966666892869398e-05, -0.01669049821794033, 1.0, 0.016333334147930145, 4.261057711119065e-06, 0.0, 0.0, -0.9999986290931702, -0.016283666715025902, 0.0, 0.0]","[1.0, 0.0, 0.0, 0.8123567700386047, 0.0, 0.8431535959243774, 0.46207043528556824, 0.6913787722587585]",-3.325654946158446
5.399999999999989,181.91065979003906,57.17073440551758,16.094289779663086,-0.000518798828125,0.2261962890625,"[0.38132065534591675, 1.0, 0.06504351645708084, 0.9827936887741089]","[0.0, 0.0, 4.261057711119065e-06, 4.966666892869398e-05, -0.01669049821794033, 1.0, 0.016333334147930145, 4.261057711119065e-06, 0.0, 0.0, -0.9999986290931702, -0.016283666715025902, 0.0, 0.0]","[1.0, 0.0, 0.0, 0.8123567700386047, 0.0, 0.8431535959243774, 0.46207043528556824, 0.6913787722587585]",-3.0073620155877228
5.449999999999989,181.1098175048828,57.22705078125,16.03278923034668,0.001678466796875,0.2261962890625,"[0.385356605052948, 1.0, 0.05907516926527023, 0.983252763748169]","[0.0, 0.0, 4.261057711119065e-06, 4.966666892869398e-05, -0.01669049821794033, 1.0, 0.016333334147930145, 4.261057711119065e-06, 0.0, 0.0, -0.9999986290931702, -0.016283666715025902, 0.0, 0.0]","[1.0, 0.0, 0.0, 0.8123567700386047, 0.0, 0.8431535959243774, 0.46207043528556824, 0.6913787722587585]",-3.245244196530143
5.4999999999999885,180.3120880126953,57.283260345458984,15.970419883728027,0.003692626953125,0.2261962890625,"[0.3894495964050293, 1.0, 0.05720615014433861, 0.9834732413291931]","[0.0, 0.0, 4.261057711119065e-06, 4.966666892869398e-05, -0.01669049821794033, 1.0, 0.016333334147930145, 4.261057711119065e-06, 0.0, 0.0, -0.9999986290931702, -0.016283666715025902, 0.0, 0.0]","[1.0, 0.0, 0.0, 0.8123567700386047, 0.0, 0.8431535959243774, 0.46207043528556824, 0.6913787722587585]",-3.405546183670298
5.549999999999988,179.5174560546875,57.33894348144531,15.907609939575195,0.006256103515625,0.2261962890625,"[0.3935714364051819, 1.0, 0.06735208630561829, 0.981143593788147]","[0.0, 0.0, 4.261057711119065e-06, 4.966666892869398e-05, -0.01669049821794033, 1.0, 0.016333334147930145, 4.261057711119065e-06, 0.0, 0.0, -0.9999986290931702, -0.016283666715025902, 0.0, 0.0]","[1.0, 0.0, 0.0, 0.8123567700386047, 0.0, 0.8431535959243774, 0.46207043528556824, 0.6913787722587585]",-3.587051253045848
5.599999999999988,178.7258758544922,57.39352035522461,15.844579696655273,0.010101318359375,0.2261962890625,"[0.3977077007293701, 1.0, 0.0815252810716629, 0.9768000841140747]","[0.0, 0.0, 4.261057711119065e-06, 4.966666892869398e-05, -0.01669049821794033, 1.0, 0.016333334147930145, 4.261057711119065e-06, 0.0, 0.0, -0.9999986290931702, -0.016283666715025902, 0.0, 0.0]","[1.0, 0.0, 0.0, 0.8123567700386047, 0.0, 0.8431535959243774, 0.46207043528556824, 0.6913787722587585]",-3.766327500000579
5.649999999999988,177.93736267089844,57.446224212646484,15.780929565429688,0.015106201171875,0.21826171875,"[0.4018847346305847, 1.0, 0.09946593642234802, 0.9730513095855713]","[0.0, 0.0, 4.261057711119065e-06, 4.966666892869398e-05, -0.01669049821794033, 1.0, 0.016333334147930145, 4.261057711119065e-06, 0.0, 0.0, -0.9999986290931702, -0.016283666715025902, 0.0, 0.0]","[1.0, 0.0, 0.0, 0.8123567700386047, 0.0, 0.8431535959243774, 0.46207043528556824, 0.6913787722587585]",-4.300662258084015
5.699999999999988,177.15188598632812,57.49620819091797,15.7153902053833,0.020904541015625,0.20000000298023224,"[0.40618574619293213, 1.0, 0.1209525316953659, 0.9698857069015503]","[0.0, 0.0, 4.261057711119065e-06, 4.966666892869398e-05, -0.01669049821794033, 1.0, 0.016333334147930145, 4.261057711119065e-06, 0.0, 0.0, -0.9999986290931702, -0.016283666715025902, 0.0, 0.0]","[1.0, 0.0, 0.0, 0.8123567700386047, 0.0, 0.8431535959243774, 0.46207043528556824, 0.6913787722587585]",-4.820344794026973
5.749999999999988,176.3695526123047,57.542537689208984,15.647529602050781,0.027252197265625,0.20000000298023224,"[0.41063904762268066, 1.0, 0.1447802186012268, 0.9674126505851746]","[0.0, 0.0, 4.261057711119065e-06, 4.966666892869398e-05, -0.01669049821794033, 1.0, 0.016333334147930145, 4.261057711119065e-06, 0.0, 0.0, -0.9999986290931702, -0.016283666715025902, 0.0, 0.0]","[1.0, 0.0, 0.0, 0.8123567700386047, 0.0, 0.8431535959243774, 0.46207043528556824, 0.6913787722587585]",-5.301642404982906
5.799999999999987,175.59039306640625,57.58415222167969,15.578020095825195,0.034271240234375,0.20000000298023224,"[0.41520053148269653, 1.0, 0.17055033147335052, 0.9648783802986145]","[0.0, 0.0, 4.261057711119065e-06, 4.966666892869398e-05, -0.01669049821794033, 1.0, 0.016333334147930145, 4.261057711119065e-06, 0.0, 0.0, -0.9999986290931702, -0.016283666715025902, 0.0, 0.0]","[1.0, 0.0, 0.0, 0.8123567700386047, 0.0, 0.8431535959243774, 0.46207043528556824, 0.6913787722587585]",-5.4403487412277105
5.849999999999987,174.81448364257812,57.61986541748047,15.507060050964355,0.042144775390625,0.20000000298023224,"[0.41985732316970825, 1.0, 0.1990351676940918, 0.9617899656295776]","[0.0, 0.0, 4.261057711119065e-06, 4.966666892869398e-05, -0.01669049821794033, 1.0, 0.016333334147930145, 4.261057711119065e-06, 0.0, 0.0, -0.9999986290931702, -0.016283666715025902, 0.0, 0.0]","[1.0, 0.0, 0.0, 0.8123567700386047, 0.0, 0.8431535959243774, 0.46207043528556824, 0.6913787722587585]",-5.881917815264075
5.899999999999987,174.0419158935547,57.6483154296875,15.434510231018066,0.051483154296875,0.20000000298023224,"[0.42461836338043213, 1.0, 0.23206458985805511, 0.956968367099762]","[0.0, 0.0, 4.261057711119065e-06, 4.966666892869398e-05, -0.01669049821794033, 1.0, 0.016333334147930145, 4.261057711119065e-06, 0.0, 0.0, -0.9999986290931702, -0.016283666715025902, 0.0, 0.0]","[1.0, 0.0, 0.0, 0.8123567700386047, 0.0, 0.8431535959243774, 0.46207043528556824, 0.6913787722587585]",-6.33442472103192
5.949999999999987,173.27279663085938,57.667991638183594,15.360090255737305,0.061859130859375,0.20000000298023224,"[0.42950206995010376, 1.0, 0.26694634556770325, 0.9537907838821411]","[0.0, 0.0, 4.261057711119065e-06, 4.966666892869398e-05, -0.01669049821794033, 1.0, 0.016333334147930145, 4.261057711119065e-06, 0.0, 0.0, -0.9999986290931702, -0.016283666715025902, 0.0, 0.0]","[1.0, 0.0, 0.0, 0.8123567700386047, 0.0, 0.8431535959243774, 0.46207043528556824, 0.6913787722587585]",-6.8046274665490785
5.999999999999987,172.50726318359375,57.67736053466797,15.283610343933105,0.072418212890625,0.20000000298023224,"[0.4345211386680603, 1.0, 0.2973349094390869, 0.952994167804718]","[0.0, 0.0, 4.261057711119065e-06, 4.966666892869398e-05, -0.01669049821794033, 1.0, 0.016333334147930145, 4.261057711119065e-06, 0.0, 0.0, -0.9999986290931702, -0.016283666715025902, 0.0, 0.0]","[1.0, 0.0, 0.0, 0.8123567700386047, 0.0, 0.8431535959243774, 0.46207043528556824, 0.6913787722587585]",-7.012098968932165
6.0499999999999865,171.74563598632812,57.67479705810547,15.204580307006836,0.083831787109375,0.20000000298023224,"[0.4397073984146118, 1.0, 0.33028262853622437, 0.9498249888420105]","[0.0, 0.0, 4.261057711119065e-06, 4.966666892869398e-05, -0.01669049821794033, 1.0, 0.016333334147930145, 4.261057711119065e-06, 0.0, 0.0, -0.9999986290931702, -0.016283666715025902, 0.0, 0.0]","[1.0, 0.0, 0.0, 0.8123567700386047, 0.0, 0.8431535959243774, 0.46207043528556824, 0.6913787722587585]",-7.489148502411881
6.099999999999986,170.98829650878906,57.658504486083984,15.12205982208252,0.09710693359375,0.20000000298023224,"[0.44512277841567993, 1.0, 0.36797666549682617, 0.9441379904747009]","[0.0, 0.0, 4.261057711119065e-06, 4.966666892869398e-05, -0.01669049821794033, 1.0, 0.016333334147930145, 4.261057711119065e-06, 0.0, 0.0, -0.9999986290931702, -0.016283666715025902, 0.0, 0.0]","[1.0, 0.0, 0.0, 0.8123567700386047, 0.0, 0.8431535959243774, 0.46207043528556824, 0.6913787722587585]",-7.95005007897913
6.149999999999986,170.23585510253906,57.62635040283203,15.034159660339355,0.1142578125,0.20000000298023224,"[0.4508911967277527, 1.0, 0.41471782326698303, 0.9334678649902344]","[0.0, 0.0, 4.261057711119065e-06, 4.966666892869398e-05, -0.01669049821794033, 1.0, 0.016333334147930145, 4.261057711119065e-06, 0.0, 0.0, -0.9999986290931702, -0.016283666715025902, 0.0, 0.0]","[1.0, 0.0, 0.0, 0.8123567700386047, 0.0, 0.8431535959243774, 0.46207043528556824, 0.6913787722587585]",-8.402634550015035
6.199999999999986,169.48907470703125,57.57613754272461,14.939929962158203,0.132659912109375,0.20000000298023224,"[0.4570748805999756, 1.0, 0.4623745083808899, 0.9307547211647034]","[0.0, 0.0, 4.261057711119065e-06, 4.966666892869398e-05, -0.01669049821794033, 1.0, 0.016333334147930145, 4.261057711119065e-06, 0.0, 0.0, -0.9999986290931702, -0.016283666715025902, 0.0, 0.0]","[1.0, 0.0, 0.0, 0.8123567700386047, 0.0, 0.8431535959243774, 0.46207043528556824, 0.6913787722587585]",-8.529335252263238
6.249999999999986,168.74903869628906,57.50578308105469,14.838959693908691,0.15087890625,0.20000000298023224,"[0.463701069355011, 1.0, 0.5085468292236328, 0.9304996132850647]","[0.0, 0.0, 4.261057711119065e-06, 4.966666892869398e-05, -0.01669049821794033, 1.0, 0.016333334147930145, 4.261057711119065e-06, 0.0, 0.0, -0.9999986290931702, -0.016283666715025902, 0.0, 0.0]","[1.0, 0.0, 0.0, 0.8123567700386047, 0.0, 0.8431535959243774, 0.46207043528556824, 0.6913787722587585]",-8.93562734625898
6.299999999999986,168.0168914794922,57.41332244873047,14.73073959350586,0.1688232421875,0.20000000298023224,"[0.470802903175354, 1.0, 0.5539103150367737, 0.9295555949211121]","[0.0, 0.0, 4.261057711119065e-06, 4.966666892869398e-05, -0.01669049821794033, 1.0, 0.016333334147930145, 4.261057711119065e-06, 0.0, 0.0, -0.9999986290931702, -0.016283666715025902, 0.0, 0.0]","[1.0, 0.0, 0.0, 0.8123567700386047, 0.0, 0.8431535959243774, 0.46207043528556824, 0.6913787722587585]",-9.3297137864544
6.349999999999985,167.29408264160156,57.29691696166992,14.615059852600098,0.1859130859375,0.20000000298023224,"[0.47839438915252686, 1.0, 0.5971318483352661, 0.9297475814819336]","[0.0, 0.0, 4.261057711119065e-06, 4.966666892869398e-05, -0.01669049821794033, 1.0, 0.016333334147930145, 4.261057711119065e-06, 0.0, 0.0, -0.9999986290931702, -0.016283666715025902, 0.0, 0.0]","[1.0, 0.0, 0.0, 0.8123567700386047, 0.0, 0.8431535959243774, 0.46207043528556824, 0.6913787722587585]",-9.694528878079293
6.399999999999985,166.58226013183594,57.154788970947266,14.489839553833008,0.20526123046875,0.20000000298023224,"[0.48661184310913086, 1.0, 0.6184439659118652, 0.9227846264839172]","[0.0, 0.0, 4.261057711119065e-06, 4.966666892869398e-05, -0.01669049821794033, 1.0, 0.016333334147930145, 4.261057711119065e-06, 0.0, 0.0, -0.9999986290931702, -0.016283666715025902, 0.0, 0.0]","[1.0, 0.0, 0.0, 0.8123567700386047, 0.0, 0.8431535959243774, 0.46207043528556824, 0.6913787722587585]",-9.692160769969693
6.449999999999985,165.8834686279297,56.98527145385742,14.353890419006348,0.2257080078125,0.20000000298023224,"[0.49553346633911133, 1.0, 0.6258544921875, 0.9191558361053467]","[0.0, 0.0, 4.261057711119065e-06, 4.966666892869398e-05, -0.01669049821794033, 1.0, 0.016333334147930145, 4.261057711119065e-06, 0.0, 0.0, -0.9999986290931702, -0.016283666715025902, 0.0, 0.0]","[1.0, 0.0, 0.0, 0.8123567700386047, 0.0, 0.8431535959243774, 0.46207043528556824, 0.6913787722587585]",-10.017043682591394
6.499999999999985,165.19998168945312,56.787025451660156,14.207329750061035,0.24530029296875,0.20000000298023224,"[0.5051514506340027, 1.0, 0.6329600214958191, 0.9189102053642273]","[0.0, 0.0, 4.261057711119065e-06, 4.966666892869398e-05, -0.01669049821794033, 1.0, 0.016333334147930145, 4.261057711119065e-06, 0.0, 0.0, -0.9999986290931702, -0.016283666715025902, 0.0, 0.0]","[1.0, 0.0, 0.0, 0.8123567700386047, 0.0, 0.8431535959243774, 0.46207043528556824, 0.6913787722587585]",-10.315821766923428
6.549999999999985,164.53399658203125,56.55924987792969,14.052680015563965,0.260467529296875,0.20000000298023224,"[0.5153002738952637, 1.0, 0.6377336382865906, 0.9241896867752075]","[0.0, 0.0, 4.261057711119065e-06, 4.966666892869398e-05, -0.01669049821794033, 1.0, 0.016333334147930145, 4.261057711119065e-06, 0.0, 0.0, -0.9999986290931702, -0.016283666715025902, 0.0, 0.0]","[1.0, 0.0, 0.0, 0.8123567700386047, 0.0, 0.8431535959243774, 0.46207043528556824, 0.6913787722587585]",-10.593888028925685
6.5999999999999845,163.88771057128906,56.30168914794922,13.89346981048584,0.269439697265625,0.20000000298023224,"[0.5257483720779419, 1.0, 0.6393015384674072, 0.9311128258705139]","[0.0, 0.0, 4.261057711119065e-06, 4.966666892869398e-05, -0.01669049821794033, 1.0, 0.016333334147930145, 4.261057711119065e-06, 0.0, 0.0, -0.9999986290931702, -0.016283666715025902, 0.0, 0.0]","[1.0, 0.0, 0.0, 0.8123567700386047, 0.0, 0.8431535959243774, 0.46207043528556824, 0.6913787722587585]",-10.843129785588271
6.649999999999984,163.26315307617188,56.014427185058594,13.730899810791016,0.275482177734375,0.20000000298023224,"[0.5364168882369995, 1.0, 0.6397630572319031, 0.9327844977378845]","[0.0, 0.0, 4.261057711119065e-06, 4.966666892869398e-05, -0.01669049821794033, 1.0, 0.016333334147930145, 4.261057711119065e-06, 0.0, 0.0, -0.9999986290931702, -0.016283666715025902, 0.0, 0.0]","[1.0, 0.0, 0.0, 0.8123567700386047, 0.0, 0.8431535959243774, 0.46207043528556824, 0.6913787722587585]",-10.637327032967967
6.699999999999984,162.66246032714844,55.69786071777344,13.564680099487305,0.281219482421875,0.20000000298023224,"[0.5473250150680542, 1.0, 0.640600860118866, 0.931341826915741]","[0.0, 0.0, 4.261057711119065e-06, 4.966666892869398e-05, -0.01669049821794033, 1.0, 0.016333334147930145, 4.261057711119065e-06, 0.0, 0.0, -0.9999986290931702, -0.016283666715025902, 0.0, 0.0]","[1.0, 0.0, 0.0, 0.8123567700386047, 0.0, 0.8431535959243774, 0.46207043528556824, 0.6913787722587585]",-10.801120122846314
6.749999999999984,162.08770751953125,55.35267639160156,13.395750045776367,0.28570556640625,0.20000000298023224,"[0.5584108829498291, 1.0, 0.6410452723503113, 0.9315458536148071]","[0.0, 0.0, 4.261057711119065e-06, 4.966666892869398e-05, -0.01669049821794033, 1.0, 0.016333334147930145, 4.261057711119065e-06, 0.0, 0.0, -0.9999986290931702, -0.016283666715025902, 0.0, 0.0]","[1.0, 0.0, 0.0, 0.8123567700386047, 0.0, 0.8431535959243774, 0.46207043528556824, 0.6913787722587585]",-10.913949440914712
6.799999999999984,161.541015625,54.97987365722656,13.223529815673828,0.29144287109375,0.20000000298023224,"[0.56971275806427, 1.0, 0.6424769163131714, 0.9289181232452393]","[0.0, 0.0, 4.261057711119065e-06, 4.966666892869398e-05, -0.01669049821794033, 1.0, 0.016333334147930145, 4.261057711119065e-06, 0.0, 0.0, -0.9999986290931702, -0.016283666715025902, 0.0, 0.0]","[1.0, 0.0, 0.0, 0.8123567700386047, 0.0, 0.8431535959243774, 0.46207043528556824, 0.6913787722587585]",-10.995692225417491
6.849999999999984,161.02430725097656,54.58061218261719,13.062459945678711,0.29766845703125,0.20000000298023224,"[0.5802829265594482, 1.0, 0.6318246126174927, 0.9388849139213562]","[0.0, 0.0, 4.261057711119065e-06, 4.966666892869398e-05, -0.01669049821794033, 1.0, 0.016333334147930145, 4.261057711119065e-06, 0.0, 0.0, -0.9999986290931702, -0.016283666715025902, 0.0, 0.0]","[1.0, 0.0, 0.0, 0.8123567700386047, 0.0, 0.8431535959243774, 0.46207043528556824, 0.6913787722587585]",-10.581726304451523
6.8999999999999835,160.53839111328125,54.15537643432617,12.923259735107422,0.30181884765625,0.20000000298023224,"[0.5894178748130798, 1.0, 0.612494945526123, 0.9479576349258423]","[0.0, 0.0, 4.261057711119065e-06, 4.966666892869398e-05, -0.01669049821794033, 1.0, 0.016333334147930145, 4.261057711119065e-06, 0.0, 0.0, -0.9999986290931702, -0.016283666715025902, 0.0, 0.0]","[1.0, 0.0, 0.0, 0.8123567700386047, 0.0, 0.8431535959243774, 0.46207043528556824, 0.6913787722587585]",-10.640597305821451
6.949999999999983,160.08450317382812,53.70572280883789,12.789999961853027,0.3026123046875,0.20000000298023224,"[0.5981629490852356, 1.0, 0.6077771186828613, 0.9383085370063782]","[0.0, 0.0, 4.261057711119065e-06, 4.966666892869398e-05, -0.01669049821794033, 1.0, 0.016333334147930145, 4.261057711119065e-06, 0.0, 0.0, -0.9999986290931702, -0.016283666715025902, 0.0, 0.0]","[1.0, 0.0, 0.0, 0.8123567700386047, 0.0, 0.8431535959243774, 0.46207043528556824, 0.6913787722587585]",-10.671850503393497
6.999999999999983,159.6678009033203,53.24001693725586,12.444470405578613,0.301025390625,0.20000000298023224,"[0.6208381652832031, 1.0, 0.7955832481384277, 0.6648257374763489]","[0.0, 0.0, 4.261057711119065e-06, 4.966666892869398e-05, -0.01669049821794033, 1.0, 0.016333334147930145, 4.261057711119065e-06, 0.0, 0.0, -0.9999986290931702, -0.016283666715025902, 0.0, 0.0]","[1.0, 0.0, 0.0, 0.8123567700386047, 0.0, 0.8431535959243774, 0.46207043528556824, 0.6913787722587585]",-10.889172129228156
7.049999999999983,159.29006958007812,52.761322021484375,12.164409637451172,0.29827880859375,0.20000000298023224,"[0.6392170190811157, 1.0, 0.7383617758750916, 0.9291953444480896]","[0.0, 0.0, 4.261057711119065e-06, 4.966666892869398e-05, -0.01669049821794033, 1.0, 0.016333334147930145, 4.261057711119065e-06, 0.0, 0.0, -0.9999986290931702, -0.016283666715025902, 0.0, 0.0]","[1.0, 0.0, 0.0, 0.8123567700386047, 0.0, 0.8431535959243774, 0.46207043528556824, 0.6913787722587585]",-11.023497147332215
7.099999999999983,158.95054626464844,52.2702522277832,11.922900199890137,0.293426513671875,0.20000000298023224,"[0.6550658941268921, 1.0, 0.7066760659217834, 0.9300236701965332]","[0.0, 0.0, 4.261057711119065e-06, 4.966666892869398e-05, -0.01669049821794033, 1.0, 0.016333334147930145, 4.261057711119065e-06, 0.0, 0.0, -0.9999986290931702, -0.016283666715025902, 0.0, 0.0]","[1.0, 0.0, 0.0, 0.8123567700386047, 0.0, 0.8431535959243774, 0.46207043528556824, 0.6913787722587585]",-11.307286515058642
7.149999999999983,158.64849853515625,51.76810836791992,11.711529731750488,0.287109375,0.2023773193359375,"[0.6689369678497314, 1.0, 0.6833617687225342, 0.9280295968055725]","[0.0, 0.0, 4.261057711119065e-06, 4.966666892869398e-05, -0.01669049821794033, 1.0, 0.016333334147930145, 4.261057711119065e-06, 0.0, 0.0, -0.9999986290931702, -0.016283666715025902, 0.0, 0.0]","[1.0, 0.0, 0.0, 0.8123567700386047, 0.0, 0.8431535959243774, 0.46207043528556824, 0.6913787722587585]",-11.583944309802742
7.199999999999982,158.38302612304688,51.25648498535156,11.528599739074707,0.278289794921875,0.26190185546875,"[0.6809417009353638, 1.0, 0.6621934175491333, 0.9266113042831421]","[0.0, 0.0, 4.261057711119065e-06, 4.966666892869398e-05, -0.01669049821794033, 1.0, 0.016333334147930145, 4.261057711119065e-06, 0.0, 0.0, -0.9999986290931702, -0.016283666715025902, 0.0, 0.0]","[1.0, 0.0, 0.0, 0.8123567700386047, 0.0, 0.8431535959243774, 0.46207043528556824, 0.6913787722587585]",-11.844544007828627
7.249999999999982,158.15286254882812,50.73678970336914,11.37753963470459,0.26727294921875,0.3372955322265625,"[0.6908549070358276, 1.0, 0.6383187174797058, 0.9274114966392517]","[0.0, 0.0, 4.261057711119065e-06, 4.966666892869398e-05, -0.01669049821794033, 1.0, 0.016333334147930145, 4.261057711119065e-06, 0.0, 0.0, -0.9999986290931702, -0.016283666715025902, 0.0, 0.0]","[1.0, 0.0, 0.0, 0.8123567700386047, 0.0, 0.8431535959243774, 0.46207043528556824, 0.6913787722587585]",-11.89485777395019
7.299999999999982,157.95626831054688,50.2101936340332,11.2610502243042,0.253692626953125,0.400787353515625,"[0.6984995007514954, 1.0, 0.6119942665100098, 0.9267618656158447]","[0.0, 0.0, 4.261057711119065e-06, 4.966666892869398e-05, -0.01669049821794033, 1.0, 0.016333334147930145, 4.261057711119065e-06, 0.0, 0.0, -0.9999986290931702, -0.016283666715025902, 0.0, 0.0]","[1.0, 0.0, 0.0, 0.8123567700386047, 0.0, 0.8431535959243774, 0.46207043528556824, 0.6913787722587585]",-12.108240120537848
7.349999999999982,157.79098510742188,49.67757797241211,11.181229591369629,0.23468017578125,0.444427490234375,"[0.7037376761436462, 1.0, 0.5833573937416077, 0.9205434918403625]","[0.0, 0.0, 4.261057711119065e-06, 4.966666892869398e-05, -0.01669049821794033, 1.0, 0.016333334147930145, 4.261057711119065e-06, 0.0, 0.0, -0.9999986290931702, -0.016283666715025902, 0.0, 0.0]","[1.0, 0.0, 0.0, 0.8123567700386047, 0.0, 0.8431535959243774, 0.46207043528556824, 0.6913787722587585]",-12.3001038022324
7.399999999999982,157.65419006347656,49.13969039916992,11.131950378417969,0.210113525390625,0.4682464599609375,"[0.7069715857505798, 1.0, 0.5568857192993164, 0.9126536250114441]","[0.0, 0.0, 4.261057711119065e-06, 4.966666892869398e-05, -0.01669049821794033, 1.0, 0.016333334147930145, 4.261057711119065e-06, 0.0, 0.0, -0.9999986290931702, -0.016283666715025902, 0.0, 0.0]","[1.0, 0.0, 0.0, 0.8123567700386047, 0.0, 0.8431535959243774, 0.46207043528556824, 0.6913787722587585]",-12.48276411685735
7.4499999999999815,157.54257202148438,48.59714126586914,11.113889694213867,0.18182373046875,0.4960174560546875,"[0.7081568241119385, 1.0, 0.4684430658817291, 0.9070894122123718]","[0.0, 0.0, 4.261057711119065e-06, 4.966666892869398e-05, -0.01669049821794033, 1.0, 0.016333334147930145, 4.261057711119065e-06, 0.0, 0.0, -0.9999986290931702, -0.016283666715025902, 0.0, 0.0]","[1.0, 0.0, 0.0, 0.8123567700386047, 0.0, 0.8431535959243774, 0.46207043528556824, 0.6913787722587585]",-12.437978387581914
7.499999999999981,157.4523468017578,48.050628662109375,11.11439037322998,0.150665283203125,0.5078125,"[0.7081239223480225, 1.0, 0.3770122826099396, 0.9012078046798706]","[0.0, 0.0, 4.261057711119065e-06, 4.966666892869398e-05, -0.01669049821794033, 1.0, 0.016333334147930145, 4.261057711119065e-06, 0.0, 0.0, -0.9999986290931702, -0.016283666715025902, 0.0, 0.0]","[1.0, 0.0, 0.0, 0.8123567700386047, 0.0, 0.8431535959243774, 0.46207043528556824, 0.6913787722587585]",-12.624516945999229
7.549999999999981,157.37982177734375,47.50060272216797,11.122819900512695,0.117095947265625,0.52734375,"[0.7075707912445068, 1.0, 0.3140198588371277, 0.906274676322937]","[0.0, 0.0, 4.261057711119065e-06, 4.966666892869398e-05, -0.01669049821794033, 1.0, 0.016333334147930145, 4.261057711119065e-06, 0.0, 0.0, -0.9999986290931702, -0.016283666715025902, 0.0, 0.0]","[1.0, 0.0, 0.0, 0.8123567700386047, 0.0, 0.8431535959243774, 0.46207043528556824, 0.6913787722587585]",-12.817851711811997
7.599999999999981,157.32119750976562,46.947181701660156,11.1602201461792,0.083831787109375,0.56640625,"[0.7051163911819458, 1.0, 0.2700536251068115, 0.8939517736434937]","[0.0, 0.0, 4.261057711119065e-06, 4.966666892869398e-05, -0.01669049821794033, 1.0, 0.016333334147930145, 4.261057711119065e-06, 0.0, 0.0, -0.9999986290931702, -0.016283666715025902, 0.0, 0.0]","[1.0, 0.0, 0.0, 0.8123567700386047, 0.0, 0.8431535959243774, 0.46207043528556824, 0.6913787722587585]",-13.012921090870277
7.649999999999981,157.27333068847656,46.39053726196289,11.19832992553711,0.0574951171875,0.59765625,"[0.70261549949646, 1.0, 0.2175454944372177, 0.9209766983985901]","[0.0, 0.0, 4.261057711119065e-06, 4.966666892869398e-05, -0.01669049821794033, 1.0, 0.016333334147930145, 4.261057711119065e-06, 0.0, 0.0, -0.9999986290931702, -0.016283666715025902, 0.0, 0.0]","[1.0, 0.0, 0.0, 0.8123567700386047, 0.0, 0.8431535959243774, 0.46207043528556824, 0.6913787722587585]",-12.982544832993163
7.699999999999981,157.23385620117188,45.83054733276367,11.251399993896484,0.041290283203125,0.6171875,"[0.6991328001022339, 1.0, 0.19623515009880066, 0.9396867156028748]","[0.0, 0.0, 4.261057711119065e-06, 4.966666892869398e-05, -0.01669049821794033, 1.0, 0.016333334147930145, 4.261057711119065e-06, 0.0, 0.0, -0.9999986290931702, -0.016283666715025902, 0.0, 0.0]","[1.0, 0.0, 0.0, 0.8123567700386047, 0.0, 0.8431535959243774, 0.46207043528556824, 0.6913787722587585]",-13.190158587903808
7.7499999999999805,157.20130920410156,45.26700973510742,11.314470291137695,0.03271484375,0.62890625,"[0.6949938535690308, 1.0, 0.17800043523311615, 0.9580554366111755]","[0.0, 0.0, 4.261057711119065e-06, 4.966666892869398e-05, -0.01669049821794033, 1.0, 0.016333334147930145, 4.261057711119065e-06, 0.0, 0.0, -0.9999986290931702, -0.016283666715025902, 0.0, 0.0]","[1.0, 0.0, 0.0, 0.8123567700386047, 0.0, 0.8431535959243774, 0.46207043528556824, 0.6913787722587585]",-13.40507350689696
7.79999999999998,157.17465209960938,44.69963836669922,11.386910438537598,0.029327392578125,0.640625,"[0.6902399659156799, 1.0, 0.1701933890581131, 0.9690559506416321]","[0.0, 0.0, 4.261057711119065e-06, 4.966666892869398e-05, -0.01669049821794033, 1.0, 0.016333334147930145, 4.261057711119065e-06, 0.0, 0.0, -0.9999986290931702, -0.016283666715025902, 0.0, 0.0]","[1.0, 0.0, 0.0, 0.8123567700386047, 0.0, 0.8431535959243774, 0.46207043528556824, 0.6913787722587585]",-13.63246519622151
7.84999999999998,157.1531524658203,44.128135681152344,11.467379570007324,0.028289794921875,0.64453125,"[0.6849592328071594, 1.0, 0.16516044735908508, 0.9725059270858765]","[0.0, 0.0, 4.261057711119065e-06, 4.966666892869398e-05, -0.01669049821794033, 1.0, 0.016333334147930145, 4.261057711119065e-06, 0.0, 0.0, -0.9999986290931702, -0.016283666715025902, 0.0, 0.0]","[1.0, 0.0, 0.0, 0.8123567700386047, 0.0, 0.8431535959243774, 0.46207043528556824, 0.6913787722587585]",-13.66036685069201
7.89999999999998,157.135986328125,43.55226516723633,11.553759574890137,0.02569580078125,0.6484375,"[0.6792905926704407, 1.0, 0.15603385865688324, 0.9712384343147278]","[0.0, 0.0, 4.261057711119065e-06, 4.966666892869398e-05, -0.01669049821794033, 1.0, 0.016333334147930145, 4.261057711119065e-06, 0.0, 0.0, -0.9999986290931702, -0.016283666715025902, 0.0, 0.0]","[1.0, 0.0, 0.0, 0.8123567700386047, 0.0, 0.8431535959243774, 0.46207043528556824, 0.6913787722587585]",-13.941753207157152
7.94999999999998,157.1220703125,42.97183609008789,11.64463996887207,0.019073486328125,0.6484375,"[0.6733266115188599, 1.0, 0.13647471368312836, 0.9616677165031433]","[0.0, 0.0, 4.261057711119065e-06, 4.966666892869398e-05, -0.01669049821794033, 1.0, 0.016333334147930145, 4.261057711119065e-06, 0.0, 0.0, -0.9999986290931702, -0.016283666715025902, 0.0, 0.0]","[1.0, 0.0, 0.0, 0.8123567700386047, 0.0, 0.8431535959243774, 0.46207043528556824, 0.6913787722587585]",-14.245886639228871
7.99999999999998,157.11021423339844,42.386722564697266,11.73820972442627,0.010467529296875,0.6484375,"[0.6671861410140991, 1.0, 0.11503472179174423, 0.9615424275398254]","[0.0, 0.0, 4.261057711119065e-06, 4.966666892869398e-05, -0.01669049821794033, 1.0, 0.016333334147930145, 4.261057711119065e-06, 0.0, 0.0, -0.9999986290931702, -0.016283666715025902, 0.0, 0.0]","[1.0, 0.0, 0.0, 0.8123567700386047, 0.0, 0.8431535959243774, 0.46207043528556824, 0.6913787722587585]",-14.573958951877458
8.04999999999998,157.0996856689453,41.7968635559082,11.833319664001465,0.004302978515625,0.6484375,"[0.6609445810317993, 1.0, 0.10046286135911942, 0.9699221849441528]","[0.0, 0.0, 4.261057711119065e-06, 4.966666892869398e-05, -0.01669049821794033, 1.0, 0.016333334147930145, 4.261057711119065e-06, 0.0, 0.0, -0.9999986290931702, -0.016283666715025902, 0.0, 0.0]","[1.0, 0.0, 0.0, 0.8123567700386047, 0.0, 0.8431535959243774, 0.46207043528556824, 0.6913787722587585]",-14.742182787879134
8.09999999999998,157.09011840820312,41.202205657958984,11.929340362548828,0.002044677734375,0.6484375,"[0.6546432971954346, 1.0, 0.0966167002916336, 0.9817730188369751]","[0.0, 0.0, 4.261057711119065e-06, 4.966666892869398e-05, -0.01669049821794033, 1.0, 0.016333334147930145, 4.261057711119065e-06, 0.0, 0.0, -0.9999986290931702, -0.016283666715025902, 0.0, 0.0]","[1.0, 0.0, 0.0, 0.8123567700386047, 0.0, 0.8431535959243774, 0.46207043528556824, 0.6913787722587585]",-15.10222040342531
8.14999999999998,157.08140563964844,40.602745056152344,12.02595043182373,0.001953125,0.6484375,"[0.6483033299446106, 1.0, 0.095391646027565, 0.9842569828033447]","[0.0, 0.0, 4.261057711119065e-06, 4.966666892869398e-05, -0.01669049821794033, 1.0, 0.016333334147930145, 4.261057711119065e-06, 0.0, 0.0, -0.9999986290931702, -0.016283666715025902, 0.0, 0.0]","[1.0, 0.0, 0.0, 0.8123567700386047, 0.0, 0.8431535959243774, 0.46207043528556824, 0.6913787722587585]",-15.474578684967774
8.199999999999982,157.07337951660156,39.99846267700195,12.122639656066895,0.001953125,0.6484375,"[0.6419581174850464, 1.0, 0.09377099573612213, 0.9851152896881104]","[0.0, 0.0, 4.261057711119065e-06, 4.966666892869398e-05, -0.01669049821794033, 1.0, 0.016333334147930145, 4.261057711119065e-06, 0.0, 0.0, -0.9999986290931702, -0.016283666715025902, 0.0, 0.0]","[1.0, 0.0, 0.0, 0.8123567700386047, 0.0, 0.8431535959243774, 0.46207043528556824, 0.6913787722587585]",-15.858483110833298
8.249999999999982,157.0658721923828,39.38935852050781,12.2193603515625,0.0020751953125,0.6484375,"[0.6356108784675598, 1.0, 0.09180000424385071, 0.9847726225852966]","[0.0, 0.0, 4.261057711119065e-06, 4.966666892869398e-05, -0.01669049821794033, 1.0, 0.016333334147930145, 4.261057711119065e-06, 0.0, 0.0, -0.9999986290931702, -0.016283666715025902, 0.0, 0.0]","[1.0, 0.0, 0.0, 0.8123567700386047, 0.0, 0.8431535959243774, 0.46207043528556824, 0.6913787722587585]",-16.07507632949851
8.299999999999983,157.0587921142578,38.77544403076172,12.315939903259277,0.002349853515625,0.6484375,"[0.6292729377746582, 1.0, 0.09162549674510956, 0.985777735710144]","[0.0, 0.0, 4.261057711119065e-06, 4.966666892869398e-05, -0.01669049821794033, 1.0, 0.016333334147930145, 4.261057711119065e-06, 0.0, 0.0, -0.9999986290931702, -0.016283666715025902, 0.0, 0.0]","[1.0, 0.0, 0.0, 0.8123567700386047, 0.0, 0.8431535959243774, 0.46207043528556824, 0.6913787722587585]",-16.467400245965088
8.349999999999984,157.05206298828125,38.15671157836914,12.412420272827148,0.00225830078125,0.6484375,"[0.6229414343833923, 1.0, 0.08988527208566666, 0.9851434826850891]","[0.0, 0.0, 4.261057711119065e-06, 4.966666892869398e-05, -0.01669049821794033, 1.0, 0.016333334147930145, 4.261057711119065e-06, 0.0, 0.0, -0.9999986290931702, -0.016283666715025902, 0.0, 0.0]","[1.0, 0.0, 0.0, 0.8123567700386047, 0.0, 0.8431535959243774, 0.46207043528556824, 0.6913787722587585]",-16.870046351187092
8.399999999999984,157.0454864501953,37.53317642211914,12.50868034362793,0.001129150390625,0.6484375,"[0.6166244149208069, 1.0, 0.08656132221221924, 0.983169674873352]","[0.0, 0.0, 4.261057711119065e-06, 4.966666892869398e-05, -0.01669049821794033, 1.0, 0.016333334147930145, 4.261057711119065e-06, 0.0, 0.0, -0.9999986290931702, -0.016283666715025902, 0.0, 0.0]","[1.0, 0.0, 0.0, 0.8123567700386047, 0.0, 0.8431535959243774, 0.46207043528556824, 0.6913787722587585]",-17.281581619246516
8.449999999999985,157.03895568847656,36.904842376708984,12.604789733886719,-3.0517578125e-05,0.6484375,"[0.6103172302246094, 1.0, 0.08644087612628937, 0.9833091497421265]","[0.0, 0.0, 4.261057711119065e-06, 4.966666892869398e-05, -0.01669049821794033, 1.0, 0.016333334147930145, 4.261057711119065e-06, 0.0, 0.0, -0.9999986290931702, -0.016283666715025902, 0.0, 0.0]","[1.0, 0.0, 0.0, 0.8123567700386047, 0.0, 0.8431535959243774, 0.46207043528556824, 0.6913787722587585]",-17.511268446702463
8.499999999999986,157.0323944091797,36.27177047729492,12.69845962524414,-0.000518798828125,0.62109375,"[0.6041702032089233, 1.0, 0.08485713601112366, 0.9841479063034058]","[0.0, 0.0, 4.261057711119065e-06, 4.966666892869398e-05, -0.01669049821794033, 1.0, 0.016333334147930145, 4.261057711119065e-06, 0.0, 0.0, -0.9999986290931702, -0.016283666715025902, 0.0, 0.0]","[1.0, 0.0, 0.0, 0.8123567700386047, 0.0, 0.8431535959243774, 0.46207043528556824, 0.6913787722587585]",-17.92547230824554
8.549999999999986,157.02581787109375,35.63422393798828,12.785320281982422,-0.0003662109375,0.5859375,"[0.5984700918197632, 1.0, 0.0779261440038681, 0.9793289303779602]","[0.0, 0.0, 4.261057711119065e-06, 4.966666892869398e-05, -0.01669049821794033, 1.0, 0.016333334147930145, 4.261057711119065e-06, 0.0, 0.0, -0.9999986290931702, -0.016283666715025902, 0.0, 0.0]","[1.0, 0.0, 0.0, 0.8123567700386047, 0.0, 0.8431535959243774, 0.46207043528556824, 0.6913787722587585]",-18.347295944326728
8.599999999999987,157.01922607421875,34.99269485473633,12.86061954498291,-0.000152587890625,0.53515625,"[0.5935286283493042, 1.0, 0.06721889972686768, 0.975550651550293]","[0.0, 0.0, 4.261057711119065e-06, 4.966666892869398e-05, -0.01669049821794033, 1.0, 0.016333334147930145, 4.261057711119065e-06, 0.0, 0.0, -0.9999986290931702, -0.016283666715025902, 0.0, 0.0]","[1.0, 0.0, 0.0, 0.8123567700386047, 0.0, 0.8431535959243774, 0.46207043528556824, 0.6913787722587585]",-18.775845477971966
8.649999999999988,157.0126495361328,34.34788513183594,12.92078971862793,0.000152587890625,0.4920501708984375,"[0.5895799398422241, 1.0, 0.05334373563528061, 0.9734870791435242]","[0.0, 0.0, 4.261057711119065e-06, 4.966666892869398e-05, -0.01669049821794033, 1.0, 0.016333334147930145, 4.261057711119065e-06, 0.0, 0.0, -0.9999986290931702, -0.016283666715025902, 0.0, 0.0]","[1.0, 0.0, 0.0, 0.8123567700386047, 0.0, 0.8431535959243774, 0.46207043528556824, 0.6913787722587585]",-19.00950416311657
8.699999999999989,157.006103515625,33.70055389404297,12.966779708862305,0.000732421875,0.4801483154296875,"[0.586561918258667, 1.0, 0.04188087582588196, 0.9762293696403503]","[0.0, 0.0, 4.261057711119065e-06, 4.966666892869398e-05, -0.01669049821794033, 1.0, 0.016333334147930145, 4.261057711119065e-06, 0.0, 0.0, -0.9999986290931702, -0.016283666715025902, 0.0, 0.0]","[1.0, 0.0, 0.0, 0.8123567700386047, 0.0, 0.8431535959243774, 0.46207043528556824, 0.6913787722587585]",-19.443092112165946
8.74999999999999,156.99966430664062,33.05128479003906,13.00214958190918,0.001068115234375,0.4722137451171875,"[0.5842407941818237, 1.0, 0.032941099256277084, 0.9824387431144714]","[0.0, 0.0, 4.261057711119065e-06, 4.966666892869398e-05, -0.01669049821794033, 1.0, 0.016333334147930145, 4.261057711119065e-06, 0.0, 0.0, -0.9999986290931702, -0.016283666715025902, 0.0, 0.0]","[1.0, 0.0, 0.0, 0.8123567700386047, 0.0, 0.8431535959243774, 0.46207043528556824, 0.6913787722587585]",-19.87875344030801
8.79999999999999,156.99334716796875,32.400508880615234,13.029780387878418,0.001495361328125,0.4682464599609375,"[0.5824275016784668, 1.0, 0.02767692133784294, 0.9864022135734558]","[0.0, 0.0, 4.261057711119065e-06, 4.966666892869398e-05, -0.01669049821794033, 1.0, 0.016333334147930145, 4.261057711119065e-06, 0.0, 0.0, -0.9999986290931702, -0.016283666715025902, 0.0, 0.0]","[1.0, 0.0, 0.0, 0.8123567700386047, 0.0, 0.8431535959243774, 0.46207043528556824, 0.6913787722587585]",-20.318656806816954
8.84999999999999,156.98727416992188,31.748531341552734,13.051549911499023,0.002471923828125,0.4603118896484375,"[0.5809988975524902, 1.0, 0.025172745808959007, 0.9893397092819214]","[0.0, 0.0, 4.261057711119065e-06, 4.966666892869398e-05, -0.01669049821794033, 1.0, 0.016333334147930145, 4.261057711119065e-06, 0.0, 0.0, -0.9999986290931702, -0.016283666715025902, 0.0, 0.0]","[1.0, 0.0, 0.0, 0.8123567700386047, 0.0, 0.8431535959243774, 0.46207043528556824, 0.6913787722587585]",-20.544649758762443
8.899999999999991,156.9816131591797,31.095626831054688,13.067700386047363,0.00390625,0.444427490234375,"[0.5799390077590942, 1.0, 0.024592967703938484, 0.9890106320381165]","[0.0, 0.0, 4.261057711119065e-06, 4.966666892869398e-05, -0.01669049821794033, 1.0, 0.016333334147930145, 4.261057711119065e-06, 0.0, 0.0, -0.9999986290931702, -0.016283666715025902, 0.0, 0.0]","[1.0, 0.0, 0.0, 0.8123567700386047, 0.0, 0.8431535959243774, 0.46207043528556824, 0.6913787722587585]",-20.975814333347465
8.949999999999992,156.9766082763672,30.442129135131836,13.076080322265625,0.005859375,0.404754638671875,"[0.5793890953063965, 1.0, 0.022963955998420715, 0.9874928593635559]","[0.0, 0.0, 4.261057711119065e-06, 4.966666892869398e-05, -0.01669049821794033, 1.0, 0.016333334147930145, 4.261057711119065e-06, 0.0, 0.0, -0.9999986290931702, -0.016283666715025902, 0.0, 0.0]","[1.0, 0.0, 0.0, 0.8123567700386047, 0.0, 0.8431535959243774, 0.46207043528556824, 0.6913787722587585]",-21.399593871918704
8.999999999999993,156.97259521484375,29.78851318359375,13.074000358581543,0.009063720703125,0.3730010986328125,"[0.5795255899429321, 1.0, 0.02491789124906063, 0.9825956225395203]","[0.0, 0.0, 4.261057711119065e-06, 4.966666892869398e-05, -0.01669049821794033, 1.0, 0.016333334147930145, 4.261057711119065e-06, 0.0, 0.0, -0.9999986290931702, -0.016283666715025902, 0.0, 0.0]","[1.0, 0.0, 0.0, 0.8123567700386047, 0.0, 0.8431535959243774, 0.46207043528556824, 0.6913787722587585]",-21.817101330707978
9.049999999999994,156.9700469970703,29.13530731201172,13.06233024597168,0.0130615234375,0.3650665283203125,"[0.5802913904190063, 1.0, 0.04588747397065163, 0.9810992479324341]","[0.0, 0.0, 4.261057711119065e-06, 4.966666892869398e-05, -0.01669049821794033, 1.0, 0.016333334147930145, 4.261057711119065e-06, 0.0, 0.0, -0.9999986290931702, -0.016283666715025902, 0.0, 0.0]","[1.0, 0.0, 0.0, 0.8123567700386047, 0.0, 0.8431535959243774, 0.46207043528556824, 0.6913787722587585]",-21.989769516259457
9.099999999999994,156.9695587158203,28.482906341552734,13.043700218200684,0.018646240234375,0.3650665283203125,"[0.5815140008926392, 1.0, 0.06771516054868698, 0.9776298999786377]","[0.0, 0.0, 4.261057711119065e-06, 4.966666892869398e-05, -0.01669049821794033, 1.0, 0.016333334147930145, 4.261057711119065e-06, 0.0, 0.0, -0.9999986290931702, -0.016283666715025902, 0.0, 0.0]","[1.0, 0.0, 0.0, 0.8123567700386047, 0.0, 0.8431535959243774, 0.46207043528556824, 0.6913787722587585]",-22.39156420328793
9.149999999999995,156.97177124023438,27.831573486328125,13.020830154418945,0.023895263671875,0.3650665283203125,"[0.5830148458480835, 1.0, 0.08528131246566772, 0.9805706739425659]","[0.0, 0.0, 4.261057711119065e-06, 4.966666892869398e-05, -0.01669049821794033, 1.0, 0.016333334147930145, 4.261057711119065e-06, 0.0, 0.0, -0.9999986290931702, -0.016283666715025902, 0.0, 0.0]","[1.0, 0.0, 0.0, 0.8123567700386047, 0.0, 0.8431535959243774, 0.46207043528556824, 0.6913787722587585]",-22.783910174961033
9.199999999999996,156.97718811035156,27.181488037109375,12.994930267333984,0.028106689453125,0.3650665283203125,"[0.5847145318984985, 1.0, 0.09977230429649353, 0.9828395247459412]","[0.0, 0.0, 4.261057711119065e-06, 4.966666892869398e-05, -0.01669049821794033, 1.0, 0.016333334147930145, 4.261057711119065e-06, 0.0, 0.0, -0.9999986290931702, -0.016283666715025902, 0.0, 0.0]","[1.0, 0.0, 0.0, 0.8123567700386047, 0.0, 0.8431535959243774, 0.46207043528556824, 0.6913787722587585]",-23.164627349718884
9.249999999999996,156.98614501953125,26.53277015686035,12.967700004577637,0.030517578125,0.3650665283203125,"[0.5865014791488647, 1.0, 0.10822109878063202, 0.9882005453109741]","[0.0, 0.0, 4.261057711119065e-06, 4.966666892869398e-05, -0.01669049821794033, 1.0, 0.016333334147930145, 4.261057711119065e-06, 0.0, 0.0, -0.9999986290931702, -0.016283666715025902, 0.0, 0.0]","[1.0, 0.0, 0.0, 0.8123567700386047, 0.0, 0.8431535959243774, 0.46207043528556824, 0.6913787722587585]",-23.255722343909625
9.299999999999997,156.99884033203125,25.885501861572266,12.939249992370605,0.03045654296875,0.3650665283203125,"[0.5883685350418091, 1.0, 0.11096879094839096, 0.9928619861602783]","[0.0, 0.0, 4.261057711119065e-06, 4.966666892869398e-05, -0.01669049821794033, 1.0, 0.016333334147930145, 4.261057711119065e-06, 0.0, 0.0, -0.9999986290931702, -0.016283666715025902, 0.0, 0.0]","[1.0, 0.0, 0.0, 0.8123567700386047, 0.0, 0.8431535959243774, 0.46207043528556824, 0.6913787722587585]",-23.61994134290918
9.349999999999998,157.0153350830078,25.239728927612305,12.91073989868164,0.028076171875,0.3650665283203125,"[0.5902394652366638, 1.0, 0.1137898862361908, 0.9933336973190308]","[0.0, 0.0, 4.261057711119065e-06, 4.966666892869398e-05, -0.01669049821794033, 1.0, 0.016333334147930145, 4.261057711119065e-06, 0.0, 0.0, -0.9999986290931702, -0.016283666715025902, 0.0, 0.0]","[1.0, 0.0, 0.0, 0.8123567700386047, 0.0, 0.8431535959243774, 0.46207043528556824, 0.6913787722587585]",-23.98734094648846
9.399999999999999,157.0353546142578,24.595476150512695,12.881890296936035,0.025634765625,0.3650665283203125,"[0.5921326875686646, 1.0, 0.10281845182180405, 0.9839891791343689]","[0.0, 0.0, 4.261057711119065e-06, 4.966666892869398e-05, -0.01669049821794033, 1.0, 0.016333334147930145, 4.261057711119065e-06, 0.0, 0.0, -0.9999986290931702, -0.016283666715025902, 0.0, 0.0]","[1.0, 0.0, 0.0, 0.8123567700386047, 0.0, 0.8431535959243774, 0.46207043528556824, 0.6913787722587585]",-24.35398681033047
9.45,157.05889892578125,23.95271873474121,12.855299949645996,0.024688720703125,0.392852783203125,"[0.5938776731491089, 1.0, 0.1021740660071373, 0.9915288090705872]","[0.0, 0.0, 4.261057711119065e-06, 4.966666892869398e-05, -0.01669049821794033, 1.0, 0.016333334147930145, 4.261057711119065e-06, 0.0, 0.0, -0.9999986290931702, -0.016283666715025902, 0.0, 0.0]","[1.0, 0.0, 0.0, 0.8123567700386047, 0.0, 0.8431535959243774, 0.46207043528556824, 0.6913787722587585]",-24.43456378620657
9.5,157.08616638183594,23.311315536499023,12.832209587097168,0.025634765625,0.404754638671875,"[0.5953929424285889, 1.0, 0.10365495085716248, 0.9904343485832214]","[0.0, 0.0, 4.261057711119065e-06, 4.966666892869398e-05, -0.01669049821794033, 1.0, 0.016333334147930145, 4.261057711119065e-06, 0.0, 0.0, -0.9999986290931702, -0.016283666715025902, 0.0, 0.0]","[1.0, 0.0, 0.0, 0.8123567700386047, 0.0, 0.8431535959243774, 0.46207043528556824, 0.6913787722587585]",-24.79467967658435
9.55,157.11729431152344,22.67105484008789,12.815030097961426,0.02630615234375,0.432525634765625,"[0.5965203642845154, 1.0, 0.09981054812669754, 0.99061518907547]","[0.0, 0.0, 4.261057711119065e-06, 4.966666892869398e-05, -0.01669049821794033, 1.0, 0.016333334147930145, 4.261057711119065e-06, 0.0, 0.0, -0.9999986290931702, -0.016283666715025902, 0.0, 0.0]","[1.0, 0.0, 0.0, 0.8123567700386047, 0.0, 0.8431535959243774, 0.46207043528556824, 0.6913787722587585]",-25.15456603026629
9.600000000000001,157.1522674560547,22.031606674194336,12.805410385131836,0.026275634765625,0.4642791748046875,"[0.5971516370773315, 1.0, 0.09269757568836212, 0.989787220954895]","[0.0, 0.0, 4.261057711119065e-06, 4.966666892869398e-05, -0.01669049821794033, 1.0, 0.016333334147930145, 4.261057711119065e-06, 0.0, 0.0, -0.9999986290931702, -0.016283666715025902, 0.0, 0.0]","[1.0, 0.0, 0.0, 0.8123567700386047, 0.0, 0.8431535959243774, 0.46207043528556824, 0.6913787722587585]",-25.50574555530102
9.650000000000002,157.1907958984375,21.39253807067871,12.804800033569336,0.023681640625,0.4761810302734375,"[0.5971916913986206, 1.0, 0.07676703482866287, 0.9856269359588623]","[0.0, 0.0, 4.261057711119065e-06, 4.966666892869398e-05, -0.01669049821794033, 1.0, 0.016333334147930145, 4.261057711119065e-06, 0.0, 0.0, -0.9999986290931702, -0.016283666715025902, 0.0, 0.0]","[1.0, 0.0, 0.0, 0.8123567700386047, 0.0, 0.8431535959243774, 0.46207043528556824, 0.6913787722587585]",-25.558068114041095
9.700000000000003,157.23220825195312,20.75344467163086,12.810819625854492,0.016876220703125,0.4801483154296875,"[0.5967966318130493, 1.0, 0.06191384419798851, 0.9770136475563049]","[0.0, 0.0, 4.261057711119065e-06, 4.966666892869398e-05, -0.01669049821794033, 1.0, 0.016333334147930145, 4.261057711119065e-06, 0.0, 0.0, -0.9999986290931702, -0.016283666715025902, 0.0, 0.0]","[1.0, 0.0, 0.0, 0.8123567700386047, 0.0, 0.8431535959243774, 0.46207043528556824, 0.6913787722587585]",-25.887395958890263
9.750000000000004,157.275390625,20.11397933959961,12.821969985961914,0.00604248046875,0.4801483154296875,"[0.5960649251937866, 1.0, 0.03859296813607216, 0.9662180542945862]","[0.0, 0.0, 4.261057711119065e-06, 4.966666892869398e-05, -0.01669049821794033, 1.0, 0.016333334147930145, 4.261057711119065e-06, 0.0, 0.0, -0.9999986290931702, -0.016283666715025902, 0.0, 0.0]","[1.0, 0.0, 0.0, 0.8123567700386047, 0.0, 0.8431535959243774, 0.46207043528556824, 0.6913787722587585]",-26.213670094697402
9.800000000000004,157.3185577392578,19.473859786987305,12.835639953613281,-0.010772705078125,0.4841156005859375,"[0.595167875289917, 1.0, 0.0309758223593235, 0.9504246711730957]","[0.0, 0.0, 4.261057711119065e-06, 4.966666892869398e-05, -0.01669049821794033, 1.0, 0.016333334147930145, 4.261057711119065e-06, 0.0, 0.0, -0.9999986290931702, -0.016283666715025902, 0.0, 0.0]","[1.0, 0.0, 0.0, 0.8123567700386047, 0.0, 0.8431535959243774, 0.46207043528556824, 0.6913787722587585]",-26.53971731442841
9.850000000000005,157.35986328125,18.8328800201416,12.850760459899902,-0.028167724609375,0.4841156005859375,"[0.5941755771636963, 1.0, 0.07356967031955719, 0.9506960511207581]","[0.0, 0.0, 4.261057711119065e-06, 4.966666892869398e-05, -0.01669049821794033, 1.0, 0.016333334147930145, 4.261057711119065e-06, 0.0, 0.0, -0.9999986290931702, -0.016283666715025902, 0.0, 0.0]","[1.0, 0.0, 0.0, 0.8123567700386047, 0.0, 0.8431535959243774, 0.46207043528556824, 0.6913787722587585]",-26.52944544327185
9.900000000000006,157.39735412597656,18.190921783447266,12.86553955078125,-0.046173095703125,0.4841156005859375,"[0.5932056903839111, 1.0, 0.11989933252334595, 0.9484041929244995]","[0.0, 0.0, 4.261057711119065e-06, 4.966666892869398e-05, -0.01669049821794033, 1.0, 0.016333334147930145, 4.261057711119065e-06, 0.0, 0.0, -0.9999986290931702, -0.016283666715025902, 0.0, 0.0]","[1.0, 0.0, 0.0, 0.8123567700386047, 0.0, 0.8431535959243774, 0.46207043528556824, 0.6913787722587585]",-26.83850746376701
9.950000000000006,157.42916870117188,17.5479679107666,12.879389762878418,-0.061767578125,0.4841156005859375,"[0.5922967791557312, 1.0, 0.16049185395240784, 0.9537842869758606]","[0.0, 0.0, 4.261057711119065e-06, 4.966666892869398e-05, -0.01669049821794033, 1.0, 0.016333334147930145, 4.261057711119065e-06, 0.0, 0.0, -0.9999986290931702, -0.016283666715025902, 0.0, 0.0]","[1.0, 0.0, 0.0, 0.8123567700386047, 0.0, 0.8431535959243774, 0.46207043528556824, 0.6913787722587585]",-27.144703079939816
10.000000000000007,157.45382690429688,16.904050827026367,12.8931303024292,-0.07275390625,0.4841156005859375,"[0.5913950800895691, 1.0, 0.19120042026042938, 0.9642131924629211]","[0.0, 0.0, 4.261057711119065e-06, 4.966666892869398e-05, -0.01669049821794033, 1.0, 0.016333334147930145, 4.261057711119065e-06, 0.0, 0.0, -0.9999986290931702, -0.016283666715025902, 0.0, 0.0]","[1.0, 0.0, 0.0, 0.8123567700386047, 0.0, 0.8431535959243774, 0.46207043528556824, 0.6913787722587585]",-27.446105049391324
10.050000000000008,157.46986389160156,16.259258270263672,12.905440330505371,-0.081939697265625,0.4841156005859375,"[0.5905872583389282, 1.0, 0.2131054848432541, 0.9661953449249268]","[0.0, 0.0, 4.261057711119065e-06, 4.966666892869398e-05, -0.01669049821794033, 1.0, 0.016333334147930145, 4.261057711119065e-06, 0.0, 0.0, -0.9999986290931702, -0.016283666715025902, 0.0, 0.0]","[1.0, 0.0, 0.0, 0.8123567700386047, 0.0, 0.8431535959243774, 0.46207043528556824, 0.6913787722587585]",-27.36894442119989
10.100000000000009,157.47596740722656,15.613730430603027,12.917830467224121,-0.0897216796875,0.4841156005859375,"[0.5897741317749023, 1.0, 0.23563428223133087, 0.9684047102928162]","[0.0, 0.0, 4.261057711119065e-06, 4.966666892869398e-05, -0.01669049821794033, 1.0, 0.016333334147930145, 4.261057711119065e-06, 0.0, 0.0, -0.9999986290931702, -0.016283666715025902, 0.0, 0.0]","[1.0, 0.0, 0.0, 0.8123567700386047, 0.0, 0.8431535959243774, 0.46207043528556824, 0.6913787722587585]",-27.635640191340862
10.15000000000001,157.47085571289062,14.96769905090332,12.927960395812988,-0.096343994140625,0.4841156005859375,"[0.5891093611717224, 1.0, 0.2530553638935089, 0.9719231128692627]","[0.0, 0.0, 4.261057711119065e-06, 4.966666892869398e-05, -0.01669049821794033, 1.0, 0.016333334147930145, 4.261057711119065e-06, 0.0, 0.0, -0.9999986290931702, -0.016283666715025902, 0.0, 0.0]","[1.0, 0.0, 0.0, 0.8123567700386047, 0.0, 0.8431535959243774, 0.46207043528556824, 0.6913787722587585]",-27.888769677816164
10.20000000000001,157.45285034179688,14.321521759033203,12.936300277709961,-0.10858154296875,0.4841156005859375,"[0.5885620713233948, 1.0, 0.2852492034435272, 0.9560713768005371]","[0.0, 0.0, 4.261057711119065e-06, 4.966666892869398e-05, -0.01669049821794033, 1.0, 0.016333334147930145, 4.261057711119065e-06, 0.0, 0.0, -0.9999986290931702, -0.016283666715025902, 0.0, 0.0]","[1.0, 0.0, 0.0, 0.8123567700386047, 0.0, 0.8431535959243774, 0.46207043528556824, 0.6913787722587585]",-28.1287401772191
10.25000000000001,157.41981506347656,13.675837516784668,12.937640190124512,-0.12689208984375,0.4841156005859375,"[0.5884741544723511, 1.0, 0.3202386498451233, 0.9447547197341919]","[0.0, 0.0, 4.261057711119065e-06, 4.966666892869398e-05, -0.01669049821794033, 1.0, 0.016333334147930145, 4.261057711119065e-06, 0.0, 0.0, -0.9999986290931702, -0.016283666715025902, 0.0, 0.0]","[1.0, 0.0, 0.0, 0.8123567700386047, 0.0, 0.8431535959243774, 0.46207043528556824, 0.6913787722587585]",-27.90479197508937
10.300000000000011,157.36911010742188,13.03160285949707,12.931400299072266,-0.15234375,0.4841156005859375,"[0.588883638381958, 1.0, 0.3785548210144043, 0.927893340587616]","[0.0, 0.0, 4.261057711119065e-06, 4.966666892869398e-05, -0.01669049821794033, 1.0, 0.016333334147930145, 4.261057711119065e-06, 0.0, 0.0, -0.9999986290931702, -0.016283666715025902, 0.0, 0.0]","[1.0, 0.0, 0.0, 0.8123567700386047, 0.0, 0.8431535959243774, 0.46207043528556824, 0.6913787722587585]",-28.076303966011395
10.350000000000012,157.29812622070312,12.390116691589355,12.91471004486084,-0.180328369140625,0.4841156005859375,"[0.5899789333343506, 1.0, 0.4394109845161438, 0.9262997508049011]","[0.0, 0.0, 4.261057711119065e-06, 4.966666892869398e-05, -0.01669049821794033, 1.0, 0.016333334147930145, 4.261057711119065e-06, 0.0, 0.0, -0.9999986290931702, -0.016283666715025902, 0.0, 0.0]","[1.0, 0.0, 0.0, 0.8123567700386047, 0.0, 0.8431535959243774, 0.46207043528556824, 0.6913787722587585]",-28.218445742210466
10.400000000000013,157.2046356201172,11.752878189086914,12.888629913330078,-0.206268310546875,0.4841156005859375,"[0.5916904211044312, 1.0, 0.4935547411441803, 0.926988422870636]","[0.0, 0.0, 4.261057711119065e-06, 4.966666892869398e-05, -0.01669049821794033, 1.0, 0.016333334147930145, 4.261057711119065e-06, 0.0, 0.0, -0.9999986290931702, -0.016283666715025902, 0.0, 0.0]","[1.0, 0.0, 0.0, 0.8123567700386047, 0.0, 0.8431535959243774, 0.46207043528556824, 0.6913787722587585]",-28.336497002630733
10.450000000000014,157.08673095703125,11.121444702148438,12.8568696975708,-0.226715087890625,0.4841156005859375,"[0.593774676322937, 1.0, 0.53248131275177, 0.9407175779342651]","[0.0, 0.0, 4.261057711119065e-06, 4.966666892869398e-05, -0.01669049821794033, 1.0, 0.016333334147930145, 4.261057711119065e-06, 0.0, 0.0, -0.9999986290931702, -0.016283666715025902, 0.0, 0.0]","[1.0, 0.0, 0.0, 0.8123567700386047, 0.0, 0.8431535959243774, 0.46207043528556824, 0.6913787722587585]",-27.927271140566337
10.500000000000014,156.94308471679688,10.49738597869873,12.820630073547363,-0.2410888671875,0.4960174560546875,"[0.5961529016494751, 1.0, 0.5507327318191528, 0.9450810551643372]","[0.0, 0.0, 4.261057711119065e-06, 4.966666892869398e-05, -0.01669049821794033, 1.0, 0.016333334147930145, 4.261057711119065e-06, 0.0, 0.0, -0.9999986290931702, -0.016283666715025902, 0.0, 0.0]","[1.0, 0.0, 0.0, 0.8123567700386047, 0.0, 0.8431535959243774, 0.46207043528556824, 0.6913787722587585]",-28.018467113365517
10.550000000000015,156.772705078125,9.882129669189453,12.786259651184082,-0.249114990234375,0.5078125,"[0.5984084010124207, 1.0, 0.5482097268104553, 0.9590087532997131]","[0.0, 0.0, 4.261057711119065e-06, 4.966666892869398e-05, -0.01669049821794033, 1.0, 0.016333334147930145, 4.261057711119065e-06, 0.0, 0.0, -0.9999986290931702, -0.016283666715025902, 0.0, 0.0]","[1.0, 0.0, 0.0, 0.8123567700386047, 0.0, 0.8431535959243774, 0.46207043528556824, 0.6913787722587585]",-28.05823956576471
10.600000000000016,156.57496643066406,9.27702522277832,12.755169868469238,-0.252685546875,0.5390625,"[0.6004486680030823, 1.0, 0.5440672636032104, 0.9621474146842957]","[0.0, 0.0, 4.261057711119065e-06, 4.966666892869398e-05, -0.01669049821794033, 1.0, 0.016333334147930145, 4.261057711119065e-06, 0.0, 0.0, -0.9999986290931702, -0.016283666715025902, 0.0, 0.0]","[1.0, 0.0, 0.0, 0.8123567700386047, 0.0, 0.8431535959243774, 0.46207043528556824, 0.6913787722587585]",-28.04665965510188
10.650000000000016,156.34945678710938,8.683236122131348,12.732799530029297,-0.252777099609375,0.5703125,"[0.6019166707992554, 1.0, 0.5349613428115845, 0.9705548286437988]","[0.0, 0.0, 4.261057711119065e-06, 4.966666892869398e-05, -0.01669049821794033, 1.0, 0.016333334147930145, 4.261057711119065e-06, 0.0, 0.0, -0.9999986290931702, -0.016283666715025902, 0.0, 0.0]","[1.0, 0.0, 0.0, 0.8123567700386047, 0.0, 0.8431535959243774, 0.46207043528556824, 0.6913787722587585]",-27.393702796577976
10.700000000000017,156.0959930419922,8.101826667785645,12.721400260925293,-0.2513427734375,0.6171875,"[0.6026647686958313, 1.0, 0.5238800048828125, 0.973848819732666]","[0.0, 0.0, 4.261057711119065e-06, 4.966666892869398e-05, -0.01669049821794033, 1.0, 0.016333334147930145, 4.261057711119065e-06, 0.0, 0.0, -0.9999986290931702, -0.016283666715025902, 0.0, 0.0]","[1.0, 0.0, 0.0, 0.8123567700386047, 0.0, 0.8431535959243774, 0.46207043528556824, 0.6913787722587585]",-27.365235248873383
10.750000000000018,155.81442260742188,7.533737659454346,12.724530220031738,-0.24969482421875,0.66796875,"[0.6024593710899353, 1.0, 0.5203433036804199, 0.9778318405151367]","[0.0, 0.0, 4.261057711119065e-06, 4.966666892869398e-05, -0.01669049821794033, 1.0, 0.016333334147930145, 4.261057711119065e-06, 0.0, 0.0, -0.9999986290931702, -0.016283666715025902, 0.0, 0.0]","[1.0, 0.0, 0.0, 0.8123567700386047, 0.0, 0.8431535959243774, 0.46207043528556824, 0.6913787722587585]",-27.333184609175454
10.800000000000018,155.50469970703125,6.979805946350098,12.74332046508789,-0.247161865234375,0.69140625,"[0.601226270198822, 1.0, 0.5380074977874756, 0.9771677255630493]","[0.0, 0.0, 4.261057711119065e-06, 4.966666892869398e-05, -0.01669049821794033, 1.0, 0.016333334147930145, 4.261057711119065e-06, 0.0, 0.0, -0.9999986290931702, -0.016283666715025902, 0.0, 0.0]","[1.0, 0.0, 0.0, 0.8123567700386047, 0.0, 0.8431535959243774, 0.46207043528556824, 0.6913787722587585]",-27.296503484634204
10.85000000000002,155.1670684814453,6.440831184387207,12.776820182800293,-0.242950439453125,0.7109375,"[0.5990278720855713, 1.0, 0.5518400073051453, 0.9744736552238464]","[0.0, 0.0, 4.261057711119065e-06, 4.966666892869398e-05, -0.01669049821794033, 1.0, 0.016333334147930145, 4.261057711119065e-06, 0.0, 0.0, -0.9999986290931702, -0.016283666715025902, 0.0, 0.0]","[1.0, 0.0, 0.0, 0.8123567700386047, 0.0, 0.8431535959243774, 0.46207043528556824, 0.6913787722587585]",-26.653708035379516
10.90000000000002,154.80191040039062,5.9175567626953125,12.82411003112793,-0.237091064453125,0.7265625,"[0.5959244966506958, 1.0, 0.564720869064331, 0.9714716672897339]","[0.0, 0.0, 4.261057711119065e-06, 4.966666892869398e-05, -0.01669049821794033, 1.0, 0.016333334147930145, 4.261057711119065e-06, 0.0, 0.0, -0.9999986290931702, -0.016283666715025902, 0.0, 0.0]","[1.0, 0.0, 0.0, 0.8123567700386047, 0.0, 0.8431535959243774, 0.46207043528556824, 0.6913787722587585]",-26.5268886114162
10.95000000000002,154.40980529785156,5.410639762878418,12.884480476379395,-0.229522705078125,0.7421875,"[0.5919626951217651, 1.0, 0.5768619775772095, 0.9685529470443726]","[0.0, 0.0, 4.261057711119065e-06, 4.966666892869398e-05, -0.01669049821794033, 1.0, 0.016333334147930145, 4.261057711119065e-06, 0.0, 0.0, -0.9999986290931702, -0.016283666715025902, 0.0, 0.0]","[1.0, 0.0, 0.0, 0.8123567700386047, 0.0, 0.8431535959243774, 0.46207043528556824, 0.6913787722587585]",-26.42459215598866
11.000000000000021,153.9914093017578,4.920716285705566,12.956279754638672,-0.222076416015625,0.75390625,"[0.5872509479522705, 0.9933000206947327, 0.5874452590942383, 0.9663726687431335]","[0.0, 0.0, 4.261057711119065e-06, 4.966666892869398e-05, -0.01669049821794033, 1.0, 0.016333334147930145, 4.261057711119065e-06, 0.0, 0.0, -0.9999986290931702, -0.016283666715025902, 0.0, 0.0]","[1.0, 0.0, 0.0, 0.8123567700386047, 0.0, 0.8431535959243774, 0.46207043528556824, 0.6913787722587585]",-26.563107673913795
11.050000000000022,153.54747009277344,4.448409557342529,13.038260459899902,-0.21466064453125,0.765625,"[0.581870973110199, 0.9527000188827515, 0.5968083739280701, 0.9646926522254944]","[0.0, 0.0, 4.261057711119065e-06, 4.966666892869398e-05, -0.01669049821794033, 1.0, 0.016333334147930145, 4.261057711119065e-06, 0.0, 0.0, -0.9999986290931702, -0.016283666715025902, 0.0, 0.0]","[1.0, 0.0, 0.0, 0.8123567700386047, 0.0, 0.8431535959243774, 0.46207043528556824, 0.6913787722587585]",-26.596004814081912
11.100000000000023,153.07876586914062,3.9943134784698486,13.129119873046875,-0.20770263671875,0.7734375,"[0.5759084224700928, 0.9279999732971191, 0.6049125790596008, 0.9635519981384277]","[0.0, 0.0, 4.261057711119065e-06, 4.966666892869398e-05, -0.01669049821794033, 1.0, 0.016333334147930145, 4.261057711119065e-06, 0.0, 0.0, -0.9999986290931702, -0.016283666715025902, 0.0, 0.0]","[1.0, 0.0, 0.0, 0.8123567700386047, 0.0, 0.8431535959243774, 0.46207043528556824, 0.6913787722587585]",-26.842155287906706
11.150000000000023,152.5861358642578,3.5589582920074463,13.22776985168457,-0.20050048828125,0.77734375,"[0.5694345235824585, 0.919700026512146, 0.6119630932807922, 0.9623910784721375]","[0.0, 0.0, 4.261057711119065e-06, 4.966666892869398e-05, -0.01669049821794033, 1.0, 0.016333334147930145, 4.261057711119065e-06, 0.0, 0.0, -0.9999986290931702, -0.016283666715025902, 0.0, 0.0]","[1.0, 0.0, 0.0, 0.8123567700386047, 0.0, 0.8431535959243774, 0.46207043528556824, 0.6913787722587585]",-27.045440319115908
11.200000000000024,152.0705108642578,3.1427037715911865,13.333930015563965,-0.19171142578125,0.78125,"[0.5624678134918213, 0.9120000004768372, 0.6186884045600891, 0.9606634378433228]","[0.0, 0.0, 4.261057711119065e-06, 4.966666892869398e-05, -0.01669049821794033, 1.0, 0.016333334147930145, 4.261057711119065e-06, 0.0, 0.0, -0.9999986290931702, -0.016283666715025902, 0.0, 0.0]","[1.0, 0.0, 0.0, 0.8123567700386047, 0.0, 0.8431535959243774, 0.46207043528556824, 0.6913787722587585]",-27.219968197881347
11.250000000000025,151.53289794921875,2.7458178997039795,13.446310043334961,-0.182769775390625,0.78125,"[0.555092990398407, 0.9208999872207642, 0.6242514252662659, 0.9598753452301025]","[0.0, 0.0, 4.261057711119065e-06, 4.966666892869398e-05, -0.01669049821794033, 1.0, 0.016333334147930145, 4.261057711119065e-06, 0.0, 0.0, -0.9999986290931702, -0.016283666715025902, 0.0, 0.0]","[1.0, 0.0, 0.0, 0.8123567700386047, 0.0, 0.8431535959243774, 0.46207043528556824, 0.6913787722587585]",-27.073431448884396
11.300000000000026,150.9742889404297,2.3685154914855957,13.564209938049316,-0.1739501953125,0.7890625,"[0.5473558306694031, 0.8970000147819519, 0.6284843683242798, 0.9596555233001709]","[0.0, 0.0, 4.261057711119065e-06, 4.966666892869398e-05, -0.01669049821794033, 1.0, 0.016333334147930145, 4.261057711119065e-06, 0.0, 0.0, -0.9999986290931702, -0.016283666715025902, 0.0, 0.0]","[1.0, 0.0, 0.0, 0.8123567700386047, 0.0, 0.8431535959243774, 0.46207043528556824, 0.6913787722587585]",-27.251118461955354
11.350000000000026,150.3955841064453,2.0110135078430176,13.6868896484375,-0.16656494140625,0.79296875,"[0.5393050909042358, 0.8892999887466431, 0.6222817897796631, 0.9607894420623779]","[0.0, 0.0, 4.261057711119065e-06, 4.966666892869398e-05, -0.01669049821794033, 1.0, 0.016333334147930145, 4.261057711119065e-06, 0.0, 0.0, -0.9999986290931702, -0.016283666715025902, 0.0, 0.0]","[1.0, 0.0, 0.0, 0.8123567700386047, 0.0, 0.8431535959243774, 0.46207043528556824, 0.6913787722587585]",-27.455681249074722
11.400000000000027,149.79771423339844,1.6734793186187744,13.813739776611328,-0.1595458984375,0.79296875,"[0.5309805870056152, 0.8985999822616577, 0.6150742769241333, 0.9608936905860901]","[0.0, 0.0, 4.261057711119065e-06, 4.966666892869398e-05, -0.01669049821794033, 1.0, 0.016333334147930145, 4.261057711119065e-06, 0.0, 0.0, -0.9999986290931702, -0.016283666715025902, 0.0, 0.0]","[1.0, 0.0, 0.0, 0.8123567700386047, 0.0, 0.8431535959243774, 0.46207043528556824, 0.6913787722587585]",-27.67267816731942
11.450000000000028,149.181640625,1.3558635711669922,13.944999694824219,-0.15087890625,0.79296875,"[0.5223667025566101, 0.9085999727249146, 0.6040123105049133, 0.9589667916297913]","[0.0, 0.0, 4.261057711119065e-06, 4.966666892869398e-05, -0.01669049821794033, 1.0, 0.016333334147930145, 4.261057711119065e-06, 0.0, 0.0, -0.9999986290931702, -0.016283666715025902, 0.0, 0.0]","[1.0, 0.0, 0.0, 0.8123567700386047, 0.0, 0.8431535959243774, 0.46207043528556824, 0.6913787722587585]",-27.649528277537605
11.500000000000028,148.54832458496094,1.057753324508667,14.081560134887695,-0.138946533203125,0.79296875,"[0.5134049654006958, 0.919700026512146, 0.5870905518531799, 0.9534109234809875]","[0.0, 0.0, 4.261057711119065e-06, 4.966666892869398e-05, -0.01669049821794033, 1.0, 0.016333334147930145, 4.261057711119065e-06, 0.0, 0.0, -0.9999986290931702, -0.016283666715025902, 0.0, 0.0]","[1.0, 0.0, 0.0, 0.8123567700386047, 0.0, 0.8431535959243774, 0.46207043528556824, 0.6913787722587585]",-27.83229469358699
11.55000000000003,147.89874267578125,0.7784099578857422,14.223870277404785,-0.124542236328125,0.796875,"[0.504065990447998, 0.9139999747276306, 0.5657613277435303, 0.9477322101593018]","[0.0, 0.0, 4.261057711119065e-06, 4.966666892869398e-05, -0.01669049821794033, 1.0, 0.016333334147930145, 4.261057711119065e-06, 0.0, 0.0, -0.9999986290931702, -0.016283666715025902, 0.0, 0.0]","[1.0, 0.0, 0.0, 0.8123567700386047, 0.0, 0.8431535959243774, 0.46207043528556824, 0.6913787722587585]",-28.00415663064685
11.60000000000003,147.2337188720703,0.5171539783477783,14.370260238647461,-0.11236572265625,0.796875,"[0.4944591522216797, 0.9254999756813049, 0.5476254820823669, 0.9516789317131042]","[0.0, 0.0, 4.261057711119065e-06, 4.966666892869398e-05, -0.01669049821794033, 1.0, 0.016333334147930145, 4.261057711119065e-06, 0.0, 0.0, -0.9999986290931702, -0.016283666715025902, 0.0, 0.0]","[1.0, 0.0, 0.0, 0.8123567700386047, 0.0, 0.8431535959243774, 0.46207043528556824, 0.6913787722587585]",-28.162465373320178
11.65000000000003,146.55413818359375,0.2731644809246063,14.520600318908691,-0.099761962890625,0.796875,"[0.4845932126045227, 0.9376999735832214, 0.5256641507148743, 0.9478352665901184]","[0.0, 0.0, 4.261057711119065e-06, 4.966666892869398e-05, -0.01669049821794033, 1.0, 0.016333334147930145, 4.261057711119065e-06, 0.0, 0.0, -0.9999986290931702, -0.016283666715025902, 0.0, 0.0]","[1.0, 0.0, 0.0, 0.8123567700386047, 0.0, 0.8431535959243774, 0.46207043528556824, 0.6913787722587585]",-27.975343418033358
11.700000000000031,145.86073303222656,0.04553165286779404,14.67432975769043,-0.08856201171875,0.80078125,"[0.4745047688484192, 0.9318000078201294, 0.50435870885849, 0.9489514827728271]","[0.0, 0.0, 4.261057711119065e-06, 4.966666892869398e-05, -0.01669049821794033, 1.0, 0.016333334147930145, 4.261057711119065e-06, 0.0, 0.0, -0.9999986290931702, -0.016283666715025902, 0.0, 0.0]","[1.0, 0.0, 0.0, 0.8123567700386047, 0.0, 0.8431535959243774, 0.46207043528556824, 0.6913787722587585]",-28.09888857146998
11.750000000000032,145.1541748046875,-0.16659453511238098,14.830789566040039,-0.0797119140625,0.80078125,"[0.46423715353012085, 0.9437000155448914, 0.48544442653656006, 0.9523842930793762]","[0.0, 0.0, 4.261057711119065e-06, 4.966666892869398e-05, -0.01669049821794033, 1.0, 0.016333334147930145, 4.261057711119065e-06, 0.0, 0.0, -0.9999986290931702, -0.016283666715025902, 0.0, 0.0]","[1.0, 0.0, 0.0, 0.8123567700386047, 0.0, 0.8431535959243774, 0.46207043528556824, 0.6913787722587585]",-28.20883084684897
11.800000000000033,144.4351043701172,-0.3640410006046295,14.989410400390625,-0.072509765625,0.80078125,"[0.45382779836654663, 0.9557999968528748, 0.4672158360481262, 0.9542490839958191]","[0.0, 0.0, 4.261057711119065e-06, 4.966666892869398e-05, -0.01669049821794033, 1.0, 0.016333334147930145, 4.261057711119065e-06, 0.0, 0.0, -0.9999986290931702, -0.016283666715025902, 0.0, 0.0]","[1.0, 0.0, 0.0, 0.8123567700386047, 0.0, 0.8431535959243774, 0.46207043528556824, 0.6913787722587585]",-28.313977434099122
11.850000000000033,143.70399475097656,-0.5473988056182861,15.149040222167969,-0.0689697265625,0.80078125,"[0.4433521628379822, 0.967199981212616, 0.45507338643074036, 0.9623925089836121]","[0.0, 0.0, 4.261057711119065e-06, 4.966666892869398e-05, -0.01669049821794033, 1.0, 0.016333334147930145, 4.261057711119065e-06, 0.0, 0.0, -0.9999986290931702, -0.016283666715025902, 0.0, 0.0]","[1.0, 0.0, 0.0, 0.8123567700386047, 0.0, 0.8431535959243774, 0.46207043528556824, 0.6913787722587585]",-28.0221253493188
11.900000000000034,142.96568298339844,-0.7162013649940491,15.158160209655762,-0.067596435546875,0.8046875,"[0.4427536725997925, 0.9538000226020813, 0.31281623244285583, 0.8113982081413269]","[0.0, 0.0, 4.261057711119065e-06, 4.966666892869398e-05, -0.01669049821794033, 1.0, 0.016333334147930145, 4.261057711119065e-06, 0.0, 0.0, -0.9999986290931702, -0.016283666715025902, 0.0, 0.0]","[1.0, 0.0, 0.0, 0.8123567700386047, 0.0, 0.8431535959243774, 0.46207043528556824, 0.6913787722587585]",-28.084771859947775
11.950000000000035,142.22537231445312,-0.8698327541351318,15.131400108337402,-0.067138671875,0.8046875,"[0.4445098042488098, 0.9528999924659729, 0.3065136671066284, 0.9458629488945007]","[0.0, 0.0, 4.261057711119065e-06, 4.966666892869398e-05, -0.01669049821794033, 1.0, 0.016333334147930145, 4.261057711119065e-06, 0.0, 0.0, -0.9999986290931702, -0.016283666715025902, 0.0, 0.0]","[1.0, 0.0, 0.0, 0.8123567700386047, 0.0, 0.8431535959243774, 0.46207043528556824, 0.6913787722587585]",-28.126425421691437
12.000000000000036,141.4790496826172,-1.0096306800842285,15.297869682312012,-0.06671142578125,0.80859375,"[0.43358540534973145, 0.9406999945640564, 0.39889228343963623, 0.7534286975860596]","[0.0, 0.0, 4.261057711119065e-06, 4.966666892869398e-05, -0.01669049821794033, 1.0, 0.016333334147930145, 4.261057711119065e-06, 0.0, 0.0, -0.9999986290931702, -0.016283666715025902, 0.0, 0.0]","[1.0, 0.0, 0.0, 0.8123567700386047, 0.0, 0.8431535959243774, 0.46207043528556824, 0.6913787722587585]",-28.15727097626736
12.050000000000036,140.7183074951172,-1.1373718976974487,15.518589973449707,-0.06658935546875,0.80859375,"[0.41910070180892944, 0.95169997215271, 0.4751938283443451, 0.9101424813270569]","[0.0, 0.0, 4.261057711119065e-06, 4.966666892869398e-05, -0.01669049821794033, 1.0, 0.016333334147930145, 4.261057711119065e-06, 0.0, 0.0, -0.9999986290931702, -0.016283666715025902, 0.0, 0.0]","[1.0, 0.0, 0.0, 0.8123567700386047, 0.0, 0.8431535959243774, 0.46207043528556824, 0.6913787722587585]",-27.776043135239554
12.100000000000037,139.9453125,-1.2526464462280273,15.70792007446289,-0.066162109375,0.80859375,"[0.40667593479156494, 0.965399980545044, 0.4452676773071289, 0.9320968985557556]","[0.0, 0.0, 4.261057711119065e-06, 4.966666892869398e-05, -0.01669049821794033, 1.0, 0.016333334147930145, 4.261057711119065e-06, 0.0, 0.0, -0.9999986290931702, -0.016283666715025902, 0.0, 0.0]","[1.0, 0.0, 0.0, 0.8123567700386047, 0.0, 0.8431535959243774, 0.46207043528556824, 0.6913787722587585]",-27.84956583313784
12.150000000000038,139.1616973876953,-1.3554153442382812,15.876669883728027,-0.064117431640625,0.80859375,"[0.39560186862945557, 0.9776999950408936, 0.41978371143341064, 0.9468525648117065]","[0.0, 0.0, 4.261057711119065e-06, 4.966666892869398e-05, -0.01669049821794033, 1.0, 0.016333334147930145, 4.261057711119065e-06, 0.0, 0.0, -0.9999986290931702, -0.016283666715025902, 0.0, 0.0]","[1.0, 0.0, 0.0, 0.8123567700386047, 0.0, 0.8431535959243774, 0.46207043528556824, 0.6913787722587585]",-27.942370905373426
12.200000000000038,138.36854553222656,-1.4459037780761719,16.032129287719727,-0.0599365234375,0.80859375,"[0.38539987802505493, 0.9889000058174133, 0.3985336124897003, 0.9557381272315979]","[0.0, 0.0, 4.261057711119065e-06, 4.966666892869398e-05, -0.01669049821794033, 1.0, 0.016333334147930145, 4.261057711119065e-06, 0.0, 0.0, -0.9999986290931702, -0.016283666715025902, 0.0, 0.0]","[1.0, 0.0, 0.0, 0.8123567700386047, 0.0, 0.8431535959243774, 0.46207043528556824, 0.6913787722587585]",-28.030713965983207
12.250000000000039,137.56661987304688,-1.524488925933838,16.17963981628418,-0.05450439453125,0.81640625,"[0.3757196068763733, 0.9588000178337097, 0.3801445960998535, 0.9606780409812927]","[0.0, 0.0, 4.261057711119065e-06, 4.966666892869398e-05, -0.01669049821794033, 1.0, 0.016333334147930145, 4.261057711119065e-06, 0.0, 0.0, -0.9999986290931702, -0.016283666715025902, 0.0, 0.0]","[1.0, 0.0, 0.0, 0.8123567700386047, 0.0, 0.8431535959243774, 0.46207043528556824, 0.6913787722587585]",-27.591807643384644
12.30000000000004,136.75637817382812,-1.5915130376815796,16.322839736938477,-0.049957275390625,0.82421875,"[0.3663221597671509, 0.9271000027656555, 0.3676571249961853, 0.96649169921875]","[0.0, 0.0, 4.261057711119065e-06, 4.966666892869398e-05, -0.01669049821794033, 1.0, 0.016333334147930145, 4.261057711119065e-06, 0.0, 0.0, -0.9999986290931702, -0.016283666715025902, 0.0, 0.0]","[1.0, 0.0, 0.0, 0.8123567700386047, 0.0, 0.8431535959243774, 0.46207043528556824, 0.6913787722587585]",-27.67282032266303
12.35000000000004,135.93817138671875,-1.6472477912902832,16.46419906616211,-0.04656982421875,0.83203125,"[0.3570455312728882, 0.8942999839782715, 0.35924261808395386, 0.9706779718399048]","[0.0, 0.0, 4.261057711119065e-06, 4.966666892869398e-05, -0.01669049821794033, 1.0, 0.016333334147930145, 4.261057711119065e-06, 0.0, 0.0, -0.9999986290931702, -0.016283666715025902, 0.0, 0.0]","[1.0, 0.0, 0.0, 0.8123567700386047, 0.0, 0.8431535959243774, 0.46207043528556824, 0.6913787722587585]",-27.78940856391214
12.400000000000041,135.11219787597656,-1.69191575050354,16.605379104614258,-0.04437255859375,0.83984375,"[0.347780704498291, 0.8604000210762024, 0.3538689911365509, 0.9739101529121399]","[0.0, 0.0, 4.261057711119065e-06, 4.966666892869398e-05, -0.01669049821794033, 1.0, 0.016333334147930145, 4.261057711119065e-06, 0.0, 0.0, -0.9999986290931702, -0.016283666715025902, 0.0, 0.0]","[1.0, 0.0, 0.0, 0.8123567700386047, 0.0, 0.8431535959243774, 0.46207043528556824, 0.6913787722587585]",-27.941535310501546
12.450000000000042,134.27857971191406,-1.7258155345916748,16.748050689697266,-0.04193115234375,0.8515625,"[0.3384179472923279, 0.8047999739646912, 0.3479762673377991, 0.9724507331848145]","[0.0, 0.0, 4.261057711119065e-06, 4.966666892869398e-05, -0.01669049821794033, 1.0, 0.016333334147930145, 4.261057711119065e-06, 0.0, 0.0, -0.9999986290931702, -0.016283666715025902, 0.0, 0.0]","[1.0, 0.0, 0.0, 0.8123567700386047, 0.0, 0.8431535959243774, 0.46207043528556824, 0.6913787722587585]",-27.700733323006084
12.500000000000043,133.43736267089844,-1.7494271993637085,16.893310546875,-0.03814697265625,0.85546875,"[0.3288853168487549, 0.7911999821662903, 0.3377041518688202, 0.9675723910331726]","[0.0, 0.0, 4.261057711119065e-06, 4.966666892869398e-05, -0.01669049821794033, 1.0, 0.016333334147930145, 4.261057711119065e-06, 0.0, 0.0, -0.9999986290931702, -0.016283666715025902, 0.0, 0.0]","[1.0, 0.0, 0.0, 0.8123567700386047, 0.0, 0.8431535959243774, 0.46207043528556824, 0.6913787722587585]",-27.939220968518196
12.550000000000043,132.5885772705078,-1.7634282112121582,17.041099548339844,-0.032745361328125,0.85546875,"[0.3191867470741272, 0.7990999817848206, 0.3220747113227844, 0.9622905254364014]","[0.0, 0.0, 4.261057711119065e-06, 4.966666892869398e-05, -0.01669049821794033, 1.0, 0.016333334147930145, 4.261057711119065e-06, 0.0, 0.0, -0.9999986290931702, -0.016283666715025902, 0.0, 0.0]","[1.0, 0.0, 0.0, 0.8123567700386047, 0.0, 0.8431535959243774, 0.46207043528556824, 0.6913787722587585]",-28.21015186277907
12.600000000000044,131.732177734375,-1.7687090635299683,17.1910400390625,-0.02569580078125,0.85546875,"[0.3093469738960266, 0.8072999715805054, 0.3009366989135742, 0.9565701484680176]","[0.0, 0.0, 4.261057711119065e-06, 4.966666892869398e-05, -0.01669049821794033, 1.0, 0.016333334147930145, 4.261057711119065e-06, 0.0, 0.0, -0.9999986290931702, -0.016283666715025902, 0.0, 0.0]","[1.0, 0.0, 0.0, 0.8123567700386047, 0.0, 0.8431535959243774, 0.46207043528556824, 0.6913787722587585]",-28.512555649193896
12.650000000000045,130.8681640625,-1.7662557363510132,17.342620849609375,-0.01849365234375,0.85546875,"[0.29939955472946167, 0.8156999945640564, 0.2779613137245178, 0.9548847675323486]","[0.0, 0.0, 4.261057711119065e-06, 4.966666892869398e-05, -0.01669049821794033, 1.0, 0.016333334147930145, 4.261057711119065e-06, 0.0, 0.0, -0.9999986290931702, -0.016283666715025902, 0.0, 0.0]","[1.0, 0.0, 0.0, 0.8123567700386047, 0.0, 0.8431535959243774, 0.46207043528556824, 0.6913787722587585]",-28.416237036942416
12.700000000000045,129.99658203125,-1.7570266723632812,17.494070053100586,-0.01239013671875,0.8359375,"[0.28946077823638916, 0.9352999925613403, 0.2549208700656891, 0.9564454555511475]","[0.0, 0.0, 4.261057711119065e-06, 4.966666892869398e-05, -0.01669049821794033, 1.0, 0.016333334147930145, 4.261057711119065e-06, 0.0, 0.0, -0.9999986290931702, -0.016283666715025902, 0.0, 0.0]","[1.0, 0.0, 0.0, 0.8123567700386047, 0.0, 0.8431535959243774, 0.46207043528556824, 0.6913787722587585]",-28.759591029016367
12.750000000000046,129.1175994873047,-1.7420374155044556,17.64076042175293,-0.00677490234375,0.78515625,"[0.2798343300819397, 1.0, 0.22690638899803162, 0.9540432095527649]","[0.0, 0.0, 4.261057711119065e-06, 4.966666892869398e-05, -0.01669049821794033, 1.0, 0.016333334147930145, 4.261057711119065e-06, 0.0, 0.0, -0.9999986290931702, -0.016283666715025902, 0.0, 0.0]","[1.0, 0.0, 0.0, 0.8123567700386047, 0.0, 0.8431535959243774, 0.46207043528556824, 0.6913787722587585]",-29.142998256171634
12.800000000000047,128.23175048828125,-1.7223445177078247,17.773719787597656,-0.00201416015625,0.6796875,"[0.2711089253425598, 1.0, 0.19179998338222504, 0.9506512880325317]","[0.0, 0.0, 4.261057711119065e-06, 4.966666892869398e-05, -0.01669049821794033, 1.0, 0.016333334147930145, 4.261057711119065e-06, 0.0, 0.0, -0.9999986290931702, -0.016283666715025902, 0.0, 0.0]","[1.0, 0.0, 0.0, 0.8123567700386047, 0.0, 0.8431535959243774, 0.46207043528556824, 0.6913787722587585]",-29.56489741682447
12.850000000000048,127.34002685546875,-1.6989203691482544,17.88429069519043,0.001068115234375,0.59765625,"[0.2638527750968933, 1.0, 0.15285979211330414, 0.9489243030548096]","[0.0, 0.0, 4.261057711119065e-06, 4.966666892869398e-05, -0.01669049821794033, 1.0, 0.016333334147930145, 4.261057711119065e-06, 0.0, 0.0, -0.9999986290931702, -0.016283666715025902, 0.0, 0.0]","[1.0, 0.0, 0.0, 0.8123567700386047, 0.0, 0.8431535959243774, 0.46207043528556824, 0.6913787722587585]",-29.722918733511392
12.900000000000048,126.44368743896484,-1.6726254224777222,17.968929290771484,0.002655029296875,0.515625,"[0.258298397064209, 1.0, 0.11432790011167526, 0.9512885808944702]","[0.0, 0.0, 4.261057711119065e-06, 4.966666892869398e-05, -0.01669049821794033, 1.0, 0.016333334147930145, 4.261057711119065e-06, 0.0, 0.0, -0.9999986290931702, -0.016283666715025902, 0.0, 0.0]","[1.0, 0.0, 0.0, 0.8123567700386047, 0.0, 0.8431535959243774, 0.46207043528556824, 0.6913787722587585]",-30.307482268387957
12.950000000000049,125.54399108886719,-1.6443135738372803,18.02890968322754,0.00408935546875,0.4841156005859375,"[0.25436222553253174, 1.0, 0.07733889669179916, 0.9563837647438049]","[0.0, 0.0, 4.261057711119065e-06, 4.966666892869398e-05, -0.01669049821794033, 1.0, 0.016333334147930145, 4.261057711119065e-06, 0.0, 0.0, -0.9999986290931702, -0.016283666715025902, 0.0, 0.0]","[1.0, 0.0, 0.0, 0.8123567700386047, 0.0, 0.8431535959243774, 0.46207043528556824, 0.6913787722587585]",-30.884988829942994
13.00000000000005,124.6419906616211,-1.6147680282592773,18.070329666137695,0.005096435546875,0.4761810302734375,"[0.2516440153121948, 1.0, 0.05061538144946098, 0.9666834473609924]","[0.0, 0.0, 4.261057711119065e-06, 4.966666892869398e-05, -0.01669049821794033, 1.0, 0.016333334147930145, 4.261057711119065e-06, 0.0, 0.0, -0.9999986290931702, -0.016283666715025902, 0.0, 0.0]","[1.0, 0.0, 0.0, 0.8123567700386047, 0.0, 0.8431535959243774, 0.46207043528556824, 0.6913787722587585]",-31.47267022185232
13.05000000000005,123.73835754394531,-1.584547519683838,18.098770141601562,0.004852294921875,0.4682464599609375,"[0.2497776746749878, 1.0, 0.03261362388730049, 0.9775593876838684]","[0.0, 0.0, 4.261057711119065e-06, 4.966666892869398e-05, -0.01669049821794033, 1.0, 0.016333334147930145, 4.261057711119065e-06, 0.0, 0.0, -0.9999986290931702, -0.016283666715025902, 0.0, 0.0]","[1.0, 0.0, 0.0, 0.8123567700386047, 0.0, 0.8431535959243774, 0.46207043528556824, 0.6913787722587585]",-31.81109593224975
13.100000000000051,122.83358764648438,-1.5541359186172485,18.11833953857422,0.0048828125,0.4682464599609375,"[0.24849343299865723, 1.0, 0.022887472063302994, 0.9830593466758728]","[0.0, 0.0, 4.261057711119065e-06, 4.966666892869398e-05, -0.01669049821794033, 1.0, 0.016333334147930145, 4.261057711119065e-06, 0.0, 0.0, -0.9999986290931702, -0.016283666715025902, 0.0, 0.0]","[1.0, 0.0, 0.0, 0.8123567700386047, 0.0, 0.8431535959243774, 0.46207043528556824, 0.6913787722587585]",-32.40952209364254
13.150000000000052,121.92798614501953,-1.524431586265564,18.13205909729004,0.00927734375,0.4682464599609375,"[0.24759310483932495, 1.0, 0.038339339196681976, 0.9743165969848633]","[0.0, 0.0, 4.261057711119065e-06, 4.966666892869398e-05, -0.01669049821794033, 1.0, 0.016333334147930145, 4.261057711119065e-06, 0.0, 0.0, -0.9999986290931702, -0.016283666715025902, 0.0, 0.0]","[1.0, 0.0, 0.0, 0.8123567700386047, 0.0, 0.8431535959243774, 0.46207043528556824, 0.6913787722587585]",-33.00962399320906
13.200000000000053,121.02174377441406,-1.4968278408050537,18.14151954650879,0.01824951171875,0.4682464599609375,"[0.24697226285934448, 1.0, 0.06699471920728683, 0.9634052515029907]","[0.0, 0.0, 4.261057711119065e-06, 4.966666892869398e-05, -0.01669049821794033, 1.0, 0.016333334147930145, 4.261057711119065e-06, 0.0, 0.0, -0.9999986290931702, -0.016283666715025902, 0.0, 0.0]","[1.0, 0.0, 0.0, 0.8123567700386047, 0.0, 0.8431535959243774, 0.46207043528556824, 0.6913787722587585]",-33.60678480416473
13.250000000000053,120.11500549316406,-1.4727555513381958,18.14776039123535,0.02752685546875,0.4682464599609375,"[0.24656271934509277, 1.0, 0.0960514172911644, 0.9647256135940552]","[0.0, 0.0, 4.261057711119065e-06, 4.966666892869398e-05, -0.01669049821794033, 1.0, 0.016333334147930145, 4.261057711119065e-06, 0.0, 0.0, -0.9999986290931702, -0.016283666715025902, 0.0, 0.0]","[1.0, 0.0, 0.0, 0.8123567700386047, 0.0, 0.8431535959243774, 0.46207043528556824, 0.6913787722587585]",-33.906056900610125
13.300000000000054,119.20787811279297,-1.4531387090682983,18.15212059020996,0.03167724609375,0.4682464599609375,"[0.24627655744552612, 1.0, 0.11252747476100922, 0.9799201488494873]","[0.0, 0.0, 4.261057711119065e-06, 4.966666892869398e-05, -0.01669049821794033, 1.0, 0.016333334147930145, 4.261057711119065e-06, 0.0, 0.0, -0.9999986290931702, -0.016283666715025902, 0.0, 0.0]","[1.0, 0.0, 0.0, 0.8123567700386047, 0.0, 0.8431535959243774, 0.46207043528556824, 0.6913787722587585]",-34.48599426200358
13.350000000000055,118.3004379272461,-1.438232660293579,18.155920028686523,0.029083251953125,0.4682464599609375,"[0.24602723121643066, 1.0, 0.11354286223649979, 0.9960275888442993]","[0.0, 0.0, 4.261057711119065e-06, 4.966666892869398e-05, -0.01669049821794033, 1.0, 0.016333334147930145, 4.261057711119065e-06, 0.0, 0.0, -0.9999986290931702, -0.016283666715025902, 0.0, 0.0]","[1.0, 0.0, 0.0, 0.8123567700386047, 0.0, 0.8431535959243774, 0.46207043528556824, 0.6913787722587585]",-35.05822154832924
13.400000000000055,117.3927230834961,-1.427950143814087,18.159639358520508,0.023101806640625,0.4682464599609375,"[0.24578320980072021, 1.0, 0.10715824365615845, 0.992531418800354]","[0.0, 0.0, 4.261057711119065e-06, 4.966666892869398e-05, -0.01669049821794033, 1.0, 0.016333334147930145, 4.261057711119065e-06, 0.0, 0.0, -0.9999986290931702, -0.016283666715025902, 0.0, 0.0]","[1.0, 0.0, 0.0, 0.8123567700386047, 0.0, 0.8431535959243774, 0.46207043528556824, 0.6913787722587585]",-35.62674465019525
13.450000000000056,116.48477172851562,-1.422182321548462,18.163219451904297,0.01727294921875,0.4682464599609375,"[0.24554824829101562, 1.0, 0.10033142566680908, 0.9921817183494568]","[0.0, 0.0, 4.261057711119065e-06, 4.966666892869398e-05, -0.01669049821794033, 1.0, 0.016333334147930145, 4.261057711119065e-06, 0.0, 0.0, -0.9999986290931702, -0.016283666715025902, 0.0, 0.0]","[1.0, 0.0, 0.0, 0.8123567700386047, 0.0, 0.8431535959243774, 0.46207043528556824, 0.6913787722587585]",-35.7861936657571
13.500000000000057,115.57659912109375,-1.420817255973816,18.166669845581055,0.0126953125,0.4682464599609375,"[0.24532175064086914, 1.0, 0.09367868304252625, 0.9924759864807129]","[0.0, 0.0, 4.261057711119065e-06, 4.966666892869398e-05, -0.01669049821794033, 1.0, 0.016333334147930145, 4.261057711119065e-06, 0.0, 0.0, -0.9999986290931702, -0.016283666715025902, 0.0, 0.0]","[1.0, 0.0, 0.0, 0.8123567700386047, 0.0, 0.8431535959243774, 0.46207043528556824, 0.6913787722587585]",-36.284676880873036
13.550000000000058,114.66826629638672,-1.4240275621414185,18.169780731201172,0.008880615234375,0.4682464599609375,"[0.2451176643371582, 1.0, 0.0968443900346756, 0.992459774017334]","[0.0, 0.0, 4.261057711119065e-06, 4.966666892869398e-05, -0.01669049821794033, 1.0, 0.016333334147930145, 4.261057711119065e-06, 0.0, 0.0, -0.9999986290931702, -0.016283666715025902, 0.0, 0.0]","[1.0, 0.0, 0.0, 0.8123567700386047, 0.0, 0.8431535959243774, 0.46207043528556824, 0.6913787722587585]",-36.767906689977984
13.600000000000058,113.75977325439453,-1.4309933185577393,18.17329978942871,0.004913330078125,0.4682464599609375,"[0.24488669633865356, 1.0, 0.070991650223732, 0.9722532629966736]","[0.0, 0.0, 4.261057711119065e-06, 4.966666892869398e-05, -0.01669049821794033, 1.0, 0.016333334147930145, 4.261057711119065e-06, 0.0, 0.0, -0.9999986290931702, -0.016283666715025902, 0.0, 0.0]","[1.0, 0.0, 0.0, 0.8123567700386047, 0.0, 0.8431535959243774, 0.46207043528556824, 0.6913787722587585]",-37.236110562080704
13.650000000000059,112.85114288330078,-1.4408683776855469,18.175430297851562,9.1552734375e-05,0.444427490234375,"[0.2447468638420105, 1.0, 0.053042635321617126, 0.9818320274353027]","[0.0, 0.0, 4.261057711119065e-06, 4.966666892869398e-05, -0.01669049821794033, 1.0, 0.016333334147930145, 4.261057711119065e-06, 0.0, 0.0, -0.9999986290931702, -0.016283666715025902, 0.0, 0.0]","[1.0, 0.0, 0.0, 0.8123567700386047, 0.0, 0.8431535959243774, 0.46207043528556824, 0.6913787722587585]",-37.2237085062678
13.70000000000006,111.94258880615234,-1.452601432800293,18.17119026184082,-0.00677490234375,0.380950927734375,"[0.24502509832382202, 1.0, 0.026484834030270576, 0.9689112901687622]","[0.0, 0.0, 4.261057711119065e-06, 4.966666892869398e-05, -0.01669049821794033, 1.0, 0.016333334147930145, 4.261057711119065e-06, 0.0, 0.0, -0.9999986290931702, -0.016283666715025902, 0.0, 0.0]","[1.0, 0.0, 0.0, 0.8123567700386047, 0.0, 0.8431535959243774, 0.46207043528556824, 0.6913787722587585]",-37.65068610966052
13.75000000000006,111.03463745117188,-1.4643839597702026,18.154090881347656,-0.0185546875,0.3095245361328125,"[0.2461472749710083, 1.0, 0.03498593717813492, 0.9463106393814087]","[0.0, 0.0, 4.261057711119065e-06, 4.966666892869398e-05, -0.01669049821794033, 1.0, 0.016333334147930145, 4.261057711119065e-06, 0.0, 0.0, -0.9999986290931702, -0.016283666715025902, 0.0, 0.0]","[1.0, 0.0, 0.0, 0.8123567700386047, 0.0, 0.8431535959243774, 0.46207043528556824, 0.6913787722587585]",-38.07570483524079
13.800000000000061,110.1280517578125,-1.4738184213638306,18.119300842285156,-0.0341796875,0.2420654296875,"[0.24843037128448486, 1.0, 0.10666417330503464, 0.9292306303977966]","[0.0, 0.0, 4.261057711119065e-06, 4.966666892869398e-05, -0.01669049821794033, 1.0, 0.016333334147930145, 4.261057711119065e-06, 0.0, 0.0, -0.9999986290931702, -0.016283666715025902, 0.0, 0.0]","[1.0, 0.0, 0.0, 0.8123567700386047, 0.0, 0.8431535959243774, 0.46207043528556824, 0.6913787722587585]",-38.5099120451146
13.850000000000062,109.22379302978516,-1.4782285690307617,18.065359115600586,-0.051300048828125,0.20000000298023224,"[0.2519702911376953, 1.0, 0.18484044075012207, 0.9205040335655212]","[0.0, 0.0, 4.261057711119065e-06, 4.966666892869398e-05, -0.01669049821794033, 1.0, 0.016333334147930145, 4.261057711119065e-06, 0.0, 0.0, -0.9999986290931702, -0.016283666715025902, 0.0, 0.0]","[1.0, 0.0, 0.0, 0.8123567700386047, 0.0, 0.8431535959243774, 0.46207043528556824, 0.6913787722587585]",-38.503016111583825
13.900000000000063,108.32279205322266,-1.4748460054397583,17.995319366455078,-0.068115234375,0.20000000298023224,"[0.25656652450561523, 1.0, 0.2600887715816498, 0.9188277721405029]","[0.0, 0.0, 4.261057711119065e-06, 4.966666892869398e-05, -0.01669049821794033, 1.0, 0.016333334147930145, 4.261057711119065e-06, 0.0, 0.0, -0.9999986290931702, -0.016283666715025902, 0.0, 0.0]","[1.0, 0.0, 0.0, 0.8123567700386047, 0.0, 0.8431535959243774, 0.46207043528556824, 0.6913787722587585]",-38.99726040553174
13.950000000000063,107.42579650878906,-1.4610170125961304,17.913869857788086,-0.082366943359375,0.20000000298023224,"[0.26191169023513794, 1.0, 0.31730416417121887, 0.9242799878120422]","[0.0, 0.0, 4.261057711119065e-06, 4.966666892869398e-05, -0.01669049821794033, 1.0, 0.016333334147930145, 4.261057711119065e-06, 0.0, 0.0, -0.9999986290931702, -0.016283666715025902, 0.0, 0.0]","[1.0, 0.0, 0.0, 0.8123567700386047, 0.0, 0.8431535959243774, 0.46207043528556824, 0.6913787722587585]",-39.51638617495064
14.000000000000064,106.53351593017578,-1.4341806173324585,17.823650360107422,-0.094757080078125,0.20000000298023224,"[0.26783227920532227, 1.0, 0.3702048361301422, 0.9270045757293701]","[0.0, 0.0, 4.261057711119065e-06, 4.966666892869398e-05, -0.01669049821794033, 1.0, 0.016333334147930145, 4.261057711119065e-06, 0.0, 0.0, -0.9999986290931702, -0.016283666715025902, 0.0, 0.0]","[1.0, 0.0, 0.0, 0.8123567700386047, 0.0, 0.8431535959243774, 0.46207043528556824, 0.6913787722587585]",-40.05919467702014
14.050000000000065,105.64664459228516,-1.391742467880249,17.725500106811523,-0.10711669921875,0.20000000298023224,"[0.2742733359336853, 1.0, 0.4233366847038269, 0.9255926609039307]","[0.0, 0.0, 4.261057711119065e-06, 4.966666892869398e-05, -0.01669049821794033, 1.0, 0.016333334147930145, 4.261057711119065e-06, 0.0, 0.0, -0.9999986290931702, -0.016283666715025902, 0.0, 0.0]","[1.0, 0.0, 0.0, 0.8123567700386047, 0.0, 0.8431535959243774, 0.46207043528556824, 0.6913787722587585]",-40.29276738996822
14.100000000000065,104.76615905761719,-1.3308805227279663,17.61808967590332,-0.122772216796875,0.20000000298023224,"[0.28132206201553345, 1.0, 0.4835722744464874, 0.9167605638504028]","[0.0, 0.0, 4.261057711119065e-06, 4.966666892869398e-05, -0.01669049821794033, 1.0, 0.016333334147930145, 4.261057711119065e-06, 0.0, 0.0, -0.9999986290931702, -0.016283666715025902, 0.0, 0.0]","[1.0, 0.0, 0.0, 0.8123567700386047, 0.0, 0.8431535959243774, 0.46207043528556824, 0.6913787722587585]",-40.860808478056235
14.150000000000066,103.89334106445312,-1.2484084367752075,17.497909545898438,-0.1448974609375,0.20000000298023224,"[0.2892088294029236, 1.0, 0.5558874607086182, 0.9017670154571533]","[0.0, 0.0, 4.261057711119065e-06, 4.966666892869398e-05, -0.01669049821794033, 1.0, 0.016333334147930145, 4.261057711119065e-06, 0.0, 0.0, -0.9999986290931702, -0.016283666715025902, 0.0, 0.0]","[1.0, 0.0, 0.0, 0.8123567700386047, 0.0, 0.8431535959243774, 0.46207043528556824, 0.6913787722587585]",-41.41514917793878
14.200000000000067,103.02987670898438,-1.141176462173462,17.362899780273438,-0.169525146484375,0.20000000298023224,"[0.2980687618255615, 1.0, 0.6213415265083313, 0.897789716720581]","[0.0, 0.0, 4.261057711119065e-06, 4.966666892869398e-05, -0.01669049821794033, 1.0, 0.016333334147930145, 4.261057711119065e-06, 0.0, 0.0, -0.9999986290931702, -0.016283666715025902, 0.0, 0.0]","[1.0, 0.0, 0.0, 0.8123567700386047, 0.0, 0.8431535959243774, 0.46207043528556824, 0.6913787722587585]",-41.952734997767
14.250000000000068,102.17794036865234,-1.0061694383621216,17.209999084472656,-0.197540283203125,0.20000000298023224,"[0.3081027865409851, 1.0, 0.6320813298225403, 0.8903730511665344]","[0.0, 0.0, 4.261057711119065e-06, 4.966666892869398e-05, -0.01669049821794033, 1.0, 0.016333334147930145, 4.261057711119065e-06, 0.0, 0.0, -0.9999986290931702, -0.016283666715025902, 0.0, 0.0]","[1.0, 0.0, 0.0, 0.8123567700386047, 0.0, 0.8431535959243774, 0.46207043528556824, 0.6913787722587585]",-42.146458399581455
14.300000000000068,101.34001922607422,-0.8407280445098877,17.03820037841797,-0.225128173828125,0.20000000298023224,"[0.31937700510025024, 1.0, 0.6427569389343262, 0.8902620077133179]","[0.0, 0.0, 4.261057711119065e-06, 4.966666892869398e-05, -0.01669049821794033, 1.0, 0.016333334147930145, 4.261057711119065e-06, 0.0, 0.0, -0.9999986290931702, -0.016283666715025902, 0.0, 0.0]","[1.0, 0.0, 0.0, 0.8123567700386047, 0.0, 0.8431535959243774, 0.46207043528556824, 0.6913787722587585]",-42.64815005839846
14.350000000000069,100.5188980102539,-0.642740786075592,16.84808921813965,-0.249664306640625,0.20000000298023224,"[0.33185291290283203, 1.0, 0.6519376039505005, 0.8931552171707153]","[0.0, 0.0, 4.261057711119065e-06, 4.966666892869398e-05, -0.01669049821794033, 1.0, 0.016333334147930145, 4.261057711119065e-06, 0.0, 0.0, -0.9999986290931702, -0.016283666715025902, 0.0, 0.0]","[1.0, 0.0, 0.0, 0.8123567700386047, 0.0, 0.8431535959243774, 0.46207043528556824, 0.6913787722587585]",-43.12846539322684
14.40000000000007,99.71736907958984,-0.4107986092567444,16.643369674682617,-0.26654052734375,0.20000000298023224,"[0.345287561416626, 1.0, 0.6571164727210999, 0.9020496606826782]","[0.0, 0.0, 4.261057711119065e-06, 4.966666892869398e-05, -0.01669049821794033, 1.0, 0.016333334147930145, 4.261057711119065e-06, 0.0, 0.0, -0.9999986290931702, -0.016283666715025902, 0.0, 0.0]","[1.0, 0.0, 0.0, 0.8123567700386047, 0.0, 0.8431535959243774, 0.46207043528556824, 0.6913787722587585]",-43.58545349691571
14.45000000000007,98.93805694580078,-0.1442488580942154,16.42991065979004,-0.272552490234375,0.20000000298023224,"[0.35929572582244873, 1.0, 0.6567599773406982, 0.9137535095214844]","[0.0, 0.0, 4.261057711119065e-06, 4.966666892869398e-05, -0.01669049821794033, 1.0, 0.016333334147930145, 4.261057711119065e-06, 0.0, 0.0, -0.9999986290931702, -0.016283666715025902, 0.0, 0.0]","[1.0, 0.0, 0.0, 0.8123567700386047, 0.0, 0.8431535959243774, 0.46207043528556824, 0.6913787722587585]",-43.650496457488174
14.500000000000071,98.18338775634766,0.15705159306526184,16.212270736694336,-0.272552490234375,0.23809814453125,"[0.37357819080352783, 1.0, 0.652152955532074, 0.9181769490242004]","[0.0, 0.0, 4.261057711119065e-06, 4.966666892869398e-05, -0.01669049821794033, 1.0, 0.016333334147930145, 4.261057711119065e-06, 0.0, 0.0, -0.9999986290931702, -0.016283666715025902, 0.0, 0.0]","[1.0, 0.0, 0.0, 0.8123567700386047, 0.0, 0.8431535959243774, 0.46207043528556824, 0.6913787722587585]",-44.031918346301254
14.550000000000072,97.45581817626953,0.49303075671195984,15.99215030670166,-0.27386474609375,0.27777099609375,"[0.3880235552787781, 1.0, 0.6459521055221558, 0.917854905128479]","[0.0, 0.0, 4.261057711119065e-06, 4.966666892869398e-05, -0.01669049821794033, 1.0, 0.016333334147930145, 4.261057711119065e-06, 0.0, 0.0, -0.9999986290931702, -0.016283666715025902, 0.0, 0.0]","[1.0, 0.0, 0.0, 0.8123567700386047, 0.0, 0.8431535959243774, 0.46207043528556824, 0.6913787722587585]",-44.37856233854353
14.600000000000072,96.7579345703125,0.8634023666381836,15.767800331115723,-0.28033447265625,0.3055572509765625,"[0.40274643898010254, 1.0, 0.6415560841560364, 0.9135045409202576]","[0.0, 0.0, 4.261057711119065e-06, 4.966666892869398e-05, -0.01669049821794033, 1.0, 0.016333334147930145, 4.261057711119065e-06, 0.0, 0.0, -0.9999986290931702, -0.016283666715025902, 0.0, 0.0]","[1.0, 0.0, 0.0, 0.8123567700386047, 0.0, 0.8431535959243774, 0.46207043528556824, 0.6913787722587585]",-44.68362542832029
14.650000000000073,96.09255981445312,1.267462134361267,15.537420272827148,-0.29010009765625,0.3134918212890625,"[0.41786491870880127, 1.0, 0.6396232843399048, 0.9093604683876038]","[0.0, 0.0, 4.261057711119065e-06, 4.966666892869398e-05, -0.01669049821794033, 1.0, 0.016333334147930145, 4.261057711119065e-06, 0.0, 0.0, -0.9999986290931702, -0.016283666715025902, 0.0, 0.0]","[1.0, 0.0, 0.0, 0.8123567700386047, 0.0, 0.8431535959243774, 0.46207043528556824, 0.6913787722587585]",-44.498127241167985
14.700000000000074,95.46241760253906,1.7039408683776855,15.301480293273926,-0.298858642578125,0.3174591064453125,"[0.4333484172821045, 1.0, 0.6386092305183411, 0.9074830412864685]","[0.0, 0.0, 4.261057711119065e-06, 4.966666892869398e-05, -0.01669049821794033, 1.0, 0.016333334147930145, 4.261057711119065e-06, 0.0, 0.0, -0.9999986290931702, -0.016283666715025902, 0.0, 0.0]","[1.0, 0.0, 0.0, 0.8123567700386047, 0.0, 0.8431535959243774, 0.46207043528556824, 0.6913787722587585]",-44.68503450055219
14.750000000000075,94.86988830566406,2.1710376739501953,15.064339637756348,-0.3011474609375,0.3174591064453125,"[0.448910653591156, 1.0, 0.6353846192359924, 0.9092938303947449]","[0.0, 0.0, 4.261057711119065e-06, 4.966666892869398e-05, -0.01669049821794033, 1.0, 0.016333334147930145, 4.261057711119065e-06, 0.0, 0.0, -0.9999986290931702, -0.016283666715025902, 0.0, 0.0]","[1.0, 0.0, 0.0, 0.8123567700386047, 0.0, 0.8431535959243774, 0.46207043528556824, 0.6913787722587585]",-44.80937161144498
14.800000000000075,94.31376647949219,2.6639437675476074,14.831709861755371,-0.298309326171875,0.3372955322265625,"[0.46417689323425293, 1.0, 0.6329832673072815, 0.8458378314971924]","[0.0, 0.0, 4.261057711119065e-06, 4.966666892869398e-05, -0.01669049821794033, 1.0, 0.016333334147930145, 4.261057711119065e-06, 0.0, 0.0, -0.9999986290931702, -0.016283666715025902, 0.0, 0.0]","[1.0, 0.0, 0.0, 0.8123567700386047, 0.0, 0.8431535959243774, 0.46207043528556824, 0.6913787722587585]",-44.89114339908004
14.850000000000076,93.79776000976562,3.1824657917022705,14.589449882507324,-0.29193115234375,0.3730010986328125,"[0.48007500171661377, 1.0, 0.6206852793693542, 0.8023830056190491]","[0.0, 0.0, 4.261057711119065e-06, 4.966666892869398e-05, -0.01669049821794033, 1.0, 0.016333334147930145, 4.261057711119065e-06, 0.0, 0.0, -0.9999986290931702, -0.016283666715025902, 0.0, 0.0]","[1.0, 0.0, 0.0, 0.8123567700386047, 0.0, 0.8431535959243774, 0.46207043528556824, 0.6913787722587585]",-44.446783435971874
14.900000000000077,93.32601165771484,3.7262728214263916,14.368989944458008,-0.2852783203125,0.416656494140625,"[0.49454259872436523, 1.0, 0.6078312397003174, 0.8701725006103516]","[0.0, 0.0, 4.261057711119065e-06, 4.966666892869398e-05, -0.01669049821794033, 1.0, 0.016333334147930145, 4.261057711119065e-06, 0.0, 0.0, -0.9999986290931702, -0.016283666715025902, 0.0, 0.0]","[1.0, 0.0, 0.0, 0.8123567700386047, 0.0, 0.8431535959243774, 0.46207043528556824, 0.6913787722587585]",-44.47383352479296
14.950000000000077,92.89653015136719,4.2907233238220215,14.161100387573242,-0.276885986328125,0.432525634765625,"[0.5081852078437805, 1.0, 0.600309431552887, 0.8767476677894592]","[0.0, 0.0, 4.261057711119065e-06, 4.966666892869398e-05, -0.01669049821794033, 1.0, 0.016333334147930145, 4.261057711119065e-06, 0.0, 0.0, -0.9999986290931702, -0.016283666715025902, 0.0, 0.0]","[1.0, 0.0, 0.0, 0.8123567700386047, 0.0, 0.8431535959243774, 0.46207043528556824, 0.6913787722587585]",-44.46442369165282
15.000000000000078,92.51061248779297,4.873900890350342,13.972709655761719,-0.265533447265625,0.456329345703125,"[0.5205482244491577, 1.0, 0.5742185115814209, 0.8639090061187744]","[0.0, 0.0, 4.261057711119065e-06, 4.966666892869398e-05, -0.01669049821794033, 1.0, 0.016333334147930145, 4.261057711119065e-06, 0.0, 0.0, -0.9999986290931702, -0.016283666715025902, 0.0, 0.0]","[1.0, 0.0, 0.0, 0.8123567700386047, 0.0, 0.8431535959243774, 0.46207043528556824, 0.6913787722587585]",-44.41072880440307
15.050000000000079,92.17000579833984,5.474196434020996,13.798999786376953,-0.250274658203125,0.4801483154296875,"[0.5319478511810303, 1.0, 0.5696610808372498, 0.9034082293510437]","[0.0, 0.0, 4.261057711119065e-06, 4.966666892869398e-05, -0.01669049821794033, 1.0, 0.016333334147930145, 4.261057711119065e-06, 0.0, 0.0, -0.9999986290931702, -0.016283666715025902, 0.0, 0.0]","[1.0, 0.0, 0.0, 0.8123567700386047, 0.0, 0.8431535959243774, 0.46207043528556824, 0.6913787722587585]",-43.77452380051779
15.10000000000008,91.87296295166016,6.089089393615723,13.658709526062012,-0.22747802734375,0.50390625,"[0.5411543250083923, 1.0, 0.5536642074584961, 0.8972132802009583]","[0.0, 0.0, 4.261057711119065e-06, 4.966666892869398e-05, -0.01669049821794033, 1.0, 0.016333334147930145, 4.261057711119065e-06, 0.0, 0.0, -0.9999986290931702, -0.016283666715025902, 0.0, 0.0]","[1.0, 0.0, 0.0, 0.8123567700386047, 0.0, 0.8431535959243774, 0.46207043528556824, 0.6913787722587585]",-43.58310477111796
15.15000000000008,91.61878967285156,6.716259479522705,13.555899620056152,-0.198272705078125,0.53125,"[0.5479011535644531, 1.0, 0.5344624519348145, 0.8995440602302551]","[0.0, 0.0, 4.261057711119065e-06, 4.966666892869398e-05, -0.01669049821794033, 1.0, 0.016333334147930145, 4.261057711119065e-06, 0.0, 0.0, -0.9999986290931702, -0.016283666715025902, 0.0, 0.0]","[1.0, 0.0, 0.0, 0.8123567700386047, 0.0, 0.8431535959243774, 0.46207043528556824, 0.6913787722587585]",-43.401029843769706
15.200000000000081,91.404296875,7.354119777679443,13.486339569091797,-0.1651611328125,0.5546875,"[0.5524660348892212, 1.0, 0.5167301297187805, 0.9184988737106323]","[0.0, 0.0, 4.261057711119065e-06, 4.966666892869398e-05, -0.01669049821794033, 1.0, 0.016333334147930145, 4.261057711119065e-06, 0.0, 0.0, -0.9999986290931702, -0.016283666715025902, 0.0, 0.0]","[1.0, 0.0, 0.0, 0.8123567700386047, 0.0, 0.8431535959243774, 0.46207043528556824, 0.6913787722587585]",-43.31962345285549
15.250000000000082,91.2258071899414,8.000873565673828,13.455010414123535,-0.130767822265625,0.58203125,"[0.5545219779014587, 1.0, 0.5320128798484802, 0.883775532245636]","[0.0, 0.0, 4.261057711119065e-06, 4.966666892869398e-05, -0.01669049821794033, 1.0, 0.016333334147930145, 4.261057711119065e-06, 0.0, 0.0, -0.9999986290931702, -0.016283666715025902, 0.0, 0.0]","[1.0, 0.0, 0.0, 0.8123567700386047, 0.0, 0.8431535959243774, 0.46207043528556824, 0.6913787722587585]",-42.68174117398683
15.300000000000082,91.07854461669922,8.655275344848633,13.454719543457031,-0.096893310546875,0.60546875,"[0.5545411109924316, 1.0, 0.5514422059059143, 0.8879566192626953]","[0.0, 0.0, 4.261057711119065e-06, 4.966666892869398e-05, -0.01669049821794033, 1.0, 0.016333334147930145, 4.261057711119065e-06, 0.0, 0.0, -0.9999986290931702, -0.016283666715025902, 0.0, 0.0]","[1.0, 0.0, 0.0, 0.8123567700386047, 0.0, 0.8431535959243774, 0.46207043528556824, 0.6913787722587585]",-42.49305167841213
15.350000000000083,90.95808410644531,9.316394805908203,13.478540420532227,-0.066986083984375,0.62109375,"[0.5529778599739075, 1.0, 0.5156540274620056, 0.8842974305152893]","[0.0, 0.0, 4.261057711119065e-06, 4.966666892869398e-05, -0.01669049821794033, 1.0, 0.016333334147930145, 4.261057711119065e-06, 0.0, 0.0, -0.9999986290931702, -0.016283666715025902, 0.0, 0.0]","[1.0, 0.0, 0.0, 0.8123567700386047, 0.0, 0.8431535959243774, 0.46207043528556824, 0.6913787722587585]",-42.28612799881633
15.400000000000084,90.8602066040039,9.98343563079834,13.519189834594727,-0.0443115234375,0.62890625,"[0.5503102540969849, 1.0, 0.4435819387435913, 0.8913860321044922]","[0.0, 0.0, 4.261057711119065e-06, 4.966666892869398e-05, -0.01669049821794033, 1.0, 0.016333334147930145, 4.261057711119065e-06, 0.0, 0.0, -0.9999986290931702, -0.016283666715025902, 0.0, 0.0]","[1.0, 0.0, 0.0, 0.8123567700386047, 0.0, 0.8431535959243774, 0.46207043528556824, 0.6913787722587585]",-42.062177182807325
15.450000000000085,90.78084564208984,10.655729293823242,13.571660041809082,-0.028167724609375,0.63671875,"[0.5468668937683105, 1.0, 0.375654935836792, 0.9002752900123596]","[0.0, 0.0, 4.261057711119065e-06, 4.966666892869398e-05, -0.01669049821794033, 1.0, 0.016333334147930145, 4.261057711119065e-06, 0.0, 0.0, -0.9999986290931702, -0.016283666715025902, 0.0, 0.0]","[1.0, 0.0, 0.0, 0.8123567700386047, 0.0, 0.8431535959243774, 0.46207043528556824, 0.6913787722587585]",-41.33212729372505
15.500000000000085,90.71627044677734,11.332778930664062,13.632729530334473,-0.017913818359375,0.6484375,"[0.5428592562675476, 1.0, 0.31031516194343567, 0.9127907156944275]","[0.0, 0.0, 4.261057711119065e-06, 4.966666892869398e-05, -0.01669049821794033, 1.0, 0.016333334147930145, 4.261057711119065e-06, 0.0, 0.0, -0.9999986290931702, -0.016283666715025902, 0.0, 0.0]","[1.0, 0.0, 0.0, 0.8123567700386047, 0.0, 0.8431535959243774, 0.46207043528556824, 0.6913787722587585]",-41.07821647464552
15.550000000000086,90.66329193115234,12.014264106750488,13.699970245361328,-0.01318359375,0.65234375,"[0.5384466648101807, 1.0, 0.2546307444572449, 0.9296781420707703]","[0.0, 0.0, 4.261057711119065e-06, 4.966666892869398e-05, -0.01669049821794033, 1.0, 0.016333334147930145, 4.261057711119065e-06, 0.0, 0.0, -0.9999986290931702, -0.016283666715025902, 0.0, 0.0]","[1.0, 0.0, 0.0, 0.8123567700386047, 0.0, 0.8431535959243774, 0.46207043528556824, 0.6913787722587585]",-40.83881381356463
15.600000000000087,90.61943054199219,12.699986457824707,13.77180004119873,-0.012908935546875,0.6640625,"[0.5337328910827637, 1.0, 0.215975821018219, 0.9471479654312134]","[0.0, 0.0, 4.261057711119065e-06, 4.966666892869398e-05, -0.01669049821794033, 1.0, 0.016333334147930145, 4.261057711119065e-06, 0.0, 0.0, -0.9999986290931702, -0.016283666715025902, 0.0, 0.0]","[1.0, 0.0, 0.0, 0.8123567700386047, 0.0, 0.8431535959243774, 0.46207043528556824, 0.6913787722587585]",-40.61457558884622
15.650000000000087,90.58272552490234,13.389893531799316,13.848030090332031,-0.013092041015625,0.67578125,"[0.5287302732467651, 1.0, 0.18533669412136078, 0.954049289226532]","[0.0, 0.0, 4.261057711119065e-06, 4.966666892869398e-05, -0.01669049821794033, 1.0, 0.016333334147930145, 4.261057711119065e-06, 0.0, 0.0, -0.9999986290931702, -0.016283666715025902, 0.0, 0.0]","[1.0, 0.0, 0.0, 0.8123567700386047, 0.0, 0.8431535959243774, 0.46207043528556824, 0.6913787722587585]",-39.92823607642023
15.700000000000088,90.55142974853516,14.08402156829834,13.928279876708984,-0.012359619140625,0.68359375,"[0.5234639644622803, 1.0, 0.16029053926467896, 0.95903480052948]","[0.0, 0.0, 4.261057711119065e-06, 4.966666892869398e-05, -0.01669049821794033, 1.0, 0.016333334147930145, 4.261057711119065e-06, 0.0, 0.0, -0.9999986290931702, -0.016283666715025902, 0.0, 0.0]","[1.0, 0.0, 0.0, 0.8123567700386047, 0.0, 0.8431535959243774, 0.46207043528556824, 0.6913787722587585]",-39.71218827849221
15.750000000000089,90.52422332763672,14.782464027404785,14.012299537658691,-0.01055908203125,0.6953125,"[0.517950177192688, 1.0, 0.13999956846237183, 0.9632790088653564]","[0.0, 0.0, 4.261057711119065e-06, 4.966666892869398e-05, -0.01669049821794033, 1.0, 0.016333334147930145, 4.261057711119065e-06, 0.0, 0.0, -0.9999986290931702, -0.016283666715025902, 0.0, 0.0]","[1.0, 0.0, 0.0, 0.8123567700386047, 0.0, 0.8431535959243774, 0.46207043528556824, 0.6913787722587585]",-39.454567338567706
15.80000000000009,90.4999771118164,15.485339164733887,14.09982967376709,-0.007781982421875,0.703125,"[0.5122060775756836, 1.0, 0.12300044298171997, 0.9661998152732849]","[0.0, 0.0, 4.261057711119065e-06, 4.966666892869398e-05, -0.01669049821794033, 1.0, 0.016333334147930145, 4.261057711119065e-06, 0.0, 0.0, -0.9999986290931702, -0.016283666715025902, 0.0, 0.0]","[1.0, 0.0, 0.0, 0.8123567700386047, 0.0, 0.8431535959243774, 0.46207043528556824, 0.6913787722587585]",-39.20204654478464
15.85000000000009,90.477783203125,16.19277000427246,14.190500259399414,-0.0045166015625,0.7109375,"[0.5062558650970459, 1.0, 0.10873362421989441, 0.9689213037490845]","[0.0, 0.0, 4.261057711119065e-06, 4.966666892869398e-05, -0.01669049821794033, 1.0, 0.016333334147930145, 4.261057711119065e-06, 0.0, 0.0, -0.9999986290931702, -0.016283666715025902, 0.0, 0.0]","[1.0, 0.0, 0.0, 0.8123567700386047, 0.0, 0.8431535959243774, 0.46207043528556824, 0.6913787722587585]",-38.367567494517324
15.900000000000091,90.45692443847656,16.90488052368164,14.284339904785156,-0.00177001953125,0.72265625,"[0.5000976324081421, 1.0, 0.09890329092741013, 0.9729019403457642]","[0.0, 0.0, 4.261057711119065e-06, 4.966666892869398e-05, -0.01669049821794033, 1.0, 0.016333334147930145, 4.261057711119065e-06, 0.0, 0.0, -0.9999986290931702, -0.016283666715025902, 0.0, 0.0]","[1.0, 0.0, 0.0, 0.8123567700386047, 0.0, 0.8431535959243774, 0.46207043528556824, 0.6913787722587585]",-38.10555840517533
15.950000000000092,90.4369888305664,17.621816635131836,14.381409645080566,-0.0006103515625,0.73046875,"[0.49372750520706177, 1.0, 0.0952967032790184, 0.9784431457519531]","[0.0, 0.0, 4.261057711119065e-06, 4.966666892869398e-05, -0.01669049821794033, 1.0, 0.016333334147930145, 4.261057711119065e-06, 0.0, 0.0, -0.9999986290931702, -0.016283666715025902, 0.0, 0.0]","[1.0, 0.0, 0.0, 0.8123567700386047, 0.0, 0.8431535959243774, 0.46207043528556824, 0.6913787722587585]",-37.867176875582935
16.000000000000092,90.41773223876953,18.343719482421875,14.481550216674805,-0.00054931640625,0.73828125,"[0.48715585470199585, 1.0, 0.09502767771482468, 0.9811637997627258]","[0.0, 0.0, 4.261057711119065e-06, 4.966666892869398e-05, -0.01669049821794033, 1.0, 0.016333334147930145, 4.261057711119065e-06, 0.0, 0.0, -0.9999986290931702, -0.016283666715025902, 0.0, 0.0]","[1.0, 0.0, 0.0, 0.8123567700386047, 0.0, 0.8431535959243774, 0.46207043528556824, 0.6913787722587585]",-37.6525490195196
16.050000000000093,90.39892578125,19.070730209350586,14.584659576416016,-0.000396728515625,0.74609375,"[0.4803893566131592, 1.0, 0.09450461715459824, 0.9808177351951599]","[0.0, 0.0, 4.261057711119065e-06, 4.966666892869398e-05, -0.01669049821794033, 1.0, 0.016333334147930145, 4.261057711119065e-06, 0.0, 0.0, -0.9999986290931702, -0.016283666715025902, 0.0, 0.0]","[1.0, 0.0, 0.0, 0.8123567700386047, 0.0, 0.8431535959243774, 0.46207043528556824, 0.6913787722587585]",-36.884935723163935
16.100000000000094,90.38019561767578,19.802982330322266,14.690640449523926,0.00152587890625,0.75390625,"[0.4734344482421875, 1.0, 0.09727955609560013, 0.9759840369224548]","[0.0, 0.0, 4.261057711119065e-06, 4.966666892869398e-05, -0.01669049821794033, 1.0, 0.016333334147930145, 4.261057711119065e-06, 0.0, 0.0, -0.9999986290931702, -0.016283666715025902, 0.0, 0.0]","[1.0, 0.0, 0.0, 0.8123567700386047, 0.0, 0.8431535959243774, 0.46207043528556824, 0.6913787722587585]",-36.72783944706787
16.150000000000095,90.36095428466797,20.540605545043945,14.799420356750488,0.005126953125,0.76171875,"[0.46629583835601807, 1.0, 0.11156924068927765, 0.9716755747795105]","[0.0, 0.0, 4.261057711119065e-06, 4.966666892869398e-05, -0.01669049821794033, 1.0, 0.016333334147930145, 4.261057711119065e-06, 0.0, 0.0, -0.9999986290931702, -0.016283666715025902, 0.0, 0.0]","[1.0, 0.0, 0.0, 0.8123567700386047, 0.0, 0.8431535959243774, 0.46207043528556824, 0.6913787722587585]",-36.597825255274
16.200000000000095,90.34050750732422,21.283716201782227,14.910619735717773,0.010498046875,0.765625,"[0.4589983820915222, 1.0, 0.13007868826389313, 0.9667108058929443]","[0.0, 0.0, 4.261057711119065e-06, 4.966666892869398e-05, -0.01669049821794033, 1.0, 0.016333334147930145, 4.261057711119065e-06, 0.0, 0.0, -0.9999986290931702, -0.016283666715025902, 0.0, 0.0]","[1.0, 0.0, 0.0, 0.8123567700386047, 0.0, 0.8431535959243774, 0.46207043528556824, 0.6913787722587585]",-36.4954198527109
16.250000000000096,90.31804656982422,22.032373428344727,15.02344036102295,0.0167236328125,0.765625,"[0.45159465074539185, 1.0, 0.15012483298778534, 0.964339554309845]","[0.0, 0.0, 4.261057711119065e-06, 4.966666892869398e-05, -0.01669049821794033, 1.0, 0.016333334147930145, 4.261057711119065e-06, 0.0, 0.0, -0.9999986290931702, -0.016283666715025902, 0.0, 0.0]","[1.0, 0.0, 0.0, 0.8123567700386047, 0.0, 0.8431535959243774, 0.46207043528556824, 0.6913787722587585]",-35.8802866084708
16.300000000000097,90.29273986816406,22.786611557006836,15.137189865112305,0.02227783203125,0.765625,"[0.4441298246383667, 1.0, 0.16809098422527313, 0.9658653140068054]","[0.0, 0.0, 4.261057711119065e-06, 4.966666892869398e-05, -0.01669049821794033, 1.0, 0.016333334147930145, 4.261057711119065e-06, 0.0, 0.0, -0.9999986290931702, -0.016283666715025902, 0.0, 0.0]","[1.0, 0.0, 0.0, 0.8123567700386047, 0.0, 0.8431535959243774, 0.46207043528556824, 0.6913787722587585]",-35.845134516837405
16.350000000000097,90.26402282714844,23.546430587768555,15.251629829406738,0.025634765625,0.765625,"[0.4366198182106018, 1.0, 0.18075604736804962, 0.9710833430290222]","[0.0, 0.0, 4.261057711119065e-06, 4.966666892869398e-05, -0.01669049821794033, 1.0, 0.016333334147930145, 4.261057711119065e-06, 0.0, 0.0, -0.9999986290931702, -0.016283666715025902, 0.0, 0.0]","[1.0, 0.0, 0.0, 0.8123567700386047, 0.0, 0.8431535959243774, 0.46207043528556824, 0.6913787722587585]",-35.84150447087135
16.400000000000098,90.23143005371094,24.31182861328125,15.366660118103027,0.0264892578125,0.765625,"[0.42907100915908813, 1.0, 0.1878821849822998, 0.9767159819602966]","[0.0, 0.0, 4.261057711119065e-06, 4.966666892869398e-05, -0.01669049821794033, 1.0, 0.016333334147930145, 4.261057711119065e-06, 0.0, 0.0, -0.9999986290931702, -0.016283666715025902, 0.0, 0.0]","[1.0, 0.0, 0.0, 0.8123567700386047, 0.0, 0.8431535959243774, 0.46207043528556824, 0.6913787722587585]",-35.87027447815758
16.4500000000001,90.19464874267578,25.08279800415039,15.482319831848145,0.026458740234375,0.76953125,"[0.4214808940887451, 1.0, 0.19399471580982208, 0.9776994585990906]","[0.0, 0.0, 4.261057711119065e-06, 4.966666892869398e-05, -0.01669049821794033, 1.0, 0.016333334147930145, 4.261057711119065e-06, 0.0, 0.0, -0.9999986290931702, -0.016283666715025902, 0.0, 0.0]","[1.0, 0.0, 0.0, 0.8123567700386047, 0.0, 0.8431535959243774, 0.46207043528556824, 0.6913787722587585]",-35.440689760296955
16.5000000000001,90.15328979492188,25.85933494567871,15.598620414733887,0.02630615234375,0.76953125,"[0.41384875774383545, 1.0, 0.1999230682849884, 0.9777621626853943]","[0.0, 0.0, 4.261057711119065e-06, 4.966666892869398e-05, -0.01669049821794033, 1.0, 0.016333334147930145, 4.261057711119065e-06, 0.0, 0.0, -0.9999986290931702, -0.016283666715025902, 0.0, 0.0]","[1.0, 0.0, 0.0, 0.8123567700386047, 0.0, 0.8431535959243774, 0.46207043528556824, 0.6913787722587585]",-35.55116348744339
16.5500000000001,90.10700988769531,26.641427993774414,15.715519905090332,0.026275634765625,0.7734375,"[0.406177282333374, 1.0, 0.20554064214229584, 0.9779719710350037]","[0.0, 0.0, 4.261057711119065e-06, 4.966666892869398e-05, -0.01669049821794033, 1.0, 0.016333334147930145, 4.261057711119065e-06, 0.0, 0.0, -0.9999986290931702, -0.016283666715025902, 0.0, 0.0]","[1.0, 0.0, 0.0, 0.8123567700386047, 0.0, 0.8431535959243774, 0.46207043528556824, 0.6913787722587585]",-35.69649279148342
16.6000000000001,90.0555191040039,27.42905616760254,15.833069801330566,0.026275634765625,0.7734375,"[0.3984631299972534, 1.0, 0.2103569060564041, 0.9787102937698364]","[0.0, 0.0, 4.261057711119065e-06, 4.966666892869398e-05, -0.01669049821794033, 1.0, 0.016333334147930145, 4.261057711119065e-06, 0.0, 0.0, -0.9999986290931702, -0.016283666715025902, 0.0, 0.0]","[1.0, 0.0, 0.0, 0.8123567700386047, 0.0, 0.8431535959243774, 0.46207043528556824, 0.6913787722587585]",-35.87590832945231
16.6500000000001,89.99864959716797,28.22222137451172,15.951160430908203,0.0252685546875,0.7734375,"[0.3907134532928467, 1.0, 0.21120791137218475, 0.9824105501174927]","[0.0, 0.0, 4.261057711119065e-06, 4.966666892869398e-05, -0.01669049821794033, 1.0, 0.016333334147930145, 4.261057711119065e-06, 0.0, 0.0, -0.9999986290931702, -0.016283666715025902, 0.0, 0.0]","[1.0, 0.0, 0.0, 0.8123567700386047, 0.0, 0.8431535959243774, 0.46207043528556824, 0.6913787722587585]",-35.65880643554848
16.700000000000102,89.93660736083984,29.02093505859375,16.06991958618164,0.021636962890625,0.7734375,"[0.38291996717453003, 1.0, 0.20378372073173523, 0.9758715033531189]","[0.0, 0.0, 4.261057711119065e-06, 4.966666892869398e-05, -0.01669049821794033, 1.0, 0.016333334147930145, 4.261057711119065e-06, 0.0, 0.0, -0.9999986290931702, -0.016283666715025902, 0.0, 0.0]","[1.0, 0.0, 0.0, 0.8123567700386047, 0.0, 0.8431535959243774, 0.46207043528556824, 0.6913787722587585]",-35.91768131918778
16.750000000000103,89.86988830566406,29.825199127197266,16.18705940246582,0.015869140625,0.73828125,"[0.3752326965332031, 1.0, 0.1877731829881668, 0.9687361121177673]","[0.0, 0.0, 4.261057711119065e-06, 4.966666892869398e-05, -0.01669049821794033, 1.0, 0.016333334147930145, 4.261057711119065e-06, 0.0, 0.0, -0.9999986290931702, -0.016283666715025902, 0.0, 0.0]","[1.0, 0.0, 0.0, 0.8123567700386047, 0.0, 0.8431535959243774, 0.46207043528556824, 0.6913787722587585]",-36.208741762729446
16.800000000000104,89.79900360107422,30.6347599029541,16.296110153198242,0.01104736328125,0.66796875,"[0.36807626485824585, 1.0, 0.16835911571979523, 0.9677255153656006]","[0.0, 0.0, 4.261057711119065e-06, 4.966666892869398e-05, -0.01669049821794033, 1.0, 0.016333334147930145, 4.261057711119065e-06, 0.0, 0.0, -0.9999986290931702, -0.016283666715025902, 0.0, 0.0]","[1.0, 0.0, 0.0, 0.8123567700386047, 0.0, 0.8431535959243774, 0.46207043528556824, 0.6913787722587585]",-36.53172255011692
16.850000000000104,89.72433471679688,31.448997497558594,16.390249252319336,0.008056640625,0.59375,"[0.3618984818458557, 1.0, 0.14640967547893524, 0.9652106761932373]","[0.0, 0.0, 4.261057711119065e-06, 4.966666892869398e-05, -0.01669049821794033, 1.0, 0.016333334147930145, 4.261057711119065e-06, 0.0, 0.0, -0.9999986290931702, -0.016283666715025902, 0.0, 0.0]","[1.0, 0.0, 0.0, 0.8123567700386047, 0.0, 0.8431535959243774, 0.46207043528556824, 0.6913787722587585]",-36.5244783082221
16.900000000000105,89.64624786376953,32.26710510253906,16.46870994567871,0.00653076171875,0.578125,"[0.3567495346069336, 1.0, 0.12579911947250366, 0.9676957130432129]","[0.0, 0.0, 4.261057711119065e-06, 4.966666892869398e-05, -0.01669049821794033, 1.0, 0.016333334147930145, 4.261057711119065e-06, 0.0, 0.0, -0.9999986290931702, -0.016283666715025902, 0.0, 0.0]","[1.0, 0.0, 0.0, 0.8123567700386047, 0.0, 0.8431535959243774, 0.46207043528556824, 0.6913787722587585]",-36.925781389007305
16.950000000000106,89.56510162353516,33.088470458984375,16.536029815673828,0.005706787109375,0.578125,"[0.3523316979408264, 1.0, 0.10963956266641617, 0.9748769402503967]","[0.0, 0.0, 4.261057711119065e-06, 4.966666892869398e-05, -0.01669049821794033, 1.0, 0.016333334147930145, 4.261057711119065e-06, 0.0, 0.0, -0.9999986290931702, -0.016283666715025902, 0.0, 0.0]","[1.0, 0.0, 0.0, 0.8123567700386047, 0.0, 0.8431535959243774, 0.46207043528556824, 0.6913787722587585]",-37.35652810246067
17.000000000000107,89.48135375976562,33.91274642944336,16.597909927368164,0.00433349609375,0.60546875,"[0.34827083349227905, 1.0, 0.09608878940343857, 0.9795663952827454]","[0.0, 0.0, 4.261057711119065e-06, 4.966666892869398e-05, -0.01669049821794033, 1.0, 0.016333334147930145, 4.261057711119065e-06, 0.0, 0.0, -0.9999986290931702, -0.016283666715025902, 0.0, 0.0]","[1.0, 0.0, 0.0, 0.8123567700386047, 0.0, 0.8431535959243774, 0.46207043528556824, 0.6913787722587585]",-37.815527882713646
17.050000000000107,89.39552307128906,34.73988342285156,16.658790588378906,0.002044677734375,0.6171875,"[0.3442755341529846, 1.0, 0.08390416949987411, 0.9797045588493347]","[0.0, 0.0, 4.261057711119065e-06, 4.966666892869398e-05, -0.01669049821794033, 1.0, 0.016333334147930145, 4.261057711119065e-06, 0.0, 0.0, -0.9999986290931702, -0.016283666715025902, 0.0, 0.0]","[1.0, 0.0, 0.0, 0.8123567700386047, 0.0, 0.8431535959243774, 0.46207043528556824, 0.6913787722587585]",-38.01486189676691
17.100000000000108,89.30831146240234,35.56998062133789,16.720699310302734,-0.001953125,0.6328125,"[0.340212881565094, 1.0, 0.06861978769302368, 0.9744417071342468]","[0.0, 0.0, 4.261057711119065e-06, 4.966666892869398e-05, -0.01669049821794033, 1.0, 0.016333334147930145, 4.261057711119065e-06, 0.0, 0.0, -0.9999986290931702, -0.016283666715025902, 0.0, 0.0]","[1.0, 0.0, 0.0, 0.8123567700386047, 0.0, 0.8431535959243774, 0.46207043528556824, 0.6913787722587585]",-38.54252316070511
17.15000000000011,89.22036743164062,36.40321350097656,16.78519058227539,-0.0057373046875,0.6484375,"[0.3359805941581726, 1.0, 0.057840004563331604, 0.9748066663742065]","[0.0, 0.0, 4.261057711119065e-06, 4.966666892869398e-05, -0.01669049821794033, 1.0, 0.016333334147930145, 4.261057711119065e-06, 0.0, 0.0, -0.9999986290931702, -0.016283666715025902, 0.0, 0.0]","[1.0, 0.0, 0.0, 0.8123567700386047, 0.0, 0.8431535959243774, 0.46207043528556824, 0.6913787722587585]",-39.09328535909975
17.20000000000011,89.1326675415039,37.23984146118164,16.853130340576172,-0.011993408203125,0.6640625,"[0.3315221071243286, 1.0, 0.08356307446956635, 0.9652318954467773]","[0.0, 0.0, 4.261057711119065e-06, 4.966666892869398e-05, -0.01669049821794033, 1.0, 0.016333334147930145, 4.261057711119065e-06, 0.0, 0.0, -0.9999986290931702, -0.016283666715025902, 0.0, 0.0]","[1.0, 0.0, 0.0, 0.8123567700386047, 0.0, 0.8431535959243774, 0.46207043528556824, 0.6913787722587585]",-39.66438008989368
17.25000000000011,89.04674530029297,38.080204010009766,16.924560546875,-0.02362060546875,0.6796875,"[0.3268345594406128, 1.0, 0.12624044716358185, 0.9474698305130005]","[0.0, 0.0, 4.261057711119065e-06, 4.966666892869398e-05, -0.01669049821794033, 1.0, 0.016333334147930145, 4.261057711119065e-06, 0.0, 0.0, -0.9999986290931702, -0.016283666715025902, 0.0, 0.0]","[1.0, 0.0, 0.0, 0.8123567700386047, 0.0, 0.8431535959243774, 0.46207043528556824, 0.6913787722587585]",-40.036617689690885
17.30000000000011,88.96505737304688,38.92465591430664,16.99810028076172,-0.04193115234375,0.69140625,"[0.32200855016708374, 1.0, 0.1866641789674759, 0.9275897145271301]","[0.0, 0.0, 4.261057711119065e-06, 4.966666892869398e-05, -0.01669049821794033, 1.0, 0.016333334147930145, 4.261057711119065e-06, 0.0, 0.0, -0.9999986290931702, -0.016283666715025902, 0.0, 0.0]","[1.0, 0.0, 0.0, 0.8123567700386047, 0.0, 0.8431535959243774, 0.46207043528556824, 0.6913787722587585]",-40.658006349534126
17.35000000000011,88.89028930664062,39.77345275878906,17.072139739990234,-0.061767578125,0.69921875,"[0.3171497583389282, 1.0, 0.24942022562026978, 0.9238364100456238]","[0.0, 0.0, 4.261057711119065e-06, 4.966666892869398e-05, -0.01669049821794033, 1.0, 0.016333334147930145, 4.261057711119065e-06, 0.0, 0.0, -0.9999986290931702, -0.016283666715025902, 0.0, 0.0]","[1.0, 0.0, 0.0, 0.8123567700386047, 0.0, 0.8431535959243774, 0.46207043528556824, 0.6913787722587585]",-41.29710412043449
17.400000000000112,88.82530975341797,40.62670135498047,17.144819259643555,-0.08172607421875,0.703125,"[0.31238019466400146, 1.0, 0.305660218000412, 0.92063969373703]","[0.0, 0.0, 4.261057711119065e-06, 4.966666892869398e-05, -0.01669049821794033, 1.0, 0.016333334147930145, 4.261057711119065e-06, 0.0, 0.0, -0.9999986290931702, -0.016283666715025902, 0.0, 0.0]","[1.0, 0.0, 0.0, 0.8123567700386047, 0.0, 0.8431535959243774, 0.46207043528556824, 0.6913787722587585]",-41.9536147184664
17.450000000000113,88.7730484008789,41.484291076660156,17.212879180908203,-0.099700927734375,0.67578125,"[0.30791378021240234, 1.0, 0.3536263704299927, 0.9218040704727173]","[0.0, 0.0, 4.261057711119065e-06, 4.966666892869398e-05, -0.01669049821794033, 1.0, 0.016333334147930145, 4.261057711119065e-06, 0.0, 0.0, -0.9999986290931702, -0.016283666715025902, 0.0, 0.0]","[1.0, 0.0, 0.0, 0.8123567700386047, 0.0, 0.8431535959243774, 0.46207043528556824, 0.6913787722587585]",-42.47049932191978
17.500000000000114,88.7366943359375,42.34567642211914,17.269229888916016,-0.118896484375,0.62890625,"[0.30421578884124756, 1.0, 0.40189623832702637, 0.9136375188827515]","[0.0, 0.0, 4.261057711119065e-06, 4.966666892869398e-05, -0.01669049821794033, 1.0, 0.016333334147930145, 4.261057711119065e-06, 0.0, 0.0, -0.9999986290931702, -0.016283666715025902, 0.0, 0.0]","[1.0, 0.0, 0.0, 0.8123567700386047, 0.0, 0.8431535959243774, 0.46207043528556824, 0.6913787722587585]",-43.17360098263608
17.550000000000114,88.72008514404297,43.20965576171875,17.30194091796875,-0.144287109375,0.5390625,"[0.30206912755966187, 1.0, 0.45372530817985535, 0.8953156471252441]","[0.0, 0.0, 4.261057711119065e-06, 4.966666892869398e-05, -0.01669049821794033, 1.0, 0.016333334147930145, 4.261057711119065e-06, 0.0, 0.0, -0.9999986290931702, -0.016283666715025902, 0.0, 0.0]","[1.0, 0.0, 0.0, 0.8123567700386047, 0.0, 0.8431535959243774, 0.46207043528556824, 0.6913787722587585]",-43.890836486087274
17.600000000000115,88.72740936279297,44.07411193847656,17.299060821533203,-0.175384521484375,0.456329345703125,"[0.30225813388824463, 1.0, 0.5029934644699097, 0.8825495839118958]","[0.0, 0.0, 4.261057711119065e-06, 4.966666892869398e-05, -0.01669049821794033, 1.0, 0.016333334147930145, 4.261057711119065e-06, 0.0, 0.0, -0.9999986290931702, -0.016283666715025902, 0.0, 0.0]","[1.0, 0.0, 0.0, 0.8123567700386047, 0.0, 0.8431535959243774, 0.46207043528556824, 0.6913787722587585]",-44.61922514164949
17.650000000000116,88.76274108886719,44.936195373535156,17.25554084777832,-0.208343505859375,0.400787353515625,"[0.30511415004730225, 1.0, 0.5353466868400574, 0.8735052943229675]","[0.0, 0.0, 4.261057711119065e-06, 4.966666892869398e-05, -0.01669049821794033, 1.0, 0.016333334147930145, 4.261057711119065e-06, 0.0, 0.0, -0.9999986290931702, -0.016283666715025902, 0.0, 0.0]","[1.0, 0.0, 0.0, 0.8123567700386047, 0.0, 0.8431535959243774, 0.46207043528556824, 0.6913787722587585]",-45.25874828823419
17.700000000000117,88.82967376708984,45.79268264770508,17.17361068725586,-0.238739013671875,0.388885498046875,"[0.31049078702926636, 1.0, 0.5691129565238953, 0.8747754693031311]","[0.0, 0.0, 4.261057711119065e-06, 4.966666892869398e-05, -0.01669049821794033, 1.0, 0.016333334147930145, 4.261057711119065e-06, 0.0, 0.0, -0.9999986290931702, -0.016283666715025902, 0.0, 0.0]","[1.0, 0.0, 0.0, 0.8123567700386047, 0.0, 0.8431535959243774, 0.46207043528556824, 0.6913787722587585]",-46.011590891397155
17.750000000000117,88.93101501464844,46.64036178588867,17.061519622802734,-0.261932373046875,0.388885498046875,"[0.31784671545028687, 1.0, 0.587988555431366, 0.8872824907302856]","[0.0, 0.0, 4.261057711119065e-06, 4.966666892869398e-05, -0.01669049821794033, 1.0, 0.016333334147930145, 4.261057711119065e-06, 0.0, 0.0, -0.9999986290931702, -0.016283666715025902, 0.0, 0.0]","[1.0, 0.0, 0.0, 0.8123567700386047, 0.0, 0.8431535959243774, 0.46207043528556824, 0.6913787722587585]",-46.76662549522884
17.800000000000118,89.06887817382812,47.47618865966797,16.928810119628906,-0.2767333984375,0.424591064453125,"[0.32655566930770874, 1.0, 0.597144603729248, 0.9013512134552002]","[0.0, 0.0, 4.261057711119065e-06, 4.966666892869398e-05, -0.01669049821794033, 1.0, 0.016333334147930145, 4.261057711119065e-06, 0.0, 0.0, -0.9999986290931702, -0.016283666715025902, 0.0, 0.0]","[1.0, 0.0, 0.0, 0.8123567700386047, 0.0, 0.8431535959243774, 0.46207043528556824, 0.6913787722587585]",-47.52166266931582
17.85000000000012,89.24476623535156,48.29747009277344,16.786800384521484,-0.282135009765625,0.4761810302734375,"[0.3358749747276306, 1.0, 0.5954663753509521, 0.9176678657531738]","[0.0, 0.0, 4.261057711119065e-06, 4.966666892869398e-05, -0.01669049821794033, 1.0, 0.016333334147930145, 4.261057711119065e-06, 0.0, 0.0, -0.9999986290931702, -0.016283666715025902, 0.0, 0.0]","[1.0, 0.0, 0.0, 0.8123567700386047, 0.0, 0.8431535959243774, 0.46207043528556824, 0.6913787722587585]",-48.236542643519805
17.90000000000012,89.45957946777344,49.10178756713867,16.642820358276367,-0.280853271484375,0.5078125,"[0.3453235626220703, 1.0, 0.5869722962379456, 0.9252921938896179]","[0.0, 0.0, 4.261057711119065e-06, 4.966666892869398e-05, -0.01669049821794033, 1.0, 0.016333334147930145, 4.261057711119065e-06, 0.0, 0.0, -0.9999986290931702, -0.016283666715025902, 0.0, 0.0]","[1.0, 0.0, 0.0, 0.8123567700386047, 0.0, 0.8431535959243774, 0.46207043528556824, 0.6913787722587585]",-48.999706085531294
17.95000000000012,89.71400451660156,49.88666534423828,16.49728012084961,-0.2799072265625,0.54296875,"[0.3548746109008789, 1.0, 0.5779253244400024, 0.9253036379814148]","[0.0, 0.0, 4.261057711119065e-06, 4.966666892869398e-05, -0.01669049821794033, 1.0, 0.016333334147930145, 4.261057711119065e-06, 0.0, 0.0, -0.9999986290931702, -0.016283666715025902, 0.0, 0.0]","[1.0, 0.0, 0.0, 0.8123567700386047, 0.0, 0.8431535959243774, 0.46207043528556824, 0.6913787722587585]",-49.75875150686321
18.00000000000012,90.00827026367188,50.64946746826172,16.35051918029785,-0.2799072265625,0.5703125,"[0.36450570821762085, 1.0, 0.5690848231315613, 0.9251970052719116]","[0.0, 0.0, 4.261057711119065e-06, 4.966666892869398e-05, -0.01669049821794033, 1.0, 0.016333334147930145, 4.261057711119065e-06, 0.0, 0.0, -0.9999986290931702, -0.016283666715025902, 0.0, 0.0]","[1.0, 0.0, 0.0, 0.8123567700386047, 0.0, 0.8431535959243774, 0.46207043528556824, 0.6913787722587585]",-50.51201633085981
18.05000000000012,90.34225463867188,51.38750457763672,16.203500747680664,-0.279937744140625,0.59765625,"[0.374153733253479, 1.0, 0.5604118704795837, 0.9256530404090881]","[0.0, 0.0, 4.261057711119065e-06, 4.966666892869398e-05, -0.01669049821794033, 1.0, 0.016333334147930145, 4.261057711119065e-06, 0.0, 0.0, -0.9999986290931702, -0.016283666715025902, 0.0, 0.0]","[1.0, 0.0, 0.0, 0.8123567700386047, 0.0, 0.8431535959243774, 0.46207043528556824, 0.6913787722587585]",-51.27444021060087
18.100000000000122,90.71533203125,52.09812927246094,16.057350158691406,-0.27996826171875,0.62109375,"[0.3837447762489319, 1.0, 0.5519969463348389, 0.9260110855102539]","[0.0, 0.0, 4.261057711119065e-06, 4.966666892869398e-05, -0.01669049821794033, 1.0, 0.016333334147930145, 4.261057711119065e-06, 0.0, 0.0, -0.9999986290931702, -0.016283666715025902, 0.0, 0.0]","[1.0, 0.0, 0.0, 0.8123567700386047, 0.0, 0.8431535959243774, 0.46207043528556824, 0.6913787722587585]",-52.02183452748114
18.150000000000123,91.12657165527344,52.77875900268555,15.913459777832031,-0.27996826171875,0.6484375,"[0.3931875228881836, 1.0, 0.5437573790550232, 0.9265003800392151]","[0.0, 0.0, 4.261057711119065e-06, 4.966666892869398e-05, -0.01669049821794033, 1.0, 0.016333334147930145, 4.261057711119065e-06, 0.0, 0.0, -0.9999986290931702, -0.016283666715025902, 0.0, 0.0]","[1.0, 0.0, 0.0, 0.8123567700386047, 0.0, 0.8431535959243774, 0.46207043528556824, 0.6913787722587585]",-52.75906757584858
18.200000000000124,91.57462310791016,53.42696762084961,15.773340225219727,-0.27972412109375,0.66796875,"[0.4023827910423279, 1.0, 0.5356364846229553, 0.926460325717926]","[0.0, 0.0, 4.261057711119065e-06, 4.966666892869398e-05, -0.01669049821794033, 1.0, 0.016333334147930145, 4.261057711119065e-06, 0.0, 0.0, -0.9999986290931702, -0.016283666715025902, 0.0, 0.0]","[1.0, 0.0, 0.0, 0.8123567700386047, 0.0, 0.8431535959243774, 0.46207043528556824, 0.6913787722587585]",-53.48506545571851
18.250000000000124,92.0565185546875,54.04192352294922,15.629039764404297,-0.278106689453125,0.67578125,"[0.4118524193763733, 1.0, 0.5399543046951294, 0.8934595584869385]","[0.0, 0.0, 4.261057711119065e-06, 4.966666892869398e-05, -0.01669049821794033, 1.0, 0.016333334147930145, 4.261057711119065e-06, 0.0, 0.0, -0.9999986290931702, -0.016283666715025902, 0.0, 0.0]","[1.0, 0.0, 0.0, 0.8123567700386047, 0.0, 0.8431535959243774, 0.46207043528556824, 0.6913787722587585]",-54.269310868984206
18.300000000000125,92.56837463378906,54.624446868896484,15.526579856872559,-0.273712158203125,0.68359375,"[0.41857635974884033, 1.0, 0.525199830532074, 0.9163694381713867]","[0.0, 0.0, 4.261057711119065e-06, 4.966666892869398e-05, -0.01669049821794033, 1.0, 0.016333334147930145, 4.261057711119065e-06, 0.0, 0.0, -0.9999986290931702, -0.016283666715025902, 0.0, 0.0]","[1.0, 0.0, 0.0, 0.8123567700386047, 0.0, 0.8431535959243774, 0.46207043528556824, 0.6913787722587585]",-54.9864544701729
18.350000000000126,93.11283874511719,55.16844940185547,15.402059555053711,-0.268310546875,0.6953125,"[0.4267478585243225, 1.0, 0.519605278968811, 0.8647094964981079]","[0.0, 0.0, 4.261057711119065e-06, 4.966666892869398e-05, -0.01669049821794033, 1.0, 0.016333334147930145, 4.261057711119065e-06, 0.0, 0.0, -0.9999986290931702, -0.016283666715025902, 0.0, 0.0]","[1.0, 0.0, 0.0, 0.8123567700386047, 0.0, 0.8431535959243774, 0.46207043528556824, 0.6913787722587585]",-55.690763124206335
18.400000000000126,93.68537902832031,55.67470932006836,15.29994010925293,-0.262725830078125,0.7109375,"[0.433449387550354, 1.0, 0.5300518870353699, 0.9169463515281677]","[0.0, 0.0, 4.261057711119065e-06, 4.966666892869398e-05, -0.01669049821794033, 1.0, 0.016333334147930145, 4.261057711119065e-06, 0.0, 0.0, -0.9999986290931702, -0.016283666715025902, 0.0, 0.0]","[1.0, 0.0, 0.0, 0.8123567700386047, 0.0, 0.8431535959243774, 0.46207043528556824, 0.6913787722587585]",-56.38400091491394
18.450000000000127,94.28562927246094,56.13969421386719,15.212420463562012,-0.258148193359375,0.71875,"[0.4391929507255554, 1.0, 0.533745527267456, 0.9140481948852539]","[0.0, 0.0, 4.261057711119065e-06, 4.966666892869398e-05, -0.01669049821794033, 1.0, 0.016333334147930145, 4.261057711119065e-06, 0.0, 0.0, -0.9999986290931702, -0.016283666715025902, 0.0, 0.0]","[1.0, 0.0, 0.0, 0.8123567700386047, 0.0, 0.8431535959243774, 0.46207043528556824, 0.6913787722587585]",-57.18934243968729
18.500000000000128,94.9098892211914,56.56484603881836,15.136739730834961,-0.253509521484375,0.734375,"[0.4441593289375305, 1.0, 0.5414479374885559, 0.9337201118469238]","[0.0, 0.0, 4.261057711119065e-06, 4.966666892869398e-05, -0.01669049821794033, 1.0, 0.016333334147930145, 4.261057711119065e-06, 0.0, 0.0, -0.9999986290931702, -0.016283666715025902, 0.0, 0.0]","[1.0, 0.0, 0.0, 0.8123567700386047, 0.0, 0.8431535959243774, 0.46207043528556824, 0.6913787722587585]",-57.8696691188402
18.55000000000013,95.5560302734375,56.94941711425781,15.079480171203613,-0.248077392578125,0.75,"[0.44791704416275024, 1.0, 0.5488408803939819, 0.9431672692298889]","[0.0, 0.0, 4.261057711119065e-06, 4.966666892869398e-05, -0.01669049821794033, 1.0, 0.016333334147930145, 4.261057711119065e-06, 0.0, 0.0, -0.9999986290931702, -0.016283666715025902, 0.0, 0.0]","[1.0, 0.0, 0.0, 0.8123567700386047, 0.0, 0.8431535959243774, 0.46207043528556824, 0.6913787722587585]",-58.53792966766851
18.60000000000013,96.2219009399414,57.29375457763672,15.035860061645508,-0.238372802734375,0.76171875,"[0.4507795572280884, 1.0, 0.5511213541030884, 0.9316344857215881]","[0.0, 0.0, 4.261057711119065e-06, 4.966666892869398e-05, -0.01669049821794033, 1.0, 0.016333334147930145, 4.261057711119065e-06, 0.0, 0.0, -0.9999986290931702, -0.016283666715025902, 0.0, 0.0]","[1.0, 0.0, 0.0, 0.8123567700386047, 0.0, 0.8431535959243774, 0.46207043528556824, 0.6913787722587585]",-59.194893065006795
18.65000000000013,96.90548706054688,57.59785461425781,15.016469955444336,-0.219573974609375,0.77734375,"[0.4520519971847534, 1.0, 0.5672914385795593, 0.9654189348220825]","[0.0, 0.0, 4.261057711119065e-06, 4.966666892869398e-05, -0.01669049821794033, 1.0, 0.016333334147930145, 4.261057711119065e-06, 0.0, 0.0, -0.9999986290931702, -0.016283666715025902, 0.0, 0.0]","[1.0, 0.0, 0.0, 0.8123567700386047, 0.0, 0.8431535959243774, 0.46207043528556824, 0.6913787722587585]",-60.02121233489922
18.70000000000013,97.60498809814453,57.86268615722656,15.020279884338379,-0.200897216796875,0.79296875,"[0.4518020749092102, 0.9476000070571899, 0.5793380737304688, 0.9375879168510437]","[0.0, 0.0, 4.261057711119065e-06, 4.966666892869398e-05, -0.01669049821794033, 1.0, 0.016333334147930145, 4.261057711119065e-06, 0.0, 0.0, -0.9999986290931702, -0.016283666715025902, 0.0, 0.0]","[1.0, 0.0, 0.0, 0.8123567700386047, 0.0, 0.8431535959243774, 0.46207043528556824, 0.6913787722587585]",-60.67021097867542
18.75000000000013,98.31861114501953,58.08991241455078,15.043450355529785,-0.184967041015625,0.80078125,"[0.4502815008163452, 0.916700005531311, 0.5909973382949829, 0.9498002529144287]","[0.0, 0.0, 4.261057711119065e-06, 4.966666892869398e-05, -0.01669049821794033, 1.0, 0.016333334147930145, 4.261057711119065e-06, 0.0, 0.0, -0.9999986290931702, -0.016283666715025902, 0.0, 0.0]","[1.0, 0.0, 0.0, 0.8123567700386047, 0.0, 0.8431535959243774, 0.46207043528556824, 0.6913787722587585]",-61.31281286557643
18.800000000000132,99.04474639892578,58.2802848815918,15.080340385437012,-0.173309326171875,0.8046875,"[0.44786059856414795, 0.9035000205039978, 0.5986026525497437, 0.9528931379318237]","[0.0, 0.0, 4.261057711119065e-06, 4.966666892869398e-05, -0.01669049821794033, 1.0, 0.016333334147930145, 4.261057711119065e-06, 0.0, 0.0, -0.9999986290931702, -0.016283666715025902, 0.0, 0.0]","[1.0, 0.0, 0.0, 0.8123567700386047, 0.0, 0.8431535959243774, 0.46207043528556824, 0.6913787722587585]",-61.950690829886895
18.850000000000133,99.78179168701172,58.434539794921875,15.129090309143066,-0.1630859375,0.8125,"[0.44466137886047363, 0.8726000189781189, 0.6046461462974548, 0.9523712396621704]","[0.0, 0.0, 4.261057711119065e-06, 4.966666892869398e-05, -0.01669049821794033, 1.0, 0.016333334147930145, 4.261057711119065e-06, 0.0, 0.0, -0.9999986290931702, -0.016283666715025902, 0.0, 0.0]","[1.0, 0.0, 0.0, 0.8123567700386047, 0.0, 0.8431535959243774, 0.46207043528556824, 0.6913787722587585]",-62.82785399799027
18.900000000000134,100.52818298339844,58.55294418334961,15.182570457458496,-0.15191650390625,0.8125,"[0.44115179777145386, 0.8766999840736389, 0.6053367257118225, 0.959023654460907]","[0.0, 0.0, 4.261057711119065e-06, 4.966666892869398e-05, -0.01669049821794033, 1.0, 0.016333334147930145, 4.261057711119065e-06, 0.0, 0.0, -0.9999986290931702, -0.016283666715025902, 0.0, 0.0]","[1.0, 0.0, 0.0, 0.8123567700386047, 0.0, 0.8431535959243774, 0.46207043528556824, 0.6913787722587585]",-63.473390578673175
18.950000000000134,101.28266143798828,58.63745880126953,15.255820274353027,-0.139312744140625,0.81640625,"[0.43634486198425293, 0.8680999875068665, 0.616786777973175, 0.9242891073226929]","[0.0, 0.0, 4.261057711119065e-06, 4.966666892869398e-05, -0.01669049821794033, 1.0, 0.016333334147930145, 4.261057711119065e-06, 0.0, 0.0, -0.9999986290931702, -0.016283666715025902, 0.0, 0.0]","[1.0, 0.0, 0.0, 0.8123567700386047, 0.0, 0.8431535959243774, 0.46207043528556824, 0.6913787722587585]",-64.11695954797428
19.000000000000135,102.04426574707031,58.68987274169922,15.339469909667969,-0.125091552734375,0.81640625,"[0.43085533380508423, 0.8762000203132629, 0.6219178438186646, 0.9434443116188049]","[0.0, 0.0, 4.261057711119065e-06, 4.966666892869398e-05, -0.01669049821794033, 1.0, 0.016333334147930145, 4.261057711119065e-06, 0.0, 0.0, -0.9999986290931702, -0.016283666715025902, 0.0, 0.0]","[1.0, 0.0, 0.0, 0.8123567700386047, 0.0, 0.8431535959243774, 0.46207043528556824, 0.6913787722587585]",-64.75972535915741
19.050000000000136,102.8121337890625,58.7120475769043,15.434359550476074,-0.107696533203125,0.81640625,"[0.42462825775146484, 0.8859999775886536, 0.6273318529129028, 0.9319859743118286]","[0.0, 0.0, 4.261057711119065e-06, 4.966666892869398e-05, -0.01669049821794033, 1.0, 0.016333334147930145, 4.261057711119065e-06, 0.0, 0.0, -0.9999986290931702, -0.016283666715025902, 0.0, 0.0]","[1.0, 0.0, 0.0, 0.8123567700386047, 0.0, 0.8431535959243774, 0.46207043528556824, 0.6913787722587585]",-65.7024173005667
19.100000000000136,103.58523559570312,58.704837799072266,15.53046989440918,-0.0869140625,0.81640625,"[0.41832101345062256, 0.8925999999046326, 0.6256667971611023, 0.9600446224212646]","[0.0, 0.0, 4.261057711119065e-06, 4.966666892869398e-05, -0.01669049821794033, 1.0, 0.016333334147930145, 4.261057711119065e-06, 0.0, 0.0, -0.9999986290931702, -0.016283666715025902, 0.0, 0.0]","[1.0, 0.0, 0.0, 0.8123567700386047, 0.0, 0.8431535959243774, 0.46207043528556824, 0.6913787722587585]",-66.35684242437308
19.150000000000137,104.363525390625,58.67273712158203,15.647740364074707,-0.06353759765625,0.796875,"[0.41062527894973755, 1.0, 0.5349547266960144, 0.8489790558815002]","[0.0, 0.0, 4.261057711119065e-06, 4.966666892869398e-05, -0.01669049821794033, 1.0, 0.016333334147930145, 4.261057711119065e-06, 0.0, 0.0, -0.9999986290931702, -0.016283666715025902, 0.0, 0.0]","[1.0, 0.0, 0.0, 0.8123567700386047, 0.0, 0.8431535959243774, 0.46207043528556824, 0.6913787722587585]",-67.01573634461502
19.200000000000138,105.14704895019531,58.61953353881836,15.769399642944336,-0.039398193359375,0.79296875,"[0.4026413559913635, 1.0, 0.4756510257720947, 0.9063260555267334]","[0.0, 0.0, 4.261057711119065e-06, 4.966666892869398e-05, -0.01669049821794033, 1.0, 0.016333334147930145, 4.261057711119065e-06, 0.0, 0.0, -0.9999986290931702, -0.016283666715025902, 0.0, 0.0]","[1.0, 0.0, 0.0, 0.8123567700386047, 0.0, 0.8431535959243774, 0.46207043528556824, 0.6913787722587585]",-67.6824040212966
19.25000000000014,105.93569946289062,58.54854202270508,15.89463996887207,-0.01690673828125,0.79296875,"[0.39442259073257446, 1.0, 0.40723472833633423, 0.8962540626525879]","[0.0, 0.0, 4.261057711119065e-06, 4.966666892869398e-05, -0.01669049821794033, 1.0, 0.016333334147930145, 4.261057711119065e-06, 0.0, 0.0, -0.9999986290931702, -0.016283666715025902, 0.0, 0.0]","[1.0, 0.0, 0.0, 0.8123567700386047, 0.0, 0.8431535959243774, 0.46207043528556824, 0.6913787722587585]",-68.70679756673964
19.30000000000014,106.72970581054688,58.46404266357422,16.022640228271484,0.0074462890625,0.79296875,"[0.38602256774902344, 1.0, 0.31075650453567505, 0.8783366680145264]","[0.0, 0.0, 4.261057711119065e-06, 4.966666892869398e-05, -0.01669049821794033, 1.0, 0.016333334147930145, 4.261057711119065e-06, 0.0, 0.0, -0.9999986290931702, -0.016283666715025902, 0.0, 0.0]","[1.0, 0.0, 0.0, 0.8123567700386047, 0.0, 0.8431535959243774, 0.46207043528556824, 0.6913787722587585]",-69.4086359725995
19.35000000000014,107.52931213378906,58.36990737915039,16.151220321655273,0.0233154296875,0.79296875,"[0.3775845766067505, 1.0, 0.22894591093063354, 0.8989287614822388]","[0.0, 0.0, 4.261057711119065e-06, 4.966666892869398e-05, -0.01669049821794033, 1.0, 0.016333334147930145, 4.261057711119065e-06, 0.0, 0.0, -0.9999986290931702, -0.016283666715025902, 0.0, 0.0]","[1.0, 0.0, 0.0, 0.8123567700386047, 0.0, 0.8431535959243774, 0.46207043528556824, 0.6913787722587585]",-70.12815348270075
19.40000000000014,108.33478546142578,58.26950454711914,16.279890060424805,0.03289794921875,0.79296875,"[0.36914074420928955, 1.0, 0.17396613955497742, 0.911744236946106]","[0.0, 0.0, 4.261057711119065e-06, 4.966666892869398e-05, -0.01669049821794033, 1.0, 0.016333334147930145, 4.261057711119065e-06, 0.0, 0.0, -0.9999986290931702, -0.016283666715025902, 0.0, 0.0]","[1.0, 0.0, 0.0, 0.8123567700386047, 0.0, 0.8431535959243774, 0.46207043528556824, 0.6913787722587585]",-70.86800014529207
19.45000000000014,109.14634704589844,58.16550827026367,16.408700942993164,0.034332275390625,0.79296875,"[0.3606875538825989, 1.0, 0.1434434950351715, 0.9348267316818237]","[0.0, 0.0, 4.261057711119065e-06, 4.966666892869398e-05, -0.01669049821794033, 1.0, 0.016333334147930145, 4.261057711119065e-06, 0.0, 0.0, -0.9999986290931702, -0.016283666715025902, 0.0, 0.0]","[1.0, 0.0, 0.0, 0.8123567700386047, 0.0, 0.8431535959243774, 0.46207043528556824, 0.6913787722587585]",-72.01825449816255
19.500000000000142,109.96419525146484,58.0600700378418,16.537410736083984,0.032318115234375,0.79296875,"[0.35224103927612305, 1.0, 0.14668263494968414, 0.9459320902824402]","[0.0, 0.0, 4.261057711119065e-06, 4.966666892869398e-05, -0.01669049821794033, 1.0, 0.016333334147930145, 4.261057711119065e-06, 0.0, 0.0, -0.9999986290931702, -0.016283666715025902, 0.0, 0.0]","[1.0, 0.0, 0.0, 0.8123567700386047, 0.0, 0.8431535959243774, 0.46207043528556824, 0.6913787722587585]",-72.81158365650478
19.550000000000143,110.78853607177734,57.955078125,16.665679931640625,0.030303955078125,0.79296875,"[0.3438234329223633, 1.0, 0.17552439868450165, 0.951273500919342]","[0.0, 0.0, 4.261057711119065e-06, 4.966666892869398e-05, -0.01669049821794033, 1.0, 0.016333334147930145, 4.261057711119065e-06, 0.0, 0.0, -0.9999986290931702, -0.016283666715025902, 0.0, 0.0]","[1.0, 0.0, 0.0, 0.8123567700386047, 0.0, 0.8431535959243774, 0.46207043528556824, 0.6913787722587585]",-73.6286677759066
19.600000000000144,111.6195297241211,57.852176666259766,16.79326057434082,0.02972412109375,0.79296875,"[0.33545100688934326, 1.0, 0.2010488063097, 0.9547977447509766]","[0.0, 0.0, 4.261057711119065e-06, 4.966666892869398e-05, -0.01669049821794033, 1.0, 0.016333334147930145, 4.261057711119065e-06, 0.0, 0.0, -0.9999986290931702, -0.016283666715025902, 0.0, 0.0]","[1.0, 0.0, 0.0, 0.8123567700386047, 0.0, 0.8431535959243774, 0.46207043528556824, 0.6913787722587585]",-74.47042958436575
19.650000000000144,112.457275390625,57.75271987915039,16.920089721679688,0.030242919921875,0.79296875,"[0.32712793350219727, 1.0, 0.22232350707054138, 0.9592882990837097]","[0.0, 0.0, 4.261057711119065e-06, 4.966666892869398e-05, -0.01669049821794033, 1.0, 0.016333334147930145, 4.261057711119065e-06, 0.0, 0.0, -0.9999986290931702, -0.016283666715025902, 0.0, 0.0]","[1.0, 0.0, 0.0, 0.8123567700386047, 0.0, 0.8431535959243774, 0.46207043528556824, 0.6913787722587585]",-75.75983040324408
19.700000000000145,113.30187225341797,57.65785217285156,17.046180725097656,0.031890869140625,0.79296875,"[0.31885331869125366, 1.0, 0.24104395508766174, 0.9619176387786865]","[0.0, 0.0, 4.261057711119065e-06, 4.966666892869398e-05, -0.01669049821794033, 1.0, 0.016333334147930145, 4.261057711119065e-06, 0.0, 0.0, -0.9999986290931702, -0.016283666715025902, 0.0, 0.0]","[1.0, 0.0, 0.0, 0.8123567700386047, 0.0, 0.8431535959243774, 0.46207043528556824, 0.6913787722587585]",-76.66297756203755
19.750000000000146,114.15338897705078,57.56852722167969,17.172880172729492,0.034149169921875,0.8125,"[0.31053870916366577, 1.0, 0.258474737405777, 0.9641460180282593]","[0.0, 0.0, 4.261057711119065e-06, 4.966666892869398e-05, -0.01669049821794033, 1.0, 0.016333334147930145, 4.261057711119065e-06, 0.0, 0.0, -0.9999986290931702, -0.016283666715025902, 0.0, 0.0]","[1.0, 0.0, 0.0, 0.8123567700386047, 0.0, 0.8431535959243774, 0.46207043528556824, 0.6913787722587585]",-77.59369010625934
19.800000000000146,115.0119400024414,57.48564910888672,17.301380157470703,0.03704833984375,0.81640625,"[0.30210596323013306, 1.0, 0.2762922942638397, 0.9641376733779907]","[0.0, 0.0, 4.261057711119065e-06, 4.966666892869398e-05, -0.01669049821794033, 1.0, 0.016333334147930145, 4.261057711119065e-06, 0.0, 0.0, -0.9999986290931702, -0.016283666715025902, 0.0, 0.0]","[1.0, 0.0, 0.0, 0.8123567700386047, 0.0, 0.8431535959243774, 0.46207043528556824, 0.6913787722587585]",-78.55268950726911
19.850000000000147,115.87763214111328,57.41007995605469,17.431060791015625,0.0406494140625,0.81640625,"[0.29359573125839233, 1.0, 0.294212281703949, 0.9633359909057617]","[0.0, 0.0, 4.261057711119065e-06, 4.966666892869398e-05, -0.01669049821794033, 1.0, 0.016333334147930145, 4.261057711119065e-06, 0.0, 0.0, -0.9999986290931702, -0.016283666715025902, 0.0, 0.0]","[1.0, 0.0, 0.0, 0.8123567700386047, 0.0, 0.8431535959243774, 0.46207043528556824, 0.6913787722587585]",-79.99926315546861
19.900000000000148,116.7505111694336,57.34262466430664,17.56174087524414,0.043426513671875,0.8203125,"[0.2850199341773987, 1.0, 0.3090127408504486, 0.9662196040153503]","[0.0, 0.0, 4.261057711119065e-06, 4.966666892869398e-05, -0.01669049821794033, 1.0, 0.016333334147930145, 4.261057711119065e-06, 0.0, 0.0, -0.9999986290931702, -0.016283666715025902, 0.0, 0.0]","[1.0, 0.0, 0.0, 0.8123567700386047, 0.0, 0.8431535959243774, 0.46207043528556824, 0.6913787722587585]",-81.02385848804948
19.95000000000015,117.63058471679688,57.28396987915039,17.693309783935547,0.045501708984375,0.8203125,"[0.2763857841491699, 1.0, 0.3221292495727539, 0.9676777124404907]","[0.0, 0.0, 4.261057711119065e-06, 4.966666892869398e-05, -0.01669049821794033, 1.0, 0.016333334147930145, 4.261057711119065e-06, 0.0, 0.0, -0.9999986290931702, -0.016283666715025902, 0.0, 0.0]","[1.0, 0.0, 0.0, 0.8123567700386047, 0.0, 0.8431535959243774, 0.46207043528556824, 0.6913787722587585]",-82.0767314345444
20.00000000000015,118.51775360107422,57.23463821411133,17.82295036315918,0.045440673828125,0.77734375,"[0.2678781747817993, 1.0, 0.3271234929561615, 0.9727191925048828]","[0.0, 0.0, 4.261057711119065e-06, 4.966666892869398e-05, -0.01669049821794033, 1.0, 0.016333334147930145, 4.261057711119065e-06, 0.0, 0.0, -0.9999986290931702, -0.016283666715025902, 0.0, 0.0]","[1.0, 0.0, 0.0, 0.8123567700386047, 0.0, 0.8431535959243774, 0.46207043528556824, 0.6913787722587585]",-83.15728653733343
20.05000000000015,119.41162109375,57.19502258300781,17.943370819091797,0.044281005859375,0.703125,"[0.2599756717681885, 1.0, 0.32271909713745117, 0.9689105749130249]","[0.0, 0.0, 4.261057711119065e-06, 4.966666892869398e-05, -0.01669049821794033, 1.0, 0.016333334147930145, 4.261057711119065e-06, 0.0, 0.0, -0.9999986290931702, -0.016283666715025902, 0.0, 0.0]","[1.0, 0.0, 0.0, 0.8123567700386047, 0.0, 0.8431535959243774, 0.46207043528556824, 0.6913787722587585]",-84.75484867432007
20.10000000000015,120.31132507324219,57.16559600830078,18.045360565185547,0.0440673828125,0.6015625,"[0.2532826066017151, 1.0, 0.3129696846008301, 0.9603718519210815]","[0.0, 0.0, 4.261057711119065e-06, 4.966666892869398e-05, -0.01669049821794033, 1.0, 0.016333334147930145, 4.261057711119065e-06, 0.0, 0.0, -0.9999986290931702, -0.016283666715025902, 0.0, 0.0]","[1.0, 0.0, 0.0, 0.8123567700386047, 0.0, 0.8431535959243774, 0.46207043528556824, 0.6913787722587585]",-85.89345193772671
20.15000000000015,121.21562957763672,57.14680862426758,18.123760223388672,0.04388427734375,0.5390625,"[0.2481377124786377, 1.0, 0.2975960373878479, 0.9581664800643921]","[0.0, 0.0, 4.261057711119065e-06, 4.966666892869398e-05, -0.01669049821794033, 1.0, 0.016333334147930145, 4.261057711119065e-06, 0.0, 0.0, -0.9999986290931702, -0.016283666715025902, 0.0, 0.0]","[1.0, 0.0, 0.0, 0.8123567700386047, 0.0, 0.8431535959243774, 0.46207043528556824, 0.6913787722587585]",-87.0562217799417
20.200000000000152,122.1232681274414,57.13899612426758,18.180299758911133,0.04388427734375,0.5078125,"[0.24442732334136963, 1.0, 0.28311166167259216, 0.9632634520530701]","[0.0, 0.0, 4.261057711119065e-06, 4.966666892869398e-05, -0.01669049821794033, 1.0, 0.016333334147930145, 4.261057711119065e-06, 0.0, 0.0, -0.9999986290931702, -0.016283666715025902, 0.0, 0.0]","[1.0, 0.0, 0.0, 0.8123567700386047, 0.0, 0.8431535959243774, 0.46207043528556824, 0.6913787722587585]",-88.24166368247802
20.250000000000153,123.03317260742188,57.142425537109375,18.219999313354492,0.04388427734375,0.4999847412109375,"[0.24182206392288208, 1.0, 0.27201977372169495, 0.9715344905853271]","[0.0, 0.0, 4.261057711119065e-06, 4.966666892869398e-05, -0.01669049821794033, 1.0, 0.016333334147930145, 4.261057711119065e-06, 0.0, 0.0, -0.9999986290931702, -0.016283666715025902, 0.0, 0.0]","[1.0, 0.0, 0.0, 0.8123567700386047, 0.0, 0.8431535959243774, 0.46207043528556824, 0.6913787722587585]",-89.96445810195564
20.300000000000153,123.94451141357422,57.15728759765625,18.24675941467285,0.04388427734375,0.4761810302734375,"[0.24006593227386475, 1.0, 0.26362812519073486, 0.9779514670372009]","[0.0, 0.0, 4.261057711119065e-06, 4.966666892869398e-05, -0.01669049821794033, 1.0, 0.016333334147930145, 4.261057711119065e-06, 0.0, 0.0, -0.9999986290931702, -0.016283666715025902, 0.0, 0.0]","[1.0, 0.0, 0.0, 0.8123567700386047, 0.0, 0.8431535959243774, 0.46207043528556824, 0.6913787722587585]",-91.19694824635222
20.350000000000154,124.85653686523438,57.18373489379883,18.261329650878906,0.04388427734375,0.440460205078125,"[0.2391098141670227, 1.0, 0.25533008575439453, 0.9805731177330017]","[0.0, 0.0, 4.261057711119065e-06, 4.966666892869398e-05, -0.01669049821794033, 1.0, 0.016333334147930145, 4.261057711119065e-06, 0.0, 0.0, -0.9999986290931702, -0.016283666715025902, 0.0, 0.0]","[1.0, 0.0, 0.0, 0.8123567700386047, 0.0, 0.8431535959243774, 0.46207043528556824, 0.6913787722587585]",-92.44856729757623
20.400000000000155,125.76848602294922,57.221858978271484,18.26251983642578,0.04388427734375,0.388885498046875,"[0.23903167247772217, 1.0, 0.245527446269989, 0.9810759425163269]","[0.0, 0.0, 4.261057711119065e-06, 4.966666892869398e-05, -0.01669049821794033, 1.0, 0.016333334147930145, 4.261057711119065e-06, 0.0, 0.0, -0.9999986290931702, -0.016283666715025902, 0.0, 0.0]","[1.0, 0.0, 0.0, 0.8123567700386047, 0.0, 0.8431535959243774, 0.46207043528556824, 0.6913787722587585]",-93.71737092354431
20.450000000000156,126.67948150634766,57.27170181274414,18.250139236450195,0.04388427734375,0.3610992431640625,"[0.23984414339065552, 1.0, 0.24681606888771057, 0.9793363809585571]","[0.0, 0.0, 4.261057711119065e-06, 4.966666892869398e-05, -0.01669049821794033, 1.0, 0.016333334147930145, 4.261057711119065e-06, 0.0, 0.0, -0.9999986290931702, -0.016283666715025902, 0.0, 0.0]","[1.0, 0.0, 0.0, 0.8123567700386047, 0.0, 0.8431535959243774, 0.46207043528556824, 0.6913787722587585]",-95.53898807368938
20.500000000000156,127.58878326416016,57.33323287963867,18.225950241088867,0.043060302734375,0.3333282470703125,"[0.24143153429031372, 1.0, 0.25857141613960266, 0.9796921610832214]","[0.0, 0.0, 4.261057711119065e-06, 4.966666892869398e-05, -0.01669049821794033, 1.0, 0.016333334147930145, 4.261057711119065e-06, 0.0, 0.0, -0.9999986290931702, -0.016283666715025902, 0.0, 0.0]","[1.0, 0.0, 0.0, 0.8123567700386047, 0.0, 0.8431535959243774, 0.46207043528556824, 0.6913787722587585]",-96.84202487482915
20.550000000000157,128.49578857421875,57.40591049194336,18.193130493164062,0.038055419921875,0.3253936767578125,"[0.24358528852462769, 1.0, 0.2544562518596649, 0.9748265147209167]","[0.0, 0.0, 4.261057711119065e-06, 4.966666892869398e-05, -0.01669049821794033, 1.0, 0.016333334147930145, 4.261057711119065e-06, 0.0, 0.0, -0.9999986290931702, -0.016283666715025902, 0.0, 0.0]","[1.0, 0.0, 0.0, 0.8123567700386047, 0.0, 0.8431535959243774, 0.46207043528556824, 0.6913787722587585]",-98.15730571383538
20.600000000000158,129.40011596679688,57.48885726928711,18.155160903930664,0.0302734375,0.3253936767578125,"[0.2460770606994629, 1.0, 0.23801977932453156, 0.9690032005310059]","[0.0, 0.0, 4.261057711119065e-06, 4.966666892869398e-05, -0.01669049821794033, 1.0, 0.016333334147930145, 4.261057711119065e-06, 0.0, 0.0, -0.9999986290931702, -0.016283666715025902, 0.0, 0.0]","[1.0, 0.0, 0.0, 0.8123567700386047, 0.0, 0.8431535959243774, 0.46207043528556824, 0.6913787722587585]",-99.48272410333571
20.65000000000016,130.3014678955078,57.58185958862305,18.1129207611084,0.0233154296875,0.3253936767578125,"[0.2488490343093872, 1.0, 0.24192439019680023, 0.9847586154937744]","[0.0, 0.0, 4.261057711119065e-06, 4.966666892869398e-05, -0.01669049821794033, 1.0, 0.016333334147930145, 4.261057711119065e-06, 0.0, 0.0, -0.9999986290931702, -0.016283666715025902, 0.0, 0.0]","[1.0, 0.0, 0.0, 0.8123567700386047, 0.0, 0.8431535959243774, 0.46207043528556824, 0.6913787722587585]",-101.36584149020881
20.70000000000016,131.19979858398438,57.683494567871094,18.070270538330078,0.01788330078125,0.3253936767578125,"[0.25164794921875, 1.0, 0.20136484503746033, 0.949700653553009]","[0.0, 0.0, 4.261057711119065e-06, 4.966666892869398e-05, -0.01669049821794033, 1.0, 0.016333334147930145, 4.261057711119065e-06, 0.0, 0.0, -0.9999986290931702, -0.016283666715025902, 0.0, 0.0]","[1.0, 0.0, 0.0, 0.8123567700386047, 0.0, 0.8431535959243774, 0.46207043528556824, 0.6913787722587585]",-102.71112875155974
20.75000000000016,132.09510803222656,57.79286575317383,18.02812957763672,0.014678955078125,0.3531646728515625,"[0.2544134259223938, 1.0, 0.18835164606571198, 0.980425238609314]","[0.0, 0.0, 4.261057711119065e-06, 4.966666892869398e-05, -0.01669049821794033, 1.0, 0.016333334147930145, 4.261057711119065e-06, 0.0, 0.0, -0.9999986290931702, -0.016283666715025902, 0.0, 0.0]","[1.0, 0.0, 0.0, 0.8123567700386047, 0.0, 0.8431535959243774, 0.46207043528556824, 0.6913787722587585]",-104.06377767579667
20.80000000000016,132.98760986328125,57.909027099609375,17.989559173583984,0.00927734375,0.3690338134765625,"[0.25694453716278076, 1.0, 0.16053934395313263, 0.967310905456543]","[0.0, 0.0, 4.261057711119065e-06, 4.966666892869398e-05, -0.01669049821794033, 1.0, 0.016333334147930145, 4.261057711119065e-06, 0.0, 0.0, -0.9999986290931702, -0.016283666715025902, 0.0, 0.0]","[1.0, 0.0, 0.0, 0.8123567700386047, 0.0, 0.8431535959243774, 0.46207043528556824, 0.6913787722587585]",-105.42271132652404
20.85000000000016,133.87774658203125,58.0300407409668,17.95619010925293,-0.002532958984375,0.392852783203125,"[0.2591344118118286, 1.0, 0.10917098820209503, 0.944256603717804]","[0.0, 0.0, 4.261057711119065e-06, 4.966666892869398e-05, -0.01669049821794033, 1.0, 0.016333334147930145, 4.261057711119065e-06, 0.0, 0.0, -0.9999986290931702, -0.016283666715025902, 0.0, 0.0]","[1.0, 0.0, 0.0, 0.8123567700386047, 0.0, 0.8431535959243774, 0.46207043528556824, 0.6913787722587585]",-107.34686678710386
20.900000000000162,134.76614379882812,58.15337371826172,17.929319381713867,-0.01812744140625,0.428558349609375,"[0.26089781522750854, 1.0, 0.04473187029361725, 0.9316903352737427]","[0.0, 0.0, 4.261057711119065e-06, 4.966666892869398e-05, -0.01669049821794033, 1.0, 0.016333334147930145, 4.261057711119065e-06, 0.0, 0.0, -0.9999986290931702, -0.016283666715025902, 0.0, 0.0]","[1.0, 0.0, 0.0, 0.8123567700386047, 0.0, 0.8431535959243774, 0.46207043528556824, 0.6913787722587585]",-108.71908156630845
20.950000000000163,135.6534881591797,58.27634048461914,17.90826988220215,-0.03399658203125,0.436492919921875,"[0.2622791528701782, 1.0, 0.05957186594605446, 0.9311834573745728]","[0.0, 0.0, 4.261057711119065e-06, 4.966666892869398e-05, -0.01669049821794033, 1.0, 0.016333334147930145, 4.261057711119065e-06, 0.0, 0.0, -0.9999986290931702, -0.016283666715025902, 0.0, 0.0]","[1.0, 0.0, 0.0, 0.8123567700386047, 0.0, 0.8431535959243774, 0.46207043528556824, 0.6913787722587585]",-110.09433167993927
21.000000000000163,136.54034423828125,58.39609146118164,17.890180587768555,-0.05035400390625,0.440460205078125,"[0.2634662389755249, 1.0, 0.12326636910438538, 0.927880585193634]","[0.0, 0.0, 4.261057711119065e-06, 4.966666892869398e-05, -0.01669049821794033, 1.0, 0.016333334147930145, 4.261057711119065e-06, 0.0, 0.0, -0.9999986290931702, -0.016283666715025902, 0.0, 0.0]","[1.0, 0.0, 0.0, 0.8123567700386047, 0.0, 0.8431535959243774, 0.46207043528556824, 0.6913787722587585]",-111.47159139870818
21.050000000000164,137.42715454101562,58.50959777832031,17.872819900512695,-0.065887451171875,0.444427490234375,"[0.2646055221557617, 1.0, 0.1887037456035614, 0.9283825159072876]","[0.0, 0.0, 4.261057711119065e-06, 4.966666892869398e-05, -0.01669049821794033, 1.0, 0.016333334147930145, 4.261057711119065e-06, 0.0, 0.0, -0.9999986290931702, -0.016283666715025902, 0.0, 0.0]","[1.0, 0.0, 0.0, 0.8123567700386047, 0.0, 0.8431535959243774, 0.46207043528556824, 0.6913787722587585]",-113.41801361628461
21.100000000000165,138.314208984375,58.61393737792969,17.854629516601562,-0.079132080078125,0.444427490234375,"[0.26579928398132324, 1.0, 0.24024131894111633, 0.9334960579872131]","[0.0, 0.0, 4.261057711119065e-06, 4.966666892869398e-05, -0.01669049821794033, 1.0, 0.016333334147930145, 4.261057711119065e-06, 0.0, 0.0, -0.9999986290931702, -0.016283666715025902, 0.0, 0.0]","[1.0, 0.0, 0.0, 0.8123567700386047, 0.0, 0.8431535959243774, 0.46207043528556824, 0.6913787722587585]",-114.79895924719867
21.150000000000166,139.20155334472656,58.70653533935547,17.835500717163086,-0.088104248046875,0.452362060546875,"[0.26705455780029297, 1.0, 0.282391220331192, 0.9438884854316711]","[0.0, 0.0, 4.261057711119065e-06, 4.966666892869398e-05, -0.01669049821794033, 1.0, 0.016333334147930145, 4.261057711119065e-06, 0.0, 0.0, -0.9999986290931702, -0.016283666715025902, 0.0, 0.0]","[1.0, 0.0, 0.0, 0.8123567700386047, 0.0, 0.8431535959243774, 0.46207043528556824, 0.6913787722587585]",-116.17824752210348
21.200000000000166,140.08921813964844,58.784912109375,17.815200805664062,-0.096343994140625,0.4642791748046875,"[0.26838672161102295, 1.0, 0.3243182301521301, 0.9447242617607117]","[0.0, 0.0, 4.261057711119065e-06, 4.966666892869398e-05, -0.01669049821794033, 1.0, 0.016333334147930145, 4.261057711119065e-06, 0.0, 0.0, -0.9999986290931702, -0.016283666715025902, 0.0, 0.0]","[1.0, 0.0, 0.0, 0.8123567700386047, 0.0, 0.8431535959243774, 0.46207043528556824, 0.6913787722587585]",-117.55481046336641
21.250000000000167,140.9770050048828,58.84615707397461,17.791120529174805,-0.110137939453125,0.4761810302734375,"[0.2699670195579529, 1.0, 0.3795740604400635, 0.9308831691741943]","[0.0, 0.0, 4.261057711119065e-06, 4.966666892869398e-05, -0.01669049821794033, 1.0, 0.016333334147930145, 4.261057711119065e-06, 0.0, 0.0, -0.9999986290931702, -0.016283666715025902, 0.0, 0.0]","[1.0, 0.0, 0.0, 0.8123567700386047, 0.0, 0.8431535959243774, 0.46207043528556824, 0.6913787722587585]",-119.50304715976303
21.300000000000168,141.86441040039062,58.886722564697266,17.7593994140625,-0.132171630859375,0.4960174560546875,"[0.2720487117767334, 1.0, 0.4500017464160919, 0.9128695130348206]","[0.0, 0.0, 4.261057711119065e-06, 4.966666892869398e-05, -0.01669049821794033, 1.0, 0.016333334147930145, 4.261057711119065e-06, 0.0, 0.0, -0.9999986290931702, -0.016283666715025902, 0.0, 0.0]","[1.0, 0.0, 0.0, 0.8123567700386047, 0.0, 0.8431535959243774, 0.46207043528556824, 0.6913787722587585]",-120.86920204666738
21.35000000000017,142.75045776367188,58.902679443359375,17.71533966064453,-0.162353515625,0.51171875,"[0.2749400734901428, 1.0, 0.5321248173713684, 0.8969885110855103]","[0.0, 0.0, 4.261057711119065e-06, 4.966666892869398e-05, -0.01669049821794033, 1.0, 0.016333334147930145, 4.261057711119065e-06, 0.0, 0.0, -0.9999986290931702, -0.016283666715025902, 0.0, 0.0]","[1.0, 0.0, 0.0, 0.8123567700386047, 0.0, 0.8431535959243774, 0.46207043528556824, 0.6913787722587585]",-122.22551089648366
21.40000000000017,143.63360595703125,58.889984130859375,17.654529571533203,-0.199493408203125,0.53515625,"[0.2789307236671448, 1.0, 0.5526602268218994, 0.8865252733230591]","[0.0, 0.0, 4.261057711119065e-06, 4.966666892869398e-05, -0.01669049821794033, 1.0, 0.016333334147930145, 4.261057711119065e-06, 0.0, 0.0, -0.9999986290931702, -0.016283666715025902, 0.0, 0.0]","[1.0, 0.0, 0.0, 0.8123567700386047, 0.0, 0.8431535959243774, 0.46207043528556824, 0.6913787722587585]",-123.56935866729289
21.45000000000017,144.51177978515625,58.84482955932617,17.575820922851562,-0.234344482421875,0.546875,"[0.2840959429740906, 1.0, 0.5622369647026062, 0.8887468576431274]","[0.0, 0.0, 4.261057711119065e-06, 4.966666892869398e-05, -0.01669049821794033, 1.0, 0.016333334147930145, 4.261057711119065e-06, 0.0, 0.0, -0.9999986290931702, -0.016283666715025902, 0.0, 0.0]","[1.0, 0.0, 0.0, 0.8123567700386047, 0.0, 0.8431535959243774, 0.46207043528556824, 0.6913787722587585]",-125.47822567539572
21.50000000000017,145.38255310058594,58.76401138305664,17.478309631347656,-0.265289306640625,0.55078125,"[0.29049503803253174, 1.0, 0.5709854960441589, 0.8917221426963806]","[0.0, 0.0, 4.261057711119065e-06, 4.966666892869398e-05, -0.01669049821794033, 1.0, 0.016333334147930145, 4.261057711119065e-06, 0.0, 0.0, -0.9999986290931702, -0.016283666715025902, 0.0, 0.0]","[1.0, 0.0, 0.0, 0.8123567700386047, 0.0, 0.8431535959243774, 0.46207043528556824, 0.6913787722587585]",-126.78848393802726
21.55000000000017,146.24314880371094,58.645042419433594,17.365280151367188,-0.287139892578125,0.55859375,"[0.29791259765625, 1.0, 0.575380265712738, 0.9025110006332397]","[0.0, 0.0, 4.261057711119065e-06, 4.966666892869398e-05, -0.01669049821794033, 1.0, 0.016333334147930145, 4.261057711119065e-06, 0.0, 0.0, -0.9999986290931702, -0.016283666715025902, 0.0, 0.0]","[1.0, 0.0, 0.0, 0.8123567700386047, 0.0, 0.8431535959243774, 0.46207043528556824, 0.6913787722587585]",-128.07655466499264
21.600000000000172,147.09083557128906,58.48612594604492,17.24091911315918,-0.299285888671875,0.57421875,"[0.3060736656188965, 1.0, 0.5747542977333069, 0.9119114279747009]","[0.0, 0.0, 4.261057711119065e-06, 4.966666892869398e-05, -0.01669049821794033, 1.0, 0.016333334147930145, 4.261057711119065e-06, 0.0, 0.0, -0.9999986290931702, -0.016283666715025902, 0.0, 0.0]","[1.0, 0.0, 0.0, 0.8123567700386047, 0.0, 0.8431535959243774, 0.46207043528556824, 0.6913787722587585]",-128.7543446359868
