sim_time,x,y,speed,steer,throttle,style_scores,alert_state,alert_raw,alert_score
0.05,234.2699737548828,55.84001922607422,0.9800000190734863,-0.00830078125,0.20000000298023224,"[0.6268119812011719, 0.0, 0.0, 0.9659090638160706]","[0.0, 0.0, 4.261057711119065e-06, 4.966666892869398e-05, -0.01592736318707466, 1.0, 0.016333334147930145, 4.261057711119065e-06, 0.0, 0.0, -0.9999986290931702, -0.016283666715025902, 0.0, 0.0]","[1.0, 1.0, 0.0, 0.6617910861968994, 1.0, 0.43517452478408813, 0.16595163941383362, 0.7570960521697998]",1.0
0.1,234.2699737548828,55.84001922607422,1.4700000286102295,-0.00830078125,0.20000000298023224,"[0.6589679718017578, 0.3716000020503998, 0.0, 0.9428044557571411]","[0.0, 0.0, 4.261057711119065e-06, 4.966666892869398e-05, -0.01592736318707466, 1.0, 0.016333334147930145, 4.261057711119065e-06, 0.0, 0.0, -0.9999986290931702, -0.016283666715025902, 0.0, 0.0]","[1.0, 1.0, 0.0, 0.6617910861968994, 1.0, 0.43517452478408813, 0.16595163941383362, 0.7570960521697998]",1.0
0.15000000000000002,234.2699737548828,55.84001922607422,1.9600000381469727,-0.00830078125,0.20000000298023224,"[0.6911239624023438, 0.49549999833106995, 0.0, 0.9659090042114258]","[0.0, 0.0, 4.261057711119065e-06, 4.966666892869398e-05, -0.01592736318707466, 1.0, 0.016333334147930145, 4.261057711119065e-06, 0.0, 0.0, -0.9999986290931702, -0.016283666715025902, 0.0, 0.0]","[1.0, 1.0, 0.0, 0.6617910861968994, 1.0, 0.43517452478408813, 0.16595163941383362, 0.7570960521697998]",1.0
0.2,234.2699737548828,55.84001922607422,1.125920057296753,-0.00830078125,0.20000000298023224,"[0.6363878846168518, 0.274399995803833, 0.0, 0.5113636255264282]","[0.0, 0.0, 4.261057711119065e-06, 4.966666892869398e-05, -0.01592736318707466, 1.0, 0.016333334147930145, 4.261057711119065e-06, 0.0, 0.0, -0.9999986290931702, -0.016283666715025902, 0.0, 0.0]","[1.0, 1.0, 0.0, 0.6617910861968994, 1.0, 0.43517452478408813, 0.16595163941383362, 0.7570960521697998]",1.0
0.25,234.2699737548828,55.84001922607422,0.5760599970817566,-0.00830078125,0.20000000298023224,"[0.6003036499023438, 0.14470000565052032, 0.0, 0.7075186371803284]","[0.0, 0.0, 4.261057711119065e-06, 4.966666892869398e-05, -0.01592736318707466, 1.0, 0.016333334147930145, 4.261057711119065e-06, 0.0, 0.0, -0.9999986290931702, -0.016283666715025902, 0.0, 0.0]","[1.0, 1.0, 0.0, 0.6617910861968994, 1.0, 0.43517452478408813, 0.16595163941383362, 0.7570960521697998]",0.9772278890123988
0.3,234.2699737548828,55.84001922607422,0.2510800063610077,-0.00830078125,0.20000000298023224,"[0.5789769887924194, 0.06459999829530716, 0.0, 0.7614768147468567]","[0.0, 0.0, 4.261057711119065e-06, 4.966666892869398e-05, -0.01592736318707466, 1.0, 0.016333334147930145, 4.261057711119065e-06, 0.0, 0.0, -0.9999986290931702, -0.016283666715025902, 0.0, 0.0]","[1.0, 1.0, 0.0, 0.6617910861968994, 1.0, 0.43517452478408813, 0.16595163941383362, 0.7570960521697998]",0.8898907156608039
0.35,234.2699737548828,55.84001922607422,0.06662999838590622,-0.00830078125,0.20000000298023224,"[0.5668725371360779, 0.017400000244379044, 0.0, 0.8470976948738098]","[0.0, 0.0, 4.261057711119065e-06, 4.966666892869398e-05, -0.01592736318707466, 1.0, 0.016333334147930145, 4.261057711119065e-06, 0.0, 0.0, -0.9999986290931702, -0.016283666715025902, 0.0, 0.0]","[1.0, 1.0, 0.0, 0.6617910861968994, 1.0, 0.43517452478408813, 0.16595163941383362, 0.7570960521697998]",0.7773273682137383
0.39999999999999997,234.2699737548828,55.84001922607422,0.031599998474121094,-0.00830078125,0.20000000298023224,"[0.5645737648010254, 0.008299999870359898, 0.0, 0.9168357253074646]","[0.0, 0.0, 4.261057711119065e-06, 4.966666892869398e-05, -0.01592736318707466, 1.0, 0.016333334147930145, 4.261057711119065e-06, 0.0, 0.0, -0.9999986290931702, -0.016283666715025902, 0.0, 0.0]","[1.0, 1.0, 0.0, 0.6617910861968994, 1.0, 0.43517452478408813, 0.16595163941383362, 0.7570960521697998]",0.46497484558984714
0.44999999999999996,234.2699737548828,55.84001922607422,0.07818999886512756,-0.00830078125,0.20000000298023224,"[0.567631185054779, 0.02070000022649765, 0.0, 0.9467031955718994]","[0.0, 0.0, 4.261057711119065e-06, 4.966666892869398e-05, -0.01592736318707466, 1.0, 0.016333334147930145, 4.261057711119065e-06, 0.0, 0.0, -0.9999986290931702, -0.016283666715025902, 0.0, 0.0]","[1.0, 1.0, 0.0, 0.6617910861968994, 1.0, 0.43517452478408813, 0.16595163941383362, 0.7570960521697998]",0.2558536566915852
0.49999999999999994,234.2699737548828,55.84001922607422,0.09489999711513519,-0.00830078125,0.20000000298023224,"[0.5687277317047119, 0.025200000032782555, 0.0, 0.9705612659454346]","[0.0, 0.0, 4.261057711119065e-06, 4.966666892869398e-05, -0.01592736318707466, 1.0, 0.016333334147930145, 4.261057711119065e-06, 0.0, 0.0, -0.9999986290931702, -0.016283666715025902, 0.0, 0.0]","[1.0, 1.0, 0.0, 0.6617910861968994, 1.0, 0.43517452478408813, 0.16595163941383362, 0.7570960521697998]",0.024977142590820844
0.5499999999999999,234.2699737548828,55.84001922607422,0.09520000219345093,-0.00830078125,0.20000000298023224,"[0.5687474608421326, 0.025299999862909317, 0.0, 0.9850340485572815]","[0.0, 0.0, 4.261057711119065e-06, 4.966666892869398e-05, -0.01592736318707466, 1.0, 0.016333334147930145, 4.261057711119065e-06, 0.0, 0.0, -0.9999986290931702, -0.016283666715025902, 0.0, 0.0]","[1.0, 1.0, 0.0, 0.6617910861968994, 1.0, 0.43517452478408813, 0.16595163941383362, 0.7570960521697998]",-0.21720099574834717
0.6,234.2699737548828,55.84001922607422,0.08722999691963196,-0.00830078125,0.20000000298023224,"[0.5682244300842285, 0.02319999970495701, 0.0, 0.9914026260375977]","[0.0, 0.0, 4.261057711119065e-06, 4.966666892869398e-05, -0.01592736318707466, 1.0, 0.016333334147930145, 4.261057711119065e-06, 0.0, 0.0, -0.9999986290931702, -0.016283666715025902, 0.0, 0.0]","[1.0, 1.0, 0.0, 0.6617910861968994, 1.0, 0.43517452478408813, 0.16595163941383362, 0.7570960521697998]",-0.4769654043799063
0.65,234.2699737548828,55.84001922607422,0.07580000162124634,-0.00830078125,0.20000000298023224,"[0.567474365234375, 0.020099999383091927, 0.0, 0.9952910542488098]","[0.0, 0.0, 4.261057711119065e-06, 4.966666892869398e-05, -0.01592736318707466, 1.0, 0.016333334147930145, 4.261057711119065e-06, 0.0, 0.0, -0.9999986290931702, -0.016283666715025902, 0.0, 0.0]","[1.0, 1.0, 0.0, 0.6617910861968994, 1.0, 0.43517452478408813, 0.16595163941383362, 0.7570960521697998]",-1.0905184452846748
0.7000000000000001,234.2699737548828,55.84001922607422,0.0636100023984909,-0.00830078125,0.20000000298023224,"[0.5666743516921997, 0.016899999231100082, 0.0, 0.9976432919502258]","[0.0, 0.0, 4.261057711119065e-06, 4.966666892869398e-05, -0.01592736318707466, 1.0, 0.016333334147930145, 4.261057711119065e-06, 0.0, 0.0, -0.9999986290931702, -0.016283666715025902, 0.0, 0.0]","[1.0, 1.0, 0.0, 0.6617910861968994, 1.0, 0.43517452478408813, 0.16595163941383362, 0.7570960521697998]",-1.4143242746752227
0.7500000000000001,234.2699737548828,55.84001922607422,0.052060000598430634,-0.00830078125,0.20000000298023224,"[0.5659164190292358, 0.013799999840557575, 4.3956040940429375e-07, 0.997830331325531]","[0.0, 0.0, 4.261057711119065e-06, 4.966666892869398e-05, -0.01592736318707466, 1.0, 0.016333334147930145, 4.261057711119065e-06, 0.0, 0.0, -0.9999986290931702, -0.016283666715025902, 0.0, 0.0]","[1.0, 1.0, 0.0, 0.6617910861968994, 1.0, 0.43517452478408813, 0.16595163941383362, 0.7570960521697998]",-1.746439735353151
0.8000000000000002,234.2699737548828,55.84001922607422,0.041839998215436935,-0.00830078125,0.20000000298023224,"[0.5652457475662231, 0.011099999770522118, 0.0, 0.9974126815795898]","[0.0, 0.0, 4.261057711119065e-06, 4.966666892869398e-05, -0.01592736318707466, 1.0, 0.016333334147930145, 4.261057711119065e-06, 0.0, 0.0, -0.9999986290931702, -0.016283666715025902, 0.0, 0.0]","[1.0, 1.0, 0.0, 0.6617910861968994, 1.0, 0.43517452478408813, 0.16595163941383362, 0.7570960521697998]",-2.4862047273125327
0.8500000000000002,234.2699737548828,55.84001922607422,0.03313999995589256,-0.00830078125,0.27777099609375,"[0.5646747946739197, 0.007899999618530273, 0.0, 0.9974228739738464]","[0.0, 0.0, 4.261057711119065e-06, 4.966666892869398e-05, -0.01592736318707466, 1.0, 0.016333334147930145, 4.261057711119065e-06, 0.0, 0.0, -0.9999986290931702, -0.016283666715025902, 0.0, 0.0]","[1.0, 1.0, 0.0, 0.6617910861968994, 1.0, 0.43517452478408813, 0.16595163941383362, 0.7570960521697998]",-2.8710560097984477
0.9000000000000002,234.2699737548828,55.84001922607422,0.025949999690055847,-0.00830078125,0.4880828857421875,"[0.5642029643058777, 0.004399999976158142, 0.0, 0.9749199748039246]","[0.0, 0.0, 4.261057711119065e-06, 4.966666892869398e-05, -0.01592736318707466, 1.0, 0.016333334147930145, 4.261057711119065e-06, 0.0, 0.0, -0.9999986290931702, -0.016283666715025902, 0.0, 0.0]","[1.0, 1.0, 0.0, 0.6617910861968994, 1.0, 0.43517452478408813, 0.16595163941383362, 0.7570960521697998]",-3.270999509673313
0.9500000000000003,234.2699737548828,55.84001922607422,0.02012999914586544,-0.00830078125,0.58984375,"[0.5638210773468018, 0.0027000000700354576, 0.0, 0.9979605674743652]","[0.0, 0.0, 4.261057711119065e-06, 4.966666892869398e-05, -0.01592736318707466, 1.0, 0.016333334147930145, 4.261057711119065e-06, 0.0, 0.0, -0.9999986290931702, -0.016283666715025902, 0.0, 0.0]","[1.0, 1.0, 0.0, 0.6617910861968994, 1.0, 0.43517452478408813, 0.16595163941383362, 0.7570960521697998]",-3.6870337109805345
1.0000000000000002,234.2699737548828,55.84001922607422,0.01549999974668026,-0.00830078125,0.609375,"[0.5635172128677368, 0.0020000000949949026, 0.0, 0.9982925057411194]","[0.0, 0.0, 4.261057711119065e-06, 4.966666892869398e-05, -0.01592736318707466, 1.0, 0.016333334147930145, 4.261057711119065e-06, 0.0, 0.0, -0.9999986290931702, -0.016283666715025902, 0.0, 0.0]","[1.0, 1.0, 0.0, 0.6617910861968994, 1.0, 0.43517452478408813, 0.16595163941383362, 0.7570960521697998]",-4.113000340232302
1.0500000000000003,234.2699737548828,55.84001922607422,0.011850000359117985,-0.00830078125,0.63671875,"[0.5632776021957397, 0.001500000013038516, 0.0, 0.9986058473587036]","[0.0, 0.0, 4.261057711119065e-06, 4.966666892869398e-05, -0.01592736318707466, 1.0, 0.016333334147930145, 4.261057711119065e-06, 0.0, 0.0, -0.9999986290931702, -0.016283666715025902, 0.0, 0.0]","[1.0, 1.0, 0.0, 0.6617910861968994, 1.0, 0.43517452478408813, 0.16595163941383362, 0.7570960521697998]",-5.004308563994978
1.1000000000000003,234.2699737548828,55.84001922607422,0.00901000015437603,-0.00830078125,0.65625,"[0.5630912780761719, 0.0010000000474974513, 4.3956040940429375e-07, 0.9988763928413391]","[0.0, 0.0, 4.261057711119065e-06, 4.966666892869398e-05, -0.01592736318707466, 1.0, 0.016333334147930145, 4.261057711119065e-06, 0.0, 0.0, -0.9999986290931702, -0.016283666715025902, 0.0, 0.0]","[1.0, 1.0, 0.0, 0.6617910861968994, 1.0, 0.43517452478408813, 0.16595163941383362, 0.7570960521697998]",-5.467681544016257
1.1500000000000004,234.2699737548828,55.84001922607422,0.006819999776780605,-0.00830078125,0.65625,"[0.5629475712776184, 0.0007999999797903001, 4.3956040940429375e-07, 0.999114990234375]","[0.0, 0.0, 4.261057711119065e-06, 4.966666892869398e-05, -0.01592736318707466, 1.0, 0.016333334147930145, 4.261057711119065e-06, 0.0, 0.0, -0.9999986290931702, -0.016283666715025902, 0.0, 0.0]","[1.0, 1.0, 0.0, 0.6617910861968994, 1.0, 0.43517452478408813, 0.16595163941383362, 0.7570960521697998]",-5.953635561008634
1.2000000000000004,234.2699737548828,55.84001922607422,0.005140000022947788,-0.00830078125,0.66796875,"[0.5628373026847839, 0.0006000000284984708, 4.3956040940429375e-07, 0.9993056058883667]","[0.0, 0.0, 4.261057711119065e-06, 4.966666892869398e-05, -0.01592736318707466, 1.0, 0.016333334147930145, 4.261057711119065e-06, 0.0, 0.0, -0.9999986290931702, -0.016283666715025902, 0.0, 0.0]","[1.0, 1.0, 0.0, 0.6617910861968994, 1.0, 0.43517452478408813, 0.16595163941383362, 0.7570960521697998]",-6.4642159279308125
1.2500000000000004,234.26995849609375,55.84001922607422,0.00431999983265996,-0.00830078125,0.68359375,"[0.5627834796905518, 0.0005000000237487257, 0.00174593401607126, 0.997519850730896]","[0.0, 0.0, 4.261057711119065e-06, 4.966666892869398e-05, -0.01592736318707466, 1.0, 0.016333334147930145, 4.261057711119065e-06, 0.0, 0.0, -0.9999986290931702, -0.016283666715025902, 0.0, 0.0]","[1.0, 1.0, 0.0, 0.6617910861968994, 1.0, 0.43517452478408813, 0.16595163941383362, 0.7570960521697998]",-7.47046181950523
1.3000000000000005,234.25672912597656,55.8400764465332,0.40953001379966736,-0.00830078125,0.70703125,"[0.5893751978874207, 0.03819999843835831, 0.3601652681827545, 0.5288148522377014]","[0.0, 0.0, 4.261057711119065e-06, 4.966666892869398e-05, -0.01592736318707466, 1.0, 0.016333334147930145, 4.261057711119065e-06, 0.0, 0.0, -0.9999986290931702, -0.016283666715025902, 0.0, 0.0]","[1.0, 1.0, 0.0, 0.6617910861968994, 1.0, 0.43517452478408813, 0.16595163941383362, 0.7570960521697998]",-7.971211612932565
1.3500000000000005,234.2250518798828,55.84021759033203,0.7122499942779541,-0.00830078125,0.73828125,"[0.6092410087585449, 0.060100000351667404, 0.26909229159355164, 0.8414570689201355]","[0.0, 0.0, 4.261057711119065e-06, 4.966666892869398e-05, -0.01592736318707466, 1.0, 0.016333334147930145, 4.261057711119065e-06, 0.0, 0.0, -0.9999986290931702, -0.016283666715025902, 0.0, 0.0]","[1.0, 1.0, 0.0, 0.6617910861968994, 1.0, 0.43517452478408813, 0.16595163941383362, 0.7570960521697998]",-8.512726266602263
1.4000000000000006,234.18348693847656,55.84048080444336,0.8539800047874451,-0.00830078125,0.76953125,"[0.618541955947876, 0.06449999660253525, 0.12764087319374084, 0.7873179316520691]","[0.0, 0.0, 4.261057711119065e-06, 4.966666892869398e-05, -0.01592736318707466, 1.0, 0.016333334147930145, 4.261057711119065e-06, 0.0, 0.0, -0.9999986290931702, -0.016283666715025902, 0.0, 0.0]","[1.0, 1.0, 0.0, 0.6617910861968994, 1.0, 0.43517452478408813, 0.16595163941383362, 0.7570960521697998]",-9.04444654274135
1.4500000000000006,234.13442993164062,55.84077453613281,1.0290700197219849,-0.00830078125,0.80859375,"[0.6300321817398071, 0.06430000066757202, 0.15560702979564667, 0.9340526461601257]","[0.0, 0.0, 4.261057711119065e-06, 4.966666892869398e-05, -0.01592736318707466, 1.0, 0.016333334147930145, 4.261057711119065e-06, 0.0, 0.0, -0.9999986290931702, -0.016283666715025902, 0.0, 0.0]","[1.0, 1.0, 0.0, 0.6617910861968994, 1.0, 0.43517452478408813, 0.16595163941383362, 0.7570960521697998]",-10.13286650609589
1.5000000000000007,234.0765838623047,55.84071731567383,1.2146400213241577,0.00628662109375,0.83984375,"[0.6422101259231567, 0.06340000033378601, 0.1719265729188919, 0.956266462802887]","[0.0, 0.0, 4.261057711119065e-06, 4.966666892869398e-05, -0.01592736318707466, 1.0, 0.016333334147930145, 4.261057711119065e-06, 0.0, 0.0, -0.9999986290931702, -0.016283666715025902, 0.0, 0.0]","[1.0, 1.0, 0.0, 0.6617910861968994, 1.0, 0.43517452478408813, 0.16595163941383362, 0.7570960521697998]",-10.641570312056798
1.5500000000000007,234.01158142089844,55.84041976928711,1.3329600095748901,0.0081787109375,0.87109375,"[0.6499748229980469, 0.05640000104904175, 0.1103358194231987, 0.9025529623031616]","[0.0, 0.0, 4.261057711119065e-06, 4.966666892869398e-05, -0.01592736318707466, 1.0, 0.016333334147930145, 4.261057711119065e-06, 0.0, 0.0, -0.9999986290931702, -0.016283666715025902, 0.0, 0.0]","[1.0, 1.0, 0.0, 0.6617910861968994, 1.0, 0.43517452478408813, 0.16595163941383362, 0.7570960521697998]",-11.202295397066326
1.6000000000000008,233.93621826171875,55.84008026123047,1.5755499601364136,0.0089111328125,0.89453125,"[0.665894627571106, 0.05389999970793724, 0.2191450595855713, 0.8197163939476013]","[0.0, 0.0, 4.261057711119065e-06, 4.966666892869398e-05, -0.01592736318707466, 1.0, 0.016333334147930145, 4.261057711119065e-06, 0.0, 0.0, -0.9999986290931702, -0.016283666715025902, 0.0, 0.0]","[1.0, 1.0, 0.0, 0.6617910861968994, 1.0, 0.43517452478408813, 0.16595163941383362, 0.7570960521697998]",-12.105074232279394
1.6500000000000008,233.8514404296875,55.83953094482422,1.7705399990081787,0.0086669921875,0.91015625,"[0.6786907911300659, 0.05180000141263008, 0.17356131970882416, 0.9147952795028687]","[0.0, 0.0, 4.261057711119065e-06, 4.966666892869398e-05, -0.01592736318707466, 1.0, 0.016333334147930145, 4.261057711119065e-06, 0.0, 0.0, -0.9999986290931702, -0.016283666715025902, 0.0, 0.0]","[1.0, 1.0, 0.0, 0.6617910861968994, 1.0, 0.43517452478408813, 0.16595163941383362, 0.7570960521697998]",-12.48815158519484
1.7000000000000008,233.75851440429688,55.83892059326172,1.9251500368118286,0.007720947265625,0.91015625,"[0.688836932182312, 0.05660000070929527, 0.13785713911056519, 0.9310754537582397]","[0.0, 0.0, 4.261057711119065e-06, 4.966666892869398e-05, -0.01592736318707466, 1.0, 0.016333334147930145, 4.261057711119065e-06, 0.0, 0.0, -0.9999986290931702, -0.016283666715025902, 0.0, 0.0]","[1.0, 1.0, 0.0, 0.6617910861968994, 1.0, 0.43517452478408813, 0.16595163941383362, 0.7570960521697998]",-12.864802377738728
1.7500000000000009,233.65628051757812,55.838314056396484,2.127609968185425,0.00555419921875,0.91015625,"[0.7021232843399048, 0.062199998646974564, 0.17937494814395905, 0.9151816368103027]","[0.0, 0.0, 4.261057711119065e-06, 4.966666892869398e-05, -0.01592736318707466, 1.0, 0.016333334147930145, 4.261057711119065e-06, 0.0, 0.0, -0.9999986290931702, -0.016283666715025902, 0.0, 0.0]","[1.0, 1.0, 0.0, 0.6617910861968994, 1.0, 0.43517452478408813, 0.16595163941383362, 0.7570960521697998]",-13.236059397695389
1.800000000000001,233.54209899902344,55.83784866333008,2.38004994392395,0.0006103515625,0.87890625,"[0.7186895608901978, 0.0934000015258789, 0.2266404628753662, 0.9056259393692017]","[0.0, 0.0, 4.261057711119065e-06, 4.966666892869398e-05, -0.01592736318707466, 1.0, 0.016333334147930145, 4.261057711119065e-06, 0.0, 0.0, -0.9999986290931702, -0.016283666715025902, 0.0, 0.0]","[1.0, 1.0, 0.0, 0.6617910861968994, 1.0, 0.43517452478408813, 0.16595163941383362, 0.7570960521697998]",-14.117672489256291
1.850000000000001,233.41522216796875,55.83771896362305,2.6358399391174316,-0.00531005859375,0.875,"[0.7354755997657776, 0.10670000314712524, 0.2330707609653473, 0.9599351286888123]","[0.0, 0.0, 4.261057711119065e-06, 4.966666892869398e-05, -0.01592736318707466, 1.0, 0.016333334147930145, 4.261057711119065e-06, 0.0, 0.0, -0.9999986290931702, -0.016283666715025902, 0.0, 0.0]","[1.0, 1.0, 0.0, 0.6617910861968994, 1.0, 0.43517452478408813, 0.16595163941383362, 0.7570960521697998]",-14.494827979094419
1.900000000000001,233.2748260498047,55.83787536621094,2.916290044784546,-0.008270263671875,0.875,"[0.7538800239562988, 0.1177000030875206, 0.2545037269592285, 0.9360073208808899]","[0.0, 0.0, 4.261057711119065e-06, 4.966666892869398e-05, -0.01592736318707466, 1.0, 0.016333334147930145, 4.261057711119065e-06, 0.0, 0.0, -0.9999986290931702, -0.016283666715025902, 0.0, 0.0]","[1.0, 1.0, 0.0, 0.6617910861968994, 1.0, 0.43517452478408813, 0.16595163941383362, 0.7570960521697998]",-14.874578856388153
1.950000000000001,233.1199493408203,55.83830261230469,3.211359977722168,-0.00994873046875,0.875,"[0.77324378490448, 0.12950000166893005, 0.2668509781360626, 0.948113739490509]","[0.0, 0.0, 4.261057711119065e-06, 4.966666892869398e-05, -0.01592736318707466, 1.0, 0.016333334147930145, 4.261057711119065e-06, 0.0, 0.0, -0.9999986290931702, -0.016283666715025902, 0.0, 0.0]","[1.0, 1.0, 0.0, 0.6617910861968994, 1.0, 0.43517452478408813, 0.16595163941383362, 0.7570960521697998]",-15.241739315644857
2.000000000000001,232.9490966796875,55.83893966674805,3.5389699935913086,-0.00994873046875,0.875,"[0.7947430610656738, 0.14219999313354492, 0.29420921206474304, 0.9271953701972961]","[0.0, 0.0, 4.261057711119065e-06, 4.966666892869398e-05, -0.01592736318707466, 1.0, 0.016333334147930145, 4.261057711119065e-06, 0.0, 0.0, -0.9999986290931702, -0.016283666715025902, 0.0, 0.0]","[1.0, 1.0, 0.0, 0.6617910861968994, 1.0, 0.43517452478408813, 0.16595163941383362, 0.7570960521697998]",-16.135265623548392
2.0500000000000007,232.7627410888672,55.83968734741211,3.839060068130493,-0.008758544921875,0.875,"[0.8144363164901733, 0.15469999611377716, 0.26761847734451294, 0.9332058429718018]","[0.0, 0.0, 4.261057711119065e-06, 4.966666892869398e-05, -0.01592736318707466, 1.0, 0.016333334147930145, 4.261057711119065e-06, 0.0, 0.0, -0.9999986290931702, -0.016283666715025902, 0.0, 0.0]","[1.0, 1.0, 0.0, 0.6617910861968994, 1.0, 0.43517452478408813, 0.16595163941383362, 0.7570960521697998]",-16.493080172193594
2.1000000000000005,232.56202697753906,55.84059524536133,4.122920036315918,-0.006439208984375,0.875,"[0.8330644369125366, 0.1664000004529953, 0.2545766532421112, 0.9465427994728088]","[0.0, 0.0, 4.261057711119065e-06, 4.966666892869398e-05, -0.01592736318707466, 1.0, 0.016333334147930145, 4.261057711119065e-06, 0.0, 0.0, -0.9999986290931702, -0.016283666715025902, 0.0, 0.0]","[1.0, 1.0, 0.0, 0.6617910861968994, 1.0, 0.43517452478408813, 0.16595163941383362, 0.7570960521697998]",-16.867218646270274
2.1500000000000004,232.34739685058594,55.841331481933594,4.400030136108398,-0.003753662109375,0.875,"[0.8512496948242188, 0.1776999980211258, 0.2498576045036316, 0.9525348544120789]","[0.0, 0.0, 4.261057711119065e-06, 4.966666892869398e-05, -0.01592736318707466, 1.0, 0.016333334147930145, 4.261057711119065e-06, 0.0, 0.0, -0.9999986290931702, -0.016283666715025902, 0.0, 0.0]","[1.0, 1.0, 0.0, 0.6617910861968994, 1.0, 0.43517452478408813, 0.16595163941383362, 0.7570960521697998]",-17.286361057976773
2.2,232.11907958984375,55.841854095458984,4.674779891967773,-0.001129150390625,0.875,"[0.8692799806594849, 0.18880000710487366, 0.24665184319019318, 0.9622688889503479]","[0.0, 0.0, 4.261057711119065e-06, 4.966666892869398e-05, -0.01592736318707466, 1.0, 0.016333334147930145, 4.261057711119065e-06, 0.0, 0.0, -0.9999986290931702, -0.016283666715025902, 0.0, 0.0]","[1.0, 1.0, 0.0, 0.6617910861968994, 1.0, 0.43517452478408813, 0.16595163941383362, 0.7570960521697998]",-17.862038250511176
2.25,231.8770294189453,55.8421516418457,4.949389934539795,0.001190185546875,0.875,"[0.8873010873794556, 0.19990000128746033, 0.24687427282333374, 0.9644757509231567]","[0.0, 0.0, 4.261057711119065e-06, 4.966666892869398e-05, -0.01592736318707466, 1.0, 0.016333334147930145, 4.261057711119065e-06, 0.0, 0.0, -0.9999986290931702, -0.016283666715025902, 0.0, 0.0]","[1.0, 1.0, 0.0, 0.6617910861968994, 1.0, 0.43517452478408813, 0.16595163941383362, 0.7570960521697998]",-17.984456515594417
2.3,231.62124633789062,55.842185974121094,5.225299835205078,0.0030517578125,0.875,"[0.9054075479507446, 0.2110999971628189, 0.24896791577339172, 0.961661696434021]","[0.0, 0.0, 4.261057711119065e-06, 4.966666892869398e-05, -0.01592736318707466, 1.0, 0.016333334147930145, 4.261057711119065e-06, 0.0, 0.0, -0.9999986290931702, -0.016283666715025902, 0.0, 0.0]","[1.0, 1.0, 0.0, 0.6617910861968994, 1.0, 0.43517452478408813, 0.16595163941383362, 0.7570960521697998]",-18.089015543228918
2.3499999999999996,231.35276794433594,55.84200668334961,5.418829917907715,0.003997802734375,0.875,"[0.9181078672409058, 0.2206999957561493, 0.17483912408351898, 0.8756890296936035]","[0.0, 0.0, 4.261057711119065e-06, 4.966666892869398e-05, -0.01592736318707466, 1.0, 0.016333334147930145, 4.261057711119065e-06, 0.0, 0.0, -0.9999986290931702, -0.016283666715025902, 0.0, 0.0]","[1.0, 1.0, 0.0, 0.6617910861968994, 1.0, 0.43517452478408813, 0.16595163941383362, 0.7570960521697998]",-18.185760530454985
2.3999999999999995,231.08316040039062,55.84168243408203,5.404139995574951,0.004302978515625,0.875,"[0.9171438217163086, 0.2240999937057495, 0.0, 0.7511994242668152]","[0.0, 0.0, 4.261057711119065e-06, 4.966666892869398e-05, -0.01592736318707466, 1.0, 0.016333334147930145, 4.261057711119065e-06, 0.0, 0.0, -0.9999986290931702, -0.016283666715025902, 0.0, 0.0]","[1.0, 1.0, 0.0, 0.6617910861968994, 1.0, 0.43517452478408813, 0.16595163941383362, 0.7570960521697998]",-18.658559914079518
2.4499999999999993,230.8137969970703,55.84124755859375,5.40500020980835,0.004302978515625,0.875,"[0.9172003269195557, 0.22450000047683716, 0.0012138905003666878, 0.981251060962677]","[0.0, 0.0, 4.261057711119065e-06, 4.966666892869398e-05, -0.01592736318707466, 1.0, 0.016333334147930145, 4.261057711119065e-06, 0.0, 0.0, -0.9999986290931702, -0.016283666715025902, 0.0, 0.0]","[1.0, 1.0, 0.0, 0.6617910861968994, 1.0, 0.43517452478408813, 0.16595163941383362, 0.7570960521697998]",-18.769914244715434
2.499999999999999,230.54396057128906,55.8406867980957,5.419740200042725,0.004150390625,0.875,"[0.9181675910949707, 0.2248000055551529, 0.0167674720287323, 0.9815642237663269]","[0.0, 0.0, 4.261057711119065e-06, 4.966666892869398e-05, -0.01592736318707466, 1.0, 0.016333334147930145, 4.261057711119065e-06, 0.0, 0.0, -0.9999986290931702, -0.016283666715025902, 0.0, 0.0]","[1.0, 1.0, 0.0, 0.6617910861968994, 1.0, 0.43517452478408813, 0.16595163941383362, 0.7570960521697998]",-18.873937841661512
2.549999999999999,230.2743682861328,55.84002685546875,5.396140098571777,0.00384521484375,0.875,"[0.9166188836097717, 0.22360000014305115, 0.01620456948876381, 0.9513075351715088]","[0.0, 0.0, 4.261057711119065e-06, 4.966666892869398e-05, -0.01592736318707466, 1.0, 0.016333334147930145, 4.261057711119065e-06, 0.0, 0.0, -0.9999986290931702, -0.016283666715025902, 0.0, 0.0]","[1.0, 1.0, 0.0, 0.6617910861968994, 1.0, 0.43517452478408813, 0.16595163941383362, 0.7570960521697998]",-18.93820120705713
2.5999999999999988,229.98678588867188,55.839237213134766,6.028369903564453,0.003204345703125,0.875,"[0.9581086039543152, 0.2345999926328659, 0.39006146788597107, 0.44313904643058777]","[0.0, 0.0, 4.261057711119065e-06, 4.966666892869398e-05, -0.01592736318707466, 1.0, 0.016333334147930145, 4.261057711119065e-06, 0.0, 0.0, -0.9999986290931702, -0.016283666715025902, 0.0, 0.0]","[1.0, 1.0, 0.0, 0.6617910861968994, 1.0, 0.43517452478408813, 0.16595163941383362, 0.7570960521697998]",-19.26853858133965
2.6499999999999986,229.66783142089844,55.83836364746094,6.550559997558594,0.0020751953125,0.875,"[0.9923770427703857, 0.2578999996185303, 0.4599577784538269, 0.8355404138565063]","[0.0, 0.0, 4.261057711119065e-06, 4.966666892869398e-05, -0.01592736318707466, 1.0, 0.016333334147930145, 4.261057711119065e-06, 0.0, 0.0, -0.9999986290931702, -0.016283666715025902, 0.0, 0.0]","[1.0, 1.0, 0.0, 0.6617910861968994, 1.0, 0.43517452478408813, 0.16595163941383362, 0.7570960521697998]",-19.252480331295168
2.6999999999999984,229.3312225341797,55.83744812011719,6.813950061798096,0.00115966796875,0.87109375,"[0.9903380870819092, 0.2842000126838684, 0.23264221847057343, 0.6621628403663635]","[0.0, 0.0, 4.261057711119065e-06, 4.966666892869398e-05, -0.01592736318707466, 1.0, 0.016333334147930145, 4.261057711119065e-06, 0.0, 0.0, -0.9999986290931702, -0.016283666715025902, 0.0, 0.0]","[1.0, 1.0, 0.0, 0.6617910861968994, 1.0, 0.43517452478408813, 0.16595163941383362, 0.7570960521697998]",-19.23064965293675
2.7499999999999982,228.9828338623047,55.83652114868164,7.062759876251221,0.000885009765625,0.86328125,"[0.9740101099014282, 0.31290000677108765, 0.21944044530391693, 0.9486439824104309]","[0.0, 0.0, 4.261057711119065e-06, 4.966666892869398e-05, -0.01592736318707466, 1.0, 0.016333334147930145, 4.261057711119065e-06, 0.0, 0.0, -0.9999986290931702, -0.016283666715025902, 0.0, 0.0]","[1.0, 1.0, 0.0, 0.6617910861968994, 1.0, 0.43517452478408813, 0.16595163941383362, 0.7570960521697998]",-19.20363410493589
2.799999999999998,228.6210479736328,55.83552169799805,7.348209857940674,0.0008544921875,0.859375,"[0.9552775621414185, 0.3336000144481659, 0.2517234981060028, 0.9225331544876099]","[0.0, 0.0, 4.261057711119065e-06, 4.966666892869398e-05, -0.01592736318707466, 1.0, 0.016333334147930145, 4.261057711119065e-06, 0.0, 0.0, -0.9999986290931702, -0.016283666715025902, 0.0, 0.0]","[1.0, 1.0, 0.0, 0.6617910861968994, 1.0, 0.43517452478408813, 0.16595163941383362, 0.7570960521697998]",-19.516068164069413
2.849999999999998,228.2454833984375,55.83444595336914,7.617189884185791,0.001007080078125,0.8515625,"[0.9376258850097656, 0.36559998989105225, 0.2376602441072464, 0.9464009404182434]","[0.0, 0.0, 4.261057711119065e-06, 4.966666892869398e-05, -0.01592736318707466, 1.0, 0.016333334147930145, 4.261057711119065e-06, 0.0, 0.0, -0.9999986290931702, -0.016283666715025902, 0.0, 0.0]","[1.0, 1.0, 0.0, 0.6617910861968994, 1.0, 0.43517452478408813, 0.16595163941383362, 0.7570960521697998]",-19.49642046185729
2.8999999999999977,227.85562133789062,55.833255767822266,7.914959907531738,0.001220703125,0.83203125,"[0.9180849194526672, 0.428600013256073, 0.2637002170085907, 0.931785523891449]","[0.0, 0.0, 4.261057711119065e-06, 4.966666892869398e-05, -0.01592736318707466, 1.0, 0.016333334147930145, 4.261057711119065e-06, 0.0, 0.0, -0.9999986290931702, -0.016283666715025902, 0.0, 0.0]","[1.0, 1.0, 0.0, 0.6617910861968994, 1.0, 0.43517452478408813, 0.16595163941383362, 0.7570960521697998]",-19.475829370480714
2.9499999999999975,227.45172119140625,55.83194351196289,8.18295955657959,0.001373291015625,0.80859375,"[0.900497555732727, 0.5065000057220459, 0.23763076961040497, 0.9306700229644775]","[0.0, 0.0, 4.261057711119065e-06, 4.966666892869398e-05, -0.01592736318707466, 1.0, 0.016333334147930145, 4.261057711119065e-06, 0.0, 0.0, -0.9999986290931702, -0.016283666715025902, 0.0, 0.0]","[1.0, 1.0, 0.0, 0.6617910861968994, 1.0, 0.43517452478408813, 0.16595163941383362, 0.7570960521697998]",-19.451697298865252
2.9999999999999973,227.04066467285156,55.83054733276367,8.22426986694336,0.001220703125,0.73046875,"[0.8977866172790527, 0.7336000204086304, 0.0380193367600441, 0.726454496383667]","[0.0, 0.0, 4.261057711119065e-06, 4.966666892869398e-05, -0.01592736318707466, 1.0, 0.016333334147930145, 4.261057711119065e-06, 0.0, 0.0, -0.9999986290931702, -0.016283666715025902, 0.0, 0.0]","[1.0, 1.0, 0.0, 0.6617910861968994, 1.0, 0.43517452478408813, 0.16595163941383362, 0.7570960521697998]",-19.858649079905057
3.049999999999997,226.63059997558594,55.829105377197266,8.209159851074219,0.000885009765625,0.64453125,"[0.8987782001495361, 0.9682000279426575, 0.004223737400025129, 0.9311517477035522]","[0.0, 0.0, 4.261057711119065e-06, 4.966666892869398e-05, -0.01592736318707466, 1.0, 0.016333334147930145, 4.261057711119065e-06, 0.0, 0.0, -0.9999986290931702, -0.016283666715025902, 0.0, 0.0]","[1.0, 1.0, 0.0, 0.6617910861968994, 1.0, 0.43517452478408813, 0.16595163941383362, 0.7570960521697998]",-19.88334497292815
3.099999999999997,226.21376037597656,55.82759475708008,8.556269645690918,0.000732421875,0.62109375,"[0.8759993314743042, 1.0, 0.24254260957241058, 0.5683833956718445]","[0.0, 0.0, 4.261057711119065e-06, 4.966666892869398e-05, -0.01592736318707466, 1.0, 0.016333334147930145, 4.261057711119065e-06, 0.0, 0.0, -0.9999986290931702, -0.016283666715025902, 0.0, 0.0]","[1.0, 1.0, 0.0, 0.6617910861968994, 1.0, 0.43517452478408813, 0.16595163941383362, 0.7570960521697998]",-19.918113088115373
3.149999999999997,225.77316284179688,55.825965881347656,8.95145034790039,0.000701904296875,0.62109375,"[0.8500657677650452, 1.0, 0.34861671924591064, 0.9090614914894104]","[0.0, 0.0, 4.261057711119065e-06, 4.966666892869398e-05, -0.01592736318707466, 1.0, 0.016333334147930145, 4.261057711119065e-06, 0.0, 0.0, -0.9999986290931702, -0.016283666715025902, 0.0, 0.0]","[1.0, 1.0, 0.0, 0.6617910861968994, 1.0, 0.43517452478408813, 0.16595163941383362, 0.7570960521697998]",-19.948585125490567
3.1999999999999966,225.31600952148438,55.82418441772461,9.244540214538574,0.001007080078125,0.6171875,"[0.8308318853378296, 1.0, 0.25979912281036377, 0.845168948173523]","[0.0, 0.0, 4.261057711119065e-06, 4.966666892869398e-05, -0.01592736318707466, 1.0, 0.016333334147930145, 4.261057711119065e-06, 0.0, 0.0, -0.9999986290931702, -0.016283666715025902, 0.0, 0.0]","[1.0, 1.0, 0.0, 0.6617910861968994, 1.0, 0.43517452478408813, 0.16595163941383362, 0.7570960521697998]",-20.496070455974262
3.2499999999999964,224.84877014160156,55.82222366333008,9.40272045135498,0.001617431640625,0.6015625,"[0.8204513788223267, 1.0, 0.14230681955814362, 0.8187742233276367]","[0.0, 0.0, 4.261057711119065e-06, 4.966666892869398e-05, -0.01592736318707466, 1.0, 0.016333334147930145, 4.261057711119065e-06, 0.0, 0.0, -0.9999986290931702, -0.016283666715025902, 0.0, 0.0]","[1.0, 1.0, 0.0, 0.6617910861968994, 1.0, 0.43517452478408813, 0.16595163941383362, 0.7570960521697998]",-20.539321120715133
3.2999999999999963,224.37423706054688,55.820091247558594,9.551939964294434,0.001861572265625,0.59375,"[0.8106589317321777, 1.0, 0.13486416637897491, 0.9688912034034729]","[0.0, 0.0, 4.261057711119065e-06, 4.966666892869398e-05, -0.01592736318707466, 1.0, 0.016333334147930145, 4.261057711119065e-06, 0.0, 0.0, -0.9999986290931702, -0.016283666715025902, 0.0, 0.0]","[1.0, 1.0, 0.0, 0.6617910861968994, 1.0, 0.43517452478408813, 0.16595163941383362, 0.7570960521697998]",-20.570727134441743
3.349999999999996,223.89369201660156,55.81773376464844,9.659239768981934,0.0025634765625,0.59375,"[0.8036174774169922, 1.0, 0.09934153407812119, 0.9355332255363464]","[0.0, 0.0, 4.261057711119065e-06, 4.966666892869398e-05, -0.01592736318707466, 1.0, 0.016333334147930145, 4.261057711119065e-06, 0.0, 0.0, -0.9999986290931702, -0.016283666715025902, 0.0, 0.0]","[1.0, 1.0, 0.0, 0.6617910861968994, 1.0, 0.43517452478408813, 0.16595163941383362, 0.7570960521697998]",-20.60798429559754
3.399999999999996,223.40753173828125,55.81508255004883,9.776659965515137,0.00311279296875,0.59375,"[0.7959117889404297, 1.0, 0.1096734032034874, 0.9716295599937439]","[0.0, 0.0, 4.261057711119065e-06, 4.966666892869398e-05, -0.01592736318707466, 1.0, 0.016333334147930145, 4.261057711119065e-06, 0.0, 0.0, -0.9999986290931702, -0.016283666715025902, 0.0, 0.0]","[1.0, 1.0, 0.0, 0.6617910861968994, 1.0, 0.43517452478408813, 0.16595163941383362, 0.7570960521697998]",-21.183846160354495
3.4499999999999957,222.91647338867188,55.81216812133789,9.861769676208496,0.00311279296875,0.59375,"[0.7903265357017517, 1.0, 0.08055824041366577, 0.9500740766525269]","[0.0, 0.0, 4.261057711119065e-06, 4.966666892869398e-05, -0.01592736318707466, 1.0, 0.016333334147930145, 4.261057711119065e-06, 0.0, 0.0, -0.9999986290931702, -0.016283666715025902, 0.0, 0.0]","[1.0, 1.0, 0.0, 0.6617910861968994, 1.0, 0.43517452478408813, 0.16595163941383362, 0.7570960521697998]",-21.29212560951465
3.4999999999999956,222.42063903808594,55.809017181396484,9.96426010131836,0.0025634765625,0.59375,"[0.7836006283760071, 1.0, 0.09498593956232071, 0.9653899073600769]","[0.0, 0.0, 4.261057711119065e-06, 4.966666892869398e-05, -0.01592736318707466, 1.0, 0.016333334147930145, 4.261057711119065e-06, 0.0, 0.0, -0.9999986290931702, -0.016283666715025902, 0.0, 0.0]","[1.0, 1.0, 0.0, 0.6617910861968994, 1.0, 0.43517452478408813, 0.16595163941383362, 0.7570960521697998]",-21.420947203257477
3.5499999999999954,221.92050170898438,55.80572509765625,10.039159774780273,0.001495361328125,0.59375,"[0.7786853909492493, 1.0, 0.06813450902700424, 0.95670485496521]","[0.0, 0.0, 4.261057711119065e-06, 4.966666892869398e-05, -0.01592736318707466, 1.0, 0.016333334147930145, 4.261057711119065e-06, 0.0, 0.0, -0.9999986290931702, -0.016283666715025902, 0.0, 0.0]","[1.0, 1.0, 0.0, 0.6617910861968994, 1.0, 0.43517452478408813, 0.16595163941383362, 0.7570960521697998]",-21.538952092393576
3.599999999999995,221.4159393310547,55.80235290527344,10.1356201171875,0.000701904296875,0.61328125,"[0.7723552584648132, 1.0, 0.08608704060316086, 0.9609600901603699]","[0.0, 0.0, 4.261057711119065e-06, 4.966666892869398e-05, -0.01592736318707466, 1.0, 0.016333334147930145, 4.261057711119065e-06, 0.0, 0.0, -0.9999986290931702, -0.016283666715025902, 0.0, 0.0]","[1.0, 1.0, 0.0, 0.6617910861968994, 1.0, 0.43517452478408813, 0.16595163941383362, 0.7570960521697998]",-22.314962497671814
3.649999999999995,220.9071807861328,55.798885345458984,10.20950984954834,0.000457763671875,0.61328125,"[0.7675062417984009, 1.0, 0.06609757989645004, 0.9629881381988525]","[0.0, 0.0, 4.261057711119065e-06, 4.966666892869398e-05, -0.01592736318707466, 1.0, 0.016333334147930145, 4.261057711119065e-06, 0.0, 0.0, -0.9999986290931702, -0.016283666715025902, 0.0, 0.0]","[1.0, 1.0, 0.0, 0.6617910861968994, 1.0, 0.43517452478408813, 0.16595163941383362, 0.7570960521697998]",-22.43961292439369
3.699999999999995,220.3939971923828,55.79531478881836,10.306349754333496,0.000457763671875,0.61328125,"[0.7611511945724487, 1.0, 0.08657185733318329, 0.9595497846603394]","[0.0, 0.0, 4.261057711119065e-06, 4.966666892869398e-05, -0.01592736318707466, 1.0, 0.016333334147930145, 4.261057711119065e-06, 0.0, 0.0, -0.9999986290931702, -0.016283666715025902, 0.0, 0.0]","[1.0, 1.0, 0.0, 0.6617910861968994, 1.0, 0.43517452478408813, 0.16595163941383362, 0.7570960521697998]",-22.549268908294295
3.7499999999999947,219.87664794921875,55.791648864746094,10.379369735717773,0.000457763671875,0.58984375,"[0.7563592791557312, 1.0, 0.06551384180784225, 0.9618310332298279]","[0.0, 0.0, 4.261057711119065e-06, 4.966666892869398e-05, -0.01592736318707466, 1.0, 0.016333334147930145, 4.261057711119065e-06, 0.0, 0.0, -0.9999986290931702, -0.016283666715025902, 0.0, 0.0]","[1.0, 1.0, 0.0, 0.6617910861968994, 1.0, 0.43517452478408813, 0.16595163941383362, 0.7570960521697998]",-22.646292879804886
3.7999999999999945,219.35516357421875,55.78791809082031,10.46558952331543,9.1552734375e-05,0.4999847412109375,"[0.7507011890411377, 1.0, 0.07613714039325714, 0.9724639058113098]","[0.0, 0.0, 4.261057711119065e-06, 4.966666892869398e-05, -0.01592736318707466, 1.0, 0.016333334147930145, 4.261057711119065e-06, 0.0, 0.0, -0.9999986290931702, -0.016283666715025902, 0.0, 0.0]","[1.0, 1.0, 0.0, 0.6617910861968994, 1.0, 0.43517452478408813, 0.16595163941383362, 0.7570960521697998]",-23.330752335009695
3.8499999999999943,218.83062744140625,55.7841682434082,10.51060962677002,-0.000213623046875,0.392852783203125,"[0.7477467656135559, 1.0, 0.039974067360162735, 0.9450010061264038]","[0.0, 0.0, 4.261057711119065e-06, 4.966666892869398e-05, -0.01592736318707466, 1.0, 0.016333334147930145, 4.261057711119065e-06, 0.0, 0.0, -0.9999986290931702, -0.016283666715025902, 0.0, 0.0]","[1.0, 1.0, 0.0, 0.6617910861968994, 1.0, 0.43517452478408813, 0.16595163941383362, 0.7570960521697998]",-23.401561520708885
3.899999999999994,218.30389404296875,55.78041458129883,10.5558500289917,-0.000335693359375,0.388885498046875,"[0.7447779178619385, 1.0, 0.04032878950238228, 0.993417501449585]","[0.0, 0.0, 4.261057711119065e-06, 4.966666892869398e-05, -0.01592736318707466, 1.0, 0.016333334147930145, 4.261057711119065e-06, 0.0, 0.0, -0.9999986290931702, -0.016283666715025902, 0.0, 0.0]","[1.0, 1.0, 0.0, 0.6617910861968994, 1.0, 0.43517452478408813, 0.16595163941383362, 0.7570960521697998]",-23.46317998257442
3.949999999999994,217.77603149414062,55.776668548583984,10.565420150756836,-0.000335693359375,0.388885498046875,"[0.7441498041152954, 1.0, 0.00889758113771677, 0.9564783573150635]","[0.0, 0.0, 4.261057711119065e-06, 4.966666892869398e-05, -0.01592736318707466, 1.0, 0.016333334147930145, 4.261057711119065e-06, 0.0, 0.0, -0.9999986290931702, -0.016283666715025902, 0.0, 0.0]","[1.0, 1.0, 0.0, 0.6617910861968994, 1.0, 0.43517452478408813, 0.16595163941383362, 0.7570960521697998]",-23.57109636342318
3.999999999999994,217.247314453125,55.7729377746582,10.587240219116211,-0.0003662109375,0.388885498046875,"[0.7427178621292114, 1.0, 0.019857142120599747, 0.9825090765953064]","[0.0, 0.0, 4.261057711119065e-06, 4.966666892869398e-05, -0.01592736318707466, 1.0, 0.016333334147930145, 4.261057711119065e-06, 0.0, 0.0, -0.9999986290931702, -0.016283666715025902, 0.0, 0.0]","[1.0, 1.0, 0.0, 0.6617910861968994, 1.0, 0.43517452478408813, 0.16595163941383362, 0.7570960521697998]",-24.064590861690732
4.049999999999994,216.71835327148438,55.76924514770508,10.580840110778809,-0.000518798828125,0.388885498046875,"[0.7431379556655884, 1.0, 0.0017322198254987597, 0.9657130241394043]","[0.0, 0.0, 4.261057711119065e-06, 4.966666892869398e-05, -0.01592736318707466, 1.0, 0.016333334147930145, 4.261057711119065e-06, 0.0, 0.0, -0.9999986290931702, -0.016283666715025902, 0.0, 0.0]","[1.0, 1.0, 0.0, 0.6617910861968994, 1.0, 0.43517452478408813, 0.16595163941383362, 0.7570960521697998]",-23.771558542836104
4.099999999999993,216.18919372558594,55.765594482421875,10.592309951782227,-0.000457763671875,0.388885498046875,"[0.74238520860672, 1.0, 0.007881143130362034, 0.9772929549217224]","[0.0, 0.0, 4.261057711119065e-06, 4.966666892869398e-05, -0.01592736318707466, 1.0, 0.016333334147930145, 4.261057711119065e-06, 0.0, 0.0, -0.9999986290931702, -0.016283666715025902, 0.0, 0.0]","[1.0, 1.0, 0.0, 0.6617910861968994, 1.0, 0.43517452478408813, 0.16595163941383362, 0.7570960521697998]",-23.488064637696645
4.149999999999993,215.66018676757812,55.761966705322266,10.578740119934082,-0.0003662109375,0.388885498046875,"[0.7432757019996643, 1.0, 0.008236570283770561, 0.9685297608375549]","[0.0, 0.0, 4.261057711119065e-06, 4.966666892869398e-05, -0.01592736318707466, 1.0, 0.016333334147930145, 4.261057711119065e-06, 0.0, 0.0, -0.9999986290931702, -0.016283666715025902, 0.0, 0.0]","[1.0, 1.0, 0.0, 0.6617910861968994, 1.0, 0.43517452478408813, 0.16595163941383362, 0.7570960521697998]",-23.230079416401058
4.199999999999993,215.1312255859375,55.75837326049805,10.585599899291992,-0.0003662109375,0.388885498046875,"[0.7428255081176758, 1.0, 0.0032918681390583515, 0.9749094247817993]","[0.0, 0.0, 4.261057711119065e-06, 4.966666892869398e-05, -0.01592736318707466, 1.0, 0.016333334147930145, 4.261057711119065e-06, 0.0, 0.0, -0.9999986290931702, -0.016283666715025902, 0.0, 0.0]","[1.0, 1.0, 0.0, 0.6617910861968994, 1.0, 0.43517452478408813, 0.16595163941383362, 0.7570960521697998]",-23.320315303074658
4.249999999999993,214.60256958007812,55.75483322143555,10.569990158081055,-0.00054931640625,0.408721923828125,"[0.7438499331474304, 1.0, 0.011069626547396183, 0.9712632298469543]","[0.0, 0.0, 4.261057711119065e-06, 4.966666892869398e-05, -0.01592736318707466, 1.0, 0.016333334147930145, 4.261057711119065e-06, 0.0, 0.0, -0.9999986290931702, -0.016283666715025902, 0.0, 0.0]","[1.0, 1.0, 0.0, 0.6617910861968994, 1.0, 0.43517452478408813, 0.16595163941383362, 0.7570960521697998]",-23.117197258733253
4.299999999999993,214.073974609375,55.75135040283203,10.578060150146484,-0.000823974609375,0.408721923828125,"[0.7433203458786011, 1.0, 0.004213626030832529, 0.9708908796310425]","[0.0, 0.0, 4.261057711119065e-06, 4.966666892869398e-05, -0.01592736318707466, 1.0, 0.016333334147930145, 4.261057711119065e-06, 0.0, 0.0, -0.9999986290931702, -0.016283666715025902, 0.0, 0.0]","[1.0, 1.0, 0.0, 0.6617910861968994, 1.0, 0.43517452478408813, 0.16595163941383362, 0.7570960521697998]",-22.92017434639606
4.3499999999999925,213.54559326171875,55.74797058105469,10.564840316772461,-0.001129150390625,0.412689208984375,"[0.7441878914833069, 1.0, 0.010561582632362843, 0.972802996635437]","[0.0, 0.0, 4.261057711119065e-06, 4.966666892869398e-05, -0.01592736318707466, 1.0, 0.016333334147930145, 4.261057711119065e-06, 0.0, 0.0, -0.9999986290931702, -0.016283666715025902, 0.0, 0.0]","[1.0, 1.0, 0.0, 0.6617910861968994, 1.0, 0.43517452478408813, 0.16595163941383362, 0.7570960521697998]",-22.681595814802908
4.399999999999992,213.01712036132812,55.74474334716797,10.574950218200684,-0.001556396484375,0.412689208984375,"[0.743524432182312, 1.0, 0.00844070315361023, 0.9707951545715332]","[0.0, 0.0, 4.261057711119065e-06, 4.966666892869398e-05, -0.01592736318707466, 1.0, 0.016333334147930145, 4.261057711119065e-06, 0.0, 0.0, -0.9999986290931702, -0.016283666715025902, 0.0, 0.0]","[1.0, 1.0, 0.0, 0.6617910861968994, 1.0, 0.43517452478408813, 0.16595163941383362, 0.7570960521697998]",-22.667507344535903
4.449999999999992,212.48880004882812,55.741703033447266,10.563440322875977,-0.0020751953125,0.412689208984375,"[0.7442797422409058, 1.0, 0.010822241194546223, 0.9726125597953796]","[0.0, 0.0, 4.261057711119065e-06, 4.966666892869398e-05, -0.01592736318707466, 1.0, 0.016333334147930145, 4.261057711119065e-06, 0.0, 0.0, -0.9999986290931702, -0.016283666715025902, 0.0, 0.0]","[1.0, 1.0, 0.0, 0.6617910861968994, 1.0, 0.43517452478408813, 0.16595163941383362, 0.7570960521697998]",-22.37522248416763
4.499999999999992,211.9603729248047,55.73889923095703,10.574640274047852,-0.002685546875,0.412689208984375,"[0.7435448169708252, 1.0, 0.011998329311609268, 0.9712585210800171]","[0.0, 0.0, 4.261057711119065e-06, 4.966666892869398e-05, -0.01592736318707466, 1.0, 0.016333334147930145, 4.261057711119065e-06, 0.0, 0.0, -0.9999986290931702, -0.016283666715025902, 0.0, 0.0]","[1.0, 1.0, 0.0, 0.6617910861968994, 1.0, 0.43517452478408813, 0.16595163941383362, 0.7570960521697998]",-22.089265978286186
4.549999999999992,211.4320068359375,55.73636245727539,10.563920021057129,-0.003021240234375,0.412689208984375,"[0.7442482709884644, 1.0, 0.011906636878848076, 0.9724082350730896]","[0.0, 0.0, 4.261057711119065e-06, 4.966666892869398e-05, -0.01592736318707466, 1.0, 0.016333334147930145, 4.261057711119065e-06, 0.0, 0.0, -0.9999986290931702, -0.016283666715025902, 0.0, 0.0]","[1.0, 1.0, 0.0, 0.6617910861968994, 1.0, 0.43517452478408813, 0.16595163941383362, 0.7570960521697998]",-21.810795997130505
4.599999999999992,210.90353393554688,55.73408889770508,10.574219703674316,-0.002960205078125,0.388885498046875,"[0.7435723543167114, 1.0, 0.01183551736176014, 0.9736286401748657]","[0.0, 0.0, 4.261057711119065e-06, 4.966666892869398e-05, -0.01592736318707466, 1.0, 0.016333334147930145, 4.261057711119065e-06, 0.0, 0.0, -0.9999986290931702, -0.016283666715025902, 0.0, 0.0]","[1.0, 1.0, 0.0, 0.6617910861968994, 1.0, 0.43517452478408813, 0.16595163941383362, 0.7570960521697998]",-21.814374705486962
4.6499999999999915,210.3753204345703,55.73203659057617,10.55875015258789,-0.002349853515625,0.3690338134765625,"[0.7445875406265259, 1.0, 0.013712440617382526, 0.9672127366065979]","[0.0, 0.0, 4.261057711119065e-06, 4.966666892869398e-05, -0.01592736318707466, 1.0, 0.016333334147930145, 4.261057711119065e-06, 0.0, 0.0, -0.9999986290931702, -0.016283666715025902, 0.0, 0.0]","[1.0, 1.0, 0.0, 0.6617910861968994, 1.0, 0.43517452478408813, 0.16595163941383362, 0.7570960521697998]",-21.562696036116517
4.699999999999991,209.84732055664062,55.73011779785156,10.560959815979004,-0.001434326171875,0.3531646728515625,"[0.7444425821304321, 1.0, 0.0018492311937734485, 0.9784305095672607]","[0.0, 0.0, 4.261057711119065e-06, 4.966666892869398e-05, -0.01592736318707466, 1.0, 0.016333334147930145, 4.261057711119065e-06, 0.0, 0.0, -0.9999986290931702, -0.016283666715025902, 0.0, 0.0]","[1.0, 1.0, 0.0, 0.6617910861968994, 1.0, 0.43517452478408813, 0.16595163941383362, 0.7570960521697998]",-21.311967201603103
4.749999999999991,209.32009887695312,55.728271484375,10.53441047668457,-0.00054931640625,0.3134918212890625,"[0.7461848258972168, 1.0, 0.019491253420710564, 0.9619349241256714]","[0.0, 0.0, 4.261057711119065e-06, 4.966666892869398e-05, -0.01592736318707466, 1.0, 0.016333334147930145, 4.261057711119065e-06, 0.0, 0.0, -0.9999986290931702, -0.016283666715025902, 0.0, 0.0]","[1.0, 1.0, 0.0, 0.6617910861968994, 1.0, 0.43517452478408813, 0.16595163941383362, 0.7570960521697998]",-21.069590701655557
4.799999999999991,208.7937774658203,55.72648239135742,10.522139549255371,-0.00018310546875,0.28570556640625,"[0.7469900846481323, 1.0, 0.011678681708872318, 0.9811546206474304]","[0.0, 0.0, 4.261057711119065e-06, 4.966666892869398e-05, -0.01592736318707466, 1.0, 0.016333334147930145, 4.261057711119065e-06, 0.0, 0.0, -0.9999986290931702, -0.016283666715025902, 0.0, 0.0]","[1.0, 1.0, 0.0, 0.6617910861968994, 1.0, 0.43517452478408813, 0.16595163941383362, 0.7570960521697998]",-21.158281129117192
4.849999999999991,208.26907348632812,55.7247314453125,10.476679801940918,0.000244140625,0.23016357421875,"[0.7499734163284302, 1.0, 0.04024175554513931, 0.9542940855026245]","[0.0, 0.0, 4.261057711119065e-06, 4.966666892869398e-05, -0.01592736318707466, 1.0, 0.016333334147930145, 4.261057711119065e-06, 0.0, 0.0, -0.9999986290931702, -0.016283666715025902, 0.0, 0.0]","[1.0, 1.0, 0.0, 0.6617910861968994, 1.0, 0.43517452478408813, 0.16595163941383362, 0.7570960521697998]",-20.95640320782171
4.899999999999991,207.74630737304688,55.72297286987305,10.442850112915039,0.00054931640625,0.20000000298023224,"[0.7521934509277344, 1.0, 0.030456697568297386, 0.9813970327377319]","[0.0, 0.0, 4.261057711119065e-06, 4.966666892869398e-05, -0.01592736318707466, 1.0, 0.016333334147930145, 4.261057711119065e-06, 0.0, 0.0, -0.9999986290931702, -0.016283666715025902, 0.0, 0.0]","[1.0, 1.0, 0.0, 0.6617910861968994, 1.0, 0.43517452478408813, 0.16595163941383362, 0.7570960521697998]",-20.76186810214939
4.94999999999999,207.22628784179688,55.72119903564453,10.375740051269531,0.000701904296875,0.20000000298023224,"[0.7565975189208984, 1.0, 0.05995999649167061, 0.9513639807701111]","[0.0, 0.0, 4.261057711119065e-06, 4.966666892869398e-05, -0.01592736318707466, 1.0, 0.016333334147930145, 4.261057711119065e-06, 0.0, 0.0, -0.9999986290931702, -0.016283666715025902, 0.0, 0.0]","[1.0, 1.0, 0.0, 0.6617910861968994, 1.0, 0.43517452478408813, 0.16595163941383362, 0.7570960521697998]",-20.58015677126905
4.99999999999999,206.7090606689453,55.71939468383789,10.327309608459473,0.000885009765625,0.20000000298023224,"[0.7597757577896118, 1.0, 0.04417230188846588, 0.9711697101593018]","[0.0, 0.0, 4.261057711119065e-06, 4.966666892869398e-05, -0.01592736318707466, 1.0, 0.016333334147930145, 4.261057711119065e-06, 0.0, 0.0, -0.9999986290931702, -0.016283666715025902, 0.0, 0.0]","[1.0, 1.0, 0.0, 0.6617910861968994, 1.0, 0.43517452478408813, 0.16595163941383362, 0.7570960521697998]",-20.763575556560042
5.04999999999999,206.1951446533203,55.717533111572266,10.250029563903809,0.000885009765625,0.20000000298023224,"[0.7648471593856812, 1.0, 0.0694105476140976, 0.9553215503692627]","[0.0, 0.0, 4.261057711119065e-06, 4.966666892869398e-05, -0.01592736318707466, 1.0, 0.016333334147930145, 4.261057711119065e-06, 0.0, 0.0, -0.9999986290931702, -0.016283666715025902, 0.0, 0.0]","[1.0, 1.0, 0.0, 0.6617910861968994, 1.0, 0.43517452478408813, 0.16595163941383362, 0.7570960521697998]",-20.6161533174586
5.09999999999999,205.68438720703125,55.71563720703125,10.196189880371094,0.000701904296875,0.20000000298023224,"[0.7683804035186768, 1.0, 0.048570986837148666, 0.964942991733551]","[0.0, 0.0, 4.261057711119065e-06, 4.966666892869398e-05, -0.01592736318707466, 1.0, 0.016333334147930145, 4.261057711119065e-06, 0.0, 0.0, -0.9999986290931702, -0.016283666715025902, 0.0, 0.0]","[1.0, 1.0, 0.0, 0.6617910861968994, 1.0, 0.43517452478408813, 0.16595163941383362, 0.7570960521697998]",-20.489587670802972
5.14999999999999,205.17710876464844,55.7137451171875,10.11493968963623,0.000274658203125,0.20000000298023224,"[0.7737123966217041, 1.0, 0.07170021533966064, 0.9563732743263245]","[0.0, 0.0, 4.261057711119065e-06, 4.966666892869398e-05, -0.01592736318707466, 1.0, 0.016333334147930145, 4.261057711119065e-06, 0.0, 0.0, -0.9999986290931702, -0.016283666715025902, 0.0, 0.0]","[1.0, 1.0, 0.0, 0.6617910861968994, 1.0, 0.43517452478408813, 0.16595163941383362, 0.7570960521697998]",-20.373452510966896
5.1999999999999895,204.673095703125,55.711917877197266,10.059510231018066,-0.000518798828125,0.20000000298023224,"[0.7773499488830566, 1.0, 0.05015164613723755, 0.9615796804428101]","[0.0, 0.0, 4.261057711119065e-06, 4.966666892869398e-05, -0.01592736318707466, 1.0, 0.016333334147930145, 4.261057711119065e-06, 0.0, 0.0, -0.9999986290931702, -0.016283666715025902, 0.0, 0.0]","[1.0, 1.0, 0.0, 0.6617910861968994, 1.0, 0.43517452478408813, 0.16595163941383362, 0.7570960521697998]",-20.703389260352363
5.249999999999989,204.1727294921875,55.7101936340332,9.976960182189941,-0.001251220703125,0.20000000298023224,"[0.7827671766281128, 1.0, 0.07515516877174377, 0.9563385248184204]","[0.0, 0.0, 4.261057711119065e-06, 4.966666892869398e-05, -0.01592736318707466, 1.0, 0.016333334147930145, 4.261057711119065e-06, 0.0, 0.0, -0.9999986290931702, -0.016283666715025902, 0.0, 0.0]","[1.0, 1.0, 0.0, 0.6617910861968994, 1.0, 0.43517452478408813, 0.16595163941383362, 0.7570960521697998]",-20.651373669624792
5.299999999999989,203.67559814453125,55.7086181640625,9.92156982421875,-0.001708984375,0.20000000298023224,"[0.78640216588974, 1.0, 0.05219736322760582, 0.9600464105606079]","[0.0, 0.0, 4.261057711119065e-06, 4.966666892869398e-05, -0.01592736318707466, 1.0, 0.016333334147930145, 4.261057711119065e-06, 0.0, 0.0, -0.9999986290931702, -0.016283666715025902, 0.0, 0.0]","[1.0, 1.0, 0.0, 0.6617910861968994, 1.0, 0.43517452478408813, 0.16595163941383362, 0.7570960521697998]",-20.62733054213701
5.349999999999989,203.18206787109375,55.707191467285156,9.838859558105469,-0.001922607421875,0.20000000298023224,"[0.7918300032615662, 1.0, 0.07613187283277512, 0.9562749862670898]","[0.0, 0.0, 4.261057711119065e-06, 4.966666892869398e-05, -0.01592736318707466, 1.0, 0.016333334147930145, 4.261057711119065e-06, 0.0, 0.0, -0.9999986290931702, -0.016283666715025902, 0.0, 0.0]","[1.0, 1.0, 0.0, 0.6617910861968994, 1.0, 0.43517452478408813, 0.16595163941383362, 0.7570960521697998]",-20.63592961819805
5.399999999999989,202.6918182373047,55.70595169067383,9.7841796875,-0.002197265625,0.20000000298023224,"[0.7954183220863342, 1.0, 0.05244087800383568, 0.9592278003692627]","[0.0, 0.0, 4.261057711119065e-06, 4.966666892869398e-05, -0.01592736318707466, 1.0, 0.016333334147930145, 4.261057711119065e-06, 0.0, 0.0, -0.9999986290931702, -0.016283666715025902, 0.0, 0.0]","[1.0, 1.0, 0.0, 0.6617910861968994, 1.0, 0.43517452478408813, 0.16595163941383362, 0.7570960521697998]",-21.165643828522192
5.449999999999989,202.20465087890625,55.70490264892578,9.73095989227295,-0.002532958984375,0.20000000298023224,"[0.7989108562469482, 1.0, 0.05150813236832619, 0.9908508658409119]","[0.0, 0.0, 4.261057711119065e-06, 4.966666892869398e-05, -0.01592736318707466, 1.0, 0.016333334147930145, 4.261057711119065e-06, 0.0, 0.0, -0.9999986290931702, -0.016283666715025902, 0.0, 0.0]","[1.0, 1.0, 0.0, 0.6617910861968994, 1.0, 0.43517452478408813, 0.16595163941383362, 0.7570960521697998]",-21.180319750328884
5.4999999999999885,201.71766662597656,55.70408248901367,9.740010261535645,-0.002838134765625,0.20000000298023224,"[0.7983169555664062, 1.0, 0.0028103727381676435, 0.9249755144119263]","[0.0, 0.0, 4.261057711119065e-06, 4.966666892869398e-05, -0.01592736318707466, 1.0, 0.016333334147930145, 4.261057711119065e-06, 0.0, 0.0, -0.9999986290931702, -0.016283666715025902, 0.0, 0.0]","[1.0, 1.0, 0.0, 0.6617910861968994, 1.0, 0.43517452478408813, 0.16595163941383362, 0.7570960521697998]",-21.24713817783824
5.549999999999988,201.23231506347656,55.703495025634766,9.601840019226074,-0.00286865234375,0.20000000298023224,"[0.8073842525482178, 1.0, 0.10075823962688446, 0.8071446418762207]","[0.0, 0.0, 4.261057711119065e-06, 4.966666892869398e-05, -0.01592736318707466, 1.0, 0.016333334147930145, 4.261057711119065e-06, 0.0, 0.0, -0.9999986290931702, -0.016283666715025902, 0.0, 0.0]","[1.0, 1.0, 0.0, 0.6617910861968994, 1.0, 0.43517452478408813, 0.16595163941383362, 0.7570960521697998]",-21.354070556822226
5.599999999999988,200.7641143798828,55.70315170288086,9.247010231018066,-0.0028076171875,0.20000000298023224,"[0.8306697607040405, 1.0, 0.317478209733963, 0.7097991108894348]","[0.0, 0.0, 4.261057711119065e-06, 4.966666892869398e-05, -0.01592736318707466, 1.0, 0.016333334147930145, 4.261057711119065e-06, 0.0, 0.0, -0.9999986290931702, -0.016283666715025902, 0.0, 0.0]","[1.0, 1.0, 0.0, 0.6617910861968994, 1.0, 0.43517452478408813, 0.16595163941383362, 0.7570960521697998]",-22.059733765497256
5.649999999999988,200.3119659423828,55.703041076660156,8.941360473632812,-0.002685546875,0.20000000298023224,"[0.850727915763855, 1.0, 0.273226797580719, 0.9076681137084961]","[0.0, 0.0, 4.261057711119065e-06, 4.966666892869398e-05, -0.01592736318707466, 1.0, 0.016333334147930145, 4.261057711119065e-06, 0.0, 0.0, -0.9999986290931702, -0.016283666715025902, 0.0, 0.0]","[1.0, 1.0, 0.0, 0.6617910861968994, 1.0, 0.43517452478408813, 0.16595163941383362, 0.7570960521697998]",-22.194292384295483
5.699999999999988,199.8717498779297,55.70311737060547,8.736379623413086,-0.002685546875,0.20000000298023224,"[0.8641796708106995, 1.0, 0.1850997656583786, 0.8530877232551575]","[0.0, 0.0, 4.261057711119065e-06, 4.966666892869398e-05, -0.01592736318707466, 1.0, 0.016333334147930145, 4.261057711119065e-06, 0.0, 0.0, -0.9999986290931702, -0.016283666715025902, 0.0, 0.0]","[1.0, 1.0, 0.0, 0.6617910861968994, 1.0, 0.43517452478408813, 0.16595163941383362, 0.7570960521697998]",-22.34622779498755
5.749999999999988,199.44200134277344,55.70340347290039,8.517200469970703,-0.0028076171875,0.20000000298023224,"[0.8785631656646729, 1.0, 0.1972479224205017, 0.9532859921455383]","[0.0, 0.0, 4.261057711119065e-06, 4.966666892869398e-05, -0.01592736318707466, 1.0, 0.016333334147930145, 4.261057711119065e-06, 0.0, 0.0, -0.9999986290931702, -0.016283666715025902, 0.0, 0.0]","[1.0, 1.0, 0.0, 0.6617910861968994, 1.0, 0.43517452478408813, 0.16595163941383362, 0.7570960521697998]",-22.5601922594902
5.799999999999987,199.0209197998047,55.70389175415039,8.366129875183105,-0.0028076171875,0.22222900390625,"[0.888477087020874, 1.0, 0.1377221941947937, 0.8988837599754333]","[0.0, 0.0, 4.261057711119065e-06, 4.966666892869398e-05, -0.01592736318707466, 1.0, 0.016333334147930145, 4.261057711119065e-06, 0.0, 0.0, -0.9999986290931702, -0.016283666715025902, 0.0, 0.0]","[1.0, 1.0, 0.0, 0.6617910861968994, 1.0, 0.43517452478408813, 0.16595163941383362, 0.7570960521697998]",-23.089542665819334
5.849999999999987,198.60801696777344,55.704559326171875,8.189820289611816,-0.002838134765625,0.2420654296875,"[0.9000473022460938, 1.0, 0.15925538539886475, 0.9460687041282654]","[0.0, 0.0, 4.261057711119065e-06, 4.966666892869398e-05, -0.01592736318707466, 1.0, 0.016333334147930145, 4.261057711119065e-06, 0.0, 0.0, -0.9999986290931702, -0.016283666715025902, 0.0, 0.0]","[1.0, 1.0, 0.0, 0.6617910861968994, 1.0, 0.43517452478408813, 0.16595163941383362, 0.7570960521697998]",-22.875963252920084
5.899999999999987,198.2020721435547,55.70540237426758,8.072400093078613,-0.00286865234375,0.26983642578125,"[0.9077529907226562, 1.0, 0.10799823701381683, 0.9143455624580383]","[0.0, 0.0, 4.261057711119065e-06, 4.966666892869398e-05, -0.01592736318707466, 1.0, 0.016333334147930145, 4.261057711119065e-06, 0.0, 0.0, -0.9999986290931702, -0.016283666715025902, 0.0, 0.0]","[1.0, 1.0, 0.0, 0.6617910861968994, 1.0, 0.43517452478408813, 0.16595163941383362, 0.7570960521697998]",-22.690450542986554
5.949999999999987,197.80276489257812,55.706424713134766,7.927330017089844,-0.002960205078125,0.27777099609375,"[0.9172731637954712, 1.0, 0.13174328207969666, 0.9474758505821228]","[0.0, 0.0, 4.261057711119065e-06, 4.966666892869398e-05, -0.01592736318707466, 1.0, 0.016333334147930145, 4.261057711119065e-06, 0.0, 0.0, -0.9999986290931702, -0.016283666715025902, 0.0, 0.0]","[1.0, 1.0, 0.0, 0.6617910861968994, 1.0, 0.43517452478408813, 0.16595163941383362, 0.7570960521697998]",-22.521319434418704
5.999999999999987,197.40907287597656,55.70762252807617,7.8347601890563965,-0.00299072265625,0.2896728515625,"[0.9233479499816895, 1.0, 0.08613142371177673, 0.9252743721008301]","[0.0, 0.0, 4.261057711119065e-06, 4.966666892869398e-05, -0.01592736318707466, 1.0, 0.016333334147930145, 4.261057711119065e-06, 0.0, 0.0, -0.9999986290931702, -0.016283666715025902, 0.0, 0.0]","[1.0, 1.0, 0.0, 0.6617910861968994, 1.0, 0.43517452478408813, 0.16595163941383362, 0.7570960521697998]",-22.673432393242877
6.0499999999999865,197.02088928222656,55.70896530151367,7.711420059204102,-0.00286865234375,0.2896728515625,"[0.9314420819282532, 1.0, 0.1121305599808693, 0.9467177987098694]","[0.0, 0.0, 4.261057711119065e-06, 4.966666892869398e-05, -0.01592736318707466, 1.0, 0.016333334147930145, 4.261057711119065e-06, 0.0, 0.0, -0.9999986290931702, -0.016283666715025902, 0.0, 0.0]","[1.0, 1.0, 0.0, 0.6617910861968994, 1.0, 0.43517452478408813, 0.16595163941383362, 0.7570960521697998]",-22.572178420177718
6.099999999999986,196.63748168945312,55.71046447753906,7.6351399421691895,-0.00286865234375,0.2896728515625,"[0.9364479780197144, 1.0, 0.0713859349489212, 0.9339699745178223]","[0.0, 0.0, 4.261057711119065e-06, 4.966666892869398e-05, -0.01592736318707466, 1.0, 0.016333334147930145, 4.261057711119065e-06, 0.0, 0.0, -0.9999986290931702, -0.016283666715025902, 0.0, 0.0]","[1.0, 1.0, 0.0, 0.6617910861968994, 1.0, 0.43517452478408813, 0.16595163941383362, 0.7570960521697998]",-22.487514368130803
6.149999999999986,196.2588653564453,55.712127685546875,7.524940013885498,-0.00311279296875,0.2896728515625,"[0.9436797499656677, 1.0, 0.10094945132732391, 0.9448619484901428]","[0.0, 0.0, 4.261057711119065e-06, 4.966666892869398e-05, -0.01592736318707466, 1.0, 0.016333334147930145, 4.261057711119065e-06, 0.0, 0.0, -0.9999986290931702, -0.016283666715025902, 0.0, 0.0]","[1.0, 1.0, 0.0, 0.6617910861968994, 1.0, 0.43517452478408813, 0.16595163941383362, 0.7570960521697998]",-22.395496005585244
6.199999999999986,195.8844451904297,55.71394729614258,7.458459854125977,-0.0032958984375,0.2896728515625,"[0.9480425119400024, 1.0, 0.06301582604646683, 0.9392188191413879]","[0.0, 0.0, 4.261057711119065e-06, 4.966666892869398e-05, -0.01592736318707466, 1.0, 0.016333334147930145, 4.261057711119065e-06, 0.0, 0.0, -0.9999986290931702, -0.016283666715025902, 0.0, 0.0]","[1.0, 1.0, 0.0, 0.6617910861968994, 1.0, 0.43517452478408813, 0.16595163941383362, 0.7570960521697998]",-22.56830301576124
6.249999999999986,195.51446533203125,55.7159423828125,7.3561201095581055,-0.003570556640625,0.2896728515625,"[0.9547584652900696, 1.0, 0.09455911815166473, 0.9436102509498596]","[0.0, 0.0, 4.261057711119065e-06, 4.966666892869398e-05, -0.01592736318707466, 1.0, 0.016333334147930145, 4.261057711119065e-06, 0.0, 0.0, -0.9999986290931702, -0.016283666715025902, 0.0, 0.0]","[1.0, 1.0, 0.0, 0.6617910861968994, 1.0, 0.43517452478408813, 0.16595163941383362, 0.7570960521697998]",-22.480653009978994
6.299999999999986,195.14833068847656,55.71813201904297,7.295889854431152,-0.003753662109375,0.2896728515625,"[0.9587110280990601, 1.0, 0.058423735201358795, 0.9418871402740479]","[0.0, 0.0, 4.261057711119065e-06, 4.966666892869398e-05, -0.01592736318707466, 1.0, 0.016333334147930145, 4.261057711119065e-06, 0.0, 0.0, -0.9999986290931702, -0.016283666715025902, 0.0, 0.0]","[1.0, 1.0, 0.0, 0.6617910861968994, 1.0, 0.43517452478408813, 0.16595163941383362, 0.7570960521697998]",-22.3984647605966
6.349999999999985,194.78636169433594,55.72049331665039,7.198480129241943,-0.0037841796875,0.2896728515625,"[0.9651035070419312, 1.0, 0.08999516069889069, 0.9427375793457031]","[0.0, 0.0, 4.261057711119065e-06, 4.966666892869398e-05, -0.01592736318707466, 1.0, 0.016333334147930145, 4.261057711119065e-06, 0.0, 0.0, -0.9999986290931702, -0.016283666715025902, 0.0, 0.0]","[1.0, 1.0, 0.0, 0.6617910861968994, 1.0, 0.43517452478408813, 0.16595163941383362, 0.7570960521697998]",-22.317224650815575
6.399999999999985,194.4280242919922,55.72303009033203,7.142499923706055,-0.00390625,0.2896728515625,"[0.9687771797180176, 1.0, 0.05461186543107033, 0.9433003067970276]","[0.0, 0.0, 4.261057711119065e-06, 4.966666892869398e-05, -0.01592736318707466, 1.0, 0.016333334147930145, 4.261057711119065e-06, 0.0, 0.0, -0.9999986290931702, -0.016283666715025902, 0.0, 0.0]","[1.0, 1.0, 0.0, 0.6617910861968994, 1.0, 0.43517452478408813, 0.16595163941383362, 0.7570960521697998]",-22.527219650776352
6.449999999999985,194.0736541748047,55.725730895996094,7.048349857330322,-0.00390625,0.2896728515625,"[0.9749557375907898, 1.0, 0.08704878389835358, 0.9419734477996826]","[0.0, 0.0, 4.261057711119065e-06, 4.966666892869398e-05, -0.01592736318707466, 1.0, 0.016333334147930145, 4.261057711119065e-06, 0.0, 0.0, -0.9999986290931702, -0.016283666715025902, 0.0, 0.0]","[1.0, 1.0, 0.0, 0.6617910861968994, 1.0, 0.43517452478408813, 0.16595163941383362, 0.7570960521697998]",-22.4732516355618
6.499999999999985,193.72276306152344,55.72860336303711,6.994639873504639,-0.00390625,0.26983642578125,"[0.9784804582595825, 1.0, 0.05235692113637924, 0.9448168873786926]","[0.0, 0.0, 4.261057711119065e-06, 4.966666892869398e-05, -0.01592736318707466, 1.0, 0.016333334147930145, 4.261057711119065e-06, 0.0, 0.0, -0.9999986290931702, -0.016283666715025902, 0.0, 0.0]","[1.0, 1.0, 0.0, 0.6617910861968994, 1.0, 0.43517452478408813, 0.16595163941383362, 0.7570960521697998]",-22.436322475075716
6.549999999999985,193.3758087158203,55.73162078857422,6.8997697830200195,-0.00390625,0.265869140625,"[0.9847062230110168, 1.0, 0.08749230206012726, 0.9383248090744019]","[0.0, 0.0, 4.261057711119065e-06, 4.966666892869398e-05, -0.01592736318707466, 1.0, 0.016333334147930145, 4.261057711119065e-06, 0.0, 0.0, -0.9999986290931702, -0.016283666715025902, 0.0, 0.0]","[1.0, 1.0, 0.0, 0.6617910861968994, 1.0, 0.43517452478408813, 0.16595163941383362, 0.7570960521697998]",-22.40945872775297
6.5999999999999845,193.0324249267578,55.734798431396484,6.8448100090026855,-0.00390625,0.265869140625,"[0.9883129596710205, 1.0, 0.05329713970422745, 0.9452757835388184]","[0.0, 0.0, 4.261057711119065e-06, 4.966666892869398e-05, -0.01592736318707466, 1.0, 0.016333334147930145, 4.261057711119065e-06, 0.0, 0.0, -0.9999986290931702, -0.016283666715025902, 0.0, 0.0]","[1.0, 1.0, 0.0, 0.6617910861968994, 1.0, 0.43517452478408813, 0.16595163941383362, 0.7570960521697998]",-22.394668953193403
6.649999999999984,192.6930694580078,55.73810958862305,6.748350143432617,-0.00390625,0.265869140625,"[0.9946430921554565, 1.0, 0.08871735632419586, 0.9377102255821228]","[0.0, 0.0, 4.261057711119065e-06, 4.966666892869398e-05, -0.01592736318707466, 1.0, 0.016333334147930145, 4.261057711119065e-06, 0.0, 0.0, -0.9999986290931702, -0.016283666715025902, 0.0, 0.0]","[1.0, 1.0, 0.0, 0.6617910861968994, 1.0, 0.43517452478408813, 0.16595163941383362, 0.7570960521697998]",-22.69935719548143
6.699999999999984,192.35728454589844,55.74155044555664,6.693270206451416,-0.003753662109375,0.265869140625,"[0.9982576370239258, 1.0, 0.052936702966690063, 0.9435495734214783]","[0.0, 0.0, 4.261057711119065e-06, 4.966666892869398e-05, -0.01592736318707466, 1.0, 0.016333334147930145, 4.261057711119065e-06, 0.0, 0.0, -0.9999986290931702, -0.016283666715025902, 0.0, 0.0]","[1.0, 1.0, 0.0, 0.6617910861968994, 1.0, 0.43517452478408813, 0.16595163941383362, 0.7570960521697998]",-22.664462240226246
6.749999999999984,192.02552795410156,55.7451057434082,6.596179962158203,-0.003662109375,0.26190185546875,"[0.9953708648681641, 1.0, 0.0887705460190773, 0.9369765520095825]","[0.0, 0.0, 4.261057711119065e-06, 4.966666892869398e-05, -0.01592736318707466, 1.0, 0.016333334147930145, 4.261057711119065e-06, 0.0, 0.0, -0.9999986290931702, -0.016283666715025902, 0.0, 0.0]","[1.0, 1.0, 0.0, 0.6617910861968994, 1.0, 0.43517452478408813, 0.16595163941383362, 0.7570960521697998]",-22.63265148422392
6.799999999999984,191.69735717773438,55.74876403808594,6.541269779205322,-0.0032958984375,0.26190185546875,"[0.991767406463623, 1.0, 0.05189758539199829, 0.9425903558731079]","[0.0, 0.0, 4.261057711119065e-06, 4.966666892869398e-05, -0.01592736318707466, 1.0, 0.016333334147930145, 4.261057711119065e-06, 0.0, 0.0, -0.9999986290931702, -0.016283666715025902, 0.0, 0.0]","[1.0, 1.0, 0.0, 0.6617910861968994, 1.0, 0.43517452478408813, 0.16595163941383362, 0.7570960521697998]",-22.600876722051325
6.849999999999984,191.3732452392578,55.75244903564453,6.443719863891602,-0.0025634765625,0.26190185546875,"[0.9853657484054565, 1.0, 0.08743515610694885, 0.9360008239746094]","[0.0, 0.0, 4.261057711119065e-06, 4.966666892869398e-05, -0.01592736318707466, 1.0, 0.016333334147930145, 4.261057711119065e-06, 0.0, 0.0, -0.9999986290931702, -0.016283666715025902, 0.0, 0.0]","[1.0, 1.0, 0.0, 0.6617910861968994, 1.0, 0.43517452478408813, 0.16595163941383362, 0.7570960521697998]",-22.875375023275087
6.8999999999999835,191.0526885986328,55.75615692138672,6.38946008682251,-0.001861572265625,0.26190185546875,"[0.9818049669265747, 1.0, 0.049095820635557175, 0.9412192106246948]","[0.0, 0.0, 4.261057711119065e-06, 4.966666892869398e-05, -0.01592736318707466, 1.0, 0.016333334147930145, 4.261057711119065e-06, 0.0, 0.0, -0.9999986290931702, -0.016283666715025902, 0.0, 0.0]","[1.0, 1.0, 0.0, 0.6617910861968994, 1.0, 0.43517452478408813, 0.16595163941383362, 0.7570960521697998]",-22.84172055558579
6.949999999999983,190.7361297607422,55.75984191894531,6.293169975280762,-0.001434326171875,0.2896728515625,"[0.9754859805107117, 1.0, 0.08535780757665634, 0.9369662404060364]","[0.0, 0.0, 4.261057711119065e-06, 4.966666892869398e-05, -0.01592736318707466, 1.0, 0.016333334147930145, 4.261057711119065e-06, 0.0, 0.0, -0.9999986290931702, -0.016283666715025902, 0.0, 0.0]","[1.0, 1.0, 0.0, 0.6617910861968994, 1.0, 0.43517452478408813, 0.16595163941383362, 0.7570960521697998]",-22.808056669620992
6.999999999999983,190.4229278564453,55.76351547241211,6.2439799308776855,-0.000946044921875,0.3134918212890625,"[0.9722579121589661, 1.0, 0.04371912032365799, 0.9374379515647888]","[0.0, 0.0, 4.261057711119065e-06, 4.966666892869398e-05, -0.01592736318707466, 1.0, 0.016333334147930145, 4.261057711119065e-06, 0.0, 0.0, -0.9999986290931702, -0.016283666715025902, 0.0, 0.0]","[1.0, 1.0, 0.0, 0.6617910861968994, 1.0, 0.43517452478408813, 0.16595163941383362, 0.7570960521697998]",-22.780876458869837
7.049999999999983,190.1133575439453,55.767127990722656,6.15693998336792,-0.000457763671875,0.3491973876953125,"[0.9665459394454956, 1.0, 0.07725538313388824, 0.9432021379470825]","[0.0, 0.0, 4.261057711119065e-06, 4.966666892869398e-05, -0.01592736318707466, 1.0, 0.016333334147930145, 4.261057711119065e-06, 0.0, 0.0, -0.9999986290931702, -0.016283666715025902, 0.0, 0.0]","[1.0, 1.0, 0.0, 0.6617910861968994, 1.0, 0.43517452478408813, 0.16595163941383362, 0.7570960521697998]",-23.041922723818814
7.099999999999983,189.80661010742188,55.77070999145508,6.119969844818115,-0.000213623046875,0.3650665283203125,"[0.9641197919845581, 1.0, 0.03299560397863388, 0.9356648921966553]","[0.0, 0.0, 4.261057711119065e-06, 4.966666892869398e-05, -0.01592736318707466, 1.0, 0.016333334147930145, 4.261057711119065e-06, 0.0, 0.0, -0.9999986290931702, -0.016283666715025902, 0.0, 0.0]","[1.0, 1.0, 0.0, 0.6617910861968994, 1.0, 0.43517452478408813, 0.16595163941383362, 0.7570960521697998]",-23.0285837738498
7.149999999999983,189.50279235839844,55.774261474609375,6.047450065612793,-0.000213623046875,0.3730010986328125,"[0.9593607187271118, 1.0, 0.06393010169267654, 0.9480436444282532]","[0.0, 0.0, 4.261057711119065e-06, 4.966666892869398e-05, -0.01592736318707466, 1.0, 0.016333334147930145, 4.261057711119065e-06, 0.0, 0.0, -0.9999986290931702, -0.016283666715025902, 0.0, 0.0]","[1.0, 1.0, 0.0, 0.6617910861968994, 1.0, 0.43517452478408813, 0.16595163941383362, 0.7570960521697998]",-23.017578112267003
7.199999999999982,189.20114135742188,55.7778205871582,6.02278995513916,-0.000457763671875,0.3730010986328125,"[0.95774245262146, 1.0, 0.022298898547887802, 0.9400398135185242]","[0.0, 0.0, 4.261057711119065e-06, 4.966666892869398e-05, -0.01592736318707466, 1.0, 0.016333334147930145, 4.261057711119065e-06, 0.0, 0.0, -0.9999986290931702, -0.016283666715025902, 0.0, 0.0]","[1.0, 1.0, 0.0, 0.6617910861968994, 1.0, 0.43517452478408813, 0.16595163941383362, 0.7570960521697998]",-23.011632003527623
7.249999999999982,188.90179443359375,55.78137969970703,5.961740016937256,-0.00054931640625,0.3730010986328125,"[0.9537360668182373, 1.0, 0.05419516563415527, 0.9486559629440308]","[0.0, 0.0, 4.261057711119065e-06, 4.966666892869398e-05, -0.01592736318707466, 1.0, 0.016333334147930145, 4.261057711119065e-06, 0.0, 0.0, -0.9999986290931702, -0.016283666715025902, 0.0, 0.0]","[1.0, 1.0, 0.0, 0.6617910861968994, 1.0, 0.43517452478408813, 0.16595163941383362, 0.7570960521697998]",-23.315381461393695
7.299999999999982,188.60414123535156,55.78494644165039,5.945429801940918,-0.00054931640625,0.3730010986328125,"[0.9526656866073608, 1.0, 0.014936263673007488, 0.9448913335800171]","[0.0, 0.0, 4.261057711119065e-06, 4.966666892869398e-05, -0.01592736318707466, 1.0, 0.016333334147930145, 4.261057711119065e-06, 0.0, 0.0, -0.9999986290931702, -0.016283666715025902, 0.0, 0.0]","[1.0, 1.0, 0.0, 0.6617910861968994, 1.0, 0.43517452478408813, 0.16595163941383362, 0.7570960521697998]",-23.318638506308506
7.349999999999982,188.3084259033203,55.78850555419922,5.891900062561035,-0.000640869140625,0.3730010986328125,"[0.9491528272628784, 1.0, 0.04762725159525871, 0.9487038254737854]","[0.0, 0.0, 4.261057711119065e-06, 4.966666892869398e-05, -0.01592736318707466, 1.0, 0.016333334147930145, 4.261057711119065e-06, 0.0, 0.0, -0.9999986290931702, -0.016283666715025902, 0.0, 0.0]","[1.0, 1.0, 0.0, 0.6617910861968994, 1.0, 0.43517452478408813, 0.16595163941383362, 0.7570960521697998]",-23.324158359790207
7.399999999999982,188.01409912109375,55.79206466674805,5.881100177764893,-0.00067138671875,0.3730010986328125,"[0.948444128036499, 1.0, 0.01023736223578453, 0.9480182528495789]","[0.0, 0.0, 4.261057711119065e-06, 4.966666892869398e-05, -0.01592736318707466, 1.0, 0.016333334147930145, 4.261057711119065e-06, 0.0, 0.0, -0.9999986290931702, -0.016283666715025902, 0.0, 0.0]","[1.0, 1.0, 0.0, 0.6617910861968994, 1.0, 0.43517452478408813, 0.16595163941383362, 0.7570960521697998]",-23.330678993106016
7.4499999999999815,187.721435546875,55.79564666748047,5.832459926605225,-0.000823974609375,0.3730010986328125,"[0.9452521204948425, 1.0, 0.043516483157873154, 0.9486368894577026]","[0.0, 0.0, 4.261057711119065e-06, 4.966666892869398e-05, -0.01592736318707466, 1.0, 0.016333334147930145, 4.261057711119065e-06, 0.0, 0.0, -0.9999986290931702, -0.016283666715025902, 0.0, 0.0]","[1.0, 1.0, 0.0, 0.6617910861968994, 1.0, 0.43517452478408813, 0.16595163941383362, 0.7570960521697998]",-23.6213550500973
7.499999999999981,187.42999267578125,55.79924774169922,5.825329780578613,-0.0008544921875,0.3730010986328125,"[0.9447842240333557, 1.0, 0.007211428135633469, 0.949956476688385]","[0.0, 0.0, 4.261057711119065e-06, 4.966666892869398e-05, -0.01592736318707466, 1.0, 0.016333334147930145, 4.261057711119065e-06, 0.0, 0.0, -0.9999986290931702, -0.016283666715025902, 0.0, 0.0]","[1.0, 1.0, 0.0, 0.6617910861968994, 1.0, 0.43517452478408813, 0.16595163941383362, 0.7570960521697998]",-23.615009138173587
7.549999999999981,187.1400604248047,55.80284881591797,5.779900074005127,-0.000946044921875,0.3730010986328125,"[0.9418029189109802, 1.0, 0.040587250143289566, 0.9485478401184082]","[0.0, 0.0, 4.261057711119065e-06, 4.966666892869398e-05, -0.01592736318707466, 1.0, 0.016333334147930145, 4.261057711119065e-06, 0.0, 0.0, -0.9999986290931702, -0.016283666715025902, 0.0, 0.0]","[1.0, 1.0, 0.0, 0.6617910861968994, 1.0, 0.43517452478408813, 0.16595163941383362, 0.7570960521697998]",-23.6046981605248
7.599999999999981,186.85113525390625,55.80647659301758,5.7753801345825195,-0.000946044921875,0.376983642578125,"[0.9415062665939331, 1.0, 0.005009230691939592, 0.9510019421577454]","[0.0, 0.0, 4.261057711119065e-06, 4.966666892869398e-05, -0.01592736318707466, 1.0, 0.016333334147930145, 4.261057711119065e-06, 0.0, 0.0, -0.9999986290931702, -0.016283666715025902, 0.0, 0.0]","[1.0, 1.0, 0.0, 0.6617910861968994, 1.0, 0.43517452478408813, 0.16595163941383362, 0.7570960521697998]",-23.579474765086054
7.649999999999981,186.5636444091797,55.81012725830078,5.732600212097168,-0.000946044921875,0.376983642578125,"[0.9386988878250122, 1.0, 0.03832044079899788, 0.9489437937736511]","[0.0, 0.0, 4.261057711119065e-06, 4.966666892869398e-05, -0.01592736318707466, 1.0, 0.016333334147930145, 4.261057711119065e-06, 0.0, 0.0, -0.9999986290931702, -0.016283666715025902, 0.0, 0.0]","[1.0, 1.0, 0.0, 0.6617910861968994, 1.0, 0.43517452478408813, 0.16595163941383362, 0.7570960521697998]",-23.79269884039651
7.699999999999981,186.2770538330078,55.813777923583984,5.730559825897217,-0.000823974609375,0.380950927734375,"[0.9385650157928467, 1.0, 0.0025235165376216173, 0.9515664577484131]","[0.0, 0.0, 4.261057711119065e-06, 4.966666892869398e-05, -0.01592736318707466, 1.0, 0.016333334147930145, 4.261057711119065e-06, 0.0, 0.0, -0.9999986290931702, -0.016283666715025902, 0.0, 0.0]","[1.0, 1.0, 0.0, 0.6617910861968994, 1.0, 0.43517452478408813, 0.16595163941383362, 0.7570960521697998]",-23.74954954035737
7.7499999999999805,185.99171447753906,55.81742477416992,5.690279960632324,-0.00067138671875,0.380950927734375,"[0.9359216690063477, 1.0, 0.03571692481637001, 0.9492756128311157]","[0.0, 0.0, 4.261057711119065e-06, 4.966666892869398e-05, -0.01592736318707466, 1.0, 0.016333334147930145, 4.261057711119065e-06, 0.0, 0.0, -0.9999986290931702, -0.016283666715025902, 0.0, 0.0]","[1.0, 1.0, 0.0, 0.6617910861968994, 1.0, 0.43517452478408813, 0.16595163941383362, 0.7570960521697998]",-23.7063945198873
7.79999999999998,185.70718383789062,55.821083068847656,5.690470218658447,-0.000640869140625,0.380950927734375,"[0.9359341263771057, 1.0, 0.0, 0.9521536827087402]","[0.0, 0.0, 4.261057711119065e-06, 4.966666892869398e-05, -0.01592736318707466, 1.0, 0.016333334147930145, 4.261057711119065e-06, 0.0, 0.0, -0.9999986290931702, -0.016283666715025902, 0.0, 0.0]","[1.0, 1.0, 0.0, 0.6617910861968994, 1.0, 0.43517452478408813, 0.16595163941383362, 0.7570960521697998]",-23.654676344221947
7.84999999999998,185.423828125,55.82474136352539,5.652080059051514,-0.000457763671875,0.380950927734375,"[0.9334148168563843, 1.0, 0.02715674601495266, 0.9491347670555115]","[0.0, 0.0, 4.261057711119065e-06, 4.966666892869398e-05, -0.01592736318707466, 1.0, 0.016333334147930145, 4.261057711119065e-06, 0.0, 0.0, -0.9999986290931702, -0.016283666715025902, 0.0, 0.0]","[1.0, 1.0, 0.0, 0.6617910861968994, 1.0, 0.43517452478408813, 0.16595163941383362, 0.7570960521697998]",-23.802504722690106
7.89999999999998,185.14117431640625,55.82838821411133,5.653759956359863,-0.000335693359375,0.380950927734375,"[0.933525025844574, 1.0, 0.0, 0.9523894190788269]","[0.0, 0.0, 4.261057711119065e-06, 4.966666892869398e-05, -0.01592736318707466, 1.0, 0.016333334147930145, 4.261057711119065e-06, 0.0, 0.0, -0.9999986290931702, -0.016283666715025902, 0.0, 0.0]","[1.0, 1.0, 0.0, 0.6617910861968994, 1.0, 0.43517452478408813, 0.16595163941383362, 0.7570960521697998]",-23.73146789735007
7.94999999999998,184.85958862304688,55.83202362060547,5.616960048675537,-0.000213623046875,0.388885498046875,"[0.9311100244522095, 1.0, 0.025792090222239494, 0.9494569897651672]","[0.0, 0.0, 4.261057711119065e-06, 4.966666892869398e-05, -0.01592736318707466, 1.0, 0.016333334147930145, 4.261057711119065e-06, 0.0, 0.0, -0.9999986290931702, -0.016283666715025902, 0.0, 0.0]","[1.0, 1.0, 0.0, 0.6617910861968994, 1.0, 0.43517452478408813, 0.16595163941383362, 0.7570960521697998]",-23.65684448185945
7.99999999999998,184.57861328125,55.83565139770508,5.620699882507324,-0.000213623046875,0.388885498046875,"[0.9313554763793945, 1.0, 0.0, 0.9515613913536072]","[0.0, 0.0, 4.261057711119065e-06, 4.966666892869398e-05, -0.01592736318707466, 1.0, 0.016333334147930145, 4.261057711119065e-06, 0.0, 0.0, -0.9999986290931702, -0.016283666715025902, 0.0, 0.0]","[1.0, 1.0, 0.0, 0.6617910861968994, 1.0, 0.43517452478408813, 0.16595163941383362, 0.7570960521697998]",-23.570654829487218
8.04999999999998,184.2986297607422,55.839271545410156,5.586150169372559,-0.000213623046875,0.388885498046875,"[0.9290881752967834, 1.0, 0.02375481277704239, 0.9500352740287781]","[0.0, 0.0, 4.261057711119065e-06, 4.966666892869398e-05, -0.01592736318707466, 1.0, 0.016333334147930145, 4.261057711119065e-06, 0.0, 0.0, -0.9999986290931702, -0.016283666715025902, 0.0, 0.0]","[1.0, 1.0, 0.0, 0.6617910861968994, 1.0, 0.43517452478408813, 0.16595163941383362, 0.7570960521697998]",-23.68406616570389
8.09999999999998,184.01913452148438,55.8428955078125,5.591639995574951,-0.000213623046875,0.388885498046875,"[0.9294484853744507, 1.0, 0.0, 0.9519298672676086]","[0.0, 0.0, 4.261057711119065e-06, 4.966666892869398e-05, -0.01592736318707466, 1.0, 0.016333334147930145, 4.261057711119065e-06, 0.0, 0.0, -0.9999986290931702, -0.016283666715025902, 0.0, 0.0]","[1.0, 1.0, 0.0, 0.6617910861968994, 1.0, 0.43517452478408813, 0.16595163941383362, 0.7570960521697998]",-23.59819346084555
8.14999999999998,183.7405548095703,55.84651184082031,5.558609962463379,-0.000213623046875,0.388885498046875,"[0.9272809028625488, 1.0, 0.022398853674530983, 0.9499631524085999]","[0.0, 0.0, 4.261057711119065e-06, 4.966666892869398e-05, -0.01592736318707466, 1.0, 0.016333334147930145, 4.261057711119065e-06, 0.0, 0.0, -0.9999986290931702, -0.016283666715025902, 0.0, 0.0]","[1.0, 1.0, 0.0, 0.6617910861968994, 1.0, 0.43517452478408813, 0.16595163941383362, 0.7570960521697998]",-23.51066166787844
8.199999999999982,183.46246337890625,55.85013198852539,5.565279960632324,-0.000213623046875,0.388885498046875,"[0.9277185797691345, 1.0, 0.0, 0.9521651268005371]","[0.0, 0.0, 4.261057711119065e-06, 4.966666892869398e-05, -0.01592736318707466, 1.0, 0.016333334147930145, 4.261057711119065e-06, 0.0, 0.0, -0.9999986290931702, -0.016283666715025902, 0.0, 0.0]","[1.0, 1.0, 0.0, 0.6617910861968994, 1.0, 0.43517452478408813, 0.16595163941383362, 0.7570960521697998]",-23.426933873368057
8.249999999999982,183.18515014648438,55.8537483215332,5.533259868621826,-0.000213623046875,0.388885498046875,"[0.9256172776222229, 1.0, 0.02148694545030594, 0.9499025940895081]","[0.0, 0.0, 4.261057711119065e-06, 4.966666892869398e-05, -0.01592736318707466, 1.0, 0.016333334147930145, 4.261057711119065e-06, 0.0, 0.0, -0.9999986290931702, -0.016283666715025902, 0.0, 0.0]","[1.0, 1.0, 0.0, 0.6617910861968994, 1.0, 0.43517452478408813, 0.16595163941383362, 0.7570960521697998]",-23.515352811440508
8.299999999999983,182.90826416015625,55.857357025146484,5.540750026702881,-0.000213623046875,0.388885498046875,"[0.9261088371276855, 1.0, 0.0, 0.9522868394851685]","[0.0, 0.0, 4.261057711119065e-06, 4.966666892869398e-05, -0.01592736318707466, 1.0, 0.016333334147930145, 4.261057711119065e-06, 0.0, 0.0, -0.9999986290931702, -0.016283666715025902, 0.0, 0.0]","[1.0, 1.0, 0.0, 0.6617910861968994, 1.0, 0.43517452478408813, 0.16595163941383362, 0.7570960521697998]",-23.414531177027584
8.349999999999984,182.6321563720703,55.860965728759766,5.5094099044799805,-0.00018310546875,0.388885498046875,"[0.9240521192550659, 1.0, 0.020818110555410385, 0.9498316049575806]","[0.0, 0.0, 4.261057711119065e-06, 4.966666892869398e-05, -0.01592736318707466, 1.0, 0.016333334147930145, 4.261057711119065e-06, 0.0, 0.0, -0.9999986290931702, -0.016283666715025902, 0.0, 0.0]","[1.0, 1.0, 0.0, 0.6617910861968994, 1.0, 0.43517452478408813, 0.16595163941383362, 0.7570960521697998]",-23.310134676435716
8.399999999999984,182.35646057128906,55.864559173583984,5.517469882965088,0.0,0.388885498046875,"[0.9245810508728027, 1.0, 0.00037160381907597184, 0.9522923231124878]","[0.0, 0.0, 4.261057711119065e-06, 4.966666892869398e-05, -0.01592736318707466, 1.0, 0.016333334147930145, 4.261057711119065e-06, 0.0, 0.0, -0.9999986290931702, -0.016283666715025902, 0.0, 0.0]","[1.0, 1.0, 0.0, 0.6617910861968994, 1.0, 0.43517452478408813, 0.16595163941383362, 0.7570960521697998]",-23.20381088956828
8.449999999999985,182.08154296875,55.86812973022461,5.486599922180176,0.000244140625,0.388885498046875,"[0.9225552082061768, 1.0, 0.02073608711361885, 0.9497143030166626]","[0.0, 0.0, 4.261057711119065e-06, 4.966666892869398e-05, -0.01592736318707466, 1.0, 0.016333334147930145, 4.261057711119065e-06, 0.0, 0.0, -0.9999986290931702, -0.016283666715025902, 0.0, 0.0]","[1.0, 1.0, 0.0, 0.6617910861968994, 1.0, 0.43517452478408813, 0.16595163941383362, 0.7570960521697998]",-23.272332699800696
8.499999999999986,181.80694580078125,55.87165451049805,5.49507999420166,0.000701904296875,0.388885498046875,"[0.9231117367744446, 1.0, 0.0016878241440281272, 0.952195942401886]","[0.0, 0.0, 4.261057711119065e-06, 4.966666892869398e-05, -0.01592736318707466, 1.0, 0.016333334147930145, 4.261057711119065e-06, 0.0, 0.0, -0.9999986290931702, -0.016283666715025902, 0.0, 0.0]","[1.0, 1.0, 0.0, 0.6617910861968994, 1.0, 0.43517452478408813, 0.16595163941383362, 0.7570960521697998]",-23.181623406713545
8.549999999999986,181.5331268310547,55.87510681152344,5.464540004730225,0.001068115234375,0.388885498046875,"[0.9211075305938721, 1.0, 0.021196657791733742, 0.9496110081672668]","[0.0, 0.0, 4.261057711119065e-06, 4.966666892869398e-05, -0.01592736318707466, 1.0, 0.016333334147930145, 4.261057711119065e-06, 0.0, 0.0, -0.9999986290931702, -0.016283666715025902, 0.0, 0.0]","[1.0, 1.0, 0.0, 0.6617910861968994, 1.0, 0.43517452478408813, 0.16595163941383362, 0.7570960521697998]",-23.089602207829536
8.599999999999987,181.2596435546875,55.878475189208984,5.473629951477051,0.001708984375,0.396820068359375,"[0.921704113483429, 1.0, 0.0033623739145696163, 0.9517049193382263]","[0.0, 0.0, 4.261057711119065e-06, 4.966666892869398e-05, -0.01592736318707466, 1.0, 0.016333334147930145, 4.261057711119065e-06, 0.0, 0.0, -0.9999986290931702, -0.016283666715025902, 0.0, 0.0]","[1.0, 1.0, 0.0, 0.6617910861968994, 1.0, 0.43517452478408813, 0.16595163941383362, 0.7570960521697998]",-23.00161483387456
8.649999999999988,180.98687744140625,55.881752014160156,5.444739818572998,0.002166748046875,0.404754638671875,"[0.9198082089424133, 1.0, 0.020822947844862938, 0.9510418176651001]","[0.0, 0.0, 4.261057711119065e-06, 4.966666892869398e-05, -0.01592736318707466, 1.0, 0.016333334147930145, 4.261057711119065e-06, 0.0, 0.0, -0.9999986290931702, -0.016283666715025902, 0.0, 0.0]","[1.0, 1.0, 0.0, 0.6617910861968994, 1.0, 0.43517452478408813, 0.16595163941383362, 0.7570960521697998]",-23.080856650871016
8.699999999999989,180.71424865722656,55.8848876953125,5.457159996032715,0.003021240234375,0.424591064453125,"[0.920623242855072, 1.0, 0.007471385411918163, 0.9491686820983887]","[0.0, 0.0, 4.261057711119065e-06, 4.966666892869398e-05, -0.01592736318707466, 1.0, 0.016333334147930145, 4.261057711119065e-06, 0.0, 0.0, -0.9999986290931702, -0.016283666715025902, 0.0, 0.0]","[1.0, 1.0, 0.0, 0.6617910861968994, 1.0, 0.43517452478408813, 0.16595163941383362, 0.7570960521697998]",-22.996585703201774
8.74999999999999,180.44210815429688,55.88785934448242,5.434140205383301,0.003997802734375,0.432525634765625,"[0.9191125631332397, 1.0, 0.017887473106384277, 0.954725980758667]","[0.0, 0.0, 4.261057711119065e-06, 4.966666892869398e-05, -0.01592736318707466, 1.0, 0.016333334147930145, 4.261057711119065e-06, 0.0, 0.0, -0.9999986290931702, -0.016283666715025902, 0.0, 0.0]","[1.0, 1.0, 0.0, 0.6617910861968994, 1.0, 0.43517452478408813, 0.16595163941383362, 0.7570960521697998]",-22.918376271769905
8.79999999999999,180.1697998046875,55.89060974121094,5.453370094299316,0.005218505859375,0.440460205078125,"[0.9203745126724243, 1.0, 0.01585283689200878, 0.946942150592804]","[0.0, 0.0, 4.261057711119065e-06, 4.966666892869398e-05, -0.01592736318707466, 1.0, 0.016333334147930145, 4.261057711119065e-06, 0.0, 0.0, -0.9999986290931702, -0.016283666715025902, 0.0, 0.0]","[1.0, 1.0, 0.0, 0.6617910861968994, 1.0, 0.43517452478408813, 0.16595163941383362, 0.7570960521697998]",-22.847352982792916
8.84999999999999,179.89761352539062,55.89310836791992,5.438000202178955,0.0064697265625,0.444427490234375,"[0.9193658828735352, 1.0, 0.01339015457779169, 0.9566986560821533]","[0.0, 0.0, 4.261057711119065e-06, 4.966666892869398e-05, -0.01592736318707466, 1.0, 0.016333334147930145, 4.261057711119065e-06, 0.0, 0.0, -0.9999986290931702, -0.016283666715025902, 0.0, 0.0]","[1.0, 1.0, 0.0, 0.6617910861968994, 1.0, 0.43517452478408813, 0.16595163941383362, 0.7570960521697998]",-22.961838944917844
8.899999999999991,179.6249237060547,55.89531707763672,5.463809967041016,0.00738525390625,0.444427490234375,"[0.9210596680641174, 1.0, 0.023766156286001205, 0.947329044342041]","[0.0, 0.0, 4.261057711119065e-06, 4.966666892869398e-05, -0.01592736318707466, 1.0, 0.016333334147930145, 4.261057711119065e-06, 0.0, 0.0, -0.9999986290931702, -0.016283666715025902, 0.0, 0.0]","[1.0, 1.0, 0.0, 0.6617910861968994, 1.0, 0.43517452478408813, 0.16595163941383362, 0.7570960521697998]",-22.9085392976293
8.949999999999992,179.3519744873047,55.89723587036133,5.454669952392578,0.00848388671875,0.444427490234375,"[0.9204598665237427, 1.0, 0.009075252339243889, 0.957175612449646]","[0.0, 0.0, 4.261057711119065e-06, 4.966666892869398e-05, -0.01592736318707466, 1.0, 0.016333334147930145, 4.261057711119065e-06, 0.0, 0.0, -0.9999986290931702, -0.016283666715025902, 0.0, 0.0]","[1.0, 1.0, 0.0, 0.6617910861968994, 1.0, 0.43517452478408813, 0.16595163941383362, 0.7570960521697998]",-22.864742976864076
8.999999999999993,179.0782928466797,55.89881134033203,5.484930038452148,0.00927734375,0.444427490234375,"[0.9224456548690796, 1.0, 0.029631737619638443, 0.9488115906715393]","[0.0, 0.0, 4.261057711119065e-06, 4.966666892869398e-05, -0.01592736318707466, 1.0, 0.016333334147930145, 4.261057711119065e-06, 0.0, 0.0, -0.9999986290931702, -0.016283666715025902, 0.0, 0.0]","[1.0, 1.0, 0.0, 0.6617910861968994, 1.0, 0.43517452478408813, 0.16595163941383362, 0.7570960521697998]",-22.829902021965882
9.049999999999994,178.8041534423828,55.90006637573242,5.480199813842773,0.010040283203125,0.452362060546875,"[0.9221352338790894, 0.9965000152587891, 0.0059164841659367085, 0.9577889442443848]","[0.0, 0.0, 4.261057711119065e-06, 4.966666892869398e-05, -0.01592736318707466, 1.0, 0.016333334147930145, 4.261057711119065e-06, 0.0, 0.0, -0.9999986290931702, -0.016283666715025902, 0.0, 0.0]","[1.0, 1.0, 0.0, 0.6617910861968994, 1.0, 0.43517452478408813, 0.16595163941383362, 0.7570960521697998]",-23.03118993085447
9.099999999999994,178.52908325195312,55.90097427368164,5.514470100402832,0.010345458984375,0.452362060546875,"[0.9243842363357544, 1.0, 0.033734243363142014, 0.9488566517829895]","[0.0, 0.0, 4.261057711119065e-06, 4.966666892869398e-05, -0.01592736318707466, 1.0, 0.016333334147930145, 4.261057711119065e-06, 0.0, 0.0, -0.9999986290931702, -0.016283666715025902, 0.0, 0.0]","[1.0, 1.0, 0.0, 0.6617910861968994, 1.0, 0.43517452478408813, 0.16595163941383362, 0.7570960521697998]",-23.02848034716191
9.149999999999995,178.2533416748047,55.90155792236328,5.514080047607422,0.01068115234375,0.456329345703125,"[0.924358606338501, 0.9955999851226807, 0.002062857383862138, 0.9588465094566345]","[0.0, 0.0, 4.261057711119065e-06, 4.966666892869398e-05, -0.01592736318707466, 1.0, 0.016333334147930145, 4.261057711119065e-06, 0.0, 0.0, -0.9999986290931702, -0.016283666715025902, 0.0, 0.0]","[1.0, 1.0, 0.0, 0.6617910861968994, 1.0, 0.43517452478408813, 0.16595163941383362, 0.7570960521697998]",-23.04030384769807
9.199999999999996,177.97645568847656,55.90177917480469,5.5518999099731445,0.011016845703125,0.456329345703125,"[0.9268405437469482, 0.9991000294685364, 0.037505317479372025, 0.9493069052696228]","[0.0, 0.0, 4.261057711119065e-06, 4.966666892869398e-05, -0.01592736318707466, 1.0, 0.016333334147930145, 4.261057711119065e-06, 0.0, 0.0, -0.9999986290931702, -0.016283666715025902, 0.0, 0.0]","[1.0, 1.0, 0.0, 0.6617910861968994, 1.0, 0.43517452478408813, 0.16595163941383362, 0.7570960521697998]",-23.065226092721012
9.249999999999996,177.69874572753906,55.90167236328125,5.555170059204102,0.011138916015625,0.4603118896484375,"[0.9270551204681396, 0.9955999851226807, 0.010758241638541222, 0.9584893584251404]","[0.0, 0.0, 4.261057711119065e-06, 4.966666892869398e-05, -0.01592736318707466, 1.0, 0.016333334147930145, 4.261057711119065e-06, 0.0, 0.0, -0.9999986290931702, -0.016283666715025902, 0.0, 0.0]","[1.0, 1.0, 0.0, 0.6617910861968994, 1.0, 0.43517452478408813, 0.16595163941383362, 0.7570960521697998]",-23.39354975595576
9.299999999999997,177.4197235107422,55.90118408203125,5.596010208129883,0.01141357421875,0.4603118896484375,"[0.9297352433204651, 0.9994000196456909, 0.047183290123939514, 0.9496278762817383]","[0.0, 0.0, 4.261057711119065e-06, 4.966666892869398e-05, -0.01592736318707466, 1.0, 0.016333334147930145, 4.261057711119065e-06, 0.0, 0.0, -0.9999986290931702, -0.016283666715025902, 0.0, 0.0]","[1.0, 1.0, 0.0, 0.6617910861968994, 1.0, 0.43517452478408813, 0.16595163941383362, 0.7570960521697998]",-23.467882044463018
9.349999999999998,177.1397247314453,55.90035629272461,5.602270126342773,0.011627197265625,0.4603118896484375,"[0.9301460385322571, 1.0, 0.013851427473127842, 0.958045244216919]","[0.0, 0.0, 4.261057711119065e-06, 4.966666892869398e-05, -0.01592736318707466, 1.0, 0.016333334147930145, 4.261057711119065e-06, 0.0, 0.0, -0.9999986290931702, -0.016283666715025902, 0.0, 0.0]","[1.0, 1.0, 0.0, 0.6617910861968994, 1.0, 0.43517452478408813, 0.16595163941383362, 0.7570960521697998]",-23.56615547066696
9.399999999999999,176.85829162597656,55.899070739746094,5.64516019821167,0.012664794921875,0.4603118896484375,"[0.9329606890678406, 1.0, 0.05093669891357422, 0.9501176476478577]","[0.0, 0.0, 4.261057711119065e-06, 4.966666892869398e-05, -0.01592736318707466, 1.0, 0.016333334147930145, 4.261057711119065e-06, 0.0, 0.0, -0.9999986290931702, -0.016283666715025902, 0.0, 0.0]","[1.0, 1.0, 0.0, 0.6617910861968994, 1.0, 0.43517452478408813, 0.16595163941383362, 0.7570960521697998]",-23.688778437673363
9.45,176.57577514648438,55.89731216430664,5.6532301902771,0.014068603515625,0.4603118896484375,"[0.9334902763366699, 1.0, 0.018596041947603226, 0.9574590921401978]","[0.0, 0.0, 4.261057711119065e-06, 4.966666892869398e-05, -0.01592736318707466, 1.0, 0.016333334147930145, 4.261057711119065e-06, 0.0, 0.0, -0.9999986290931702, -0.016283666715025902, 0.0, 0.0]","[1.0, 1.0, 0.0, 0.6617910861968994, 1.0, 0.43517452478408813, 0.16595163941383362, 0.7570960521697998]",-24.189169145871034
9.5,176.29177856445312,55.89488983154297,5.697279930114746,0.016448974609375,0.4603118896484375,"[0.9363809823989868, 1.0, 0.05732263624668121, 0.9499800801277161]","[0.0, 0.0, 4.261057711119065e-06, 4.966666892869398e-05, -0.01592736318707466, 1.0, 0.016333334147930145, 4.261057711119065e-06, 0.0, 0.0, -0.9999986290931702, -0.016283666715025902, 0.0, 0.0]","[1.0, 1.0, 0.0, 0.6617910861968994, 1.0, 0.43517452478408813, 0.16595163941383362, 0.7570960521697998]",-24.33961146522455
9.55,176.0066375732422,55.89177703857422,5.706399917602539,0.018829345703125,0.4603118896484375,"[0.9369795322418213, 1.0, 0.024522196501493454, 0.95682293176651]","[0.0, 0.0, 4.261057711119065e-06, 4.966666892869398e-05, -0.01592736318707466, 1.0, 0.016333334147930145, 4.261057711119065e-06, 0.0, 0.0, -0.9999986290931702, -0.016283666715025902, 0.0, 0.0]","[1.0, 1.0, 0.0, 0.6617910861968994, 1.0, 0.43517452478408813, 0.16595163941383362, 0.7570960521697998]",-24.511731821967867
9.600000000000001,175.719970703125,55.88780975341797,5.751039981842041,0.021026611328125,0.4603118896484375,"[0.9399089813232422, 1.0, 0.06285670399665833, 0.9503228664398193]","[0.0, 0.0, 4.261057711119065e-06, 4.966666892869398e-05, -0.01592736318707466, 1.0, 0.016333334147930145, 4.261057711119065e-06, 0.0, 0.0, -0.9999986290931702, -0.016283666715025902, 0.0, 0.0]","[1.0, 1.0, 0.0, 0.6617910861968994, 1.0, 0.43517452478408813, 0.16595163941383362, 0.7570960521697998]",-24.725956911430714
9.650000000000002,175.43215942382812,55.88303756713867,5.760690212249756,0.02294921875,0.4603118896484375,"[0.9405422806739807, 1.0, 0.02795208804309368, 0.9565809369087219]","[0.0, 0.0, 4.261057711119065e-06, 4.966666892869398e-05, -0.01592736318707466, 1.0, 0.016333334147930145, 4.261057711119065e-06, 0.0, 0.0, -0.9999986290931702, -0.016283666715025902, 0.0, 0.0]","[1.0, 1.0, 0.0, 0.6617910861968994, 1.0, 0.43517452478408813, 0.16595163941383362, 0.7570960521697998]",-25.384204546972185
9.700000000000003,175.142822265625,55.87726593017578,5.8055500984191895,0.02496337890625,0.4603118896484375,"[0.943486213684082, 1.0, 0.0669560432434082, 0.9504894614219666]","[0.0, 0.0, 4.261057711119065e-06, 4.966666892869398e-05, -0.01592736318707466, 1.0, 0.016333334147930145, 4.261057711119065e-06, 0.0, 0.0, -0.9999986290931702, -0.016283666715025902, 0.0, 0.0]","[1.0, 1.0, 0.0, 0.6617910861968994, 1.0, 0.43517452478408813, 0.16595163941383362, 0.7570960521697998]",-25.625137888259772
9.750000000000004,174.8523406982422,55.87046432495117,5.815340042114258,0.028167724609375,0.4603118896484375,"[0.9441286325454712, 1.0, 0.03326241672039032, 0.9563823938369751]","[0.0, 0.0, 4.261057711119065e-06, 4.966666892869398e-05, -0.01592736318707466, 1.0, 0.016333334147930145, 4.261057711119065e-06, 0.0, 0.0, -0.9999986290931702, -0.016283666715025902, 0.0, 0.0]","[1.0, 1.0, 0.0, 0.6617910861968994, 1.0, 0.43517452478408813, 0.16595163941383362, 0.7570960521697998]",-25.908010596009856
9.800000000000004,174.5603485107422,55.86231994628906,5.860020160675049,0.032073974609375,0.4603118896484375,"[0.947060763835907, 1.0, 0.07602021843194962, 0.9493253231048584]","[0.0, 0.0, 4.261057711119065e-06, 4.966666892869398e-05, -0.01592736318707466, 1.0, 0.016333334147930145, 4.261057711119065e-06, 0.0, 0.0, -0.9999986290931702, -0.016283666715025902, 0.0, 0.0]","[1.0, 1.0, 0.0, 0.6617910861968994, 1.0, 0.43517452478408813, 0.16595163941383362, 0.7570960521697998]",-26.261667670941947
9.850000000000005,174.26724243164062,55.85280227661133,5.869659900665283,0.036376953125,0.4603118896484375,"[0.9476933479309082, 1.0, 0.04112747684121132, 0.9558746218681335]","[0.0, 0.0, 4.261057711119065e-06, 4.966666892869398e-05, -0.01592736318707466, 1.0, 0.016333334147930145, 4.261057711119065e-06, 0.0, 0.0, -0.9999986290931702, -0.016283666715025902, 0.0, 0.0]","[1.0, 1.0, 0.0, 0.6617910861968994, 1.0, 0.43517452478408813, 0.16595163941383362, 0.7570960521697998]",-26.965112531087655
9.900000000000006,173.9726104736328,55.84164047241211,5.914060115814209,0.0396728515625,0.4603118896484375,"[0.9506070613861084, 1.0, 0.08370154350996017, 0.9495279788970947]","[0.0, 0.0, 4.261057711119065e-06, 4.966666892869398e-05, -0.01592736318707466, 1.0, 0.016333334147930145, 4.261057711119065e-06, 0.0, 0.0, -0.9999986290931702, -0.016283666715025902, 0.0, 0.0]","[1.0, 1.0, 0.0, 0.6617910861968994, 1.0, 0.43517452478408813, 0.16595163941383362, 0.7570960521697998]",-27.21406760109114
9.950000000000006,173.6769256591797,55.82892608642578,5.923540115356445,0.042755126953125,0.4603118896484375,"[0.9512292146682739, 1.0, 0.04513978213071823, 0.9556488394737244]","[0.0, 0.0, 4.261057711119065e-06, 4.966666892869398e-05, -0.01592736318707466, 1.0, 0.016333334147930145, 4.261057711119065e-06, 0.0, 0.0, -0.9999986290931702, -0.016283666715025902, 0.0, 0.0]","[1.0, 1.0, 0.0, 0.6617910861968994, 1.0, 0.43517452478408813, 0.16595163941383362, 0.7570960521697998]",-27.459835399007805
10.000000000000007,173.37977600097656,55.814453125,5.967720031738281,0.044189453125,0.4603118896484375,"[0.9541285037994385, 1.0, 0.08661845326423645, 0.9503148198127747]","[0.0, 0.0, 4.261057711119065e-06, 4.966666892869398e-05, -0.01592736318707466, 1.0, 0.016333334147930145, 4.261057711119065e-06, 0.0, 0.0, -0.9999986290931702, -0.016283666715025902, 0.0, 0.0]","[1.0, 1.0, 0.0, 0.6617910861968994, 1.0, 0.43517452478408813, 0.16595163941383362, 0.7570960521697998]",-27.710635905177952
10.050000000000008,173.08157348632812,55.79819107055664,5.9768900871276855,0.048797607421875,0.4603118896484375,"[0.9547302722930908, 1.0, 0.05064835026860237, 0.9560160040855408]","[0.0, 0.0, 4.261057711119065e-06, 4.966666892869398e-05, -0.01592736318707466, 1.0, 0.016333334147930145, 4.261057711119065e-06, 0.0, 0.0, -0.9999986290931702, -0.016283666715025902, 0.0, 0.0]","[1.0, 1.0, 0.0, 0.6617910861968994, 1.0, 0.43517452478408813, 0.16595163941383362, 0.7570960521697998]",-28.42686853203428
10.100000000000009,172.78204345703125,55.77968215942383,6.020380020141602,0.053619384765625,0.4603118896484375,"[0.9575842618942261, 1.0, 0.09884439408779144, 0.9474632740020752]","[0.0, 0.0, 4.261057711119065e-06, 4.966666892869398e-05, -0.01592736318707466, 1.0, 0.016333334147930145, 4.261057711119065e-06, 0.0, 0.0, -0.9999986290931702, -0.016283666715025902, 0.0, 0.0]","[1.0, 1.0, 0.0, 0.6617910861968994, 1.0, 0.43517452478408813, 0.16595163941383362, 0.7570960521697998]",-28.708835961423734
10.15000000000001,172.4815216064453,55.7589111328125,6.0289998054504395,0.059356689453125,0.4603118896484375,"[0.9581499099731445, 1.0, 0.06060219556093216, 0.955176591873169]","[0.0, 0.0, 4.261057711119065e-06, 4.966666892869398e-05, -0.01592736318707466, 1.0, 0.016333334147930145, 4.261057711119065e-06, 0.0, 0.0, -0.9999986290931702, -0.016283666715025902, 0.0, 0.0]","[1.0, 1.0, 0.0, 0.6617910861968994, 1.0, 0.43517452478408813, 0.16595163941383362, 0.7570960521697998]",-29.046430804179483
10.20000000000001,172.17974853515625,55.73542785644531,6.07181978225708,0.064300537109375,0.4603118896484375,"[0.9609600305557251, 1.0, 0.1102338507771492, 0.9468503594398499]","[0.0, 0.0, 4.261057711119065e-06, 4.966666892869398e-05, -0.01592736318707466, 1.0, 0.016333334147930145, 4.261057711119065e-06, 0.0, 0.0, -0.9999986290931702, -0.016283666715025902, 0.0, 0.0]","[1.0, 1.0, 0.0, 0.6617910861968994, 1.0, 0.43517452478408813, 0.16595163941383362, 0.7570960521697998]",-29.39059573312468
10.25000000000001,171.87710571289062,55.70935821533203,6.080049991607666,0.068939208984375,0.4603118896484375,"[0.9615001082420349, 1.0, 0.06755208224058151, 0.9543074369430542]","[0.0, 0.0, 4.261057711119065e-06, 4.966666892869398e-05, -0.01592736318707466, 1.0, 0.016333334147930145, 4.261057711119065e-06, 0.0, 0.0, -0.9999986290931702, -0.016283666715025902, 0.0, 0.0]","[1.0, 1.0, 0.0, 0.6617910861968994, 1.0, 0.43517452478408813, 0.16595163941383362, 0.7570960521697998]",-30.252756188106602
10.300000000000011,171.5733184814453,55.680213928222656,6.122290134429932,0.07379150390625,0.4603118896484375,"[0.9642720818519592, 1.0, 0.11964352428913116, 0.9457557797431946]","[0.0, 0.0, 4.261057711119065e-06, 4.966666892869398e-05, -0.01592736318707466, 1.0, 0.016333334147930145, 4.261057711119065e-06, 0.0, 0.0, -0.9999986290931702, -0.016283666715025902, 0.0, 0.0]","[1.0, 1.0, 0.0, 0.6617910861968994, 1.0, 0.43517452478408813, 0.16595163941383362, 0.7570960521697998]",-30.602303698450687
10.350000000000012,171.26876831054688,55.64803695678711,6.129930019378662,0.079803466796875,0.4603118896484375,"[0.964773416519165, 1.0, 0.0771854966878891, 0.9541824460029602]","[0.0, 0.0, 4.261057711119065e-06, 4.966666892869398e-05, -0.01592736318707466, 1.0, 0.016333334147930145, 4.261057711119065e-06, 0.0, 0.0, -0.9999986290931702, -0.016283666715025902, 0.0, 0.0]","[1.0, 1.0, 0.0, 0.6617910861968994, 1.0, 0.43517452478408813, 0.16595163941383362, 0.7570960521697998]",-30.960367955014434
10.400000000000013,170.96322631835938,55.61216735839844,6.171110153198242,0.08709716796875,0.4603118896484375,"[0.9674758911132812, 1.0, 0.13496087491512299, 0.942244827747345]","[0.0, 0.0, 4.261057711119065e-06, 4.966666892869398e-05, -0.01592736318707466, 1.0, 0.016333334147930145, 4.261057711119065e-06, 0.0, 0.0, -0.9999986290931702, -0.016283666715025902, 0.0, 0.0]","[1.0, 1.0, 0.0, 0.6617910861968994, 1.0, 0.43517452478408813, 0.16595163941383362, 0.7570960521697998]",-31.36842321241366
10.450000000000014,170.6571502685547,55.57258605957031,6.177800178527832,0.095489501953125,0.4603118896484375,"[0.9679149389266968, 1.0, 0.09188263863325119, 0.953180193901062]","[0.0, 0.0, 4.261057711119065e-06, 4.966666892869398e-05, -0.01592736318707466, 1.0, 0.016333334147930145, 4.261057711119065e-06, 0.0, 0.0, -0.9999986290931702, -0.016283666715025902, 0.0, 0.0]","[1.0, 1.0, 0.0, 0.6617910861968994, 1.0, 0.43517452478408813, 0.16595163941383362, 0.7570960521697998]",-32.14193036042791
10.500000000000014,170.35031127929688,55.52854919433594,6.217649936676025,0.104217529296875,0.4603118896484375,"[0.9705300331115723, 1.0, 0.15353231132030487, 0.9396641254425049]","[0.0, 0.0, 4.261057711119065e-06, 4.966666892869398e-05, -0.01592736318707466, 1.0, 0.016333334147930145, 4.261057711119065e-06, 0.0, 0.0, -0.9999986290931702, -0.016283666715025902, 0.0, 0.0]","[1.0, 1.0, 0.0, 0.6617910861968994, 1.0, 0.43517452478408813, 0.16595163941383362, 0.7570960521697998]",-32.415583588211526
10.550000000000015,170.043212890625,55.48014831542969,6.223430156707764,0.11285400390625,0.4603118896484375,"[0.9709093570709229, 1.0, 0.10614768415689468, 0.9512363076210022]","[0.0, 0.0, 4.261057711119065e-06, 4.966666892869398e-05, -0.01592736318707466, 1.0, 0.016333334147930145, 4.261057711119065e-06, 0.0, 0.0, -0.9999986290931702, -0.016283666715025902, 0.0, 0.0]","[1.0, 1.0, 0.0, 0.6617910861968994, 1.0, 0.43517452478408813, 0.16595163941383362, 0.7570960521697998]",-32.692694151951045
10.600000000000016,169.735595703125,55.42692565917969,6.263000011444092,0.116455078125,0.4603118896484375,"[0.9735060930252075, 1.0, 0.16041670739650726, 0.9438394904136658]","[0.0, 0.0, 4.261057711119065e-06, 4.966666892869398e-05, -0.01592736318707466, 1.0, 0.016333334147930145, 4.261057711119065e-06, 0.0, 0.0, -0.9999986290931702, -0.016283666715025902, 0.0, 0.0]","[1.0, 1.0, 0.0, 0.6617910861968994, 1.0, 0.43517452478408813, 0.16595163941383362, 0.7570960521697998]",-32.98224646766774
10.650000000000016,169.42782592773438,55.36929702758789,6.2691497802734375,0.119537353515625,0.4603118896484375,"[0.9739096760749817, 1.0, 0.1049327403306961, 0.9488477110862732]","[0.0, 0.0, 4.261057711119065e-06, 4.966666892869398e-05, -0.01592736318707466, 1.0, 0.016333334147930145, 4.261057711119065e-06, 0.0, 0.0, -0.9999986290931702, -0.016283666715025902, 0.0, 0.0]","[1.0, 1.0, 0.0, 0.6617910861968994, 1.0, 0.43517452478408813, 0.16595163941383362, 0.7570960521697998]",-33.78139052848772
10.700000000000017,169.11962890625,55.30683517456055,6.309040069580078,0.1201171875,0.4603118896484375,"[0.9765274524688721, 1.0, 0.15921054780483246, 0.9443269968032837]","[0.0, 0.0, 4.261057711119065e-06, 4.966666892869398e-05, -0.01592736318707466, 1.0, 0.016333334147930145, 4.261057711119065e-06, 0.0, 0.0, -0.9999986290931702, -0.016283666715025902, 0.0, 0.0]","[1.0, 1.0, 0.0, 0.6617910861968994, 1.0, 0.43517452478408813, 0.16595163941383362, 0.7570960521697998]",-34.09754253010659
10.750000000000018,168.81137084960938,55.24003601074219,6.3155198097229,0.1201171875,0.4603118896484375,"[0.9769526720046997, 1.0, 0.10182065516710281, 0.9466562271118164]","[0.0, 0.0, 4.261057711119065e-06, 4.966666892869398e-05, -0.01592736318707466, 1.0, 0.016333334147930145, 4.261057711119065e-06, 0.0, 0.0, -0.9999986290931702, -0.016283666715025902, 0.0, 0.0]","[1.0, 1.0, 0.0, 0.6617910861968994, 1.0, 0.43517452478408813, 0.16595163941383362, 0.7570960521697998]",-34.410609704881075
10.800000000000018,168.5028076171875,55.16841506958008,6.355420112609863,0.120147705078125,0.4603118896484375,"[0.9795711040496826, 1.0, 0.1580030769109726, 0.9435935020446777]","[0.0, 0.0, 4.261057711119065e-06, 4.966666892869398e-05, -0.01592736318707466, 1.0, 0.016333334147930145, 4.261057711119065e-06, 0.0, 0.0, -0.9999986290931702, -0.016283666715025902, 0.0, 0.0]","[1.0, 1.0, 0.0, 0.6617910861968994, 1.0, 0.43517452478408813, 0.16595163941383362, 0.7570960521697998]",-34.775655667413446
10.85000000000002,168.1943359375,55.09236526489258,6.36161994934082,0.120880126953125,0.4603118896484375,"[0.9799779653549194, 1.0, 0.10276878625154495, 0.9479528665542603]","[0.0, 0.0, 4.261057711119065e-06, 4.966666892869398e-05, -0.01592736318707466, 1.0, 0.016333334147930145, 4.261057711119065e-06, 0.0, 0.0, -0.9999986290931702, -0.016283666715025902, 0.0, 0.0]","[1.0, 1.0, 0.0, 0.6617910861968994, 1.0, 0.43517452478408813, 0.16595163941383362, 0.7570960521697998]",-35.664282437975565
10.90000000000002,167.88577270507812,55.01133728027344,6.4009599685668945,0.121978759765625,0.4603118896484375,"[0.9825596809387207, 1.0, 0.16045844554901123, 0.9424419403076172]","[0.0, 0.0, 4.261057711119065e-06, 4.966666892869398e-05, -0.01592736318707466, 1.0, 0.016333334147930145, 4.261057711119065e-06, 0.0, 0.0, -0.9999986290931702, -0.016283666715025902, 0.0, 0.0]","[1.0, 1.0, 0.0, 0.6617910861968994, 1.0, 0.43517452478408813, 0.16595163941383362, 0.7570960521697998]",-36.02690437773495
10.95000000000002,167.57742309570312,54.925785064697266,6.406879901885986,0.12213134765625,0.4603118896484375,"[0.9829481244087219, 1.0, 0.10360966622829437, 0.9468948841094971]","[0.0, 0.0, 4.261057711119065e-06, 4.966666892869398e-05, -0.01592736318707466, 1.0, 0.016333334147930145, 4.261057711119065e-06, 0.0, 0.0, -0.9999986290931702, -0.016283666715025902, 0.0, 0.0]","[1.0, 1.0, 0.0, 0.6617910861968994, 1.0, 0.43517452478408813, 0.16595163941383362, 0.7570960521697998]",-36.38340118974153
11.000000000000021,167.26919555664062,54.83514404296875,6.445730209350586,0.123565673828125,0.4603118896484375,"[0.9854976534843445, 1.0, 0.16236306726932526, 0.9416698813438416]","[0.0, 0.0, 4.261057711119065e-06, 4.966666892869398e-05, -0.01592736318707466, 1.0, 0.016333334147930145, 4.261057711119065e-06, 0.0, 0.0, -0.9999986290931702, -0.016283666715025902, 0.0, 0.0]","[1.0, 1.0, 0.0, 0.6617910861968994, 1.0, 0.43517452478408813, 0.16595163941383362, 0.7570960521697998]",-36.73430730493661
11.050000000000022,166.96148681640625,54.739646911621094,6.450660228729248,0.127777099609375,0.4603118896484375,"[0.9858211874961853, 1.0, 0.1106988936662674, 0.9506281614303589]","[0.0, 0.0, 4.261057711119065e-06, 4.966666892869398e-05, -0.01592736318707466, 1.0, 0.016333334147930145, 4.261057711119065e-06, 0.0, 0.0, -0.9999986290931702, -0.016283666715025902, 0.0, 0.0]","[1.0, 1.0, 0.0, 0.6617910861968994, 1.0, 0.43517452478408813, 0.16595163941383362, 0.7570960521697998]",-37.74620429330234
11.100000000000023,166.65435791015625,54.63847351074219,6.486420154571533,0.133758544921875,0.432525634765625,"[0.9881678819656372, 1.0, 0.17272089421749115, 0.9383365511894226]","[0.0, 0.0, 4.261057711119065e-06, 4.966666892869398e-05, -0.01592736318707466, 1.0, 0.016333334147930145, 4.261057711119065e-06, 0.0, 0.0, -0.9999986290931702, -0.016283666715025902, 0.0, 0.0]","[1.0, 1.0, 0.0, 0.6617910861968994, 1.0, 0.43517452478408813, 0.16595163941383362, 0.7570960521697998]",-38.17485821860742
11.150000000000023,166.3488311767578,54.531063079833984,6.418600082397461,0.141876220703125,0.428558349609375,"[0.9837172627449036, 1.0, 0.11029399186372757, 0.7958004474639893]","[0.0, 0.0, 4.261057711119065e-06, 4.966666892869398e-05, -0.01592736318707466, 1.0, 0.016333334147930145, 4.261057711119065e-06, 0.0, 0.0, -0.9999986290931702, -0.016283666715025902, 0.0, 0.0]","[1.0, 1.0, 0.0, 0.6617910861968994, 1.0, 0.43517452478408813, 0.16595163941383362, 0.7570960521697998]",-38.620793698779416
11.200000000000024,166.044677734375,54.42007827758789,6.420199871063232,0.151275634765625,0.424591064453125,"[0.983822226524353, 1.0, 0.07035032659769058, 0.8644960522651672]","[0.0, 0.0, 4.261057711119065e-06, 4.966666892869398e-05, -0.01592736318707466, 1.0, 0.016333334147930145, 4.261057711119065e-06, 0.0, 0.0, -0.9999986290931702, -0.016283666715025902, 0.0, 0.0]","[1.0, 1.0, 0.0, 0.6617910861968994, 1.0, 0.43517452478408813, 0.16595163941383362, 0.7570960521697998]",-39.07785030310919
11.250000000000025,165.7423858642578,54.30488586425781,6.436220169067383,0.161224365234375,0.412689208984375,"[0.9848735332489014, 1.0, 0.1736697107553482, 0.8784573078155518]","[0.0, 0.0, 4.261057711119065e-06, 4.966666892869398e-05, -0.01592736318707466, 1.0, 0.016333334147930145, 4.261057711119065e-06, 0.0, 0.0, -0.9999986290931702, -0.016283666715025902, 0.0, 0.0]","[1.0, 1.0, 0.0, 0.6617910861968994, 1.0, 0.43517452478408813, 0.16595163941383362, 0.7570960521697998]",-40.222273182913064
11.300000000000026,165.4430694580078,54.18339157104492,6.450389862060547,0.16851806640625,0.388885498046875,"[0.985803484916687, 1.0, 0.2019670456647873, 0.9561902284622192]","[0.0, 0.0, 4.261057711119065e-06, 4.966666892869398e-05, -0.01592736318707466, 1.0, 0.016333334147930145, 4.261057711119065e-06, 0.0, 0.0, -0.9999986290931702, -0.016283666715025902, 0.0, 0.0]","[1.0, 1.0, 0.0, 0.6617910861968994, 1.0, 0.43517452478408813, 0.16595163941383362, 0.7570960521697998]",-40.712441361565794
11.350000000000026,165.14718627929688,54.05558395385742,6.431529998779297,0.17767333984375,0.3610992431640625,"[0.984565794467926, 1.0, 0.17577344179153442, 0.9356546401977539]","[0.0, 0.0, 4.261057711119065e-06, 4.966666892869398e-05, -0.01592736318707466, 1.0, 0.016333334147930145, 4.261057711119065e-06, 0.0, 0.0, -0.9999986290931702, -0.016283666715025902, 0.0, 0.0]","[1.0, 1.0, 0.0, 0.6617910861968994, 1.0, 0.43517452478408813, 0.16595163941383362, 0.7570960521697998]",-41.204241702658784
11.400000000000027,164.85459899902344,53.92045593261719,6.445879936218262,0.187286376953125,0.3491973876953125,"[0.9855074882507324, 1.0, 0.1990104615688324, 0.9317599534988403]","[0.0, 0.0, 4.261057711119065e-06, 4.966666892869398e-05, -0.01592736318707466, 1.0, 0.016333334147930145, 4.261057711119065e-06, 0.0, 0.0, -0.9999986290931702, -0.016283666715025902, 0.0, 0.0]","[1.0, 1.0, 0.0, 0.6617910861968994, 1.0, 0.43517452478408813, 0.16595163941383362, 0.7570960521697998]",-41.679805671617956
11.450000000000028,164.56419372558594,53.776546478271484,6.518050193786621,0.19781494140625,0.3491973876953125,"[0.9902436137199402, 1.0, 0.24737493693828583, 0.9216474294662476]","[0.0, 0.0, 4.261057711119065e-06, 4.966666892869398e-05, -0.01592736318707466, 1.0, 0.016333334147930145, 4.261057711119065e-06, 0.0, 0.0, -0.9999986290931702, -0.016283666715025902, 0.0, 0.0]","[1.0, 1.0, 0.0, 0.6617910861968994, 1.0, 0.43517452478408813, 0.16595163941383362, 0.7570960521697998]",-42.80443020895897
11.500000000000028,164.27870178222656,53.62534713745117,6.4369401931762695,0.2093505859375,0.3491973876953125,"[0.984920859336853, 1.0, 0.2512533366680145, 0.7910622358322144]","[0.0, 0.0, 4.261057711119065e-06, 4.966666892869398e-05, -0.01592736318707466, 1.0, 0.016333334147930145, 4.261057711119065e-06, 0.0, 0.0, -0.9999986290931702, -0.016283666715025902, 0.0, 0.0]","[1.0, 1.0, 0.0, 0.6617910861968994, 1.0, 0.43517452478408813, 0.16595163941383362, 0.7570960521697998]",-43.26170669488995
11.55000000000003,164.00222778320312,53.46514892578125,6.38415002822876,0.221710205078125,0.3491973876953125,"[0.9814565181732178, 1.0, 0.20269273221492767, 0.7853841781616211]","[0.0, 0.0, 4.261057711119065e-06, 4.966666892869398e-05, -0.01592736318707466, 1.0, 0.016333334147930145, 4.261057711119065e-06, 0.0, 0.0, -0.9999986290931702, -0.016283666715025902, 0.0, 0.0]","[1.0, 1.0, 0.0, 0.6617910861968994, 1.0, 0.43517452478408813, 0.16595163941383362, 0.7570960521697998]",-43.71115184280074
11.60000000000003,163.73605346679688,53.30207824707031,6.339719772338867,0.23565673828125,0.3491973876953125,"[0.9785407781600952, 1.0, 0.1923450380563736, 0.7484718561172485]","[0.0, 0.0, 4.261057711119065e-06, 4.966666892869398e-05, -0.01592736318707466, 1.0, 0.016333334147930145, 4.261057711119065e-06, 0.0, 0.0, -0.9999986290931702, -0.016283666715025902, 0.0, 0.0]","[1.0, 1.0, 0.0, 0.6617910861968994, 1.0, 0.43517452478408813, 0.16595163941383362, 0.7570960521697998]",-44.15611799322634
11.65000000000003,163.47198486328125,53.135169982910156,6.299530029296875,0.250457763671875,0.3491973876953125,"[0.9759033918380737, 1.0, 0.2791476547718048, 0.9048353433609009]","[0.0, 0.0, 4.261057711119065e-06, 4.966666892869398e-05, -0.01592736318707466, 1.0, 0.016333334147930145, 4.261057711119065e-06, 0.0, 0.0, -0.9999986290931702, -0.016283666715025902, 0.0, 0.0]","[1.0, 1.0, 0.0, 0.6617910861968994, 1.0, 0.43517452478408813, 0.16595163941383362, 0.7570960521697998]",-45.22569960027142
11.700000000000031,163.2139129638672,52.96134948730469,6.228209972381592,0.263275146484375,0.3491973876953125,"[0.971222996711731, 1.0, 0.3294166922569275, 0.9208536148071289]","[0.0, 0.0, 4.261057711119065e-06, 4.966666892869398e-05, -0.01592736318707466, 1.0, 0.016333334147930145, 4.261057711119065e-06, 0.0, 0.0, -0.9999986290931702, -0.016283666715025902, 0.0, 0.0]","[1.0, 1.0, 0.0, 0.6617910861968994, 1.0, 0.43517452478408813, 0.16595163941383362, 0.7570960521697998]",-45.63882817483819
11.750000000000032,162.96701049804688,52.77668380737305,6.195000171661377,0.2691650390625,0.3491973876953125,"[0.9690436124801636, 1.0, 0.2909696698188782, 0.8441368937492371]","[0.0, 0.0, 4.261057711119065e-06, 4.966666892869398e-05, -0.01592736318707466, 1.0, 0.016333334147930145, 4.261057711119065e-06, 0.0, 0.0, -0.9999986290931702, -0.016283666715025902, 0.0, 0.0]","[1.0, 1.0, 0.0, 0.6617910861968994, 1.0, 0.43517452478408813, 0.16595163941383362, 0.7570960521697998]",-46.03926512629348
11.800000000000033,162.72756958007812,52.58631896972656,6.143789768218994,0.269317626953125,0.3491973876953125,"[0.9656829833984375, 1.0, 0.2715301215648651, 0.916713535785675]","[0.0, 0.0, 4.261057711119065e-06, 4.966666892869398e-05, -0.01592736318707466, 1.0, 0.016333334147930145, 4.261057711119065e-06, 0.0, 0.0, -0.9999986290931702, -0.016283666715025902, 0.0, 0.0]","[1.0, 1.0, 0.0, 0.6617910861968994, 1.0, 0.43517452478408813, 0.16595163941383362, 0.7570960521697998]",-46.40469812591622
11.850000000000033,162.49609375,52.38998794555664,6.096739768981934,0.269317626953125,0.3491973876953125,"[0.9625953435897827, 1.0, 0.26339295506477356, 0.9835479259490967]","[0.0, 0.0, 4.261057711119065e-06, 4.966666892869398e-05, -0.01592736318707466, 1.0, 0.016333334147930145, 4.261057711119065e-06, 0.0, 0.0, -0.9999986290931702, -0.016283666715025902, 0.0, 0.0]","[1.0, 1.0, 0.0, 0.6617910861968994, 1.0, 0.43517452478408813, 0.16595163941383362, 0.7570960521697998]",-47.287179792812786
11.900000000000034,162.2726287841797,52.188026428222656,6.050020217895508,0.268829345703125,0.3491973876953125,"[0.9595293998718262, 1.0, 0.25359779596328735, 0.9808791279792786]","[0.0, 0.0, 4.261057711119065e-06, 4.966666892869398e-05, -0.01592736318707466, 1.0, 0.016333334147930145, 4.261057711119065e-06, 0.0, 0.0, -0.9999986290931702, -0.016283666715025902, 0.0, 0.0]","[1.0, 1.0, 0.0, 0.6617910861968994, 1.0, 0.43517452478408813, 0.16595163941383362, 0.7570960521697998]",-47.58093702504116
11.950000000000035,162.056884765625,51.98093795776367,6.0071702003479,0.264556884765625,0.3452301025390625,"[0.9567173719406128, 1.0, 0.24106328189373016, 0.9801473021507263]","[0.0, 0.0, 4.261057711119065e-06, 4.966666892869398e-05, -0.01592736318707466, 1.0, 0.016333334147930145, 4.261057711119065e-06, 0.0, 0.0, -0.9999986290931702, -0.016283666715025902, 0.0, 0.0]","[1.0, 1.0, 0.0, 0.6617910861968994, 1.0, 0.43517452478408813, 0.16595163941383362, 0.7570960521697998]",-47.84922516235677
12.000000000000036,161.84852600097656,51.76929473876953,5.965680122375488,0.255523681640625,0.3452301025390625,"[0.953994631767273, 1.0, 0.22222986817359924, 0.9733560085296631]","[0.0, 0.0, 4.261057711119065e-06, 4.966666892869398e-05, -0.01592736318707466, 1.0, 0.016333334147930145, 4.261057711119065e-06, 0.0, 0.0, -0.9999986290931702, -0.016283666715025902, 0.0, 0.0]","[1.0, 1.0, 0.0, 0.6617910861968994, 1.0, 0.43517452478408813, 0.16595163941383362, 0.7570960521697998]",-48.09172146701255
12.050000000000036,161.64718627929688,51.55355453491211,5.92657995223999,0.24853515625,0.3452301025390625,"[0.9514287114143372, 1.0, 0.21439778804779053, 0.9835241436958313]","[0.0, 0.0, 4.261057711119065e-06, 4.966666892869398e-05, -0.01592736318707466, 1.0, 0.016333334147930145, 4.261057711119065e-06, 0.0, 0.0, -0.9999986290931702, -0.016283666715025902, 0.0, 0.0]","[1.0, 1.0, 0.0, 0.6617910861968994, 1.0, 0.43517452478408813, 0.16595163941383362, 0.7570960521697998]",-48.73187355721555
12.100000000000037,161.4528045654297,51.33405685424805,5.886879920959473,0.24237060546875,0.3452301025390625,"[0.9488234519958496, 1.0, 0.20626814663410187, 0.9828299283981323]","[0.0, 0.0, 4.261057711119065e-06, 4.966666892869398e-05, -0.01592736318707466, 1.0, 0.016333334147930145, 4.261057711119065e-06, 0.0, 0.0, -0.9999986290931702, -0.016283666715025902, 0.0, 0.0]","[1.0, 1.0, 0.0, 0.6617910861968994, 1.0, 0.43517452478408813, 0.16595163941383362, 0.7570960521697998]",-48.87861379816935
12.150000000000038,161.26539611816406,51.11104202270508,5.848010063171387,0.2408447265625,0.3452301025390625,"[0.946272611618042, 1.0, 0.20833714306354523, 0.9888267517089844]","[0.0, 0.0, 4.261057711119065e-06, 4.966666892869398e-05, -0.01592736318707466, 1.0, 0.016333334147930145, 4.261057711119065e-06, 0.0, 0.0, -0.9999986290931702, -0.016283666715025902, 0.0, 0.0]","[1.0, 1.0, 0.0, 0.6617910861968994, 1.0, 0.43517452478408813, 0.16595163941383362, 0.7570960521697998]",-48.964865128746304
12.200000000000038,161.08424377441406,50.88550567626953,5.790719985961914,0.241119384765625,0.3452301025390625,"[0.9425129890441895, 1.0, 0.19625361263751984, 0.9523535966873169]","[0.0, 0.0, 4.261057711119065e-06, 4.966666892869398e-05, -0.01592736318707466, 1.0, 0.016333334147930145, 4.261057711119065e-06, 0.0, 0.0, -0.9999986290931702, -0.016283666715025902, 0.0, 0.0]","[1.0, 1.0, 0.0, 0.6617910861968994, 1.0, 0.43517452478408813, 0.16595163941383362, 0.7570960521697998]",-49.00853739988956
12.250000000000039,160.9117889404297,50.6571044921875,5.731100082397461,0.243011474609375,0.3452301025390625,"[0.9386004209518433, 1.0, 0.2198927402496338, 0.9679587483406067]","[0.0, 0.0, 4.261057711119065e-06, 4.966666892869398e-05, -0.01592736318707466, 1.0, 0.016333334147930145, 4.261057711119065e-06, 0.0, 0.0, -0.9999986290931702, -0.016283666715025902, 0.0, 0.0]","[1.0, 1.0, 0.0, 0.6617910861968994, 1.0, 0.43517452478408813, 0.16595163941383362, 0.7570960521697998]",-49.235144951325516
12.30000000000004,160.74623107910156,50.42680740356445,5.687099933624268,0.245147705078125,0.3452301025390625,"[0.9357129335403442, 1.0, 0.2212246060371399, 0.9705198407173157]","[0.0, 0.0, 4.261057711119065e-06, 4.966666892869398e-05, -0.01592736318707466, 1.0, 0.016333334147930145, 4.261057711119065e-06, 0.0, 0.0, -0.9999986290931702, -0.016283666715025902, 0.0, 0.0]","[1.0, 1.0, 0.0, 0.6617910861968994, 1.0, 0.43517452478408813, 0.16595163941383362, 0.7570960521697998]",-49.19125552214077
12.35000000000004,160.58827209472656,50.19403076171875,5.644790172576904,0.245330810546875,0.3452301025390625,"[0.932936429977417, 1.0, 0.2169995754957199, 0.9860537648200989]","[0.0, 0.0, 4.261057711119065e-06, 4.966666892869398e-05, -0.01592736318707466, 1.0, 0.016333334147930145, 4.261057711119065e-06, 0.0, 0.0, -0.9999986290931702, -0.016283666715025902, 0.0, 0.0]","[1.0, 1.0, 0.0, 0.6617910861968994, 1.0, 0.43517452478408813, 0.16595163941383362, 0.7570960521697998]",-49.12383288480578
12.400000000000041,160.4361114501953,49.96065139770508,5.671070098876953,0.242950439453125,0.3452301025390625,"[0.9346610307693481, 1.0, 0.20508508384227753, 0.8519889712333679]","[0.0, 0.0, 4.261057711119065e-06, 4.966666892869398e-05, -0.01592736318707466, 1.0, 0.016333334147930145, 4.261057711119065e-06, 0.0, 0.0, -0.9999986290931702, -0.016283666715025902, 0.0, 0.0]","[1.0, 1.0, 0.0, 0.6617910861968994, 1.0, 0.43517452478408813, 0.16595163941383362, 0.7570960521697998]",-49.03781832798456
12.450000000000042,160.2899627685547,49.727806091308594,5.56781005859375,0.238037109375,0.3452301025390625,"[0.9278846383094788, 1.0, 0.27933642268180847, 0.8047808408737183]","[0.0, 0.0, 4.261057711119065e-06, 4.966666892869398e-05, -0.01592736318707466, 1.0, 0.016333334147930145, 4.261057711119065e-06, 0.0, 0.0, -0.9999986290931702, -0.016283666715025902, 0.0, 0.0]","[1.0, 1.0, 0.0, 0.6617910861968994, 1.0, 0.43517452478408813, 0.16595163941383362, 0.7570960521697998]",-49.059236827044096
12.500000000000043,160.15382385253906,49.48648452758789,5.667990207672119,0.231964111328125,0.3452301025390625,"[0.93445885181427, 1.0, 0.19742275774478912, 0.7135589122772217]","[0.0, 0.0, 4.261057711119065e-06, 4.966666892869398e-05, -0.01592736318707466, 1.0, 0.016333334147930145, 4.261057711119065e-06, 0.0, 0.0, -0.9999986290931702, -0.016283666715025902, 0.0, 0.0]","[1.0, 1.0, 0.0, 0.6617910861968994, 1.0, 0.43517452478408813, 0.16595163941383362, 0.7570960521697998]",-48.9351226608236
12.550000000000043,160.02340698242188,49.24330139160156,5.52977991104126,0.225616455078125,0.3452301025390625,"[0.9253889322280884, 1.0, 0.17899885773658752, 0.6898143887519836]","[0.0, 0.0, 4.261057711119065e-06, 4.966666892869398e-05, -0.01592736318707466, 1.0, 0.016333334147930145, 4.261057711119065e-06, 0.0, 0.0, -0.9999986290931702, -0.016283666715025902, 0.0, 0.0]","[1.0, 1.0, 0.0, 0.6617910861968994, 1.0, 0.43517452478408813, 0.16595163941383362, 0.7570960521697998]",-48.808485041851284
12.600000000000044,159.89761352539062,48.995853424072266,5.641729831695557,0.2203369140625,0.3452301025390625,"[0.9327355623245239, 1.0, 0.19364888966083527, 0.6829832792282104]","[0.0, 0.0, 4.261057711119065e-06, 4.966666892869398e-05, -0.01592736318707466, 1.0, 0.016333334147930145, 4.261057711119065e-06, 0.0, 0.0, -0.9999986290931702, -0.016283666715025902, 0.0, 0.0]","[1.0, 1.0, 0.0, 0.6617910861968994, 1.0, 0.43517452478408813, 0.16595163941383362, 0.7570960521697998]",-48.67598923482373
12.650000000000045,159.7771453857422,48.74686813354492,5.501729965209961,0.216644287109375,0.3452301025390625,"[0.92354816198349, 1.0, 0.18717168271541595, 0.6768918633460999]","[0.0, 0.0, 4.261057711119065e-06, 4.966666892869398e-05, -0.01592736318707466, 1.0, 0.016333334147930145, 4.261057711119065e-06, 0.0, 0.0, -0.9999986290931702, -0.016283666715025902, 0.0, 0.0]","[1.0, 1.0, 0.0, 0.6617910861968994, 1.0, 0.43517452478408813, 0.16595163941383362, 0.7570960521697998]",-48.655766708982334
12.700000000000045,159.6615753173828,48.49392318725586,5.6345601081848145,0.2113037109375,0.3452301025390625,"[0.932265043258667, 1.0, 0.21143823862075806, 0.6625500917434692]","[0.0, 0.0, 4.261057711119065e-06, 4.966666892869398e-05, -0.01592736318707466, 1.0, 0.016333334147930145, 4.261057711119065e-06, 0.0, 0.0, -0.9999986290931702, -0.016283666715025902, 0.0, 0.0]","[1.0, 1.0, 0.0, 0.6617910861968994, 1.0, 0.43517452478408813, 0.16595163941383362, 0.7570960521697998]",-48.51282019615266
12.750000000000046,159.5514373779297,48.240169525146484,5.517380237579346,0.20263671875,0.3690338134765625,"[0.9245752096176147, 1.0, 0.17342029511928558, 0.6855443716049194]","[0.0, 0.0, 4.261057711119065e-06, 4.966666892869398e-05, -0.01592736318707466, 1.0, 0.016333334147930145, 4.261057711119065e-06, 0.0, 0.0, -0.9999986290931702, -0.016283666715025902, 0.0, 0.0]","[1.0, 1.0, 0.0, 0.6617910861968994, 1.0, 0.43517452478408813, 0.16595163941383362, 0.7570960521697998]",-48.36251790472841
12.800000000000047,159.44601440429688,47.983680725097656,5.612599849700928,0.19085693359375,0.3730010986328125,"[0.9308239221572876, 1.0, 0.1726219803094864, 0.7298239469528198]","[0.0, 0.0, 4.261057711119065e-06, 4.966666892869398e-05, -0.01592736318707466, 1.0, 0.016333334147930145, 4.261057711119065e-06, 0.0, 0.0, -0.9999986290931702, -0.016283666715025902, 0.0, 0.0]","[1.0, 1.0, 0.0, 0.6617910861968994, 1.0, 0.43517452478408813, 0.16595163941383362, 0.7570960521697998]",-48.2030896845198
12.850000000000048,159.34507751464844,47.727298736572266,5.46550989151001,0.17523193359375,0.3730010986328125,"[0.9211711883544922, 1.0, 0.17006197571754456, 0.6879506707191467]","[0.0, 0.0, 4.261057711119065e-06, 4.966666892869398e-05, -0.01592736318707466, 1.0, 0.016333334147930145, 4.261057711119065e-06, 0.0, 0.0, -0.9999986290931702, -0.016283666715025902, 0.0, 0.0]","[1.0, 1.0, 0.0, 0.6617910861968994, 1.0, 0.43517452478408813, 0.16595163941383362, 0.7570960521697998]",-48.1266152255555
12.900000000000048,159.2479248046875,47.46807861328125,5.601009845733643,0.164794921875,0.3730010986328125,"[0.9300633668899536, 1.0, 0.18475250899791718, 0.6503098011016846]","[0.0, 0.0, 4.261057711119065e-06, 4.966666892869398e-05, -0.01592736318707466, 1.0, 0.016333334147930145, 4.261057711119065e-06, 0.0, 0.0, -0.9999986290931702, -0.016283666715025902, 0.0, 0.0]","[1.0, 1.0, 0.0, 0.6617910861968994, 1.0, 0.43517452478408813, 0.16595163941383362, 0.7570960521697998]",-47.95783336738412
12.950000000000049,159.15487670898438,47.208797454833984,5.488460063934326,0.1531982421875,0.3730010986328125,"[0.9226772785186768, 1.0, 0.1437322050333023, 0.6888115406036377]","[0.0, 0.0, 4.261057711119065e-06, 4.966666892869398e-05, -0.01592736318707466, 1.0, 0.016333334147930145, 4.261057711119065e-06, 0.0, 0.0, -0.9999986290931702, -0.016283666715025902, 0.0, 0.0]","[1.0, 1.0, 0.0, 0.6617910861968994, 1.0, 0.43517452478408813, 0.16595163941383362, 0.7570960521697998]",-47.786753758220925
13.00000000000005,159.06622314453125,46.94698715209961,5.537479877471924,0.143280029296875,0.3730010986328125,"[0.9258942008018494, 1.0, 0.14218716323375702, 0.7951988577842712]","[0.0, 0.0, 4.261057711119065e-06, 4.966666892869398e-05, -0.01592736318707466, 1.0, 0.016333334147930145, 4.261057711119065e-06, 0.0, 0.0, -0.9999986290931702, -0.016283666715025902, 0.0, 0.0]","[1.0, 1.0, 0.0, 0.6617910861968994, 1.0, 0.43517452478408813, 0.16595163941383362, 0.7570960521697998]",-47.612514944265094
13.05000000000005,158.9818878173828,46.686649322509766,5.459469795227051,0.13409423828125,0.3730010986328125,"[0.9207748174667358, 1.0, 0.10025732964277267, 0.8076941967010498]","[0.0, 0.0, 4.261057711119065e-06, 4.966666892869398e-05, -0.01592736318707466, 1.0, 0.016333334147930145, 4.261057711119065e-06, 0.0, 0.0, -0.9999986290931702, -0.016283666715025902, 0.0, 0.0]","[1.0, 1.0, 0.0, 0.6617910861968994, 1.0, 0.43517452478408813, 0.16595163941383362, 0.7570960521697998]",-47.527997317228895
13.100000000000051,158.89950561523438,46.428123474121094,5.420040130615234,0.126495361328125,0.3730010986328125,"[0.9181872606277466, 1.0, 0.16393889486789703, 0.8730648756027222]","[0.0, 0.0, 4.261057711119065e-06, 4.966666892869398e-05, -0.01592736318707466, 1.0, 0.016333334147930145, 4.261057711119065e-06, 0.0, 0.0, -0.9999986290931702, -0.016283666715025902, 0.0, 0.0]","[1.0, 1.0, 0.0, 0.6617910861968994, 1.0, 0.43517452478408813, 0.16595163941383362, 0.7570960521697998]",-47.364621218006526
13.150000000000052,158.8170928955078,46.16867446899414,5.355470180511475,0.123870849609375,0.3730010986328125,"[0.9139499068260193, 1.0, 0.23642198741436005, 0.920112669467926]","[0.0, 0.0, 4.261057711119065e-06, 4.966666892869398e-05, -0.01592736318707466, 1.0, 0.016333334147930145, 4.261057711119065e-06, 0.0, 0.0, -0.9999986290931702, -0.016283666715025902, 0.0, 0.0]","[1.0, 1.0, 0.0, 0.6617910861968994, 1.0, 0.43517452478408813, 0.16595163941383362, 0.7570960521697998]",-47.201250379452304
13.200000000000053,158.74703979492188,45.91090393066406,5.291999816894531,0.1229248046875,0.3730010986328125,"[0.9097846746444702, 1.0, 0.12703868746757507, 0.8169546723365784]","[0.0, 0.0, 4.261057711119065e-06, 4.966666892869398e-05, -0.01592736318707466, 1.0, 0.016333334147930145, 4.261057711119065e-06, 0.0, 0.0, -0.9999986290931702, -0.016283666715025902, 0.0, 0.0]","[1.0, 1.0, 0.0, 0.6617910861968994, 1.0, 0.43517452478408813, 0.16595163941383362, 0.7570960521697998]",-47.03983173806825
13.250000000000053,158.68026733398438,45.65582275390625,5.2396697998046875,0.121490478515625,0.3730010986328125,"[0.9063506126403809, 1.0, 0.0828782394528389, 0.9406240582466125]","[0.0, 0.0, 4.261057711119065e-06, 4.966666892869398e-05, -0.01592736318707466, 1.0, 0.016333334147930145, 4.261057711119065e-06, 0.0, 0.0, -0.9999986290931702, -0.016283666715025902, 0.0, 0.0]","[1.0, 1.0, 0.0, 0.6617910861968994, 1.0, 0.43517452478408813, 0.16595163941383362, 0.7570960521697998]",-46.97121114592487
13.300000000000054,158.6165313720703,45.4022216796875,5.2203898429870605,0.120574951171875,0.376983642578125,"[0.9050853252410889, 1.0, 0.09986241161823273, 0.934646725654602]","[0.0, 0.0, 4.261057711119065e-06, 4.966666892869398e-05, -0.01592736318707466, 1.0, 0.016333334147930145, 4.261057711119065e-06, 0.0, 0.0, -0.9999986290931702, -0.016283666715025902, 0.0, 0.0]","[1.0, 1.0, 0.0, 0.6617910861968994, 1.0, 0.43517452478408813, 0.16595163941383362, 0.7570960521697998]",-46.822825612910236
13.350000000000055,158.5555877685547,45.149959564208984,5.17195987701416,0.120574951171875,0.380950927734375,"[0.9019071459770203, 1.0, 0.09868483990430832, 0.9463526606559753]","[0.0, 0.0, 4.261057711119065e-06, 4.966666892869398e-05, -0.01592736318707466, 1.0, 0.016333334147930145, 4.261057711119065e-06, 0.0, 0.0, -0.9999986290931702, -0.016283666715025902, 0.0, 0.0]","[1.0, 1.0, 0.0, 0.6617910861968994, 1.0, 0.43517452478408813, 0.16595163941383362, 0.7570960521697998]",-46.68097588760794
13.400000000000055,158.49783325195312,44.89822006225586,5.16556978225708,0.120635986328125,0.380950927734375,"[0.9014878273010254, 1.0, 0.10207824409008026, 0.9344077706336975]","[0.0, 0.0, 4.261057711119065e-06, 4.966666892869398e-05, -0.01592736318707466, 1.0, 0.016333334147930145, 4.261057711119065e-06, 0.0, 0.0, -0.9999986290931702, -0.016283666715025902, 0.0, 0.0]","[1.0, 1.0, 0.0, 0.6617910861968994, 1.0, 0.43517452478408813, 0.16595163941383362, 0.7570960521697998]",-46.54740078770107
13.450000000000056,158.44297790527344,44.64731979370117,5.122869968414307,0.120635986328125,0.388885498046875,"[0.8986856937408447, 1.0, 0.10109318792819977, 0.9382830858230591]","[0.0, 0.0, 4.261057711119065e-06, 4.966666892869398e-05, -0.01592736318707466, 1.0, 0.016333334147930145, 4.261057711119065e-06, 0.0, 0.0, -0.9999986290931702, -0.016283666715025902, 0.0, 0.0]","[1.0, 1.0, 0.0, 0.6617910861968994, 1.0, 0.43517452478408813, 0.16595163941383362, 0.7570960521697998]",-46.5448088241554
13.500000000000057,158.39138793945312,44.396575927734375,5.123179912567139,0.120758056640625,0.388885498046875,"[0.8987059593200684, 1.0, 0.10049319267272949, 0.9364000558853149]","[0.0, 0.0, 4.261057711119065e-06, 4.966666892869398e-05, -0.01592736318707466, 1.0, 0.016333334147930145, 4.261057711119065e-06, 0.0, 0.0, -0.9999986290931702, -0.016283666715025902, 0.0, 0.0]","[1.0, 1.0, 0.0, 0.6617910861968994, 1.0, 0.43517452478408813, 0.16595163941383362, 0.7570960521697998]",-46.444951006573355
13.550000000000058,158.34205627441406,44.14645004272461,5.0881500244140625,0.108856201171875,0.428558349609375,"[0.8964071869850159, 0.9621000289916992, 0.07955341041088104, 0.9255426526069641]","[0.0, 0.0, 4.261057711119065e-06, 4.966666892869398e-05, -0.01592736318707466, 1.0, 0.016333334147930145, 4.261057711119065e-06, 0.0, 0.0, -0.9999986290931702, -0.016283666715025902, 0.0, 0.0]","[1.0, 1.0, 0.0, 0.6617910861968994, 1.0, 0.43517452478408813, 0.16595163941383362, 0.7570960521697998]",-46.35198081943367
13.600000000000058,158.29527282714844,43.89619064331055,5.098100185394287,0.107421875,0.432525634765625,"[0.8970601558685303, 0.9553999900817871, 0.08210892230272293, 0.9330902695655823]","[0.0, 0.0, 4.261057711119065e-06, 4.966666892869398e-05, -0.01592736318707466, 1.0, 0.016333334147930145, 4.261057711119065e-06, 0.0, 0.0, -0.9999986290931702, -0.016283666715025902, 0.0, 0.0]","[1.0, 1.0, 0.0, 0.6617910861968994, 1.0, 0.43517452478408813, 0.16595163941383362, 0.7570960521697998]",-46.265508552092285
13.650000000000059,158.2505340576172,43.64611053466797,5.0737199783325195,0.099212646484375,0.440460205078125,"[0.8954602479934692, 0.9402999877929688, 0.06145327538251877, 0.9367978572845459]","[0.0, 0.0, 4.261057711119065e-06, 4.966666892869398e-05, -0.01592736318707466, 1.0, 0.016333334147930145, 4.261057711119065e-06, 0.0, 0.0, -0.9999986290931702, -0.016283666715025902, 0.0, 0.0]","[1.0, 1.0, 0.0, 0.6617910861968994, 1.0, 0.43517452478408813, 0.16595163941383362, 0.7570960521697998]",-46.37204765572751
13.70000000000006,158.20782470703125,43.39551544189453,5.09335994720459,0.0936279296875,0.444427490234375,"[0.8967490792274475, 0.9354000091552734, 0.07753503322601318, 0.9387032389640808]","[0.0, 0.0, 4.261057711119065e-06, 4.966666892869398e-05, -0.01592736318707466, 1.0, 0.016333334147930145, 4.261057711119065e-06, 0.0, 0.0, -0.9999986290931702, -0.016283666715025902, 0.0, 0.0]","[1.0, 1.0, 0.0, 0.6617910861968994, 1.0, 0.43517452478408813, 0.16595163941383362, 0.7570960521697998]",-46.324743128898014
13.75000000000006,158.1669921875,43.14466857910156,5.078289985656738,0.09161376953125,0.452362060546875,"[0.8957601189613342, 0.9214000105857849, 0.05377257615327835, 0.948081910610199]","[0.0, 0.0, 4.261057711119065e-06, 4.966666892869398e-05, -0.01592736318707466, 1.0, 0.016333334147930145, 4.261057711119065e-06, 0.0, 0.0, -0.9999986290931702, -0.016283666715025902, 0.0, 0.0]","[1.0, 1.0, 0.0, 0.6617910861968994, 1.0, 0.43517452478408813, 0.16595163941383362, 0.7570960521697998]",-46.28954287931133
13.800000000000061,158.12832641601562,42.892913818359375,5.105909824371338,0.090545654296875,0.4603118896484375,"[0.8975726366043091, 0.9101999998092651, 0.08759146183729172, 0.9377825856208801]","[0.0, 0.0, 4.261057711119065e-06, 4.966666892869398e-05, -0.01592736318707466, 1.0, 0.016333334147930145, 4.261057711119065e-06, 0.0, 0.0, -0.9999986290931702, -0.016283666715025902, 0.0, 0.0]","[1.0, 1.0, 0.0, 0.6617910861968994, 1.0, 0.43517452478408813, 0.16595163941383362, 0.7570960521697998]",-46.273849012340605
13.850000000000062,158.09140014648438,42.640525817871094,5.100090026855469,0.086517333984375,0.4603118896484375,"[0.8971907496452332, 0.9124000072479248, 0.04357406497001648, 0.9473860263824463]","[0.0, 0.0, 4.261057711119065e-06, 4.966666892869398e-05, -0.01592736318707466, 1.0, 0.016333334147930145, 4.261057711119065e-06, 0.0, 0.0, -0.9999986290931702, -0.016283666715025902, 0.0, 0.0]","[1.0, 1.0, 0.0, 0.6617910861968994, 1.0, 0.43517452478408813, 0.16595163941383362, 0.7570960521697998]",-46.50952794801237
13.900000000000063,158.05625915527344,42.386898040771484,5.135350227355957,0.0821533203125,0.4603118896484375,"[0.8995046615600586, 0.9157000184059143, 0.08605282753705978, 0.941824734210968]","[0.0, 0.0, 4.261057711119065e-06, 4.966666892869398e-05, -0.01592736318707466, 1.0, 0.016333334147930145, 4.261057711119065e-06, 0.0, 0.0, -0.9999986290931702, -0.016283666715025902, 0.0, 0.0]","[1.0, 1.0, 0.0, 0.6617910861968994, 1.0, 0.43517452478408813, 0.16595163941383362, 0.7570960521697998]",-46.53727925577691
13.950000000000063,158.02252197265625,42.13235092163086,5.13640022277832,0.076751708984375,0.4603118896484375,"[0.899573564529419, 0.9194999933242798, 0.03685538470745087, 0.9485077261924744]","[0.0, 0.0, 4.261057711119065e-06, 4.966666892869398e-05, -0.01592736318707466, 1.0, 0.016333334147930145, 4.261057711119065e-06, 0.0, 0.0, -0.9999986290931702, -0.016283666715025902, 0.0, 0.0]","[1.0, 1.0, 0.0, 0.6617910861968994, 1.0, 0.43517452478408813, 0.16595163941383362, 0.7570960521697998]",-46.573089709408336
14.000000000000064,157.99008178710938,41.87635803222656,5.176750183105469,0.069305419921875,0.4603118896484375,"[0.9022215008735657, 0.9236000180244446, 0.0846325233578682, 0.9448308348655701]","[0.0, 0.0, 4.261057711119065e-06, 4.966666892869398e-05, -0.01592736318707466, 1.0, 0.016333334147930145, 4.261057711119065e-06, 0.0, 0.0, -0.9999986290931702, -0.016283666715025902, 0.0, 0.0]","[1.0, 1.0, 0.0, 0.6617910861968994, 1.0, 0.43517452478408813, 0.16595163941383362, 0.7570960521697998]",-46.61680737987918
14.050000000000065,157.9586639404297,41.61927795410156,5.18218994140625,0.063873291015625,0.4603118896484375,"[0.9025784730911255, 0.9280999898910522, 0.03299648314714432, 0.9503251314163208]","[0.0, 0.0, 4.261057711119065e-06, 4.966666892869398e-05, -0.01592736318707466, 1.0, 0.016333334147930145, 4.261057711119065e-06, 0.0, 0.0, -0.9999986290931702, -0.016283666715025902, 0.0, 0.0]","[1.0, 1.0, 0.0, 0.6617910861968994, 1.0, 0.43517452478408813, 0.16595163941383362, 0.7570960521697998]",-46.95508019475963
14.100000000000065,157.928466796875,41.360618591308594,5.225329875946045,0.060943603515625,0.4603118896484375,"[0.905409574508667, 0.9320999979972839, 0.08391691744327545, 0.9449881315231323]","[0.0, 0.0, 4.261057711119065e-06, 4.966666892869398e-05, -0.01592736318707466, 1.0, 0.016333334147930145, 4.261057711119065e-06, 0.0, 0.0, -0.9999986290931702, -0.016283666715025902, 0.0, 0.0]","[1.0, 1.0, 0.0, 0.6617910861968994, 1.0, 0.43517452478408813, 0.16595163941383362, 0.7570960521697998]",-47.02707203360126
14.150000000000066,157.89939880371094,41.10073471069336,5.23321008682251,0.05938720703125,0.4603118896484375,"[0.9059267044067383, 0.9368000030517578, 0.037684835493564606, 0.952946126461029]","[0.0, 0.0, 4.261057711119065e-06, 4.966666892869398e-05, -0.01592736318707466, 1.0, 0.016333334147930145, 4.261057711119065e-06, 0.0, 0.0, -0.9999986290931702, -0.016283666715025902, 0.0, 0.0]","[1.0, 1.0, 0.0, 0.6617910861968994, 1.0, 0.43517452478408813, 0.16595163941383362, 0.7570960521697998]",-47.10993083374197
14.200000000000067,157.87155151367188,40.83918762207031,5.278120040893555,0.056304931640625,0.4603118896484375,"[0.9088738560676575, 0.9413999915122986, 0.08360615372657776, 0.9475218653678894]","[0.0, 0.0, 4.261057711119065e-06, 4.966666892869398e-05, -0.01592736318707466, 1.0, 0.016333334147930145, 4.261057711119065e-06, 0.0, 0.0, -0.9999986290931702, -0.016283666715025902, 0.0, 0.0]","[1.0, 1.0, 0.0, 0.6617910861968994, 1.0, 0.43517452478408813, 0.16595163941383362, 0.7570960521697998]",-47.20311005561741
14.250000000000068,157.8446807861328,40.57636260986328,5.287919998168945,0.05303955078125,0.4642791748046875,"[0.9095169901847839, 0.9397000074386597, 0.03551604226231575, 0.9518430233001709]","[0.0, 0.0, 4.261057711119065e-06, 4.966666892869398e-05, -0.01592736318707466, 1.0, 0.016333334147930145, 4.261057711119065e-06, 0.0, 0.0, -0.9999986290931702, -0.016283666715025902, 0.0, 0.0]","[1.0, 1.0, 0.0, 0.6617910861968994, 1.0, 0.43517452478408813, 0.16595163941383362, 0.7570960521697998]",-47.63613777607656
14.300000000000068,157.81890869140625,40.31180953979492,5.334569931030273,0.050537109375,0.4642791748046875,"[0.9125783443450928, 0.9445000290870667, 0.08121494203805923, 0.9475259184837341]","[0.0, 0.0, 4.261057711119065e-06, 4.966666892869398e-05, -0.01592736318707466, 1.0, 0.016333334147930145, 4.261057711119065e-06, 0.0, 0.0, -0.9999986290931702, -0.016283666715025902, 0.0, 0.0]","[1.0, 1.0, 0.0, 0.6617910861968994, 1.0, 0.43517452478408813, 0.16595163941383362, 0.7570960521697998]",-47.75548794078368
14.350000000000069,157.7941436767578,40.0458869934082,5.346250057220459,0.049713134765625,0.4682464599609375,"[0.9133448600769043, 0.942799985408783, 0.03825802356004715, 0.9541299939155579]","[0.0, 0.0, 4.261057711119065e-06, 4.966666892869398e-05, -0.01592736318707466, 1.0, 0.016333334147930145, 4.261057711119065e-06, 0.0, 0.0, -0.9999986290931702, -0.016283666715025902, 0.0, 0.0]","[1.0, 1.0, 0.0, 0.6617910861968994, 1.0, 0.43517452478408813, 0.16595163941383362, 0.7570960521697998]",-47.88351292027478
14.40000000000007,157.77064514160156,39.77814865112305,5.394720077514648,0.050323486328125,0.4722137451171875,"[0.916525661945343, 0.9405999779701233, 0.08665626496076584, 0.9459053874015808]","[0.0, 0.0, 4.261057711119065e-06, 4.966666892869398e-05, -0.01592736318707466, 1.0, 0.016333334147930145, 4.261057711119065e-06, 0.0, 0.0, -0.9999986290931702, -0.016283666715025902, 0.0, 0.0]","[1.0, 1.0, 0.0, 0.6617910861968994, 1.0, 0.43517452478408813, 0.16595163941383362, 0.7570960521697998]",-48.01841231184448
14.45000000000007,157.74838256835938,39.50891876220703,5.408820152282715,0.05145263671875,0.4722137451171875,"[0.917451024055481, 0.9462000131607056, 0.04523340240120888, 0.9551536440849304]","[0.0, 0.0, 4.261057711119065e-06, 4.966666892869398e-05, -0.01592736318707466, 1.0, 0.016333334147930145, 4.261057711119065e-06, 0.0, 0.0, -0.9999986290931702, -0.016283666715025902, 0.0, 0.0]","[1.0, 1.0, 0.0, 0.6617910861968994, 1.0, 0.43517452478408813, 0.16595163941383362, 0.7570960521697998]",-48.52538305582358
14.500000000000071,157.72756958007812,39.23776626586914,5.459249973297119,0.0523681640625,0.4722137451171875,"[0.9207603931427002, 0.9514999985694885, 0.09226373583078384, 0.9463729858398438]","[0.0, 0.0, 4.261057711119065e-06, 4.966666892869398e-05, -0.01592736318707466, 1.0, 0.016333334147930145, 4.261057711119065e-06, 0.0, 0.0, -0.9999986290931702, -0.016283666715025902, 0.0, 0.0]","[1.0, 1.0, 0.0, 0.6617910861968994, 1.0, 0.43517452478408813, 0.16595163941383362, 0.7570960521697998]",-48.678422239296125
14.550000000000072,157.7080535888672,38.96503829956055,5.475200176239014,0.052520751953125,0.4722137451171875,"[0.9218071699142456, 0.9575999975204468, 0.04809318482875824, 0.9537987112998962]","[0.0, 0.0, 4.261057711119065e-06, 4.966666892869398e-05, -0.01592736318707466, 1.0, 0.016333334147930145, 4.261057711119065e-06, 0.0, 0.0, -0.9999986290931702, -0.016283666715025902, 0.0, 0.0]","[1.0, 1.0, 0.0, 0.6617910861968994, 1.0, 0.43517452478408813, 0.16595163941383362, 0.7570960521697998]",-48.837652238276426
14.600000000000072,157.6899871826172,38.69032287597656,5.526869773864746,0.052520751953125,0.4722137451171875,"[0.925197958946228, 0.9631999731063843, 0.09349934011697769, 0.9474652409553528]","[0.0, 0.0, 4.261057711119065e-06, 4.966666892869398e-05, -0.01592736318707466, 1.0, 0.016333334147930145, 4.261057711119065e-06, 0.0, 0.0, -0.9999986290931702, -0.016283666715025902, 0.0, 0.0]","[1.0, 1.0, 0.0, 0.6617910861968994, 1.0, 0.43517452478408813, 0.16595163941383362, 0.7570960521697998]",-49.002935329295404
14.650000000000073,157.67323303222656,38.41399002075195,5.544139862060547,0.05218505859375,0.4761810302734375,"[0.9263312816619873, 0.9623000025749207, 0.04922021925449371, 0.9535447359085083]","[0.0, 0.0, 4.261057711119065e-06, 4.966666892869398e-05, -0.01592736318707466, 1.0, 0.016333334147930145, 4.261057711119065e-06, 0.0, 0.0, -0.9999986290931702, -0.016283666715025902, 0.0, 0.0]","[1.0, 1.0, 0.0, 0.6617910861968994, 1.0, 0.43517452478408813, 0.16595163941383362, 0.7570960521697998]",-49.38559847940301
14.700000000000074,157.6577606201172,38.1356201171875,5.597630023956299,0.048797607421875,0.4841156005859375,"[0.9298415184020996, 0.9537000060081482, 0.08946417272090912, 0.9487360715866089]","[0.0, 0.0, 4.261057711119065e-06, 4.966666892869398e-05, -0.01592736318707466, 1.0, 0.016333334147930145, 4.261057711119065e-06, 0.0, 0.0, -0.9999986290931702, -0.016283666715025902, 0.0, 0.0]","[1.0, 1.0, 0.0, 0.6617910861968994, 1.0, 0.43517452478408813, 0.16595163941383362, 0.7570960521697998]",-49.44569342468467
14.750000000000075,157.6432342529297,37.85552215576172,5.618229866027832,0.045074462890625,0.4920501708984375,"[0.9311933517456055, 0.945900022983551, 0.0442487895488739, 0.9531989693641663]","[0.0, 0.0, 4.261057711119065e-06, 4.966666892869398e-05, -0.01592736318707466, 1.0, 0.016333334147930145, 4.261057711119065e-06, 0.0, 0.0, -0.9999986290931702, -0.016283666715025902, 0.0, 0.0]","[1.0, 1.0, 0.0, 0.6617910861968994, 1.0, 0.43517452478408813, 0.16595163941383362, 0.7570960521697998]",-49.510801741512495
14.800000000000075,157.62962341308594,37.57320785522461,5.675990104675293,0.03997802734375,0.5,"[0.9349838495254517, 0.9373000264167786, 0.08301230520009995, 0.946815550327301]","[0.0, 0.0, 4.261057711119065e-06, 4.966666892869398e-05, -0.01592736318707466, 1.0, 0.016333334147930145, 4.261057711119065e-06, 0.0, 0.0, -0.9999986290931702, -0.016283666715025902, 0.0, 0.0]","[1.0, 1.0, 0.0, 0.6617910861968994, 1.0, 0.43517452478408813, 0.16595163941383362, 0.7570960521697998]",-49.59104553220836
14.850000000000076,157.61656188964844,37.2889404296875,5.701789855957031,0.033905029296875,0.5,"[0.9366769790649414, 0.9448999762535095, 0.03869933634996414, 0.9531407356262207]","[0.0, 0.0, 4.261057711119065e-06, 4.966666892869398e-05, -0.01592736318707466, 1.0, 0.016333334147930145, 4.261057711119065e-06, 0.0, 0.0, -0.9999986290931702, -0.016283666715025902, 0.0, 0.0]","[1.0, 1.0, 0.0, 0.6617910861968994, 1.0, 0.43517452478408813, 0.16595163941383362, 0.7570960521697998]",-50.03489213736243
14.900000000000077,157.60386657714844,37.00225830078125,5.763740062713623,0.02667236328125,0.5,"[0.9407424330711365, 0.95169997215271, 0.07160306721925735, 0.9469804763793945]","[0.0, 0.0, 4.261057711119065e-06, 4.966666892869398e-05, -0.01592736318707466, 1.0, 0.016333334147930145, 4.261057711119065e-06, 0.0, 0.0, -0.9999986290931702, -0.016283666715025902, 0.0, 0.0]","[1.0, 1.0, 0.0, 0.6617910861968994, 1.0, 0.43517452478408813, 0.16595163941383362, 0.7570960521697998]",-50.16442786660084
14.950000000000077,157.59169006347656,36.713443756103516,5.792840003967285,0.022430419921875,0.5,"[0.9426521062850952, 0.9595999717712402, 0.041534505784511566, 0.9561426639556885]","[0.0, 0.0, 4.261057711119065e-06, 4.966666892869398e-05, -0.01592736318707466, 1.0, 0.016333334147930145, 4.261057711119065e-06, 0.0, 0.0, -0.9999986290931702, -0.016283666715025902, 0.0, 0.0]","[1.0, 1.0, 0.0, 0.6617910861968994, 1.0, 0.43517452478408813, 0.16595163941383362, 0.7570960521697998]",-50.29290271566992
15.000000000000078,157.57958984375,36.42210388183594,5.856910228729248,0.016571044921875,0.5,"[0.946856677532196, 0.9668999910354614, 0.06285098940134048, 0.946537971496582]","[0.0, 0.0, 4.261057711119065e-06, 4.966666892869398e-05, -0.01592736318707466, 1.0, 0.016333334147930145, 4.261057711119065e-06, 0.0, 0.0, -0.9999986290931702, -0.016283666715025902, 0.0, 0.0]","[1.0, 1.0, 0.0, 0.6617910861968994, 1.0, 0.43517452478408813, 0.16595163941383362, 0.7570960521697998]",-50.440071144215004
15.050000000000079,157.56735229492188,36.128562927246094,5.887919902801514,0.0115966796875,0.5,"[0.9488916397094727, 0.9751999974250793, 0.036239560693502426, 0.9543148875236511]","[0.0, 0.0, 4.261057711119065e-06, 4.966666892869398e-05, -0.01592736318707466, 1.0, 0.016333334147930145, 4.261057711119065e-06, 0.0, 0.0, -0.9999986290931702, -0.016283666715025902, 0.0, 0.0]","[1.0, 1.0, 0.0, 0.6617910861968994, 1.0, 0.43517452478408813, 0.16595163941383362, 0.7570960521697998]",-51.08502702855457
15.10000000000008,157.55503845214844,35.83243942260742,5.952899932861328,0.008636474609375,0.5,"[0.9531559348106384, 0.982699990272522, 0.061032526195049286, 0.94948810338974]","[0.0, 0.0, 4.261057711119065e-06, 4.966666892869398e-05, -0.01592736318707466, 1.0, 0.016333334147930145, 4.261057711119065e-06, 0.0, 0.0, -0.9999986290931702, -0.016283666715025902, 0.0, 0.0]","[1.0, 1.0, 0.0, 0.6617910861968994, 1.0, 0.43517452478408813, 0.16595163941383362, 0.7570960521697998]",-51.30948620608833
15.15000000000008,157.54278564453125,35.53407287597656,5.984729766845703,0.008056640625,0.5,"[0.955244779586792, 0.9911999702453613, 0.031232528388500214, 0.955703616142273]","[0.0, 0.0, 4.261057711119065e-06, 4.966666892869398e-05, -0.01592736318707466, 1.0, 0.016333334147930145, 4.261057711119065e-06, 0.0, 0.0, -0.9999986290931702, -0.016283666715025902, 0.0, 0.0]","[1.0, 1.0, 0.0, 0.6617910861968994, 1.0, 0.43517452478408813, 0.16595163941383362, 0.7570960521697998]",-51.54066829661806
15.200000000000081,157.53067016601562,35.233097076416016,6.05003023147583,0.00836181640625,0.5,"[0.9595300555229187, 0.9986000061035156, 0.06503648310899734, 0.9511085748672485]","[0.0, 0.0, 4.261057711119065e-06, 4.966666892869398e-05, -0.01592736318707466, 1.0, 0.016333334147930145, 4.261057711119065e-06, 0.0, 0.0, -0.9999986290931702, -0.016283666715025902, 0.0, 0.0]","[1.0, 1.0, 0.0, 0.6617910861968994, 1.0, 0.43517452478408813, 0.16595163941383362, 0.7570960521697998]",-51.77925086892613
15.250000000000082,157.51869201660156,34.92985534667969,6.082129955291748,0.008056640625,0.5,"[0.9616366028785706, 1.0, 0.03369450569152832, 0.9560893177986145]","[0.0, 0.0, 4.261057711119065e-06, 4.966666892869398e-05, -0.01592736318707466, 1.0, 0.016333334147930145, 4.261057711119065e-06, 0.0, 0.0, -0.9999986290931702, -0.016283666715025902, 0.0, 0.0]","[1.0, 1.0, 0.0, 0.6617910861968994, 1.0, 0.43517452478408813, 0.16595163941383362, 0.7570960521697998]",-52.480981315485074
15.300000000000082,157.5069122314453,34.624000549316406,6.147369861602783,0.008026123046875,0.5,"[0.9659179449081421, 1.0, 0.06541098654270172, 0.9517770409584045]","[0.0, 0.0, 4.261057711119065e-06, 4.966666892869398e-05, -0.01592736318707466, 1.0, 0.016333334147930145, 4.261057711119065e-06, 0.0, 0.0, -0.9999986290931702, -0.016283666715025902, 0.0, 0.0]","[1.0, 1.0, 0.0, 0.6617910861968994, 1.0, 0.43517452478408813, 0.16595163941383362, 0.7570960521697998]",-52.737355008125
15.350000000000083,157.495361328125,34.315879821777344,6.1793999671936035,0.008941650390625,0.5,"[0.9680198431015015, 1.0, 0.03609098866581917, 0.956283688545227]","[0.0, 0.0, 4.261057711119065e-06, 4.966666892869398e-05, -0.01592736318707466, 1.0, 0.016333334147930145, 4.261057711119065e-06, 0.0, 0.0, -0.9999986290931702, -0.016283666715025902, 0.0, 0.0]","[1.0, 1.0, 0.0, 0.6617910861968994, 1.0, 0.43517452478408813, 0.16595163941383362, 0.7570960521697998]",-53.002271537997856
15.400000000000084,157.48423767089844,34.005149841308594,6.244289875030518,0.011016845703125,0.5,"[0.9722782373428345, 1.0, 0.07089890539646149, 0.9511405825614929]","[0.0, 0.0, 4.261057711119065e-06, 4.966666892869398e-05, -0.01592736318707466, 1.0, 0.016333334147930145, 4.261057711119065e-06, 0.0, 0.0, -0.9999986290931702, -0.016283666715025902, 0.0, 0.0]","[1.0, 1.0, 0.0, 0.6617910861968994, 1.0, 0.43517452478408813, 0.16595163941383362, 0.7570960521697998]",-53.27507989084884
15.450000000000085,157.4735565185547,33.69216537475586,6.276020050048828,0.012847900390625,0.5,"[0.9743605256080627, 1.0, 0.04106241837143898, 0.9559686183929443]","[0.0, 0.0, 4.261057711119065e-06, 4.966666892869398e-05, -0.01592736318707466, 1.0, 0.016333334147930145, 4.261057711119065e-06, 0.0, 0.0, -0.9999986290931702, -0.016283666715025902, 0.0, 0.0]","[1.0, 1.0, 0.0, 0.6617910861968994, 1.0, 0.43517452478408813, 0.16595163941383362, 0.7570960521697998]",-54.047068047850416
15.500000000000085,157.46334838867188,33.3765869140625,6.340439796447754,0.013458251953125,0.5,"[0.9785880446434021, 1.0, 0.07281801849603653, 0.9519349336624146]","[0.0, 0.0, 4.261057711119065e-06, 4.966666892869398e-05, -0.01592736318707466, 1.0, 0.016333334147930145, 4.261057711119065e-06, 0.0, 0.0, -0.9999986290931702, -0.016283666715025902, 0.0, 0.0]","[1.0, 1.0, 0.0, 0.6617910861968994, 1.0, 0.43517452478408813, 0.16595163941383362, 0.7570960521697998]",-54.34356236945621
15.550000000000086,157.45359802246094,33.05877685546875,6.371809959411621,0.01220703125,0.5,"[0.9806467294692993, 1.0, 0.039814941585063934, 0.9563922882080078]","[0.0, 0.0, 4.261057711119065e-06, 4.966666892869398e-05, -0.01592736318707466, 1.0, 0.016333334147930145, 4.261057711119065e-06, 0.0, 0.0, -0.9999986290931702, -0.016283666715025902, 0.0, 0.0]","[1.0, 1.0, 0.0, 0.6617910861968994, 1.0, 0.43517452478408813, 0.16595163941383362, 0.7570960521697998]",-54.64746505649621
15.600000000000087,157.44406127929688,32.738399505615234,6.435969829559326,0.0098876953125,0.50390625,"[0.9848571419715881, 1.0, 0.06485890597105026, 0.9516738653182983]","[0.0, 0.0, 4.261057711119065e-06, 4.966666892869398e-05, -0.01592736318707466, 1.0, 0.016333334147930145, 4.261057711119065e-06, 0.0, 0.0, -0.9999986290931702, -0.016283666715025902, 0.0, 0.0]","[1.0, 1.0, 0.0, 0.6617910861968994, 1.0, 0.43517452478408813, 0.16595163941383362, 0.7570960521697998]",-54.95830767126663
15.650000000000087,157.43455505371094,32.41579055786133,6.467870235443115,0.007080078125,0.5078125,"[0.9869506359100342, 1.0, 0.03104790672659874, 0.956164538860321]","[0.0, 0.0, 4.261057711119065e-06, 4.966666892869398e-05, -0.01592736318707466, 1.0, 0.016333334147930145, 4.261057711119065e-06, 0.0, 0.0, -0.9999986290931702, -0.016283666715025902, 0.0, 0.0]","[1.0, 1.0, 0.0, 0.6617910861968994, 1.0, 0.43517452478408813, 0.16595163941383362, 0.7570960521697998]",-55.79505188475063
15.700000000000088,157.4250030517578,32.0905647277832,6.533440113067627,0.004150390625,0.515625,"[0.9912536144256592, 1.0, 0.06039867922663689, 0.9502952098846436]","[0.0, 0.0, 4.261057711119065e-06, 4.966666892869398e-05, -0.01592736318707466, 1.0, 0.016333334147930145, 4.261057711119065e-06, 0.0, 0.0, -0.9999986290931702, -0.016283666715025902, 0.0, 0.0]","[1.0, 1.0, 0.0, 0.6617910861968994, 1.0, 0.43517452478408813, 0.16595163941383362, 0.7570960521697998]",-56.062818592555104
15.750000000000089,157.41529846191406,31.76299476623535,6.568769931793213,0.00152587890625,0.53125,"[0.9935721158981323, 1.0, 0.035579342395067215, 0.9582929015159607]","[0.0, 0.0, 4.261057711119065e-06, 4.966666892869398e-05, -0.01592736318707466, 1.0, 0.016333334147930145, 4.261057711119065e-06, 0.0, 0.0, -0.9999986290931702, -0.016283666715025902, 0.0, 0.0]","[1.0, 1.0, 0.0, 0.6617910861968994, 1.0, 0.43517452478408813, 0.16595163941383362, 0.7570960521697998]",-56.226321352863984
15.80000000000009,157.40541076660156,31.432558059692383,6.640170097351074,0.0,0.54296875,"[0.9982576966285706, 1.0, 0.06622153520584106, 0.946895182132721]","[0.0, 0.0, 4.261057711119065e-06, 4.966666892869398e-05, -0.01592736318707466, 1.0, 0.016333334147930145, 4.261057711119065e-06, 0.0, 0.0, -0.9999986290931702, -0.016283666715025902, 0.0, 0.0]","[1.0, 1.0, 0.0, 0.6617910861968994, 1.0, 0.43517452478408813, 0.16595163941383362, 0.7570960521697998]",-56.42661564612168
15.85000000000009,157.39537048339844,31.099401473999023,6.683300018310547,-0.000640869140625,0.54296875,"[0.99891197681427, 1.0, 0.04024835303425789, 0.9602504968643188]","[0.0, 0.0, 4.261057711119065e-06, 4.966666892869398e-05, -0.01592736318707466, 1.0, 0.016333334147930145, 4.261057711119065e-06, 0.0, 0.0, -0.9999986290931702, -0.016283666715025902, 0.0, 0.0]","[1.0, 1.0, 0.0, 0.6617910861968994, 1.0, 0.43517452478408813, 0.16595163941383362, 0.7570960521697998]",-56.65904082421797
