sim_time,x,y,speed,steer,throttle,style_scores,alert_state,alert_raw,alert_score
0.05,104.59001922607422,191.77003479003906,0.9800000190734863,-0.00079345703125,0.20000000298023224,"[0.6268119812011719, 0.0, 0.0, 0.9659090638160706]","[0.0, 0.0, -3.1957933970261365e-06, 0.00011933333735214546, -0.04418389871716499, 1.0, 0.016333334147930145, -3.1957933970261365e-06, 0.0, 0.0, 1.0172526572205243e-06, -0.016214000061154366, 0.0, 0.0]","[0.0, 0.0, 1.0, 1.9668687582015991, 0.0, 0.16212035715579987, 0.4335663914680481, 0.7187001705169678]",1.0
0.1,104.59001922607422,191.77003479003906,1.4700000286102295,-0.00079345703125,0.20000000298023224,"[0.6589679718017578, 0.3716000020503998, 0.0, 0.9431456923484802]","[0.0, 0.0, -3.1957933970261365e-06, 0.00011933333735214546, -0.04418389871716499, 1.0, 0.016333334147930145, -3.1957933970261365e-06, 0.0, 0.0, 1.0172526572205243e-06, -0.016214000061154366, 0.0, 0.0]","[0.0, 0.0, 1.0, 1.9668687582015991, 0.0, 0.16212035715579987, 0.4335663914680481, 0.7187001705169678]",1.0
0.15000000000000002,104.59001922607422,191.77003479003906,1.7187600135803223,-0.00079345703125,0.20000000298023224,"[0.6752927303314209, 0.4456000030040741, 0.0, 0.7467684745788574]","[0.0, 0.0, -3.1957933970261365e-06, 0.00011933333735214546, -0.04418389871716499, 1.0, 0.016333334147930145, -3.1957933970261365e-06, 0.0, 0.0, 1.0172526572205243e-06, -0.016214000061154366, 0.0, 0.0]","[0.0, 0.0, 1.0, 1.9668687582015991, 0.0, 0.16212035715579987, 0.4335663914680481, 0.7187001705169678]",1.0
0.2,104.59001922607422,191.77003479003906,0.9489799737930298,-0.00079345703125,0.20000000298023224,"[0.624776303768158, 0.2328999936580658, 0.0, 0.5113636255264282]","[0.0, 0.0, -3.1957933970261365e-06, 0.00011933333735214546, -0.04418389871716499, 1.0, 0.016333334147930145, -3.1957933970261365e-06, 0.0, 0.0, 1.0172526572205243e-06, -0.016214000061154366, 0.0, 0.0]","[0.0, 0.0, 1.0, 1.9668687582015991, 0.0, 0.16212035715579987, 0.4335663914680481, 0.7187001705169678]",1.0
0.25,104.59001922607422,191.77003479003906,0.48186999559402466,-0.00079345703125,0.20000000298023224,"[0.5941224694252014, 0.12210000306367874, 0.0, 0.6907535195350647]","[0.0, 0.0, -3.1957933970261365e-06, 0.00011933333735214546, -0.04418389871716499, 1.0, 0.016333334147930145, -3.1957933970261365e-06, 0.0, 0.0, 1.0172526572205243e-06, -0.016214000061154366, 0.0, 0.0]","[0.0, 0.0, 1.0, 1.9668687582015991, 0.0, 0.16212035715579987, 0.4335663914680481, 0.7187001705169678]",0.9770132939141812
0.3,104.59001922607422,191.77003479003906,0.20643000304698944,-0.00079345703125,0.20000000298023224,"[0.5760468244552612, 0.05339999869465828, 8.791208188085875e-07, 0.791659951210022]","[0.0, 0.0, -3.1957933970261365e-06, 0.00011933333735214546, -0.04418389871716499, 1.0, 0.016333334147930145, -3.1957933970261365e-06, 0.0, 0.0, 1.0172526572205243e-06, -0.016214000061154366, 0.0, 0.0]","[0.0, 0.0, 1.0, 1.9668687582015991, 0.0, 0.16212035715579987, 0.4335663914680481, 0.7187001705169678]",0.8851177756759249
0.35,104.59001922607422,191.77003479003906,0.05063999816775322,-0.00079345703125,0.20000000298023224,"[0.5658231973648071, 0.013299999758601189, 4.3956040940429375e-07, 0.8699873685836792]","[0.0, 0.0, -3.1957933970261365e-06, 0.00011933333735214546, -0.04418389871716499, 1.0, 0.016333334147930145, -3.1957933970261365e-06, 0.0, 0.0, 1.0172526572205243e-06, -0.016214000061154366, 0.0, 0.0]","[0.0, 0.0, 1.0, 1.9668687582015991, 0.0, 0.16212035715579987, 0.4335663914680481, 0.7187001705169678]",0.7816286995504829
0.39999999999999997,104.59001922607422,191.77003479003906,0.0318400003015995,-0.00079345703125,0.20000000298023224,"[0.5645895004272461, 0.00839999970048666, 4.3956040940429375e-07, 0.9307903051376343]","[0.0, 0.0, -3.1957933970261365e-06, 0.00011933333735214546, -0.04418389871716499, 1.0, 0.016333334147930145, -3.1957933970261365e-06, 0.0, 0.0, 1.0172526572205243e-06, -0.016214000061154366, 0.0, 0.0]","[0.0, 0.0, 1.0, 1.9668687582015991, 0.0, 0.16212035715579987, 0.4335663914680481, 0.7187001705169678]",0.45450445773535897
0.44999999999999996,104.59001922607422,191.77003479003906,0.07050999999046326,-0.00079345703125,0.20000000298023224,"[0.5671272277832031, 0.018699999898672104, 4.3956040940429375e-07, 0.9548987746238708]","[0.0, 0.0, -3.1957933970261365e-06, 0.00011933333735214546, -0.04418389871716499, 1.0, 0.016333334147930145, -3.1957933970261365e-06, 0.0, 0.0, 1.0172526572205243e-06, -0.016214000061154366, 0.0, 0.0]","[0.0, 0.0, 1.0, 1.9668687582015991, 0.0, 0.16212035715579987, 0.4335663914680481, 0.7187001705169678]",0.2374444392339614
0.49999999999999994,104.59001922607422,191.77003479003906,0.0839100033044815,-0.00079345703125,0.5078125,"[0.5680065155029297, 0.013700000010430813, 0.0, 0.9524648785591125]","[0.0, 0.0, -3.1957933970261365e-06, 0.00011933333735214546, -0.04418389871716499, 1.0, 0.016333334147930145, -3.1957933970261365e-06, 0.0, 0.0, 1.0172526572205243e-06, -0.016214000061154366, 0.0, 0.0]","[0.0, 0.0, 1.0, 1.9668687582015991, 0.0, 0.16212035715579987, 0.4335663914680481, 0.7187001705169678]",-0.0012230350141197999
0.5499999999999999,104.59001922607422,191.77003479003906,0.08347000181674957,-0.00079345703125,0.8984375,"[0.5679776668548584, 0.00279999990016222, 4.3956040940429375e-07, 0.9646458029747009]","[0.0, 0.0, -3.1957933970261365e-06, 0.00011933333735214546, -0.04418389871716499, 1.0, 0.016333334147930145, -3.1957933970261365e-06, 0.0, 0.0, 1.0172526572205243e-06, -0.016214000061154366, 0.0, 0.0]","[0.0, 0.0, 1.0, 1.9668687582015991, 0.0, 0.16212035715579987, 0.4335663914680481, 0.7187001705169678]",-0.251803179839275
0.6,104.59001922607422,191.77003479003906,0.07614000141620636,-0.00079345703125,1.0,"[0.567496657371521, 0.0, 0.0, 0.9927284121513367]","[0.0, 0.0, -3.1957933970261365e-06, 0.00011933333735214546, -0.04418389871716499, 1.0, 0.016333334147930145, -3.1957933970261365e-06, 0.0, 0.0, 1.0172526572205243e-06, -0.016214000061154366, 0.0, 0.0]","[0.0, 0.0, 1.0, 1.9668687582015991, 0.0, 0.16212035715579987, 0.4335663914680481, 0.7187001705169678]",-0.5087692522550831
0.65,104.59001922607422,191.77003479003906,0.06597000360488892,-0.00079345703125,1.0,"[0.5668292045593262, 0.0, 4.3956040940429375e-07, 0.9960333108901978]","[0.0, 0.0, -3.1957933970261365e-06, 0.00011933333735214546, -0.04418389871716499, 1.0, 0.016333334147930145, -3.1957933970261365e-06, 0.0, 0.0, 1.0172526572205243e-06, -0.016214000061154366, 0.0, 0.0]","[0.0, 0.0, 1.0, 1.9668687582015991, 0.0, 0.16212035715579987, 0.4335663914680481, 0.7187001705169678]",-1.0673821328464528
0.7000000000000001,104.59001922607422,191.77003479003906,0.05525000020861626,-0.00079345703125,1.0,"[0.566125750541687, 0.0, 4.3956040940429375e-07, 0.9980322122573853]","[0.0, 0.0, -3.1957933970261365e-06, 0.00011933333735214546, -0.04418389871716499, 1.0, 0.016333334147930145, -3.1957933970261365e-06, 0.0, 0.0, 1.0172526572205243e-06, -0.016214000061154366, 0.0, 0.0]","[0.0, 0.0, 1.0, 1.9668687582015991, 0.0, 0.16212035715579987, 0.4335663914680481, 0.7187001705169678]",-1.3564994172849953
0.7500000000000001,104.59001922607422,191.77003479003906,0.045159999281167984,-0.00079345703125,1.0,"[0.5654635429382324, 0.0, 4.3956040940429375e-07, 0.9980457425117493]","[0.0, 0.0, -3.1957933970261365e-06, 0.00011933333735214546, -0.04418389871716499, 1.0, 0.016333334147930145, -3.1957933970261365e-06, 0.0, 0.0, 1.0172526572205243e-06, -0.016214000061154366, 0.0, 0.0]","[0.0, 0.0, 1.0, 1.9668687582015991, 0.0, 0.16212035715579987, 0.4335663914680481, 0.7187001705169678]",-1.6520875678047617
0.8000000000000002,104.59001922607422,191.77003479003906,0.036249998956918716,-0.00079345703125,1.0,"[0.5648789405822754, 0.0, 0.0, 0.997715175151825]","[0.0, 0.0, -3.1957933970261365e-06, 0.00011933333735214546, -0.04418389871716499, 1.0, 0.016333334147930145, -3.1957933970261365e-06, 0.0, 0.0, 1.0172526572205243e-06, -0.016214000061154366, 0.0, 0.0]","[0.0, 0.0, 1.0, 1.9668687582015991, 0.0, 0.16212035715579987, 0.4335663914680481, 0.7187001705169678]",-2.273469624612085
0.8500000000000002,104.59003448486328,191.77003479003906,0.028759999200701714,-0.00079345703125,1.0,"[0.564387321472168, 0.0, 0.0017890110611915588, 0.9962247610092163]","[0.0, 0.0, -3.1957933970261365e-06, 0.00011933333735214546, -0.04418389871716499, 1.0, 0.016333334147930145, -3.1957933970261365e-06, 0.0, 0.0, 1.0172526572205243e-06, -0.016214000061154366, 0.0, 0.0]","[0.0, 0.0, 1.0, 1.9668687582015991, 0.0, 0.16212035715579987, 0.4335663914680481, 0.7187001705169678]",-2.6009669886399993
0.9000000000000002,104.60614013671875,191.77003479003906,0.48774999380111694,-0.00079345703125,1.0,"[0.5945082902908325, 0.0, 0.42727911472320557, 0.4582790434360504]","[0.0, 0.0, -3.1957933970261365e-06, 0.00011933333735214546, -0.04418389871716499, 1.0, 0.016333334147930145, -3.1957933970261365e-06, 0.0, 0.0, 1.0172526572205243e-06, -0.016214000061154366, 0.0, 0.0]","[0.0, 0.0, 1.0, 1.9668687582015991, 0.0, 0.16212035715579987, 0.4335663914680481, 0.7187001705169678]",-2.9136428289547918
0.9500000000000003,104.64118194580078,191.77008056640625,0.754360020160675,-0.00079345703125,1.0,"[0.6120045185089111, 0.0, 0.2364637404680252, 0.7068206071853638]","[0.0, 0.0, -3.1957933970261365e-06, 0.00011933333735214546, -0.04418389871716499, 1.0, 0.016333334147930145, -3.1957933970261365e-06, 0.0, 0.0, 1.0172526572205243e-06, -0.016214000061154366, 0.0, 0.0]","[0.0, 0.0, 1.0, 1.9668687582015991, 0.0, 0.16212035715579987, 0.4335663914680481, 0.7187001705169678]",-3.2207935705350836
1.0000000000000002,104.69033813476562,191.77012634277344,1.0891400575637817,-0.00079345703125,1.0,"[0.6339742541313171, 0.0, 0.2972756028175354, 0.8831139802932739]","[0.0, 0.0, -3.1957933970261365e-06, 0.00011933333735214546, -0.04418389871716499, 1.0, 0.016333334147930145, -3.1957933970261365e-06, 0.0, 0.0, 1.0172526572205243e-06, -0.016214000061154366, 0.0, 0.0]","[0.0, 0.0, 1.0, 1.9668687582015991, 0.0, 0.16212035715579987, 0.4335663914680481, 0.7187001705169678]",-3.521363263234494
1.0500000000000003,104.75161743164062,191.76998901367188,1.332419991493225,-0.00079345703125,1.0,"[0.6499393582344055, 0.0, 0.21532350778579712, 0.8561764359474182]","[0.0, 0.0, -3.1957933970261365e-06, 0.00011933333735214546, -0.04418389871716499, 1.0, 0.016333334147930145, -3.1957933970261365e-06, 0.0, 0.0, 1.0172526572205243e-06, -0.016214000061154366, 0.0, 0.0]","[0.0, 0.0, 1.0, 1.9668687582015991, 0.0, 0.16212035715579987, 0.4335663914680481, 0.7187001705169678]",-4.189758266735473
1.1000000000000003,104.82355499267578,191.76988220214844,1.497439980506897,-0.00079345703125,1.0,"[0.6607687473297119, 0.0, 0.14598548412322998, 0.8836557865142822]","[0.0, 0.0, -3.1957933970261365e-06, 0.00011933333735214546, -0.04418389871716499, 1.0, 0.016333334147930145, -3.1957933970261365e-06, 0.0, 0.0, 1.0172526572205243e-06, -0.016214000061154366, 0.0, 0.0]","[0.0, 0.0, 1.0, 1.9668687582015991, 0.0, 0.16212035715579987, 0.4335663914680481, 0.7187001705169678]",-4.498684503972681
1.1500000000000004,104.90740966796875,191.76980590820312,1.8109899759292603,-0.00079345703125,1.0,"[0.6813452243804932, 0.0, 0.2761226296424866, 0.7902190089225769]","[0.0, 0.0, -3.1957933970261365e-06, 0.00011933333735214546, -0.04418389871716499, 1.0, 0.016333334147930145, -3.1957933970261365e-06, 0.0, 0.0, 1.0172526572205243e-06, -0.016214000061154366, 0.0, 0.0]","[0.0, 0.0, 1.0, 1.9668687582015991, 0.0, 0.16212035715579987, 0.4335663914680481, 0.7187001705169678]",-4.808484314139822
1.2000000000000004,105.00617980957031,191.76974487304688,2.0572800636291504,-0.00079345703125,1.0,"[0.697507917881012, 0.0, 0.21896086633205414, 0.8853949308395386]","[0.0, 0.0, -3.1957933970261365e-06, 0.00011933333735214546, -0.04418389871716499, 1.0, 0.016333334147930145, -3.1957933970261365e-06, 0.0, 0.0, 1.0172526572205243e-06, -0.016214000061154366, 0.0, 0.0]","[0.0, 0.0, 1.0, 1.9668687582015991, 0.0, 0.16212035715579987, 0.4335663914680481, 0.7187001705169678]",-5.11341403030601
1.2500000000000004,105.11668395996094,191.76959228515625,2.3061399459838867,-0.00079345703125,1.0,"[0.7138392329216003, 0.0, 0.22055119276046753, 0.9593562483787537]","[0.0, 0.0, -3.1957933970261365e-06, 0.00011933333735214546, -0.04418389871716499, 1.0, 0.016333334147930145, -3.1957933970261365e-06, 0.0, 0.0, 1.0172526572205243e-06, -0.016214000061154366, 0.0, 0.0]","[0.0, 0.0, 1.0, 1.9668687582015991, 0.0, 0.16212035715579987, 0.4335663914680481, 0.7187001705169678]",-5.846378855101052
1.3000000000000005,105.24088287353516,191.76953125,2.600990056991577,-0.00079345703125,1.0,"[0.7331886291503906, 0.0, 0.26072177290916443, 0.9082364439964294]","[0.0, 0.0, -3.1957933970261365e-06, 0.00011933333735214546, -0.04418389871716499, 1.0, 0.016333334147930145, -3.1957933970261365e-06, 0.0, 0.0, 1.0172526572205243e-06, -0.016214000061154366, 0.0, 0.0]","[0.0, 0.0, 1.0, 1.9668687582015991, 0.0, 0.16212035715579987, 0.4335663914680481, 0.7187001705169678]",-6.180838628075274
1.3500000000000005,105.38137817382812,191.76931762695312,2.945549964904785,-0.00079345703125,1.0,"[0.755800187587738, 0.0, 0.304021954536438, 0.904741108417511]","[0.0, 0.0, -3.1957933970261365e-06, 0.00011933333735214546, -0.04418389871716499, 1.0, 0.016333334147930145, -3.1957933970261365e-06, 0.0, 0.0, 1.0172526572205243e-06, -0.016214000061154366, 0.0, 0.0]","[0.0, 0.0, 1.0, 1.9668687582015991, 0.0, 0.16212035715579987, 0.4335663914680481, 0.7187001705169678]",-6.527746657865983
1.4000000000000006,105.54097747802734,191.76913452148438,3.3416900634765625,-0.00079345703125,1.0,"[0.7817966341972351, 0.0, 0.3487336039543152, 0.9037978649139404]","[0.0, 0.0, -3.1957933970261365e-06, 0.00011933333735214546, -0.04418389871716499, 1.0, 0.016333334147930145, -3.1957933970261365e-06, 0.0, 0.0, 1.0172526572205243e-06, -0.016214000061154366, 0.0, 0.0]","[0.0, 0.0, 1.0, 1.9668687582015991, 0.0, 0.16212035715579987, 0.4335663914680481, 0.7187001705169678]",-6.866839446237679
1.4500000000000006,105.7198715209961,191.7689666748047,3.716059923171997,-0.00079345703125,1.0,"[0.8063644766807556, 0.0, 0.32953184843063354, 0.9400490522384644]","[0.0, 0.0, -3.1957933970261365e-06, 0.00011933333735214546, -0.04418389871716499, 1.0, 0.016333334147930145, -3.1957933970261365e-06, 0.0, 0.0, 1.0172526572205243e-06, -0.016214000061154366, 0.0, 0.0]","[0.0, 0.0, 1.0, 1.9668687582015991, 0.0, 0.16212035715579987, 0.4335663914680481, 0.7187001705169678]",-7.763747192484352
1.5000000000000007,105.91677856445312,191.76870727539062,4.072080135345459,-0.00079345703125,1.0,"[0.8297281265258789, 0.0, 0.3134382367134094, 0.9442006349563599]","[0.0, 0.0, -3.1957933970261365e-06, 0.00011933333735214546, -0.04418389871716499, 1.0, 0.016333334147930145, -3.1957933970261365e-06, 0.0, 0.0, 1.0172526572205243e-06, -0.016214000061154366, 0.0, 0.0]","[0.0, 0.0, 1.0, 1.9668687582015991, 0.0, 0.16212035715579987, 0.4335663914680481, 0.7187001705169678]",-8.113422708901926
1.5500000000000007,106.13115692138672,191.7684326171875,4.421679973602295,-0.00079345703125,1.0,"[0.852670431137085, 0.0, 0.3078307509422302, 0.9583027362823486]","[0.0, 0.0, -3.1957933970261365e-06, 0.00011933333735214546, -0.04418389871716499, 1.0, 0.016333334147930145, -3.1957933970261365e-06, 0.0, 0.0, 1.0172526572205243e-06, -0.016214000061154366, 0.0, 0.0]","[0.0, 0.0, 1.0, 1.9668687582015991, 0.0, 0.16212035715579987, 0.4335663914680481, 0.7187001705169678]",-8.455297013500003
1.6000000000000008,106.36290740966797,191.7681427001953,4.770520210266113,-0.00079345703125,1.0,"[0.8755629062652588, 0.0, 0.30719998478889465, 0.9649890661239624]","[0.0, 0.0, -3.1957933970261365e-06, 0.00011933333735214546, -0.04418389871716499, 1.0, 0.016333334147930145, -3.1957933970261365e-06, 0.0, 0.0, 1.0172526572205243e-06, -0.016214000061154366, 0.0, 0.0]","[0.0, 0.0, 1.0, 1.9668687582015991, 0.0, 0.16212035715579987, 0.4335663914680481, 0.7187001705169678]",-9.419421170817897
1.6500000000000008,106.61212921142578,191.7677764892578,5.122189998626709,-0.00079345703125,1.0,"[0.898641049861908, 0.0, 0.30967777967453003, 0.9598371982574463]","[0.0, 0.0, -3.1957933970261365e-06, 0.00011933333735214546, -0.04418389871716499, 1.0, 0.016333334147930145, -3.1957933970261365e-06, 0.0, 0.0, 1.0172526572205243e-06, -0.016214000061154366, 0.0, 0.0]","[0.0, 0.0, 1.0, 1.9668687582015991, 0.0, 0.16212035715579987, 0.4335663914680481, 0.7187001705169678]",-9.803739041753865
1.7000000000000008,106.87899017333984,191.76739501953125,5.476840019226074,-0.00079345703125,1.0,"[0.9219147562980652, 0.0, 0.3124443590641022, 0.9575510621070862]","[0.0, 0.0, -3.1957933970261365e-06, 0.00011933333735214546, -0.04418389871716499, 1.0, 0.016333334147930145, -3.1957933970261365e-06, 0.0, 0.0, 1.0172526572205243e-06, -0.016214000061154366, 0.0, 0.0]","[0.0, 0.0, 1.0, 1.9668687582015991, 0.0, 0.16212035715579987, 0.4335663914680481, 0.7187001705169678]",-10.183080059411749
1.7500000000000009,107.16361999511719,191.7658233642578,5.831250190734863,-0.01434326171875,1.0,"[0.9451727271080017, 0.0, 0.34287208318710327, 0.9331253170967102]","[0.0, 0.0, -3.1957933970261365e-06, 0.00011933333735214546, -0.04418389871716499, 1.0, 0.016333334147930145, -3.1957933970261365e-06, 0.0, 0.0, 1.0172526572205243e-06, -0.016214000061154366, 0.0, 0.0]","[0.0, 0.0, 1.0, 1.9668687582015991, 0.0, 0.16212035715579987, 0.4335663914680481, 0.7187001705169678]",-10.545509672764513
1.800000000000001,107.4560546875,191.7634735107422,5.849800109863281,-0.01513671875,1.0,"[0.9463900327682495, 0.0, 0.030438680201768875, 0.6224740147590637]","[0.0, 0.0, -3.1957933970261365e-06, 0.00011933333735214546, -0.04418389871716499, 1.0, 0.016333334147930145, -3.1957933970261365e-06, 0.0, 0.0, 1.0172526572205243e-06, -0.016214000061154366, 0.0, 0.0]","[0.0, 0.0, 1.0, 1.9668687582015991, 0.0, 0.16212035715579987, 0.4335663914680481, 0.7187001705169678]",-11.554302015191942
1.850000000000001,107.7479248046875,191.76060485839844,5.86290979385376,-0.015777587890625,1.0,"[0.9472503662109375, 0.0, 0.028729669749736786, 0.9904471635818481]","[0.0, 0.0, -3.1957933970261365e-06, 0.00011933333735214546, -0.04418389871716499, 1.0, 0.016333334147930145, -3.1957933970261365e-06, 0.0, 0.0, 1.0172526572205243e-06, -0.016214000061154366, 0.0, 0.0]","[0.0, 0.0, 1.0, 1.9668687582015991, 0.0, 0.16212035715579987, 0.4335663914680481, 0.7187001705169678]",-11.915916406367137
1.900000000000001,108.0396728515625,191.75714111328125,5.86421012878418,-0.017181396484375,1.0,"[0.9473357200622559, 0.0, 0.01594417542219162, 0.9851712584495544]","[0.0, 0.0, -3.1957933970261365e-06, 0.00011933333735214546, -0.04418389871716499, 1.0, 0.016333334147930145, -3.1957933970261365e-06, 0.0, 0.0, 1.0172526572205243e-06, -0.016214000061154366, 0.0, 0.0]","[0.0, 0.0, 1.0, 1.9668687582015991, 0.0, 0.16212035715579987, 0.4335663914680481, 0.7187001705169678]",-12.279942620465551
1.950000000000001,108.35271453857422,191.7523193359375,6.460569858551025,-0.020965576171875,1.0,"[0.9864715337753296, 0.0, 0.5157397389411926, 0.4414048194885254]","[0.0, 0.0, -3.1957933970261365e-06, 0.00011933333735214546, -0.04418389871716499, 1.0, 0.016333334147930145, -3.1957933970261365e-06, 0.0, 0.0, 1.0172526572205243e-06, -0.016214000061154366, 0.0, 0.0]","[0.0, 0.0, 1.0, 1.9668687582015991, 0.0, 0.16212035715579987, 0.4335663914680481, 0.7187001705169678]",-12.637731355920986
2.000000000000001,108.68621063232422,191.74591064453125,6.8226799964904785,-0.02618408203125,1.0,"[0.9897651672363281, 0.0, 0.35254764556884766, 0.6871194243431091]","[0.0, 0.0, -3.1957933970261365e-06, 0.00011933333735214546, -0.04418389871716499, 1.0, 0.016333334147930145, -3.1957933970261365e-06, 0.0, 0.0, 1.0172526572205243e-06, -0.016214000061154366, 0.0, 0.0]","[0.0, 0.0, 1.0, 1.9668687582015991, 0.0, 0.16212035715579987, 0.4335663914680481, 0.7187001705169678]",-13.679689173029958
2.0500000000000007,109.039794921875,191.7373809814453,7.231919765472412,-0.03192138671875,1.0,"[0.9629090428352356, 0.0, 0.40822988748550415, 0.9053884744644165]","[0.0, 0.0, -3.1957933970261365e-06, 0.00011933333735214546, -0.04418389871716499, 1.0, 0.016333334147930145, -3.1957933970261365e-06, 0.0, 0.0, 1.0172526572205243e-06, -0.016214000061154366, 0.0, 0.0]","[0.0, 0.0, 1.0, 1.9668687582015991, 0.0, 0.16212035715579987, 0.4335663914680481, 0.7187001705169678]",-13.997486702687553
2.1000000000000005,109.41362762451172,191.7264862060547,7.6305999755859375,-0.035736083984375,1.0,"[0.9367458820343018, 0.0, 0.40111514925956726, 0.950927197933197]","[0.0, 0.0, -3.1957933970261365e-06, 0.00011933333735214546, -0.04418389871716499, 1.0, 0.016333334147930145, -3.1957933970261365e-06, 0.0, 0.0, 1.0172526572205243e-06, -0.016214000061154366, 0.0, 0.0]","[0.0, 0.0, 1.0, 1.9668687582015991, 0.0, 0.16212035715579987, 0.4335663914680481, 0.7187001705169678]",-14.285316920971818
2.1500000000000004,109.80852508544922,191.712890625,8.069990158081055,-0.036712646484375,1.0,"[0.9079111218452454, 0.0, 0.4417208731174469, 0.9169610142707825]","[0.0, 0.0, -3.1957933970261365e-06, 0.00011933333735214546, -0.04418389871716499, 1.0, 0.016333334147930145, -3.1957933970261365e-06, 0.0, 0.0, 1.0172526572205243e-06, -0.016214000061154366, 0.0, 0.0]","[0.0, 0.0, 1.0, 1.9668687582015991, 0.0, 0.16212035715579987, 0.4335663914680481, 0.7187001705169678]",-14.54241687232334
2.2,110.22467803955078,191.69650268554688,8.490909576416016,-0.036376953125,1.0,"[0.8802884817123413, 0.0, 0.4237116277217865, 0.9422417283058167]","[0.0, 0.0, -3.1957933970261365e-06, 0.00011933333735214546, -0.04418389871716499, 1.0, 0.016333334147930145, -3.1957933970261365e-06, 0.0, 0.0, 1.0172526572205243e-06, -0.016214000061154366, 0.0, 0.0]","[0.0, 0.0, 1.0, 1.9668687582015991, 0.0, 0.16212035715579987, 0.4335663914680481, 0.7187001705169678]",-15.394973278820064
2.25,110.6629867553711,191.67698669433594,8.952159881591797,-0.0364990234375,0.9609375,"[0.8500192165374756, 0.11079999804496765, 0.4663059115409851, 0.9165360927581787]","[0.0, 0.0, -3.1957933970261365e-06, 0.00011933333735214546, -0.04418389871716499, 1.0, 0.016333334147930145, -3.1957933970261365e-06, 0.0, 0.0, 1.0172526572205243e-06, -0.016214000061154366, 0.0, 0.0]","[0.0, 0.0, 1.0, 1.9668687582015991, 0.0, 0.16212035715579987, 0.4335663914680481, 0.7187001705169678]",-15.56850775597778
2.3,111.12305450439453,191.6540069580078,9.369179725646973,-0.0364990234375,0.8203125,"[0.8226524591445923, 0.5360000133514404, 0.4293613135814667, 0.9124485850334167]","[0.0, 0.0, -3.1957933970261365e-06, 0.00011933333735214546, -0.04418389871716499, 1.0, 0.016333334147930145, -3.1957933970261365e-06, 0.0, 0.0, 1.0172526572205243e-06, -0.016214000061154366, 0.0, 0.0]","[0.0, 0.0, 1.0, 1.9668687582015991, 0.0, 0.16212035715579987, 0.4335663914680481, 0.7187001705169678]",-15.701206695096591
2.3499999999999996,111.58653259277344,191.62863159179688,9.222660064697266,-0.03558349609375,0.7421875,"[0.8322677612304688, 0.777999997138977, 0.08595209568738937, 0.45692798495292664]","[0.0, 0.0, -3.1957933970261365e-06, 0.00011933333735214546, -0.04418389871716499, 1.0, 0.016333334147930145, -3.1957933970261365e-06, 0.0, 0.0, 1.0172526572205243e-06, -0.016214000061154366, 0.0, 0.0]","[0.0, 0.0, 1.0, 1.9668687582015991, 0.0, 0.16212035715579987, 0.4335663914680481, 0.7187001705169678]",-15.808812366398843
2.3999999999999995,112.05076599121094,191.6011505126953,9.386759757995605,-0.031768798828125,0.65625,"[0.8214988112449646, 1.0, 0.14242082834243774, 0.6264893412590027]","[0.0, 0.0, -3.1957933970261365e-06, 0.00011933333735214546, -0.04418389871716499, 1.0, 0.016333334147930145, -3.1957933970261365e-06, 0.0, 0.0, 1.0172526572205243e-06, -0.016214000061154366, 0.0, 0.0]","[0.0, 0.0, 1.0, 1.9668687582015991, 0.0, 0.16212035715579987, 0.4335663914680481, 0.7187001705169678]",-16.41579856290241
2.4499999999999993,112.52452087402344,191.5712432861328,9.7252197265625,-0.025299072265625,0.5859375,"[0.7992875576019287, 1.0, 0.34252792596817017, 0.7578727006912231]","[0.0, 0.0, -3.1957933970261365e-06, 0.00011933333735214546, -0.04418389871716499, 1.0, 0.016333334147930145, -3.1957933970261365e-06, 0.0, 0.0, 1.0172526572205243e-06, -0.016214000061154366, 0.0, 0.0]","[0.0, 0.0, 1.0, 1.9668687582015991, 0.0, 0.16212035715579987, 0.4335663914680481, 0.7187001705169678]",-16.439640406694696
2.499999999999999,113.021728515625,191.53823852539062,10.102239608764648,-0.018157958984375,0.546875,"[0.7745458483695984, 1.0, 0.36546987295150757, 0.9165934920310974]","[0.0, 0.0, -3.1957933970261365e-06, 0.00011933333735214546, -0.04418389871716499, 1.0, 0.016333334147930145, -3.1957933970261365e-06, 0.0, 0.0, 1.0172526572205243e-06, -0.016214000061154366, 0.0, 0.0]","[0.0, 0.0, 1.0, 1.9668687582015991, 0.0, 0.16212035715579987, 0.4335663914680481, 0.7187001705169678]",-16.41497365256152
2.549999999999999,113.53389739990234,191.50308227539062,10.362409591674805,-0.012542724609375,0.53125,"[0.7574722766876221, 1.0, 0.2532619833946228, 0.8245952129364014]","[0.0, 0.0, -3.1957933970261365e-06, 0.00011933333735214546, -0.04418389871716499, 1.0, 0.016333334147930145, -3.1957933970261365e-06, 0.0, 0.0, 1.0172526572205243e-06, -0.016214000061154366, 0.0, 0.0]","[0.0, 0.0, 1.0, 1.9668687582015991, 0.0, 0.16212035715579987, 0.4335663914680481, 0.7187001705169678]",-16.357342942356933
2.5999999999999988,114.05628967285156,191.46583557128906,10.547220230102539,-0.007354736328125,0.53125,"[0.7453441619873047, 1.0, 0.19221976399421692, 0.8842132687568665]","[0.0, 0.0, -3.1957933970261365e-06, 0.00011933333735214546, -0.04418389871716499, 1.0, 0.016333334147930145, -3.1957933970261365e-06, 0.0, 0.0, 1.0172526572205243e-06, -0.016214000061154366, 0.0, 0.0]","[0.0, 0.0, 1.0, 1.9668687582015991, 0.0, 0.16212035715579987, 0.4335663914680481, 0.7187001705169678]",-16.68980644285359
2.6499999999999986,114.58602905273438,191.42779541015625,10.67743968963623,-0.0015869140625,0.53125,"[0.7367986440658569, 1.0, 0.1231674775481224, 0.9054602384567261]","[0.0, 0.0, -3.1957933970261365e-06, 0.00011933333735214546, -0.04418389871716499, 1.0, 0.016333334147930145, -3.1957933970261365e-06, 0.0, 0.0, 1.0172526572205243e-06, -0.016214000061154366, 0.0, 0.0]","[0.0, 0.0, 1.0, 1.9668687582015991, 0.0, 0.16212035715579987, 0.4335663914680481, 0.7187001705169678]",-16.567165097374545
2.6999999999999984,115.12107849121094,191.3896026611328,10.775259971618652,0.003448486328125,0.53125,"[0.7303792238235474, 1.0, 0.09648527204990387, 0.9456884264945984]","[0.0, 0.0, -3.1957933970261365e-06, 0.00011933333735214546, -0.04418389871716499, 1.0, 0.016333334147930145, -3.1957933970261365e-06, 0.0, 0.0, 1.0172526572205243e-06, -0.016214000061154366, 0.0, 0.0]","[0.0, 0.0, 1.0, 1.9668687582015991, 0.0, 0.16212035715579987, 0.4335663914680481, 0.7187001705169678]",-16.412428914072947
2.7499999999999982,115.65970611572266,191.35186767578125,10.831689834594727,0.009490966796875,0.53125,"[0.7266760468482971, 1.0, 0.06993713974952698, 0.9386160373687744]","[0.0, 0.0, -3.1957933970261365e-06, 0.00011933333735214546, -0.04418389871716499, 1.0, 0.016333334147930145, -3.1957933970261365e-06, 0.0, 0.0, 1.0172526572205243e-06, -0.016214000061154366, 0.0, 0.0]","[0.0, 0.0, 1.0, 1.9668687582015991, 0.0, 0.16212035715579987, 0.4335663914680481, 0.7187001705169678]",-16.211272173040328
2.799999999999998,116.20153045654297,191.31529235839844,10.899620056152344,0.017333984375,0.53125,"[0.7222181558609009, 1.0, 0.09877846390008926, 0.9646639823913574]","[0.0, 0.0, -3.1957933970261365e-06, 0.00011933333735214546, -0.04418389871716499, 1.0, 0.016333334147930145, -3.1957933970261365e-06, 0.0, 0.0, 1.0172526572205243e-06, -0.016214000061154366, 0.0, 0.0]","[0.0, 0.0, 1.0, 1.9668687582015991, 0.0, 0.16212035715579987, 0.4335663914680481, 0.7187001705169678]",-16.24247755487625
2.849999999999998,116.74618530273438,191.28086853027344,10.942720413208008,0.028350830078125,0.515625,"[0.7193896770477295, 1.0, 0.10015296190977097, 0.9521134495735168]","[0.0, 0.0, -3.1957933970261365e-06, 0.00011933333735214546, -0.04418389871716499, 1.0, 0.016333334147930145, -3.1957933970261365e-06, 0.0, 0.0, 1.0172526572205243e-06, -0.016214000061154366, 0.0, 0.0]","[0.0, 0.0, 1.0, 1.9668687582015991, 0.0, 0.16212035715579987, 0.4335663914680481, 0.7187001705169678]",-15.953980892743598
2.8999999999999977,117.29368591308594,191.2498016357422,10.998909950256348,0.039337158203125,0.4880828857421875,"[0.7157022953033447, 1.0, 0.13923956453800201, 0.9567700028419495]","[0.0, 0.0, -3.1957933970261365e-06, 0.00011933333735214546, -0.04418389871716499, 1.0, 0.016333334147930145, -3.1957933970261365e-06, 0.0, 0.0, 1.0172526572205243e-06, -0.016214000061154366, 0.0, 0.0]","[0.0, 0.0, 1.0, 1.9668687582015991, 0.0, 0.16212035715579987, 0.4335663914680481, 0.7187001705169678]",-15.64785438516321
2.9499999999999975,117.84339904785156,191.2233428955078,11.024860382080078,0.053741455078125,0.432525634765625,"[0.713999330997467, 1.0, 0.14041011035442352, 0.9447109699249268]","[0.0, 0.0, -3.1957933970261365e-06, 0.00011933333735214546, -0.04418389871716499, 1.0, 0.016333334147930145, -3.1957933970261365e-06, 0.0, 0.0, 1.0172526572205243e-06, -0.016214000061154366, 0.0, 0.0]","[0.0, 0.0, 1.0, 1.9668687582015991, 0.0, 0.16212035715579987, 0.4335663914680481, 0.7187001705169678]",-15.323765149134875
2.9999999999999973,118.39478302001953,191.20286560058594,11.054089546203613,0.066497802734375,0.380950927734375,"[0.7120811939239502, 1.0, 0.17689405381679535, 0.959246814250946]","[0.0, 0.0, -3.1957933970261365e-06, 0.00011933333735214546, -0.04418389871716499, 1.0, 0.016333334147930145, -3.1957933970261365e-06, 0.0, 0.0, 1.0172526572205243e-06, -0.016214000061154366, 0.0, 0.0]","[0.0, 0.0, 1.0, 1.9668687582015991, 0.0, 0.16212035715579987, 0.4335663914680481, 0.7187001705169678]",-15.16267115599992
3.049999999999997,118.9468002319336,191.1892547607422,11.04988956451416,0.07647705078125,0.3531646728515625,"[0.7123568058013916, 1.0, 0.1639133095741272, 0.9510998725891113]","[0.0, 0.0, -3.1957933970261365e-06, 0.00011933333735214546, -0.04418389871716499, 1.0, 0.016333334147930145, -3.1957933970261365e-06, 0.0, 0.0, 1.0172526572205243e-06, -0.016214000061154366, 0.0, 0.0]","[0.0, 0.0, 1.0, 1.9668687582015991, 0.0, 0.16212035715579987, 0.4335663914680481, 0.7187001705169678]",-14.804982015320437
3.099999999999997,119.49887084960938,191.18356323242188,11.050379753112793,0.0853271484375,0.3412628173828125,"[0.7123246192932129, 1.0, 0.19018636643886566, 0.96758633852005]","[0.0, 0.0, -3.1957933970261365e-06, 0.00011933333735214546, -0.04418389871716499, 1.0, 0.016333334147930145, -3.1957933970261365e-06, 0.0, 0.0, 1.0172526572205243e-06, -0.016214000061154366, 0.0, 0.0]","[0.0, 0.0, 1.0, 1.9668687582015991, 0.0, 0.16212035715579987, 0.4335663914680481, 0.7187001705169678]",-14.453882046522027
3.149999999999997,120.05009460449219,191.1864471435547,11.02217960357666,0.092681884765625,0.3174591064453125,"[0.7141752243041992, 1.0, 0.21883471310138702, 0.9550678730010986]","[0.0, 0.0, -3.1957933970261365e-06, 0.00011933333735214546, -0.04418389871716499, 1.0, 0.016333334147930145, -3.1957933970261365e-06, 0.0, 0.0, 1.0172526572205243e-06, -0.016214000061154366, 0.0, 0.0]","[0.0, 0.0, 1.0, 1.9668687582015991, 0.0, 0.16212035715579987, 0.4335663914680481, 0.7187001705169678]",-14.112588469963779
3.1999999999999966,120.60009765625,191.19821166992188,11.004819869995117,0.099090576171875,0.2976226806640625,"[0.7153144478797913, 1.0, 0.21745800971984863, 0.9812045693397522]","[0.0, 0.0, -3.1957933970261365e-06, 0.00011933333735214546, -0.04418389871716499, 1.0, 0.016333334147930145, -3.1957933970261365e-06, 0.0, 0.0, 1.0172526572205243e-06, -0.016214000061154366, 0.0, 0.0]","[0.0, 0.0, 1.0, 1.9668687582015991, 0.0, 0.16212035715579987, 0.4335663914680481, 0.7187001705169678]",-13.97677247721881
3.2499999999999964,121.14798736572266,191.22015380859375,10.95734977722168,0.107513427734375,0.26983642578125,"[0.718429684638977, 1.0, 0.26808175444602966, 0.9411701560020447]","[0.0, 0.0, -3.1957933970261365e-06, 0.00011933333735214546, -0.04418389871716499, 1.0, 0.016333334147930145, -3.1957933970261365e-06, 0.0, 0.0, 1.0172526572205243e-06, -0.016214000061154366, 0.0, 0.0]","[0.0, 0.0, 1.0, 1.9668687582015991, 0.0, 0.16212035715579987, 0.4335663914680481, 0.7187001705169678]",-13.65849326909092
3.2999999999999963,121.6930160522461,191.25364685058594,10.914259910583496,0.119476318359375,0.21826171875,"[0.7212574481964111, 1.0, 0.2964988946914673, 0.9546604156494141]","[0.0, 0.0, -3.1957933970261365e-06, 0.00011933333735214546, -0.04418389871716499, 1.0, 0.016333334147930145, -3.1957933970261365e-06, 0.0, 0.0, 1.0172526572205243e-06, -0.016214000061154366, 0.0, 0.0]","[0.0, 0.0, 1.0, 1.9668687582015991, 0.0, 0.16212035715579987, 0.4335663914680481, 0.7187001705169678]",-13.347871465311345
3.349999999999996,122.23393249511719,191.29962158203125,10.83899974822998,0.13525390625,0.20000000298023224,"[0.7261962890625, 1.0, 0.3375454843044281, 0.9378040432929993]","[0.0, 0.0, -3.1957933970261365e-06, 0.00011933333735214546, -0.04418389871716499, 1.0, 0.016333334147930145, -3.1957933970261365e-06, 0.0, 0.0, 1.0172526572205243e-06, -0.016214000061154366, 0.0, 0.0]","[0.0, 0.0, 1.0, 1.9668687582015991, 0.0, 0.16212035715579987, 0.4335663914680481, 0.7187001705169678]",-13.044714388637969
3.399999999999996,122.76964569091797,191.35975646972656,10.76725959777832,0.1546630859375,0.20000000298023224,"[0.730904221534729, 1.0, 0.38209712505340576, 0.9336259365081787]","[0.0, 0.0, -3.1957933970261365e-06, 0.00011933333735214546, -0.04418389871716499, 1.0, 0.016333334147930145, -3.1957933970261365e-06, 0.0, 0.0, 1.0172526572205243e-06, -0.016214000061154366, 0.0, 0.0]","[0.0, 0.0, 1.0, 1.9668687582015991, 0.0, 0.16212035715579987, 0.4335663914680481, 0.7187001705169678]",-12.973487740033677
3.4499999999999957,123.29884338378906,191.435302734375,10.669119834899902,0.177886962890625,0.20000000298023224,"[0.7373446226119995, 1.0, 0.4228658974170685, 0.9336885809898376]","[0.0, 0.0, -3.1957933970261365e-06, 0.00011933333735214546, -0.04418389871716499, 1.0, 0.016333334147930145, -3.1957933970261365e-06, 0.0, 0.0, 1.0172526572205243e-06, -0.016214000061154366, 0.0, 0.0]","[0.0, 0.0, 1.0, 1.9668687582015991, 0.0, 0.16212035715579987, 0.4335663914680481, 0.7187001705169678]",-12.700930534406963
3.4999999999999956,123.8202896118164,191.52810668945312,10.575409889221191,0.202301025390625,0.20000000298023224,"[0.7434942722320557, 1.0, 0.47396835684776306, 0.9219617247581482]","[0.0, 0.0, -3.1957933970261365e-06, 0.00011933333735214546, -0.04418389871716499, 1.0, 0.016333334147930145, -3.1957933970261365e-06, 0.0, 0.0, 1.0172526572205243e-06, -0.016214000061154366, 0.0, 0.0]","[0.0, 0.0, 1.0, 1.9668687582015991, 0.0, 0.16212035715579987, 0.4335663914680481, 0.7187001705169678]",-12.438334236745947
3.5499999999999954,124.33253479003906,191.63917541503906,10.460949897766113,0.228302001953125,0.20000000298023224,"[0.7510056495666504, 1.0, 0.5043147206306458, 0.9342312216758728]","[0.0, 0.0, -3.1957933970261365e-06, 0.00011933333735214546, -0.04418389871716499, 1.0, 0.016333334147930145, -3.1957933970261365e-06, 0.0, 0.0, 1.0172526572205243e-06, -0.016214000061154366, 0.0, 0.0]","[0.0, 0.0, 1.0, 1.9668687582015991, 0.0, 0.16212035715579987, 0.4335663914680481, 0.7187001705169678]",-12.19243854920667
3.599999999999995,124.83412170410156,191.7699737548828,10.350830078125,0.252044677734375,0.20000000298023224,"[0.7582321763038635, 1.0, 0.5545191168785095, 0.9212052822113037]","[0.0, 0.0, -3.1957933970261365e-06, 0.00011933333735214546, -0.04418389871716499, 1.0, 0.016333334147930145, -3.1957933970261365e-06, 0.0, 0.0, 1.0172526572205243e-06, -0.016214000061154366, 0.0, 0.0]","[0.0, 0.0, 1.0, 1.9668687582015991, 0.0, 0.16212035715579987, 0.4335663914680481, 0.7187001705169678]",-12.224741699651185
3.649999999999995,125.32356262207031,191.92091369628906,10.225799560546875,0.274261474609375,0.20000000298023224,"[0.766437292098999, 1.0, 0.5658997893333435, 0.9361982345581055]","[0.0, 0.0, -3.1957933970261365e-06, 0.00011933333735214546, -0.04418389871716499, 1.0, 0.016333334147930145, -3.1957933970261365e-06, 0.0, 0.0, 1.0172526572205243e-06, -0.016214000061154366, 0.0, 0.0]","[0.0, 0.0, 1.0, 1.9668687582015991, 0.0, 0.16212035715579987, 0.4335663914680481, 0.7187001705169678]",-12.02018961088987
3.699999999999995,125.79925537109375,192.09292602539062,10.105810165405273,0.29486083984375,0.20000000298023224,"[0.7743114829063416, 1.0, 0.6137551665306091, 0.9228453636169434]","[0.0, 0.0, -3.1957933970261365e-06, 0.00011933333735214546, -0.04418389871716499, 1.0, 0.016333334147930145, -3.1957933970261365e-06, 0.0, 0.0, 1.0172526572205243e-06, -0.016214000061154366, 0.0, 0.0]","[0.0, 0.0, 1.0, 1.9668687582015991, 0.0, 0.16212035715579987, 0.4335663914680481, 0.7187001705169678]",-11.829231678938505
3.7499999999999947,126.25985717773438,192.28573608398438,9.974920272827148,0.31121826171875,0.20000000298023224,"[0.7829010486602783, 1.0, 0.6068325042724609, 0.932217001914978]","[0.0, 0.0, -3.1957933970261365e-06, 0.00011933333735214546, -0.04418389871716499, 1.0, 0.016333334147930145, -3.1957933970261365e-06, 0.0, 0.0, 1.0172526572205243e-06, -0.016214000061154366, 0.0, 0.0]","[0.0, 0.0, 1.0, 1.9668687582015991, 0.0, 0.16212035715579987, 0.4335663914680481, 0.7187001705169678]",-11.654852296039033
3.7999999999999945,126.7038345336914,192.49961853027344,9.853110313415527,0.32470703125,0.20000000298023224,"[0.7908948063850403, 1.0, 0.6436536312103271, 0.9317123889923096]","[0.0, 0.0, -3.1957933970261365e-06, 0.00011933333735214546, -0.04418389871716499, 1.0, 0.016333334147930145, -3.1957933970261365e-06, 0.0, 0.0, 1.0172526572205243e-06, -0.016214000061154366, 0.0, 0.0]","[0.0, 0.0, 1.0, 1.9668687582015991, 0.0, 0.16212035715579987, 0.4335663914680481, 0.7187001705169678]",-11.820737760466534
3.8499999999999943,127.13014221191406,192.73361206054688,9.722209930419922,0.333648681640625,0.20000000298023224,"[0.7994850873947144, 1.0, 0.6205806732177734, 0.925768256187439]","[0.0, 0.0, -3.1957933970261365e-06, 0.00011933333735214546, -0.04418389871716499, 1.0, 0.016333334147930145, -3.1957933970261365e-06, 0.0, 0.0, 1.0172526572205243e-06, -0.016214000061154366, 0.0, 0.0]","[0.0, 0.0, 1.0, 1.9668687582015991, 0.0, 0.16212035715579987, 0.4335663914680481, 0.7187001705169678]",-11.698885756365756
3.899999999999994,127.53864288330078,192.98814392089844,9.652139663696289,0.340484619140625,0.20000000298023224,"[0.8040834069252014, 1.0, 0.6008598208427429, 0.9236175417900085]","[0.0, 0.0, -3.1957933970261365e-06, 0.00011933333735214546, -0.04418389871716499, 1.0, 0.016333334147930145, -3.1957933970261365e-06, 0.0, 0.0, 1.0172526572205243e-06, -0.016214000061154366, 0.0, 0.0]","[0.0, 0.0, 1.0, 1.9668687582015991, 0.0, 0.16212035715579987, 0.4335663914680481, 0.7187001705169678]",-11.598105846246815
3.949999999999994,127.92973327636719,193.26280212402344,9.581620216369629,0.34521484375,0.20000000298023224,"[0.8087111711502075, 1.0, 0.5730553865432739, 0.9389349222183228]","[0.0, 0.0, -3.1957933970261365e-06, 0.00011933333735214546, -0.04418389871716499, 1.0, 0.016333334147930145, -3.1957933970261365e-06, 0.0, 0.0, 1.0172526572205243e-06, -0.016214000061154366, 0.0, 0.0]","[0.0, 0.0, 1.0, 1.9668687582015991, 0.0, 0.16212035715579987, 0.4335663914680481, 0.7187001705169678]",-11.518986292576145
3.999999999999994,128.2980194091797,193.5531005859375,9.263079643249512,0.347900390625,0.20000000298023224,"[0.8296152353286743, 1.0, 0.8033499121665955, 0.6423391699790955]","[0.0, 0.0, -3.1957933970261365e-06, 0.00011933333735214546, -0.04418389871716499, 1.0, 0.016333334147930145, -3.1957933970261365e-06, 0.0, 0.0, 1.0172526572205243e-06, -0.016214000061154366, 0.0, 0.0]","[0.0, 0.0, 1.0, 1.9668687582015991, 0.0, 0.16212035715579987, 0.4335663914680481, 0.7187001705169678]",-11.895401722322848
4.049999999999994,128.63330078125,193.8495635986328,8.872920036315918,0.34759521484375,0.2023773193359375,"[0.8552192449569702, 1.0, 0.8364391326904297, 0.8379001021385193]","[0.0, 0.0, -3.1957933970261365e-06, 0.00011933333735214546, -0.04418389871716499, 1.0, 0.016333334147930145, -3.1957933970261365e-06, 0.0, 0.0, 1.0172526572205243e-06, -0.016214000061154366, 0.0, 0.0]","[0.0, 0.0, 1.0, 1.9668687582015991, 0.0, 0.16212035715579987, 0.4335663914680481, 0.7187001705169678]",-11.914800165955912
4.099999999999993,128.93992614746094,194.1536407470703,8.605950355529785,0.343231201171875,0.3372955322265625,"[0.8727390170097351, 1.0, 0.733566164970398, 0.844980776309967]","[0.0, 0.0, -3.1957933970261365e-06, 0.00011933333735214546, -0.04418389871716499, 1.0, 0.016333334147930145, -3.1957933970261365e-06, 0.0, 0.0, 1.0172526572205243e-06, -0.016214000061154366, 0.0, 0.0]","[0.0, 0.0, 1.0, 1.9668687582015991, 0.0, 0.16212035715579987, 0.4335663914680481, 0.7187001705169678]",-11.94779787133638
4.149999999999993,129.2220916748047,194.46481323242188,8.377909660339355,0.33367919921875,0.396820068359375,"[0.887704074382782, 1.0, 0.6184558272361755, 0.8535177111625671]","[0.0, 0.0, -3.1957933970261365e-06, 0.00011933333735214546, -0.04418389871716499, 1.0, 0.016333334147930145, -3.1957933970261365e-06, 0.0, 0.0, 1.0172526572205243e-06, -0.016214000061154366, 0.0, 0.0]","[0.0, 0.0, 1.0, 1.9668687582015991, 0.0, 0.16212035715579987, 0.4335663914680481, 0.7187001705169678]",-11.991014738514714
4.199999999999993,129.48291015625,194.7836151123047,8.2427396774292,0.31640625,0.4841156005859375,"[0.8965744972229004, 1.0, 0.5489811301231384, 0.8885529637336731]","[0.0, 0.0, -3.1957933970261365e-06, 0.00011933333735214546, -0.04418389871716499, 1.0, 0.016333334147930145, -3.1957933970261365e-06, 0.0, 0.0, 1.0172526572205243e-06, -0.016214000061154366, 0.0, 0.0]","[0.0, 0.0, 1.0, 1.9668687582015991, 0.0, 0.16212035715579987, 0.4335663914680481, 0.7187001705169678]",-12.547382659007994
4.249999999999993,129.72564697265625,195.1092071533203,8.125160217285156,0.290252685546875,0.55078125,"[0.9042906165122986, 1.0, 0.43690502643585205, 0.8634267449378967]","[0.0, 0.0, -3.1957933970261365e-06, 0.00011933333735214546, -0.04418389871716499, 1.0, 0.016333334147930145, -3.1957933970261365e-06, 0.0, 0.0, 1.0172526572205243e-06, -0.016214000061154366, 0.0, 0.0]","[0.0, 0.0, 1.0, 1.9668687582015991, 0.0, 0.16212035715579987, 0.4335663914680481, 0.7187001705169678]",-12.689544801628548
4.299999999999993,129.9530792236328,195.4421844482422,8.0906400680542,0.25946044921875,0.64453125,"[0.9065560102462769, 0.923799991607666, 0.3699098825454712, 0.9000237584114075]","[0.0, 0.0, -3.1957933970261365e-06, 0.00011933333735214546, -0.04418389871716499, 1.0, 0.016333334147930145, -3.1957933970261365e-06, 0.0, 0.0, 1.0172526572205243e-06, -0.016214000061154366, 0.0, 0.0]","[0.0, 0.0, 1.0, 1.9668687582015991, 0.0, 0.16212035715579987, 0.4335663914680481, 0.7187001705169678]",-12.86758727587088
4.3499999999999925,130.16799926757812,195.7822265625,8.06857967376709,0.2296142578125,0.71875,"[0.9080036878585815, 0.73580002784729, 0.2753801941871643, 0.894172191619873]","[0.0, 0.0, -3.1957933970261365e-06, 0.00011933333735214546, -0.04418389871716499, 1.0, 0.016333334147930145, -3.1957933970261365e-06, 0.0, 0.0, 1.0172526572205243e-06, -0.016214000061154366, 0.0, 0.0]","[0.0, 0.0, 1.0, 1.9668687582015991, 0.0, 0.16212035715579987, 0.4335663914680481, 0.7187001705169678]",-13.049561786641613
4.399999999999992,130.37294006347656,196.13050842285156,8.127570152282715,0.197265625,0.75,"[0.9041324853897095, 0.6583999991416931, 0.27320927381515503, 0.8911476731300354]","[0.0, 0.0, -3.1957933970261365e-06, 0.00011933333735214546, -0.04418389871716499, 1.0, 0.016333334147930145, -3.1957933970261365e-06, 0.0, 0.0, 1.0172526572205243e-06, -0.016214000061154366, 0.0, 0.0]","[0.0, 0.0, 1.0, 1.9668687582015991, 0.0, 0.16212035715579987, 0.4335663914680481, 0.7187001705169678]",-13.973396460946649
4.449999999999992,130.57058715820312,196.487060546875,8.196450233459473,0.166046142578125,0.77734375,"[0.8996122479438782, 0.59579998254776, 0.23197010159492493, 0.9016644358634949]","[0.0, 0.0, -3.1957933970261365e-06, 0.00011933333735214546, -0.04418389871716499, 1.0, 0.016333334147930145, -3.1957933970261365e-06, 0.0, 0.0, 1.0172526572205243e-06, -0.016214000061154366, 0.0, 0.0]","[0.0, 0.0, 1.0, 1.9668687582015991, 0.0, 0.16212035715579987, 0.4335663914680481, 0.7187001705169678]",-14.200043152311933
4.499999999999992,130.762451171875,196.85340881347656,8.332690238952637,0.1456298828125,0.7890625,"[0.8906716108322144, 0.5709999799728394, 0.30800044536590576, 0.8933334350585938]","[0.0, 0.0, -3.1957933970261365e-06, 0.00011933333735214546, -0.04418389871716499, 1.0, 0.016333334147930145, -3.1957933970261365e-06, 0.0, 0.0, 1.0172526572205243e-06, -0.016214000061154366, 0.0, 0.0]","[0.0, 0.0, 1.0, 1.9668687582015991, 0.0, 0.16212035715579987, 0.4335663914680481, 0.7187001705169678]",-14.185595556791352
4.549999999999992,130.9496307373047,197.23001098632812,8.47089958190918,0.133880615234375,0.80859375,"[0.8816016912460327, 0.527999997138977, 0.2815955877304077, 0.9438380002975464]","[0.0, 0.0, -3.1957933970261365e-06, 0.00011933333735214546, -0.04418389871716499, 1.0, 0.016333334147930145, -3.1957933970261365e-06, 0.0, 0.0, 1.0172526572205243e-06, -0.016214000061154366, 0.0, 0.0]","[0.0, 0.0, 1.0, 1.9668687582015991, 0.0, 0.16212035715579987, 0.4335663914680481, 0.7187001705169678]",-14.017059888020672
4.599999999999992,131.13259887695312,197.6184539794922,8.665639877319336,0.12725830078125,0.81640625,"[0.868821918964386, 0.5149999856948853, 0.3546100854873657, 0.8994823694229126]","[0.0, 0.0, -3.1957933970261365e-06, 0.00011933333735214546, -0.04418389871716499, 1.0, 0.016333334147930145, -3.1957933970261365e-06, 0.0, 0.0, 1.0172526572205243e-06, -0.016214000061154366, 0.0, 0.0]","[0.0, 0.0, 1.0, 1.9668687582015991, 0.0, 0.16212035715579987, 0.4335663914680481, 0.7187001705169678]",-14.13990252526642
4.6499999999999915,131.31201171875,198.01919555664062,8.857970237731934,0.121673583984375,0.828125,"[0.8562003374099731, 0.4936999976634979, 0.33124789595603943, 0.9499785304069519]","[0.0, 0.0, -3.1957933970261365e-06, 0.00011933333735214546, -0.04418389871716499, 1.0, 0.016333334147930145, -3.1957933970261365e-06, 0.0, 0.0, 1.0172526572205243e-06, -0.016214000061154366, 0.0, 0.0]","[0.0, 0.0, 1.0, 1.9668687582015991, 0.0, 0.16212035715579987, 0.4335663914680481, 0.7187001705169678]",-14.013550134706218
4.699999999999991,131.4853057861328,198.42581176757812,8.84634017944336,0.117889404296875,0.83203125,"[0.856963574886322, 0.4860000014305115, 0.1500828117132187, 0.753274142742157]","[0.0, 0.0, -3.1957933970261365e-06, 0.00011933333735214546, -0.04418389871716499, 1.0, 0.016333334147930145, -3.1957933970261365e-06, 0.0, 0.0, 1.0172526572205243e-06, -0.016214000061154366, 0.0, 0.0]","[0.0, 0.0, 1.0, 1.9668687582015991, 0.0, 0.16212035715579987, 0.4335663914680481, 0.7187001705169678]",-13.894752521346021
4.749999999999991,131.6512908935547,198.834716796875,8.82841968536377,0.115264892578125,0.8359375,"[0.8581395745277405, 0.4745999872684479, 0.17403604090213776, 0.9742991328239441]","[0.0, 0.0, -3.1957933970261365e-06, 0.00011933333735214546, -0.04418389871716499, 1.0, 0.016333334147930145, -3.1957933970261365e-06, 0.0, 0.0, 1.0172526572205243e-06, -0.016214000061154366, 0.0, 0.0]","[0.0, 0.0, 1.0, 1.9668687582015991, 0.0, 0.16212035715579987, 0.4335663914680481, 0.7187001705169678]",-13.784947031972587
4.799999999999991,131.8131866455078,199.25607299804688,9.232000350952148,0.112060546875,0.84765625,"[0.8316547870635986, 0.44690001010894775, 0.4683045446872711, 0.514555037021637]","[0.0, 0.0, -3.1957933970261365e-06, 0.00011933333735214546, -0.04418389871716499, 1.0, 0.016333334147930145, -3.1957933970261365e-06, 0.0, 0.0, 1.0172526572205243e-06, -0.016214000061154366, 0.0, 0.0]","[0.0, 0.0, 1.0, 1.9668687582015991, 0.0, 0.16212035715579987, 0.4335663914680481, 0.7187001705169678]",-13.990046616676876
4.849999999999991,131.9748077392578,199.7020721435547,9.626810073852539,0.107879638671875,0.859375,"[0.8057456016540527, 0.43059998750686646, 0.5306509733200073, 0.9518528580665588]","[0.0, 0.0, -3.1957933970261365e-06, 0.00011933333735214546, -0.04418389871716499, 1.0, 0.016333334147930145, -3.1957933970261365e-06, 0.0, 0.0, 1.0172526572205243e-06, -0.016214000061154366, 0.0, 0.0]","[0.0, 0.0, 1.0, 1.9668687582015991, 0.0, 0.16212035715579987, 0.4335663914680481, 0.7187001705169678]",-13.80043334274705
4.899999999999991,132.13430786132812,200.16758728027344,9.959609985351562,0.103851318359375,0.87890625,"[0.7839058041572571, 0.38589999079704285, 0.4732114374637604, 0.8893486261367798]","[0.0, 0.0, -3.1957933970261365e-06, 0.00011933333735214546, -0.04418389871716499, 1.0, 0.016333334147930145, -3.1957933970261365e-06, 0.0, 0.0, 1.0172526572205243e-06, -0.016214000061154366, 0.0, 0.0]","[0.0, 0.0, 1.0, 1.9668687582015991, 0.0, 0.16212035715579987, 0.4335663914680481, 0.7187001705169678]",-13.570017336407359
4.94999999999999,132.2902374267578,200.64991760253906,10.242300033569336,0.102691650390625,0.890625,"[0.7653543949127197, 0.36000001430511475, 0.43352392315864563, 0.9028435349464417]","[0.0, 0.0, -3.1957933970261365e-06, 0.00011933333735214546, -0.04418389871716499, 1.0, 0.016333334147930145, -3.1957933970261365e-06, 0.0, 0.0, 1.0172526572205243e-06, -0.016214000061154366, 0.0, 0.0]","[0.0, 0.0, 1.0, 1.9668687582015991, 0.0, 0.16212035715579987, 0.4335663914680481, 0.7187001705169678]",-13.316863626302855
4.99999999999999,132.44149780273438,201.14755249023438,10.503089904785156,0.102691650390625,0.8984375,"[0.7482402324676514, 0.3431999981403351, 0.4223802089691162, 0.9329152703285217]","[0.0, 0.0, -3.1957933970261365e-06, 0.00011933333735214546, -0.04418389871716499, 1.0, 0.016333334147930145, -3.1957933970261365e-06, 0.0, 0.0, 1.0172526572205243e-06, -0.016214000061154366, 0.0, 0.0]","[0.0, 0.0, 1.0, 1.9668687582015991, 0.0, 0.16212035715579987, 0.4335663914680481, 0.7187001705169678]",-13.296039870532098
5.04999999999999,132.58714294433594,201.65939331054688,10.737879753112793,0.102630615234375,0.90234375,"[0.7328323125839233, 0.33799999952316284, 0.4040096402168274, 0.9321062564849854]","[0.0, 0.0, -3.1957933970261365e-06, 0.00011933333735214546, -0.04418389871716499, 1.0, 0.016333334147930145, -3.1957933970261365e-06, 0.0, 0.0, 1.0172526572205243e-06, -0.016214000061154366, 0.0, 0.0]","[0.0, 0.0, 1.0, 1.9668687582015991, 0.0, 0.16212035715579987, 0.4335663914680481, 0.7187001705169678]",-13.011709620366712
5.09999999999999,132.72654724121094,202.18492126464844,10.971619606018066,0.101837158203125,0.90625,"[0.7174932360649109, 0.3314000070095062, 0.4096720814704895, 0.9556963443756104]","[0.0, 0.0, -3.1957933970261365e-06, 0.00011933333735214546, -0.04418389871716499, 1.0, 0.016333334147930145, -3.1957933970261365e-06, 0.0, 0.0, 1.0172526572205243e-06, -0.016214000061154366, 0.0, 0.0]","[0.0, 0.0, 1.0, 1.9668687582015991, 0.0, 0.16212035715579987, 0.4335663914680481, 0.7187001705169678]",-12.73484244995649
5.14999999999999,132.85980224609375,202.72352600097656,11.189200401306152,0.093414306640625,0.90625,"[0.7032145857810974, 0.33880001306533813, 0.38048088550567627, 0.943233072757721]","[0.0, 0.0, -3.1957933970261365e-06, 0.00011933333735214546, -0.04418389871716499, 1.0, 0.016333334147930145, -3.1957933970261365e-06, 0.0, 0.0, 1.0172526572205243e-06, -0.016214000061154366, 0.0, 0.0]","[0.0, 0.0, 1.0, 1.9668687582015991, 0.0, 0.16212035715579987, 0.4335663914680481, 0.7187001705169678]",-12.458825748659159
5.1999999999999895,132.98779296875,203.27493286132812,11.41781997680664,0.077117919921875,0.90625,"[0.6882115602493286, 0.34599998593330383, 0.3660694360733032, 0.936026394367218]","[0.0, 0.0, -3.1957933970261365e-06, 0.00011933333735214546, -0.04418389871716499, 1.0, 0.016333334147930145, -3.1957933970261365e-06, 0.0, 0.0, 1.0172526572205243e-06, -0.016214000061154366, 0.0, 0.0]","[0.0, 0.0, 1.0, 1.9668687582015991, 0.0, 0.16212035715579987, 0.4335663914680481, 0.7187001705169678]",-12.480785253684177
5.249999999999989,133.11114501953125,203.83876037597656,11.63424015045166,0.064697265625,0.90625,"[0.6740090847015381, 0.3531999886035919, 0.34135428071022034, 0.9445964097976685]","[0.0, 0.0, -3.1957933970261365e-06, 0.00011933333735214546, -0.04418389871716499, 1.0, 0.016333334147930145, -3.1957933970261365e-06, 0.0, 0.0, 1.0172526572205243e-06, -0.016214000061154366, 0.0, 0.0]","[0.0, 0.0, 1.0, 1.9668687582015991, 0.0, 0.16212035715579987, 0.4335663914680481, 0.7187001705169678]",-12.206880952004699
5.299999999999989,133.22987365722656,204.4149169921875,11.858929634094238,0.05670166015625,0.90625,"[0.6592639684677124, 0.3598000109195709, 0.3459155857563019, 0.9553106427192688]","[0.0, 0.0, -3.1957933970261365e-06, 0.00011933333735214546, -0.04418389871716499, 1.0, 0.016333334147930145, -3.1957933970261365e-06, 0.0, 0.0, 1.0172526572205243e-06, -0.016214000061154366, 0.0, 0.0]","[0.0, 0.0, 1.0, 1.9668687582015991, 0.0, 0.16212035715579987, 0.4335663914680481, 0.7187001705169678]",-11.92345552324763
5.349999999999989,133.34371948242188,205.00323486328125,12.075630187988281,0.0550537109375,0.90625,"[0.6450430750846863, 0.36649999022483826, 0.3447142541408539, 0.9541716575622559]","[0.0, 0.0, -3.1957933970261365e-06, 0.00011933333735214546, -0.04418389871716499, 1.0, 0.016333334147930145, -3.1957933970261365e-06, 0.0, 0.0, 1.0172526572205243e-06, -0.016214000061154366, 0.0, 0.0]","[0.0, 0.0, 1.0, 1.9668687582015991, 0.0, 0.16212035715579987, 0.4335663914680481, 0.7187001705169678]",-11.642296229272722
5.399999999999989,133.4522247314453,205.60369873046875,12.295649528503418,0.056243896484375,0.90625,"[0.6306044459342957, 0.37290000915527344, 0.35529980063438416, 0.9571405649185181]","[0.0, 0.0, -3.1957933970261365e-06, 0.00011933333735214546, -0.04418389871716499, 1.0, 0.016333334147930145, -3.1957933970261365e-06, 0.0, 0.0, 1.0172526572205243e-06, -0.016214000061154366, 0.0, 0.0]","[0.0, 0.0, 1.0, 1.9668687582015991, 0.0, 0.16212035715579987, 0.4335663914680481, 0.7187001705169678]",-11.684345211948704
5.449999999999989,133.55496215820312,206.21617126464844,12.509220123291016,0.05828857421875,0.8671875,"[0.6165889501571655, 0.5375999808311462, 0.35622987151145935, 0.9565889239311218]","[0.0, 0.0, -3.1957933970261365e-06, 0.00011933333735214546, -0.04418389871716499, 1.0, 0.016333334147930145, -3.1957933970261365e-06, 0.0, 0.0, 1.0172526572205243e-06, -0.016214000061154366, 0.0, 0.0]","[0.0, 0.0, 1.0, 1.9668687582015991, 0.0, 0.16212035715579987, 0.4335663914680481, 0.7187001705169678]",-11.406011335977345
5.4999999999999885,133.651611328125,206.84022521972656,12.716690063476562,0.05908203125,0.84765625,"[0.6029738783836365, 0.6269999742507935, 0.35360220074653625, 0.9604764580726624]","[0.0, 0.0, -3.1957933970261365e-06, 0.00011933333735214546, -0.04418389871716499, 1.0, 0.016333334147930145, -3.1957933970261365e-06, 0.0, 0.0, 1.0172526572205243e-06, -0.016214000061154366, 0.0, 0.0]","[0.0, 0.0, 1.0, 1.9668687582015991, 0.0, 0.16212035715579987, 0.4335663914680481, 0.7187001705169678]",-11.128895949977073
5.549999999999988,133.74200439453125,207.475341796875,12.911689758300781,0.05743408203125,0.77734375,"[0.5901771187782288, 0.9315999746322632, 0.340301513671875, 0.9566929340362549]","[0.0, 0.0, -3.1957933970261365e-06, 0.00011933333735214546, -0.04418389871716499, 1.0, 0.016333334147930145, -3.1957933970261365e-06, 0.0, 0.0, 1.0172526572205243e-06, -0.016214000061154366, 0.0, 0.0]","[0.0, 0.0, 1.0, 1.9668687582015991, 0.0, 0.16212035715579987, 0.4335663914680481, 0.7187001705169678]",-10.848710236808898
5.599999999999988,133.8261260986328,208.1205291748047,13.085089683532715,0.053924560546875,0.6796875,"[0.5787978172302246, 1.0, 0.3165116310119629, 0.9480714797973633]","[0.0, 0.0, -3.1957933970261365e-06, 0.00011933333735214546, -0.04418389871716499, 1.0, 0.016333334147930145, -3.1957933970261365e-06, 0.0, 0.0, 1.0172526572205243e-06, -0.016214000061154366, 0.0, 0.0]","[0.0, 0.0, 1.0, 1.9668687582015991, 0.0, 0.16212035715579987, 0.4335663914680481, 0.7187001705169678]",-10.95435174093461
5.649999999999988,133.90382385253906,208.7742919921875,13.227560043334961,0.050689697265625,0.5859375,"[0.5694482922554016, 1.0, 0.2857687771320343, 0.9411890506744385]","[0.0, 0.0, -3.1957933970261365e-06, 0.00011933333735214546, -0.04418389871716499, 1.0, 0.016333334147930145, -3.1957933970261365e-06, 0.0, 0.0, 1.0172526572205243e-06, -0.016214000061154366, 0.0, 0.0]","[0.0, 0.0, 1.0, 1.9668687582015991, 0.0, 0.16212035715579987, 0.4335663914680481, 0.7187001705169678]",-10.707849933929735
5.699999999999988,133.9747772216797,209.4348602294922,13.335559844970703,0.049102783203125,0.51171875,"[0.5623608827590942, 1.0, 0.255550742149353, 0.94189453125]","[0.0, 0.0, -3.1957933970261365e-06, 0.00011933333735214546, -0.04418389871716499, 1.0, 0.016333334147930145, -3.1957933970261365e-06, 0.0, 0.0, 1.0172526572205243e-06, -0.016214000061154366, 0.0, 0.0]","[0.0, 0.0, 1.0, 1.9668687582015991, 0.0, 0.16212035715579987, 0.4335663914680481, 0.7187001705169678]",-10.47937312387917
5.749999999999988,134.0387725830078,210.1004638671875,13.410440444946289,0.047515869140625,0.456329345703125,"[0.5574468970298767, 1.0, 0.22469404339790344, 0.9482068419456482]","[0.0, 0.0, -3.1957933970261365e-06, 0.00011933333735214546, -0.04418389871716499, 1.0, 0.016333334147930145, -3.1957933970261365e-06, 0.0, 0.0, 1.0172526572205243e-06, -0.016214000061154366, 0.0, 0.0]","[0.0, 0.0, 1.0, 1.9668687582015991, 0.0, 0.16212035715579987, 0.4335663914680481, 0.7187001705169678]",-10.270048148735889
5.799999999999987,134.0956573486328,210.76954650878906,13.45796012878418,0.0465087890625,0.436492919921875,"[0.5543283820152283, 1.0, 0.1996048390865326, 0.9589431285858154]","[0.0, 0.0, -3.1957933970261365e-06, 0.00011933333735214546, -0.04418389871716499, 1.0, 0.016333334147930145, -3.1957933970261365e-06, 0.0, 0.0, 1.0172526572205243e-06, -0.016214000061154366, 0.0, 0.0]","[0.0, 0.0, 1.0, 1.9668687582015991, 0.0, 0.16212035715579987, 0.4335663914680481, 0.7187001705169678]",-10.610873537342776
5.849999999999987,134.14529418945312,211.44094848632812,13.485529899597168,0.046478271484375,0.428558349609375,"[0.5525192022323608, 1.0, 0.18300175666809082, 0.970812976360321]","[0.0, 0.0, -3.1957933970261365e-06, 0.00011933333735214546, -0.04418389871716499, 1.0, 0.016333334147930145, -3.1957933970261365e-06, 0.0, 0.0, 1.0172526572205243e-06, -0.016214000061154366, 0.0, 0.0]","[0.0, 0.0, 1.0, 1.9668687582015991, 0.0, 0.16212035715579987, 0.4335663914680481, 0.7187001705169678]",-10.45049285588496
5.899999999999987,134.18760681152344,212.11376953125,13.499629974365234,0.046478271484375,0.424591064453125,"[0.5515938401222229, 1.0, 0.17129142582416534, 0.9804840683937073]","[0.0, 0.0, -3.1957933970261365e-06, 0.00011933333735214546, -0.04418389871716499, 1.0, 0.016333334147930145, -3.1957933970261365e-06, 0.0, 0.0, 1.0172526572205243e-06, -0.016214000061154366, 0.0, 0.0]","[0.0, 0.0, 1.0, 1.9668687582015991, 0.0, 0.16212035715579987, 0.4335663914680481, 0.7187001705169678]",-10.28518425904197
5.949999999999987,134.2225799560547,212.78741455078125,13.503049850463867,0.046478271484375,0.404754638671875,"[0.5513694286346436, 1.0, 0.16187648475170135, 0.9854350686073303]","[0.0, 0.0, -3.1957933970261365e-06, 0.00011933333735214546, -0.04418389871716499, 1.0, 0.016333334147930145, -3.1957933970261365e-06, 0.0, 0.0, 1.0172526572205243e-06, -0.016214000061154366, 0.0, 0.0]","[0.0, 0.0, 1.0, 1.9668687582015991, 0.0, 0.16212035715579987, 0.4335663914680481, 0.7187001705169678]",-10.123342978247114
5.999999999999987,134.25015258789062,213.46131896972656,13.496700286865234,0.046478271484375,0.380950927734375,"[0.5517860651016235, 1.0, 0.1623639613389969, 0.9859796166419983]","[0.0, 0.0, -3.1957933970261365e-06, 0.00011933333735214546, -0.04418389871716499, 1.0, 0.016333334147930145, -3.1957933970261365e-06, 0.0, 0.0, 1.0172526572205243e-06, -0.016214000061154366, 0.0, 0.0]","[0.0, 0.0, 1.0, 1.9668687582015991, 0.0, 0.16212035715579987, 0.4335663914680481, 0.7187001705169678]",-10.497404895755858
6.0499999999999865,134.27035522460938,214.13491821289062,13.480239868164062,0.046478271484375,0.3610992431640625,"[0.5528663396835327, 1.0, 0.17288176715373993, 0.9842120409011841]","[0.0, 0.0, -3.1957933970261365e-06, 0.00011933333735214546, -0.04418389871716499, 1.0, 0.016333334147930145, -3.1957933970261365e-06, 0.0, 0.0, 1.0172526572205243e-06, -0.016214000061154366, 0.0, 0.0]","[0.0, 0.0, 1.0, 1.9668687582015991, 0.0, 0.16212035715579987, 0.4335663914680481, 0.7187001705169678]",-10.373607188392484
6.099999999999986,134.28314208984375,214.80763244628906,13.454259872436523,0.0465087890625,0.3253936767578125,"[0.5545712113380432, 1.0, 0.18095646798610687, 0.9834511280059814]","[0.0, 0.0, -3.1957933970261365e-06, 0.00011933333735214546, -0.04418389871716499, 1.0, 0.016333334147930145, -3.1957933970261365e-06, 0.0, 0.0, 1.0172526572205243e-06, -0.016214000061154366, 0.0, 0.0]","[0.0, 0.0, 1.0, 1.9668687582015991, 0.0, 0.16212035715579987, 0.4335663914680481, 0.7187001705169678]",-10.255474846322693
6.149999999999986,134.28855895996094,215.4788360595703,13.417510032653809,0.04693603515625,0.3174591064453125,"[0.5569829344749451, 1.0, 0.19147296249866486, 0.9802641868591309]","[0.0, 0.0, -3.1957933970261365e-06, 0.00011933333735214546, -0.04418389871716499, 1.0, 0.016333334147930145, -3.1957933970261365e-06, 0.0, 0.0, 1.0172526572205243e-06, -0.016214000061154366, 0.0, 0.0]","[0.0, 0.0, 1.0, 1.9668687582015991, 0.0, 0.16212035715579987, 0.4335663914680481, 0.7187001705169678]",-10.20200894524947
6.199999999999986,134.28659057617188,216.14804077148438,13.375889778137207,0.046661376953125,0.3174591064453125,"[0.5597142577171326, 1.0, 0.19390636682510376, 0.9861674904823303]","[0.0, 0.0, -3.1957933970261365e-06, 0.00011933333735214546, -0.04418389871716499, 1.0, 0.016333334147930145, -3.1957933970261365e-06, 0.0, 0.0, 1.0172526572205243e-06, -0.016214000061154366, 0.0, 0.0]","[0.0, 0.0, 1.0, 1.9668687582015991, 0.0, 0.16212035715579987, 0.4335663914680481, 0.7187001705169678]",-10.620412801869428
6.249999999999986,134.27769470214844,216.81503295898438,13.32919979095459,0.043487548828125,0.3174591064453125,"[0.5627782344818115, 1.0, 0.18904966115951538, 0.9804012179374695]","[0.0, 0.0, -3.1957933970261365e-06, 0.00011933333735214546, -0.04418389871716499, 1.0, 0.016333334147930145, -3.1957933970261365e-06, 0.0, 0.0, 1.0172526572205243e-06, -0.016214000061154366, 0.0, 0.0]","[0.0, 0.0, 1.0, 1.9668687582015991, 0.0, 0.16212035715579987, 0.4335663914680481, 0.7187001705169678]",-10.49692945063756
6.299999999999986,134.2628631591797,217.47959899902344,13.282540321350098,0.0343017578125,0.3174591064453125,"[0.5658402442932129, 1.0, 0.16188660264015198, 0.9647268056869507]","[0.0, 0.0, -3.1957933970261365e-06, 0.00011933333735214546, -0.04418389871716499, 1.0, 0.016333334147930145, -3.1957933970261365e-06, 0.0, 0.0, 1.0172526572205243e-06, -0.016214000061154366, 0.0, 0.0]","[0.0, 0.0, 1.0, 1.9668687582015991, 0.0, 0.16212035715579987, 0.4335663914680481, 0.7187001705169678]",-10.369522081220998
6.349999999999985,134.2437286376953,218.1417694091797,13.23511028289795,0.02008056640625,0.3174591064453125,"[0.5689527988433838, 1.0, 0.12513582408428192, 0.9536334276199341]","[0.0, 0.0, -3.1957933970261365e-06, 0.00011933333735214546, -0.04418389871716499, 1.0, 0.016333334147930145, -3.1957933970261365e-06, 0.0, 0.0, 1.0172526572205243e-06, -0.016214000061154366, 0.0, 0.0]","[0.0, 0.0, 1.0, 1.9668687582015991, 0.0, 0.16212035715579987, 0.4335663914680481, 0.7187001705169678]",-10.250505631902701
6.399999999999985,134.2230987548828,218.80154418945312,13.185839653015137,-0.006561279296875,0.3174591064453125,"[0.5721861720085144, 1.0, 0.050425056368112564, 0.9122040271759033]","[0.0, 0.0, -3.1957933970261365e-06, 0.00011933333735214546, -0.04418389871716499, 1.0, 0.016333334147930145, -3.1957933970261365e-06, 0.0, 0.0, 1.0172526572205243e-06, -0.016214000061154366, 0.0, 0.0]","[0.0, 0.0, 1.0, 1.9668687582015991, 0.0, 0.16212035715579987, 0.4335663914680481, 0.7187001705169678]",-10.789557699692024
6.449999999999985,134.2036895751953,219.45892333984375,13.135040283203125,-0.029937744140625,0.3055572509765625,"[0.575519859790802, 1.0, 0.09433098137378693, 0.9330453276634216]","[0.0, 0.0, -3.1957933970261365e-06, 0.00011933333735214546, -0.04418389871716499, 1.0, 0.016333334147930145, -3.1957933970261365e-06, 0.0, 0.0, 1.0172526572205243e-06, -0.016214000061154366, 0.0, 0.0]","[0.0, 0.0, 1.0, 1.9668687582015991, 0.0, 0.16212035715579987, 0.4335663914680481, 0.7187001705169678]",-10.786400819058892
6.499999999999985,134.1876220703125,220.11370849609375,13.079520225524902,-0.049591064453125,0.3015899658203125,"[0.5791633129119873, 1.0, 0.15340088307857513, 0.9336310625076294]","[0.0, 0.0, -3.1957933970261365e-06, 0.00011933333735214546, -0.04418389871716499, 1.0, 0.016333334147930145, -3.1957933970261365e-06, 0.0, 0.0, 1.0172526572205243e-06, -0.016214000061154366, 0.0, 0.0]","[0.0, 0.0, 1.0, 1.9668687582015991, 0.0, 0.16212035715579987, 0.4335663914680481, 0.7187001705169678]",-10.790812799401296
6.549999999999985,134.17698669433594,220.7657928466797,13.021900177001953,-0.064971923828125,0.3015899658203125,"[0.5829446315765381, 1.0, 0.19577978551387787, 0.9494714140892029]","[0.0, 0.0, -3.1957933970261365e-06, 0.00011933333735214546, -0.04418389871716499, 1.0, 0.016333334147930145, -3.1957933970261365e-06, 0.0, 0.0, 1.0172526572205243e-06, -0.016214000061154366, 0.0, 0.0]","[0.0, 0.0, 1.0, 1.9668687582015991, 0.0, 0.16212035715579987, 0.4335663914680481, 0.7187001705169678]",-10.805146722380716
6.5999999999999845,134.17347717285156,221.4149932861328,12.963159561157227,-0.078338623046875,0.3412628173828125,"[0.5867994427680969, 1.0, 0.23706196248531342, 0.9452988505363464]","[0.0, 0.0, -3.1957933970261365e-06, 0.00011933333735214546, -0.04418389871716499, 1.0, 0.016333334147930145, -3.1957933970261365e-06, 0.0, 0.0, 1.0172526572205243e-06, -0.016214000061154366, 0.0, 0.0]","[0.0, 0.0, 1.0, 1.9668687582015991, 0.0, 0.16212035715579987, 0.4335663914680481, 0.7187001705169678]",-10.831269931065215
6.649999999999984,134.1791534423828,222.0615234375,12.913599967956543,-0.0906982421875,0.404754638671875,"[0.5900517702102661, 1.0, 0.26176393032073975, 0.9519729018211365]","[0.0, 0.0, -3.1957933970261365e-06, 0.00011933333735214546, -0.04418389871716499, 1.0, 0.016333334147930145, -3.1957933970261365e-06, 0.0, 0.0, 1.0172526572205243e-06, -0.016214000061154366, 0.0, 0.0]","[0.0, 0.0, 1.0, 1.9668687582015991, 0.0, 0.16212035715579987, 0.4335663914680481, 0.7187001705169678]",-11.46869849241472
6.699999999999984,134.19554138183594,222.70565795898438,12.876049995422363,-0.10076904296875,0.515625,"[0.5925159454345703, 1.0, 0.27823078632354736, 0.952180802822113]","[0.0, 0.0, -3.1957933970261365e-06, 0.00011933333735214546, -0.04418389871716499, 1.0, 0.016333334147930145, -3.1957933970261365e-06, 0.0, 0.0, 1.0172526572205243e-06, -0.016214000061154366, 0.0, 0.0]","[0.0, 0.0, 1.0, 1.9668687582015991, 0.0, 0.16212035715579987, 0.4335663914680481, 0.7187001705169678]",-11.309782948826916
6.749999999999984,134.224853515625,223.34817504882812,12.86361026763916,-0.115936279296875,0.58203125,"[0.5933322906494141, 1.0, 0.2970259189605713, 0.9409148693084717]","[0.0, 0.0, -3.1957933970261365e-06, 0.00011933333735214546, -0.04418389871716499, 1.0, 0.016333334147930145, -3.1957933970261365e-06, 0.0, 0.0, 1.0172526572205243e-06, -0.016214000061154366, 0.0, 0.0]","[0.0, 0.0, 1.0, 1.9668687582015991, 0.0, 0.16212035715579987, 0.4335663914680481, 0.7187001705169678]",-11.16213974517976
6.799999999999984,134.26959228515625,223.98960876464844,12.864749908447266,-0.136993408203125,0.609375,"[0.5932575464248657, 1.0, 0.33377888798713684, 0.9326815605163574]","[0.0, 0.0, -3.1957933970261365e-06, 0.00011933333735214546, -0.04418389871716499, 1.0, 0.016333334147930145, -3.1957933970261365e-06, 0.0, 0.0, 1.0172526572205243e-06, -0.016214000061154366, 0.0, 0.0]","[0.0, 0.0, 1.0, 1.9668687582015991, 0.0, 0.16212035715579987, 0.4335663914680481, 0.7187001705169678]",-11.00636282552434
6.849999999999984,134.33258056640625,224.62991333007812,12.881290435791016,-0.161163330078125,0.62890625,"[0.5921720266342163, 1.0, 0.3937227129936218, 0.9313462972640991]","[0.0, 0.0, -3.1957933970261365e-06, 0.00011933333735214546, -0.04418389871716499, 1.0, 0.016333334147930145, -3.1957933970261365e-06, 0.0, 0.0, 1.0172526572205243e-06, -0.016214000061154366, 0.0, 0.0]","[0.0, 0.0, 1.0, 1.9668687582015991, 0.0, 0.16212035715579987, 0.4335663914680481, 0.7187001705169678]",-11.288927204830033
6.8999999999999835,134.4160919189453,225.26878356933594,12.904820442199707,-0.182708740234375,0.6640625,"[0.590627908706665, 1.0, 0.44289714097976685, 0.9381742477416992]","[0.0, 0.0, -3.1957933970261365e-06, 0.00011933333735214546, -0.04418389871716499, 1.0, 0.016333334147930145, -3.1957933970261365e-06, 0.0, 0.0, 1.0172526572205243e-06, -0.016214000061154366, 0.0, 0.0]","[0.0, 0.0, 1.0, 1.9668687582015991, 0.0, 0.16212035715579987, 0.4335663914680481, 0.7187001705169678]",-11.087498856149367
6.949999999999983,134.52098083496094,225.90625,12.948909759521484,-0.197509765625,0.71875,"[0.587734580039978, 1.0, 0.46187520027160645, 0.9775876402854919]","[0.0, 0.0, -3.1957933970261365e-06, 0.00011933333735214546, -0.04418389871716499, 1.0, 0.016333334147930145, -3.1957933970261365e-06, 0.0, 0.0, 1.0172526572205243e-06, -0.016214000061154366, 0.0, 0.0]","[0.0, 0.0, 1.0, 1.9668687582015991, 0.0, 0.16212035715579987, 0.4335663914680481, 0.7187001705169678]",-10.870540507634567
6.999999999999983,134.6491241455078,226.54159545898438,12.999259948730469,-0.20074462890625,0.79296875,"[0.5844303369522095, 0.8496999740600586, 0.5124576091766357, 0.9333400130271912]","[0.0, 0.0, -3.1957933970261365e-06, 0.00011933333735214546, -0.04418389871716499, 1.0, 0.016333334147930145, -3.1957933970261365e-06, 0.0, 0.0, 1.0172526572205243e-06, -0.016214000061154366, 0.0, 0.0]","[0.0, 0.0, 1.0, 1.9668687582015991, 0.0, 0.16212035715579987, 0.4335663914680481, 0.7187001705169678]",-10.63315292921908
7.049999999999983,134.80177307128906,227.1749725341797,13.080920219421387,-0.200714111328125,0.859375,"[0.5790714621543884, 0.5802000164985657, 0.5457358360290527, 0.9619482755661011]","[0.0, 0.0, -3.1957933970261365e-06, 0.00011933333735214546, -0.04418389871716499, 1.0, 0.016333334147930145, -3.1957933970261365e-06, 0.0, 0.0, 1.0172526572205243e-06, -0.016214000061154366, 0.0, 0.0]","[0.0, 0.0, 1.0, 1.9668687582015991, 0.0, 0.16212035715579987, 0.4335663914680481, 0.7187001705169678]",-10.656383089261027
7.099999999999983,134.97984313964844,227.80674743652344,13.19242000579834,-0.200714111328125,0.9296875,"[0.5717543363571167, 0.2919999957084656, 0.5844475030899048, 0.9550402164459229]","[0.0, 0.0, -3.1957933970261365e-06, 0.00011933333735214546, -0.04418389871716499, 1.0, 0.016333334147930145, -3.1957933970261365e-06, 0.0, 0.0, 1.0172526572205243e-06, -0.016214000061154366, 0.0, 0.0]","[0.0, 0.0, 1.0, 1.9668687582015991, 0.0, 0.16212035715579987, 0.4335663914680481, 0.7187001705169678]",-10.296898324518276
7.149999999999983,135.18435668945312,228.437255859375,13.333889961242676,-0.19775390625,0.9609375,"[0.5624704957008362, 0.16369999945163727, 0.6188923120498657, 0.9554833769798279]","[0.0, 0.0, -3.1957933970261365e-06, 0.00011933333735214546, -0.04418389871716499, 1.0, 0.016333334147930145, -3.1957933970261365e-06, 0.0, 0.0, 1.0172526572205243e-06, -0.016214000061154366, 0.0, 0.0]","[0.0, 0.0, 1.0, 1.9668687582015991, 0.0, 0.16212035715579987, 0.4335663914680481, 0.7187001705169678]",-9.909533583044242
7.199999999999982,135.41627502441406,229.0664825439453,13.499039649963379,-0.1962890625,0.984375,"[0.5516326427459717, 0.06620000302791595, 0.6517441868782043, 0.9521272778511047]","[0.0, 0.0, -3.1957933970261365e-06, 0.00011933333735214546, -0.04418389871716499, 1.0, 0.016333334147930145, -3.1957933970261365e-06, 0.0, 0.0, 1.0172526572205243e-06, -0.016214000061154366, 0.0, 0.0]","[0.0, 0.0, 1.0, 1.9668687582015991, 0.0, 0.16212035715579987, 0.4335663914680481, 0.7187001705169678]",-9.495717038346681
7.249999999999982,135.67698669433594,229.69374084472656,13.679439544677734,-0.20172119140625,1.0,"[0.5397939682006836, 0.0, 0.6803854703903198, 0.9376401901245117]","[0.0, 0.0, -3.1957933970261365e-06, 0.00011933333735214546, -0.04418389871716499, 1.0, 0.016333334147930145, -3.1957933970261365e-06, 0.0, 0.0, 1.0172526572205243e-06, -0.016214000061154366, 0.0, 0.0]","[0.0, 0.0, 1.0, 1.9668687582015991, 0.0, 0.16212035715579987, 0.4335663914680481, 0.7187001705169678]",-9.286214522407803
7.299999999999982,135.9672393798828,230.31703186035156,13.782170295715332,-0.208343505859375,1.0,"[0.5330523252487183, 0.0, 0.6137111783027649, 0.8679017424583435]","[0.0, 0.0, -3.1957933970261365e-06, 0.00011933333735214546, -0.04418389871716499, 1.0, 0.016333334147930145, -3.1957933970261365e-06, 0.0, 0.0, 1.0172526572205243e-06, -0.016214000061154366, 0.0, 0.0]","[0.0, 0.0, 1.0, 1.9668687582015991, 0.0, 0.16212035715579987, 0.4335663914680481, 0.7187001705169678]",-8.82353867893892
7.349999999999982,136.2831573486328,230.9261474609375,13.735389709472656,-0.2147216796875,1.0,"[0.5361222624778748, 0.0, 0.523155927658081, 0.7899689078330994]","[0.0, 0.0, -3.1957933970261365e-06, 0.00011933333735214546, -0.04418389871716499, 1.0, 0.016333334147930145, -3.1957933970261365e-06, 0.0, 0.0, 1.0172526572205243e-06, -0.016214000061154366, 0.0, 0.0]","[0.0, 0.0, 1.0, 1.9668687582015991, 0.0, 0.16212035715579987, 0.4335663914680481, 0.7187001705169678]",-8.364161312200986
7.399999999999982,136.6237030029297,231.51705932617188,13.652959823608398,-0.22015380859375,1.0,"[0.5415316820144653, 0.0, 0.5792365074157715, 0.91727215051651]","[0.0, 0.0, -3.1957933970261365e-06, 0.00011933333735214546, -0.04418389871716499, 1.0, 0.016333334147930145, -3.1957933970261365e-06, 0.0, 0.0, 1.0172526572205243e-06, -0.016214000061154366, 0.0, 0.0]","[0.0, 0.0, 1.0, 1.9668687582015991, 0.0, 0.16212035715579987, 0.4335663914680481, 0.7187001705169678]",-7.904718696689068
7.4499999999999815,136.99481201171875,232.09808349609375,13.921469688415527,-0.2216796875,1.0,"[0.5239108800888062, 0.0, 0.7016651630401611, 0.5995367169380188]","[0.0, 0.0, -3.1957933970261365e-06, 0.00011933333735214546, -0.04418389871716499, 1.0, 0.016333334147930145, -3.1957933970261365e-06, 0.0, 0.0, 1.0172526572205243e-06, -0.016214000061154366, 0.0, 0.0]","[0.0, 0.0, 1.0, 1.9668687582015991, 0.0, 0.16212035715579987, 0.4335663914680481, 0.7187001705169678]",-7.6680805752879575
7.499999999999981,137.39881896972656,232.67112731933594,14.140259742736816,-0.21807861328125,1.0,"[0.5095528960227966, 0.0, 0.7217349410057068, 0.8819910883903503]","[0.0, 0.0, -3.1957933970261365e-06, 0.00011933333735214546, -0.04418389871716499, 1.0, 0.016333334147930145, -3.1957933970261365e-06, 0.0, 0.0, 1.0172526572205243e-06, -0.016214000061154366, 0.0, 0.0]","[0.0, 0.0, 1.0, 1.9668687582015991, 0.0, 0.16212035715579987, 0.4335663914680481, 0.7187001705169678]",-7.204349470059643
7.549999999999981,137.8346710205078,233.2334442138672,14.33944034576416,-0.20989990234375,1.0,"[0.4964817762374878, 0.0, 0.7064870595932007, 0.9218904972076416]","[0.0, 0.0, -3.1957933970261365e-06, 0.00011933333735214546, -0.04418389871716499, 1.0, 0.016333334147930145, -3.1957933970261365e-06, 0.0, 0.0, 1.0172526572205243e-06, -0.016214000061154366, 0.0, 0.0]","[0.0, 0.0, 1.0, 1.9668687582015991, 0.0, 0.16212035715579987, 0.4335663914680481, 0.7187001705169678]",-6.725522811937586
7.599999999999981,138.30149841308594,233.78274536132812,14.523189544677734,-0.203887939453125,1.0,"[0.48442327976226807, 0.0, 0.6951050758361816, 0.9274255633354187]","[0.0, 0.0, -3.1957933970261365e-06, 0.00011933333735214546, -0.04418389871716499, 1.0, 0.016333334147930145, -3.1957933970261365e-06, 0.0, 0.0, 1.0172526572205243e-06, -0.016214000061154366, 0.0, 0.0]","[0.0, 0.0, 1.0, 1.9668687582015991, 0.0, 0.16212035715579987, 0.4335663914680481, 0.7187001705169678]",-6.2476380972924295
7.649999999999981,138.7982177734375,234.31739807128906,14.701040267944336,-0.1905517578125,1.0,"[0.4727519154548645, 0.0, 0.6915534138679504, 0.9396010041236877]","[0.0, 0.0, -3.1957933970261365e-06, 0.00011933333735214546, -0.04418389871716499, 1.0, 0.016333334147930145, -3.1957933970261365e-06, 0.0, 0.0, 1.0172526572205243e-06, -0.016214000061154366, 0.0, 0.0]","[0.0, 0.0, 1.0, 1.9668687582015991, 0.0, 0.16212035715579987, 0.4335663914680481, 0.7187001705169678]",-6.0202579872043325
7.699999999999981,139.32366943359375,234.83656311035156,14.877559661865234,-0.173736572265625,1.0,"[0.46116793155670166, 0.0, 0.6916830539703369, 0.9429755210876465]","[0.0, 0.0, -3.1957933970261365e-06, 0.00011933333735214546, -0.04418389871716499, 1.0, 0.016333334147930145, -3.1957933970261365e-06, 0.0, 0.0, 1.0172526572205243e-06, -0.016214000061154366, 0.0, 0.0]","[0.0, 0.0, 1.0, 1.9668687582015991, 0.0, 0.16212035715579987, 0.4335663914680481, 0.7187001705169678]",-5.527531317967836
7.7499999999999805,139.8768768310547,235.33914184570312,15.050609588623047,-0.163482666015625,1.0,"[0.44981157779693604, 0.0, 0.6899006366729736, 0.9436030983924866]","[0.0, 0.0, -3.1957933970261365e-06, 0.00011933333735214546, -0.04418389871716499, 1.0, 0.016333334147930145, -3.1957933970261365e-06, 0.0, 0.0, 1.0172526572205243e-06, -0.016214000061154366, 0.0, 0.0]","[0.0, 0.0, 1.0, 1.9668687582015991, 0.0, 0.16212035715579987, 0.4335663914680481, 0.7187001705169678]",-5.036856608103676
7.79999999999998,140.45703125,235.8236541748047,15.21802043914795,-0.161376953125,1.0,"[0.4388253688812256, 0.0, 0.68603515625, 0.9414119124412537]","[0.0, 0.0, -3.1957933970261365e-06, 0.00011933333735214546, -0.04418389871716499, 1.0, 0.016333334147930145, -3.1957933970261365e-06, 0.0, 0.0, 1.0172526572205243e-06, -0.016214000061154366, 0.0, 0.0]","[0.0, 0.0, 1.0, 1.9668687582015991, 0.0, 0.16212035715579987, 0.4335663914680481, 0.7187001705169678]",-4.546225171280842
7.84999999999998,141.06329345703125,236.288818359375,15.382010459899902,-0.16033935546875,1.0,"[0.42806369066238403, 0.0, 0.6835002303123474, 0.9467208981513977]","[0.0, 0.0, -3.1957933970261365e-06, 0.00011933333735214546, -0.04418389871716499, 1.0, 0.016333334147930145, -3.1957933970261365e-06, 0.0, 0.0, 1.0172526572205243e-06, -0.016214000061154366, 0.0, 0.0]","[0.0, 0.0, 1.0, 1.9668687582015991, 0.0, 0.16212035715579987, 0.4335663914680481, 0.7187001705169678]",-4.315223291235132
7.89999999999998,141.69471740722656,236.73348999023438,15.543930053710938,-0.159759521484375,1.0,"[0.41743767261505127, 0.0, 0.6819169521331787, 0.9499584436416626]","[0.0, 0.0, -3.1957933970261365e-06, 0.00011933333735214546, -0.04418389871716499, 1.0, 0.016333334147930145, -3.1957933970261365e-06, 0.0, 0.0, 1.0172526572205243e-06, -0.016214000061154366, 0.0, 0.0]","[0.0, 0.0, 1.0, 1.9668687582015991, 0.0, 0.16212035715579987, 0.4335663914680481, 0.7187001705169678]",-3.8222729410602314
7.94999999999998,142.35023498535156,237.1570587158203,15.708430290222168,-0.152923583984375,1.0,"[0.4066425561904907, 0.0, 0.6839780211448669, 0.9538012742996216]","[0.0, 0.0, -3.1957933970261365e-06, 0.00011933333735214546, -0.04418389871716499, 1.0, 0.016333334147930145, -3.1957933970261365e-06, 0.0, 0.0, 1.0172526572205243e-06, -0.016214000061154366, 0.0, 0.0]","[0.0, 0.0, 1.0, 1.9668687582015991, 0.0, 0.16212035715579987, 0.4335663914680481, 0.7187001705169678]",-3.3276823011132786
7.99999999999998,143.02862548828125,237.56021118164062,15.883500099182129,-0.13134765625,1.0,"[0.39515364170074463, 0.0, 0.6922048330307007, 0.9332987666130066]","[0.0, 0.0, -3.1957933970261365e-06, 0.00011933333735214546, -0.04418389871716499, 1.0, 0.016333334147930145, -3.1957933970261365e-06, 0.0, 0.0, 1.0172526572205243e-06, -0.016214000061154366, 0.0, 0.0]","[0.0, 0.0, 1.0, 1.9668687582015991, 0.0, 0.16212035715579987, 0.4335663914680481, 0.7187001705169678]",-2.8308680042124634
8.04999999999998,143.72865295410156,237.94398498535156,16.06739044189453,-0.108551025390625,1.0,"[0.3830859065055847, 0.0, 0.6729969382286072, 0.9293460845947266]","[0.0, 0.0, -3.1957933970261365e-06, 0.00011933333735214546, -0.04418389871716499, 1.0, 0.016333334147930145, -3.1957933970261365e-06, 0.0, 0.0, 1.0172526572205243e-06, -0.016214000061154366, 0.0, 0.0]","[0.0, 0.0, 1.0, 1.9668687582015991, 0.0, 0.16212035715579987, 0.4335663914680481, 0.7187001705169678]",-2.6243645070464927
8.09999999999998,144.44935607910156,238.3089141845703,16.255369186401367,-0.09356689453125,1.0,"[0.37074989080429077, 0.0, 0.652622401714325, 0.9419152140617371]","[0.0, 0.0, -3.1957933970261365e-06, 0.00011933333735214546, -0.04418389871716499, 1.0, 0.016333334147930145, -3.1957933970261365e-06, 0.0, 0.0, 1.0172526572205243e-06, -0.016214000061154366, 0.0, 0.0]","[0.0, 0.0, 1.0, 1.9668687582015991, 0.0, 0.16212035715579987, 0.4335663914680481, 0.7187001705169678]",-2.1396879031280127
8.14999999999998,145.18983459472656,238.6550750732422,16.443920135498047,-0.08856201171875,1.0,"[0.35837632417678833, 0.0, 0.6439366936683655, 0.9527802467346191]","[0.0, 0.0, -3.1957933970261365e-06, 0.00011933333735214546, -0.04418389871716499, 1.0, 0.016333334147930145, -3.1957933970261365e-06, 0.0, 0.0, 1.0172526572205243e-06, -0.016214000061154366, 0.0, 0.0]","[0.0, 0.0, 1.0, 1.9668687582015991, 0.0, 0.16212035715579987, 0.4335663914680481, 0.7187001705169678]",-1.6554806383977332
8.199999999999982,145.94924926757812,238.98228454589844,16.633159637451172,-0.087310791015625,1.0,"[0.34595757722854614, 0.0, 0.6351384520530701, 0.9557765126228333]","[0.0, 0.0, -3.1957933970261365e-06, 0.00011933333735214546, -0.04418389871716499, 1.0, 0.016333334147930145, -3.1957933970261365e-06, 0.0, 0.0, 1.0172526572205243e-06, -0.016214000061154366, 0.0, 0.0]","[0.0, 0.0, 1.0, 1.9668687582015991, 0.0, 0.16212035715579987, 0.4335663914680481, 0.7187001705169678]",-1.1697789260138736
8.249999999999982,146.7267303466797,239.29049682617188,16.819419860839844,-0.089111328125,0.94921875,"[0.33373433351516724, 0.26930001378059387, 0.6258223652839661, 0.9551647901535034]","[0.0, 0.0, -3.1957933970261365e-06, 0.00011933333735214546, -0.04418389871716499, 1.0, 0.016333334147930145, -3.1957933970261365e-06, 0.0, 0.0, 1.0172526572205243e-06, -0.016214000061154366, 0.0, 0.0]","[0.0, 0.0, 1.0, 1.9668687582015991, 0.0, 0.16212035715579987, 0.4335663914680481, 0.7187001705169678]",-0.9948619488108743
8.299999999999983,147.5211944580078,239.5795135498047,16.994699478149414,-0.0919189453125,0.87109375,"[0.3222317099571228, 0.6912999749183655, 0.6108171343803406, 0.94948410987854]","[0.0, 0.0, -3.1957933970261365e-06, 0.00011933333735214546, -0.04418389871716499, 1.0, 0.016333334147930145, -3.1957933970261365e-06, 0.0, 0.0, 1.0172526572205243e-06, -0.016214000061154366, 0.0, 0.0]","[0.0, 0.0, 1.0, 1.9668687582015991, 0.0, 0.16212035715579987, 0.4335663914680481, 0.7187001705169678]",-0.49809729905915523
8.349999999999984,148.3311767578125,239.84909057617188,17.15509033203125,-0.092315673828125,0.83203125,"[0.31170618534088135, 0.9107000231742859, 0.5886034965515137, 0.9477257132530212]","[0.0, 0.0, -3.1957933970261365e-06, 0.00011933333735214546, -0.04418389871716499, 1.0, 0.016333334147930145, -3.1957933970261365e-06, 0.0, 0.0, 1.0172526572205243e-06, -0.016214000061154366, 0.0, 0.0]","[0.0, 0.0, 1.0, 1.9668687582015991, 0.0, 0.16212035715579987, 0.4335663914680481, 0.7187001705169678]",0.005205568716676878
8.399999999999984,149.15533447265625,240.09930419921875,17.303720474243164,-0.089569091796875,0.83203125,"[0.3019523620605469, 0.920199990272522, 0.5655969381332397, 0.9520043134689331]","[0.0, 0.0, -3.1957933970261365e-06, 0.00011933333735214546, -0.04418389871716499, 1.0, 0.016333334147930145, -3.1957933970261365e-06, 0.0, 0.0, 1.0172526572205243e-06, -0.016214000061154366, 0.0, 0.0]","[0.0, 0.0, 1.0, 1.9668687582015991, 0.0, 0.16212035715579987, 0.4335663914680481, 0.7187001705169678]",0.49138526255721326
8.449999999999985,149.9925537109375,240.3304901123047,17.445789337158203,-0.08355712890625,0.83203125,"[0.2926292419433594, 0.9297000169754028, 0.543329656124115, 0.955773651599884]","[0.0, 0.0, -3.1957933970261365e-06, 0.00011933333735214546, -0.04418389871716499, 1.0, 0.016333334147930145, -3.1957933970261365e-06, 0.0, 0.0, 1.0172526572205243e-06, -0.016214000061154366, 0.0, 0.0]","[0.0, 0.0, 1.0, 1.9668687582015991, 0.0, 0.16212035715579987, 0.4335663914680481, 0.7187001705169678]",0.6976801768826462
8.499999999999986,150.84193420410156,240.54315185546875,17.584360122680664,-0.075164794921875,0.828125,"[0.28353559970855713, 0.9610000252723694, 0.5208127498626709, 0.9558389186859131]","[0.0, 0.0, -3.1957933970261365e-06, 0.00011933333735214546, -0.04418389871716499, 1.0, 0.016333334147930145, -3.1957933970261365e-06, 0.0, 0.0, 1.0172526572205243e-06, -0.016214000061154366, 0.0, 0.0]","[0.0, 0.0, 1.0, 1.9668687582015991, 0.0, 0.16212035715579987, 0.4335663914680481, 0.7187001705169678]",0.7415170167400562
8.549999999999986,151.70263671875,240.738037109375,17.71933937072754,-0.065704345703125,0.80078125,"[0.2746776342391968, 1.0, 0.4965837597846985, 0.9538971185684204]","[0.0, 0.0, -3.1957933970261365e-06, 0.00011933333735214546, -0.04418389871716499, 1.0, 0.016333334147930145, -3.1957933970261365e-06, 0.0, 0.0, 1.0172526572205243e-06, -0.016214000061154366, 0.0, 0.0]","[0.0, 0.0, 1.0, 1.9668687582015991, 0.0, 0.16212035715579987, 0.4335663914680481, 0.7187001705169678]",0.23783472598309108
8.599999999999987,152.57379150390625,240.91552734375,17.844650268554688,-0.060699462890625,0.734375,"[0.2664541006088257, 1.0, 0.47712481021881104, 0.9574233889579773]","[0.0, 0.0, -3.1957933970261365e-06, 0.00011933333735214546, -0.04418389871716499, 1.0, 0.016333334147930145, -3.1957933970261365e-06, 0.0, 0.0, 1.0172526572205243e-06, -0.016214000061154366, 0.0, 0.0]","[0.0, 0.0, 1.0, 1.9668687582015991, 0.0, 0.16212035715579987, 0.4335663914680481, 0.7187001705169678]",-0.27961512694715873
8.649999999999988,153.45425415039062,241.0755157470703,17.95417022705078,-0.060150146484375,0.6796875,"[0.2592669129371643, 1.0, 0.4597683548927307, 0.9564237594604492]","[0.0, 0.0, -3.1957933970261365e-06, 0.00011933333735214546, -0.04418389871716499, 1.0, 0.016333334147930145, -3.1957933970261365e-06, 0.0, 0.0, 1.0172526572205243e-06, -0.016214000061154366, 0.0, 0.0]","[0.0, 0.0, 1.0, 1.9668687582015991, 0.0, 0.16212035715579987, 0.4335663914680481, 0.7187001705169678]",-0.4212186781019476
8.699999999999989,154.3426971435547,241.2178192138672,18.043630599975586,-0.063201904296875,0.60546875,"[0.2533961534500122, 1.0, 0.4440307319164276, 0.955754816532135]","[0.0, 0.0, -3.1957933970261365e-06, 0.00011933333735214546, -0.04418389871716499, 1.0, 0.016333334147930145, -3.1957933970261365e-06, 0.0, 0.0, 1.0172526572205243e-06, -0.016214000061154366, 0.0, 0.0]","[0.0, 0.0, 1.0, 1.9668687582015991, 0.0, 0.16212035715579987, 0.4335663914680481, 0.7187001705169678]",-0.9367909116889004
8.74999999999999,155.23760986328125,241.342041015625,18.10865020751953,-0.06817626953125,0.5234375,"[0.2491292953491211, 1.0, 0.4272509813308716, 0.9535734057426453]","[0.0, 0.0, -3.1957933970261365e-06, 0.00011933333735214546, -0.04418389871716499, 1.0, 0.016333334147930145, -3.1957933970261365e-06, 0.0, 0.0, 1.0172526572205243e-06, -0.016214000061154366, 0.0, 0.0]","[0.0, 0.0, 1.0, 1.9668687582015991, 0.0, 0.16212035715579987, 0.4335663914680481, 0.7187001705169678]",-1.446722546163477
8.79999999999999,156.1374053955078,241.44821166992188,18.153419494628906,-0.071746826171875,0.444427490234375,"[0.24619132280349731, 1.0, 0.4026351571083069, 0.9615180492401123]","[0.0, 0.0, -3.1957933970261365e-06, 0.00011933333735214546, -0.04418389871716499, 1.0, 0.016333334147930145, -3.1957933970261365e-06, 0.0, 0.0, 1.0172526572205243e-06, -0.016214000061154366, 0.0, 0.0]","[0.0, 0.0, 1.0, 1.9668687582015991, 0.0, 0.16212035715579987, 0.4335663914680481, 0.7187001705169678]",-1.9589743228858065
8.84999999999999,157.0407257080078,241.5361328125,18.174989700317383,-0.07177734375,0.3610992431640625,"[0.24477577209472656, 1.0, 0.38773757219314575, 0.960584819316864]","[0.0, 0.0, -3.1957933970261365e-06, 0.00011933333735214546, -0.04418389871716499, 1.0, 0.016333334147930145, -3.1957933970261365e-06, 0.0, 0.0, 1.0172526572205243e-06, -0.016214000061154366, 0.0, 0.0]","[0.0, 0.0, 1.0, 1.9668687582015991, 0.0, 0.16212035715579987, 0.4335663914680481, 0.7187001705169678]",-2.083336643927405
8.899999999999991,157.9457244873047,241.60581970214844,18.163869857788086,-0.069488525390625,0.2261962890625,"[0.24550551176071167, 1.0, 0.3471417725086212, 0.9514577984809875]","[0.0, 0.0, -3.1957933970261365e-06, 0.00011933333735214546, -0.04418389871716499, 1.0, 0.016333334147930145, -3.1957933970261365e-06, 0.0, 0.0, 1.0172526572205243e-06, -0.016214000061154366, 0.0, 0.0]","[0.0, 0.0, 1.0, 1.9668687582015991, 0.0, 0.16212035715579987, 0.4335663914680481, 0.7187001705169678]",-2.5874072205375502
8.949999999999992,158.850341796875,241.65757751464844,18.121540069580078,-0.06610107421875,0.20000000298023224,"[0.24828338623046875, 1.0, 0.37344658374786377, 0.9492020606994629]","[0.0, 0.0, -3.1957933970261365e-06, 0.00011933333735214546, -0.04418389871716499, 1.0, 0.016333334147930145, -3.1957933970261365e-06, 0.0, 0.0, 1.0172526572205243e-06, -0.016214000061154366, 0.0, 0.0]","[0.0, 0.0, 1.0, 1.9668687582015991, 0.0, 0.16212035715579987, 0.4335663914680481, 0.7187001705169678]",-3.089307183649618
8.999999999999993,159.75302124023438,241.69171142578125,18.05841064453125,-0.062774658203125,0.20000000298023224,"[0.25242626667022705, 1.0, 0.38600921630859375, 0.9582700133323669]","[0.0, 0.0, -3.1957933970261365e-06, 0.00011933333735214546, -0.04418389871716499, 1.0, 0.016333334147930145, -3.1957933970261365e-06, 0.0, 0.0, 1.0172526572205243e-06, -0.016214000061154366, 0.0, 0.0]","[0.0, 0.0, 1.0, 1.9668687582015991, 0.0, 0.16212035715579987, 0.4335663914680481, 0.7187001705169678]",-3.581699965901361
9.049999999999994,160.65264892578125,241.7084503173828,17.982540130615234,-0.060302734375,0.20000000298023224,"[0.257405161857605, 1.0, 0.39316922426223755, 0.9661600589752197]","[0.0, 0.0, -3.1957933970261365e-06, 0.00011933333735214546, -0.04418389871716499, 1.0, 0.016333334147930145, -3.1957933970261365e-06, 0.0, 0.0, 1.0172526572205243e-06, -0.016214000061154366, 0.0, 0.0]","[0.0, 0.0, 1.0, 1.9668687582015991, 0.0, 0.16212035715579987, 0.4335663914680481, 0.7187001705169678]",-3.6706137385219266
9.099999999999994,161.54844665527344,241.70822143554688,17.899370193481445,-0.057342529296875,0.20000000298023224,"[0.2628631591796875, 1.0, 0.39314591884613037, 0.9697385430335999]","[0.0, 0.0, -3.1957933970261365e-06, 0.00011933333735214546, -0.04418389871716499, 1.0, 0.016333334147930145, -3.1957933970261365e-06, 0.0, 0.0, 1.0172526572205243e-06, -0.016214000061154366, 0.0, 0.0]","[0.0, 0.0, 1.0, 1.9668687582015991, 0.0, 0.16212035715579987, 0.4335663914680481, 0.7187001705169678]",-4.139409239366444
9.149999999999995,162.4398651123047,241.6914520263672,17.81226921081543,-0.054290771484375,0.20000000298023224,"[0.2685791254043579, 1.0, 0.388907253742218, 0.9713886380195618]","[0.0, 0.0, -3.1957933970261365e-06, 0.00011933333735214546, -0.04418389871716499, 1.0, 0.016333334147930145, -3.1957933970261365e-06, 0.0, 0.0, 1.0172526572205243e-06, -0.016214000061154366, 0.0, 0.0]","[0.0, 0.0, 1.0, 1.9668687582015991, 0.0, 0.16212035715579987, 0.4335663914680481, 0.7187001705169678]",-4.584682123879115
9.199999999999996,163.3265380859375,241.658935546875,17.7237606048584,-0.04974365234375,0.20000000298023224,"[0.2743874788284302, 1.0, 0.37760353088378906, 0.9682363867759705]","[0.0, 0.0, -3.1957933970261365e-06, 0.00011933333735214546, -0.04418389871716499, 1.0, 0.016333334147930145, -3.1957933970261365e-06, 0.0, 0.0, 1.0172526572205243e-06, -0.016214000061154366, 0.0, 0.0]","[0.0, 0.0, 1.0, 1.9668687582015991, 0.0, 0.16212035715579987, 0.4335663914680481, 0.7187001705169678]",-5.014013092270457
9.249999999999996,164.2081756591797,241.61151123046875,17.63513946533203,-0.044952392578125,0.20000000298023224,"[0.2802032232284546, 1.0, 0.3637164533138275, 0.9671638011932373]","[0.0, 0.0, -3.1957933970261365e-06, 0.00011933333735214546, -0.04418389871716499, 1.0, 0.016333334147930145, -3.1957933970261365e-06, 0.0, 0.0, 1.0172526572205243e-06, -0.016214000061154366, 0.0, 0.0]","[0.0, 0.0, 1.0, 1.9668687582015991, 0.0, 0.16212035715579987, 0.4335663914680481, 0.7187001705169678]",-4.959828002482551
9.299999999999997,165.08460998535156,241.550048828125,17.54707908630371,-0.040496826171875,0.20000000298023224,"[0.2859821319580078, 1.0, 0.34869274497032166, 0.9669286608695984]","[0.0, 0.0, -3.1957933970261365e-06, 0.00011933333735214546, -0.04418389871716499, 1.0, 0.016333334147930145, -3.1957933970261365e-06, 0.0, 0.0, 1.0172526572205243e-06, -0.016214000061154366, 0.0, 0.0]","[0.0, 0.0, 1.0, 1.9668687582015991, 0.0, 0.16212035715579987, 0.4335663914680481, 0.7187001705169678]",-5.334833322330191
9.349999999999998,165.95571899414062,241.47561645507812,17.46017074584961,-0.03558349609375,0.20000000298023224,"[0.29168546199798584, 1.0, 0.33028483390808105, 0.9640611410140991]","[0.0, 0.0, -3.1957933970261365e-06, 0.00011933333735214546, -0.04418389871716499, 1.0, 0.016333334147930145, -3.1957933970261365e-06, 0.0, 0.0, 1.0172526572205243e-06, -0.016214000061154366, 0.0, 0.0]","[0.0, 0.0, 1.0, 1.9668687582015991, 0.0, 0.16212035715579987, 0.4335663914680481, 0.7187001705169678]",-5.687443244456637
9.399999999999999,166.821533203125,241.38946533203125,17.374900817871094,-0.0294189453125,0.20000000298023224,"[0.2972812056541443, 1.0, 0.30448436737060547, 0.9589873552322388]","[0.0, 0.0, -3.1957933970261365e-06, 0.00011933333735214546, -0.04418389871716499, 1.0, 0.016333334147930145, -3.1957933970261365e-06, 0.0, 0.0, 1.0172526572205243e-06, -0.016214000061154366, 0.0, 0.0]","[0.0, 0.0, 1.0, 1.9668687582015991, 0.0, 0.16212035715579987, 0.4335663914680481, 0.7187001705169678]",-6.0398975467692795
9.45,167.68212890625,241.29319763183594,17.29166030883789,-0.020782470703125,0.20000000298023224,"[0.3027437925338745, 1.0, 0.26804834604263306, 0.9503055214881897]","[0.0, 0.0, -3.1957933970261365e-06, 0.00011933333735214546, -0.04418389871716499, 1.0, 0.016333334147930145, -3.1957933970261365e-06, 0.0, 0.0, 1.0172526572205243e-06, -0.016214000061154366, 0.0, 0.0]","[0.0, 0.0, 1.0, 1.9668687582015991, 0.0, 0.16212035715579987, 0.4335663914680481, 0.7187001705169678]",-5.826960809833405
9.5,168.53770446777344,241.188720703125,17.21031951904297,-0.0103759765625,0.20000000298023224,"[0.30808180570602417, 1.0, 0.22496835887432098, 0.9437212944030762]","[0.0, 0.0, -3.1957933970261365e-06, 0.00011933333735214546, -0.04418389871716499, 1.0, 0.016333334147930145, -3.1957933970261365e-06, 0.0, 0.0, 1.0172526572205243e-06, -0.016214000061154366, 0.0, 0.0]","[0.0, 0.0, 1.0, 1.9668687582015991, 0.0, 0.16212035715579987, 0.4335663914680481, 0.7187001705169678]",-6.08171443000745
9.55,169.3885955810547,241.07830810546875,17.130550384521484,0.002899169921875,0.20000000298023224,"[0.31331658363342285, 1.0, 0.1710272580385208, 0.9325363636016846]","[0.0, 0.0, -3.1957933970261365e-06, 0.00011933333735214546, -0.04418389871716499, 1.0, 0.016333334147930145, -3.1957933970261365e-06, 0.0, 0.0, 1.0172526572205243e-06, -0.016214000061154366, 0.0, 0.0]","[0.0, 0.0, 1.0, 1.9668687582015991, 0.0, 0.16212035715579987, 0.4335663914680481, 0.7187001705169678]",-6.312984235439848
9.600000000000001,170.2350616455078,240.96437072753906,17.051610946655273,0.0145263671875,0.20000000298023224,"[0.3184969425201416, 1.0, 0.12084440141916275, 0.9364970326423645]","[0.0, 0.0, -3.1957933970261365e-06, 0.00011933333735214546, -0.04418389871716499, 1.0, 0.016333334147930145, -3.1957933970261365e-06, 0.0, 0.0, 1.0172526572205243e-06, -0.016214000061154366, 0.0, 0.0]","[0.0, 0.0, 1.0, 1.9668687582015991, 0.0, 0.16212035715579987, 0.4335663914680481, 0.7187001705169678]",-6.532240996717265
9.650000000000002,171.07745361328125,240.84950256347656,16.972759246826172,0.028900146484375,0.20000000298023224,"[0.32367151975631714, 1.0, 0.07900307327508926, 0.9245396852493286]","[0.0, 0.0, -3.1957933970261365e-06, 0.00011933333735214546, -0.04418389871716499, 1.0, 0.016333334147930145, -3.1957933970261365e-06, 0.0, 0.0, 1.0172526572205243e-06, -0.016214000061154366, 0.0, 0.0]","[0.0, 0.0, 1.0, 1.9668687582015991, 0.0, 0.16212035715579987, 0.4335663914680481, 0.7187001705169678]",-6.152012467996937
9.700000000000003,171.91622924804688,240.73681640625,16.892820358276367,0.044891357421875,0.20000000298023224,"[0.3289175033569336, 1.0, 0.14740659296512604, 0.9190086126327515]","[0.0, 0.0, -3.1957933970261365e-06, 0.00011933333735214546, -0.04418389871716499, 1.0, 0.016333334147930145, -3.1957933970261365e-06, 0.0, 0.0, 1.0172526572205243e-06, -0.016214000061154366, 0.0, 0.0]","[0.0, 0.0, 1.0, 1.9668687582015991, 0.0, 0.16212035715579987, 0.4335663914680481, 0.7187001705169678]",-6.380748857997297
9.750000000000004,172.75160217285156,240.62928771972656,16.810810089111328,0.0606689453125,0.20000000298023224,"[0.33429938554763794, 1.0, 0.2156408727169037, 0.9195284843444824]","[0.0, 0.0, -3.1957933970261365e-06, 0.00011933333735214546, -0.04418389871716499, 1.0, 0.016333334147930145, -3.1957933970261365e-06, 0.0, 0.0, 1.0172526572205243e-06, -0.016214000061154366, 0.0, 0.0]","[0.0, 0.0, 1.0, 1.9668687582015991, 0.0, 0.16212035715579987, 0.4335663914680481, 0.7187001705169678]",-6.588155550271787
9.800000000000004,173.58380126953125,240.53013610839844,16.72542953491211,0.077484130859375,0.20000000298023224,"[0.33990246057510376, 1.0, 0.2810922861099243, 0.9161940217018127]","[0.0, 0.0, -3.1957933970261365e-06, 0.00011933333735214546, -0.04418389871716499, 1.0, 0.016333334147930145, -3.1957933970261365e-06, 0.0, 0.0, 1.0172526572205243e-06, -0.016214000061154366, 0.0, 0.0]","[0.0, 0.0, 1.0, 1.9668687582015991, 0.0, 0.16212035715579987, 0.4335663914680481, 0.7187001705169678]",-6.861556171225315
9.850000000000005,174.4127960205078,240.4423370361328,16.636199951171875,0.092437744140625,0.20000000298023224,"[0.3457580804824829, 1.0, 0.33605360984802246, 0.9223876595497131]","[0.0, 0.0, -3.1957933970261365e-06, 0.00011933333735214546, -0.04418389871716499, 1.0, 0.016333334147930145, -3.1957933970261365e-06, 0.0, 0.0, 1.0172526572205243e-06, -0.016214000061154366, 0.0, 0.0]","[0.0, 0.0, 1.0, 1.9668687582015991, 0.0, 0.16212035715579987, 0.4335663914680481, 0.7187001705169678]",-6.800922129469356
9.900000000000006,175.23849487304688,240.36886596679688,16.541820526123047,0.1080322265625,0.20000000298023224,"[0.3519516587257385, 1.0, 0.3928619623184204, 0.920458197593689]","[0.0, 0.0, -3.1957933970261365e-06, 0.00011933333735214546, -0.04418389871716499, 1.0, 0.016333334147930145, -3.1957933970261365e-06, 0.0, 0.0, 1.0172526572205243e-06, -0.016214000061154366, 0.0, 0.0]","[0.0, 0.0, 1.0, 1.9668687582015991, 0.0, 0.16212035715579987, 0.4335663914680481, 0.7187001705169678]",-7.134464229625081
9.950000000000006,176.0605010986328,240.312744140625,16.440540313720703,0.125335693359375,0.20000000298023224,"[0.35859811305999756, 1.0, 0.452644407749176, 0.9167352914810181]","[0.0, 0.0, -3.1957933970261365e-06, 0.00011933333735214546, -0.04418389871716499, 1.0, 0.016333334147930145, -3.1957933970261365e-06, 0.0, 0.0, 1.0172526572205243e-06, -0.016214000061154366, 0.0, 0.0]","[0.0, 0.0, 1.0, 1.9668687582015991, 0.0, 0.16212035715579987, 0.4335663914680481, 0.7187001705169678]",-7.480309615101074
10.000000000000007,176.87838745117188,240.27549743652344,16.339569091796875,0.144012451171875,0.20000000298023224,"[0.36522436141967773, 1.0, 0.46764087677001953, 0.9616872072219849]","[0.0, 0.0, -3.1957933970261365e-06, 0.00011933333735214546, -0.04418389871716499, 1.0, 0.016333334147930145, -3.1957933970261365e-06, 0.0, 0.0, 1.0172526572205243e-06, -0.016214000061154366, 0.0, 0.0]","[0.0, 0.0, 1.0, 1.9668687582015991, 0.0, 0.16212035715579987, 0.4335663914680481, 0.7187001705169678]",-7.817178482492336
10.050000000000008,177.69122314453125,240.26123046875,16.217710494995117,0.166259765625,0.20000000298023224,"[0.373221218585968, 1.0, 0.5816760659217834, 0.8605709075927734]","[0.0, 0.0, -3.1957933970261365e-06, 0.00011933333735214546, -0.04418389871716499, 1.0, 0.016333334147930145, -3.1957933970261365e-06, 0.0, 0.0, 1.0172526572205243e-06, -0.016214000061154366, 0.0, 0.0]","[0.0, 0.0, 1.0, 1.9668687582015991, 0.0, 0.16212035715579987, 0.4335663914680481, 0.7187001705169678]",-7.638922083306644
10.100000000000009,178.497314453125,240.27346801757812,16.083219528198242,0.188873291015625,0.20000000298023224,"[0.3820471167564392, 1.0, 0.6230527758598328, 0.9079113006591797]","[0.0, 0.0, -3.1957933970261365e-06, 0.00011933333735214546, -0.04418389871716499, 1.0, 0.016333334147930145, -3.1957933970261365e-06, 0.0, 0.0, 1.0172526572205243e-06, -0.016214000061154366, 0.0, 0.0]","[0.0, 0.0, 1.0, 1.9668687582015991, 0.0, 0.16212035715579987, 0.4335663914680481, 0.7187001705169678]",-7.930682020458709
10.15000000000001,179.2950897216797,240.31466674804688,15.935420036315918,0.212310791015625,0.20000000298023224,"[0.391746461391449, 1.0, 0.6311511993408203, 0.9056044816970825]","[0.0, 0.0, -3.1957933970261365e-06, 0.00011933333735214546, -0.04418389871716499, 1.0, 0.016333334147930145, -3.1957933970261365e-06, 0.0, 0.0, 1.0172526572205243e-06, -0.016214000061154366, 0.0, 0.0]","[0.0, 0.0, 1.0, 1.9668687582015991, 0.0, 0.16212035715579987, 0.4335663914680481, 0.7187001705169678]",-8.224386317423853
10.20000000000001,180.08245849609375,240.38717651367188,15.77318000793457,0.23529052734375,0.20000000298023224,"[0.40239328145980835, 1.0, 0.6394571661949158, 0.903546929359436]","[0.0, 0.0, -3.1957933970261365e-06, 0.00011933333735214546, -0.04418389871716499, 1.0, 0.016333334147930145, -3.1957933970261365e-06, 0.0, 0.0, 1.0172526572205243e-06, -0.016214000061154366, 0.0, 0.0]","[0.0, 0.0, 1.0, 1.9668687582015991, 0.0, 0.16212035715579987, 0.4335663914680481, 0.7187001705169678]",-8.478086588229619
10.25000000000001,180.85720825195312,240.49290466308594,15.598719596862793,0.25311279296875,0.20000000298023224,"[0.41384226083755493, 1.0, 0.6452673077583313, 0.9100189805030823]","[0.0, 0.0, -3.1957933970261365e-06, 0.00011933333735214546, -0.04418389871716499, 1.0, 0.016333334147930145, -3.1957933970261365e-06, 0.0, 0.0, 1.0172526572205243e-06, -0.016214000061154366, 0.0, 0.0]","[0.0, 0.0, 1.0, 1.9668687582015991, 0.0, 0.16212035715579987, 0.4335663914680481, 0.7187001705169678]",-8.130613396386169
10.300000000000011,181.616943359375,240.63319396972656,15.413260459899902,0.26727294921875,0.20000000298023224,"[0.42601293325424194, 1.0, 0.6494588851928711, 0.9125635623931885]","[0.0, 0.0, -3.1957933970261365e-06, 0.00011933333735214546, -0.04418389871716499, 1.0, 0.016333334147930145, -3.1957933970261365e-06, 0.0, 0.0, 1.0172526572205243e-06, -0.016214000061154366, 0.0, 0.0]","[0.0, 0.0, 1.0, 1.9668687582015991, 0.0, 0.16212035715579987, 0.4335663914680481, 0.7187001705169678]",-8.32536210919801
10.350000000000012,182.35910034179688,240.80902099609375,15.216779708862305,0.280029296875,0.20000000298023224,"[0.43890678882598877, 1.0, 0.6533081531524658, 0.9114153385162354]","[0.0, 0.0, -3.1957933970261365e-06, 0.00011933333735214546, -0.04418389871716499, 1.0, 0.016333334147930145, -3.1957933970261365e-06, 0.0, 0.0, 1.0172526572205243e-06, -0.016214000061154366, 0.0, 0.0]","[0.0, 0.0, 1.0, 1.9668687582015991, 0.0, 0.16212035715579987, 0.4335663914680481, 0.7187001705169678]",-8.499712241241939
10.400000000000013,183.08084106445312,241.02101135253906,15.00885009765625,0.2926025390625,0.20000000298023224,"[0.45255202054977417, 1.0, 0.65741366147995, 0.9086580872535706]","[0.0, 0.0, -3.1957933970261365e-06, 0.00011933333735214546, -0.04418389871716499, 1.0, 0.016333334147930145, -3.1957933970261365e-06, 0.0, 0.0, 1.0172526572205243e-06, -0.016214000061154366, 0.0, 0.0]","[0.0, 0.0, 1.0, 1.9668687582015991, 0.0, 0.16212035715579987, 0.4335663914680481, 0.7187001705169678]",-8.65780205036087
10.450000000000014,183.7790985107422,241.26939392089844,14.788660049438477,0.30987548828125,0.25396728515625,"[0.46700191497802734, 1.0, 0.6621499061584473, 0.902281641960144]","[0.0, 0.0, -3.1957933970261365e-06, 0.00011933333735214546, -0.04418389871716499, 1.0, 0.016333334147930145, -3.1957933970261365e-06, 0.0, 0.0, 1.0172526572205243e-06, -0.016214000061154366, 0.0, 0.0]","[0.0, 0.0, 1.0, 1.9668687582015991, 0.0, 0.16212035715579987, 0.4335663914680481, 0.7187001705169678]",-8.232498586767006
10.500000000000014,184.45083618164062,241.5541534423828,14.56332015991211,0.3272705078125,0.376983642578125,"[0.481789767742157, 1.0, 0.6610905528068542, 0.906748354434967]","[0.0, 0.0, -3.1957933970261365e-06, 0.00011933333735214546, -0.04418389871716499, 1.0, 0.016333334147930145, -3.1957933970261365e-06, 0.0, 0.0, 1.0172526572205243e-06, -0.016214000061154366, 0.0, 0.0]","[0.0, 0.0, 1.0, 1.9668687582015991, 0.0, 0.16212035715579987, 0.4335663914680481, 0.7187001705169678]",-8.359807127741297
10.550000000000015,185.09353637695312,241.874755859375,14.343999862670898,0.340240478515625,0.444427490234375,"[0.49618250131607056, 1.0, 0.650948166847229, 0.9135238528251648]","[0.0, 0.0, -3.1957933970261365e-06, 0.00011933333735214546, -0.04418389871716499, 1.0, 0.016333334147930145, -3.1957933970261365e-06, 0.0, 0.0, 1.0172526572205243e-06, -0.016214000061154366, 0.0, 0.0]","[0.0, 0.0, 1.0, 1.9668687582015991, 0.0, 0.16212035715579987, 0.4335663914680481, 0.7187001705169678]",-8.432478220817215
10.600000000000016,185.70494079589844,242.23046875,14.135519981384277,0.34820556640625,0.5,"[0.5098639130592346, 1.0, 0.6373032927513123, 0.9171926379203796]","[0.0, 0.0, -3.1957933970261365e-06, 0.00011933333735214546, -0.04418389871716499, 1.0, 0.016333334147930145, -3.1957933970261365e-06, 0.0, 0.0, 1.0172526572205243e-06, -0.016214000061154366, 0.0, 0.0]","[0.0, 0.0, 1.0, 1.9668687582015991, 0.0, 0.16212035715579987, 0.4335663914680481, 0.7187001705169678]",-8.472626966696634
10.650000000000016,186.28306579589844,242.62001037597656,13.94176959991455,0.3502197265625,0.546875,"[0.5225786566734314, 1.0, 0.6210945248603821, 0.9211007952690125]","[0.0, 0.0, -3.1957933970261365e-06, 0.00011933333735214546, -0.04418389871716499, 1.0, 0.016333334147930145, -3.1957933970261365e-06, 0.0, 0.0, 1.0172526572205243e-06, -0.016214000061154366, 0.0, 0.0]","[0.0, 0.0, 1.0, 1.9668687582015991, 0.0, 0.16212035715579987, 0.4335663914680481, 0.7187001705169678]",-7.8554676847673885
10.700000000000017,186.8265380859375,243.04161071777344,13.763899803161621,0.3470458984375,0.58984375,"[0.5342512726783752, 1.0, 0.6057054996490479, 0.9115077257156372]","[0.0, 0.0, -3.1957933970261365e-06, 0.00011933333735214546, -0.04418389871716499, 1.0, 0.016333334147930145, -3.1957933970261365e-06, 0.0, 0.0, 1.0172526572205243e-06, -0.016214000061154366, 0.0, 0.0]","[0.0, 0.0, 1.0, 1.9668687582015991, 0.0, 0.16212035715579987, 0.4335663914680481, 0.7187001705169678]",-7.884945548885243
10.750000000000018,187.33798217773438,243.48944091796875,13.595390319824219,0.3389892578125,0.640625,"[0.5453096628189087, 1.0, 0.5918567180633545, 0.9040194749832153]","[0.0, 0.0, -3.1957933970261365e-06, 0.00011933333735214546, -0.04418389871716499, 1.0, 0.016333334147930145, -3.1957933970261365e-06, 0.0, 0.0, 1.0172526572205243e-06, -0.016214000061154366, 0.0, 0.0]","[0.0, 0.0, 1.0, 1.9668687582015991, 0.0, 0.16212035715579987, 0.4335663914680481, 0.7187001705169678]",-7.92021657853074
10.800000000000018,187.80902099609375,243.9687042236328,13.447959899902344,0.327239990234375,0.72265625,"[0.5549846887588501, 1.0, 0.5639631152153015, 0.876822829246521]","[0.0, 0.0, -3.1957933970261365e-06, 0.00011933333735214546, -0.04418389871716499, 1.0, 0.016333334147930145, -3.1957933970261365e-06, 0.0, 0.0, 1.0172526572205243e-06, -0.016214000061154366, 0.0, 0.0]","[0.0, 0.0, 1.0, 1.9668687582015991, 0.0, 0.16212035715579987, 0.4335663914680481, 0.7187001705169678]",-7.964635934270177
10.85000000000002,188.2396697998047,244.47601318359375,13.33611011505127,0.313690185546875,0.80078125,"[0.5623247623443604, 0.7986000180244446, 0.538790762424469, 0.89058917760849]","[0.0, 0.0, -3.1957933970261365e-06, 0.00011933333735214546, -0.04418389871716499, 1.0, 0.016333334147930145, -3.1957933970261365e-06, 0.0, 0.0, 1.0172526572205243e-06, -0.016214000061154366, 0.0, 0.0]","[0.0, 0.0, 1.0, 1.9668687582015991, 0.0, 0.16212035715579987, 0.4335663914680481, 0.7187001705169678]",-7.47320035099286
10.90000000000002,188.63148498535156,245.00860595703125,13.26671028137207,0.30303955078125,0.87890625,"[0.5668790936470032, 0.4853000044822693, 0.5201563835144043, 0.8827193975448608]","[0.0, 0.0, -3.1957933970261365e-06, 0.00011933333735214546, -0.04418389871716499, 1.0, 0.016333334147930145, -3.1957933970261365e-06, 0.0, 0.0, 1.0172526572205243e-06, -0.016214000061154366, 0.0, 0.0]","[0.0, 0.0, 1.0, 1.9668687582015991, 0.0, 0.16212035715579987, 0.4335663914680481, 0.7187001705169678]",-7.5770997880957545
10.95000000000002,188.98458862304688,245.56427001953125,13.224180221557617,0.294891357421875,0.90234375,"[0.5696700811386108, 0.38960000872612, 0.5467613339424133, 0.941707968711853]","[0.0, 0.0, -3.1957933970261365e-06, 0.00011933333735214546, -0.04418389871716499, 1.0, 0.016333334147930145, -3.1957933970261365e-06, 0.0, 0.0, 1.0172526572205243e-06, -0.016214000061154366, 0.0, 0.0]","[0.0, 0.0, 1.0, 1.9668687582015991, 0.0, 0.16212035715579987, 0.4335663914680481, 0.7187001705169678]",-7.703569720454839
11.000000000000021,189.2989044189453,246.1409912109375,13.20341968536377,0.28826904296875,0.91015625,"[0.5710325241088867, 0.35920000076293945, 0.5589226484298706, 0.9422548413276672]","[0.0, 0.0, -3.1957933970261365e-06, 0.00011933333735214546, -0.04418389871716499, 1.0, 0.016333334147930145, -3.1957933970261365e-06, 0.0, 0.0, 1.0172526572205243e-06, -0.016214000061154366, 0.0, 0.0]","[0.0, 0.0, 1.0, 1.9668687582015991, 0.0, 0.16212035715579987, 0.4335663914680481, 0.7187001705169678]",-7.855490575750572
11.050000000000022,189.57264709472656,246.73838806152344,13.210410118103027,0.276702880859375,0.921875,"[0.5705737471580505, 0.31209999322891235, 0.57917320728302, 0.9288121461868286]","[0.0, 0.0, -3.1957933970261365e-06, 0.00011933333735214546, -0.04418389871716499, 1.0, 0.016333334147930145, -3.1957933970261365e-06, 0.0, 0.0, 1.0172526572205243e-06, -0.016214000061154366, 0.0, 0.0]","[0.0, 0.0, 1.0, 1.9668687582015991, 0.0, 0.16212035715579987, 0.4335663914680481, 0.7187001705169678]",-7.59288178983739
11.100000000000023,189.80770874023438,247.3536834716797,13.254560470581055,0.2574462890625,0.9375,"[0.5676764249801636, 0.2522999942302704, 0.6023411154747009, 0.8933246731758118]","[0.0, 0.0, -3.1957933970261365e-06, 0.00011933333735214546, -0.04418389871716499, 1.0, 0.016333334147930145, -3.1957933970261365e-06, 0.0, 0.0, 1.0172526572205243e-06, -0.016214000061154366, 0.0, 0.0]","[0.0, 0.0, 1.0, 1.9668687582015991, 0.0, 0.16212035715579987, 0.4335663914680481, 0.7187001705169678]",-7.8221483694278415
11.150000000000023,190.00390625,247.9855194091797,13.325480461120605,0.231475830078125,0.95703125,"[0.5630223155021667, 0.17499999701976776, 0.6201569437980652, 0.9399055242538452]","[0.0, 0.0, -3.1957933970261365e-06, 0.00011933333735214546, -0.04418389871716499, 1.0, 0.016333334147930145, -3.1957933970261365e-06, 0.0, 0.0, 1.0172526572205243e-06, -0.016214000061154366, 0.0, 0.0]","[0.0, 0.0, 1.0, 1.9668687582015991, 0.0, 0.16212035715579987, 0.4335663914680481, 0.7187001705169678]",-8.08514915046282
11.200000000000024,190.16464233398438,248.63221740722656,13.428159713745117,0.20068359375,0.9765625,"[0.5562840700149536, 0.09679999947547913, 0.6418549418449402, 0.9150726199150085]","[0.0, 0.0, -3.1957933970261365e-06, 0.00011933333735214546, -0.04418389871716499, 1.0, 0.016333334147930145, -3.1957933970261365e-06, 0.0, 0.0, 1.0172526572205243e-06, -0.016214000061154366, 0.0, 0.0]","[0.0, 0.0, 1.0, 1.9668687582015991, 0.0, 0.16212035715579987, 0.4335663914680481, 0.7187001705169678]",-8.3790637262968
11.250000000000025,190.29263305664062,249.29270935058594,13.560159683227539,0.16583251953125,0.9921875,"[0.5476216077804565, 0.03280000016093254, 0.6621657013893127, 0.9024083018302917]","[0.0, 0.0, -3.1957933970261365e-06, 0.00011933333735214546, -0.04418389871716499, 1.0, 0.016333334147930145, -3.1957933970261365e-06, 0.0, 0.0, 1.0172526572205243e-06, -0.016214000061154366, 0.0, 0.0]","[0.0, 0.0, 1.0, 1.9668687582015991, 0.0, 0.16212035715579987, 0.4335663914680481, 0.7187001705169678]",-8.371943688958272
11.300000000000026,190.39105224609375,249.9662322998047,13.717920303344727,0.128082275390625,1.0,"[0.5372686386108398, 0.0, 0.6795024275779724, 0.8857373595237732]","[0.0, 0.0, -3.1957933970261365e-06, 0.00011933333735214546, -0.04418389871716499, 1.0, 0.016333334147930145, -3.1957933970261365e-06, 0.0, 0.0, 1.0172526572205243e-06, -0.016214000061154366, 0.0, 0.0]","[0.0, 0.0, 1.0, 1.9668687582015991, 0.0, 0.16212035715579987, 0.4335663914680481, 0.7187001705169678]",-8.731161965945558
11.350000000000026,190.46368408203125,250.65213012695312,13.896679878234863,0.087860107421875,1.0,"[0.5255376696586609, 0.0, 0.6286962628364563, 0.866544783115387]","[0.0, 0.0, -3.1957933970261365e-06, 0.00011933333735214546, -0.04418389871716499, 1.0, 0.016333334147930145, -3.1957933970261365e-06, 0.0, 0.0, 1.0172526572205243e-06, -0.016214000061154366, 0.0, 0.0]","[0.0, 0.0, 1.0, 1.9668687582015991, 0.0, 0.16212035715579987, 0.4335663914680481, 0.7187001705169678]",-9.111167224671266
11.400000000000027,190.51397705078125,251.3498992919922,14.086629867553711,0.059112548828125,1.0,"[0.5130722522735596, 0.0, 0.5674883723258972, 0.8860302567481995]","[0.0, 0.0, -3.1957933970261365e-06, 0.00011933333735214546, -0.04418389871716499, 1.0, 0.016333334147930145, -3.1957933970261365e-06, 0.0, 0.0, 1.0172526572205243e-06, -0.016214000061154366, 0.0, 0.0]","[0.0, 0.0, 1.0, 1.9668687582015991, 0.0, 0.16212035715579987, 0.4335663914680481, 0.7187001705169678]",-9.508732300003222
11.450000000000028,190.54409790039062,252.05882263183594,14.281180381774902,0.048309326171875,1.0,"[0.9689024686813354, 0.0, 0.5328408479690552, 0.9236376881599426]","[0.0, 0.0, -3.1957933970261365e-06, 0.00011933333735214546, -0.04418389871716499, 1.0, 0.016333334147930145, -3.1957933970261365e-06, 0.0, 0.0, 1.0172526572205243e-06, -0.016214000061154366, 0.0, 0.0]","[0.0, 0.0, 1.0, 1.9668687582015991, 0.0, 0.16212035715579987, 0.4335663914680481, 0.7187001705169678]",-9.623291405857135
11.500000000000028,190.5559844970703,252.77828979492188,14.479490280151367,0.044464111328125,1.0,"[0.9623955488204956, 0.0, 0.49994590878486633, 0.9307034015655518]","[0.0, 0.0, -3.1957933970261365e-06, 0.00011933333735214546, -0.04418389871716499, 1.0, 0.016333334147930145, -3.1957933970261365e-06, 0.0, 0.0, 1.0172526572205243e-06, -0.016214000061154366, 0.0, 0.0]","[0.0, 0.0, 1.0, 1.9668687582015991, 0.0, 0.16212035715579987, 0.4335663914680481, 0.7187001705169678]",-10.043869901188058
11.55000000000003,190.5519256591797,253.50804138183594,14.681599617004395,0.041107177734375,1.0,"[0.9557638764381409, 0.0, 0.46290019154548645, 0.9284818172454834]","[0.0, 0.0, -3.1957933970261365e-06, 0.00011933333735214546, -0.04418389871716499, 1.0, 0.016333334147930145, -3.1957933970261365e-06, 0.0, 0.0, 1.0172526572205243e-06, -0.016214000061154366, 0.0, 0.0]","[0.0, 0.0, 1.0, 1.9668687582015991, 0.0, 0.16212035715579987, 0.4335663914680481, 0.7187001705169678]",-10.472707106104462
11.60000000000003,190.53419494628906,254.2478485107422,14.887140274047852,0.0362548828125,1.0,"[0.9490196108818054, 0.0, 0.4224276840686798, 0.9273256659507751]","[0.0, 0.0, -3.1957933970261365e-06, 0.00011933333735214546, -0.04418389871716499, 1.0, 0.016333334147930145, -3.1957933970261365e-06, 0.0, 0.0, 1.0172526572205243e-06, -0.016214000061154366, 0.0, 0.0]","[0.0, 0.0, 1.0, 1.9668687582015991, 0.0, 0.16212035715579987, 0.4335663914680481, 0.7187001705169678]",-10.92259800212336
11.65000000000003,190.5052490234375,254.99778747558594,15.095959663391113,0.02685546875,1.0,"[0.9421677589416504, 0.0, 0.3721819818019867, 0.9188914895057678]","[0.0, 0.0, -3.1957933970261365e-06, 0.00011933333735214546, -0.04418389871716499, 1.0, 0.016333334147930145, -3.1957933970261365e-06, 0.0, 0.0, 1.0172526572205243e-06, -0.016214000061154366, 0.0, 0.0]","[0.0, 0.0, 1.0, 1.9668687582015991, 0.0, 0.16212035715579987, 0.4335663914680481, 0.7187001705169678]",-11.127612646351277
11.700000000000031,190.46751403808594,255.75794982910156,15.30698013305664,0.015899658203125,1.0,"[0.9352437257766724, 0.0, 0.3232162594795227, 0.9200220108032227]","[0.0, 0.0, -3.1957933970261365e-06, 0.00011933333735214546, -0.04418389871716499, 1.0, 0.016333334147930145, -3.1957933970261365e-06, 0.0, 0.0, 1.0172526572205243e-06, -0.016214000061154366, 0.0, 0.0]","[0.0, 0.0, 1.0, 1.9668687582015991, 0.0, 0.16212035715579987, 0.4335663914680481, 0.7187001705169678]",-11.619304683637996
11.750000000000032,190.42201232910156,256.5282897949219,15.518449783325195,0.009674072265625,1.0,"[0.92830491065979, 0.0, 0.31033188104629517, 0.9588878154754639]","[0.0, 0.0, -3.1957933970261365e-06, 0.00011933333735214546, -0.04418389871716499, 1.0, 0.016333334147930145, -3.1957933970261365e-06, 0.0, 0.0, 1.0172526572205243e-06, -0.016214000061154366, 0.0, 0.0]","[0.0, 0.0, 1.0, 1.9668687582015991, 0.0, 0.16212035715579987, 0.4335663914680481, 0.7187001705169678]",-12.129762918076326
11.800000000000033,190.37020874023438,257.3089294433594,15.731280326843262,0.00848388671875,1.0,"[0.9213215112686157, 0.0, 0.2735481262207031, 0.9324060678482056]","[0.0, 0.0, -3.1957933970261365e-06, 0.00011933333735214546, -0.04418389871716499, 1.0, 0.016333334147930145, -3.1957933970261365e-06, 0.0, 0.0, 1.0172526572205243e-06, -0.016214000061154366, 0.0, 0.0]","[0.0, 0.0, 1.0, 1.9668687582015991, 0.0, 0.16212035715579987, 0.4335663914680481, 0.7187001705169678]",-12.662443691368207
11.850000000000033,190.31396484375,258.0999755859375,15.94497013092041,-0.000335693359375,1.0,"[0.9143098592758179, 0.0, 0.23675471544265747, 0.9322764277458191]","[0.0, 0.0, -3.1957933970261365e-06, 0.00011933333735214546, -0.04418389871716499, 1.0, 0.016333334147930145, -3.1957933970261365e-06, 0.0, 0.0, 1.0172526572205243e-06, -0.016214000061154366, 0.0, 0.0]","[0.0, 0.0, 1.0, 1.9668687582015991, 0.0, 0.16212035715579987, 0.4335663914680481, 0.7187001705169678]",-12.988144772257838
11.900000000000034,190.25559997558594,258.901611328125,16.15877914428711,-0.015167236328125,1.0,"[0.9072942733764648, 0.0, 0.19310811161994934, 0.9145399928092957]","[0.0, 0.0, -3.1957933970261365e-06, 0.00011933333735214546, -0.04418389871716499, 1.0, 0.016333334147930145, -3.1957933970261365e-06, 0.0, 0.0, 1.0172526572205243e-06, -0.016214000061154366, 0.0, 0.0]","[0.0, 0.0, 1.0, 1.9668687582015991, 0.0, 0.16212035715579987, 0.4335663914680481, 0.7187001705169678]",-13.55775351124495
11.950000000000035,190.19747924804688,259.71405029296875,16.37187957763672,-0.0301513671875,1.0,"[0.900301992893219, 0.0, 0.24417449533939362, 0.915948212146759]","[0.0, 0.0, -3.1957933970261365e-06, 0.00011933333735214546, -0.04418389871716499, 1.0, 0.016333334147930145, -3.1957933970261365e-06, 0.0, 0.0, 1.0172526572205243e-06, -0.016214000061154366, 0.0, 0.0]","[0.0, 0.0, 1.0, 1.9668687582015991, 0.0, 0.16212035715579987, 0.4335663914680481, 0.7187001705169678]",-14.13080052862084
12.000000000000036,190.14157104492188,260.53729248046875,16.58448028564453,-0.04071044921875,1.0,"[0.8933261036872864, 0.0, 0.28396791219711304, 0.9276870489120483]","[0.0, 0.0, -3.1957933970261365e-06, 0.00011933333735214546, -0.04418389871716499, 1.0, 0.016333334147930145, -3.1957933970261365e-06, 0.0, 0.0, 1.0172526572205243e-06, -0.016214000061154366, 0.0, 0.0]","[0.0, 0.0, 1.0, 1.9668687582015991, 0.0, 0.16212035715579987, 0.4335663914680481, 0.7187001705169678]",-14.686813595763528
12.050000000000036,190.089599609375,261.3714294433594,16.79697036743164,-0.0469970703125,1.0,"[0.8863538503646851, 0.0, 0.3159969449043274, 0.9360523819923401]","[0.0, 0.0, -3.1957933970261365e-06, 0.00011933333735214546, -0.04418389871716499, 1.0, 0.016333334147930145, -3.1957933970261365e-06, 0.0, 0.0, 1.0172526572205243e-06, -0.016214000061154366, 0.0, 0.0]","[0.0, 0.0, 1.0, 1.9668687582015991, 0.0, 0.16212035715579987, 0.4335663914680481, 0.7187001705169678]",-14.970666569568749
12.100000000000037,190.04270935058594,262.2165222167969,17.0102596282959,-0.048553466796875,1.0,"[0.8793553113937378, 0.0, 0.33411914110183716, 0.9509271383285522]","[0.0, 0.0, -3.1957933970261365e-06, 0.00011933333735214546, -0.04418389871716499, 1.0, 0.016333334147930145, -3.1957933970261365e-06, 0.0, 0.0, 1.0172526572205243e-06, -0.016214000061154366, 0.0, 0.0]","[0.0, 0.0, 1.0, 1.9668687582015991, 0.0, 0.16212035715579987, 0.4335663914680481, 0.7187001705169678]",-15.532549187911219
12.150000000000038,190.002197265625,263.07257080078125,17.22348976135254,-0.04669189453125,1.0,"[0.8723587393760681, 0.0, 0.3582918643951416, 0.9438745975494385]","[0.0, 0.0, -3.1957933970261365e-06, 0.00011933333735214546, -0.04418389871716499, 1.0, 0.016333334147930145, -3.1957933970261365e-06, 0.0, 0.0, 1.0172526572205243e-06, -0.016214000061154366, 0.0, 0.0]","[0.0, 0.0, 1.0, 1.9668687582015991, 0.0, 0.16212035715579987, 0.4335663914680481, 0.7187001705169678]",-16.097069161411618
12.200000000000038,189.96888732910156,263.9396057128906,17.43791961669922,-0.044158935546875,1.0,"[0.8653228282928467, 0.0, 0.3643428385257721, 0.962986946105957]","[0.0, 0.0, -3.1957933970261365e-06, 0.00011933333735214546, -0.04418389871716499, 1.0, 0.016333334147930145, -3.1957933970261365e-06, 0.0, 0.0, 1.0172526572205243e-06, -0.016214000061154366, 0.0, 0.0]","[0.0, 0.0, 1.0, 1.9668687582015991, 0.0, 0.16212035715579987, 0.4335663914680481, 0.7187001705169678]",-16.66196697692586
12.250000000000039,189.94351196289062,264.8176574707031,17.652650833129883,-0.042327880859375,1.0,"[0.8582770228385925, 0.0, 0.37633052468299866, 0.9563224911689758]","[0.0, 0.0, -3.1957933970261365e-06, 0.00011933333735214546, -0.04418389871716499, 1.0, 0.016333334147930145, -3.1957933970261365e-06, 0.0, 0.0, 1.0172526572205243e-06, -0.016214000061154366, 0.0, 0.0]","[0.0, 0.0, 1.0, 1.9668687582015991, 0.0, 0.16212035715579987, 0.4335663914680481, 0.7187001705169678]",-16.923978957721783
12.30000000000004,189.927001953125,265.7065124511719,17.86400032043457,-0.04229736328125,0.94921875,"[0.8513422012329102, 0.2928999960422516, 0.3865072429180145, 0.9541769027709961]","[0.0, 0.0, -3.1957933970261365e-06, 0.00011933333735214546, -0.04418389871716499, 1.0, 0.016333334147930145, -3.1957933970261365e-06, 0.0, 0.0, 1.0172526572205243e-06, -0.016214000061154366, 0.0, 0.0]","[0.0, 0.0, 1.0, 1.9668687582015991, 0.0, 0.16212035715579987, 0.4335663914680481, 0.7187001705169678]",-17.483689775577847
12.35000000000004,189.9201202392578,266.6056823730469,18.063570022583008,-0.042572021484375,0.8671875,"[0.8447938561439514, 0.7745000123977661, 0.38683074712753296, 0.9515659213066101]","[0.0, 0.0, -3.1957933970261365e-06, 0.00011933333735214546, -0.04418389871716499, 1.0, 0.016333334147930145, -3.1957933970261365e-06, 0.0, 0.0, 1.0172526572205243e-06, -0.016214000061154366, 0.0, 0.0]","[0.0, 0.0, 1.0, 1.9668687582015991, 0.0, 0.16212035715579987, 0.4335663914680481, 0.7187001705169678]",-18.0412026889576
12.400000000000041,189.923583984375,267.5142517089844,18.243940353393555,-0.0439453125,0.80078125,"[0.8388755321502686, 1.0, 0.38128000497817993, 0.9459555745124817]","[0.0, 0.0, -3.1957933970261365e-06, 0.00011933333735214546, -0.04418389871716499, 1.0, 0.016333334147930145, -3.1957933970261365e-06, 0.0, 0.0, 1.0172526572205243e-06, -0.016214000061154366, 0.0, 0.0]","[0.0, 0.0, 1.0, 1.9668687582015991, 0.0, 0.16212035715579987, 0.4335663914680481, 0.7187001705169678]",-18.588794459209087
12.450000000000042,189.93798828125,268.4310607910156,18.40625,-0.0445556640625,0.80078125,"[0.8335497379302979, 1.0, 0.3727564513683319, 0.9514769911766052]","[0.0, 0.0, -3.1957933970261365e-06, 0.00011933333735214546, -0.04418389871716499, 1.0, 0.016333334147930145, -3.1957933970261365e-06, 0.0, 0.0, 1.0172526572205243e-06, -0.016214000061154366, 0.0, 0.0]","[0.0, 0.0, 1.0, 1.9668687582015991, 0.0, 0.16212035715579987, 0.4335663914680481, 0.7187001705169678]",-18.762179552678194
12.500000000000043,189.96360778808594,269.3553466796875,18.5592098236084,-0.0439453125,0.83984375,"[0.8285307884216309, 0.9606999754905701, 0.36799776554107666, 0.9641562104225159]","[0.0, 0.0, -3.1957933970261365e-06, 0.00011933333735214546, -0.04418389871716499, 1.0, 0.016333334147930145, -3.1957933970261365e-06, 0.0, 0.0, 1.0172526572205243e-06, -0.016214000061154366, 0.0, 0.0]","[0.0, 0.0, 1.0, 1.9668687582015991, 0.0, 0.16212035715579987, 0.4335663914680481, 0.7187001705169678]",-19.284394031878573
12.550000000000043,190.00064086914062,270.2868347167969,18.710649490356445,-0.04229736328125,0.86328125,"[0.8235617280006409, 0.8267999887466431, 0.3673011064529419, 0.974223792552948]","[0.0, 0.0, -3.1957933970261365e-06, 0.00011933333735214546, -0.04418389871716499, 1.0, 0.016333334147930145, -3.1957933970261365e-06, 0.0, 0.0, 1.0172526572205243e-06, -0.016214000061154366, 0.0, 0.0]","[0.0, 0.0, 1.0, 1.9668687582015991, 0.0, 0.16212035715579987, 0.4335663914680481, 0.7187001705169678]",-19.79866494494944
12.600000000000044,190.04933166503906,271.22540283203125,18.864360809326172,-0.040985107421875,0.88671875,"[0.8185181021690369, 0.690500020980835, 0.37069275975227356, 0.974773645401001]","[0.0, 0.0, -3.1957933970261365e-06, 0.00011933333735214546, -0.04418389871716499, 1.0, 0.016333334147930145, -3.1957933970261365e-06, 0.0, 0.0, 1.0172526572205243e-06, -0.016214000061154366, 0.0, 0.0]","[0.0, 0.0, 1.0, 1.9668687582015991, 0.0, 0.16212035715579987, 0.4335663914680481, 0.7187001705169678]",-20.292481157783893
12.650000000000045,190.1097869873047,272.17120361328125,19.02351951599121,-0.03912353515625,0.9140625,"[0.8132957220077515, 0.5281999707221985, 0.37453407049179077, 0.9734194874763489]","[0.0, 0.0, -3.1957933970261365e-06, 0.00011933333735214546, -0.04418389871716499, 1.0, 0.016333334147930145, -3.1957933970261365e-06, 0.0, 0.0, 1.0172526572205243e-06, -0.016214000061154366, 0.0, 0.0]","[0.0, 0.0, 1.0, 1.9668687582015991, 0.0, 0.16212035715579987, 0.4335663914680481, 0.7187001705169678]",-20.255497502794118
12.700000000000045,190.181884765625,273.1238708496094,19.138370513916016,-0.03570556640625,0.93359375,"[0.8095272183418274, 0.41179999709129333, 0.328545480966568, 0.9276238679885864]","[0.0, 0.0, -3.1957933970261365e-06, 0.00011933333735214546, -0.04418389871716499, 1.0, 0.016333334147930145, -3.1957933970261365e-06, 0.0, 0.0, 1.0172526572205243e-06, -0.016214000061154366, 0.0, 0.0]","[0.0, 0.0, 1.0, 1.9668687582015991, 0.0, 0.16212035715579987, 0.4335663914680481, 0.7187001705169678]",-20.672581441214625
12.750000000000046,190.2646484375,274.07647705078125,19.128459930419922,-0.03070068359375,0.95703125,"[0.8098524212837219, 0.26739999651908875, 0.19664712250232697, 0.8459258675575256]","[0.0, 0.0, -3.1957933970261365e-06, 0.00011933333735214546, -0.04418389871716499, 1.0, 0.016333334147930145, -3.1957933970261365e-06, 0.0, 0.0, 1.0172526572205243e-06, -0.016214000061154366, 0.0, 0.0]","[0.0, 0.0, 1.0, 1.9668687582015991, 0.0, 0.16212035715579987, 0.4335663914680481, 0.7187001705169678]",-21.094777410295894
12.800000000000047,190.3571319580078,275.0273132324219,19.114389419555664,-0.02374267578125,0.97265625,"[0.8103141188621521, 0.1703999936580658, 0.20224790275096893, 0.974382221698761]","[0.0, 0.0, -3.1957933970261365e-06, 0.00011933333735214546, -0.04418389871716499, 1.0, 0.016333334147930145, -3.1957933970261365e-06, 0.0, 0.0, 1.0172526572205243e-06, -0.016214000061154366, 0.0, 0.0]","[0.0, 0.0, 1.0, 1.9668687582015991, 0.0, 0.16212035715579987, 0.4335663914680481, 0.7187001705169678]",-21.5175459342346
12.850000000000048,190.458740234375,275.98541259765625,19.36590003967285,-0.011993408203125,0.9765625,"[0.8020614981651306, 0.14640000462532043, 0.3281148374080658, 0.6493844985961914]","[0.0, 0.0, -3.1957933970261365e-06, 0.00011933333735214546, -0.04418389871716499, 1.0, 0.016333334147930145, -3.1957933970261365e-06, 0.0, 0.0, 1.0172526572205243e-06, -0.016214000061154366, 0.0, 0.0]","[0.0, 0.0, 1.0, 1.9668687582015991, 0.0, 0.16212035715579987, 0.4335663914680481, 0.7187001705169678]",-21.4137460590184
12.900000000000048,190.5675506591797,276.9540710449219,19.573360443115234,0.007232666015625,0.9765625,"[0.7952542304992676, 0.14900000393390656, 0.27348658442497253, 0.8815675377845764]","[0.0, 0.0, -3.1957933970261365e-06, 0.00011933333735214546, -0.04418389871716499, 1.0, 0.016333334147930145, -3.1957933970261365e-06, 0.0, 0.0, 1.0172526572205243e-06, -0.016214000061154366, 0.0, 0.0]","[0.0, 0.0, 1.0, 1.9668687582015991, 0.0, 0.16212035715579987, 0.4335663914680481, 0.7187001705169678]",-21.78395422458951
12.950000000000049,190.68040466308594,277.9320373535156,19.75657081604004,0.027679443359375,0.95703125,"[0.789242684841156, 0.2768999934196472, 0.18274681270122528, 0.8895929455757141]","[0.0, 0.0, -3.1957933970261365e-06, 0.00011933333735214546, -0.04418389871716499, 1.0, 0.016333334147930145, -3.1957933970261365e-06, 0.0, 0.0, 1.0172526572205243e-06, -0.016214000061154366, 0.0, 0.0]","[0.0, 0.0, 1.0, 1.9668687582015991, 0.0, 0.16212035715579987, 0.4335663914680481, 0.7187001705169678]",-22.14549396444646
13.00000000000005,190.7938690185547,278.91851806640625,19.920679092407227,0.048248291015625,0.95703125,"[0.7838579416275024, 0.27959999442100525, 0.20390021800994873, 0.88653564453125]","[0.0, 0.0, -3.1957933970261365e-06, 0.00011933333735214546, -0.04418389871716499, 1.0, 0.016333334147930145, -3.1957933970261365e-06, 0.0, 0.0, 1.0172526572205243e-06, -0.016214000061154366, 0.0, 0.0]","[0.0, 0.0, 1.0, 1.9668687582015991, 0.0, 0.16212035715579987, 0.4335663914680481, 0.7187001705169678]",-22.509445560080575
13.05000000000005,190.904052734375,279.91314697265625,20.0699405670166,0.06732177734375,0.95703125,"[0.7789603471755981, 0.2809999883174896, 0.27273932099342346, 0.886725902557373]","[0.0, 0.0, -3.1957933970261365e-06, 0.00011933333735214546, -0.04418389871716499, 1.0, 0.016333334147930145, -3.1957933970261365e-06, 0.0, 0.0, 1.0172526572205243e-06, -0.016214000061154366, 0.0, 0.0]","[0.0, 0.0, 1.0, 1.9668687582015991, 0.0, 0.16212035715579987, 0.4335663914680481, 0.7187001705169678]",-22.094156089286578
13.100000000000051,191.00735473632812,280.9156188964844,20.208810806274414,0.080657958984375,0.9765625,"[0.7744036912918091, 0.15360000729560852, 0.3270993232727051, 0.8993452787399292]","[0.0, 0.0, -3.1957933970261365e-06, 0.00011933333735214546, -0.04418389871716499, 1.0, 0.016333334147930145, -3.1957933970261365e-06, 0.0, 0.0, 1.0172526572205243e-06, -0.016214000061154366, 0.0, 0.0]","[0.0, 0.0, 1.0, 1.9668687582015991, 0.0, 0.16212035715579987, 0.4335663914680481, 0.7187001705169678]",-22.38764129234163
13.150000000000052,191.1005401611328,281.92578125,20.3416805267334,0.086639404296875,0.984375,"[0.10258781909942627, 0.10260000079870224, 0.37189537286758423, 0.9169785380363464]","[0.0, 0.0, -3.1957933970261365e-06, 0.00011933333735214546, -0.04418389871716499, 1.0, 0.016333334147930145, -3.1957933970261365e-06, 0.0, 0.0, 1.0172526572205243e-06, -0.016214000061154366, 0.0, 0.0]","[0.0, 0.0, 1.0, 1.9668687582015991, 0.0, 0.16212035715579987, 0.4335663914680481, 0.7187001705169678]",-22.922646660299414
13.200000000000053,191.18067932128906,282.9435729980469,20.470169067382812,0.08990478515625,1.0,"[0.09415590763092041, 0.0, 0.41663339734077454, 0.9232719540596008]","[0.0, 0.0, -3.1957933970261365e-06, 0.00011933333735214546, -0.04418389871716499, 1.0, 0.016333334147930145, -3.1957933970261365e-06, 0.0, 0.0, 1.0172526572205243e-06, -0.016214000061154366, 0.0, 0.0]","[0.0, 0.0, 1.0, 1.9668687582015991, 0.0, 0.16212035715579987, 0.4335663914680481, 0.7187001705169678]",-23.620026612922814
13.250000000000053,191.2448272705078,283.9686584472656,20.594179153442383,0.093475341796875,1.0,"[0.08601772785186768, 0.0, 0.4626378118991852, 0.9247189164161682]","[0.0, 0.0, -3.1957933970261365e-06, 0.00011933333735214546, -0.04418389871716499, 1.0, 0.016333334147930145, -3.1957933970261365e-06, 0.0, 0.0, 1.0172526572205243e-06, -0.016214000061154366, 0.0, 0.0]","[0.0, 0.0, 1.0, 1.9668687582015991, 0.0, 0.16212035715579987, 0.4335663914680481, 0.7187001705169678]",-23.985263591848742
13.300000000000054,191.28976440429688,285.0007019042969,20.71091079711914,0.10150146484375,1.0,"[0.0783572793006897, 0.0, 0.5137094259262085, 0.9172747135162354]","[0.0, 0.0, -3.1957933970261365e-06, 0.00011933333735214546, -0.04418389871716499, 1.0, 0.016333334147930145, -3.1957933970261365e-06, 0.0, 0.0, 1.0172526572205243e-06, -0.016214000061154366, 0.0, 0.0]","[0.0, 0.0, 1.0, 1.9668687582015991, 0.0, 0.16212035715579987, 0.4335663914680481, 0.7187001705169678]",-24.65557924523134
13.350000000000055,191.31228637695312,286.0389099121094,20.81825065612793,0.11273193359375,1.0,"[0.07131326198577881, 0.0, 0.5648940801620483, 0.9149885773658752]","[0.0, 0.0, -3.1957933970261365e-06, 0.00011933333735214546, -0.04418389871716499, 1.0, 0.016333334147930145, -3.1957933970261365e-06, 0.0, 0.0, 1.0172526572205243e-06, -0.016214000061154366, 0.0, 0.0]","[0.0, 0.0, 1.0, 1.9668687582015991, 0.0, 0.16212035715579987, 0.4335663914680481, 0.7187001705169678]",-25.320089174796863
13.400000000000055,191.30923461914062,287.0822448730469,20.915189743041992,0.124725341796875,1.0,"[0.06495159864425659, 0.0, 0.6125099062919617, 0.9177974462509155]","[0.0, 0.0, -3.1957933970261365e-06, 0.00011933333735214546, -0.04418389871716499, 1.0, 0.016333334147930145, -3.1957933970261365e-06, 0.0, 0.0, 1.0172526572205243e-06, -0.016214000061154366, 0.0, 0.0]","[0.0, 0.0, 1.0, 1.9668687582015991, 0.0, 0.16212035715579987, 0.4335663914680481, 0.7187001705169678]",-25.983293569430828
13.450000000000056,191.27806091308594,288.12957763671875,21.00217056274414,0.133331298828125,0.984375,"[0.05924355983734131, 0.10249999910593033, 0.6195586919784546, 0.9276806116104126]","[0.0, 0.0, -3.1957933970261365e-06, 0.00011933333735214546, -0.04418389871716499, 1.0, 0.016333334147930145, -3.1957933970261365e-06, 0.0, 0.0, 1.0172526572205243e-06, -0.016214000061154366, 0.0, 0.0]","[0.0, 0.0, 1.0, 1.9668687582015991, 0.0, 0.16212035715579987, 0.4335663914680481, 0.7187001705169678]",-26.27972904906175
13.500000000000057,191.21624755859375,289.17926025390625,21.070770263671875,0.140838623046875,0.75390625,"[0.05474168062210083, 1.0, 0.609606146812439, 0.9034043550491333]","[0.0, 0.0, -3.1957933970261365e-06, 0.00011933333735214546, -0.04418389871716499, 1.0, 0.016333334147930145, -3.1957933970261365e-06, 0.0, 0.0, 1.0172526572205243e-06, -0.016214000061154366, 0.0, 0.0]","[0.0, 0.0, 1.0, 1.9668687582015991, 0.0, 0.16212035715579987, 0.4335663914680481, 0.7187001705169678]",-26.990874740147493
13.550000000000058,191.121826171875,290.2286682128906,21.101360321044922,0.147064208984375,0.4761810302734375,"[0.05273425579071045, 1.0, 0.5829129815101624, 0.892985999584198]","[0.0, 0.0, -3.1957933970261365e-06, 0.00011933333735214546, -0.04418389871716499, 1.0, 0.016333334147930145, -3.1957933970261365e-06, 0.0, 0.0, 1.0172526572205243e-06, -0.016214000061154366, 0.0, 0.0]","[0.0, 0.0, 1.0, 1.9668687582015991, 0.0, 0.16212035715579987, 0.4335663914680481, 0.7187001705169678]",-27.72287721898208
13.600000000000058,190.99298095703125,291.27410888671875,21.078039169311523,0.154449462890625,0.27777099609375,"[0.05426466464996338, 1.0, 0.5428738594055176, 0.8995550870895386]","[0.0, 0.0, -3.1957933970261365e-06, 0.00011933333735214546, -0.04418389871716499, 1.0, 0.016333334147930145, -3.1957933970261365e-06, 0.0, 0.0, 1.0172526572205243e-06, -0.016214000061154366, 0.0, 0.0]","[0.0, 0.0, 1.0, 1.9668687582015991, 0.0, 0.16212035715579987, 0.4335663914680481, 0.7187001705169678]",-28.46712967411992
13.650000000000059,190.82823181152344,292.31121826171875,20.998559951782227,0.165863037109375,0.20000000298023224,"[0.05948054790496826, 1.0, 0.5229835510253906, 0.8861984610557556]","[0.0, 0.0, -3.1957933970261365e-06, 0.00011933333735214546, -0.04418389871716499, 1.0, 0.016333334147930145, -3.1957933970261365e-06, 0.0, 0.0, 1.0172526572205243e-06, -0.016214000061154366, 0.0, 0.0]","[0.0, 0.0, 1.0, 1.9668687582015991, 0.0, 0.16212035715579987, 0.4335663914680481, 0.7187001705169678]",-28.898069687384112
13.70000000000006,190.62611389160156,293.3358154296875,20.870929718017578,0.182830810546875,0.20000000298023224,"[0.06785613298416138, 1.0, 0.5642088055610657, 0.8837037682533264]","[0.0, 0.0, -3.1957933970261365e-06, 0.00011933333735214546, -0.04418389871716499, 1.0, 0.016333334147930145, -3.1957933970261365e-06, 0.0, 0.0, 1.0172526572205243e-06, -0.016214000061154366, 0.0, 0.0]","[0.0, 0.0, 1.0, 1.9668687582015991, 0.0, 0.16212035715579987, 0.4335663914680481, 0.7187001705169678]",-29.61559450071958
13.75000000000006,190.385498046875,294.3438720703125,20.703950881958008,0.203704833984375,0.20000000298023224,"[0.07881402969360352, 1.0, 0.5887059569358826, 0.8858887553215027]","[0.0, 0.0, -3.1957933970261365e-06, 0.00011933333735214546, -0.04418389871716499, 1.0, 0.016333334147930145, -3.1957933970261365e-06, 0.0, 0.0, 1.0172526572205243e-06, -0.016214000061154366, 0.0, 0.0]","[0.0, 0.0, 1.0, 1.9668687582015991, 0.0, 0.16212035715579987, 0.4335663914680481, 0.7187001705169678]",-30.30231634345428
13.800000000000061,190.105224609375,295.33148193359375,20.500600814819336,0.226470947265625,0.20000000298023224,"[0.09215879440307617, 1.0, 0.6088830828666687, 0.878980815410614]","[0.0, 0.0, -3.1957933970261365e-06, 0.00011933333735214546, -0.04418389871716499, 1.0, 0.016333334147930145, -3.1957933970261365e-06, 0.0, 0.0, 1.0172526572205243e-06, -0.016214000061154366, 0.0, 0.0]","[0.0, 0.0, 1.0, 1.9668687582015991, 0.0, 0.16212035715579987, 0.4335663914680481, 0.7187001705169678]",-30.96799294915091
13.850000000000062,189.78504943847656,296.29498291015625,20.26848030090332,0.243072509765625,0.20000000298023224,"[0.10739153623580933, 1.0, 0.6220685839653015, 0.8857752680778503]","[0.0, 0.0, -3.1957933970261365e-06, 0.00011933333735214546, -0.04418389871716499, 1.0, 0.016333334147930145, -3.1957933970261365e-06, 0.0, 0.0, 1.0172526572205243e-06, -0.016214000061154366, 0.0, 0.0]","[0.0, 0.0, 1.0, 1.9668687582015991, 0.0, 0.16212035715579987, 0.4335663914680481, 0.7187001705169678]",-31.261641670619632
13.900000000000063,189.4248046875,297.2308654785156,20.009479522705078,0.260223388671875,0.20000000298023224,"[0.12438833713531494, 1.0, 0.6323297023773193, 0.8848247528076172]","[0.0, 0.0, -3.1957933970261365e-06, 0.00011933333735214546, -0.04418389871716499, 1.0, 0.016333334147930145, -3.1957933970261365e-06, 0.0, 0.0, 1.0172526572205243e-06, -0.016214000061154366, 0.0, 0.0]","[0.0, 0.0, 1.0, 1.9668687582015991, 0.0, 0.16212035715579987, 0.4335663914680481, 0.7187001705169678]",-31.872706226804375
13.950000000000063,189.0248565673828,298.13525390625,19.725509643554688,0.276092529296875,0.20000000298023224,"[0.14302372932434082, 1.0, 0.6399846076965332, 0.8867225646972656]","[0.0, 0.0, -3.1957933970261365e-06, 0.00011933333735214546, -0.04418389871716499, 1.0, 0.016333334147930145, -3.1957933970261365e-06, 0.0, 0.0, 1.0172526572205243e-06, -0.016214000061154366, 0.0, 0.0]","[0.0, 0.0, 1.0, 1.9668687582015991, 0.0, 0.16212035715579987, 0.4335663914680481, 0.7187001705169678]",-32.45757418361848
14.000000000000064,188.58621215820312,299.0044250488281,19.414859771728516,0.293487548828125,0.20000000298023224,"[0.16340994834899902, 1.0, 0.6481855511665344, 0.8830584287643433]","[0.0, 0.0, -3.1957933970261365e-06, 0.00011933333735214546, -0.04418389871716499, 1.0, 0.016333334147930145, -3.1957933970261365e-06, 0.0, 0.0, 1.0172526572205243e-06, -0.016214000061154366, 0.0, 0.0]","[0.0, 0.0, 1.0, 1.9668687582015991, 0.0, 0.16212035715579987, 0.4335663914680481, 0.7187001705169678]",-33.007574838708
14.050000000000065,188.1138458251953,299.83837890625,19.096420288085938,0.31048583984375,0.20000000298023224,"[0.18430739641189575, 1.0, 0.6516193151473999, 0.8398839831352234]","[0.0, 0.0, -3.1957933970261365e-06, 0.00011933333735214546, -0.04418389871716499, 1.0, 0.016333334147930145, -3.1957933970261365e-06, 0.0, 0.0, 1.0172526572205243e-06, -0.016214000061154366, 0.0, 0.0]","[0.0, 0.0, 1.0, 1.9668687582015991, 0.0, 0.16212035715579987, 0.4335663914680481, 0.7187001705169678]",-33.16982815663682
14.100000000000065,187.61196899414062,300.6374206542969,18.776050567626953,0.324615478515625,0.20000000298023224,"[0.20533150434494019, 1.0, 0.6318399906158447, 0.9131395220756531]","[0.0, 0.0, -3.1957933970261365e-06, 0.00011933333735214546, -0.04418389871716499, 1.0, 0.016333334147930145, -3.1957933970261365e-06, 0.0, 0.0, 1.0172526572205243e-06, -0.016214000061154366, 0.0, 0.0]","[0.0, 0.0, 1.0, 1.9668687582015991, 0.0, 0.16212035715579987, 0.4335663914680481, 0.7187001705169678]",-33.660443645343065
14.150000000000066,187.076416015625,301.39459228515625,18.433679580688477,0.33660888671875,0.20000000298023224,"[0.2277994155883789, 1.0, 0.6244839429855347, 0.8391653299331665]","[0.0, 0.0, -3.1957933970261365e-06, 0.00011933333735214546, -0.04418389871716499, 1.0, 0.016333334147930145, -3.1957933970261365e-06, 0.0, 0.0, 1.0172526572205243e-06, -0.016214000061154366, 0.0, 0.0]","[0.0, 0.0, 1.0, 1.9668687582015991, 0.0, 0.16212035715579987, 0.4335663914680481, 0.7187001705169678]",-34.11215026023731
14.200000000000067,186.51068115234375,302.1046447753906,17.982839584350586,0.34381103515625,0.20000000298023224,"[0.2573855519294739, 1.0, 0.7250048518180847, 0.7505261301994324]","[0.0, 0.0, -3.1957933970261365e-06, 0.00011933333735214546, -0.04418389871716499, 1.0, 0.016333334147930145, -3.1957933970261365e-06, 0.0, 0.0, 1.0172526572205243e-06, -0.016214000061154366, 0.0, 0.0]","[0.0, 0.0, 1.0, 1.9668687582015991, 0.0, 0.16212035715579987, 0.4335663914680481, 0.7187001705169678]",-34.5211570589096
14.250000000000068,185.92274475097656,302.76416015625,17.505420684814453,0.34368896484375,0.20000000298023224,"[0.2887159585952759, 1.0, 0.753044843673706, 0.8581362366676331]","[0.0, 0.0, -3.1957933970261365e-06, 0.00011933333735214546, -0.04418389871716499, 1.0, 0.016333334147930145, -3.1957933970261365e-06, 0.0, 0.0, 1.0172526572205243e-06, -0.016214000061154366, 0.0, 0.0]","[0.0, 0.0, 1.0, 1.9668687582015991, 0.0, 0.16212035715579987, 0.4335663914680481, 0.7187001705169678]",-34.4862228972478
14.300000000000068,185.3154296875,303.3733825683594,17.082149505615234,0.339263916015625,0.20000000298023224,"[0.31649285554885864, 1.0, 0.7203450798988342, 0.8659660220146179]","[0.0, 0.0, -3.1957933970261365e-06, 0.00011933333735214546, -0.04418389871716499, 1.0, 0.016333334147930145, -3.1957933970261365e-06, 0.0, 0.0, 1.0172526572205243e-06, -0.016214000061154366, 0.0, 0.0]","[0.0, 0.0, 1.0, 1.9668687582015991, 0.0, 0.16212035715579987, 0.4335663914680481, 0.7187001705169678]",-34.795778763651924
14.350000000000069,184.6918182373047,303.93402099609375,16.60417938232422,0.3338623046875,0.20000000298023224,"[0.34785938262939453, 1.0, 0.7485832571983337, 0.8005316257476807]","[0.0, 0.0, -3.1957933970261365e-06, 0.00011933333735214546, -0.04418389871716499, 1.0, 0.016333334147930145, -3.1957933970261365e-06, 0.0, 0.0, 1.0172526572205243e-06, -0.016214000061154366, 0.0, 0.0]","[0.0, 0.0, 1.0, 1.9668687582015991, 0.0, 0.16212035715579987, 0.4335663914680481, 0.7187001705169678]",-35.055995614178045
14.40000000000007,184.05274963378906,304.4429931640625,16.204269409179688,0.330108642578125,0.20000000298023224,"[0.374103307723999, 1.0, 0.6989933848381042, 0.8298889398574829]","[0.0, 0.0, -3.1957933970261365e-06, 0.00011933333735214546, -0.04418389871716499, 1.0, 0.016333334147930145, -3.1957933970261365e-06, 0.0, 0.0, 1.0172526572205243e-06, -0.016214000061154366, 0.0, 0.0]","[0.0, 0.0, 1.0, 1.9668687582015991, 0.0, 0.16212035715579987, 0.4335663914680481, 0.7187001705169678]",-35.25487101180594
14.45000000000007,183.40028381347656,304.9005432128906,15.813429832458496,0.329254150390625,0.20000000298023224,"[0.39975202083587646, 1.0, 0.6840510368347168, 0.8686110973358154]","[0.0, 0.0, -3.1957933970261365e-06, 0.00011933333735214546, -0.04418389871716499, 1.0, 0.016333334147930145, -3.1957933970261365e-06, 0.0, 0.0, 1.0172526572205243e-06, -0.016214000061154366, 0.0, 0.0]","[0.0, 0.0, 1.0, 1.9668687582015991, 0.0, 0.16212035715579987, 0.4335663914680481, 0.7187001705169678]",-34.86788508070106
14.500000000000071,182.73646545410156,305.3056640625,15.442859649658203,0.329681396484375,0.20000000298023224,"[0.4240703582763672, 1.0, 0.6829081177711487, 0.8972241282463074]","[0.0, 0.0, -3.1957933970261365e-06, 0.00011933333735214546, -0.04418389871716499, 1.0, 0.016333334147930145, -3.1957933970261365e-06, 0.0, 0.0, 1.0172526572205243e-06, -0.016214000061154366, 0.0, 0.0]","[0.0, 0.0, 1.0, 1.9668687582015991, 0.0, 0.16212035715579987, 0.4335663914680481, 0.7187001705169678]",-34.92351690996846
14.550000000000072,182.0645294189453,305.65838623046875,15.091179847717285,0.329833984375,0.20000000298023224,"[0.44714921712875366, 1.0, 0.687420666217804, 0.8833659887313843]","[0.0, 0.0, -3.1957933970261365e-06, 0.00011933333735214546, -0.04418389871716499, 1.0, 0.016333334147930145, -3.1957933970261365e-06, 0.0, 0.0, 1.0172526572205243e-06, -0.016214000061154366, 0.0, 0.0]","[0.0, 0.0, 1.0, 1.9668687582015991, 0.0, 0.16212035715579987, 0.4335663914680481, 0.7187001705169678]",-34.95280687496505
14.600000000000072,181.38824462890625,305.9602355957031,14.714940071105957,0.329833984375,0.20000000298023224,"[0.4718397855758667, 1.0, 0.7114039659500122, 0.8464391827583313]","[0.0, 0.0, -3.1957933970261365e-06, 0.00011933333735214546, -0.04418389871716499, 1.0, 0.016333334147930145, -3.1957933970261365e-06, 0.0, 0.0, 1.0172526572205243e-06, -0.016214000061154366, 0.0, 0.0]","[0.0, 0.0, 1.0, 1.9668687582015991, 0.0, 0.16212035715579987, 0.4335663914680481, 0.7187001705169678]",-34.910089467387735
14.650000000000073,180.71005249023438,306.2127380371094,14.38263988494873,0.329498291015625,0.20000000298023224,"[0.4936468005180359, 1.0, 0.6904123425483704, 0.8814015984535217]","[0.0, 0.0, -3.1957933970261365e-06, 0.00011933333735214546, -0.04418389871716499, 1.0, 0.016333334147930145, -3.1957933970261365e-06, 0.0, 0.0, 1.0172526572205243e-06, -0.016214000061154366, 0.0, 0.0]","[0.0, 0.0, 1.0, 1.9668687582015991, 0.0, 0.16212035715579987, 0.4335663914680481, 0.7187001705169678]",-34.26214467138053
14.700000000000074,180.0315704345703,306.4143371582031,14.086959838867188,0.32470703125,0.20000000298023224,"[0.5130506753921509, 1.0, 0.6723753809928894, 0.9071284532546997]","[0.0, 0.0, -3.1957933970261365e-06, 0.00011933333735214546, -0.04418389871716499, 1.0, 0.016333334147930145, -3.1957933970261365e-06, 0.0, 0.0, 1.0172526572205243e-06, -0.016214000061154366, 0.0, 0.0]","[0.0, 0.0, 1.0, 1.9668687582015991, 0.0, 0.16212035715579987, 0.4335663914680481, 0.7187001705169678]",-34.10301960155756
14.750000000000075,179.35574340820312,306.56890869140625,13.80873966217041,0.30804443359375,0.20000000298023224,"[0.531308650970459, 1.0, 0.6727626323699951, 0.8437280654907227]","[0.0, 0.0, -3.1957933970261365e-06, 0.00011933333735214546, -0.04418389871716499, 1.0, 0.016333334147930145, -3.1957933970261365e-06, 0.0, 0.0, 1.0172526572205243e-06, -0.016214000061154366, 0.0, 0.0]","[0.0, 0.0, 1.0, 1.9668687582015991, 0.0, 0.16212035715579987, 0.4335663914680481, 0.7187001705169678]",-33.90637971566452
14.800000000000075,178.68435668945312,306.6746520996094,13.554519653320312,0.277099609375,0.20000000298023224,"[0.5479917526245117, 1.0, 0.6533995270729065, 0.8650107979774475]","[0.0, 0.0, -3.1957933970261365e-06, 0.00011933333735214546, -0.04418389871716499, 1.0, 0.016333334147930145, -3.1957933970261365e-06, 0.0, 0.0, 1.0172526572205243e-06, -0.016214000061154366, 0.0, 0.0]","[0.0, 0.0, 1.0, 1.9668687582015991, 0.0, 0.16212035715579987, 0.4335663914680481, 0.7187001705169678]",-33.638794258814684
14.850000000000076,178.0187225341797,306.736572265625,13.349740028381348,0.23626708984375,0.20000000298023224,"[0.5614303350448608, 1.0, 0.6276364922523499, 0.8263290524482727]","[0.0, 0.0, -3.1957933970261365e-06, 0.00011933333735214546, -0.04418389871716499, 1.0, 0.016333334147930145, -3.1957933970261365e-06, 0.0, 0.0, 1.0172526572205243e-06, -0.016214000061154366, 0.0, 0.0]","[0.0, 0.0, 1.0, 1.9668687582015991, 0.0, 0.16212035715579987, 0.4335663914680481, 0.7187001705169678]",-32.99882464007662
14.900000000000077,177.3597412109375,306.7562561035156,13.185720443725586,0.1890869140625,0.20000000298023224,"[0.57219398021698, 1.0, 0.5996342897415161, 0.9072656035423279]","[0.0, 0.0, -3.1957933970261365e-06, 0.00011933333735214546, -0.04418389871716499, 1.0, 0.016333334147930145, -3.1957933970261365e-06, 0.0, 0.0, 1.0172526572205243e-06, -0.016214000061154366, 0.0, 0.0]","[0.0, 0.0, 1.0, 1.9668687582015991, 0.0, 0.16212035715579987, 0.4335663914680481, 0.7187001705169678]",-33.05738505673688
14.950000000000077,176.70599365234375,306.7396240234375,13.09533977508545,0.14227294921875,0.20000000298023224,"[0.5781252384185791, 1.0, 0.547882616519928, 0.849925696849823]","[0.0, 0.0, -3.1957933970261365e-06, 0.00011933333735214546, -0.04418389871716499, 1.0, 0.016333334147930145, -3.1957933970261365e-06, 0.0, 0.0, 1.0172526572205243e-06, -0.016214000061154366, 0.0, 0.0]","[0.0, 0.0, 1.0, 1.9668687582015991, 0.0, 0.16212035715579987, 0.4335663914680481, 0.7187001705169678]",-33.07684403395725
15.000000000000078,176.05674743652344,306.6903381347656,13.045149803161621,0.0994873046875,0.26190185546875,"[0.5814188718795776, 1.0, 0.5243877172470093, 0.8612985014915466]","[0.0, 0.0, -3.1957933970261365e-06, 0.00011933333735214546, -0.04418389871716499, 1.0, 0.016333334147930145, -3.1957933970261365e-06, 0.0, 0.0, 1.0172526572205243e-06, -0.016214000061154366, 0.0, 0.0]","[0.0, 0.0, 1.0, 1.9668687582015991, 0.0, 0.16212035715579987, 0.4335663914680481, 0.7187001705169678]",-33.072485309552995
15.050000000000079,175.41510009765625,306.6153869628906,12.851590156555176,0.057708740234375,0.376983642578125,"[0.5941210985183716, 1.0, 0.5874892473220825, 0.7050429582595825]","[0.0, 0.0, -3.1957933970261365e-06, 0.00011933333735214546, -0.04418389871716499, 1.0, 0.016333334147930145, -3.1957933970261365e-06, 0.0, 0.0, 1.0172526572205243e-06, -0.016214000061154366, 0.0, 0.0]","[0.0, 0.0, 1.0, 1.9668687582015991, 0.0, 0.16212035715579987, 0.4335663914680481, 0.7187001705169678]",-32.72210060392624
15.10000000000008,174.78636169433594,306.52178955078125,12.675959587097168,0.0211181640625,0.4603118896484375,"[0.6056467890739441, 1.0, 0.48179560899734497, 0.8398529291152954]","[0.0, 0.0, -3.1957933970261365e-06, 0.00011933333735214546, -0.04418389871716499, 1.0, 0.016333334147930145, -3.1957933970261365e-06, 0.0, 0.0, 1.0172526572205243e-06, -0.016214000061154366, 0.0, 0.0]","[0.0, 0.0, 1.0, 1.9668687582015991, 0.0, 0.16212035715579987, 0.4335663914680481, 0.7187001705169678]",-32.64281584763659
15.15000000000008,174.16720581054688,306.41119384765625,12.552780151367188,-0.009124755859375,0.5234375,"[0.6137304306030273, 1.0, 0.41893449425697327, 0.9093172550201416]","[0.0, 0.0, -3.1957933970261365e-06, 0.00011933333735214546, -0.04418389871716499, 1.0, 0.016333334147930145, -3.1957933970261365e-06, 0.0, 0.0, 1.0172526572205243e-06, -0.016214000061154366, 0.0, 0.0]","[0.0, 0.0, 1.0, 1.9668687582015991, 0.0, 0.16212035715579987, 0.4335663914680481, 0.7187001705169678]",-32.55059113307346
15.200000000000081,173.55349731445312,306.29058837890625,12.493860244750977,-0.026153564453125,0.58203125,"[0.6175969839096069, 1.0, 0.1723560392856598, 0.7595049738883972]","[0.0, 0.0, -3.1957933970261365e-06, 0.00011933333735214546, -0.04418389871716499, 1.0, 0.016333334147930145, -3.1957933970261365e-06, 0.0, 0.0, 1.0172526572205243e-06, -0.016214000061154366, 0.0, 0.0]","[0.0, 0.0, 1.0, 1.9668687582015991, 0.0, 0.16212035715579987, 0.4335663914680481, 0.7187001705169678]",-32.477426333842146
15.250000000000082,172.94204711914062,306.164794921875,12.478819847106934,-0.042694091796875,0.6171875,"[0.6185839772224426, 1.0, 0.06810636818408966, 0.8953494429588318]","[0.0, 0.0, -3.1957933970261365e-06, 0.00011933333735214546, -0.04418389871716499, 1.0, 0.016333334147930145, -3.1957933970261365e-06, 0.0, 0.0, 1.0172526572205243e-06, -0.016214000061154366, 0.0, 0.0]","[0.0, 0.0, 1.0, 1.9668687582015991, 0.0, 0.16212035715579987, 0.4335663914680481, 0.7187001705169678]",-32.16092773349948
15.300000000000082,172.3305206298828,306.0370178222656,12.489609718322754,-0.0555419921875,0.6328125,"[0.6178759336471558, 1.0, 0.03943683207035065, 0.903928279876709]","[0.0, 0.0, -3.1957933970261365e-06, 0.00011933333735214546, -0.04418389871716499, 1.0, 0.016333334147930145, -3.1957933970261365e-06, 0.0, 0.0, 1.0172526572205243e-06, -0.016214000061154366, 0.0, 0.0]","[0.0, 0.0, 1.0, 1.9668687582015991, 0.0, 0.16212035715579987, 0.4335663914680481, 0.7187001705169678]",-32.14874055448011
15.350000000000083,171.7169647216797,305.9104309082031,12.535249710083008,-0.064178466796875,0.64453125,"[0.6148808002471924, 1.0, 0.13199427723884583, 0.9154059886932373]","[0.0, 0.0, -3.1957933970261365e-06, 0.00011933333735214546, -0.04418389871716499, 1.0, 0.016333334147930145, -3.1957933970261365e-06, 0.0, 0.0, 1.0172526572205243e-06, -0.016214000061154366, 0.0, 0.0]","[0.0, 0.0, 1.0, 1.9668687582015991, 0.0, 0.16212035715579987, 0.4335663914680481, 0.7187001705169678]",-32.14891261426888
15.400000000000084,171.10025024414062,305.7868347167969,12.588489532470703,-0.06396484375,0.64453125,"[0.6113870143890381, 1.0, 0.17047427594661713, 0.9559525847434998]","[0.0, 0.0, -3.1957933970261365e-06, 0.00011933333735214546, -0.04418389871716499, 1.0, 0.016333334147930145, -3.1957933970261365e-06, 0.0, 0.0, 1.0172526572205243e-06, -0.016214000061154366, 0.0, 0.0]","[0.0, 0.0, 1.0, 1.9668687582015991, 0.0, 0.16212035715579987, 0.4335663914680481, 0.7187001705169678]",-32.16406368004908
15.450000000000085,170.47946166992188,305.6672058105469,12.65939998626709,-0.058319091796875,0.65234375,"[0.606733500957489, 1.0, 0.1934777945280075, 0.9650715589523315]","[0.0, 0.0, -3.1957933970261365e-06, 0.00011933333735214546, -0.04418389871716499, 1.0, 0.016333334147930145, -3.1957933970261365e-06, 0.0, 0.0, 1.0172526572205243e-06, -0.016214000061154366, 0.0, 0.0]","[0.0, 0.0, 1.0, 1.9668687582015991, 0.0, 0.16212035715579987, 0.4335663914680481, 0.7187001705169678]",-31.926153200823784
15.500000000000085,169.85421752929688,305.55169677734375,12.737159729003906,-0.048736572265625,0.6640625,"[0.6016305685043335, 1.0, 0.19721539318561554, 0.9799796938896179]","[0.0, 0.0, -3.1957933970261365e-06, 0.00011933333735214546, -0.04418389871716499, 1.0, 0.016333334147930145, -3.1957933970261365e-06, 0.0, 0.0, 1.0172526572205243e-06, -0.016214000061154366, 0.0, 0.0]","[0.0, 0.0, 1.0, 1.9668687582015991, 0.0, 0.16212035715579987, 0.4335663914680481, 0.7187001705169678]",-31.986670722845403
15.550000000000086,169.22396850585938,305.4403991699219,12.828359603881836,-0.04058837890625,0.69921875,"[0.5956456661224365, 1.0, 0.201394721865654, 0.965745747089386]","[0.0, 0.0, -3.1957933970261365e-06, 0.00011933333735214546, -0.04418389871716499, 1.0, 0.016333334147930145, -3.1957933970261365e-06, 0.0, 0.0, 1.0172526572205243e-06, -0.016214000061154366, 0.0, 0.0]","[0.0, 0.0, 1.0, 1.9668687582015991, 0.0, 0.16212035715579987, 0.4335663914680481, 0.7187001705169678]",-32.06924042496281
15.600000000000087,168.58802795410156,305.33343505859375,12.932319641113281,-0.037322998046875,0.765625,"[0.5888233184814453, 0.9916999936103821, 0.2180127501487732, 0.9694094061851501]","[0.0, 0.0, -3.1957933970261365e-06, 0.00011933333735214546, -0.04418389871716499, 1.0, 0.016333334147930145, -3.1957933970261365e-06, 0.0, 0.0, 1.0172526572205243e-06, -0.016214000061154366, 0.0, 0.0]","[0.0, 0.0, 1.0, 1.9668687582015991, 0.0, 0.16212035715579987, 0.4335663914680481, 0.7187001705169678]",-32.171401660683074
15.650000000000087,167.94546508789062,305.23114013671875,13.058670043945312,-0.03631591796875,0.82421875,"[0.5805315971374512, 0.7494999766349792, 0.23877538740634918, 0.9528928399085999]","[0.0, 0.0, -3.1957933970261365e-06, 0.00011933333735214546, -0.04418389871716499, 1.0, 0.016333334147930145, -3.1957933970261365e-06, 0.0, 0.0, 1.0172526572205243e-06, -0.016214000061154366, 0.0, 0.0]","[0.0, 0.0, 1.0, 1.9668687582015991, 0.0, 0.16212035715579987, 0.4335663914680481, 0.7187001705169678]",-32.0257844619336
15.700000000000088,167.29513549804688,305.1335144042969,13.205450057983398,-0.03619384765625,0.86328125,"[0.570899248123169, 0.5885000228881836, 0.25889140367507935, 0.9561476111412048]","[0.0, 0.0, -3.1957933970261365e-06, 0.00011933333735214546, -0.04418389871716499, 1.0, 0.016333334147930145, -3.1957933970261365e-06, 0.0, 0.0, 1.0172526572205243e-06, -0.016214000061154366, 0.0, 0.0]","[0.0, 0.0, 1.0, 1.9668687582015991, 0.0, 0.16212035715579987, 0.4335663914680481, 0.7187001705169678]",-32.17320157993451
15.750000000000089,166.63609313964844,305.0404357910156,13.37261962890625,-0.035919189453125,0.890625,"[0.5599288940429688, 0.47600001096725464, 0.2751244008541107, 0.9531381130218506]","[0.0, 0.0, -3.1957933970261365e-06, 0.00011933333735214546, -0.04418389871716499, 1.0, 0.016333334147930145, -3.1957933970261365e-06, 0.0, 0.0, 1.0172526572205243e-06, -0.016214000061154366, 0.0, 0.0]","[0.0, 0.0, 1.0, 1.9668687582015991, 0.0, 0.16212035715579987, 0.4335663914680481, 0.7187001705169678]",-32.34405123864607
15.80000000000009,165.9674835205078,304.9517517089844,13.55718994140625,-0.0355224609375,0.921875,"[0.5478165149688721, 0.3441999852657318, 0.28905582427978516, 0.9551696181297302]","[0.0, 0.0, -3.1957933970261365e-06, 0.00011933333735214546, -0.04418389871716499, 1.0, 0.016333334147930145, -3.1957933970261365e-06, 0.0, 0.0, 1.0172526572205243e-06, -0.016214000061154366, 0.0, 0.0]","[0.0, 0.0, 1.0, 1.9668687582015991, 0.0, 0.16212035715579987, 0.4335663914680481, 0.7187001705169678]",-32.54122007936652
15.85000000000009,165.2884979248047,304.8674011230469,13.760330200195312,-0.0341796875,0.9609375,"[0.5344855785369873, 0.17440000176429749, 0.30143997073173523, 0.9506549835205078]","[0.0, 0.0, -3.1957933970261365e-06, 0.00011933333735214546, -0.04418389871716499, 1.0, 0.016333334147930145, -3.1957933970261365e-06, 0.0, 0.0, 1.0172526572205243e-06, -0.016214000061154366, 0.0, 0.0]","[0.0, 0.0, 1.0, 1.9668687582015991, 0.0, 0.16212035715579987, 0.4335663914680481, 0.7187001705169678]",-32.509814803266984
15.900000000000091,164.59817504882812,304.78717041015625,13.982080459594727,-0.03253173828125,0.98828125,"[0.5199333429336548, 0.05310000106692314, 0.31394946575164795, 0.947925329208374]","[0.0, 0.0, -3.1957933970261365e-06, 0.00011933333735214546, -0.04418389871716499, 1.0, 0.016333334147930145, -3.1957933970261365e-06, 0.0, 0.0, 1.0172526572205243e-06, -0.016214000061154366, 0.0, 0.0]","[0.0, 0.0, 1.0, 1.9668687582015991, 0.0, 0.16212035715579987, 0.4335663914680481, 0.7187001705169678]",-33.014746326099264
