sim_time,x,y,speed,steer,throttle,style_scores,alert_state,alert_raw,alert_score
0.05,227.07386779785156,-172.86415100097656,0.9800000190734863,-0.003021240234375,0.20000000298023224,"[0.6268119812011719, 0.24779999256134033, 0.0, 0.9430444836616516]","[0.0, 0.0, -0.0056919436901807785, 2.566666626080405e-05, -0.028997546061873436, 1.0, 0.016333334147930145, -0.0056919436901807785, 0.0, 0.0, 0.9981881976127625, -0.016307666897773743, 0.0, 0.0]","[1.0, 0.0, 0.0, 1.8607808351516724, 0.0, 0.4333464801311493, 0.2382134050130844, 0.014353815466165543]",1.0
0.1,227.07386779785156,-172.86415100097656,1.4700000286102295,-0.003021240234375,0.20000000298023224,"[0.6589679718017578, 0.3716000020503998, 0.0, 0.9659090638160706]","[0.0, 0.0, -0.0056919436901807785, 2.566666626080405e-05, -0.028997546061873436, 1.0, 0.016333334147930145, -0.0056919436901807785, 0.0, 0.0, 0.9981881976127625, -0.016307666897773743, 0.0, 0.0]","[1.0, 0.0, 0.0, 1.8607808351516724, 0.0, 0.4333464801311493, 0.2382134050130844, 0.014353815466165543]",1.0
0.15000000000000002,227.07386779785156,-172.86415100097656,1.9600000381469727,-0.003021240234375,0.20000000298023224,"[0.6911239624023438, 0.49549999833106995, 0.0, 0.9659090042114258]","[0.0, 0.0, -0.0056919436901807785, 2.566666626080405e-05, -0.028997546061873436, 1.0, 0.016333334147930145, -0.0056919436901807785, 0.0, 0.0, 0.9981881976127625, -0.016307666897773743, 0.0, 0.0]","[1.0, 0.0, 0.0, 1.8607808351516724, 0.0, 0.4333464801311493, 0.2382134050130844, 0.014353815466165543]",1.0
0.2,227.07386779785156,-172.86415100097656,1.796090006828308,-0.003021240234375,0.20000000298023224,"[0.6803674697875977, 0.46970000863075256, 4.3956040940429375e-07, 0.5231031775474548]","[0.0, 0.0, -0.0056919436901807785, 2.566666626080405e-05, -0.028997546061873436, 1.0, 0.016333334147930145, -0.0056919436901807785, 0.0, 0.0, 0.9981881976127625, -0.016307666897773743, 0.0, 0.0]","[1.0, 0.0, 0.0, 1.8607808351516724, 0.0, 0.4333464801311493, 0.2382134050130844, 0.014353815466165543]",1.0
0.25,227.07386779785156,-172.86415100097656,0.9435200095176697,-0.003021240234375,0.20000000298023224,"[0.6244180202484131, 0.22939999401569366, 0.0, 0.5113636255264282]","[0.0, 0.0, -0.0056919436901807785, 2.566666626080405e-05, -0.028997546061873436, 1.0, 0.016333334147930145, -0.0056919436901807785, 0.0, 0.0, 0.9981881976127625, -0.016307666897773743, 0.0, 0.0]","[1.0, 0.0, 0.0, 1.8607808351516724, 0.0, 0.4333464801311493, 0.2382134050130844, 0.014353815466165543]",0.9770043821868459
0.3,227.07386779785156,-172.86415100097656,0.4353399872779846,-0.003021240234375,0.20000000298023224,"[0.5910689830780029, 0.10989999771118164, 0.0, 0.6528287529945374]","[0.0, 0.0, -0.0056919436901807785, 2.566666626080405e-05, -0.028997546061873436, 1.0, 0.016333334147930145, -0.0056919436901807785, 0.0, 0.0, 0.9981881976127625, -0.016307666897773743, 0.0, 0.0]","[1.0, 0.0, 0.0, 1.8607808351516724, 0.0, 0.4333464801311493, 0.2382134050130844, 0.014353815466165543]",0.8870983296653221
0.35,227.07386779785156,-172.86415100097656,0.14326000213623047,-0.003021240234375,0.20000000298023224,"[0.5719013810157776, 0.03700000047683716, 0.0, 0.7694510817527771]","[0.0, 0.0, -0.0056919436901807785, 2.566666626080405e-05, -0.028997546061873436, 1.0, 0.016333334147930145, -0.0056919436901807785, 0.0, 0.0, 0.9981881976127625, -0.016307666897773743, 0.0, 0.0]","[1.0, 0.0, 0.0, 1.8607808351516724, 0.0, 0.4333464801311493, 0.2382134050130844, 0.014353815466165543]",0.7890331566875155
0.39999999999999997,227.07386779785156,-172.86415100097656,0.01549999974668026,-0.003021240234375,0.20000000298023224,"[0.5635172128677368, 0.004100000020116568, 0.0, 0.861376941204071]","[0.0, 0.0, -0.0056919436901807785, 2.566666626080405e-05, -0.028997546061873436, 1.0, 0.016333334147930145, -0.0056919436901807785, 0.0, 0.0, 0.9981881976127625, -0.016307666897773743, 0.0, 0.0]","[1.0, 0.0, 0.0, 1.8607808351516724, 0.0, 0.4333464801311493, 0.2382134050130844, 0.014353815466165543]",0.5644315267367046
0.44999999999999996,227.07386779785156,-172.86415100097656,0.09382999688386917,-0.003021240234375,0.20000000298023224,"[0.5686575174331665, 0.024700000882148743, 0.0, 0.9162059426307678]","[0.0, 0.0, -0.0056919436901807785, 2.566666626080405e-05, -0.028997546061873436, 1.0, 0.016333334147930145, -0.0056919436901807785, 0.0, 0.0, 0.9981881976127625, -0.016307666897773743, 0.0, 0.0]","[1.0, 0.0, 0.0, 1.8607808351516724, 0.0, 0.4333464801311493, 0.2382134050130844, 0.014353815466165543]",0.37812901902838547
0.49999999999999994,227.07386779785156,-172.86415100097656,0.1251399964094162,-0.003021240234375,0.20000000298023224,"[0.5707122683525085, 0.03319999948143959, 0.0, 0.9529798030853271]","[0.0, 0.0, -0.0056919436901807785, 2.566666626080405e-05, -0.028997546061873436, 1.0, 0.016333334147930145, -0.0056919436901807785, 0.0, 0.0, 0.9981881976127625, -0.016307666897773743, 0.0, 0.0]","[1.0, 0.0, 0.0, 1.8607808351516724, 0.0, 0.4333464801311493, 0.2382134050130844, 0.014353815466165543]",0.1598017475988872
0.5499999999999999,227.07386779785156,-172.86415100097656,0.1301800012588501,-0.003021240234375,0.2896728515625,"[0.5710430145263672, 0.030700000002980232, 0.0, 0.9754348993301392]","[0.0, 0.0, -0.0056919436901807785, 2.566666626080405e-05, -0.028997546061873436, 1.0, 0.016333334147930145, -0.0056919436901807785, 0.0, 0.0, 0.9981881976127625, -0.016307666897773743, 0.0, 0.0]","[1.0, 0.0, 0.0, 1.8607808351516724, 0.0, 0.4333464801311493, 0.2382134050130844, 0.014353815466165543]",-0.08199443414522967
0.6,227.07386779785156,-172.86415100097656,0.12161000072956085,-0.003021240234375,0.78515625,"[0.5704805850982666, 0.008700000122189522, 0.0, 0.9637354016304016]","[0.0, 0.0, -0.0056919436901807785, 2.566666626080405e-05, -0.028997546061873436, 1.0, 0.016333334147930145, -0.0056919436901807785, 0.0, 0.0, 0.9981881976127625, -0.016307666897773743, 0.0, 0.0]","[1.0, 0.0, 0.0, 1.8607808351516724, 0.0, 0.4333464801311493, 0.2382134050130844, 0.014353815466165543]",-0.35386131677959165
0.65,227.07386779785156,-172.86415100097656,0.10694999992847443,-0.003021240234375,1.0,"[0.5695185661315918, 0.0, 0.0, 0.9697298407554626]","[0.0, 0.0, -0.0056919436901807785, 2.566666626080405e-05, -0.028997546061873436, 1.0, 0.016333334147930145, -0.0056919436901807785, 0.0, 0.0, 0.9981881976127625, -0.016307666897773743, 0.0, 0.0]","[1.0, 0.0, 0.0, 1.8607808351516724, 0.0, 0.4333464801311493, 0.2382134050130844, 0.014353815466165543]",-0.9521804425763247
0.7000000000000001,227.07386779785156,-172.86415100097656,0.09047999978065491,-0.003021240234375,1.0,"[0.5684376955032349, 0.0, 0.0, 0.9961102604866028]","[0.0, 0.0, -0.0056919436901807785, 2.566666626080405e-05, -0.028997546061873436, 1.0, 0.016333334147930145, -0.0056919436901807785, 0.0, 0.0, 0.9981881976127625, -0.016307666897773743, 0.0, 0.0]","[1.0, 0.0, 0.0, 1.8607808351516724, 0.0, 0.4333464801311493, 0.2382134050130844, 0.014353815466165543]",-1.2618367536694457
0.7500000000000001,227.07386779785156,-172.86415100097656,0.07450000196695328,-0.003021240234375,1.0,"[0.5673890113830566, 0.0, 0.0, 0.9973719716072083]","[0.0, 0.0, -0.0056919436901807785, 2.566666626080405e-05, -0.028997546061873436, 1.0, 0.016333334147930145, -0.0056919436901807785, 0.0, 0.0, 0.9981881976127625, -0.016307666897773743, 0.0, 0.0]","[1.0, 0.0, 0.0, 1.8607808351516724, 0.0, 0.4333464801311493, 0.2382134050130844, 0.014353815466165543]",-1.5817593101375595
0.8000000000000002,227.07386779785156,-172.86415100097656,0.06013000011444092,-0.003021240234375,1.0,"[0.5664460062980652, 0.0, 0.0, 0.9965759515762329]","[0.0, 0.0, -0.0056919436901807785, 2.566666626080405e-05, -0.028997546061873436, 1.0, 0.016333334147930145, -0.0056919436901807785, 0.0, 0.0, 0.9981881976127625, -0.016307666897773743, 0.0, 0.0]","[1.0, 0.0, 0.0, 1.8607808351516724, 0.0, 0.4333464801311493, 0.2382134050130844, 0.014353815466165543]",-2.2469562684374447
0.8500000000000002,227.07386779785156,-172.86415100097656,0.04780000075697899,-0.003021240234375,1.0,"[0.5656368732452393, 0.0, 4.3956040940429375e-07, 0.9964690208435059]","[0.0, 0.0, -0.0056919436901807785, 2.566666626080405e-05, -0.028997546061873436, 1.0, 0.016333334147930145, -0.0056919436901807785, 0.0, 0.0, 0.9981881976127625, -0.016307666897773743, 0.0, 0.0]","[1.0, 0.0, 0.0, 1.8607808351516724, 0.0, 0.4333464801311493, 0.2382134050130844, 0.014353815466165543]",-2.5939073327340556
0.9000000000000002,227.07386779785156,-172.86415100097656,0.037539999932050705,-0.003021240234375,1.0,"[0.5649635791778564, 0.0, 0.0, 0.9967195391654968]","[0.0, 0.0, -0.0056919436901807785, 2.566666626080405e-05, -0.028997546061873436, 1.0, 0.016333334147930145, -0.0056919436901807785, 0.0, 0.0, 0.9981881976127625, -0.016307666897773743, 0.0, 0.0]","[1.0, 0.0, 0.0, 1.8607808351516724, 0.0, 0.4333464801311493, 0.2382134050130844, 0.014353815466165543]",-2.958526858773345
0.9500000000000003,227.06320190429688,-172.86422729492188,0.3932499885559082,-0.003021240234375,1.0,"[0.5883067846298218, 0.0, 0.34765759110450745, 0.5388700366020203]","[0.0, 0.0, -0.0056919436901807785, 2.566666626080405e-05, -0.028997546061873436, 1.0, 0.016333334147930145, -0.0056919436901807785, 0.0, 0.0, 0.9981881976127625, -0.016307666897773743, 0.0, 0.0]","[1.0, 0.0, 0.0, 1.8607808351516724, 0.0, 0.4333464801311493, 0.2382134050130844, 0.014353815466165543]",-3.324599831038401
1.0000000000000002,227.03146362304688,-172.8643341064453,0.7066500186920166,-0.003021240234375,1.0,"[0.6088735461235046, 0.0, 0.2778294086456299, 0.872650682926178]","[0.0, 0.0, -0.0056919436901807785, 2.566666626080405e-05, -0.028997546061873436, 1.0, 0.016333334147930145, -0.0056919436901807785, 0.0, 0.0, 0.9981881976127625, -0.016307666897773743, 0.0, 0.0]","[1.0, 0.0, 0.0, 1.8607808351516724, 0.0, 0.4333464801311493, 0.2382134050130844, 0.014353815466165543]",-3.686450365212858
1.0500000000000003,226.984130859375,-172.86459350585938,1.0312999486923218,-0.003021240234375,1.0,"[0.6301785707473755, 0.0, 0.2872166931629181, 0.9508019089698792]","[0.0, 0.0, -0.0056919436901807785, 2.566666626080405e-05, -0.028997546061873436, 1.0, 0.016333334147930145, -0.0056919436901807785, 0.0, 0.0, 0.9981881976127625, -0.016307666897773743, 0.0, 0.0]","[1.0, 0.0, 0.0, 1.8607808351516724, 0.0, 0.4333464801311493, 0.2382134050130844, 0.014353815466165543]",-4.471372628859807
1.1000000000000003,226.925537109375,-172.86471557617188,1.2642899751663208,-0.003021240234375,1.0,"[0.6454683542251587, 0.0, 0.20777186751365662, 0.859489381313324]","[0.0, 0.0, -0.0056919436901807785, 2.566666626080405e-05, -0.028997546061873436, 1.0, 0.016333334147930145, -0.0056919436901807785, 0.0, 0.0, 0.9981881976127625, -0.016307666897773743, 0.0, 0.0]","[1.0, 0.0, 0.0, 1.8607808351516724, 0.0, 0.4333464801311493, 0.2382134050130844, 0.014353815466165543]",-4.86307783352943
1.1500000000000004,226.85308837890625,-172.86485290527344,1.543280005455017,-0.003021240234375,1.0,"[0.6637769937515259, 0.0, 0.24707429111003876, 0.9109969139099121]","[0.0, 0.0, -0.0056919436901807785, 2.566666626080405e-05, -0.028997546061873436, 1.0, 0.016333334147930145, -0.0056919436901807785, 0.0, 0.0, 0.9981881976127625, -0.016307666897773743, 0.0, 0.0]","[1.0, 0.0, 0.0, 1.8607808351516724, 0.0, 0.4333464801311493, 0.2382134050130844, 0.014353815466165543]",-5.261252285973542
1.2000000000000004,226.76882934570312,-172.86512756347656,1.7563999891281128,-0.003021240234375,1.0,"[0.6777628660202026, 0.0, 0.18774856626987457, 0.8917846083641052]","[0.0, 0.0, -0.0056919436901807785, 2.566666626080405e-05, -0.028997546061873436, 1.0, 0.016333334147930145, -0.0056919436901807785, 0.0, 0.0, 0.9981881976127625, -0.016307666897773743, 0.0, 0.0]","[1.0, 0.0, 0.0, 1.8607808351516724, 0.0, 0.4333464801311493, 0.2382134050130844, 0.014353815466165543]",-5.680344436800241
1.2500000000000004,226.6737823486328,-172.86550903320312,2.0190999507904053,-0.003021240234375,1.0,"[0.6950023174285889, 0.0, 0.23172615468502045, 0.9067575335502625]","[0.0, 0.0, -0.0056919436901807785, 2.566666626080405e-05, -0.028997546061873436, 1.0, 0.016333334147930145, -0.0056919436901807785, 0.0, 0.0, 0.9981881976127625, -0.016307666897773743, 0.0, 0.0]","[1.0, 0.0, 0.0, 1.8607808351516724, 0.0, 0.4333464801311493, 0.2382134050130844, 0.014353815466165543]",-6.587555701333997
1.3000000000000005,226.5653533935547,-172.8659210205078,2.2615199089050293,-0.003021240234375,1.0,"[0.7109110355377197, 0.0, 0.21396569907665253, 0.9425483345985413]","[0.0, 0.0, -0.0056919436901807785, 2.566666626080405e-05, -0.028997546061873436, 1.0, 0.016333334147930145, -0.0056919436901807785, 0.0, 0.0, 0.9981881976127625, -0.016307666897773743, 0.0, 0.0]","[1.0, 0.0, 0.0, 1.8607808351516724, 0.0, 0.4333464801311493, 0.2382134050130844, 0.014353815466165543]",-7.000033798221466
1.3500000000000005,226.44354248046875,-172.86631774902344,2.5518200397491455,-0.003021240234375,1.0,"[0.7299618721008301, 0.0, 0.2560918927192688, 0.9091997146606445]","[0.0, 0.0, -0.0056919436901807785, 2.566666626080405e-05, -0.028997546061873436, 1.0, 0.016333334147930145, -0.0056919436901807785, 0.0, 0.0, 0.9981881976127625, -0.016307666897773743, 0.0, 0.0]","[1.0, 0.0, 0.0, 1.8607808351516724, 0.0, 0.4333464801311493, 0.2382134050130844, 0.014353815466165543]",-7.464365191780031
1.4000000000000006,226.30593872070312,-172.86680603027344,2.8812899589538574,-0.003021240234375,1.0,"[0.7515831589698792, 0.0, 0.29088613390922546, 0.9191151857376099]","[0.0, 0.0, -0.0056919436901807785, 2.566666626080405e-05, -0.028997546061873436, 1.0, 0.016333334147930145, -0.0056919436901807785, 0.0, 0.0, 0.9981881976127625, -0.016307666897773743, 0.0, 0.0]","[1.0, 0.0, 0.0, 1.8607808351516724, 0.0, 0.4333464801311493, 0.2382134050130844, 0.014353815466165543]",-7.910916432954307
1.4500000000000006,226.14990234375,-172.86734008789062,3.272439956665039,-0.003021240234375,1.0,"[0.7772521376609802, 0.0, 0.34542548656463623, 0.892968475818634]","[0.0, 0.0, -0.0056919436901807785, 2.566666626080405e-05, -0.028997546061873436, 1.0, 0.016333334147930145, -0.0056919436901807785, 0.0, 0.0, 0.9981881976127625, -0.016307666897773743, 0.0, 0.0]","[1.0, 0.0, 0.0, 1.8607808351516724, 0.0, 0.4333464801311493, 0.2382134050130844, 0.014353815466165543]",-8.913162296363437
1.5000000000000007,225.97439575195312,-172.8678436279297,3.64913010597229,-0.003021240234375,1.0,"[0.8019722700119019, 0.0, 0.3328114449977875, 0.9487648010253906]","[0.0, 0.0, -0.0056919436901807785, 2.566666626080405e-05, -0.028997546061873436, 1.0, 0.016333334147930145, -0.0056919436901807785, 0.0, 0.0, 0.9981881976127625, -0.016307666897773743, 0.0, 0.0]","[1.0, 0.0, 0.0, 1.8607808351516724, 0.0, 0.4333464801311493, 0.2382134050130844, 0.014353815466165543]",-9.31096194612013
1.5500000000000007,225.78079223632812,-172.86839294433594,4.005559921264648,-0.003021240234375,1.0,"[0.8253628015518188, 0.0, 0.31512394547462463, 0.9418964385986328]","[0.0, 0.0, -0.0056919436901807785, 2.566666626080405e-05, -0.028997546061873436, 1.0, 0.016333334147930145, -0.0056919436901807785, 0.0, 0.0, 0.9981881976127625, -0.016307666897773743, 0.0, 0.0]","[1.0, 0.0, 0.0, 1.8607808351516724, 0.0, 0.4333464801311493, 0.2382134050130844, 0.014353815466165543]",-9.724047102492927
1.6000000000000008,225.56971740722656,-172.86892700195312,4.354730129241943,-0.003021240234375,1.0,"[0.8482768535614014, 0.0, 0.3088984489440918, 0.9572833180427551]","[0.0, 0.0, -0.0056919436901807785, 2.566666626080405e-05, -0.028997546061873436, 1.0, 0.016333334147930145, -0.0056919436901807785, 0.0, 0.0, 0.9981881976127625, -0.016307666897773743, 0.0, 0.0]","[1.0, 0.0, 0.0, 1.8607808351516724, 0.0, 0.4333464801311493, 0.2382134050130844, 0.014353815466165543]",-10.823937698649749
1.6500000000000008,225.34132385253906,-172.86944580078125,4.702750205993652,-0.003021240234375,1.0,"[0.871115505695343, 0.0, 0.3080483376979828, 0.964474618434906]","[0.0, 0.0, -0.0056919436901807785, 2.566666626080405e-05, -0.028997546061873436, 1.0, 0.016333334147930145, -0.0056919436901807785, 0.0, 0.0, 0.9981881976127625, -0.016307666897773743, 0.0, 0.0]","[1.0, 0.0, 0.0, 1.8607808351516724, 0.0, 0.4333464801311493, 0.2382134050130844, 0.014353815466165543]",-10.992439589089402
1.7000000000000008,225.09552001953125,-172.8699951171875,5.052879810333252,-0.003021240234375,1.0,"[0.8940925598144531, 0.0, 0.3100786805152893, 0.9633530378341675]","[0.0, 0.0, -0.0056919436901807785, 2.566666626080405e-05, -0.028997546061873436, 1.0, 0.016333334147930145, -0.0056919436901807785, 0.0, 0.0, 0.9981881976127625, -0.016307666897773743, 0.0, 0.0]","[1.0, 0.0, 0.0, 1.8607808351516724, 0.0, 0.4333464801311493, 0.2382134050130844, 0.014353815466165543]",-10.980681336407029
1.7500000000000009,224.83212280273438,-172.8705291748047,5.407129764556885,-0.003021240234375,1.0,"[0.9173400402069092, 0.0, 0.31383079290390015, 0.9601850509643555]","[0.0, 0.0, -0.0056919436901807785, 2.566666626080405e-05, -0.028997546061873436, 1.0, 0.016333334147930145, -0.0056919436901807785, 0.0, 0.0, 0.9981881976127625, -0.016307666897773743, 0.0, 0.0]","[1.0, 0.0, 0.0, 1.8607808351516724, 0.0, 0.4333464801311493, 0.2382134050130844, 0.014353815466165543]",-10.959098507002302
1.800000000000001,224.55096435546875,-172.8710174560547,5.758729934692383,-0.003021240234375,1.0,"[0.9404135942459106, 0.0, 0.3125621974468231, 0.9595652222633362]","[0.0, 0.0, -0.0056919436901807785, 2.566666626080405e-05, -0.028997546061873436, 1.0, 0.016333334147930145, -0.0056919436901807785, 0.0, 0.0, 0.9981881976127625, -0.016307666897773743, 0.0, 0.0]","[1.0, 0.0, 0.0, 1.8607808351516724, 0.0, 0.4333464801311493, 0.2382134050130844, 0.014353815466165543]",-11.233120275794965
1.850000000000001,224.25836181640625,-172.8713836669922,5.864930152893066,-0.003021240234375,1.0,"[0.947382926940918, 0.0, 0.095771424472332, 0.6940460205078125]","[0.0, 0.0, -0.0056919436901807785, 2.566666626080405e-05, -0.028997546061873436, 1.0, 0.016333334147930145, -0.0056919436901807785, 0.0, 0.0, 0.9981881976127625, -0.016307666897773743, 0.0, 0.0]","[1.0, 0.0, 0.0, 1.8607808351516724, 0.0, 0.4333464801311493, 0.2382134050130844, 0.014353815466165543]",-11.241409946618724
1.900000000000001,223.96653747558594,-172.87173461914062,5.845479965209961,-0.003021240234375,1.0,"[0.9461065530776978, 0.0, 0.0, 0.8483378887176514]","[0.0, 0.0, -0.0056919436901807785, 2.566666626080405e-05, -0.028997546061873436, 1.0, 0.016333334147930145, -0.0056919436901807785, 0.0, 0.0, 0.9981881976127625, -0.016307666897773743, 0.0, 0.0]","[1.0, 0.0, 0.0, 1.8607808351516724, 0.0, 0.4333464801311493, 0.2382134050130844, 0.014353815466165543]",-11.263610043079725
1.950000000000001,223.67474365234375,-172.8719940185547,5.862410068511963,-0.003021240234375,1.0,"[0.947217583656311, 0.0, 0.010999033227562904, 0.9545822739601135]","[0.0, 0.0, -0.0056919436901807785, 2.566666626080405e-05, -0.028997546061873436, 1.0, 0.016333334147930145, -0.0056919436901807785, 0.0, 0.0, 0.9981881976127625, -0.016307666897773743, 0.0, 0.0]","[1.0, 0.0, 0.0, 1.8607808351516724, 0.0, 0.4333464801311493, 0.2382134050130844, 0.014353815466165543]",-11.292354572337103
2.000000000000001,223.3678436279297,-172.87217712402344,6.366799831390381,-0.003021240234375,1.0,"[0.9803178906440735, 0.0, 0.44628214836120605, 0.454512357711792]","[0.0, 0.0, -0.0056919436901807785, 2.566666626080405e-05, -0.028997546061873436, 1.0, 0.016333334147930145, -0.0056919436901807785, 0.0, 0.0, 0.9981881976127625, -0.016307666897773743, 0.0, 0.0]","[1.0, 0.0, 0.0, 1.8607808351516724, 0.0, 0.4333464801311493, 0.2382134050130844, 0.014353815466165543]",-11.561289386827143
2.0500000000000007,223.03781127929688,-172.87228393554688,6.757649898529053,-0.003021240234375,1.0,"[0.9940327405929565, 0.0, 0.3469753861427307, 0.8316650986671448]","[0.0, 0.0, -0.0056919436901807785, 2.566666626080405e-05, -0.028997546061873436, 1.0, 0.016333334147930145, -0.0056919436901807785, 0.0, 0.0, 0.9981881976127625, -0.016307666897773743, 0.0, 0.0]","[1.0, 0.0, 0.0, 1.8607808351516724, 0.0, 0.4333464801311493, 0.2382134050130844, 0.014353815466165543]",-11.49138793891855
2.1000000000000005,222.68809509277344,-172.87228393554688,7.13808012008667,-0.003021240234375,1.0,"[0.9690672159194946, 0.0, 0.3377235233783722, 0.953508198261261]","[0.0, 0.0, -0.0056919436901807785, 2.566666626080405e-05, -0.028997546061873436, 1.0, 0.016333334147930145, -0.0056919436901807785, 0.0, 0.0, 0.9981881976127625, -0.016307666897773743, 0.0, 0.0]","[1.0, 0.0, 0.0, 1.8607808351516724, 0.0, 0.4333464801311493, 0.2382134050130844, 0.014353815466165543]",-11.39182891622292
2.1500000000000004,222.31796264648438,-172.8721466064453,7.5617499351501465,-0.003021240234375,1.0,"[0.9412641525268555, 0.0, 0.3765898644924164, 0.9146338105201721]","[0.0, 0.0, -0.0056919436901807785, 2.566666626080405e-05, -0.028997546061873436, 1.0, 0.016333334147930145, -0.0056919436901807785, 0.0, 0.0, 0.9981881976127625, -0.016307666897773743, 0.0, 0.0]","[1.0, 0.0, 0.0, 1.8607808351516724, 0.0, 0.4333464801311493, 0.2382134050130844, 0.014353815466165543]",-11.26364448877575
2.2,221.92730712890625,-172.87185668945312,7.967520236968994,-0.003021240234375,1.0,"[0.9146356582641602, 0.0, 0.36054855585098267, 0.9446158409118652]","[0.0, 0.0, -0.0056919436901807785, 2.566666626080405e-05, -0.028997546061873436, 1.0, 0.016333334147930145, -0.0056919436901807785, 0.0, 0.0, 0.9981881976127625, -0.016307666897773743, 0.0, 0.0]","[1.0, 0.0, 0.0, 1.8607808351516724, 0.0, 0.4333464801311493, 0.2382134050130844, 0.014353815466165543]",-11.361237576850028
2.25,221.51527404785156,-172.8713836669922,8.410099983215332,-0.003021240234375,1.0,"[0.8855916261672974, 0.0, 0.3935885429382324, 0.9223588109016418]","[0.0, 0.0, -0.0056919436901807785, 2.566666626080405e-05, -0.028997546061873436, 1.0, 0.016333334147930145, -0.0056919436901807785, 0.0, 0.0, 0.9981881976127625, -0.016307666897773743, 0.0, 0.0]","[1.0, 0.0, 0.0, 1.8607808351516724, 0.0, 0.4333464801311493, 0.2382134050130844, 0.014353815466165543]",-11.21257922160105
2.3,221.0814208984375,-172.87069702148438,8.846320152282715,-0.003021240234375,1.0,"[0.8569648861885071, 0.0, 0.38821011781692505, 0.9582321047782898]","[0.0, 0.0, -0.0056919436901807785, 2.566666626080405e-05, -0.028997546061873436, 1.0, 0.016333334147930145, -0.0056919436901807785, 0.0, 0.0, 0.9981881976127625, -0.016307666897773743, 0.0, 0.0]","[1.0, 0.0, 0.0, 1.8607808351516724, 0.0, 0.4333464801311493, 0.2382134050130844, 0.014353815466165543]",-11.056682770991188
2.3499999999999996,220.62452697753906,-172.86978149414062,9.31229019165039,-0.003021240234375,1.0,"[0.8263858556747437, 0.0, 0.4148496389389038, 0.9307029247283936]","[0.0, 0.0, -0.0056919436901807785, 2.566666626080405e-05, -0.028997546061873436, 1.0, 0.016333334147930145, -0.0056919436901807785, 0.0, 0.0, 0.9981881976127625, -0.016307666897773743, 0.0, 0.0]","[1.0, 0.0, 0.0, 1.8607808351516724, 0.0, 0.4333464801311493, 0.2382134050130844, 0.014353815466165543]",-10.889731430237955
2.3999999999999995,220.15740966796875,-172.86865234375,9.41366958618164,-0.003021240234375,1.0,"[0.8197329044342041, 0.0, 0.0940333902835846, 0.586516797542572]","[0.0, 0.0, -0.0056919436901807785, 2.566666626080405e-05, -0.028997546061873436, 1.0, 0.016333334147930145, -0.0056919436901807785, 0.0, 0.0, 0.9981881976127625, -0.016307666897773743, 0.0, 0.0]","[1.0, 0.0, 0.0, 1.8607808351516724, 0.0, 0.4333464801311493, 0.2382134050130844, 0.014353815466165543]",-11.045740002480114
2.4499999999999993,219.69290161132812,-172.86734008789062,9.2431001663208,-0.003021240234375,1.0,"[0.8309264183044434, 0.0, 0.10693564265966415, 0.6613135933876038]","[0.0, 0.0, -0.0056919436901807785, 2.566666626080405e-05, -0.028997546061873436, 1.0, 0.016333334147930145, -0.0056919436901807785, 0.0, 0.0, 0.9981881976127625, -0.016307666897773743, 0.0, 0.0]","[1.0, 0.0, 0.0, 1.8607808351516724, 0.0, 0.4333464801311493, 0.2382134050130844, 0.014353815466165543]",-10.919597608137073
2.499999999999999,219.2200927734375,-172.86578369140625,9.683810234069824,-0.003021240234375,1.0,"[0.8020050525665283, 0.0, 0.2965938448905945, 0.4431081712245941]","[0.0, 0.0, -0.0056919436901807785, 2.566666626080405e-05, -0.028997546061873436, 1.0, 0.016333334147930145, -0.0056919436901807785, 0.0, 0.0, 0.9981881976127625, -0.016307666897773743, 0.0, 0.0]","[1.0, 0.0, 0.0, 1.8607808351516724, 0.0, 0.4333464801311493, 0.2382134050130844, 0.014353815466165543]",-10.801753662417989
2.549999999999999,218.71995544433594,-172.8638458251953,10.191559791564941,-0.003021240234375,1.0,"[0.7686842679977417, 0.0, 0.4527401924133301, 0.8866197466850281]","[0.0, 0.0, -0.0056919436901807785, 2.566666626080405e-05, -0.028997546061873436, 1.0, 0.016333334147930145, -0.0056919436901807785, 0.0, 0.0, 0.9981881976127625, -0.016307666897773743, 0.0, 0.0]","[1.0, 0.0, 0.0, 1.8607808351516724, 0.0, 0.4333464801311493, 0.2382134050130844, 0.014353815466165543]",-10.662204560853453
2.5999999999999988,218.19688415527344,-172.86154174804688,10.613340377807617,-0.003021240234375,0.89453125,"[0.7410051226615906, 0.3562999963760376, 0.37735867500305176, 0.8642662763595581]","[0.0, 0.0, -0.0056919436901807785, 2.566666626080405e-05, -0.028997546061873436, 1.0, 0.016333334147930145, -0.0056919436901807785, 0.0, 0.0, 0.9981881976127625, -0.016307666897773743, 0.0, 0.0]","[1.0, 0.0, 0.0, 1.8607808351516724, 0.0, 0.4333464801311493, 0.2382134050130844, 0.014353815466165543]",-10.84807619831323
2.6499999999999986,217.65538024902344,-172.85885620117188,10.953020095825195,-0.003021240234375,0.703125,"[0.7187138199806213, 1.0, 0.30545493960380554, 0.8688414692878723]","[0.0, 0.0, -0.0056919436901807785, 2.566666626080405e-05, -0.028997546061873436, 1.0, 0.016333334147930145, -0.0056919436901807785, 0.0, 0.0, 0.9981881976127625, -0.016307666897773743, 0.0, 0.0]","[1.0, 0.0, 0.0, 1.8607808351516724, 0.0, 0.4333464801311493, 0.2382134050130844, 0.014353815466165543]",-10.673290472340701
2.6999999999999984,217.09982299804688,-172.85348510742188,11.208459854125977,-0.02587890625,0.609375,"[0.7019506692886353, 1.0, 0.29695647954940796, 0.8366153240203857]","[0.0, 0.0, -0.0056919436901807785, 2.566666626080405e-05, -0.028997546061873436, 1.0, 0.016333334147930145, -0.0056919436901807785, 0.0, 0.0, 0.9981881976127625, -0.016307666897773743, 0.0, 0.0]","[1.0, 0.0, 0.0, 1.8607808351516724, 0.0, 0.4333464801311493, 0.2382134050130844, 0.014353815466165543]",-10.49170643046655
2.7499999999999982,216.53390502929688,-172.8436279296875,11.396479606628418,-0.04290771484375,0.5703125,"[0.6896120309829712, 1.0, 0.2726329565048218, 0.8784108757972717]","[0.0, 0.0, -0.0056919436901807785, 2.566666626080405e-05, -0.028997546061873436, 1.0, 0.016333334147930145, -0.0056919436901807785, 0.0, 0.0, 0.9981881976127625, -0.016307666897773743, 0.0, 0.0]","[1.0, 0.0, 0.0, 1.8607808351516724, 0.0, 0.4333464801311493, 0.2382134050130844, 0.014353815466165543]",-10.302502002394759
2.799999999999998,215.96060180664062,-172.82777404785156,11.530810356140137,-0.060302734375,0.5,"[0.6807966232299805, 1.0, 0.2639503479003906, 0.897373378276825]","[0.0, 0.0, -0.0056919436901807785, 2.566666626080405e-05, -0.028997546061873436, 1.0, 0.016333334147930145, -0.0056919436901807785, 0.0, 0.0, 0.9981881976127625, -0.016307666897773743, 0.0, 0.0]","[1.0, 0.0, 0.0, 1.8607808351516724, 0.0, 0.4333464801311493, 0.2382134050130844, 0.014353815466165543]",-10.433567951932122
2.849999999999998,215.38235473632812,-172.80419921875,11.621959686279297,-0.0775146484375,0.4722137451171875,"[0.6748149394989014, 1.0, 0.2650465965270996, 0.9126777648925781]","[0.0, 0.0, -0.0056919436901807785, 2.566666626080405e-05, -0.028997546061873436, 1.0, 0.016333334147930145, -0.0056919436901807785, 0.0, 0.0, 0.9981881976127625, -0.016307666897773743, 0.0, 0.0]","[1.0, 0.0, 0.0, 1.8607808351516724, 0.0, 0.4333464801311493, 0.2382134050130844, 0.014353815466165543]",-10.198287165634955
2.8999999999999977,214.8010711669922,-172.7714080810547,11.68257999420166,-0.09259033203125,0.4722137451171875,"[0.6708368062973022, 1.0, 0.26442065834999084, 0.9316135048866272]","[0.0, 0.0, -0.0056919436901807785, 2.566666626080405e-05, -0.028997546061873436, 1.0, 0.016333334147930145, -0.0056919436901807785, 0.0, 0.0, 0.9981881976127625, -0.016307666897773743, 0.0, 0.0]","[1.0, 0.0, 0.0, 1.8607808351516724, 0.0, 0.4333464801311493, 0.2382134050130844, 0.014353815466165543]",-9.942920378922144
2.9499999999999975,214.21812438964844,-172.72816467285156,11.724889755249023,-0.103790283203125,0.4722137451171875,"[0.6680602431297302, 1.0, 0.26792922616004944, 0.9521191716194153]","[0.0, 0.0, -0.0056919436901807785, 2.566666626080405e-05, -0.028997546061873436, 1.0, 0.016333334147930145, -0.0056919436901807785, 0.0, 0.0, 0.9981881976127625, -0.016307666897773743, 0.0, 0.0]","[1.0, 0.0, 0.0, 1.8607808351516724, 0.0, 0.4333464801311493, 0.2382134050130844, 0.014353815466165543]",-9.675730624817776
2.9999999999999973,213.63449096679688,-172.6732177734375,11.75275993347168,-0.115325927734375,0.4999847412109375,"[0.6662312746047974, 1.0, 0.2761969268321991, 0.9545276761054993]","[0.0, 0.0, -0.0056919436901807785, 2.566666626080405e-05, -0.028997546061873436, 1.0, 0.016333334147930145, -0.0056919436901807785, 0.0, 0.0, 0.9981881976127625, -0.016307666897773743, 0.0, 0.0]","[1.0, 0.0, 0.0, 1.8607808351516724, 0.0, 0.4333464801311493, 0.2382134050130844, 0.014353815466165543]",-9.70447951691162
3.049999999999997,213.0509490966797,-172.60549926757812,11.776129722595215,-0.124725341796875,0.5,"[0.6646976470947266, 1.0, 0.29003557562828064, 0.970932126045227]","[0.0, 0.0, -0.0056919436901807785, 2.566666626080405e-05, -0.028997546061873436, 1.0, 0.016333334147930145, -0.0056919436901807785, 0.0, 0.0, 0.9981881976127625, -0.016307666897773743, 0.0, 0.0]","[1.0, 0.0, 0.0, 1.8607808351516724, 0.0, 0.4333464801311493, 0.2382134050130844, 0.014353815466165543]",-9.440094925633186
3.099999999999997,212.46820068359375,-172.52438354492188,11.790430068969727,-0.13153076171875,0.5,"[0.6637592315673828, 1.0, 0.29269978404045105, 0.9676945209503174]","[0.0, 0.0, -0.0056919436901807785, 2.566666626080405e-05, -0.028997546061873436, 1.0, 0.016333334147930145, -0.0056919436901807785, 0.0, 0.0, 0.9981881976127625, -0.016307666897773743, 0.0, 0.0]","[1.0, 0.0, 0.0, 1.8607808351516724, 0.0, 0.4333464801311493, 0.2382134050130844, 0.014353815466165543]",-9.187680167021295
3.149999999999997,211.88673400878906,-172.42921447753906,11.809459686279297,-0.1339111328125,0.5,"[0.6625103950500488, 1.0, 0.3051779866218567, 0.9852566719055176]","[0.0, 0.0, -0.0056919436901807785, 2.566666626080405e-05, -0.028997546061873436, 1.0, 0.016333334147930145, -0.0056919436901807785, 0.0, 0.0, 0.9981881976127625, -0.016307666897773743, 0.0, 0.0]","[1.0, 0.0, 0.0, 1.8607808351516724, 0.0, 0.4333464801311493, 0.2382134050130844, 0.014353815466165543]",-8.933697560368806
3.1999999999999966,211.3070068359375,-172.31956481933594,11.823369979858398,-0.135498046875,0.5,"[0.6615975499153137, 1.0, 0.3093261420726776, 0.9747905731201172]","[0.0, 0.0, -0.0056919436901807785, 2.566666626080405e-05, -0.028997546061873436, 1.0, 0.016333334147930145, -0.0056919436901807785, 0.0, 0.0, 0.9981881976127625, -0.016307666897773743, 0.0, 0.0]","[1.0, 0.0, 0.0, 1.8607808351516724, 0.0, 0.4333464801311493, 0.2382134050130844, 0.014353815466165543]",-8.954621688115703
3.2499999999999964,210.7294158935547,-172.19479370117188,11.843520164489746,-0.13775634765625,0.5,"[0.6602752208709717, 1.0, 0.3215046226978302, 0.9844719767570496]","[0.0, 0.0, -0.0056919436901807785, 2.566666626080405e-05, -0.028997546061873436, 1.0, 0.016333334147930145, -0.0056919436901807785, 0.0, 0.0, 0.9981881976127625, -0.016307666897773743, 0.0, 0.0]","[1.0, 0.0, 0.0, 1.8607808351516724, 0.0, 0.4333464801311493, 0.2382134050130844, 0.014353815466165543]",-8.673437762285946
3.2999999999999963,210.15475463867188,-172.05435180664062,11.855589866638184,-0.14208984375,0.4722137451171875,"[0.6594830751419067, 1.0, 0.32852569222450256, 0.9646410942077637]","[0.0, 0.0, -0.0056919436901807785, 2.566666626080405e-05, -0.028997546061873436, 1.0, 0.016333334147930145, -0.0056919436901807785, 0.0, 0.0, 0.9981881976127625, -0.016307666897773743, 0.0, 0.0]","[1.0, 0.0, 0.0, 1.8607808351516724, 0.0, 0.4333464801311493, 0.2382134050130844, 0.014353815466165543]",-8.381851656932255
3.349999999999996,209.58436584472656,-171.89710998535156,11.869839668273926,-0.14837646484375,0.440460205078125,"[0.6585479974746704, 1.0, 0.3351094424724579, 0.9722684621810913]","[0.0, 0.0, -0.0056919436901807785, 2.566666626080405e-05, -0.028997546061873436, 1.0, 0.016333334147930145, -0.0056919436901807785, 0.0, 0.0, 0.9981881976127625, -0.016307666897773743, 0.0, 0.0]","[1.0, 0.0, 0.0, 1.8607808351516724, 0.0, 0.4333464801311493, 0.2382134050130844, 0.014353815466165543]",-8.09054075947238
3.399999999999996,209.02001953125,-171.72439575195312,11.877090454101562,-0.15576171875,0.408721923828125,"[0.6580721735954285, 1.0, 0.2881045937538147, 0.8807741403579712]","[0.0, 0.0, -0.0056919436901807785, 2.566666626080405e-05, -0.028997546061873436, 1.0, 0.016333334147930145, -0.0056919436901807785, 0.0, 0.0, 0.9981881976127625, -0.016307666897773743, 0.0, 0.0]","[1.0, 0.0, 0.0, 1.8607808351516724, 0.0, 0.4333464801311493, 0.2382134050130844, 0.014353815466165543]",-8.05912484386758
3.4499999999999957,208.4626922607422,-171.5402069091797,11.889749526977539,-0.162750244140625,0.404754638671875,"[0.6572414636611938, 1.0, 0.2947806417942047, 0.9473985433578491]","[0.0, 0.0, -0.0056919436901807785, 2.566666626080405e-05, -0.028997546061873436, 1.0, 0.016333334147930145, -0.0056919436901807785, 0.0, 0.0, 0.9981881976127625, -0.016307666897773743, 0.0, 0.0]","[1.0, 0.0, 0.0, 1.8607808351516724, 0.0, 0.4333464801311493, 0.2382134050130844, 0.014353815466165543]",-7.779091020884806
3.4999999999999956,207.91294860839844,-171.34243774414062,11.89054012298584,-0.1695556640625,0.400787353515625,"[0.6571895480155945, 1.0, 0.3580111265182495, 0.8940211534500122]","[0.0, 0.0, -0.0056919436901807785, 2.566666626080405e-05, -0.028997546061873436, 1.0, 0.016333334147930145, -0.0056919436901807785, 0.0, 0.0, 0.9981881976127625, -0.016307666897773743, 0.0, 0.0]","[1.0, 0.0, 0.0, 1.8607808351516724, 0.0, 0.4333464801311493, 0.2382134050130844, 0.014353815466165543]",-7.514785349601359
3.5499999999999954,207.369384765625,-171.12994384765625,11.86439037322998,-0.1767578125,0.400787353515625,"[0.6589056253433228, 1.0, 0.45848792791366577, 0.7968405485153198]","[0.0, 0.0, -0.0056919436901807785, 2.566666626080405e-05, -0.028997546061873436, 1.0, 0.016333334147930145, -0.0056919436901807785, 0.0, 0.0, 0.9981881976127625, -0.016307666897773743, 0.0, 0.0]","[1.0, 0.0, 0.0, 1.8607808351516724, 0.0, 0.4333464801311493, 0.2382134050130844, 0.014353815466165543]",-7.259889053133769
3.599999999999995,206.83351135253906,-170.8946990966797,11.808699607849121,-0.186676025390625,0.400787353515625,"[0.6625602841377258, 1.0, 0.5037534236907959, 0.8630871176719666]","[0.0, 0.0, -0.0056919436901807785, 2.566666626080405e-05, -0.028997546061873436, 1.0, 0.016333334147930145, -0.0056919436901807785, 0.0, 0.0, 0.9981881976127625, -0.016307666897773743, 0.0, 0.0]","[1.0, 0.0, 0.0, 1.8607808351516724, 0.0, 0.4333464801311493, 0.2382134050130844, 0.014353815466165543]",-7.298669614591644
3.649999999999995,206.30545043945312,-170.63526916503906,11.765999794006348,-0.196380615234375,0.400787353515625,"[0.6653624176979065, 1.0, 0.43533581495285034, 0.8609569072723389]","[0.0, 0.0, -0.0056919436901807785, 2.566666626080405e-05, -0.028997546061873436, 1.0, 0.016333334147930145, -0.0056919436901807785, 0.0, 0.0, 0.9981881976127625, -0.016307666897773743, 0.0, 0.0]","[1.0, 0.0, 0.0, 1.8607808351516724, 0.0, 0.4333464801311493, 0.2382134050130844, 0.014353815466165543]",-7.067689570208325
3.699999999999995,205.78433227539062,-170.3570098876953,11.715909957885742,-0.206695556640625,0.400787353515625,"[0.6686495542526245, 1.0, 0.4569411277770996, 0.8909018635749817]","[0.0, 0.0, -0.0056919436901807785, 2.566666626080405e-05, -0.028997546061873436, 1.0, 0.016333334147930145, -0.0056919436901807785, 0.0, 0.0, 0.9981881976127625, -0.016307666897773743, 0.0, 0.0]","[1.0, 0.0, 0.0, 1.8607808351516724, 0.0, 0.4333464801311493, 0.2382134050130844, 0.014353815466165543]",-6.84165853139916
3.7499999999999947,205.2738800048828,-170.0590362548828,11.66726016998291,-0.217071533203125,0.396820068359375,"[0.6718421578407288, 1.0, 0.5318421721458435, 0.8983254432678223]","[0.0, 0.0, -0.0056919436901807785, 2.566666626080405e-05, -0.028997546061873436, 1.0, 0.016333334147930145, -0.0056919436901807785, 0.0, 0.0, 0.9981881976127625, -0.016307666897773743, 0.0, 0.0]","[1.0, 0.0, 0.0, 1.8607808351516724, 0.0, 0.4333464801311493, 0.2382134050130844, 0.014353815466165543]",-6.621957634069143
3.7999999999999945,204.7798614501953,-169.74127197265625,11.602399826049805,-0.2257080078125,0.376983642578125,"[0.6760985851287842, 1.0, 0.5699094533920288, 0.8647220134735107]","[0.0, 0.0, -0.0056919436901807785, 2.566666626080405e-05, -0.028997546061873436, 1.0, 0.016333334147930145, -0.0056919436901807785, 0.0, 0.0, 0.9981881976127625, -0.016307666897773743, 0.0, 0.0]","[1.0, 0.0, 0.0, 1.8607808351516724, 0.0, 0.4333464801311493, 0.2382134050130844, 0.014353815466165543]",-6.707331336717185
3.8499999999999943,204.30911254882812,-169.39984130859375,11.539739608764648,-0.233154296875,0.3015899658203125,"[0.6802105903625488, 1.0, 0.5738694667816162, 0.9070541262626648]","[0.0, 0.0, -0.0056919436901807785, 2.566666626080405e-05, -0.028997546061873436, 1.0, 0.016333334147930145, -0.0056919436901807785, 0.0, 0.0, 0.9981881976127625, -0.016307666897773743, 0.0, 0.0]","[1.0, 0.0, 0.0, 1.8607808351516724, 0.0, 0.4333464801311493, 0.2382134050130844, 0.014353815466165543]",-6.483081774602721
3.899999999999994,203.8634796142578,-169.0360870361328,11.454150199890137,-0.242950439453125,0.20000000298023224,"[0.685827374458313, 1.0, 0.6004554033279419, 0.8869771361351013]","[0.0, 0.0, -0.0056919436901807785, 2.566666626080405e-05, -0.028997546061873436, 1.0, 0.016333334147930145, -0.0056919436901807785, 0.0, 0.0, 0.9981881976127625, -0.016307666897773743, 0.0, 0.0]","[1.0, 0.0, 0.0, 1.8607808351516724, 0.0, 0.4333464801311493, 0.2382134050130844, 0.014353815466165543]",-6.258139168254956
3.949999999999994,203.4406280517578,-168.65542602539062,11.369560241699219,-0.251953125,0.20000000298023224,"[0.6913785934448242, 1.0, 0.5811517238616943, 0.8824217319488525]","[0.0, 0.0, -0.0056919436901807785, 2.566666626080405e-05, -0.028997546061873436, 1.0, 0.016333334147930145, -0.0056919436901807785, 0.0, 0.0, 0.9981881976127625, -0.016307666897773743, 0.0, 0.0]","[1.0, 0.0, 0.0, 1.8607808351516724, 0.0, 0.4333464801311493, 0.2382134050130844, 0.014353815466165543]",-6.0453043340406225
3.999999999999994,203.04005432128906,-168.26011657714844,11.263799667358398,-0.2569580078125,0.20000000298023224,"[0.6983190774917603, 1.0, 0.5903318524360657, 0.9235925078392029]","[0.0, 0.0, -0.0056919436901807785, 2.566666626080405e-05, -0.028997546061873436, 1.0, 0.016333334147930145, -0.0056919436901807785, 0.0, 0.0, 0.9981881976127625, -0.016307666897773743, 0.0, 0.0]","[1.0, 0.0, 0.0, 1.8607808351516724, 0.0, 0.4333464801311493, 0.2382134050130844, 0.014353815466165543]",-6.149633840816076
4.049999999999994,202.66163635253906,-167.8512420654297,11.163180351257324,-0.25567626953125,0.20000000298023224,"[0.7049221396446228, 1.0, 0.5816650390625, 0.9609395861625671]","[0.0, 0.0, -0.0056919436901807785, 2.566666626080405e-05, -0.028997546061873436, 1.0, 0.016333334147930145, -0.0056919436901807785, 0.0, 0.0, 0.9981881976127625, -0.016307666897773743, 0.0, 0.0]","[1.0, 0.0, 0.0, 1.8607808351516724, 0.0, 0.4333464801311493, 0.2382134050130844, 0.014353815466165543]",-5.956751580540032
4.099999999999993,202.30519104003906,-167.43014526367188,11.053939819335938,-0.247711181640625,0.20000000298023224,"[0.7120909690856934, 1.0, 0.5711196064949036, 0.9414462447166443]","[0.0, 0.0, -0.0056919436901807785, 2.566666626080405e-05, -0.028997546061873436, 1.0, 0.016333334147930145, -0.0056919436901807785, 0.0, 0.0, 0.9981881976127625, -0.016307666897773743, 0.0, 0.0]","[1.0, 0.0, 0.0, 1.8607808351516724, 0.0, 0.4333464801311493, 0.2382134050130844, 0.014353815466165543]",-5.7733680494737
4.149999999999993,201.97035217285156,-166.9982452392578,10.959819793701172,-0.227935791015625,0.20000000298023224,"[0.718267560005188, 1.0, 0.5369037389755249, 0.9422593116760254]","[0.0, 0.0, -0.0056919436901807785, 2.566666626080405e-05, -0.028997546061873436, 1.0, 0.016333334147930145, -0.0056919436901807785, 0.0, 0.0, 0.9981881976127625, -0.016307666897773743, 0.0, 0.0]","[1.0, 0.0, 0.0, 1.8607808351516724, 0.0, 0.4333464801311493, 0.2382134050130844, 0.014353815466165543]",-5.607070273103487
4.199999999999993,201.65492248535156,-166.55699157714844,10.865169525146484,-0.20147705078125,0.20000000298023224,"[0.7244789600372314, 1.0, 0.4714176058769226, 0.9019738435745239]","[0.0, 0.0, -0.0056919436901807785, 2.566666626080405e-05, -0.028997546061873436, 1.0, 0.016333334147930145, -0.0056919436901807785, 0.0, 0.0, 0.9981881976127625, -0.016307666897773743, 0.0, 0.0]","[1.0, 0.0, 0.0, 1.8607808351516724, 0.0, 0.4333464801311493, 0.2382134050130844, 0.014353815466165543]",-5.7848984876657035
4.249999999999993,201.3577880859375,-166.10728454589844,10.784680366516113,-0.17572021484375,0.20000000298023224,"[0.729761004447937, 1.0, 0.43435513973236084, 0.93400639295578]","[0.0, 0.0, -0.0056919436901807785, 2.566666626080405e-05, -0.028997546061873436, 1.0, 0.016333334147930145, -0.0056919436901807785, 0.0, 0.0, 0.9981881976127625, -0.016307666897773743, 0.0, 0.0]","[1.0, 0.0, 0.0, 1.8607808351516724, 0.0, 0.4333464801311493, 0.2382134050130844, 0.014353815466165543]",-5.644555488634864
4.299999999999993,201.07809448242188,-165.65098571777344,10.697369575500488,-0.154693603515625,0.20000000298023224,"[0.7354907393455505, 1.0, 0.40761229395866394, 0.9420514702796936]","[0.0, 0.0, -0.0056919436901807785, 2.566666626080405e-05, -0.028997546061873436, 1.0, 0.016333334147930145, -0.0056919436901807785, 0.0, 0.0, 0.9981881976127625, -0.016307666897773743, 0.0, 0.0]","[1.0, 0.0, 0.0, 1.8607808351516724, 0.0, 0.4333464801311493, 0.2382134050130844, 0.014353815466165543]",-5.515127735136034
4.3499999999999925,200.8147430419922,-165.1891632080078,10.616840362548828,-0.141510009765625,0.20000000298023224,"[0.7407754063606262, 1.0, 0.3933674395084381, 0.9531211256980896]","[0.0, 0.0, -0.0056919436901807785, 2.566666626080405e-05, -0.028997546061873436, 1.0, 0.016333334147930145, -0.0056919436901807785, 0.0, 0.0, 0.9981881976127625, -0.016307666897773743, 0.0, 0.0]","[1.0, 0.0, 0.0, 1.8607808351516724, 0.0, 0.4333464801311493, 0.2382134050130844, 0.014353815466165543]",-5.39546920502887
4.399999999999992,200.56759643554688,-164.7228546142578,10.53069019317627,-0.135528564453125,0.20000000298023224,"[0.7464289665222168, 1.0, 0.3852558135986328, 0.9641316533088684]","[0.0, 0.0, -0.0056919436901807785, 2.566666626080405e-05, -0.028997546061873436, 1.0, 0.016333334147930145, -0.0056919436901807785, 0.0, 0.0, 0.9981881976127625, -0.016307666897773743, 0.0, 0.0]","[1.0, 0.0, 0.0, 1.8607808351516724, 0.0, 0.4333464801311493, 0.2382134050130844, 0.014353815466165543]",-5.624202180973413
4.449999999999992,200.3365020751953,-164.25282287597656,10.449440002441406,-0.134307861328125,0.20000000298023224,"[0.7517609596252441, 1.0, 0.37368571758270264, 0.9642887115478516]","[0.0, 0.0, -0.0056919436901807785, 2.566666626080405e-05, -0.028997546061873436, 1.0, 0.016333334147930145, -0.0056919436901807785, 0.0, 0.0, 0.9981881976127625, -0.016307666897773743, 0.0, 0.0]","[1.0, 0.0, 0.0, 1.8607808351516724, 0.0, 0.4333464801311493, 0.2382134050130844, 0.014353815466165543]",-5.508918178634162
4.499999999999992,200.1210479736328,-163.78009033203125,10.363869667053223,-0.13458251953125,0.20000000298023224,"[0.757376492023468, 1.0, 0.36877450346946716, 0.9634541869163513]","[0.0, 0.0, -0.0056919436901807785, 2.566666626080405e-05, -0.028997546061873436, 1.0, 0.016333334147930145, -0.0056919436901807785, 0.0, 0.0, 0.9981881976127625, -0.016307666897773743, 0.0, 0.0]","[1.0, 0.0, 0.0, 1.8607808351516724, 0.0, 0.4333464801311493, 0.2382134050130844, 0.014353815466165543]",-5.399475273985352
4.549999999999992,199.92092895507812,-163.3051300048828,10.282110214233398,-0.13677978515625,0.2103271484375,"[0.7627419233322144, 1.0, 0.35702019929885864, 0.9646040797233582]","[0.0, 0.0, -0.0056919436901807785, 2.566666626080405e-05, -0.028997546061873436, 1.0, 0.016333334147930145, -0.0056919436901807785, 0.0, 0.0, 0.9981881976127625, -0.016307666897773743, 0.0, 0.0]","[1.0, 0.0, 0.0, 1.8607808351516724, 0.0, 0.4333464801311493, 0.2382134050130844, 0.014353815466165543]",-5.2998480957565794
4.599999999999992,199.73541259765625,-162.82894897460938,10.204680442810059,-0.141693115234375,0.440460205078125,"[0.7678232192993164, 1.0, 0.35572394728660583, 0.9493110179901123]","[0.0, 0.0, -0.0056919436901807785, 2.566666626080405e-05, -0.028997546061873436, 1.0, 0.016333334147930145, -0.0056919436901807785, 0.0, 0.0, 0.9981881976127625, -0.016307666897773743, 0.0, 0.0]","[1.0, 0.0, 0.0, 1.8607808351516724, 0.0, 0.4333464801311493, 0.2382134050130844, 0.014353815466165543]",-5.581246083288757
4.6499999999999915,199.56466674804688,-162.35064697265625,10.154780387878418,-0.148101806640625,0.515625,"[0.7710978984832764, 1.0, 0.337058424949646, 0.9601166844367981]","[0.0, 0.0, -0.0056919436901807785, 2.566666626080405e-05, -0.028997546061873436, 1.0, 0.016333334147930145, -0.0056919436901807785, 0.0, 0.0, 0.9981881976127625, -0.016307666897773743, 0.0, 0.0]","[1.0, 0.0, 0.0, 1.8607808351516724, 0.0, 0.4333464801311493, 0.2382134050130844, 0.014353815466165543]",-5.522328448674143
4.699999999999991,199.4076385498047,-161.86947631835938,10.129830360412598,-0.154876708984375,0.5390625,"[0.7727351784706116, 1.0, 0.3043243885040283, 0.9601994156837463]","[0.0, 0.0, -0.0056919436901807785, 2.566666626080405e-05, -0.028997546061873436, 1.0, 0.016333334147930145, -0.0056919436901807785, 0.0, 0.0, 0.9981881976127625, -0.016307666897773743, 0.0, 0.0]","[1.0, 0.0, 0.0, 1.8607808351516724, 0.0, 0.4333464801311493, 0.2382134050130844, 0.014353815466165543]",-5.479244590267342
4.749999999999991,199.2650604248047,-161.384521484375,10.12240982055664,-0.160552978515625,0.55859375,"[0.7732221484184265, 1.0, 0.31204307079315186, 0.9645782113075256]","[0.0, 0.0, -0.0056919436901807785, 2.566666626080405e-05, -0.028997546061873436, 1.0, 0.016333334147930145, -0.0056919436901807785, 0.0, 0.0, 0.9981881976127625, -0.016307666897773743, 0.0, 0.0]","[1.0, 0.0, 0.0, 1.8607808351516724, 0.0, 0.4333464801311493, 0.2382134050130844, 0.014353815466165543]",-5.448735746775917
4.799999999999991,199.13671875,-160.8954315185547,10.13344955444336,-0.163970947265625,0.58984375,"[0.7724976539611816, 1.0, 0.2963219881057739, 0.9730818867683411]","[0.0, 0.0, -0.0056919436901807785, 2.566666626080405e-05, -0.028997546061873436, 1.0, 0.016333334147930145, -0.0056919436901807785, 0.0, 0.0, 0.9981881976127625, -0.016307666897773743, 0.0, 0.0]","[1.0, 0.0, 0.0, 1.8607808351516724, 0.0, 0.4333464801311493, 0.2382134050130844, 0.014353815466165543]",-5.858960145525514
4.849999999999991,199.022705078125,-160.40164184570312,10.161910057067871,-0.165924072265625,0.609375,"[0.7706300020217896, 1.0, 0.3156808614730835, 0.976701021194458]","[0.0, 0.0, -0.0056919436901807785, 2.566666626080405e-05, -0.028997546061873436, 1.0, 0.016333334147930145, -0.0056919436901807785, 0.0, 0.0, 0.9981881976127625, -0.016307666897773743, 0.0, 0.0]","[1.0, 0.0, 0.0, 1.8607808351516724, 0.0, 0.4333464801311493, 0.2382134050130844, 0.014353815466165543]",-5.872934740403973
4.899999999999991,198.9227294921875,-159.90292358398438,10.205679893493652,-0.165496826171875,0.640625,"[0.7677575945854187, 1.0, 0.32655736804008484, 0.9744038581848145]","[0.0, 0.0, -0.0056919436901807785, 2.566666626080405e-05, -0.028997546061873436, 1.0, 0.016333334147930145, -0.0056919436901807785, 0.0, 0.0, 0.9981881976127625, -0.016307666897773743, 0.0, 0.0]","[1.0, 0.0, 0.0, 1.8607808351516724, 0.0, 0.4333464801311493, 0.2382134050130844, 0.014353815466165543]",-5.906522552132165
4.94999999999999,198.83680725097656,-159.39877319335938,10.26708984375,-0.162689208984375,0.69140625,"[0.763727605342865, 1.0, 0.3391309678554535, 0.9699512720108032]","[0.0, 0.0, -0.0056919436901807785, 2.566666626080405e-05, -0.028997546061873436, 1.0, 0.016333334147930145, -0.0056919436901807785, 0.0, 0.0, 0.9981881976127625, -0.016307666897773743, 0.0, 0.0]","[1.0, 0.0, 0.0, 1.8607808351516724, 0.0, 0.4333464801311493, 0.2382134050130844, 0.014353815466165543]",-5.964207898104785
4.99999999999999,198.76492309570312,-158.8888397216797,10.343299865722656,-0.15911865234375,0.734375,"[0.7587263584136963, 1.0, 0.3559815287590027, 0.9697760343551636]","[0.0, 0.0, -0.0056919436901807785, 2.566666626080405e-05, -0.028997546061873436, 1.0, 0.016333334147930145, -0.0056919436901807785, 0.0, 0.0, 0.9981881976127625, -0.016307666897773743, 0.0, 0.0]","[1.0, 0.0, 0.0, 1.8607808351516724, 0.0, 0.4333464801311493, 0.2382134050130844, 0.014353815466165543]",-6.529754305107138
5.04999999999999,198.70697021484375,-158.37277221679688,10.436739921569824,-0.155303955078125,0.75390625,"[0.7525944113731384, 0.828000009059906, 0.3603265881538391, 0.960353672504425]","[0.0, 0.0, -0.0056919436901807785, 2.566666626080405e-05, -0.028997546061873436, 1.0, 0.016333334147930145, -0.0056919436901807785, 0.0, 0.0, 0.9981881976127625, -0.016307666897773743, 0.0, 0.0]","[1.0, 0.0, 0.0, 1.8607808351516724, 0.0, 0.4333464801311493, 0.2382134050130844, 0.014353815466165543]",-6.579281012504316
5.09999999999999,198.66270446777344,-157.85009765625,10.54718017578125,-0.1517333984375,0.7734375,"[0.7453468441963196, 0.7699000239372253, 0.37609490752220154, 0.9653730392456055]","[0.0, 0.0, -0.0056919436901807785, 2.566666626080405e-05, -0.028997546061873436, 1.0, 0.016333334147930145, -0.0056919436901807785, 0.0, 0.0, 0.9981881976127625, -0.016307666897773743, 0.0, 0.0]","[1.0, 0.0, 0.0, 1.8607808351516724, 0.0, 0.4333464801311493, 0.2382134050130844, 0.014353815466165543]",-6.636045981246513
5.14999999999999,198.6325225830078,-157.32037353515625,10.673029899597168,-0.148895263671875,0.796875,"[0.7370879650115967, 0.6980000138282776, 0.39103779196739197, 0.9626668691635132]","[0.0, 0.0, -0.0056919436901807785, 2.566666626080405e-05, -0.028997546061873436, 1.0, 0.016333334147930145, -0.0056919436901807785, 0.0, 0.0, 0.9981881976127625, -0.016307666897773743, 0.0, 0.0]","[1.0, 0.0, 0.0, 1.8607808351516724, 0.0, 0.4333464801311493, 0.2382134050130844, 0.014353815466165543]",-6.730089912810859
5.1999999999999895,198.6162872314453,-156.78329467773438,10.812410354614258,-0.145111083984375,0.80859375,"[0.7279412746429443, 0.6660000085830688, 0.40147027373313904, 0.9664791822433472]","[0.0, 0.0, -0.0056919436901807785, 2.566666626080405e-05, -0.028997546061873436, 1.0, 0.016333334147930145, -0.0056919436901807785, 0.0, 0.0, 0.9981881976127625, -0.016307666897773743, 0.0, 0.0]","[1.0, 0.0, 0.0, 1.8607808351516724, 0.0, 0.4333464801311493, 0.2382134050130844, 0.014353815466165543]",-7.445828279756585
5.249999999999989,198.6142578125,-156.23863220214844,10.963520050048828,-0.140899658203125,0.81640625,"[0.718024730682373, 0.647599995136261, 0.4097837209701538, 0.9651285409927368]","[0.0, 0.0, -0.0056919436901807785, 2.566666626080405e-05, -0.028997546061873436, 1.0, 0.016333334147930145, -0.0056919436901807785, 0.0, 0.0, 0.9981881976127625, -0.016307666897773743, 0.0, 0.0]","[1.0, 0.0, 0.0, 1.8607808351516724, 0.0, 0.4333464801311493, 0.2382134050130844, 0.014353815466165543]",-7.555836815154565
5.299999999999989,198.62628173828125,-155.68629455566406,11.12205982208252,-0.135772705078125,0.8203125,"[0.7076206803321838, 0.6430000066757202, 0.4130171239376068, 0.9720451831817627]","[0.0, 0.0, -0.0056919436901807785, 2.566666626080405e-05, -0.028997546061873436, 1.0, 0.016333334147930145, -0.0056919436901807785, 0.0, 0.0, 0.9981881976127625, -0.016307666897773743, 0.0, 0.0]","[1.0, 0.0, 0.0, 1.8607808351516724, 0.0, 0.4333464801311493, 0.2382134050130844, 0.014353815466165543]",-7.65164457003088
5.349999999999989,198.65249633789062,-155.126220703125,11.289649963378906,-0.130340576171875,0.82421875,"[0.6966226100921631, 0.6384000182151794, 0.4175841808319092, 0.9664318561553955]","[0.0, 0.0, -0.0056919436901807785, 2.566666626080405e-05, -0.028997546061873436, 1.0, 0.016333334147930145, -0.0056919436901807785, 0.0, 0.0, 0.9981881976127625, -0.016307666897773743, 0.0, 0.0]","[1.0, 0.0, 0.0, 1.8607808351516724, 0.0, 0.4333464801311493, 0.2382134050130844, 0.014353815466165543]",-7.735751723606825
5.399999999999989,198.69281005859375,-154.5585479736328,11.458089828491211,-0.124725341796875,0.82421875,"[0.6855688691139221, 0.6481000185012817, 0.41471293568611145, 0.9693698287010193]","[0.0, 0.0, -0.0056919436901807785, 2.566666626080405e-05, -0.028997546061873436, 1.0, 0.016333334147930145, -0.0056919436901807785, 0.0, 0.0, 0.9981881976127625, -0.016307666897773743, 0.0, 0.0]","[1.0, 0.0, 0.0, 1.8607808351516724, 0.0, 0.4333464801311493, 0.2382134050130844, 0.014353815466165543]",-8.390187607583119
5.449999999999989,198.74728393554688,-153.98338317871094,11.633090019226074,-0.11956787109375,0.828125,"[0.6740845441818237, 0.6434000134468079, 0.4180804193019867, 0.9683504700660706]","[0.0, 0.0, -0.0056919436901807785, 2.566666626080405e-05, -0.028997546061873436, 1.0, 0.016333334147930145, -0.0056919436901807785, 0.0, 0.0, 0.9981881976127625, -0.016307666897773743, 0.0, 0.0]","[1.0, 0.0, 0.0, 1.8607808351516724, 0.0, 0.4333464801311493, 0.2382134050130844, 0.014353815466165543]",-8.483641217472618
5.4999999999999885,198.81588745117188,-153.40098571777344,11.806159973144531,-0.113922119140625,0.828125,"[0.6627269387245178, 0.6532999873161316, 0.4121406376361847, 0.9679989814758301]","[0.0, 0.0, -0.0056919436901807785, 2.566666626080405e-05, -0.028997546061873436, 1.0, 0.016333334147930145, -0.0056919436901807785, 0.0, 0.0, 0.9981881976127625, -0.016307666897773743, 0.0, 0.0]","[1.0, 0.0, 0.0, 1.8607808351516724, 0.0, 0.4333464801311493, 0.2382134050130844, 0.014353815466165543]",-8.606718271852541
5.549999999999988,198.8986358642578,-152.8115234375,11.983869552612305,-0.10894775390625,0.83203125,"[0.6510648727416992, 0.6480000019073486, 0.41393008828163147, 0.9691562652587891]","[0.0, 0.0, -0.0056919436901807785, 2.566666626080405e-05, -0.028997546061873436, 1.0, 0.016333334147930145, -0.0056919436901807785, 0.0, 0.0, 0.9981881976127625, -0.016307666897773743, 0.0, 0.0]","[1.0, 0.0, 0.0, 1.8607808351516724, 0.0, 0.4333464801311493, 0.2382134050130844, 0.014353815466165543]",-8.705471361442122
5.599999999999988,198.99546813964844,-152.21530151367188,12.158829689025879,-0.10455322265625,0.83203125,"[0.639583170413971, 0.6577000021934509, 0.40916919708251953, 0.9675226211547852]","[0.0, 0.0, -0.0056919436901807785, 2.566666626080405e-05, -0.028997546061873436, 1.0, 0.016333334147930145, -0.0056919436901807785, 0.0, 0.0, 0.9981881976127625, -0.016307666897773743, 0.0, 0.0]","[1.0, 0.0, 0.0, 1.8607808351516724, 0.0, 0.4333464801311493, 0.2382134050130844, 0.014353815466165543]",-8.820248680490142
5.649999999999988,199.1066436767578,-151.6125946044922,12.336930274963379,-0.1019287109375,0.8359375,"[0.6278954148292542, 0.6516000032424927, 0.4138008654117584, 0.9668676257133484]","[0.0, 0.0, -0.0056919436901807785, 2.566666626080405e-05, -0.028997546061873436, 1.0, 0.016333334147930145, -0.0056919436901807785, 0.0, 0.0, 0.9981881976127625, -0.016307666897773743, 0.0, 0.0]","[1.0, 0.0, 0.0, 1.8607808351516724, 0.0, 0.4333464801311493, 0.2382134050130844, 0.014353815466165543]",-8.53575624651703
5.699999999999988,199.2323760986328,-151.00375366210938,12.51220989227295,-0.1015625,0.8359375,"[0.6163927912712097, 0.6607000231742859, 0.4163687527179718, 0.9637295603752136]","[0.0, 0.0, -0.0056919436901807785, 2.566666626080405e-05, -0.028997546061873436, 1.0, 0.016333334147930145, -0.0056919436901807785, 0.0, 0.0, 0.9981881976127625, -0.016307666897773743, 0.0, 0.0]","[1.0, 0.0, 0.0, 1.8607808351516724, 0.0, 0.4333464801311493, 0.2382134050130844, 0.014353815466165543]",-8.24657330219491
5.749999999999988,199.3731231689453,-150.38917541503906,12.688899993896484,-0.101715087890625,0.8359375,"[0.6047976016998291, 0.6696000099182129, 0.4228901267051697, 0.9656564593315125]","[0.0, 0.0, -0.0056919436901807785, 2.566666626080405e-05, -0.028997546061873436, 1.0, 0.016333334147930145, -0.0056919436901807785, 0.0, 0.0, 0.9981881976127625, -0.016307666897773743, 0.0, 0.0]","[1.0, 0.0, 0.0, 1.8607808351516724, 0.0, 0.4333464801311493, 0.2382134050130844, 0.014353815466165543]",-7.970141938333077
5.799999999999987,199.5291290283203,-149.76925659179688,12.864119529724121,-0.101531982421875,0.8359375,"[0.5932989120483398, 0.6786999702453613, 0.42529138922691345, 0.9655041098594666]","[0.0, 0.0, -0.0056919436901807785, 2.566666626080405e-05, -0.028997546061873436, 1.0, 0.016333334147930145, -0.0056919436901807785, 0.0, 0.0, 0.9981881976127625, -0.016307666897773743, 0.0, 0.0]","[1.0, 0.0, 0.0, 1.8607808351516724, 0.0, 0.4333464801311493, 0.2382134050130844, 0.014353815466165543]",-8.023391759189357
5.849999999999987,199.7006378173828,-149.1443328857422,13.040340423583984,-0.100555419921875,0.83984375,"[0.5817345380783081, 0.6714000105857849, 0.428752064704895, 0.9680025577545166]","[0.0, 0.0, -0.0056919436901807785, 2.566666626080405e-05, -0.028997546061873436, 1.0, 0.016333334147930145, -0.0056919436901807785, 0.0, 0.0, 0.9981881976127625, -0.016307666897773743, 0.0, 0.0]","[1.0, 0.0, 0.0, 1.8607808351516724, 0.0, 0.4333464801311493, 0.2382134050130844, 0.014353815466165543]",-7.756811224264018
5.899999999999987,199.88778686523438,-148.51467895507812,13.217390060424805,-0.0977783203125,0.83984375,"[0.5701156854629517, 0.6804999709129333, 0.4285375773906708, 0.9701442718505859]","[0.0, 0.0, -0.0056919436901807785, 2.566666626080405e-05, -0.028997546061873436, 1.0, 0.016333334147930145, -0.0056919436901807785, 0.0, 0.0, 0.9981881976127625, -0.016307666897773743, 0.0, 0.0]","[1.0, 0.0, 0.0, 1.8607808351516724, 0.0, 0.4333464801311493, 0.2382134050130844, 0.014353815466165543]",-7.459575153296866
5.949999999999987,200.09056091308594,-147.88050842285156,13.396200180053711,-0.0933837890625,0.84375,"[0.5583813786506653, 0.6730999946594238, 0.4266127347946167, 0.9702852368354797]","[0.0, 0.0, -0.0056919436901807785, 2.566666626080405e-05, -0.028997546061873436, 1.0, 0.016333334147930145, -0.0056919436901807785, 0.0, 0.0, 0.9981881976127625, -0.016307666897773743, 0.0, 0.0]","[1.0, 0.0, 0.0, 1.8607808351516724, 0.0, 0.4333464801311493, 0.2382134050130844, 0.014353815466165543]",-7.124978981096907
5.999999999999987,200.3089141845703,-147.2419891357422,13.577099800109863,-0.08807373046875,0.84765625,"[0.5465099215507507, 0.6654000282287598, 0.4236755967140198, 0.9692500829696655]","[0.0, 0.0, -0.0056919436901807785, 2.566666626080405e-05, -0.028997546061873436, 1.0, 0.016333334147930145, -0.0056919436901807785, 0.0, 0.0, 0.9981881976127625, -0.016307666897773743, 0.0, 0.0]","[1.0, 0.0, 0.0, 1.8607808351516724, 0.0, 0.4333464801311493, 0.2382134050130844, 0.014353815466165543]",-6.99998131742906
6.0499999999999865,200.54283142089844,-146.5992889404297,13.759639739990234,-0.083953857421875,0.84765625,"[0.5345308780670166, 0.6743999719619751, 0.42336177825927734, 0.9691554307937622]","[0.0, 0.0, -0.0056919436901807785, 2.566666626080405e-05, -0.028997546061873436, 1.0, 0.016333334147930145, -0.0056919436901807785, 0.0, 0.0, 0.9981881976127625, -0.016307666897773743, 0.0, 0.0]","[1.0, 0.0, 0.0, 1.8607808351516724, 0.0, 0.4333464801311493, 0.2382134050130844, 0.014353815466165543]",-6.60319755242224
6.099999999999986,200.79241943359375,-145.9527130126953,13.942819595336914,-0.0821533203125,0.84765625,"[0.5225098133087158, 0.6832000017166138, 0.42655515670776367, 0.9663749933242798]","[0.0, 0.0, -0.0056919436901807785, 2.566666626080405e-05, -0.028997546061873436, 1.0, 0.016333334147930145, -0.0056919436901807785, 0.0, 0.0, 0.9981881976127625, -0.016307666897773743, 0.0, 0.0]","[1.0, 0.0, 0.0, 1.8607808351516724, 0.0, 0.4333464801311493, 0.2382134050130844, 0.014353815466165543]",-6.211781351476825
6.149999999999986,201.05804443359375,-145.30259704589844,14.126179695129395,-0.082122802734375,0.84765625,"[0.51047682762146, 0.6917999982833862, 0.43159249424934387, 0.965064287185669]","[0.0, 0.0, -0.0056919436901807785, 2.566666626080405e-05, -0.028997546061873436, 1.0, 0.016333334147930145, -0.0056919436901807785, 0.0, 0.0, 0.9981881976127625, -0.016307666897773743, 0.0, 0.0]","[1.0, 0.0, 0.0, 1.8607808351516724, 0.0, 0.4333464801311493, 0.2382134050130844, 0.014353815466165543]",-5.810581923774228
6.199999999999986,201.33987426757812,-144.64935302734375,14.309829711914062,-0.0821533203125,0.84765625,"[0.4984249472618103, 0.7006000280380249, 0.4353845715522766, 0.9666247367858887]","[0.0, 0.0, -0.0056919436901807785, 2.566666626080405e-05, -0.028997546061873436, 1.0, 0.016333334147930145, -0.0056919436901807785, 0.0, 0.0, 0.9981881976127625, -0.016307666897773743, 0.0, 0.0]","[1.0, 0.0, 0.0, 1.8607808351516724, 0.0, 0.4333464801311493, 0.2382134050130844, 0.014353815466165543]",-5.645183591270089
6.249999999999986,201.63807678222656,-143.9933319091797,14.493760108947754,-0.081939697265625,0.84765625,"[0.4863545894622803, 0.7092999815940857, 0.43899914622306824, 0.9665306806564331]","[0.0, 0.0, -0.0056919436901807785, 2.566666626080405e-05, -0.028997546061873436, 1.0, 0.016333334147930145, -0.0056919436901807785, 0.0, 0.0, 0.9981881976127625, -0.016307666897773743, 0.0, 0.0]","[1.0, 0.0, 0.0, 1.8607808351516724, 0.0, 0.4333464801311493, 0.2382134050130844, 0.014353815466165543]",-5.252777808999182
6.299999999999986,201.952880859375,-143.33486938476562,14.678190231323242,-0.08135986328125,0.84765625,"[0.474251389503479, 0.7182000279426575, 0.44121405482292175, 0.9678131937980652]","[0.0, 0.0, -0.0056919436901807785, 2.566666626080405e-05, -0.028997546061873436, 1.0, 0.016333334147930145, -0.0056919436901807785, 0.0, 0.0, 0.9981881976127625, -0.016307666897773743, 0.0, 0.0]","[1.0, 0.0, 0.0, 1.8607808351516724, 0.0, 0.4333464801311493, 0.2382134050130844, 0.014353815466165543]",-4.858688784570215
6.349999999999985,202.28396606445312,-142.6749725341797,14.790840148925781,-0.079681396484375,0.84765625,"[0.4668588638305664, 0.7264000177383423, 0.3768276870250702, 0.8946915864944458]","[0.0, 0.0, -0.0056919436901807785, 2.566666626080405e-05, -0.028997546061873436, 1.0, 0.016333334147930145, -0.0056919436901807785, 0.0, 0.0, 0.9981881976127625, -0.016307666897773743, 0.0, 0.0]","[1.0, 0.0, 0.0, 1.8607808351516724, 0.0, 0.4333464801311493, 0.2382134050130844, 0.014353815466165543]",-4.463326561603994
6.399999999999985,202.62759399414062,-142.0205841064453,14.796489715576172,-0.0755615234375,0.84765625,"[0.4664880633354187, 0.728600025177002, 0.28011777997016907, 0.8665826320648193]","[0.0, 0.0, -0.0056919436901807785, 2.566666626080405e-05, -0.028997546061873436, 1.0, 0.016333334147930145, -0.0056919436901807785, 0.0, 0.0, 0.9981881976127625, -0.016307666897773743, 0.0, 0.0]","[1.0, 0.0, 0.0, 1.8607808351516724, 0.0, 0.4333464801311493, 0.2382134050130844, 0.014353815466165543]",-4.370400833169792
6.449999999999985,202.9822998046875,-141.37335205078125,14.770819664001465,-0.067596435546875,0.84765625,"[0.46817272901535034, 0.7285000085830688, 0.2728724479675293, 0.9486026763916016]","[0.0, 0.0, -0.0056919436901807785, 2.566666626080405e-05, -0.028997546061873436, 1.0, 0.016333334147930145, -0.0056919436901807785, 0.0, 0.0, 0.9981881976127625, -0.016307666897773743, 0.0, 0.0]","[1.0, 0.0, 0.0, 1.8607808351516724, 0.0, 0.4333464801311493, 0.2382134050130844, 0.014353815466165543]",-4.016223992119557
6.499999999999985,203.3523406982422,-140.72389221191406,15.059510231018066,-0.058990478515625,0.84765625,"[0.44922757148742676, 0.7339000105857849, 0.43938112258911133, 0.6115505695343018]","[0.0, 0.0, -0.0056919436901807785, 2.566666626080405e-05, -0.028997546061873436, 1.0, 0.016333334147930145, -0.0056919436901807785, 0.0, 0.0, 0.9981881976127625, -0.016307666897773743, 0.0, 0.0]","[1.0, 0.0, 0.0, 1.8607808351516724, 0.0, 0.4333464801311493, 0.2382134050130844, 0.014353815466165543]",-3.6682269866891737
6.549999999999985,203.73915100097656,-140.0699005126953,15.285840034484863,-0.05572509765625,0.84765625,"[0.4343748092651367, 0.7483999729156494, 0.4408901035785675, 0.8886697888374329]","[0.0, 0.0, -0.0056919436901807785, 2.566666626080405e-05, -0.028997546061873436, 1.0, 0.016333334147930145, -0.0056919436901807785, 0.0, 0.0, 0.9981881976127625, -0.016307666897773743, 0.0, 0.0]","[1.0, 0.0, 0.0, 1.8607808351516724, 0.0, 0.4333464801311493, 0.2382134050130844, 0.014353815466165543]",-3.330521458402102
6.5999999999999845,204.1419219970703,-139.41331481933594,15.48423957824707,-0.056304931640625,0.84765625,"[0.42135488986968994, 0.7592999935150146, 0.4207612872123718, 0.9339269399642944]","[0.0, 0.0, -0.0056919436901807785, 2.566666626080405e-05, -0.028997546061873436, 1.0, 0.016333334147930145, -0.0056919436901807785, 0.0, 0.0, 0.9981881976127625, -0.016307666897773743, 0.0, 0.0]","[1.0, 0.0, 0.0, 1.8607808351516724, 0.0, 0.4333464801311493, 0.2382134050130844, 0.014353815466165543]",-3.003035967990578
6.649999999999984,204.56011962890625,-138.75543212890625,15.663920402526855,-0.05755615234375,0.84765625,"[0.40956348180770874, 0.7688999772071838, 0.40656614303588867, 0.9487342834472656]","[0.0, 0.0, -0.0056919436901807785, 2.566666626080405e-05, -0.028997546061873436, 1.0, 0.016333334147930145, -0.0056919436901807785, 0.0, 0.0, 0.9981881976127625, -0.016307666897773743, 0.0, 0.0]","[1.0, 0.0, 0.0, 1.8607808351516724, 0.0, 0.4333464801311493, 0.2382134050130844, 0.014353815466165543]",-3.026082209039423
6.699999999999984,204.99330139160156,-138.0970916748047,15.831290245056152,-0.058197021484375,0.84765625,"[0.3985799551010132, 0.7777000069618225, 0.39566150307655334, 0.9589108824729919]","[0.0, 0.0, -0.0056919436901807785, 2.566666626080405e-05, -0.028997546061873436, 1.0, 0.016333334147930145, -0.0056919436901807785, 0.0, 0.0, 0.9981881976127625, -0.016307666897773743, 0.0, 0.0]","[1.0, 0.0, 0.0, 1.8607808351516724, 0.0, 0.4333464801311493, 0.2382134050130844, 0.014353815466165543]",-2.743654725820456
6.749999999999984,205.44110107421875,-137.4388427734375,15.990519523620605,-0.058349609375,0.84765625,"[0.3881305456161499, 0.7858999967575073, 0.38814109563827515, 0.9648645520210266]","[0.0, 0.0, -0.0056919436901807785, 2.566666626080405e-05, -0.028997546061873436, 1.0, 0.016333334147930145, -0.0056919436901807785, 0.0, 0.0, 0.9981881976127625, -0.016307666897773743, 0.0, 0.0]","[1.0, 0.0, 0.0, 1.8607808351516724, 0.0, 0.4333464801311493, 0.2382134050130844, 0.014353815466165543]",-2.4870976029312515
6.799999999999984,205.90341186523438,-136.7812042236328,16.14430046081543,-0.058349609375,0.84765625,"[0.3780387043952942, 0.7936999797821045, 0.3838527202606201, 0.9685264825820923]","[0.0, 0.0, -0.0056919436901807785, 2.566666626080405e-05, -0.028997546061873436, 1.0, 0.016333334147930145, -0.0056919436901807785, 0.0, 0.0, 0.9981881976127625, -0.016307666897773743, 0.0, 0.0]","[1.0, 0.0, 0.0, 1.8607808351516724, 0.0, 0.4333464801311493, 0.2382134050130844, 0.014353815466165543]",-2.2649355681722625
6.849999999999984,206.38011169433594,-136.1245880126953,16.294300079345703,-0.05859375,0.84765625,"[0.3681950569152832, 0.8011000156402588, 0.3826698660850525, 0.9701495170593262]","[0.0, 0.0, -0.0056919436901807785, 2.566666626080405e-05, -0.028997546061873436, 1.0, 0.016333334147930145, -0.0056919436901807785, 0.0, 0.0, 0.9981881976127625, -0.016307666897773743, 0.0, 0.0]","[1.0, 0.0, 0.0, 1.8607808351516724, 0.0, 0.4333464801311493, 0.2382134050130844, 0.014353815466165543]",-2.454323222651818
6.8999999999999835,206.87127685546875,-135.46945190429688,16.441579818725586,-0.05938720703125,0.84765625,"[0.35852986574172974, 0.8080999851226807, 0.3843960464000702, 0.9700142741203308]","[0.0, 0.0, -0.0056919436901807785, 2.566666626080405e-05, -0.028997546061873436, 1.0, 0.016333334147930145, -0.0056919436901807785, 0.0, 0.0, 0.9981881976127625, -0.016307666897773743, 0.0, 0.0]","[1.0, 0.0, 0.0, 1.8607808351516724, 0.0, 0.4333464801311493, 0.2382134050130844, 0.014353815466165543]",-2.244137290870198
6.949999999999983,207.37705993652344,-134.8163299560547,16.58485984802246,-0.061187744140625,0.8203125,"[0.34912723302841187, 0.9610000252723694, 0.38787999749183655, 0.96677166223526]","[0.0, 0.0, -0.0056919436901807785, 2.566666626080405e-05, -0.028997546061873436, 1.0, 0.016333334147930145, -0.0056919436901807785, 0.0, 0.0, 0.9981881976127625, -0.016307666897773743, 0.0, 0.0]","[1.0, 0.0, 0.0, 1.8607808351516724, 0.0, 0.4333464801311493, 0.2382134050130844, 0.014353815466165543]",-2.040140037141773
6.999999999999983,207.89759826660156,-134.16595458984375,16.72256088256836,-0.06390380859375,0.8125,"[0.34009063243865967, 1.0, 0.39233842492103577, 0.9636775851249695]","[0.0, 0.0, -0.0056919436901807785, 2.566666626080405e-05, -0.028997546061873436, 1.0, 0.016333334147930145, -0.0056919436901807785, 0.0, 0.0, 0.9981881976127625, -0.016307666897773743, 0.0, 0.0]","[1.0, 0.0, 0.0, 1.8607808351516724, 0.0, 0.4333464801311493, 0.2382134050130844, 0.014353815466165543]",-1.8457483165801052
7.049999999999983,208.43307495117188,-133.51913452148438,16.854459762573242,-0.067352294921875,0.796875,"[0.33143484592437744, 1.0, 0.39865097403526306, 0.9619503021240234]","[0.0, 0.0, -0.0056919436901807785, 2.566666626080405e-05, -0.028997546061873436, 1.0, 0.016333334147930145, -0.0056919436901807785, 0.0, 0.0, 0.9981881976127625, -0.016307666897773743, 0.0, 0.0]","[1.0, 0.0, 0.0, 1.8607808351516724, 0.0, 0.4333464801311493, 0.2382134050130844, 0.014353815466165543]",-2.0181293470571116
7.099999999999983,208.98377990722656,-132.8767547607422,16.980100631713867,-0.071136474609375,0.78515625,"[0.32318979501724243, 1.0, 0.4058324992656708, 0.9608113169670105]","[0.0, 0.0, -0.0056919436901807785, 2.566666626080405e-05, -0.028997546061873436, 1.0, 0.016333334147930145, -0.0056919436901807785, 0.0, 0.0, 0.9981881976127625, -0.016307666897773743, 0.0, 0.0]","[1.0, 0.0, 0.0, 1.8607808351516724, 0.0, 0.4333464801311493, 0.2382134050130844, 0.014353815466165543]",-1.842100095343739
7.149999999999983,209.5497589111328,-132.2396697998047,17.09942054748535,-0.0728759765625,0.76171875,"[0.3153594732284546, 1.0, 0.40877360105514526, 0.9651561975479126]","[0.0, 0.0, -0.0056919436901807785, 2.566666626080405e-05, -0.028997546061873436, 1.0, 0.016333334147930145, -0.0056919436901807785, 0.0, 0.0, 0.9981881976127625, -0.016307666897773743, 0.0, 0.0]","[1.0, 0.0, 0.0, 1.8607808351516724, 0.0, 0.4333464801311493, 0.2382134050130844, 0.014353815466165543]",-1.6951782345587674
7.199999999999982,210.13101196289062,-131.60870361328125,17.211200714111328,-0.073699951171875,0.73828125,"[0.30802392959594727, 1.0, 0.41021275520324707, 0.9657331705093384]","[0.0, 0.0, -0.0056919436901807785, 2.566666626080405e-05, -0.028997546061873436, 1.0, 0.016333334147930145, -0.0056919436901807785, 0.0, 0.0, 0.9981881976127625, -0.016307666897773743, 0.0, 0.0]","[1.0, 0.0, 0.0, 1.8607808351516724, 0.0, 0.4333464801311493, 0.2382134050130844, 0.014353815466165543]",-1.5625279407969592
7.249999999999982,210.7274627685547,-130.98471069335938,17.314250946044922,-0.073577880859375,0.70703125,"[0.301261305809021, 1.0, 0.40938812494277954, 0.9669337272644043]","[0.0, 0.0, -0.0056919436901807785, 2.566666626080405e-05, -0.028997546061873436, 1.0, 0.016333334147930145, -0.0056919436901807785, 0.0, 0.0, 0.9981881976127625, -0.016307666897773743, 0.0, 0.0]","[1.0, 0.0, 0.0, 1.8607808351516724, 0.0, 0.4333464801311493, 0.2382134050130844, 0.014353815466165543]",-1.4604741781009318
7.299999999999982,211.33888244628906,-130.36854553222656,17.40730094909668,-0.07330322265625,0.6796875,"[0.29515498876571655, 1.0, 0.407599538564682, 0.9671947360038757]","[0.0, 0.0, -0.0056919436901807785, 2.566666626080405e-05, -0.028997546061873436, 1.0, 0.016333334147930145, -0.0056919436901807785, 0.0, 0.0, 0.9981881976127625, -0.016307666897773743, 0.0, 0.0]","[1.0, 0.0, 0.0, 1.8607808351516724, 0.0, 0.4333464801311493, 0.2382134050130844, 0.014353815466165543]",-1.2406979749853537
7.349999999999982,211.965087890625,-129.76113891601562,17.4914608001709,-0.072723388671875,0.67578125,"[0.28963202238082886, 1.0, 0.40575912594795227, 0.9702606201171875]","[0.0, 0.0, -0.0056919436901807785, 2.566666626080405e-05, -0.028997546061873436, 1.0, 0.016333334147930145, -0.0056919436901807785, 0.0, 0.0, 0.9981881976127625, -0.016307666897773743, 0.0, 0.0]","[1.0, 0.0, 0.0, 1.8607808351516724, 0.0, 0.4333464801311493, 0.2382134050130844, 0.014353815466165543]",-1.1469661634684063
7.399999999999982,212.60581970214844,-129.16323852539062,17.568859100341797,-0.072723388671875,0.671875,"[0.28455281257629395, 1.0, 0.40665051341056824, 0.9729651808738708]","[0.0, 0.0, -0.0056919436901807785, 2.566666626080405e-05, -0.028997546061873436, 1.0, 0.016333334147930145, -0.0056919436901807785, 0.0, 0.0, 0.9981881976127625, -0.016307666897773743, 0.0, 0.0]","[1.0, 0.0, 0.0, 1.8607808351516724, 0.0, 0.4333464801311493, 0.2382134050130844, 0.014353815466165543]",-1.1963546621962395
7.4499999999999815,213.26092529296875,-128.5755615234375,17.64134979248047,-0.07275390625,0.671875,"[0.2797955870628357, 1.0, 0.40825363993644714, 0.9759134650230408]","[0.0, 0.0, -0.0056919436901807785, 2.566666626080405e-05, -0.028997546061873436, 1.0, 0.016333334147930145, -0.0056919436901807785, 0.0, 0.0, 0.9981881976127625, -0.016307666897773743, 0.0, 0.0]","[1.0, 0.0, 0.0, 1.8607808351516724, 0.0, 0.4333464801311493, 0.2382134050130844, 0.014353815466165543]",-1.2595930430262885
7.499999999999981,213.9302520751953,-127.99876403808594,17.710399627685547,-0.07293701171875,0.671875,"[0.27526426315307617, 1.0, 0.4107498824596405, 0.9779253005981445]","[0.0, 0.0, -0.0056919436901807785, 2.566666626080405e-05, -0.028997546061873436, 1.0, 0.016333334147930145, -0.0056919436901807785, 0.0, 0.0, 0.9981881976127625, -0.016307666897773743, 0.0, 0.0]","[1.0, 0.0, 0.0, 1.8607808351516724, 0.0, 0.4333464801311493, 0.2382134050130844, 0.014353815466165543]",-1.473927580544002
7.549999999999981,214.61370849609375,-127.43341827392578,17.776819229125977,-0.073699951171875,0.671875,"[0.2709055542945862, 1.0, 0.4147024154663086, 0.978286623954773]","[0.0, 0.0, -0.0056919436901807785, 2.566666626080405e-05, -0.028997546061873436, 1.0, 0.016333334147930145, -0.0056919436901807785, 0.0, 0.0, 0.9981881976127625, -0.016307666897773743, 0.0, 0.0]","[1.0, 0.0, 0.0, 1.8607808351516724, 0.0, 0.4333464801311493, 0.2382134050130844, 0.014353815466165543]",-1.78228862722055
7.599999999999981,215.31117248535156,-126.88024139404297,17.840879440307617,-0.075592041015625,0.671875,"[0.2667015790939331, 1.0, 0.42095473408699036, 0.9768410325050354]","[0.0, 0.0, -0.0056919436901807785, 2.566666626080405e-05, -0.028997546061873436, 1.0, 0.016333334147930145, -0.0056919436901807785, 0.0, 0.0, 0.9981881976127625, -0.016307666897773743, 0.0, 0.0]","[1.0, 0.0, 0.0, 1.8607808351516724, 0.0, 0.4333464801311493, 0.2382134050130844, 0.014353815466165543]",-2.176413340477844
7.649999999999981,216.02261352539062,-126.34002685546875,17.901790618896484,-0.079559326171875,0.6640625,"[0.26270437240600586, 1.0, 0.4307679235935211, 0.9722058773040771]","[0.0, 0.0, -0.0056919436901807785, 2.566666626080405e-05, -0.028997546061873436, 1.0, 0.016333334147930145, -0.0056919436901807785, 0.0, 0.0, 0.9981881976127625, -0.016307666897773743, 0.0, 0.0]","[1.0, 0.0, 0.0, 1.8607808351516724, 0.0, 0.4333464801311493, 0.2382134050130844, 0.014353815466165543]",-2.435788874278868
7.699999999999981,216.7480010986328,-125.81378936767578,17.957090377807617,-0.0841064453125,0.62890625,"[0.2590753436088562, 1.0, 0.43914592266082764, 0.9694440960884094]","[0.0, 0.0, -0.0056919436901807785, 2.566666626080405e-05, -0.028997546061873436, 1.0, 0.016333334147930145, -0.0056919436901807785, 0.0, 0.0, 0.9981881976127625, -0.016307666897773743, 0.0, 0.0]","[1.0, 0.0, 0.0, 1.8607808351516724, 0.0, 0.4333464801311493, 0.2382134050130844, 0.014353815466165543]",-2.929989210069878
7.7499999999999805,217.48704528808594,-125.3025131225586,18.00385093688965,-0.08795166015625,0.59765625,"[0.25600665807724, 1.0, 0.4437437355518341, 0.9682941436767578]","[0.0, 0.0, -0.0056919436901807785, 2.566666626080405e-05, -0.028997546061873436, 1.0, 0.016333334147930145, -0.0056919436901807785, 0.0, 0.0, 0.9981881976127625, -0.016307666897773743, 0.0, 0.0]","[1.0, 0.0, 0.0, 1.8607808351516724, 0.0, 0.4333464801311493, 0.2382134050130844, 0.014353815466165543]",-3.452918805852403
7.79999999999998,218.23931884765625,-124.80723571777344,18.0418701171875,-0.0899658203125,0.58203125,"[0.2535116672515869, 1.0, 0.4452866017818451, 0.9710918068885803]","[0.0, 0.0, -0.0056919436901807785, 2.566666626080405e-05, -0.028997546061873436, 1.0, 0.016333334147930145, -0.0056919436901807785, 0.0, 0.0, 0.9981881976127625, -0.016307666897773743, 0.0, 0.0]","[1.0, 0.0, 0.0, 1.8607808351516724, 0.0, 0.4333464801311493, 0.2382134050130844, 0.014353815466165543]",-3.9879786812289426
7.84999999999998,219.00436401367188,-124.32879638671875,18.072729110717773,-0.09075927734375,0.578125,"[0.251486599445343, 1.0, 0.4471054971218109, 0.9746421575546265]","[0.0, 0.0, -0.0056919436901807785, 2.566666626080405e-05, -0.028997546061873436, 1.0, 0.016333334147930145, -0.0056919436901807785, 0.0, 0.0, 0.9981881976127625, -0.016307666897773743, 0.0, 0.0]","[1.0, 0.0, 0.0, 1.8607808351516724, 0.0, 0.4333464801311493, 0.2382134050130844, 0.014353815466165543]",-4.25021723758321
7.89999999999998,219.7816925048828,-123.86801147460938,18.098180770874023,-0.090789794921875,0.57421875,"[0.24981635808944702, 1.0, 0.44981053471565247, 0.977957546710968]","[0.0, 0.0, -0.0056919436901807785, 2.566666626080405e-05, -0.028997546061873436, 1.0, 0.016333334147930145, -0.0056919436901807785, 0.0, 0.0, 0.9981881976127625, -0.016307666897773743, 0.0, 0.0]","[1.0, 0.0, 0.0, 1.8607808351516724, 0.0, 0.4333464801311493, 0.2382134050130844, 0.014353815466165543]",-4.779322170438776
7.94999999999998,220.57098388671875,-123.42568969726562,18.11832046508789,-0.091156005859375,0.55859375,"[0.2484946846961975, 1.0, 0.45367908477783203, 0.9783123135566711]","[0.0, 0.0, -0.0056919436901807785, 2.566666626080405e-05, -0.028997546061873436, 1.0, 0.016333334147930145, -0.0056919436901807785, 0.0, 0.0, 0.9981881976127625, -0.016307666897773743, 0.0, 0.0]","[1.0, 0.0, 0.0, 1.8607808351516724, 0.0, 0.4333464801311493, 0.2382134050130844, 0.014353815466165543]",-5.327520550691698
7.99999999999998,221.37164306640625,-123.00262451171875,18.132369995117188,-0.091552734375,0.5390625,"[0.247572660446167, 1.0, 0.4563876986503601, 0.9784350991249084]","[0.0, 0.0, -0.0056919436901807785, 2.566666626080405e-05, -0.028997546061873436, 1.0, 0.016333334147930145, -0.0056919436901807785, 0.0, 0.0, 0.9981881976127625, -0.016307666897773743, 0.0, 0.0]","[1.0, 0.0, 0.0, 1.8607808351516724, 0.0, 0.4333464801311493, 0.2382134050130844, 0.014353815466165543]",-5.888595783851299
8.04999999999998,222.18307495117188,-122.599609375,18.13884925842285,-0.09210205078125,0.5078125,"[0.24714750051498413, 1.0, 0.45743826031684875, 0.977824866771698]","[0.0, 0.0, -0.0056919436901807785, 2.566666626080405e-05, -0.028997546061873436, 1.0, 0.016333334147930145, -0.0056919436901807785, 0.0, 0.0, 0.9981881976127625, -0.016307666897773743, 0.0, 0.0]","[1.0, 0.0, 0.0, 1.8607808351516724, 0.0, 0.4333464801311493, 0.2382134050130844, 0.014353815466165543]",-6.190983830856392
8.09999999999998,223.00462341308594,-122.21739959716797,18.137149810791016,-0.092498779296875,0.4920501708984375,"[0.2472590208053589, 1.0, 0.456821084022522, 0.9780104160308838]","[0.0, 0.0, -0.0056919436901807785, 2.566666626080405e-05, -0.028997546061873436, 1.0, 0.016333334147930145, -0.0056919436901807785, 0.0, 0.0, 0.9981881976127625, -0.016307666897773743, 0.0, 0.0]","[1.0, 0.0, 0.0, 1.8607808351516724, 0.0, 0.4333464801311493, 0.2382134050130844, 0.014353815466165543]",-6.759618667707886
8.14999999999998,223.83544921875,-121.85676574707031,18.12657928466797,-0.093719482421875,0.4603118896484375,"[0.24795269966125488, 1.0, 0.4567599892616272, 0.9752609133720398]","[0.0, 0.0, -0.0056919436901807785, 2.566666626080405e-05, -0.028997546061873436, 1.0, 0.016333334147930145, -0.0056919436901807785, 0.0, 0.0, 0.9981881976127625, -0.016307666897773743, 0.0, 0.0]","[1.0, 0.0, 0.0, 1.8607808351516724, 0.0, 0.4333464801311493, 0.2382134050130844, 0.014353815466165543]",-7.333615328522676
8.199999999999982,224.6746826171875,-121.51844787597656,18.105619430541992,-0.0953369140625,0.424591064453125,"[0.24932819604873657, 1.0, 0.4557161331176758, 0.9716264605522156]","[0.0, 0.0, -0.0056919436901807785, 2.566666626080405e-05, -0.028997546061873436, 1.0, 0.016333334147930145, -0.0056919436901807785, 0.0, 0.0, 0.9981881976127625, -0.016307666897773743, 0.0, 0.0]","[1.0, 0.0, 0.0, 1.8607808351516724, 0.0, 0.4333464801311493, 0.2382134050130844, 0.014353815466165543]",-7.902510206330684
8.249999999999982,225.5212860107422,-121.20323181152344,18.071880340576172,-0.0972900390625,0.3690338134765625,"[0.25154227018356323, 1.0, 0.47510725259780884, 0.9666800498962402]","[0.0, 0.0, -0.0056919436901807785, 2.566666626080405e-05, -0.028997546061873436, 1.0, 0.016333334147930145, -0.0056919436901807785, 0.0, 0.0, 0.9981881976127625, -0.016307666897773743, 0.0, 0.0]","[1.0, 0.0, 0.0, 1.8607808351516724, 0.0, 0.4333464801311493, 0.2382134050130844, 0.014353815466165543]",-8.166694156751866
8.299999999999983,226.37411499023438,-120.9118423461914,18.023639678955078,-0.098968505859375,0.3253936767578125,"[0.25470805168151855, 1.0, 0.49337977170944214, 0.9625877141952515]","[0.0, 0.0, -0.0056919436901807785, 2.566666626080405e-05, -0.028997546061873436, 1.0, 0.016333334147930145, -0.0056919436901807785, 0.0, 0.0, 0.9981881976127625, -0.016307666897773743, 0.0, 0.0]","[1.0, 0.0, 0.0, 1.8607808351516724, 0.0, 0.4333464801311493, 0.2382134050130844, 0.014353815466165543]",-8.709390537808787
8.349999999999984,227.23187255859375,-120.64484405517578,17.96150016784668,-0.09930419921875,0.28570556640625,"[0.2587859034538269, 1.0, 0.508347749710083, 0.9618467688560486]","[0.0, 0.0, -0.0056919436901807785, 2.566666626080405e-05, -0.028997546061873436, 1.0, 0.016333334147930145, -0.0056919436901807785, 0.0, 0.0, 0.9981881976127625, -0.016307666897773743, 0.0, 0.0]","[1.0, 0.0, 0.0, 1.8607808351516724, 0.0, 0.4333464801311493, 0.2382134050130844, 0.014353815466165543]",-9.237240713395497
8.399999999999984,228.09327697753906,-120.40255737304688,17.886320114135742,-0.0975341796875,0.23809814453125,"[0.2637195587158203, 1.0, 0.5186008810997009, 0.9613759517669678]","[0.0, 0.0, -0.0056919436901807785, 2.566666626080405e-05, -0.028997546061873436, 1.0, 0.016333334147930145, -0.0056919436901807785, 0.0, 0.0, 0.9981881976127625, -0.016307666897773743, 0.0, 0.0]","[1.0, 0.0, 0.0, 1.8607808351516724, 0.0, 0.4333464801311493, 0.2382134050130844, 0.014353815466165543]",-9.756875664401276
8.449999999999985,228.9569854736328,-120.18500518798828,17.79973030090332,-0.093505859375,0.2103271484375,"[0.2694019675254822, 1.0, 0.523167073726654, 0.959943950176239]","[0.0, 0.0, -0.0056919436901807785, 2.566666626080405e-05, -0.028997546061873436, 1.0, 0.016333334147930145, -0.0056919436901807785, 0.0, 0.0, 0.9981881976127625, -0.016307666897773743, 0.0, 0.0]","[1.0, 0.0, 0.0, 1.8607808351516724, 0.0, 0.4333464801311493, 0.2382134050130844, 0.014353815466165543]",-9.917844185711427
8.499999999999986,229.82186889648438,-119.992431640625,17.70315933227539,-0.086517333984375,0.20000000298023224,"[0.2757394313812256, 1.0, 0.534661054611206, 0.9621451497077942]","[0.0, 0.0, -0.0056919436901807785, 2.566666626080405e-05, -0.028997546061873436, 1.0, 0.016333334147930145, -0.0056919436901807785, 0.0, 0.0, 0.9981881976127625, -0.016307666897773743, 0.0, 0.0]","[1.0, 0.0, 0.0, 1.8607808351516724, 0.0, 0.4333464801311493, 0.2382134050130844, 0.014353815466165543]",-10.39577576661974
8.549999999999986,230.6868438720703,-119.82373809814453,17.60671043395996,-0.078521728515625,0.20000000298023224,"[0.2820688486099243, 1.0, 0.5041477084159851, 0.9446032643318176]","[0.0, 0.0, -0.0056919436901807785, 2.566666626080405e-05, -0.028997546061873436, 1.0, 0.016333334147930145, -0.0056919436901807785, 0.0, 0.0, 0.9981881976127625, -0.016307666897773743, 0.0, 0.0]","[1.0, 0.0, 0.0, 1.8607808351516724, 0.0, 0.4333464801311493, 0.2382134050130844, 0.014353815466165543]",-10.864900650535697
8.599999999999987,231.55113220214844,-119.67804718017578,17.508220672607422,-0.0711669921875,0.20000000298023224,"[0.2885321378707886, 1.0, 0.49387338757514954, 0.9609758257865906]","[0.0, 0.0, -0.0056919436901807785, 2.566666626080405e-05, -0.028997546061873436, 1.0, 0.016333334147930145, -0.0056919436901807785, 0.0, 0.0, 0.9981881976127625, -0.016307666897773743, 0.0, 0.0]","[1.0, 0.0, 0.0, 1.8607808351516724, 0.0, 0.4333464801311493, 0.2382134050130844, 0.014353815466165543]",-11.314020698767475
8.649999999999988,232.4139862060547,-119.55467224121094,17.40924072265625,-0.065582275390625,0.20000000298023224,"[0.2950276732444763, 1.0, 0.48159387707710266, 0.9616551995277405]","[0.0, 0.0, -0.0056919436901807785, 2.566666626080405e-05, -0.028997546061873436, 1.0, 0.016333334147930145, -0.0056919436901807785, 0.0, 0.0, 0.9981881976127625, -0.016307666897773743, 0.0, 0.0]","[1.0, 0.0, 0.0, 1.8607808351516724, 0.0, 0.4333464801311493, 0.2382134050130844, 0.014353815466165543]",-11.332361941953026
8.699999999999989,233.27471923828125,-119.45288848876953,17.310550689697266,-0.0623779296875,0.20000000298023224,"[0.30150413513183594, 1.0, 0.4699195921421051, 0.9642438888549805]","[0.0, 0.0, -0.0056919436901807785, 2.566666626080405e-05, -0.028997546061873436, 1.0, 0.016333334147930145, -0.0056919436901807785, 0.0, 0.0, 0.9981881976127625, -0.016307666897773743, 0.0, 0.0]","[1.0, 0.0, 0.0, 1.8607808351516724, 0.0, 0.4333464801311493, 0.2382134050130844, 0.014353815466165543]",-11.717818293296112
8.74999999999999,234.1328125,-119.3718490600586,17.21276092529297,-0.06072998046875,0.20000000298023224,"[0.3079215884208679, 1.0, 0.4576342701911926, 0.965816080570221]","[0.0, 0.0, -0.0056919436901807785, 2.566666626080405e-05, -0.028997546061873436, 1.0, 0.016333334147930145, -0.0056919436901807785, 0.0, 0.0, 0.9981881976127625, -0.016307666897773743, 0.0, 0.0]","[1.0, 0.0, 0.0, 1.8607808351516724, 0.0, 0.4333464801311493, 0.2382134050130844, 0.014353815466165543]",-12.079708603895725
8.79999999999999,234.98773193359375,-119.31060028076172,17.116830825805664,-0.058502197265625,0.20000000298023224,"[0.3142169117927551, 1.0, 0.44082504510879517, 0.9636505246162415]","[0.0, 0.0, -0.0056919436901807785, 2.566666626080405e-05, -0.028997546061873436, 1.0, 0.016333334147930145, -0.0056919436901807785, 0.0, 0.0, 0.9981881976127625, -0.016307666897773743, 0.0, 0.0]","[1.0, 0.0, 0.0, 1.8607808351516724, 0.0, 0.4333464801311493, 0.2382134050130844, 0.014353815466165543]",-12.404305280485538
8.84999999999999,235.83909606933594,-119.26789093017578,17.023540496826172,-0.0546875,0.20000000298023224,"[0.32033902406692505, 1.0, 0.4189063608646393, 0.9596802592277527]","[0.0, 0.0, -0.0056919436901807785, 2.566666626080405e-05, -0.028997546061873436, 1.0, 0.016333334147930145, -0.0056919436901807785, 0.0, 0.0, 0.9981881976127625, -0.016307666897773743, 0.0, 0.0]","[1.0, 0.0, 0.0, 1.8607808351516724, 0.0, 0.4333464801311493, 0.2382134050130844, 0.014353815466165543]",-12.171591636267488
8.899999999999991,236.68667602539062,-119.24236297607422,16.933170318603516,-0.049591064453125,0.20000000298023224,"[0.3262695074081421, 1.0, 0.3938993215560913, 0.9570289254188538]","[0.0, 0.0, -0.0056919436901807785, 2.566666626080405e-05, -0.028997546061873436, 1.0, 0.016333334147930145, -0.0056919436901807785, 0.0, 0.0, 0.9981881976127625, -0.016307666897773743, 0.0, 0.0]","[1.0, 0.0, 0.0, 1.8607808351516724, 0.0, 0.4333464801311493, 0.2382134050130844, 0.014353815466165543]",-12.43687278349912
8.949999999999992,237.5301971435547,-119.23253631591797,16.845739364624023,-0.043548583984375,0.20000000298023224,"[0.33200716972351074, 1.0, 0.36684221029281616, 0.9550882577896118]","[0.0, 0.0, -0.0056919436901807785, 2.566666626080405e-05, -0.028997546061873436, 1.0, 0.016333334147930145, -0.0056919436901807785, 0.0, 0.0, 0.9981881976127625, -0.016307666897773743, 0.0, 0.0]","[1.0, 0.0, 0.0, 1.8607808351516724, 0.0, 0.4333464801311493, 0.2382134050130844, 0.014353815466165543]",-12.70129457862
8.999999999999993,238.36959838867188,-119.23668670654297,16.76156997680664,-0.034698486328125,0.20000000298023224,"[0.3375307321548462, 1.0, 0.33238548040390015, 0.9470776915550232]","[0.0, 0.0, -0.0056919436901807785, 2.566666626080405e-05, -0.028997546061873436, 1.0, 0.016333334147930145, -0.0056919436901807785, 0.0, 0.0, 0.9981881976127625, -0.016307666897773743, 0.0, 0.0]","[1.0, 0.0, 0.0, 1.8607808351516724, 0.0, 0.4333464801311493, 0.2382134050130844, 0.014353815466165543]",-12.929364555984431
9.049999999999994,239.204833984375,-119.25269317626953,16.680540084838867,-0.023284912109375,0.20000000298023224,"[0.3428482413291931, 1.0, 0.28737232089042664, 0.939421534538269]","[0.0, 0.0, -0.0056919436901807785, 2.566666626080405e-05, -0.028997546061873436, 1.0, 0.016333334147930145, -0.0056919436901807785, 0.0, 0.0, 0.9981881976127625, -0.016307666897773743, 0.0, 0.0]","[1.0, 0.0, 0.0, 1.8607808351516724, 0.0, 0.4333464801311493, 0.2382134050130844, 0.014353815466165543]",-12.587843750584627
9.099999999999994,240.03594970703125,-119.2783203125,16.601959228515625,-0.0113525390625,0.20000000298023224,"[0.34800511598587036, 1.0, 0.2375274896621704, 0.9370796084403992]","[0.0, 0.0, -0.0056919436901807785, 2.566666626080405e-05, -0.028997546061873436, 1.0, 0.016333334147930145, -0.0056919436901807785, 0.0, 0.0, 0.9981881976127625, -0.016307666897773743, 0.0, 0.0]","[1.0, 0.0, 0.0, 1.8607808351516724, 0.0, 0.4333464801311493, 0.2382134050130844, 0.014353815466165543]",-12.984305732654734
9.149999999999995,240.86300659179688,-119.31119537353516,16.5251407623291,0.000732421875,0.20000000298023224,"[0.3530462384223938, 1.0, 0.18504218757152557, 0.93447345495224]","[0.0, 0.0, -0.0056919436901807785, 2.566666626080405e-05, -0.028997546061873436, 1.0, 0.016333334147930145, -0.0056919436901807785, 0.0, 0.0, 0.9981881976127625, -0.016307666897773743, 0.0, 0.0]","[1.0, 0.0, 0.0, 1.8607808351516724, 0.0, 0.4333464801311493, 0.2382134050130844, 0.014353815466165543]",-13.324047363760922
9.199999999999996,241.6861114501953,-119.34906005859375,16.44940948486328,0.010467529296875,0.20000000298023224,"[0.35801613330841064, 1.0, 0.13774020969867706, 0.9401014447212219]","[0.0, 0.0, -0.0056919436901807785, 2.566666626080405e-05, -0.028997546061873436, 1.0, 0.016333334147930145, -0.0056919436901807785, 0.0, 0.0, 0.9981881976127625, -0.016307666897773743, 0.0, 0.0]","[1.0, 0.0, 0.0, 1.8607808351516724, 0.0, 0.4333464801311493, 0.2382134050130844, 0.014353815466165543]",-13.641879134101991
9.249999999999996,242.5053253173828,-119.39006805419922,16.374439239501953,0.01593017578125,0.20000000298023224,"[0.36293596029281616, 1.0, 0.1051771491765976, 0.9518771767616272]","[0.0, 0.0, -0.0056919436901807785, 2.566666626080405e-05, -0.028997546061873436, 1.0, 0.016333334147930145, -0.0056919436901807785, 0.0, 0.0, 0.9981881976127625, -0.016307666897773743, 0.0, 0.0]","[1.0, 0.0, 0.0, 1.8607808351516724, 0.0, 0.4333464801311493, 0.2382134050130844, 0.014353815466165543]",-13.439843153365732
9.299999999999997,243.32077026367188,-119.43282318115234,16.300180435180664,0.016693115234375,0.20000000298023224,"[0.3678091764450073, 1.0, 0.08953758329153061, 0.9653638601303101]","[0.0, 0.0, -0.0056919436901807785, 2.566666626080405e-05, -0.028997546061873436, 1.0, 0.016333334147930145, -0.0056919436901807785, 0.0, 0.0, 0.9981881976127625, -0.016307666897773743, 0.0, 0.0]","[1.0, 0.0, 0.0, 1.8607808351516724, 0.0, 0.4333464801311493, 0.2382134050130844, 0.014353815466165543]",-13.685379011799832
9.349999999999998,244.1324920654297,-119.47625732421875,16.226560592651367,0.01544189453125,0.20000000298023224,"[0.3726404309272766, 1.0, 0.07552352547645569, 0.9715594053268433]","[0.0, 0.0, -0.0056919436901807785, 2.566666626080405e-05, -0.028997546061873436, 1.0, 0.016333334147930145, -0.0056919436901807785, 0.0, 0.0, 0.9981881976127625, -0.016307666897773743, 0.0, 0.0]","[1.0, 0.0, 0.0, 1.8607808351516724, 0.0, 0.4333464801311493, 0.2382134050130844, 0.014353815466165543]",-13.921872128930193
9.399999999999999,244.94053649902344,-119.51939392089844,16.15345001220703,0.01409912109375,0.20000000298023224,"[0.3774383068084717, 1.0, 0.08494505286216736, 0.9744997620582581]","[0.0, 0.0, -0.0056919436901807785, 2.566666626080405e-05, -0.028997546061873436, 1.0, 0.016333334147930145, -0.0056919436901807785, 0.0, 0.0, 0.9981881976127625, -0.016307666897773743, 0.0, 0.0]","[1.0, 0.0, 0.0, 1.8607808351516724, 0.0, 0.4333464801311493, 0.2382134050130844, 0.014353815466165543]",-14.149501380843665
9.45,245.7449951171875,-119.56143951416016,16.08074951171875,0.01324462890625,0.20000000298023224,"[0.3822091817855835, 1.0, 0.09694988280534744, 0.9773272275924683]","[0.0, 0.0, -0.0056919436901807785, 2.566666626080405e-05, -0.028997546061873436, 1.0, 0.016333334147930145, -0.0056919436901807785, 0.0, 0.0, 0.9981881976127625, -0.016307666897773743, 0.0, 0.0]","[1.0, 0.0, 0.0, 1.8607808351516724, 0.0, 0.4333464801311493, 0.2382134050130844, 0.014353815466165543]",-13.806843662669179
9.5,246.5458984375,-119.60169982910156,16.00836944580078,0.013702392578125,0.20000000298023224,"[0.38695913553237915, 1.0, 0.1088426262140274, 0.9775958061218262]","[0.0, 0.0, -0.0056919436901807785, 2.566666626080405e-05, -0.028997546061873436, 1.0, 0.016333334147930145, -0.0056919436901807785, 0.0, 0.0, 0.9981881976127625, -0.016307666897773743, 0.0, 0.0]","[1.0, 0.0, 0.0, 1.8607808351516724, 0.0, 0.4333464801311493, 0.2382134050130844, 0.014353815466165543]",-14.011509466708937
9.55,247.34329223632812,-119.6393814086914,15.93612003326416,0.0167236328125,0.20000000298023224,"[0.39170050621032715, 1.0, 0.12498856335878372, 0.973304808139801]","[0.0, 0.0, -0.0056919436901807785, 2.566666626080405e-05, -0.028997546061873436, 1.0, 0.016333334147930145, -0.0056919436901807785, 0.0, 0.0, 0.9981881976127625, -0.016307666897773743, 0.0, 0.0]","[1.0, 0.0, 0.0, 1.8607808351516724, 0.0, 0.4333464801311493, 0.2382134050130844, 0.014353815466165543]",-14.214351444841984
9.600000000000001,248.13720703125,-119.67378997802734,15.863969802856445,0.02008056640625,0.20000000298023224,"[0.3964352607727051, 1.0, 0.1388452649116516, 0.9757611155509949]","[0.0, 0.0, -0.0056919436901807785, 2.566666626080405e-05, -0.028997546061873436, 1.0, 0.016333334147930145, -0.0056919436901807785, 0.0, 0.0, 0.9981881976127625, -0.016307666897773743, 0.0, 0.0]","[1.0, 0.0, 0.0, 1.8607808351516724, 0.0, 0.4333464801311493, 0.2382134050130844, 0.014353815466165543]",-14.37866396347856
9.650000000000002,248.92767333984375,-119.70455169677734,15.792149543762207,0.02130126953125,0.20000000298023224,"[0.4011484980583191, 1.0, 0.1447015255689621, 0.98399817943573]","[0.0, 0.0, -0.0056919436901807785, 2.566666626080405e-05, -0.028997546061873436, 1.0, 0.016333334147930145, -0.0056919436901807785, 0.0, 0.0, 0.9981881976127625, -0.016307666897773743, 0.0, 0.0]","[1.0, 0.0, 0.0, 1.8607808351516724, 0.0, 0.4333464801311493, 0.2382134050130844, 0.014353815466165543]",-14.207569748152078
9.700000000000003,249.71470642089844,-119.73152923583984,15.720760345458984,0.02105712890625,0.20000000298023224,"[0.40583330392837524, 1.0, 0.1464206576347351, 0.9882583022117615]","[0.0, 0.0, -0.0056919436901807785, 2.566666626080405e-05, -0.028997546061873436, 1.0, 0.016333334147930145, -0.0056919436901807785, 0.0, 0.0, 0.9981881976127625, -0.016307666897773743, 0.0, 0.0]","[1.0, 0.0, 0.0, 1.8607808351516724, 0.0, 0.4333464801311493, 0.2382134050130844, 0.014353815466165543]",-14.77199683264746
9.750000000000004,250.498291015625,-119.75465393066406,15.649860382080078,0.020050048828125,0.20000000298023224,"[0.410486102104187, 1.0, 0.1459788978099823, 0.9896616339683533]","[0.0, 0.0, -0.0056919436901807785, 2.566666626080405e-05, -0.028997546061873436, 1.0, 0.016333334147930145, -0.0056919436901807785, 0.0, 0.0, 0.9981881976127625, -0.016307666897773743, 0.0, 0.0]","[1.0, 0.0, 0.0, 1.8607808351516724, 0.0, 0.4333464801311493, 0.2382134050130844, 0.014353815466165543]",-15.3117949225128
9.800000000000004,251.27847290039062,-119.77415466308594,15.579580307006836,0.016693115234375,0.20000000298023224,"[0.4150981903076172, 1.0, 0.13773582875728607, 0.9818050861358643]","[0.0, 0.0, -0.0056919436901807785, 2.566666626080405e-05, -0.028997546061873436, 1.0, 0.016333334147930145, -0.0056919436901807785, 0.0, 0.0, 0.9981881976127625, -0.016307666897773743, 0.0, 0.0]","[1.0, 0.0, 0.0, 1.8607808351516724, 0.0, 0.4333464801311493, 0.2382134050130844, 0.014353815466165543]",-15.842362128684307
9.850000000000005,252.0552215576172,-119.7906494140625,15.51002025604248,0.01025390625,0.20000000298023224,"[0.41966307163238525, 1.0, 0.1196514368057251, 0.97165846824646]","[0.0, 0.0, -0.0056919436901807785, 2.566666626080405e-05, -0.028997546061873436, 1.0, 0.016333334147930145, -0.0056919436901807785, 0.0, 0.0, 0.9981881976127625, -0.016307666897773743, 0.0, 0.0]","[1.0, 0.0, 0.0, 1.8607808351516724, 0.0, 0.4333464801311493, 0.2382134050130844, 0.014353815466165543]",-16.06883967966597
9.900000000000006,252.8285675048828,-119.80475616455078,15.440979957580566,0.00494384765625,0.20000000298023224,"[0.4241938591003418, 1.0, 0.10501494258642197, 0.9752935767173767]","[0.0, 0.0, -0.0056919436901807785, 2.566666626080405e-05, -0.028997546061873436, 1.0, 0.016333334147930145, -0.0056919436901807785, 0.0, 0.0, 0.9981881976127625, -0.016307666897773743, 0.0, 0.0]","[1.0, 0.0, 0.0, 1.8607808351516724, 0.0, 0.4333464801311493, 0.2382134050130844, 0.014353815466165543]",-16.54391615488719
9.950000000000006,253.5984649658203,-119.81654357910156,15.37228012084961,0.00506591796875,0.20000000298023224,"[0.42870211601257324, 1.0, 0.1049375832080841, 0.9868097901344299]","[0.0, 0.0, -0.0056919436901807785, 2.566666626080405e-05, -0.028997546061873436, 1.0, 0.016333334147930145, -0.0056919436901807785, 0.0, 0.0, 0.9981881976127625, -0.016307666897773743, 0.0, 0.0]","[1.0, 0.0, 0.0, 1.8607808351516724, 0.0, 0.4333464801311493, 0.2382134050130844, 0.014353815466165543]",-17.006745579898286
10.000000000000007,254.36497497558594,-119.82593536376953,15.303919792175293,0.0067138671875,0.20000000298023224,"[0.4331883192062378, 1.0, 0.10646022111177444, 0.9877796173095703]","[0.0, 0.0, -0.0056919436901807785, 2.566666626080405e-05, -0.028997546061873436, 1.0, 0.016333334147930145, -0.0056919436901807785, 0.0, 0.0, 0.9981881976127625, -0.016307666897773743, 0.0, 0.0]","[1.0, 0.0, 0.0, 1.8607808351516724, 0.0, 0.4333464801311493, 0.2382134050130844, 0.014353815466165543]",-17.483621224897668
10.050000000000008,255.12808227539062,-119.83311462402344,15.235960006713867,0.007232666015625,0.20000000298023224,"[0.43764805793762207, 1.0, 0.10270768404006958, 0.9869216084480286]","[0.0, 0.0, -0.0056919436901807785, 2.566666626080405e-05, -0.028997546061873436, 1.0, 0.016333334147930145, -0.0056919436901807785, 0.0, 0.0, 0.9981881976127625, -0.016307666897773743, 0.0, 0.0]","[1.0, 0.0, 0.0, 1.8607808351516724, 0.0, 0.4333464801311493, 0.2382134050130844, 0.014353815466165543]",-17.747537867908072
10.100000000000009,255.88784790039062,-119.83831787109375,15.16843032836914,0.00726318359375,0.20000000298023224,"[0.44207966327667236, 1.0, 0.09859339892864227, 0.9866493940353394]","[0.0, 0.0, -0.0056919436901807785, 2.566666626080405e-05, -0.028997546061873436, 1.0, 0.016333334147930145, -0.0056919436901807785, 0.0, 0.0, 0.9981881976127625, -0.016307666897773743, 0.0, 0.0]","[1.0, 0.0, 0.0, 1.8607808351516724, 0.0, 0.4333464801311493, 0.2382134050130844, 0.014353815466165543]",-18.27105262170668
10.15000000000001,256.6442565917969,-119.84176635742188,15.101329803466797,0.0067138671875,0.20000000298023224,"[0.44648313522338867, 1.0, 0.09379956126213074, 0.9859965443611145]","[0.0, 0.0, -0.0056919436901807785, 2.566666626080405e-05, -0.028997546061873436, 1.0, 0.016333334147930145, -0.0056919436901807785, 0.0, 0.0, 0.9981881976127625, -0.016307666897773743, 0.0, 0.0]","[1.0, 0.0, 0.0, 1.8607808351516724, 0.0, 0.4333464801311493, 0.2382134050130844, 0.014353815466165543]",-18.799119421782418
10.20000000000001,257.3973083496094,-119.84366607666016,15.034660339355469,0.00567626953125,0.20000000298023224,"[0.45085829496383667, 1.0, 0.08843999356031418, 0.9854568839073181]","[0.0, 0.0, -0.0056919436901807785, 2.566666626080405e-05, -0.028997546061873436, 1.0, 0.016333334147930145, -0.0056919436901807785, 0.0, 0.0, 0.9981881976127625, -0.016307666897773743, 0.0, 0.0]","[1.0, 0.0, 0.0, 1.8607808351516724, 0.0, 0.4333464801311493, 0.2382134050130844, 0.014353815466165543]",-19.328270157804862
10.25000000000001,258.1470642089844,-119.8442611694336,14.968379974365234,0.0048828125,0.20000000298023224,"[0.455207884311676, 1.0, 0.0845068097114563, 0.9869953393936157]","[0.0, 0.0, -0.0056919436901807785, 2.566666626080405e-05, -0.028997546061873436, 1.0, 0.016333334147930145, -0.0056919436901807785, 0.0, 0.0, 0.9981881976127625, -0.016307666897773743, 0.0, 0.0]","[1.0, 0.0, 0.0, 1.8607808351516724, 0.0, 0.4333464801311493, 0.2382134050130844, 0.014353815466165543]",-19.628015718120462
10.300000000000011,258.8935241699219,-119.84365844726562,14.902480125427246,0.00433349609375,0.20000000298023224,"[0.45953261852264404, 1.0, 0.08141845464706421, 0.9879298210144043]","[0.0, 0.0, -0.0056919436901807785, 2.566666626080405e-05, -0.028997546061873436, 1.0, 0.016333334147930145, -0.0056919436901807785, 0.0, 0.0, 0.9981881976127625, -0.016307666897773743, 0.0, 0.0]","[1.0, 0.0, 0.0, 1.8607808351516724, 0.0, 0.4333464801311493, 0.2382134050130844, 0.014353815466165543]",-20.13290052715665
10.350000000000012,259.6366882324219,-119.8419418334961,14.836970329284668,0.004119873046875,0.20000000298023224,"[0.46383166313171387, 1.0, 0.07933714240789413, 0.9890350699424744]","[0.0, 0.0, -0.0056919436901807785, 2.566666626080405e-05, -0.028997546061873436, 1.0, 0.016333334147930145, -0.0056919436901807785, 0.0, 0.0, 0.9981881976127625, -0.016307666897773743, 0.0, 0.0]","[1.0, 0.0, 0.0, 1.8607808351516724, 0.0, 0.4333464801311493, 0.2382134050130844, 0.014353815466165543]",-20.62734611814545
10.400000000000013,260.3765563964844,-119.8392333984375,14.771829605102539,0.003753662109375,0.20000000298023224,"[0.46810638904571533, 1.0, 0.07669230550527573, 0.9885096549987793]","[0.0, 0.0, -0.0056919436901807785, 2.566666626080405e-05, -0.028997546061873436, 1.0, 0.016333334147930145, -0.0056919436901807785, 0.0, 0.0, 0.9981881976127625, -0.016307666897773743, 0.0, 0.0]","[1.0, 0.0, 0.0, 1.8607808351516724, 0.0, 0.4333464801311493, 0.2382134050130844, 0.014353815466165543]",-21.118483701602322
10.450000000000014,261.11322021484375,-119.835693359375,14.707079887390137,0.003082275390625,0.20000000298023224,"[0.47235560417175293, 1.0, 0.07327605038881302, 0.9877667427062988]","[0.0, 0.0, -0.0056919436901807785, 2.566666626080405e-05, -0.028997546061873436, 1.0, 0.016333334147930145, -0.0056919436901807785, 0.0, 0.0, 0.9981881976127625, -0.016307666897773743, 0.0, 0.0]","[1.0, 0.0, 0.0, 1.8607808351516724, 0.0, 0.4333464801311493, 0.2382134050130844, 0.014353815466165543]",-21.32508478238708
10.500000000000014,261.84661865234375,-119.83145141601562,14.64268970489502,0.00225830078125,0.20000000298023224,"[0.4765812158584595, 1.0, 0.06966240704059601, 0.9876115322113037]","[0.0, 0.0, -0.0056919436901807785, 2.566666626080405e-05, -0.028997546061873436, 1.0, 0.016333334147930145, -0.0056919436901807785, 0.0, 0.0, 0.9981881976127625, -0.016307666897773743, 0.0, 0.0]","[1.0, 0.0, 0.0, 1.8607808351516724, 0.0, 0.4333464801311493, 0.2382134050130844, 0.014353815466165543]",-21.771950345696656
10.550000000000015,262.5768127441406,-119.82670593261719,14.578680038452148,0.00115966796875,0.20000000298023224,"[0.48078179359436035, 1.0, 0.06532527506351471, 0.9869170188903809]","[0.0, 0.0, -0.0056919436901807785, 2.566666626080405e-05, -0.028997546061873436, 1.0, 0.016333334147930145, -0.0056919436901807785, 0.0, 0.0, 0.9981881976127625, -0.016307666897773743, 0.0, 0.0]","[1.0, 0.0, 0.0, 1.8607808351516724, 0.0, 0.4333464801311493, 0.2382134050130844, 0.014353815466165543]",-22.196181319301193
10.600000000000016,263.3038330078125,-119.82161712646484,14.515020370483398,0.000335693359375,0.20000000298023224,"[0.48495936393737793, 1.0, 0.061994727700948715, 0.9880204200744629]","[0.0, 0.0, -0.0056919436901807785, 2.566666626080405e-05, -0.028997546061873436, 1.0, 0.016333334147930145, -0.0056919436901807785, 0.0, 0.0, 0.9981881976127625, -0.016307666897773743, 0.0, 0.0]","[1.0, 0.0, 0.0, 1.8607808351516724, 0.0, 0.4333464801311493, 0.2382134050130844, 0.014353815466165543]",-22.620156236700236
10.650000000000016,264.0276794433594,-119.81625366210938,14.451729774475098,-0.000213623046875,0.20000000298023224,"[0.4891127943992615, 1.0, 0.059351205825805664, 0.9887974858283997]","[0.0, 0.0, -0.0056919436901807785, 2.566666626080405e-05, -0.028997546061873436, 1.0, 0.016333334147930145, -0.0056919436901807785, 0.0, 0.0, 0.9981881976127625, -0.016307666897773743, 0.0, 0.0]","[1.0, 0.0, 0.0, 1.8607808351516724, 0.0, 0.4333464801311493, 0.2382134050130844, 0.014353815466165543]",-22.731675625271386
10.700000000000017,264.7483825683594,-119.81072998046875,14.388790130615234,-0.000335693359375,0.20000000298023224,"[0.4932432174682617, 1.0, 0.057882193475961685, 0.9900564551353455]","[0.0, 0.0, -0.0056919436901807785, 2.566666626080405e-05, -0.028997546061873436, 1.0, 0.016333334147930145, -0.0056919436901807785, 0.0, 0.0, 0.9981881976127625, -0.016307666897773743, 0.0, 0.0]","[1.0, 0.0, 0.0, 1.8607808351516724, 0.0, 0.4333464801311493, 0.2382134050130844, 0.014353815466165543]",-23.135213390511897
10.750000000000018,265.4659118652344,-119.80506896972656,14.326199531555176,-0.0001220703125,0.20000000298023224,"[0.49735063314437866, 1.0, 0.05730241537094116, 0.9908881187438965]","[0.0, 0.0, -0.0056919436901807785, 2.566666626080405e-05, -0.028997546061873436, 1.0, 0.016333334147930145, -0.0056919436901807785, 0.0, 0.0, 0.9981881976127625, -0.016307666897773743, 0.0, 0.0]","[1.0, 0.0, 0.0, 1.8607808351516724, 0.0, 0.4333464801311493, 0.2382134050130844, 0.014353815466165543]",-23.516689119266214
10.800000000000018,266.18035888671875,-119.79928588867188,14.263970375061035,9.1552734375e-05,0.20000000298023224,"[0.5014344453811646, 1.0, 0.05668395012617111, 0.9909414649009705]","[0.0, 0.0, -0.0056919436901807785, 2.566666626080405e-05, -0.028997546061873436, 1.0, 0.016333334147930145, -0.0056919436901807785, 0.0, 0.0, 0.9981881976127625, -0.016307666897773743, 0.0, 0.0]","[1.0, 0.0, 0.0, 1.8607808351516724, 0.0, 0.4333464801311493, 0.2382134050130844, 0.014353815466165543]",-23.877240317095467
10.85000000000002,266.89166259765625,-119.79341888427734,14.202079772949219,0.00030517578125,0.20000000298023224,"[0.5054959654808044, 1.0, 0.05628087744116783, 0.9910256266593933]","[0.0, 0.0, -0.0056919436901807785, 2.566666626080405e-05, -0.028997546061873436, 1.0, 0.016333334147930145, -0.0056919436901807785, 0.0, 0.0, 0.9981881976127625, -0.016307666897773743, 0.0, 0.0]","[1.0, 0.0, 0.0, 1.8607808351516724, 0.0, 0.4333464801311493, 0.2382134050130844, 0.014353815466165543]",-23.850734779168782
10.90000000000002,267.59991455078125,-119.78743743896484,14.140549659729004,0.000732421875,0.20000000298023224,"[0.5095338821411133, 1.0, 0.05678417161107063, 0.9905927777290344]","[0.0, 0.0, -0.0056919436901807785, 2.566666626080405e-05, -0.028997546061873436, 1.0, 0.016333334147930145, -0.0056919436901807785, 0.0, 0.0, 0.9981881976127625, -0.016307666897773743, 0.0, 0.0]","[1.0, 0.0, 0.0, 1.8607808351516724, 0.0, 0.4333464801311493, 0.2382134050130844, 0.014353815466165543]",-24.162246345727294
10.95000000000002,268.3050842285156,-119.78135681152344,14.079350471496582,0.000885009765625,0.20000000298023224,"[0.5135500431060791, 1.0, 0.05651120841503143, 0.9910820126533508]","[0.0, 0.0, -0.0056919436901807785, 2.566666626080405e-05, -0.028997546061873436, 1.0, 0.016333334147930145, -0.0056919436901807785, 0.0, 0.0, 0.9981881976127625, -0.016307666897773743, 0.0, 0.0]","[1.0, 0.0, 0.0, 1.8607808351516724, 0.0, 0.4333464801311493, 0.2382134050130844, 0.014353815466165543]",-24.45281184093787
11.000000000000021,269.0072021484375,-119.7751693725586,14.018500328063965,0.000885009765625,0.20000000298023224,"[0.5175432562828064, 1.0, 0.05606900528073311, 0.9911469221115112]","[0.0, 0.0, -0.0056919436901807785, 2.566666626080405e-05, -0.028997546061873436, 1.0, 0.016333334147930145, -0.0056919436901807785, 0.0, 0.0, 0.9981881976127625, -0.016307666897773743, 0.0, 0.0]","[1.0, 0.0, 0.0, 1.8607808351516724, 0.0, 0.4333464801311493, 0.2382134050130844, 0.014353815466165543]",-24.72486280947002
11.050000000000022,269.706298828125,-119.76888275146484,13.957989692687988,0.000885009765625,0.20000000298023224,"[0.5215142965316772, 1.0, 0.05582417547702789, 0.9913041591644287]","[0.0, 0.0, -0.0056919436901807785, 2.566666626080405e-05, -0.028997546061873436, 1.0, 0.016333334147930145, -0.0056919436901807785, 0.0, 0.0, 0.9981881976127625, -0.016307666897773743, 0.0, 0.0]","[1.0, 0.0, 0.0, 1.8607808351516724, 0.0, 0.4333464801311493, 0.2382134050130844, 0.014353815466165543]",-24.49816432919186
11.100000000000023,270.4023742675781,-119.76249694824219,13.897820472717285,0.000885009765625,0.20000000298023224,"[0.525462806224823, 1.0, 0.05563032999634743, 0.9913703799247742]","[0.0, 0.0, -0.0056919436901807785, 2.566666626080405e-05, -0.028997546061873436, 1.0, 0.016333334147930145, -0.0056919436901807785, 0.0, 0.0, 0.9981881976127625, -0.016307666897773743, 0.0, 0.0]","[1.0, 0.0, 0.0, 1.8607808351516724, 0.0, 0.4333464801311493, 0.2382134050130844, 0.014353815466165543]",-24.68590141209469
11.150000000000023,271.0954284667969,-119.75601196289062,13.837980270385742,0.000762939453125,0.20000000298023224,"[0.5293897986412048, 1.0, 0.05504746735095978, 0.9913000464439392]","[0.0, 0.0, -0.0056919436901807785, 2.566666626080405e-05, -0.028997546061873436, 1.0, 0.016333334147930145, -0.0056919436901807785, 0.0, 0.0, 0.9981881976127625, -0.016307666897773743, 0.0, 0.0]","[1.0, 0.0, 0.0, 1.8607808351516724, 0.0, 0.4333464801311493, 0.2382134050130844, 0.014353815466165543]",-24.865065206591193
11.200000000000024,271.7855529785156,-119.74944305419922,13.77847957611084,0.000732421875,0.20000000298023224,"[0.5332944989204407, 1.0, 0.054799556732177734, 0.9914573431015015]","[0.0, 0.0, -0.0056919436901807785, 2.566666626080405e-05, -0.028997546061873436, 1.0, 0.016333334147930145, -0.0056919436901807785, 0.0, 0.0, 0.9981881976127625, -0.016307666897773743, 0.0, 0.0]","[1.0, 0.0, 0.0, 1.8607808351516724, 0.0, 0.4333464801311493, 0.2382134050130844, 0.014353815466165543]",-25.047108205245035
11.250000000000025,272.47265625,-119.74278259277344,13.719320297241211,0.000732421875,0.20000000298023224,"[0.537176787853241, 1.0, 0.05456967279314995, 0.9915152788162231]","[0.0, 0.0, -0.0056919436901807785, 2.566666626080405e-05, -0.028997546061873436, 1.0, 0.016333334147930145, -0.0056919436901807785, 0.0, 0.0, 0.9981881976127625, -0.016307666897773743, 0.0, 0.0]","[1.0, 0.0, 0.0, 1.8607808351516724, 0.0, 0.4333464801311493, 0.2382134050130844, 0.014353815466165543]",-24.705074568712696
11.300000000000026,273.1568603515625,-119.73602294921875,13.660479545593262,0.00067138671875,0.20000000298023224,"[0.5410381555557251, 1.0, 0.054103296250104904, 0.9915154576301575]","[0.0, 0.0, -0.0056919436901807785, 2.566666626080405e-05, -0.028997546061873436, 1.0, 0.016333334147930145, -0.0056919436901807785, 0.0, 0.0, 0.9981881976127625, -0.016307666897773743, 0.0, 0.0]","[1.0, 0.0, 0.0, 1.8607808351516724, 0.0, 0.4333464801311493, 0.2382134050130844, 0.014353815466165543]",-24.824249035331256
11.350000000000026,273.8381042480469,-119.72917938232422,13.601980209350586,0.00067138671875,0.20000000298023224,"[0.5448771715164185, 1.0, 0.05383867770433426, 0.9916121959686279]","[0.0, 0.0, -0.0056919436901807785, 2.566666626080405e-05, -0.028997546061873436, 1.0, 0.016333334147930145, -0.0056919436901807785, 0.0, 0.0, 0.9981881976127625, -0.016307666897773743, 0.0, 0.0]","[1.0, 0.0, 0.0, 1.8607808351516724, 0.0, 0.4333464801311493, 0.2382134050130844, 0.014353815466165543]",-24.884309810451946
11.400000000000027,274.51641845703125,-119.72224426269531,13.543800354003906,0.001068115234375,0.20000000298023224,"[0.5486952066421509, 1.0, 0.053540218621492386, 0.9916744232177734]","[0.0, 0.0, -0.0056919436901807785, 2.566666626080405e-05, -0.028997546061873436, 1.0, 0.016333334147930145, -0.0056919436901807785, 0.0, 0.0, 0.9981881976127625, -0.016307666897773743, 0.0, 0.0]","[1.0, 0.0, 0.0, 1.8607808351516724, 0.0, 0.4333464801311493, 0.2382134050130844, 0.014353815466165543]",-25.00114535480657
11.450000000000028,275.19183349609375,-119.71513366699219,13.485939979553223,0.00152587890625,0.20000000298023224,"[0.5524922609329224, 1.0, 0.055909011512994766, 0.9892380237579346]","[0.0, 0.0, -0.0056919436901807785, 2.566666626080405e-05, -0.028997546061873436, 1.0, 0.016333334147930145, -0.0056919436901807785, 0.0, 0.0, 0.9981881976127625, -0.016307666897773743, 0.0, 0.0]","[1.0, 0.0, 0.0, 1.8607808351516724, 0.0, 0.4333464801311493, 0.2382134050130844, 0.014353815466165543]",-24.755860870888057
11.500000000000028,275.8643798828125,-119.70767211914062,13.428400039672852,0.00311279296875,0.20000000298023224,"[0.5562682747840881, 1.0, 0.06013977900147438, 0.9873497486114502]","[0.0, 0.0, -0.0056919436901807785, 2.566666626080405e-05, -0.028997546061873436, 1.0, 0.016333334147930145, -0.0056919436901807785, 0.0, 0.0, 0.9981881976127625, -0.016307666897773743, 0.0, 0.0]","[1.0, 0.0, 0.0, 1.8607808351516724, 0.0, 0.4333464801311493, 0.2382134050130844, 0.014353815466165543]",-24.9099437737836
11.55000000000003,276.53399658203125,-119.69950866699219,13.37112045288086,0.00628662109375,0.20000000298023224,"[0.5600272417068481, 1.0, 0.06896307319402695, 0.9826507568359375]","[0.0, 0.0, -0.0056919436901807785, 2.566666626080405e-05, -0.028997546061873436, 1.0, 0.016333334147930145, -0.0056919436901807785, 0.0, 0.0, 0.9981881976127625, -0.016307666897773743, 0.0, 0.0]","[1.0, 0.0, 0.0, 1.8607808351516724, 0.0, 0.4333464801311493, 0.2382134050130844, 0.014353815466165543]",-25.044870138815355
11.60000000000003,277.2008056640625,-119.69023895263672,13.314069747924805,0.009918212890625,0.20000000298023224,"[0.56377112865448, 1.0, 0.07861889898777008, 0.981890082359314]","[0.0, 0.0, -0.0056919436901807785, 2.566666626080405e-05, -0.028997546061873436, 1.0, 0.016333334147930145, -0.0056919436901807785, 0.0, 0.0, 0.9981881976127625, -0.016307666897773743, 0.0, 0.0]","[1.0, 0.0, 0.0, 1.8607808351516724, 0.0, 0.4333464801311493, 0.2382134050130844, 0.014353815466165543]",-25.181284211831805
11.65000000000003,277.8647155761719,-119.6795883178711,13.25730037689209,0.01226806640625,0.20000000298023224,"[0.567496657371521, 1.0, 0.08412878960371017, 0.9862250685691833]","[0.0, 0.0, -0.0056919436901807785, 2.566666626080405e-05, -0.028997546061873436, 1.0, 0.016333334147930145, -0.0056919436901807785, 0.0, 0.0, 0.9981881976127625, -0.016307666897773743, 0.0, 0.0]","[1.0, 0.0, 0.0, 1.8607808351516724, 0.0, 0.4333464801311493, 0.2382134050130844, 0.014353815466165543]",-24.739286831224423
11.700000000000031,278.5257873535156,-119.66751861572266,13.200759887695312,0.0123291015625,0.20000000298023224,"[0.5712070465087891, 1.0, 0.08418592810630798, 0.9900546669960022]","[0.0, 0.0, -0.0056919436901807785, 2.566666626080405e-05, -0.028997546061873436, 1.0, 0.016333334147930145, -0.0056919436901807785, 0.0, 0.0, 0.9981881976127625, -0.016307666897773743, 0.0, 0.0]","[1.0, 0.0, 0.0, 1.8607808351516724, 0.0, 0.4333464801311493, 0.2382134050130844, 0.014353815466165543]",-24.790710132740518
11.750000000000032,279.18597412109375,-119.65399932861328,13.213509559631348,0.011688232421875,0.20000000298023224,"[0.5703703761100769, 1.0, 0.03246443718671799, 0.9161468148231506]","[0.0, 0.0, -0.0056919436901807785, 2.566666626080405e-05, -0.028997546061873436, 1.0, 0.016333334147930145, -0.0056919436901807785, 0.0, 0.0, 0.9981881976127625, -0.016307666897773743, 0.0, 0.0]","[1.0, 0.0, 0.0, 1.8607808351516724, 0.0, 0.4333464801311493, 0.2382134050130844, 0.014353815466165543]",-24.809928109673958
11.800000000000033,279.8456115722656,-119.6390380859375,13.173270225524902,0.01104736328125,0.20000000298023224,"[0.573011040687561, 1.0, 0.059452395886182785, 0.9312341213226318]","[0.0, 0.0, -0.0056919436901807785, 2.566666626080405e-05, -0.028997546061873436, 1.0, 0.016333334147930145, -0.0056919436901807785, 0.0, 0.0, 0.9981881976127625, -0.016307666897773743, 0.0, 0.0]","[1.0, 0.0, 0.0, 1.8607808351516724, 0.0, 0.4333464801311493, 0.2382134050130844, 0.014353815466165543]",-24.838306267679293
11.850000000000033,280.4993896484375,-119.62271118164062,12.984550476074219,0.0111083984375,0.20000000298023224,"[0.5853956937789917, 1.0, 0.19983339309692383, 0.798163652420044]","[0.0, 0.0, -0.0056919436901807785, 2.566666626080405e-05, -0.028997546061873436, 1.0, 0.016333334147930145, -0.0056919436901807785, 0.0, 0.0, 0.9981881976127625, -0.016307666897773743, 0.0, 0.0]","[1.0, 0.0, 0.0, 1.8607808351516724, 0.0, 0.4333464801311493, 0.2382134050130844, 0.014353815466165543]",-24.219337485918235
11.900000000000034,281.1416015625,-119.60508728027344,12.782190322875977,0.011138916015625,0.20000000298023224,"[0.5986754894256592, 1.0, 0.21374022960662842, 0.9557233452796936]","[0.0, 0.0, -0.0056919436901807785, 2.566666626080405e-05, -0.028997546061873436, 1.0, 0.016333334147930145, -0.0056919436901807785, 0.0, 0.0, 0.9981881976127625, -0.016307666897773743, 0.0, 0.0]","[1.0, 0.0, 0.0, 1.8607808351516724, 0.0, 0.4333464801311493, 0.2382134050130844, 0.014353815466165543]",-24.29141351053021
11.950000000000035,281.775390625,-119.58604431152344,12.631139755249023,0.011138916015625,0.20000000298023224,"[0.6085880994796753, 1.0, 0.16829757392406464, 0.9179395437240601]","[0.0, 0.0, -0.0056919436901807785, 2.566666626080405e-05, -0.028997546061873436, 1.0, 0.016333334147930145, -0.0056919436901807785, 0.0, 0.0, 0.9981881976127625, -0.016307666897773743, 0.0, 0.0]","[1.0, 0.0, 0.0, 1.8607808351516724, 0.0, 0.4333464801311493, 0.2382134050130844, 0.014353815466165543]",-24.503912342855624
12.000000000000036,282.4023132324219,-119.56563568115234,12.498760223388672,0.01092529296875,0.20000000298023224,"[0.6172754168510437, 1.0, 0.15182988345623016, 0.958695113658905]","[0.0, 0.0, -0.0056919436901807785, 2.566666626080405e-05, -0.028997546061873436, 1.0, 0.016333334147930145, -0.0056919436901807785, 0.0, 0.0, 0.9981881976127625, -0.016307666897773743, 0.0, 0.0]","[1.0, 0.0, 0.0, 1.8607808351516724, 0.0, 0.4333464801311493, 0.2382134050130844, 0.014353815466165543]",-24.687327408225276
12.050000000000036,283.0233459472656,-119.54383850097656,12.386580467224121,0.010833740234375,0.20000000298023224,"[0.6246371269226074, 1.0, 0.1321832835674286, 0.9592359066009521]","[0.0, 0.0, -0.0056919436901807785, 2.566666626080405e-05, -0.028997546061873436, 1.0, 0.016333334147930145, -0.0056919436901807785, 0.0, 0.0, 0.9981881976127625, -0.016307666897773743, 0.0, 0.0]","[1.0, 0.0, 0.0, 1.8607808351516724, 0.0, 0.4333464801311493, 0.2382134050130844, 0.014353815466165543]",-24.406365055702643
12.100000000000037,283.6390075683594,-119.52073669433594,12.280670166015625,0.010498046875,0.20000000298023224,"[0.6315874457359314, 1.0, 0.1258329600095749, 0.9767366647720337]","[0.0, 0.0, -0.0056919436901807785, 2.566666626080405e-05, -0.028997546061873436, 1.0, 0.016333334147930145, -0.0056919436901807785, 0.0, 0.0, 0.9981881976127625, -0.016307666897773743, 0.0, 0.0]","[1.0, 0.0, 0.0, 1.8607808351516724, 0.0, 0.4333464801311493, 0.2382134050130844, 0.014353815466165543]",-24.530146350774285
12.150000000000038,284.2497863769531,-119.49634552001953,12.190070152282715,0.01043701171875,0.20000000298023224,"[0.6375330686569214, 1.0, 0.11182153224945068, 0.9689304232597351]","[0.0, 0.0, -0.0056919436901807785, 2.566666626080405e-05, -0.028997546061873436, 1.0, 0.016333334147930145, -0.0056919436901807785, 0.0, 0.0, 0.9981881976127625, -0.016307666897773743, 0.0, 0.0]","[1.0, 0.0, 0.0, 1.8607808351516724, 0.0, 0.4333464801311493, 0.2382134050130844, 0.014353815466165543]",-24.626522699052448
12.200000000000038,284.855712890625,-119.47074127197266,12.088479995727539,0.01043701171875,0.20000000298023224,"[0.6441998481750488, 1.0, 0.1202804371714592, 0.9729648232460022]","[0.0, 0.0, -0.0056919436901807785, 2.566666626080405e-05, -0.028997546061873436, 1.0, 0.016333334147930145, -0.0056919436901807785, 0.0, 0.0, 0.9981881976127625, -0.016307666897773743, 0.0, 0.0]","[1.0, 0.0, 0.0, 1.8607808351516724, 0.0, 0.4333464801311493, 0.2382134050130844, 0.014353815466165543]",-24.71098113252351
12.250000000000039,285.4571533203125,-119.44390106201172,12.007559776306152,0.01043701171875,0.20000000298023224,"[0.6495102047920227, 1.0, 0.10264000296592712, 0.9645822644233704]","[0.0, 0.0, -0.0056919436901807785, 2.566666626080405e-05, -0.028997546061873436, 1.0, 0.016333334147930145, -0.0056919436901807785, 0.0, 0.0, 0.9981881976127625, -0.016307666897773743, 0.0, 0.0]","[1.0, 0.0, 0.0, 1.8607808351516724, 0.0, 0.4333464801311493, 0.2382134050130844, 0.014353815466165543]",-24.247055202015996
12.30000000000004,286.0540771484375,-119.41585540771484,11.914290428161621,0.01043701171875,0.26190185546875,"[0.6556309461593628, 1.0, 0.11207780241966248, 0.9723939895629883]","[0.0, 0.0, -0.0056919436901807785, 2.566666626080405e-05, -0.028997546061873436, 1.0, 0.016333334147930145, -0.0056919436901807785, 0.0, 0.0, 0.9981881976127625, -0.016307666897773743, 0.0, 0.0]","[1.0, 0.0, 0.0, 1.8607808351516724, 0.0, 0.4333464801311493, 0.2382134050130844, 0.014353815466165543]",-24.297638124280855
12.35000000000004,286.64715576171875,-119.38661193847656,11.849360466003418,0.010284423828125,0.2936553955078125,"[0.6598919630050659, 1.0, 0.08734066039323807, 0.9576935172080994]","[0.0, 0.0, -0.0056919436901807785, 2.566666626080405e-05, -0.028997546061873436, 1.0, 0.016333334147930145, -0.0056919436901807785, 0.0, 0.0, 0.9981881976127625, -0.016307666897773743, 0.0, 0.0]","[1.0, 0.0, 0.0, 1.8607808351516724, 0.0, 0.4333464801311493, 0.2382134050130844, 0.014353815466165543]",-24.315471538019562
12.400000000000041,287.2367248535156,-119.35625457763672,11.77733039855957,0.009735107421875,0.3372955322265625,"[0.6646188497543335, 1.0, 0.09074944257736206, 0.9808740019798279]","[0.0, 0.0, -0.0056919436901807785, 2.566666626080405e-05, -0.028997546061873436, 1.0, 0.016333334147930145, -0.0056919436901807785, 0.0, 0.0, 0.9981881976127625, -0.016307666897773743, 0.0, 0.0]","[1.0, 0.0, 0.0, 1.8607808351516724, 0.0, 0.4333464801311493, 0.2382134050130844, 0.014353815466165543]",-24.297246372609763
12.450000000000042,287.8236083984375,-119.32488250732422,11.737700462341309,0.008453369140625,0.396820068359375,"[0.6672195792198181, 1.0, 0.05961275100708008, 0.9557784795761108]","[0.0, 0.0, -0.0056919436901807785, 2.566666626080405e-05, -0.028997546061873436, 1.0, 0.016333334147930145, -0.0056919436901807785, 0.0, 0.0, 0.9981881976127625, -0.016307666897773743, 0.0, 0.0]","[1.0, 0.0, 0.0, 1.8607808351516724, 0.0, 0.4333464801311493, 0.2382134050130844, 0.014353815466165543]",-23.579763485067062
12.500000000000043,288.4084777832031,-119.29267120361328,11.697349548339844,0.006317138671875,0.4642791748046875,"[0.6698675751686096, 1.0, 0.0539630763232708, 0.9876155257225037]","[0.0, 0.0, -0.0056919436901807785, 2.566666626080405e-05, -0.028997546061873436, 1.0, 0.016333334147930145, -0.0056919436901807785, 0.0, 0.0, 0.9981881976127625, -0.016307666897773743, 0.0, 0.0]","[1.0, 0.0, 0.0, 1.8607808351516724, 0.0, 0.4333464801311493, 0.2382134050130844, 0.014353815466165543]",-23.506383675638503
12.550000000000043,288.9924621582031,-119.2598876953125,11.693490028381348,0.003265380859375,0.4960174560546875,"[0.6701208353042603, 1.0, 0.014786813408136368, 0.9544009566307068]","[0.0, 0.0, -0.0056919436901807785, 2.566666626080405e-05, -0.028997546061873436, 1.0, 0.016333334147930145, -0.0056919436901807785, 0.0, 0.0, 0.9981881976127625, -0.016307666897773743, 0.0, 0.0]","[1.0, 0.0, 0.0, 1.8607808351516724, 0.0, 0.4333464801311493, 0.2382134050130844, 0.014353815466165543]",-23.54181267036719
12.600000000000044,289.5761413574219,-119.22650909423828,11.686739921569824,-0.000579833984375,0.50390625,"[0.670563817024231, 1.0, 0.018258022144436836, 0.9944958686828613]","[0.0, 0.0, -0.0056919436901807785, 2.566666626080405e-05, -0.028997546061873436, 1.0, 0.016333334147930145, -0.0056919436901807785, 0.0, 0.0, 0.9981881976127625, -0.016307666897773743, 0.0, 0.0]","[1.0, 0.0, 0.0, 1.8607808351516724, 0.0, 0.4333464801311493, 0.2382134050130844, 0.014353815466165543]",-23.72711973856316
12.650000000000045,290.1603698730469,-119.1931381225586,11.708290100097656,-0.003509521484375,0.51171875,"[0.66914963722229, 1.0, 0.021722547709941864, 0.9555039405822754]","[0.0, 0.0, -0.0056919436901807785, 2.566666626080405e-05, -0.028997546061873436, 1.0, 0.016333334147930145, -0.0056919436901807785, 0.0, 0.0, 0.9981881976127625, -0.016307666897773743, 0.0, 0.0]","[1.0, 0.0, 0.0, 1.8607808351516724, 0.0, 0.4333464801311493, 0.2382134050130844, 0.014353815466165543]",-23.456340075720615
12.700000000000045,290.7454833984375,-119.16016387939453,11.721779823303223,-0.0067138671875,0.51953125,"[0.6682643890380859, 1.0, 0.0246360432356596, 0.9854862093925476]","[0.0, 0.0, -0.0056919436901807785, 2.566666626080405e-05, -0.028997546061873436, 1.0, 0.016333334147930145, -0.0056919436901807785, 0.0, 0.0, 0.9981881976127625, -0.016307666897773743, 0.0, 0.0]","[1.0, 0.0, 0.0, 1.8607808351516724, 0.0, 0.4333464801311493, 0.2382134050130844, 0.014353815466165543]",-23.584458751270517
12.750000000000046,291.33203125,-119.12804412841797,11.758410453796387,-0.011993408203125,0.51953125,"[0.6658604741096497, 1.0, 0.059540215879678726, 0.9614269137382507]","[0.0, 0.0, -0.0056919436901807785, 2.566666626080405e-05, -0.028997546061873436, 1.0, 0.016333334147930145, -0.0056919436901807785, 0.0, 0.0, 0.9981881976127625, -0.016307666897773743, 0.0, 0.0]","[1.0, 0.0, 0.0, 1.8607808351516724, 0.0, 0.4333464801311493, 0.2382134050130844, 0.014353815466165543]",-23.680541565516787
12.800000000000047,291.92010498046875,-119.09756469726562,11.78283977508545,-0.01953125,0.5234375,"[0.664257287979126, 1.0, 0.06688923388719559, 0.9705415368080139]","[0.0, 0.0, -0.0056919436901807785, 2.566666626080405e-05, -0.028997546061873436, 1.0, 0.016333334147930145, -0.0056919436901807785, 0.0, 0.0, 0.9981881976127625, -0.016307666897773743, 0.0, 0.0]","[1.0, 0.0, 0.0, 1.8607808351516724, 0.0, 0.4333464801311493, 0.2382134050130844, 0.014353815466165543]",-23.750621569996213
12.850000000000048,292.51007080078125,-119.06983947753906,11.825860023498535,-0.02978515625,0.5234375,"[0.6614341139793396, 1.0, 0.11121010780334473, 0.9543707966804504]","[0.0, 0.0, -0.0056919436901807785, 2.566666626080405e-05, -0.028997546061873436, 1.0, 0.016333334147930145, -0.0056919436901807785, 0.0, 0.0, 0.9981881976127625, -0.016307666897773743, 0.0, 0.0]","[1.0, 0.0, 0.0, 1.8607808351516724, 0.0, 0.4333464801311493, 0.2382134050130844, 0.014353815466165543]",-23.284882705996623
12.900000000000048,293.1018981933594,-119.04623413085938,11.854399681091309,-0.043731689453125,0.5234375,"[0.659561276435852, 1.0, 0.13018636405467987, 0.9549933671951294]","[0.0, 0.0, -0.0056919436901807785, 2.566666626080405e-05, -0.028997546061873436, 1.0, 0.016333334147930145, -0.0056919436901807785, 0.0, 0.0, 0.9981881976127625, -0.016307666897773743, 0.0, 0.0]","[1.0, 0.0, 0.0, 1.8607808351516724, 0.0, 0.4333464801311493, 0.2382134050130844, 0.014353815466165543]",-23.3341897106088
12.950000000000049,293.6957092285156,-119.02835845947266,11.895919799804688,-0.05859375,0.5078125,"[0.6568365097045898, 1.0, 0.181192085146904, 0.9470829367637634]","[0.0, 0.0, -0.0056919436901807785, 2.566666626080405e-05, -0.028997546061873436, 1.0, 0.016333334147930145, -0.0056919436901807785, 0.0, 0.0, 0.9981881976127625, -0.016307666897773743, 0.0, 0.0]","[1.0, 0.0, 0.0, 1.8607808351516724, 0.0, 0.4333464801311493, 0.2382134050130844, 0.014353815466165543]",-23.381019839459213
13.00000000000005,294.29119873046875,-119.01765441894531,11.920929908752441,-0.07318115234375,0.50390625,"[0.6551952362060547, 1.0, 0.19622988998889923, 0.9547157287597656]","[0.0, 0.0, -0.0056919436901807785, 2.566666626080405e-05, -0.028997546061873436, 1.0, 0.016333334147930145, -0.0056919436901807785, 0.0, 0.0, 0.9981881976127625, -0.016307666897773743, 0.0, 0.0]","[1.0, 0.0, 0.0, 1.8607808351516724, 0.0, 0.4333464801311493, 0.2382134050130844, 0.014353815466165543]",-23.41079104038995
13.05000000000005,294.88824462890625,-119.01560974121094,11.955360412597656,-0.0859375,0.50390625,"[0.6529357433319092, 1.0, 0.23485669493675232, 0.9526900053024292]","[0.0, 0.0, -0.0056919436901807785, 2.566666626080405e-05, -0.028997546061873436, 1.0, 0.016333334147930145, -0.0056919436901807785, 0.0, 0.0, 0.9981881976127625, -0.016307666897773743, 0.0, 0.0]","[1.0, 0.0, 0.0, 1.8607808351516724, 0.0, 0.4333464801311493, 0.2382134050130844, 0.014353815466165543]",-22.745966759606638
13.100000000000051,295.4866027832031,-119.0224380493164,11.978340148925781,-0.094573974609375,0.50390625,"[0.6514277458190918, 1.0, 0.21459780633449554, 0.9735191464424133]","[0.0, 0.0, -0.0056919436901807785, 2.566666626080405e-05, -0.028997546061873436, 1.0, 0.016333334147930145, -0.0056919436901807785, 0.0, 0.0, 0.9981881976127625, -0.016307666897773743, 0.0, 0.0]","[1.0, 0.0, 0.0, 1.8607808351516724, 0.0, 0.4333464801311493, 0.2382134050130844, 0.014353815466165543]",-22.93829972258595
13.150000000000052,296.0860290527344,-119.04007720947266,12.009759902954102,-0.102691650390625,0.5234375,"[0.6493657827377319, 1.0, 0.2721059024333954, 0.9332218170166016]","[0.0, 0.0, -0.0056919436901807785, 2.566666626080405e-05, -0.028997546061873436, 1.0, 0.016333334147930145, -0.0056919436901807785, 0.0, 0.0, 0.9981881976127625, -0.016307666897773743, 0.0, 0.0]","[1.0, 0.0, 0.0, 1.8607808351516724, 0.0, 0.4333464801311493, 0.2382134050130844, 0.014353815466165543]",-23.280402828164963
13.200000000000053,296.6862487792969,-119.06959533691406,12.03197956085205,-0.109710693359375,0.52734375,"[0.6479076147079468, 1.0, 0.2692048251628876, 0.9749276638031006]","[0.0, 0.0, -0.0056919436901807785, 2.566666626080405e-05, -0.028997546061873436, 1.0, 0.016333334147930145, -0.0056919436901807785, 0.0, 0.0, 0.9981881976127625, -0.016307666897773743, 0.0, 0.0]","[1.0, 0.0, 0.0, 1.8607808351516724, 0.0, 0.4333464801311493, 0.2382134050130844, 0.014353815466165543]",-23.5995265472855
13.250000000000053,297.28704833984375,-119.11224365234375,12.064820289611816,-0.119110107421875,0.53515625,"[0.645752489566803, 1.0, 0.3075367212295532, 0.9556223154067993]","[0.0, 0.0, -0.0056919436901807785, 2.566666626080405e-05, -0.028997546061873436, 1.0, 0.016333334147930145, -0.0056919436901807785, 0.0, 0.0, 0.9981881976127625, -0.016307666897773743, 0.0, 0.0]","[1.0, 0.0, 0.0, 1.8607808351516724, 0.0, 0.4333464801311493, 0.2382134050130844, 0.014353815466165543]",-23.606908446059098
13.300000000000054,297.8879089355469,-119.169189453125,12.088399887084961,-0.129364013671875,0.54296875,"[0.6442050933837891, 1.0, 0.31457099318504333, 0.9665089249610901]","[0.0, 0.0, -0.0056919436901807785, 2.566666626080405e-05, -0.028997546061873436, 1.0, 0.016333334147930145, -0.0056919436901807785, 0.0, 0.0, 0.9981881976127625, -0.016307666897773743, 0.0, 0.0]","[1.0, 0.0, 0.0, 1.8607808351516724, 0.0, 0.4333464801311493, 0.2382134050130844, 0.014353815466165543]",-23.875517823327833
13.350000000000055,298.4884033203125,-119.24202728271484,12.120450019836426,-0.142547607421875,0.55859375,"[0.6421018242835999, 1.0, 0.35781535506248474, 0.948182225227356]","[0.0, 0.0, -0.0056919436901807785, 2.566666626080405e-05, -0.028997546061873436, 1.0, 0.016333334147930145, -0.0056919436901807785, 0.0, 0.0, 0.9981881976127625, -0.016307666897773743, 0.0, 0.0]","[1.0, 0.0, 0.0, 1.8607808351516724, 0.0, 0.4333464801311493, 0.2382134050130844, 0.014353815466165543]",-24.13573774138655
13.400000000000055,299.0878601074219,-119.33214569091797,12.146160125732422,-0.156097412109375,0.57421875,"[0.6404145956039429, 1.0, 0.3714808523654938, 0.9618387818336487]","[0.0, 0.0, -0.0056919436901807785, 2.566666626080405e-05, -0.028997546061873436, 1.0, 0.016333334147930145, -0.0056919436901807785, 0.0, 0.0, 0.9981881976127625, -0.016307666897773743, 0.0, 0.0]","[1.0, 0.0, 0.0, 1.8607808351516724, 0.0, 0.4333464801311493, 0.2382134050130844, 0.014353815466165543]",-24.383249568540133
13.450000000000056,299.6856994628906,-119.44095611572266,12.180509567260742,-0.167724609375,0.58984375,"[0.6381604671478271, 1.0, 0.4088127315044403, 0.9535382986068726]","[0.0, 0.0, -0.0056919436901807785, 2.566666626080405e-05, -0.028997546061873436, 1.0, 0.016333334147930145, -0.0056919436901807785, 0.0, 0.0, 0.9981881976127625, -0.016307666897773743, 0.0, 0.0]","[1.0, 0.0, 0.0, 1.8607808351516724, 0.0, 0.4333464801311493, 0.2382134050130844, 0.014353815466165543]",-24.348449139610768
13.500000000000057,300.28131103515625,-119.56912994384766,12.214639663696289,-0.172943115234375,0.6015625,"[0.6359206438064575, 1.0, 0.4124874472618103, 0.9773349761962891]","[0.0, 0.0, -0.0056919436901807785, 2.566666626080405e-05, -0.028997546061873436, 1.0, 0.016333334147930145, -0.0056919436901807785, 0.0, 0.0, 0.9981881976127625, -0.016307666897773743, 0.0, 0.0]","[1.0, 0.0, 0.0, 1.8607808351516724, 0.0, 0.4333464801311493, 0.2382134050130844, 0.014353815466165543]",-24.65083085334157
13.550000000000058,300.8744201660156,-119.71710968017578,12.261730194091797,-0.171905517578125,0.6171875,"[0.6328303813934326, 1.0, 0.4320109784603119, 0.9775703549385071]","[0.0, 0.0, -0.0056919436901807785, 2.566666626080405e-05, -0.028997546061873436, 1.0, 0.016333334147930145, -0.0056919436901807785, 0.0, 0.0, 0.9981881976127625, -0.016307666897773743, 0.0, 0.0]","[1.0, 0.0, 0.0, 1.8607808351516724, 0.0, 0.4333464801311493, 0.2382134050130844, 0.014353815466165543]",-24.954652484881763
13.600000000000058,301.4646911621094,-119.88490295410156,12.31110954284668,-0.16729736328125,0.63671875,"[0.6295899152755737, 1.0, 0.4269428551197052, 0.9798917770385742]","[0.0, 0.0, -0.0056919436901807785, 2.566666626080405e-05, -0.028997546061873436, 1.0, 0.016333334147930145, -0.0056919436901807785, 0.0, 0.0, 0.9981881976127625, -0.016307666897773743, 0.0, 0.0]","[1.0, 0.0, 0.0, 1.8607808351516724, 0.0, 0.4333464801311493, 0.2382134050130844, 0.014353815466165543]",-25.248597088017362
13.650000000000059,302.0520324707031,-120.07255554199219,12.37639045715332,-0.16033935546875,0.66015625,"[0.6253058910369873, 1.0, 0.4411376118659973, 0.9823874831199646]","[0.0, 0.0, -0.0056919436901807785, 2.566666626080405e-05, -0.028997546061873436, 1.0, 0.016333334147930145, -0.0056919436901807785, 0.0, 0.0, 0.9981881976127625, -0.016307666897773743, 0.0, 0.0]","[1.0, 0.0, 0.0, 1.8607808351516724, 0.0, 0.4333464801311493, 0.2382134050130844, 0.014353815466165543]",-25.218962426373693
13.70000000000006,302.6362609863281,-120.27999114990234,12.44456958770752,-0.1541748046875,0.6796875,"[0.6208316087722778, 1.0, 0.4373551607131958, 0.9771216511726379]","[0.0, 0.0, -0.0056919436901807785, 2.566666626080405e-05, -0.028997546061873436, 1.0, 0.016333334147930145, -0.0056919436901807785, 0.0, 0.0, 0.9981881976127625, -0.016307666897773743, 0.0, 0.0]","[1.0, 0.0, 0.0, 1.8607808351516724, 0.0, 0.4333464801311493, 0.2382134050130844, 0.014353815466165543]",-25.459523800485798
13.75000000000006,303.2171936035156,-120.50733947753906,12.528280258178711,-0.149932861328125,0.71484375,"[0.6153382062911987, 1.0, 0.4544646143913269, 0.9760107398033142]","[0.0, 0.0, -0.0056919436901807785, 2.566666626080405e-05, -0.028997546061873436, 1.0, 0.016333334147930145, -0.0056919436901807785, 0.0, 0.0, 0.9981881976127625, -0.016307666897773743, 0.0, 0.0]","[1.0, 0.0, 0.0, 1.8607808351516724, 0.0, 0.4333464801311493, 0.2382134050130844, 0.014353815466165543]",-25.69093556486666
13.800000000000061,303.7946472167969,-120.75477600097656,12.617980003356934,-0.148162841796875,0.74609375,"[0.6094516515731812, 1.0, 0.4603213369846344, 0.9781652688980103]","[0.0, 0.0, -0.0056919436901807785, 2.566666626080405e-05, -0.028997546061873436, 1.0, 0.016333334147930145, -0.0056919436901807785, 0.0, 0.0, 0.9981881976127625, -0.016307666897773743, 0.0, 0.0]","[1.0, 0.0, 0.0, 1.8607808351516724, 0.0, 0.4333464801311493, 0.2382134050130844, 0.014353815466165543]",-25.91069462116
13.850000000000062,304.3683776855469,-121.02255249023438,12.72212028503418,-0.147552490234375,0.76171875,"[0.6026175022125244, 0.965499997138977, 0.4778206944465637, 0.9731934070587158]","[0.0, 0.0, -0.0056919436901807785, 2.566666626080405e-05, -0.028997546061873436, 1.0, 0.016333334147930145, -0.0056919436901807785, 0.0, 0.0, 0.9981881976127625, -0.016307666897773743, 0.0, 0.0]","[1.0, 0.0, 0.0, 1.8607808351516724, 0.0, 0.4333464801311493, 0.2382134050130844, 0.014353815466165543]",-25.752359763765007
13.900000000000063,304.93804931640625,-121.3109359741211,12.83333969116211,-0.147735595703125,0.76953125,"[0.5953187942504883, 0.9419000148773193, 0.48339343070983887, 0.9725077152252197]","[0.0, 0.0, -0.0056919436901807785, 2.566666626080405e-05, -0.028997546061873436, 1.0, 0.016333334147930145, -0.0056919436901807785, 0.0, 0.0, 0.9981881976127625, -0.016307666897773743, 0.0, 0.0]","[1.0, 0.0, 0.0, 1.8607808351516724, 0.0, 0.4333464801311493, 0.2382134050130844, 0.014353815466165543]",-25.926148943961138
13.950000000000063,305.5030517578125,-121.62005615234375,12.953880310058594,-0.14849853515625,0.78125,"[0.5874084234237671, 0.9023000001907349, 0.4909771978855133, 0.9737871885299683]","[0.0, 0.0, -0.0056919436901807785, 2.566666626080405e-05, -0.028997546061873436, 1.0, 0.016333334147930145, -0.0056919436901807785, 0.0, 0.0, 0.9981881976127625, -0.016307666897773743, 0.0, 0.0]","[1.0, 0.0, 0.0, 1.8607808351516724, 0.0, 0.4333464801311493, 0.2382134050130844, 0.014353815466165543]",-26.067121965855684
14.000000000000064,306.0638122558594,-121.94869995117188,13.079119682312012,-0.14947509765625,0.79296875,"[0.5791895985603333, 0.86080002784729, 0.5079859495162964, 0.9627798795700073]","[0.0, 0.0, -0.0056919436901807785, 2.566666626080405e-05, -0.028997546061873436, 1.0, 0.016333334147930145, -0.0056919436901807785, 0.0, 0.0, 0.9981881976127625, -0.016307666897773743, 0.0, 0.0]","[1.0, 0.0, 0.0, 1.8607808351516724, 0.0, 0.4333464801311493, 0.2382134050130844, 0.014353815466165543]",-26.180521664431293
14.050000000000065,306.61883544921875,-122.29901885986328,13.207189559936523,-0.15069580078125,0.796875,"[0.5707851052284241, 0.8510000109672546, 0.527259349822998, 0.9455891847610474]","[0.0, 0.0, -0.0056919436901807785, 2.566666626080405e-05, -0.028997546061873436, 1.0, 0.016333334147930145, -0.0056919436901807785, 0.0, 0.0, 0.9981881976127625, -0.016307666897773743, 0.0, 0.0]","[1.0, 0.0, 0.0, 1.8607808351516724, 0.0, 0.4333464801311493, 0.2382134050130844, 0.014353815466165543]",-25.738261604236556
14.100000000000065,307.1675720214844,-122.67134857177734,13.34004020690918,-0.151580810546875,0.80078125,"[0.5620668530464172, 0.8434000015258789, 0.5277581810951233, 0.9686359763145447]","[0.0, 0.0, -0.0056919436901807785, 2.566666626080405e-05, -0.028997546061873436, 1.0, 0.016333334147930145, -0.0056919436901807785, 0.0, 0.0, 0.9981881976127625, -0.016307666897773743, 0.0, 0.0]","[1.0, 0.0, 0.0, 1.8607808351516724, 0.0, 0.4333464801311493, 0.2382134050130844, 0.014353815466165543]",-25.77557922382429
14.150000000000066,307.7095031738281,-123.06575012207031,13.476579666137695,-0.1527099609375,0.8046875,"[0.5531065464019775, 0.8353000283241272, 0.5308821797370911, 0.9590362310409546]","[0.0, 0.0, -0.0056919436901807785, 2.566666626080405e-05, -0.028997546061873436, 1.0, 0.016333334147930145, -0.0056919436901807785, 0.0, 0.0, 0.9981881976127625, -0.016307666897773743, 0.0, 0.0]","[1.0, 0.0, 0.0, 1.8607808351516724, 0.0, 0.4333464801311493, 0.2382134050130844, 0.014353815466165543]",-25.815678331688932
14.200000000000067,308.2441101074219,-123.48149108886719,13.61281967163086,-0.155975341796875,0.8046875,"[0.544165849685669, 0.8421000242233276, 0.5484738349914551, 0.9523465037345886]","[0.0, 0.0, -0.0056919436901807785, 2.566666626080405e-05, -0.028997546061873436, 1.0, 0.016333334147930145, -0.0056919436901807785, 0.0, 0.0, 0.9981881976127625, -0.016307666897773743, 0.0, 0.0]","[1.0, 0.0, 0.0, 1.8607808351516724, 0.0, 0.4333464801311493, 0.2382134050130844, 0.014353815466165543]",-25.77737166080161
14.250000000000068,308.7698669433594,-123.91915130615234,13.747119903564453,-0.161376953125,0.8046875,"[0.5353524684906006, 0.8478000164031982, 0.5743006467819214, 0.9424594640731812]","[0.0, 0.0, -0.0056919436901807785, 2.566666626080405e-05, -0.028997546061873436, 1.0, 0.016333334147930145, -0.0056919436901807785, 0.0, 0.0, 0.9981881976127625, -0.016307666897773743, 0.0, 0.0]","[1.0, 0.0, 0.0, 1.8607808351516724, 0.0, 0.4333464801311493, 0.2382134050130844, 0.014353815466165543]",-25.14216871687468
14.300000000000068,309.2843933105469,-124.37944030761719,13.882120132446289,-0.16595458984375,0.8046875,"[0.5264931321144104, 0.8550000190734863, 0.5861015319824219, 0.9574559926986694]","[0.0, 0.0, -0.0056919436901807785, 2.566666626080405e-05, -0.028997546061873436, 1.0, 0.016333334147930145, -0.0056919436901807785, 0.0, 0.0, 0.9981881976127625, -0.016307666897773743, 0.0, 0.0]","[1.0, 0.0, 0.0, 1.8607808351516724, 0.0, 0.4333464801311493, 0.2382134050130844, 0.014353815466165543]",-25.111083465427647
14.350000000000069,309.7863464355469,-124.8629379272461,14.015040397644043,-0.170074462890625,0.8046875,"[0.5177702903747559, 0.8621000051498413, 0.5961877703666687, 0.9522125720977783]","[0.0, 0.0, -0.0056919436901807785, 2.566666626080405e-05, -0.028997546061873436, 1.0, 0.016333334147930145, -0.0056919436901807785, 0.0, 0.0, 0.9981881976127625, -0.016307666897773743, 0.0, 0.0]","[1.0, 0.0, 0.0, 1.8607808351516724, 0.0, 0.4333464801311493, 0.2382134050130844, 0.014353815466165543]",-25.08463539680738
14.40000000000007,310.27484130859375,-125.36914825439453,14.148189544677734,-0.17254638671875,0.8046875,"[0.5090324878692627, 0.8697999715805054, 0.6015802621841431, 0.9571298360824585]","[0.0, 0.0, -0.0056919436901807785, 2.566666626080405e-05, -0.028997546061873436, 1.0, 0.016333334147930145, -0.0056919436901807785, 0.0, 0.0, 0.9981881976127625, -0.016307666897773743, 0.0, 0.0]","[1.0, 0.0, 0.0, 1.8607808351516724, 0.0, 0.4333464801311493, 0.2382134050130844, 0.014353815466165543]",-25.043710044964822
14.45000000000007,310.7489929199219,-125.89767456054688,14.279250144958496,-0.17376708984375,0.8046875,"[0.5004317164421082, 0.8765000104904175, 0.6147380471229553, 0.950531005859375]","[0.0, 0.0, -0.0056919436901807785, 2.566666626080405e-05, -0.028997546061873436, 1.0, 0.016333334147930145, -0.0056919436901807785, 0.0, 0.0, 0.9981881976127625, -0.016307666897773743, 0.0, 0.0]","[1.0, 0.0, 0.0, 1.8607808351516724, 0.0, 0.4333464801311493, 0.2382134050130844, 0.014353815466165543]",-24.290361134442986
14.500000000000071,311.2078552246094,-126.4482192993164,14.409239768981934,-0.173919677734375,0.8046875,"[0.491901159286499, 0.8835999965667725, 0.6238541007041931, 0.9547139406204224]","[0.0, 0.0, -0.0056919436901807785, 2.566666626080405e-05, -0.028997546061873436, 1.0, 0.016333334147930145, -0.0056919436901807785, 0.0, 0.0, 0.9981881976127625, -0.016307666897773743, 0.0, 0.0]","[1.0, 0.0, 0.0, 1.8607808351516724, 0.0, 0.4333464801311493, 0.2382134050130844, 0.014353815466165543]",-24.21803528028916
14.550000000000072,311.6492004394531,-127.02103424072266,14.538330078125,-0.173919677734375,0.8046875,"[0.4834296703338623, 0.8899000287055969, 0.6391876935958862, 0.9514327049255371]","[0.0, 0.0, -0.0056919436901807785, 2.566666626080405e-05, -0.028997546061873436, 1.0, 0.016333334147930145, -0.0056919436901807785, 0.0, 0.0, 0.9981881976127625, -0.016307666897773743, 0.0, 0.0]","[1.0, 0.0, 0.0, 1.8607808351516724, 0.0, 0.4333464801311493, 0.2382134050130844, 0.014353815466165543]",-24.372146594969944
14.600000000000072,312.0718078613281,-127.61569213867188,14.666569709777832,-0.17376708984375,0.8046875,"[0.4750140905380249, 0.8974000215530396, 0.6398167014122009, 0.9584094882011414]","[0.0, 0.0, -0.0056919436901807785, 2.566666626080405e-05, -0.028997546061873436, 1.0, 0.016333334147930145, -0.0056919436901807785, 0.0, 0.0, 0.9981881976127625, -0.016307666897773743, 0.0, 0.0]","[1.0, 0.0, 0.0, 1.8607808351516724, 0.0, 0.4333464801311493, 0.2382134050130844, 0.014353815466165543]",-24.68351669829495
14.650000000000073,312.4747009277344,-128.23135375976562,14.793279647827148,-0.1734619140625,0.8046875,"[0.46669870615005493, 0.9039000272750854, 0.6399415135383606, 0.9544293880462646]","[0.0, 0.0, -0.0056919436901807785, 2.566666626080405e-05, -0.028997546061873436, 1.0, 0.016333334147930145, -0.0056919436901807785, 0.0, 0.0, 0.9981881976127625, -0.016307666897773743, 0.0, 0.0]","[1.0, 0.0, 0.0, 1.8607808351516724, 0.0, 0.4333464801311493, 0.2382134050130844, 0.014353815466165543]",-24.73300696989471
14.700000000000074,312.85662841796875,-128.86746215820312,14.919679641723633,-0.17132568359375,0.8046875,"[0.4584038257598877, 0.9110999703407288, 0.6409797668457031, 0.9593732953071594]","[0.0, 0.0, -0.0056919436901807785, 2.566666626080405e-05, -0.028997546061873436, 1.0, 0.016333334147930145, -0.0056919436901807785, 0.0, 0.0, 0.9981881976127625, -0.016307666897773743, 0.0, 0.0]","[1.0, 0.0, 0.0, 1.8607808351516724, 0.0, 0.4333464801311493, 0.2382134050130844, 0.014353815466165543]",-24.978768126284034
14.750000000000075,313.2166442871094,-129.5227508544922,14.987640380859375,-0.16571044921875,0.8046875,"[0.4539439082145691, 0.9168999791145325, 0.5907393097877502, 0.9006296396255493]","[0.0, 0.0, -0.0056919436901807785, 2.566666626080405e-05, -0.028997546061873436, 1.0, 0.016333334147930145, -0.0056919436901807785, 0.0, 0.0, 0.9981881976127625, -0.016307666897773743, 0.0, 0.0]","[1.0, 0.0, 0.0, 1.8607808351516724, 0.0, 0.4333464801311493, 0.2382134050130844, 0.014353815466165543]",-25.21387645732183
14.800000000000075,313.5512390136719,-130.18994140625,14.943889617919922,-0.15655517578125,0.8046875,"[0.45681506395339966, 0.9153000116348267, 0.5199894905090332, 0.8396235704421997]","[0.0, 0.0, -0.0056919436901807785, 2.566666626080405e-05, -0.028997546061873436, 1.0, 0.016333334147930145, -0.0056919436901807785, 0.0, 0.0, 0.9981881976127625, -0.016307666897773743, 0.0, 0.0]","[1.0, 0.0, 0.0, 1.8607808351516724, 0.0, 0.4333464801311493, 0.2382134050130844, 0.014353815466165543]",-25.432444626120247
14.850000000000076,313.8598327636719,-130.86647033691406,14.890299797058105,-0.14495849609375,0.8046875,"[0.46033191680908203, 0.9133999943733215, 0.5438228845596313, 0.954217791557312]","[0.0, 0.0, -0.0056919436901807785, 2.566666626080405e-05, -0.028997546061873436, 1.0, 0.016333334147930145, -0.0056919436901807785, 0.0, 0.0, 0.9981881976127625, -0.016307666897773743, 0.0, 0.0]","[1.0, 0.0, 0.0, 1.8607808351516724, 0.0, 0.4333464801311493, 0.2382134050130844, 0.014353815466165543]",-25.349133048679708
14.900000000000077,314.1465148925781,-131.5603485107422,15.129079818725586,-0.132568359375,0.8046875,"[0.44466203451156616, 0.9246000051498413, 0.6673917770385742, 0.6465031504631042]","[0.0, 0.0, -0.0056919436901807785, 2.566666626080405e-05, -0.028997546061873436, 1.0, 0.016333334147930145, -0.0056919436901807785, 0.0, 0.0, 0.9981881976127625, -0.016307666897773743, 0.0, 0.0]","[1.0, 0.0, 0.0, 1.8607808351516724, 0.0, 0.4333464801311493, 0.2382134050130844, 0.014353815466165543]",-25.588948729685807
14.950000000000077,314.4123840332031,-132.27352905273438,15.315099716186523,-0.12030029296875,0.8046875,"[0.43245458602905273, 0.9395999908447266, 0.6576725244522095, 0.8881672024726868]","[0.0, 0.0, -0.0056919436901807785, 2.566666626080405e-05, -0.028997546061873436, 1.0, 0.016333334147930145, -0.0056919436901807785, 0.0, 0.0, 0.9981881976127625, -0.016307666897773743, 0.0, 0.0]","[1.0, 0.0, 0.0, 1.8607808351516724, 0.0, 0.4333464801311493, 0.2382134050130844, 0.014353815466165543]",-25.84403029885991
15.000000000000078,314.6572570800781,-133.00331115722656,15.477279663085938,-0.107696533203125,0.80859375,"[0.421811580657959, 0.9336000084877014, 0.6158523559570312, 0.9232349991798401]","[0.0, 0.0, -0.0056919436901807785, 2.566666626080405e-05, -0.028997546061873436, 1.0, 0.016333334147930145, -0.0056919436901807785, 0.0, 0.0, 0.9981881976127625, -0.016307666897773743, 0.0, 0.0]","[1.0, 0.0, 0.0, 1.8607808351516724, 0.0, 0.4333464801311493, 0.2382134050130844, 0.014353815466165543]",-26.101530342468582
15.050000000000079,314.8815612792969,-133.7477569580078,15.62516975402832,-0.094696044921875,0.80859375,"[0.41210639476776123, 0.9456999897956848, 0.5772641897201538, 0.9330053329467773]","[0.0, 0.0, -0.0056919436901807785, 2.566666626080405e-05, -0.028997546061873436, 1.0, 0.016333334147930145, -0.0056919436901807785, 0.0, 0.0, 0.9981881976127625, -0.016307666897773743, 0.0, 0.0]","[1.0, 0.0, 0.0, 1.8607808351516724, 0.0, 0.4333464801311493, 0.2382134050130844, 0.014353815466165543]",-26.112326350426248
15.10000000000008,315.0850830078125,-134.50535583496094,15.759300231933594,-0.08197021484375,0.80859375,"[0.40330415964126587, 0.954200029373169, 0.5650342702865601, 0.9478711485862732]","[0.0, 0.0, -0.0056919436901807785, 2.566666626080405e-05, -0.028997546061873436, 1.0, 0.016333334147930145, -0.0056919436901807785, 0.0, 0.0, 0.9981881976127625, -0.016307666897773743, 0.0, 0.0]","[1.0, 0.0, 0.0, 1.8607808351516724, 0.0, 0.4333464801311493, 0.2382134050130844, 0.014353815466165543]",-26.378739371100203
15.15000000000008,315.26971435546875,-135.27476501464844,15.894390106201172,-0.07275390625,0.80859375,"[0.3944389820098877, 0.9685999751091003, 0.5067793726921082, 0.9151924252510071]","[0.0, 0.0, -0.0056919436901807785, 2.566666626080405e-05, -0.028997546061873436, 1.0, 0.016333334147930145, -0.0056919436901807785, 0.0, 0.0, 0.9981881976127625, -0.016307666897773743, 0.0, 0.0]","[1.0, 0.0, 0.0, 1.8607808351516724, 0.0, 0.4333464801311493, 0.2382134050130844, 0.014353815466165543]",-26.64931563326215
15.200000000000081,315.4365539550781,-136.0550994873047,16.0250301361084,-0.066375732421875,0.80859375,"[0.3858657479286194, 0.9783999919891357, 0.4868220090866089, 0.9552885293960571]","[0.0, 0.0, -0.0056919436901807785, 2.566666626080405e-05, -0.028997546061873436, 1.0, 0.016333334147930145, -0.0056919436901807785, 0.0, 0.0, 0.9981881976127625, -0.016307666897773743, 0.0, 0.0]","[1.0, 0.0, 0.0, 1.8607808351516724, 0.0, 0.4333464801311493, 0.2382134050130844, 0.014353815466165543]",-26.923928500775713
15.250000000000082,315.5862731933594,-136.84552001953125,16.153459548950195,-0.061767578125,0.80859375,"[0.37743765115737915, 0.9883999824523926, 0.4656223952770233, 0.9567673206329346]","[0.0, 0.0, -0.0056919436901807785, 2.566666626080405e-05, -0.028997546061873436, 1.0, 0.016333334147930145, -0.0056919436901807785, 0.0, 0.0, 0.9981881976127625, -0.016307666897773743, 0.0, 0.0]","[1.0, 0.0, 0.0, 1.8607808351516724, 0.0, 0.4333464801311493, 0.2382134050130844, 0.014353815466165543]",-26.929202414874478
15.300000000000082,315.71978759765625,-137.6453857421875,16.280820846557617,-0.05859375,0.80859375,"[0.36907958984375, 0.998199999332428, 0.4459437429904938, 0.9597800970077515]","[0.0, 0.0, -0.0056919436901807785, 2.566666626080405e-05, -0.028997546061873436, 1.0, 0.016333334147930145, -0.0056919436901807785, 0.0, 0.0, 0.9981881976127625, -0.016307666897773743, 0.0, 0.0]","[1.0, 0.0, 0.0, 1.8607808351516724, 0.0, 0.4333464801311493, 0.2382134050130844, 0.014353815466165543]",-27.205340953872025
15.350000000000083,315.83782958984375,-138.45416259765625,16.40785026550293,-0.056182861328125,0.80859375,"[0.3607434034347534, 1.0, 0.4279024004936218, 0.9624154567718506]","[0.0, 0.0, -0.0056919436901807785, 2.566666626080405e-05, -0.028997546061873436, 1.0, 0.016333334147930145, -0.0056919436901807785, 0.0, 0.0, 0.9981881976127625, -0.016307666897773743, 0.0, 0.0]","[1.0, 0.0, 0.0, 1.8607808351516724, 0.0, 0.4333464801311493, 0.2382134050130844, 0.014353815466165543]",-27.490859369758233
15.400000000000084,315.9411926269531,-139.27137756347656,16.534820556640625,-0.0545654296875,0.80859375,"[0.35241103172302246, 1.0, 0.4126386344432831, 0.9659514427185059]","[0.0, 0.0, -0.0056919436901807785, 2.566666626080405e-05, -0.028997546061873436, 1.0, 0.016333334147930145, -0.0056919436901807785, 0.0, 0.0, 0.9981881976127625, -0.016307666897773743, 0.0, 0.0]","[1.0, 0.0, 0.0, 1.8607808351516724, 0.0, 0.4333464801311493, 0.2382134050130844, 0.014353815466165543]",-27.77487811171628
15.450000000000085,316.03118896484375,-140.09649658203125,16.634660720825195,-0.052520751953125,0.80859375,"[0.3458590507507324, 1.0, 0.3657476603984833, 0.925125777721405]","[0.0, 0.0, -0.0056919436901807785, 2.566666626080405e-05, -0.028997546061873436, 1.0, 0.016333334147930145, -0.0056919436901807785, 0.0, 0.0, 0.9981881976127625, -0.016307666897773743, 0.0, 0.0]","[1.0, 0.0, 0.0, 1.8607808351516724, 0.0, 0.4333464801311493, 0.2382134050130844, 0.014353815466165543]",-27.75873200746731
15.500000000000085,316.13525390625,-140.93479919433594,16.727209091186523,-0.05035400390625,0.80859375,"[0.33978569507598877, 1.0, 0.32687777280807495, 0.8920301198959351]","[0.0, 0.0, -0.0056919436901807785, 2.566666626080405e-05, -0.028997546061873436, 1.0, 0.016333334147930145, -0.0056919436901807785, 0.0, 0.0, 0.9981881976127625, -0.016307666897773743, 0.0, 0.0]","[1.0, 0.0, 0.0, 1.8607808351516724, 0.0, 0.4333464801311493, 0.2382134050130844, 0.014353815466165543]",-28.060062734136803
15.550000000000086,316.199951171875,-141.77386474609375,16.856060028076172,-0.04840087890625,0.80859375,"[0.331329882144928, 1.0, 0.3443898856639862, 0.7875721454620361]","[0.0, 0.0, -0.0056919436901807785, 2.566666626080405e-05, -0.028997546061873436, 1.0, 0.016333334147930145, -0.0056919436901807785, 0.0, 0.0, 0.9981881976127625, -0.016307666897773743, 0.0, 0.0]","[1.0, 0.0, 0.0, 1.8607808351516724, 0.0, 0.4333464801311493, 0.2382134050130844, 0.014353815466165543]",-28.333131072361414
15.600000000000087,316.27008056640625,-142.6100616455078,16.95833969116211,-0.046905517578125,0.80859375,"[0.32461780309677124, 1.0, 0.3679156005382538, 0.8240664005279541]","[0.0, 0.0, -0.0056919436901807785, 2.566666626080405e-05, -0.028997546061873436, 1.0, 0.016333334147930145, -0.0056919436901807785, 0.0, 0.0, 0.9981881976127625, -0.016307666897773743, 0.0, 0.0]","[1.0, 0.0, 0.0, 1.8607808351516724, 0.0, 0.4333464801311493, 0.2382134050130844, 0.014353815466165543]",-28.611585202511804
15.650000000000087,316.31182861328125,-143.45970153808594,17.092069625854492,-0.045989990234375,0.80859375,"[0.3158418536186218, 1.0, 0.2863868176937103, 0.7973294258117676]","[0.0, 0.0, -0.0056919436901807785, 2.566666626080405e-05, -0.028997546061873436, 1.0, 0.016333334147930145, -0.0056919436901807785, 0.0, 0.0, 0.9981881976127625, -0.016307666897773743, 0.0, 0.0]","[1.0, 0.0, 0.0, 1.8607808351516724, 0.0, 0.4333464801311493, 0.2382134050130844, 0.014353815466165543]",-28.886060619166866
