sim_time,x,y,speed,steer,throttle,style_scores,alert_state,alert_raw,alert_score
0.05,227.07386779785156,-172.86415100097656,0.9800000190734863,0.0,0.5,"[0.3768119812011719, 0.15489999949932098, 0.0, 0.9431818127632141]","[0.0, 0.0, -0.0056919436901807785, 2.566666626080405e-05, -0.028997546061873436, 1.0, 0.016333334147930145, -0.0056919436901807785, 0.0, 0.0, 0.9981881976127625, -0.016307666897773743, 0.0, 0.0]","[1.0, 0.0, 0.0, 1.4153618812561035, 0.0, 0.49898281693458557, 0.9487279653549194, 0.20464904606342316]",1.0
0.1,227.07386779785156,-172.86415100097656,1.4700000286102295,-0.016571044921875,0.20000000298023224,"[0.6589679718017578, 0.3716000020503998, 0.0, 0.9424285292625427]","[0.0, 0.0, -0.0056919436901807785, 2.566666626080405e-05, -0.028997546061873436, 1.0, 0.016333334147930145, -0.0056919436901807785, 0.0, 0.0, 0.9981881976127625, -0.016307666897773743, 0.0, 0.0]","[1.0, 0.0, 0.0, 1.4153618812561035, 0.0, 0.49898281693458557, 0.9487279653549194, 0.20464904606342316]",1.0
0.15000000000000002,227.07386779785156,-172.86415100097656,1.9600000381469727,-0.016571044921875,0.20000000298023224,"[0.6911239624023438, 0.49549999833106995, 0.0, 0.9659090042114258]","[0.0, 0.0, -0.0056919436901807785, 2.566666626080405e-05, -0.028997546061873436, 1.0, 0.016333334147930145, -0.0056919436901807785, 0.0, 0.0, 0.9981881976127625, -0.016307666897773743, 0.0, 0.0]","[1.0, 0.0, 0.0, 1.4153618812561035, 0.0, 0.49898281693458557, 0.9487279653549194, 0.20464904606342316]",1.0
0.2,227.07386779785156,-172.86415100097656,1.796090006828308,-0.016571044921875,0.20000000298023224,"[0.6803674697875977, 0.46970000863075256, 4.3956040940429375e-07, 0.5231031775474548]","[0.0, 0.0, -0.0056919436901807785, 2.566666626080405e-05, -0.028997546061873436, 1.0, 0.016333334147930145, -0.0056919436901807785, 0.0, 0.0, 0.9981881976127625, -0.016307666897773743, 0.0, 0.0]","[1.0, 0.0, 0.0, 1.4153618812561035, 0.0, 0.49898281693458557, 0.9487279653549194, 0.20464904606342316]",1.0
0.25,227.07386779785156,-172.86415100097656,0.9435200095176697,-0.016571044921875,0.20000000298023224,"[0.6244180202484131, 0.22939999401569366, 0.0, 0.5113636255264282]","[0.0, 0.0, -0.0056919436901807785, 2.566666626080405e-05, -0.028997546061873436, 1.0, 0.016333334147930145, -0.0056919436901807785, 0.0, 0.0, 0.9981881976127625, -0.016307666897773743, 0.0, 0.0]","[1.0, 0.0, 0.0, 1.4153618812561035, 0.0, 0.49898281693458557, 0.9487279653549194, 0.20464904606342316]",0.9770043821868459
0.3,227.07386779785156,-172.86415100097656,0.4353399872779846,-0.016571044921875,0.20000000298023224,"[0.5910689830780029, 0.10989999771118164, 0.0, 0.6528287529945374]","[0.0, 0.0, -0.0056919436901807785, 2.566666626080405e-05, -0.028997546061873436, 1.0, 0.016333334147930145, -0.0056919436901807785, 0.0, 0.0, 0.9981881976127625, -0.016307666897773743, 0.0, 0.0]","[1.0, 0.0, 0.0, 1.4153618812561035, 0.0, 0.49898281693458557, 0.9487279653549194, 0.20464904606342316]",0.8870983296653221
0.35,227.07386779785156,-172.86415100097656,0.14326000213623047,-0.016571044921875,0.20000000298023224,"[0.5719013810157776, 0.03700000047683716, 0.0, 0.7694510817527771]","[0.0, 0.0, -0.0056919436901807785, 2.566666626080405e-05, -0.028997546061873436, 1.0, 0.016333334147930145, -0.0056919436901807785, 0.0, 0.0, 0.9981881976127625, -0.016307666897773743, 0.0, 0.0]","[1.0, 0.0, 0.0, 1.4153618812561035, 0.0, 0.49898281693458557, 0.9487279653549194, 0.20464904606342316]",0.7890331566875155
0.39999999999999997,227.07386779785156,-172.86415100097656,0.01549999974668026,-0.016571044921875,0.20000000298023224,"[0.5635172128677368, 0.004100000020116568, 0.0, 0.8613767027854919]","[0.0, 0.0, -0.0056919436901807785, 2.566666626080405e-05, -0.028997546061873436, 1.0, 0.016333334147930145, -0.0056919436901807785, 0.0, 0.0, 0.9981881976127625, -0.016307666897773743, 0.0, 0.0]","[1.0, 0.0, 0.0, 1.4153618812561035, 0.0, 0.49898281693458557, 0.9487279653549194, 0.20464904606342316]",0.5644315267367046
0.44999999999999996,227.07386779785156,-172.86415100097656,0.09382999688386917,-0.016571044921875,0.416656494140625,"[0.5686575174331665, 0.017999999225139618, 0.0, 0.8934793472290039]","[0.0, 0.0, -0.0056919436901807785, 2.566666626080405e-05, -0.028997546061873436, 1.0, 0.016333334147930145, -0.0056919436901807785, 0.0, 0.0, 0.9981881976127625, -0.016307666897773743, 0.0, 0.0]","[1.0, 0.0, 0.0, 1.4153618812561035, 0.0, 0.49898281693458557, 0.9487279653549194, 0.20464904606342316]",0.37812901902838547
0.49999999999999994,227.07386779785156,-172.86415100097656,0.1251399964094162,-0.016571044921875,0.79296875,"[0.5707122683525085, 0.00860000029206276, 0.0, 0.9302517771720886]","[0.0, 0.0, -0.0056919436901807785, 2.566666626080405e-05, -0.028997546061873436, 1.0, 0.016333334147930145, -0.0056919436901807785, 0.0, 0.0, 0.9981881976127625, -0.016307666897773743, 0.0, 0.0]","[1.0, 0.0, 0.0, 1.4153618812561035, 0.0, 0.49898281693458557, 0.9487279653549194, 0.20464904606342316]",0.1598017475988872
0.5499999999999999,227.07386779785156,-172.86415100097656,0.1301800012588501,-0.016571044921875,1.0,"[0.5710430145263672, 0.0, 4.3956040940429375e-07, 0.9527081251144409]","[0.0, 0.0, -0.0056919436901807785, 2.566666626080405e-05, -0.028997546061873436, 1.0, 0.016333334147930145, -0.0056919436901807785, 0.0, 0.0, 0.9981881976127625, -0.016307666897773743, 0.0, 0.0]","[1.0, 0.0, 0.0, 1.4153618812561035, 0.0, 0.49898281693458557, 0.9487279653549194, 0.20464904606342316]",-0.08199443414522967
0.6,227.07386779785156,-172.86415100097656,0.12161000072956085,-0.016571044921875,1.0,"[0.5704805850982666, 0.0, 4.3956040940429375e-07, 0.9864622354507446]","[0.0, 0.0, -0.0056919436901807785, 2.566666626080405e-05, -0.028997546061873436, 1.0, 0.016333334147930145, -0.0056919436901807785, 0.0, 0.0, 0.9981881976127625, -0.016307666897773743, 0.0, 0.0]","[1.0, 0.0, 0.0, 1.4153618812561035, 0.0, 0.49898281693458557, 0.9487279653549194, 0.20464904606342316]",-0.35386131677959165
0.65,227.07386779785156,-172.86415100097656,0.10694999992847443,-0.016571044921875,1.0,"[0.5695185661315918, 0.0, 0.0, 0.9924573302268982]","[0.0, 0.0, -0.0056919436901807785, 2.566666626080405e-05, -0.028997546061873436, 1.0, 0.016333334147930145, -0.0056919436901807785, 0.0, 0.0, 0.9981881976127625, -0.016307666897773743, 0.0, 0.0]","[1.0, 0.0, 0.0, 1.4153618812561035, 0.0, 0.49898281693458557, 0.9487279653549194, 0.20464904606342316]",-0.9521804425763247
0.7000000000000001,227.07386779785156,-172.86415100097656,0.09047999978065491,-0.016571044921875,1.0,"[0.5684376955032349, 0.0, 0.0, 0.9961100816726685]","[0.0, 0.0, -0.0056919436901807785, 2.566666626080405e-05, -0.028997546061873436, 1.0, 0.016333334147930145, -0.0056919436901807785, 0.0, 0.0, 0.9981881976127625, -0.016307666897773743, 0.0, 0.0]","[1.0, 0.0, 0.0, 1.4153618812561035, 0.0, 0.49898281693458557, 0.9487279653549194, 0.20464904606342316]",-1.2618367536694457
0.7500000000000001,227.07386779785156,-172.86415100097656,0.07450000196695328,-0.016571044921875,1.0,"[0.5673890113830566, 0.0, 0.0, 0.9973715543746948]","[0.0, 0.0, -0.0056919436901807785, 2.566666626080405e-05, -0.028997546061873436, 1.0, 0.016333334147930145, -0.0056919436901807785, 0.0, 0.0, 0.9981881976127625, -0.016307666897773743, 0.0, 0.0]","[1.0, 0.0, 0.0, 1.4153618812561035, 0.0, 0.49898281693458557, 0.9487279653549194, 0.20464904606342316]",-1.5817593101375595
0.8000000000000002,227.07386779785156,-172.86415100097656,0.06013000011444092,-0.016571044921875,1.0,"[0.5664460062980652, 0.0, 0.0, 0.996576189994812]","[0.0, 0.0, -0.0056919436901807785, 2.566666626080405e-05, -0.028997546061873436, 1.0, 0.016333334147930145, -0.0056919436901807785, 0.0, 0.0, 0.9981881976127625, -0.016307666897773743, 0.0, 0.0]","[1.0, 0.0, 0.0, 1.4153618812561035, 0.0, 0.49898281693458557, 0.9487279653549194, 0.20464904606342316]",-2.2469562684374447
0.8500000000000002,227.064697265625,-172.86412048339844,0.3460499942302704,-0.016571044921875,1.0,"[0.5852093696594238, 0.0, 0.30329185724258423, 0.5855981707572937]","[0.0, 0.0, -0.0056919436901807785, 2.566666626080405e-05, -0.028997546061873436, 1.0, 0.016333334147930145, -0.0056919436901807785, 0.0, 0.0, 0.9981881976127625, -0.016307666897773743, 0.0, 0.0]","[1.0, 0.0, 0.0, 1.4153618812561035, 0.0, 0.49898281693458557, 0.9487279653549194, 0.20464904606342316]",-2.5847410808040254
0.9000000000000002,227.0353240966797,-172.86410522460938,0.7014099955558777,-0.016571044921875,1.0,"[0.6085296869277954, 0.0, 0.3180628716945648, 0.946837306022644]","[0.0, 0.0, -0.0056919436901807785, 2.566666626080405e-05, -0.028997546061873436, 1.0, 0.016333334147930145, -0.0056919436901807785, 0.0, 0.0, 0.9981881976127625, -0.016307666897773743, 0.0, 0.0]","[1.0, 0.0, 0.0, 1.4153618812561035, 0.0, 0.49898281693458557, 0.9487279653549194, 0.20464904606342316]",-2.920003369739399
0.9500000000000003,226.98681640625,-172.8639678955078,1.0527000427246094,-0.016571044921875,1.0,"[0.6315828561782837, 0.0, 0.31855207681655884, 0.954607367515564]","[0.0, 0.0, -0.0056919436901807785, 2.566666626080405e-05, -0.028997546061873436, 1.0, 0.016333334147930145, -0.0056919436901807785, 0.0, 0.0, 0.9981881976127625, -0.016307666897773743, 0.0, 0.0]","[1.0, 0.0, 0.0, 1.4153618812561035, 0.0, 0.49898281693458557, 0.9487279653549194, 0.20464904606342316]",-3.2482478824556873
1.0000000000000002,226.92437744140625,-172.86366271972656,1.3471499681472778,-0.016571044921875,1.0,"[0.6509060263633728, 0.0, 0.26477405428886414, 0.896806001663208]","[0.0, 0.0, -0.0056919436901807785, 2.566666626080405e-05, -0.028997546061873436, 1.0, 0.016333334147930145, -0.0056919436901807785, 0.0, 0.0, 0.9981881976127625, -0.016307666897773743, 0.0, 0.0]","[1.0, 0.0, 0.0, 1.4153618812561035, 0.0, 0.49898281693458557, 0.9487279653549194, 0.20464904606342316]",-3.5794003612717598
1.0500000000000003,226.85052490234375,-172.86328125,1.549630045890808,-0.016571044921875,1.0,"[0.6641936302185059, 0.0, 0.18131253123283386, 0.8599146008491516]","[0.0, 0.0, -0.0056919436901807785, 2.566666626080405e-05, -0.028997546061873436, 1.0, 0.016333334147930145, -0.0056919436901807785, 0.0, 0.0, 0.9981881976127625, -0.016307666897773743, 0.0, 0.0]","[1.0, 0.0, 0.0, 1.4153618812561035, 0.0, 0.49898281693458557, 0.9487279653549194, 0.20464904606342316]",-4.337794549408371
1.1000000000000003,226.76397705078125,-172.8628692626953,1.832759976387024,-0.016571044921875,1.0,"[0.6827738881111145, 0.0, 0.253205269575119, 0.8679489493370056]","[0.0, 0.0, -0.0056919436901807785, 2.566666626080405e-05, -0.028997546061873436, 1.0, 0.016333334147930145, -0.0056919436901807785, 0.0, 0.0, 0.9981881976127625, -0.016307666897773743, 0.0, 0.0]","[1.0, 0.0, 0.0, 1.4153618812561035, 0.0, 0.49898281693458557, 0.9487279653549194, 0.20464904606342316]",-4.70077978247007
1.1500000000000004,226.66493225097656,-172.86236572265625,2.076930046081543,-0.016571044921875,1.0,"[0.6987974643707275, 0.0, 0.21793493628501892, 0.9184970259666443]","[0.0, 0.0, -0.0056919436901807785, 2.566666626080405e-05, -0.028997546061873436, 1.0, 0.016333334147930145, -0.0056919436901807785, 0.0, 0.0, 0.9981881976127625, -0.016307666897773743, 0.0, 0.0]","[1.0, 0.0, 0.0, 1.4153618812561035, 0.0, 0.49898281693458557, 0.9487279653549194, 0.20464904606342316]",-5.073405108836693
1.2000000000000004,226.552490234375,-172.86181640625,2.3578999042510986,-0.016571044921875,1.0,"[0.7172359824180603, 0.0, 0.2526571452617645, 0.9197282195091248]","[0.0, 0.0, -0.0056919436901807785, 2.566666626080405e-05, -0.028997546061873436, 1.0, 0.016333334147930145, -0.0056919436901807785, 0.0, 0.0, 0.9981881976127625, -0.016307666897773743, 0.0, 0.0]","[1.0, 0.0, 0.0, 1.4153618812561035, 0.0, 0.49898281693458557, 0.9487279653549194, 0.20464904606342316]",-5.4655116082371515
1.2500000000000004,226.42752075195312,-172.8611297607422,2.590280055999756,-0.016571044921875,1.0,"[0.7324857711791992, 0.0, 0.20827865600585938, 0.9088143706321716]","[0.0, 0.0, -0.0056919436901807785, 2.566666626080405e-05, -0.028997546061873436, 1.0, 0.016333334147930145, -0.0056919436901807785, 0.0, 0.0, 0.9981881976127625, -0.016307666897773743, 0.0, 0.0]","[1.0, 0.0, 0.0, 1.4153618812561035, 0.0, 0.49898281693458557, 0.9487279653549194, 0.20464904606342316]",-6.3498985949320055
1.3000000000000005,226.2894287109375,-172.86032104492188,2.8798999786376953,-0.016571044921875,1.0,"[0.751491904258728, 0.0, 0.2623683512210846, 0.8950352072715759]","[0.0, 0.0, -0.0056919436901807785, 2.566666626080405e-05, -0.028997546061873436, 1.0, 0.016333334147930145, -0.0056919436901807785, 0.0, 0.0, 0.9981881976127625, -0.016307666897773743, 0.0, 0.0]","[1.0, 0.0, 0.0, 1.4153618812561035, 0.0, 0.49898281693458557, 0.9487279653549194, 0.20464904606342316]",-6.7008434019443746
1.3500000000000005,226.1345977783203,-172.85926818847656,3.2405600547790527,-0.016571044921875,1.0,"[0.7751600742340088, 0.0, 0.32465317845344543, 0.880562424659729]","[0.0, 0.0, -0.0056919436901807785, 2.566666626080405e-05, -0.028997546061873436, 1.0, 0.016333334147930145, -0.0056919436901807785, 0.0, 0.0, 0.9981881976127625, -0.016307666897773743, 0.0, 0.0]","[1.0, 0.0, 0.0, 1.4153618812561035, 0.0, 0.49898281693458557, 0.9487279653549194, 0.20464904606342316]",-7.132015643582751
1.4000000000000006,225.96083068847656,-172.85797119140625,3.6151700019836426,-0.016571044921875,1.0,"[0.79974365234375, 0.0, 0.338283509016037, 0.9485763311386108]","[0.0, 0.0, -0.0056919436901807785, 2.566666626080405e-05, -0.028997546061873436, 1.0, 0.016333334147930145, -0.0056919436901807785, 0.0, 0.0, 0.9981881976127625, -0.016307666897773743, 0.0, 0.0]","[1.0, 0.0, 0.0, 1.4153618812561035, 0.0, 0.49898281693458557, 0.9487279653549194, 0.20464904606342316]",-7.554773921208874
1.4500000000000006,225.7689971923828,-172.85630798339844,3.970329999923706,-0.016571044921875,1.0,"[0.823050856590271, 0.0, 0.32191208004951477, 0.9426112771034241]","[0.0, 0.0, -0.0056919436901807785, 2.566666626080405e-05, -0.028997546061873436, 1.0, 0.016333334147930145, -0.0056919436901807785, 0.0, 0.0, 0.9981881976127625, -0.016307666897773743, 0.0, 0.0]","[1.0, 0.0, 0.0, 1.4153618812561035, 0.0, 0.49898281693458557, 0.9487279653549194, 0.20464904606342316]",-8.540452040532722
1.5000000000000007,225.5597381591797,-172.854248046875,4.3182902336120605,-0.016571044921875,1.0,"[0.8458855152130127, 0.0, 0.316428542137146, 0.9570249319076538]","[0.0, 0.0, -0.0056919436901807785, 2.566666626080405e-05, -0.028997546061873436, 1.0, 0.016333334147930145, -0.0056919436901807785, 0.0, 0.0, 0.9981881976127625, -0.016307666897773743, 0.0, 0.0]","[1.0, 0.0, 0.0, 1.4153618812561035, 0.0, 0.49898281693458557, 0.9487279653549194, 0.20464904606342316]",-8.843166302850493
1.5500000000000007,225.33319091796875,-172.85177612304688,4.6652398109436035,-0.016571044921875,1.0,"[0.8686538934707642, 0.0, 0.31644612550735474, 0.9638883471488953]","[0.0, 0.0, -0.0056919436901807785, 2.566666626080405e-05, -0.028997546061873436, 1.0, 0.016333334147930145, -0.0056919436901807785, 0.0, 0.0, 0.9981881976127625, -0.016307666897773743, 0.0, 0.0]","[1.0, 0.0, 0.0, 1.4153618812561035, 0.0, 0.49898281693458557, 0.9487279653549194, 0.20464904606342316]",-8.995129249749036
1.6000000000000008,225.0893096923828,-172.84873962402344,5.014410018920898,-0.016571044921875,1.0,"[0.8915680646896362, 0.0, 0.31936749815940857, 0.9626800417900085]","[0.0, 0.0, -0.0056919436901807785, 2.566666626080405e-05, -0.028997546061873436, 1.0, 0.016333334147930145, -0.0056919436901807785, 0.0, 0.0, 0.9981881976127625, -0.016307666897773743, 0.0, 0.0]","[1.0, 0.0, 0.0, 1.4153618812561035, 0.0, 0.49898281693458557, 0.9487279653549194, 0.20464904606342316]",-9.680901105541762
1.6500000000000008,224.82786560058594,-172.84510803222656,5.3678297996521,-0.016571044921875,1.0,"[0.9147610068321228, 0.0, 0.3239634931087494, 0.9597165584564209]","[0.0, 0.0, -0.0056919436901807785, 2.566666626080405e-05, -0.028997546061873436, 1.0, 0.016333334147930145, -0.0056919436901807785, 0.0, 0.0, 0.9981881976127625, -0.016307666897773743, 0.0, 0.0]","[1.0, 0.0, 0.0, 1.4153618812561035, 0.0, 0.49898281693458557, 0.9487279653549194, 0.20464904606342316]",-9.907657981512429
1.7000000000000008,224.5489959716797,-172.84091186523438,5.699960231781006,-0.016571044921875,1.0,"[0.9365569353103638, 0.0, 0.3092861473560333, 0.9363757371902466]","[0.0, 0.0, -0.0056919436901807785, 2.566666626080405e-05, -0.028997546061873436, 1.0, 0.016333334147930145, -0.0056919436901807785, 0.0, 0.0, 0.9981881976127625, -0.016307666897773743, 0.0, 0.0]","[1.0, 0.0, 0.0, 1.4153618812561035, 0.0, 0.49898281693458557, 0.9487279653549194, 0.20464904606342316]",-10.114298705212313
1.7500000000000009,224.2635040283203,-172.8360137939453,5.726449966430664,-0.016571044921875,1.0,"[0.9382952451705933, 0.0, 0.03521934151649475, 0.6379014849662781]","[0.0, 0.0, -0.0056919436901807785, 2.566666626080405e-05, -0.028997546061873436, 1.0, 0.016333334147930145, -0.0056919436901807785, 0.0, 0.0, 0.9981881976127625, -0.016307666897773743, 0.0, 0.0]","[1.0, 0.0, 0.0, 1.4153618812561035, 0.0, 0.49898281693458557, 0.9487279653549194, 0.20464904606342316]",-10.310670898596495
1.800000000000001,223.978515625,-172.8309783935547,5.718609809875488,-0.016571044921875,1.0,"[0.9377807378768921, 0.0, 0.01959586702287197, 0.941750168800354]","[0.0, 0.0, -0.0056919436901807785, 2.566666626080405e-05, -0.028997546061873436, 1.0, 0.016333334147930145, -0.0056919436901807785, 0.0, 0.0, 0.9981881976127625, -0.016307666897773743, 0.0, 0.0]","[1.0, 0.0, 0.0, 1.4153618812561035, 0.0, 0.49898281693458557, 0.9487279653549194, 0.20464904606342316]",-10.998198114647332
1.850000000000001,223.6936492919922,-172.82533264160156,5.716559886932373,-0.016571044921875,1.0,"[0.9376462697982788, 0.0, 0.012137582525610924, 0.9770268201828003]","[0.0, 0.0, -0.0056919436901807785, 2.566666626080405e-05, -0.028997546061873436, 1.0, 0.016333334147930145, -0.0056919436901807785, 0.0, 0.0, 0.9981881976127625, -0.016307666897773743, 0.0, 0.0]","[1.0, 0.0, 0.0, 1.4153618812561035, 0.0, 0.49898281693458557, 0.9487279653549194, 0.20464904606342316]",-11.204631021387817
1.900000000000001,223.39315795898438,-172.81912231445312,6.240009784698486,-0.016571044921875,1.0,"[0.9719973802566528, 0.0, 0.39035627245903015, 0.43010181188583374]","[0.0, 0.0, -0.0056919436901807785, 2.566666626080405e-05, -0.028997546061873436, 1.0, 0.016333334147930145, -0.0056919436901807785, 0.0, 0.0, 0.9981881976127625, -0.016307666897773743, 0.0, 0.0]","[1.0, 0.0, 0.0, 1.4153618812561035, 0.0, 0.49898281693458557, 0.9487279653549194, 0.20464904606342316]",-11.426071471669554
1.950000000000001,223.0638427734375,-172.811279296875,6.77370023727417,-0.016571044921875,1.0,"[0.9929794669151306, 0.0, 0.488248735666275, 0.9455550312995911]","[0.0, 0.0, -0.0056919436901807785, 2.566666626080405e-05, -0.028997546061873436, 1.0, 0.016333334147930145, -0.0056919436901807785, 0.0, 0.0, 0.9981881976127625, -0.016307666897773743, 0.0, 0.0]","[1.0, 0.0, 0.0, 1.4153618812561035, 0.0, 0.49898281693458557, 0.9487279653549194, 0.20464904606342316]",-11.620132079815257
2.000000000000001,222.7099609375,-172.80221557617188,7.246079921722412,-0.016571044921875,1.0,"[0.9619798064231873, 0.0, 0.4385841488838196, 0.8869908452033997]","[0.0, 0.0, -0.0056919436901807785, 2.566666626080405e-05, -0.028997546061873436, 1.0, 0.016333334147930145, -0.0056919436901807785, 0.0, 0.0, 0.9981881976127625, -0.016307666897773743, 0.0, 0.0]","[1.0, 0.0, 0.0, 1.4153618812561035, 0.0, 0.49898281693458557, 0.9487279653549194, 0.20464904606342316]",-12.307806042683017
2.0500000000000007,222.33404541015625,-172.79171752929688,7.676909923553467,-0.016571044921875,1.0,"[0.9337068200111389, 0.0, 0.3981991112232208, 0.9105687737464905]","[0.0, 0.0, -0.0056919436901807785, 2.566666626080405e-05, -0.028997546061873436, 1.0, 0.016333334147930145, -0.0056919436901807785, 0.0, 0.0, 0.9981881976127625, -0.016307666897773743, 0.0, 0.0]","[1.0, 0.0, 0.0, 1.4153618812561035, 0.0, 0.49898281693458557, 0.9487279653549194, 0.20464904606342316]",-12.477578535098855
2.1000000000000005,221.9376678466797,-172.77984619140625,8.083160400390625,-0.016571044921875,1.0,"[0.9070467948913574, 0.0, 0.382568359375, 0.9302171468734741]","[0.0, 0.0, -0.0056919436901807785, 2.566666626080405e-05, -0.028997546061873436, 1.0, 0.016333334147930145, -0.0056919436901807785, 0.0, 0.0, 0.9981881976127625, -0.016307666897773743, 0.0, 0.0]","[1.0, 0.0, 0.0, 1.4153618812561035, 0.0, 0.49898281693458557, 0.9487279653549194, 0.20464904606342316]",-12.618280120340025
2.1500000000000004,221.521484375,-172.76644897460938,8.481450080871582,-0.016571044921875,1.0,"[0.8809093236923218, 0.0, 0.3723129630088806, 0.9501588344573975]","[0.0, 0.0, -0.0056919436901807785, 2.566666626080405e-05, -0.028997546061873436, 1.0, 0.016333334147930145, -0.0056919436901807785, 0.0, 0.0, 0.9981881976127625, -0.016307666897773743, 0.0, 0.0]","[1.0, 0.0, 0.0, 1.4153618812561035, 0.0, 0.49898281693458557, 0.9487279653549194, 0.20464904606342316]",-12.810457213383113
2.2,221.08551025390625,-172.75146484375,8.879240036010742,-0.016571044921875,1.0,"[0.854804515838623, 0.0, 0.3776962459087372, 0.9586737751960754]","[0.0, 0.0, -0.0056919436901807785, 2.566666626080405e-05, -0.028997546061873436, 1.0, 0.016333334147930145, -0.0056919436901807785, 0.0, 0.0, 0.9981881976127625, -0.016307666897773743, 0.0, 0.0]","[1.0, 0.0, 0.0, 1.4153618812561035, 0.0, 0.49898281693458557, 0.9487279653549194, 0.20464904606342316]",-13.471944442627644
2.25,220.6298065185547,-172.73464965820312,9.275409698486328,-0.016571044921875,1.0,"[0.8288061022758484, 0.0, 0.3745274543762207, 0.9581303000450134]","[0.0, 0.0, -0.0056919436901807785, 2.566666626080405e-05, -0.028997546061873436, 1.0, 0.016333334147930145, -0.0056919436901807785, 0.0, 0.0, 0.9981881976127625, -0.016307666897773743, 0.0, 0.0]","[1.0, 0.0, 0.0, 1.4153618812561035, 0.0, 0.49898281693458557, 0.9487279653549194, 0.20464904606342316]",-13.561552299726483
2.3,220.1649932861328,-172.7164764404297,9.342320442199707,-0.016571044921875,1.0,"[0.8244150876998901, 0.0, 0.08800879865884781, 0.6184362769126892]","[0.0, 0.0, -0.0056919436901807785, 2.566666626080405e-05, -0.028997546061873436, 1.0, 0.016333334147930145, -0.0056919436901807785, 0.0, 0.0, 0.9981881976127625, -0.016307666897773743, 0.0, 0.0]","[1.0, 0.0, 0.0, 1.4153618812561035, 0.0, 0.49898281693458557, 0.9487279653549194, 0.20464904606342316]",-13.667453875764101
2.3499999999999996,219.70201110839844,-172.6972198486328,9.2560396194458,-0.016571044921875,1.0,"[0.8300772309303284, 0.0, 0.07373732328414917, 0.8015110492706299]","[0.0, 0.0, -0.0056919436901807785, 2.566666626080405e-05, -0.028997546061873436, 1.0, 0.016333334147930145, -0.0056919436901807785, 0.0, 0.0, 0.9981881976127625, -0.016307666897773743, 0.0, 0.0]","[1.0, 0.0, 0.0, 1.4153618812561035, 0.0, 0.49898281693458557, 0.9487279653549194, 0.20464904606342316]",-13.77983420668161
2.3999999999999995,219.23182678222656,-172.67649841308594,9.642020225524902,-0.016571044921875,1.0,"[0.804747462272644, 0.0, 0.2883743345737457, 0.4647102653980255]","[0.0, 0.0, -0.0056919436901807785, 2.566666626080405e-05, -0.028997546061873436, 1.0, 0.016333334147930145, -0.0056919436901807785, 0.0, 0.0, 0.9981881976127625, -0.016307666897773743, 0.0, 0.0]","[1.0, 0.0, 0.0, 1.4153618812561035, 0.0, 0.49898281693458557, 0.9487279653549194, 0.20464904606342316]",-14.351767240445431
2.4499999999999993,218.73455810546875,-172.6547393798828,10.141980171203613,0.000335693359375,1.0,"[0.7719378471374512, 0.0, 0.45831164717674255, 0.818098783493042]","[0.0, 0.0, -0.0056919436901807785, 2.566666626080405e-05, -0.028997546061873436, 1.0, 0.016333334147930145, -0.0056919436901807785, 0.0, 0.0, 0.9981881976127625, -0.016307666897773743, 0.0, 0.0]","[1.0, 0.0, 0.0, 1.4153618812561035, 0.0, 0.49898281693458557, 0.9487279653549194, 0.20464904606342316]",-14.168090494907219
2.499999999999999,218.21441650390625,-172.63270568847656,10.567859649658203,0.0068359375,1.0,"[0.7439897656440735, 0.0, 0.3922092318534851, 0.8741060495376587]","[0.0, 0.0, -0.0056919436901807785, 2.566666626080405e-05, -0.028997546061873436, 1.0, 0.016333334147930145, -0.0056919436901807785, 0.0, 0.0, 0.9981881976127625, -0.016307666897773743, 0.0, 0.0]","[1.0, 0.0, 0.0, 1.4153618812561035, 0.0, 0.49898281693458557, 0.9487279653549194, 0.20464904606342316]",-13.987492866031339
2.549999999999999,217.67469787597656,-172.6110382080078,10.941690444946289,0.0142822265625,1.0,"[0.7194572687149048, 0.0, 0.36206942796707153, 0.8983508944511414]","[0.0, 0.0, -0.0056919436901807785, 2.566666626080405e-05, -0.028997546061873436, 1.0, 0.016333334147930145, -0.0056919436901807785, 0.0, 0.0, 0.9981881976127625, -0.016307666897773743, 0.0, 0.0]","[1.0, 0.0, 0.0, 1.4153618812561035, 0.0, 0.49898281693458557, 0.9487279653549194, 0.20464904606342316]",-13.78415687319927
2.5999999999999988,217.11753845214844,-172.59034729003906,11.280500411987305,0.01971435546875,1.0,"[0.6972230672836304, 0.0, 0.34275779128074646, 0.9193123579025269]","[0.0, 0.0, -0.0056919436901807785, 2.566666626080405e-05, -0.028997546061873436, 1.0, 0.016333334147930145, -0.0056919436901807785, 0.0, 0.0, 0.9981881976127625, -0.016307666897773743, 0.0, 0.0]","[1.0, 0.0, 0.0, 1.4153618812561035, 0.0, 0.49898281693458557, 0.9487279653549194, 0.20464904606342316]",-13.89745635821373
2.6499999999999986,216.5442657470703,-172.57089233398438,11.596099853515625,0.020904541015625,1.0,"[0.6765120029449463, 0.0, 0.3242052495479584, 0.9361032843589783]","[0.0, 0.0, -0.0056919436901807785, 2.566666626080405e-05, -0.028997546061873436, 1.0, 0.016333334147930145, -0.0056919436901807785, 0.0, 0.0, 0.9981881976127625, -0.016307666897773743, 0.0, 0.0]","[1.0, 0.0, 0.0, 1.4153618812561035, 0.0, 0.49898281693458557, 0.9487279653549194, 0.20464904606342316]",-13.664991369633164
2.6999999999999984,215.95574951171875,-172.55252075195312,11.896590232849121,0.01708984375,1.0,"[0.6567925214767456, 0.0, 0.30177226662635803, 0.9453021883964539]","[0.0, 0.0, -0.0056919436901807785, 2.566666626080405e-05, -0.028997546061873436, 1.0, 0.016333334147930145, -0.0056919436901807785, 0.0, 0.0, 0.9981881976127625, -0.016307666897773743, 0.0, 0.0]","[1.0, 0.0, 0.0, 1.4153618812561035, 0.0, 0.49898281693458557, 0.9487279653549194, 0.20464904606342316]",-13.410628658136387
2.7499999999999982,215.35260009765625,-172.53414916992188,12.187219619750977,0.005279541015625,1.0,"[0.6377201080322266, 0.0, 0.2637336254119873, 0.9315423369407654]","[0.0, 0.0, -0.0056919436901807785, 2.566666626080405e-05, -0.028997546061873436, 1.0, 0.016333334147930145, -0.0056919436901807785, 0.0, 0.0, 0.9981881976127625, -0.016307666897773743, 0.0, 0.0]","[1.0, 0.0, 0.0, 1.4153618812561035, 0.0, 0.49898281693458557, 0.9487279653549194, 0.20464904606342316]",-13.13501006900468
2.799999999999998,214.7351837158203,-172.51405334472656,12.470560073852539,-0.013946533203125,1.0,"[0.6191260814666748, 0.0, 0.2882166802883148, 0.9136021733283997]","[0.0, 0.0, -0.0056919436901807785, 2.566666626080405e-05, -0.028997546061873436, 1.0, 0.016333334147930145, -0.0056919436901807785, 0.0, 0.0, 0.9981881976127625, -0.016307666897773743, 0.0, 0.0]","[1.0, 0.0, 0.0, 1.4153618812561035, 0.0, 0.49898281693458557, 0.9487279653549194, 0.20464904606342316]",-13.045589319562106
2.849999999999998,214.10379028320312,-172.49234008789062,12.750630378723145,-0.03558349609375,1.0,"[0.6007465720176697, 0.0, 0.27375516295433044, 0.9454396963119507]","[0.0, 0.0, -0.0056919436901807785, 2.566666626080405e-05, -0.028997546061873436, 1.0, 0.016333334147930145, -0.0056919436901807785, 0.0, 0.0, 0.9981881976127625, -0.016307666897773743, 0.0, 0.0]","[1.0, 0.0, 0.0, 1.4153618812561035, 0.0, 0.49898281693458557, 0.9487279653549194, 0.20464904606342316]",-12.673215508351191
2.8999999999999977,213.4588165283203,-172.4652557373047,13.02178955078125,-0.057373046875,1.0,"[0.5829519033432007, 0.0, 0.38440394401550293, 0.8367029428482056]","[0.0, 0.0, -0.0056919436901807785, 2.566666626080405e-05, -0.028997546061873436, 1.0, 0.016333334147930145, -0.0056919436901807785, 0.0, 0.0, 0.9981881976127625, -0.016307666897773743, 0.0, 0.0]","[1.0, 0.0, 0.0, 1.4153618812561035, 0.0, 0.49898281693458557, 0.9487279653549194, 0.20464904606342316]",-12.284965401198814
2.9499999999999975,212.80088806152344,-172.42950439453125,13.288979530334473,-0.078125,1.0,"[0.5654176473617554, 0.0, 0.42914679646492004, 0.9103304147720337]","[0.0, 0.0, -0.0056919436901807785, 2.566666626080405e-05, -0.028997546061873436, 1.0, 0.016333334147930145, -0.0056919436901807785, 0.0, 0.0, 0.9981881976127625, -0.016307666897773743, 0.0, 0.0]","[1.0, 0.0, 0.0, 1.4153618812561035, 0.0, 0.49898281693458557, 0.9487279653549194, 0.20464904606342316]",-11.886944806889424
2.9999999999999973,212.13052368164062,-172.38327026367188,13.545960426330566,-0.09637451171875,0.9140625,"[0.548553466796875, 0.3736000061035156, 0.4574395716190338, 0.906859278678894]","[0.0, 0.0, -0.0056919436901807785, 2.566666626080405e-05, -0.028997546061873436, 1.0, 0.016333334147930145, -0.0056919436901807785, 0.0, 0.0, 0.9981881976127625, -0.016307666897773743, 0.0, 0.0]","[1.0, 0.0, 0.0, 1.4153618812561035, 0.0, 0.49898281693458557, 0.9487279653549194, 0.20464904606342316]",-11.710571761901774
3.049999999999997,211.44908142089844,-172.32408142089844,13.7772798538208,-0.114776611328125,0.80859375,"[0.533373236656189, 0.8447999954223633, 0.4784826338291168, 0.8916240334510803]","[0.0, 0.0, -0.0056919436901807785, 2.566666626080405e-05, -0.028997546061873436, 1.0, 0.016333334147930145, -0.0056919436901807785, 0.0, 0.0, 0.9981881976127625, -0.016307666897773743, 0.0, 0.0]","[1.0, 0.0, 0.0, 1.4153618812561035, 0.0, 0.49898281693458557, 0.9487279653549194, 0.20464904606342316]",-11.343376977330266
3.099999999999997,210.75885009765625,-172.24911499023438,13.970330238342285,-0.13409423828125,0.7109375,"[0.5207043886184692, 1.0, 0.4936765134334564, 0.8818808197975159]","[0.0, 0.0, -0.0056919436901807785, 2.566666626080405e-05, -0.028997546061873436, 1.0, 0.016333334147930145, -0.0056919436901807785, 0.0, 0.0, 0.9981881976127625, -0.016307666897773743, 0.0, 0.0]","[1.0, 0.0, 0.0, 1.4153618812561035, 0.0, 0.49898281693458557, 0.9487279653549194, 0.20464904606342316]",-10.972165704274062
3.149999999999997,210.06277465820312,-172.15570068359375,14.121800422668457,-0.15447998046875,0.6484375,"[0.5107642412185669, 1.0, 0.502973198890686, 0.8859516978263855]","[0.0, 0.0, -0.0056919436901807785, 2.566666626080405e-05, -0.028997546061873436, 1.0, 0.016333334147930145, -0.0056919436901807785, 0.0, 0.0, 0.9981881976127625, -0.016307666897773743, 0.0, 0.0]","[1.0, 0.0, 0.0, 1.4153618812561035, 0.0, 0.49898281693458557, 0.9487279653549194, 0.20464904606342316]",-10.610793249222526
3.1999999999999966,209.36434936523438,-172.04116821289062,14.236669540405273,-0.17535400390625,0.57421875,"[0.5032260417938232, 1.0, 0.4821138381958008, 0.8905707001686096]","[0.0, 0.0, -0.0056919436901807785, 2.566666626080405e-05, -0.028997546061873436, 1.0, 0.016333334147930145, -0.0056919436901807785, 0.0, 0.0, 0.9981881976127625, -0.016307666897773743, 0.0, 0.0]","[1.0, 0.0, 0.0, 1.4153618812561035, 0.0, 0.49898281693458557, 0.9487279653549194, 0.20464904606342316]",-10.502116741177248
3.2499999999999964,208.6677703857422,-171.9105987548828,14.33253002166748,-0.1947021484375,0.51171875,"[0.49693524837493896, 1.0, 0.40506064891815186, 0.8026790022850037]","[0.0, 0.0, -0.0056919436901807785, 2.566666626080405e-05, -0.028997546061873436, 1.0, 0.016333334147930145, -0.0056919436901807785, 0.0, 0.0, 0.9981881976127625, -0.016307666897773743, 0.0, 0.0]","[1.0, 0.0, 0.0, 1.4153618812561035, 0.0, 0.49898281693458557, 0.9487279653549194, 0.20464904606342316]",-10.1659549049254
3.2999999999999963,207.97569274902344,-171.7642364501953,14.397919654846191,-0.2122802734375,0.4801483154296875,"[0.4926440715789795, 1.0, 0.41226327419281006, 0.9205774068832397]","[0.0, 0.0, -0.0056919436901807785, 2.566666626080405e-05, -0.028997546061873436, 1.0, 0.016333334147930145, -0.0056919436901807785, 0.0, 0.0, 0.9981881976127625, -0.016307666897773743, 0.0, 0.0]","[1.0, 0.0, 0.0, 1.4153618812561035, 0.0, 0.49898281693458557, 0.9487279653549194, 0.20464904606342316]",-9.859841912380936
3.349999999999996,207.28802490234375,-171.5973663330078,14.392339706420898,-0.227935791015625,0.444427490234375,"[0.4930102229118347, 1.0, 0.522109866142273, 0.6136842966079712]","[0.0, 0.0, -0.0056919436901807785, 2.566666626080405e-05, -0.028997546061873436, 1.0, 0.016333334147930145, -0.0056919436901807785, 0.0, 0.0, 0.9981881976127625, -0.016307666897773743, 0.0, 0.0]","[1.0, 0.0, 0.0, 1.4153618812561035, 0.0, 0.49898281693458557, 0.9487279653549194, 0.20464904606342316]",-9.56116664988612
3.399999999999996,206.6073455810547,-171.39498901367188,14.316780090332031,-0.244903564453125,0.432525634765625,"[0.49796879291534424, 1.0, 0.5514320731163025, 0.7450880408287048]","[0.0, 0.0, -0.0056919436901807785, 2.566666626080405e-05, -0.028997546061873436, 1.0, 0.016333334147930145, -0.0056919436901807785, 0.0, 0.0, 0.9981881976127625, -0.016307666897773743, 0.0, 0.0]","[1.0, 0.0, 0.0, 1.4153618812561035, 0.0, 0.49898281693458557, 0.9487279653549194, 0.20464904606342316]",-9.523116607440103
3.4499999999999957,205.93333435058594,-171.16151428222656,14.230250358581543,-0.2613525390625,0.416656494140625,"[0.5036472678184509, 1.0, 0.5831305384635925, 0.712215006351471]","[0.0, 0.0, -0.0056919436901807785, 2.566666626080405e-05, -0.028997546061873436, 1.0, 0.016333334147930145, -0.0056919436901807785, 0.0, 0.0, 0.9981881976127625, -0.016307666897773743, 0.0, 0.0]","[1.0, 0.0, 0.0, 1.4153618812561035, 0.0, 0.49898281693458557, 0.9487279653549194, 0.20464904606342316]",-9.215742217319594
3.4999999999999956,205.26824951171875,-170.9011688232422,14.121009826660156,-0.27777099609375,0.404754638671875,"[0.5108161568641663, 1.0, 0.5932813286781311, 0.876883864402771]","[0.0, 0.0, -0.0056919436901807785, 2.566666626080405e-05, -0.028997546061873436, 1.0, 0.016333334147930145, -0.0056919436901807785, 0.0, 0.0, 0.9981881976127625, -0.016307666897773743, 0.0, 0.0]","[1.0, 0.0, 0.0, 1.4153618812561035, 0.0, 0.49898281693458557, 0.9487279653549194, 0.20464904606342316]",-8.915779426589841
3.5499999999999954,204.62200927734375,-170.6100616455078,13.971529960632324,-0.298736572265625,0.396820068359375,"[0.520625650882721, 1.0, 0.5978913903236389, 0.680079996585846]","[0.0, 0.0, -0.0056919436901807785, 2.566666626080405e-05, -0.028997546061873436, 1.0, 0.016333334147930145, -0.0056919436901807785, 0.0, 0.0, 0.9981881976127625, -0.016307666897773743, 0.0, 0.0]","[1.0, 0.0, 0.0, 1.4153618812561035, 0.0, 0.49898281693458557, 0.9487279653549194, 0.20464904606342316]",-8.63635283644468
3.599999999999995,204.01077270507812,-170.27639770507812,13.796799659729004,-0.32232666015625,0.388885498046875,"[0.5320922136306763, 1.0, 0.6147626638412476, 0.7540878057479858]","[0.0, 0.0, -0.0056919436901807785, 2.566666626080405e-05, -0.028997546061873436, 1.0, 0.016333334147930145, -0.0056919436901807785, 0.0, 0.0, 0.9981881976127625, -0.016307666897773743, 0.0, 0.0]","[1.0, 0.0, 0.0, 1.4153618812561035, 0.0, 0.49898281693458557, 0.9487279653549194, 0.20464904606342316]",-8.68747294719249
3.649999999999995,203.4384307861328,-169.90200805664062,13.615679740905762,-0.34747314453125,0.376983642578125,"[0.5439781546592712, 1.0, 0.637515664100647, 0.8491280674934387]","[0.0, 0.0, -0.0056919436901807785, 2.566666626080405e-05, -0.028997546061873436, 1.0, 0.016333334147930145, -0.0056919436901807785, 0.0, 0.0, 0.9981881976127625, -0.016307666897773743, 0.0, 0.0]","[1.0, 0.0, 0.0, 1.4153618812561035, 0.0, 0.49898281693458557, 0.9487279653549194, 0.20464904606342316]",-8.454883003863795
3.699999999999995,202.9015350341797,-169.4958038330078,13.44795036315918,-0.36968994140625,0.3650665283203125,"[0.5549853444099426, 1.0, 0.6355608701705933, 0.8234794735908508]","[0.0, 0.0, -0.0056919436901807785, 2.566666626080405e-05, -0.028997546061873436, 1.0, 0.016333334147930145, -0.0056919436901807785, 0.0, 0.0, 0.9981881976127625, -0.016307666897773743, 0.0, 0.0]","[1.0, 0.0, 0.0, 1.4153618812561035, 0.0, 0.49898281693458557, 0.9487279653549194, 0.20464904606342316]",-8.232193477616688
3.7499999999999947,202.3999786376953,-169.06222534179688,13.269379615783691,-0.38372802734375,0.3412628173828125,"[0.5667039155960083, 1.0, 0.6464672684669495, 0.8835921883583069]","[0.0, 0.0, -0.0056919436901807785, 2.566666626080405e-05, -0.028997546061873436, 1.0, 0.016333334147930145, -0.0056919436901807785, 0.0, 0.0, 0.9981881976127625, -0.016307666897773743, 0.0, 0.0]","[1.0, 0.0, 0.0, 1.4153618812561035, 0.0, 0.49898281693458557, 0.9487279653549194, 0.20464904606342316]",-8.017836793997358
3.7999999999999945,201.93527221679688,-168.6038055419922,13.079739570617676,-0.38946533203125,0.3333282470703125,"[0.5791489481925964, 1.0, 0.6558769345283508, 0.898815929889679]","[0.0, 0.0, -0.0056919436901807785, 2.566666626080405e-05, -0.028997546061873436, 1.0, 0.016333334147930145, -0.0056919436901807785, 0.0, 0.0, 0.9981881976127625, -0.016307666897773743, 0.0, 0.0]","[1.0, 0.0, 0.0, 1.4153618812561035, 0.0, 0.49898281693458557, 0.9487279653549194, 0.20464904606342316]",-8.180484793221574
3.8499999999999943,201.50885009765625,-168.12301635742188,12.885979652404785,-0.389862060546875,0.3333282470703125,"[0.5918643474578857, 1.0, 0.6582298874855042, 0.9072672724723816]","[0.0, 0.0, -0.0056919436901807785, 2.566666626080405e-05, -0.028997546061873436, 1.0, 0.016333334147930145, -0.0056919436901807785, 0.0, 0.0, 0.9981881976127625, -0.016307666897773743, 0.0, 0.0]","[1.0, 0.0, 0.0, 1.4153618812561035, 0.0, 0.49898281693458557, 0.9487279653549194, 0.20464904606342316]",-8.01898631884105
3.899999999999994,201.12269592285156,-167.6226348876953,12.689789772033691,-0.3880615234375,0.3333282470703125,"[0.6047391891479492, 1.0, 0.6586611270904541, 0.9096798896789551]","[0.0, 0.0, -0.0056919436901807785, 2.566666626080405e-05, -0.028997546061873436, 1.0, 0.016333334147930145, -0.0056919436901807785, 0.0, 0.0, 0.9981881976127625, -0.016307666897773743, 0.0, 0.0]","[1.0, 0.0, 0.0, 1.4153618812561035, 0.0, 0.49898281693458557, 0.9487279653549194, 0.20464904606342316]",-7.869714337587725
3.949999999999994,200.77291870117188,-167.10525512695312,12.509790420532227,-0.377105712890625,0.3531646728515625,"[0.6165515184402466, 1.0, 0.6440518498420715, 0.8957470655441284]","[0.0, 0.0, -0.0056919436901807785, 2.566666626080405e-05, -0.028997546061873436, 1.0, 0.016333334147930145, -0.0056919436901807785, 0.0, 0.0, 0.9981881976127625, -0.016307666897773743, 0.0, 0.0]","[1.0, 0.0, 0.0, 1.4153618812561035, 0.0, 0.49898281693458557, 0.9487279653549194, 0.20464904606342316]",-7.730583023570453
3.999999999999994,200.4649200439453,-166.57205200195312,12.34235954284668,-0.35491943359375,0.3690338134765625,"[0.6275391578674316, 1.0, 0.6304808855056763, 0.9104791879653931]","[0.0, 0.0, -0.0056919436901807785, 2.566666626080405e-05, -0.028997546061873436, 1.0, 0.016333334147930145, -0.0056919436901807785, 0.0, 0.0, 0.9981881976127625, -0.016307666897773743, 0.0, 0.0]","[1.0, 0.0, 0.0, 1.4153618812561035, 0.0, 0.49898281693458557, 0.9487279653549194, 0.20464904606342316]",-8.024575884544342
4.049999999999994,200.19886779785156,-166.02545166015625,12.190759658813477,-0.330902099609375,0.388885498046875,"[0.6374877691268921, 1.0, 0.6150413155555725, 0.9240944385528564]","[0.0, 0.0, -0.0056919436901807785, 2.566666626080405e-05, -0.028997546061873436, 1.0, 0.016333334147930145, -0.0056919436901807785, 0.0, 0.0, 0.9981881976127625, -0.016307666897773743, 0.0, 0.0]","[1.0, 0.0, 0.0, 1.4153618812561035, 0.0, 0.49898281693458557, 0.9487279653549194, 0.20464904606342316]",-7.923259931550927
4.099999999999993,199.97303771972656,-165.46826171875,12.051039695739746,-0.31494140625,0.424591064453125,"[0.64665687084198, 1.0, 0.6041802167892456, 0.9206326603889465]","[0.0, 0.0, -0.0056919436901807785, 2.566666626080405e-05, -0.028997546061873436, 1.0, 0.016333334147930145, -0.0056919436901807785, 0.0, 0.0, 0.9981881976127625, -0.016307666897773743, 0.0, 0.0]","[1.0, 0.0, 0.0, 1.4153618812561035, 0.0, 0.49898281693458557, 0.9487279653549194, 0.20464904606342316]",-7.843509725792515
4.149999999999993,199.7854766845703,-164.90313720703125,11.929739952087402,-0.29815673828125,0.4642791748046875,"[0.6546170711517334, 1.0, 0.5867327451705933, 0.9353464245796204]","[0.0, 0.0, -0.0056919436901807785, 2.566666626080405e-05, -0.028997546061873436, 1.0, 0.016333334147930145, -0.0056919436901807785, 0.0, 0.0, 0.9981881976127625, -0.016307666897773743, 0.0, 0.0]","[1.0, 0.0, 0.0, 1.4153618812561035, 0.0, 0.49898281693458557, 0.9487279653549194, 0.20464904606342316]",-7.785025577439448
4.199999999999993,199.64002990722656,-164.330810546875,11.840299606323242,-0.27508544921875,0.4960174560546875,"[0.6604865193367004, 1.0, 0.5624303221702576, 0.9303640723228455]","[0.0, 0.0, -0.0056919436901807785, 2.566666626080405e-05, -0.028997546061873436, 1.0, 0.016333334147930145, -0.0056919436901807785, 0.0, 0.0, 0.9981881976127625, -0.016307666897773743, 0.0, 0.0]","[1.0, 0.0, 0.0, 1.4153618812561035, 0.0, 0.49898281693458557, 0.9487279653549194, 0.20464904606342316]",-8.250729405496601
4.249999999999993,199.5332794189453,-163.75328063964844,11.780679702758789,-0.2523193359375,0.53125,"[0.6643990874290466, 1.0, 0.5419529676437378, 0.9136046171188354]","[0.0, 0.0, -0.0056919436901807785, 2.566666626080405e-05, -0.028997546061873436, 1.0, 0.016333334147930145, -0.0056919436901807785, 0.0, 0.0, 0.9981881976127625, -0.016307666897773743, 0.0, 0.0]","[1.0, 0.0, 0.0, 1.4153618812561035, 0.0, 0.49898281693458557, 0.9487279653549194, 0.20464904606342316]",-8.189704632383068
4.299999999999993,199.46337890625,-163.1719512939453,11.754210472106934,-0.22412109375,0.60546875,"[0.6661360859870911, 1.0, 0.5182299017906189, 0.9251667857170105]","[0.0, 0.0, -0.0056919436901807785, 2.566666626080405e-05, -0.028997546061873436, 1.0, 0.016333334147930145, -0.0056919436901807785, 0.0, 0.0, 0.9981881976127625, -0.016307666897773743, 0.0, 0.0]","[1.0, 0.0, 0.0, 1.4153618812561035, 0.0, 0.49898281693458557, 0.9487279653549194, 0.20464904606342316]",-8.164071804582669
4.3499999999999925,199.42698669433594,-162.58778381347656,11.764960289001465,-0.197784423828125,0.66796875,"[0.6654306650161743, 1.0, 0.535581111907959, 0.9072535037994385]","[0.0, 0.0, -0.0056919436901807785, 2.566666626080405e-05, -0.028997546061873436, 1.0, 0.016333334147930145, -0.0056919436901807785, 0.0, 0.0, 0.9981881976127625, -0.016307666897773743, 0.0, 0.0]","[1.0, 0.0, 0.0, 1.4153618812561035, 0.0, 0.49898281693458557, 0.9487279653549194, 0.20464904606342316]",-8.162863383682293
4.399999999999992,199.42041015625,-162.00062561035156,11.81227970123291,-0.170867919921875,0.7265625,"[0.6623253226280212, 1.0, 0.5677556395530701, 0.8993090987205505]","[0.0, 0.0, -0.0056919436901807785, 2.566666626080405e-05, -0.028997546061873436, 1.0, 0.016333334147930145, -0.0056919436901807785, 0.0, 0.0, 0.9981881976127625, -0.016307666897773743, 0.0, 0.0]","[1.0, 0.0, 0.0, 1.4153618812561035, 0.0, 0.49898281693458557, 0.9487279653549194, 0.20464904606342316]",-8.720584984223457
4.449999999999992,199.43995666503906,-161.40992736816406,11.893739700317383,-0.142333984375,0.76171875,"[0.6569795608520508, 0.8959000110626221, 0.529232919216156, 0.8915716409683228]","[0.0, 0.0, -0.0056919436901807785, 2.566666626080405e-05, -0.028997546061873436, 1.0, 0.016333334147930145, -0.0056919436901807785, 0.0, 0.0, 0.9981881976127625, -0.016307666897773743, 0.0, 0.0]","[1.0, 0.0, 0.0, 1.4153618812561035, 0.0, 0.49898281693458557, 0.9487279653549194, 0.20464904606342316]",-8.701451748550486
4.499999999999992,199.48204040527344,-160.8150634765625,12.001879692077637,-0.114776611328125,0.78515625,"[0.6498829126358032, 0.8213000297546387, 0.4814167022705078, 0.8923678398132324]","[0.0, 0.0, -0.0056919436901807785, 2.566666626080405e-05, -0.028997546061873436, 1.0, 0.016333334147930145, -0.0056919436901807785, 0.0, 0.0, 0.9981881976127625, -0.016307666897773743, 0.0, 0.0]","[1.0, 0.0, 0.0, 1.4153618812561035, 0.0, 0.49898281693458557, 0.9487279653549194, 0.20464904606342316]",-8.675608415692937
4.549999999999992,199.5431365966797,-160.2152557373047,12.131179809570312,-0.08734130859375,0.7890625,"[0.6413977146148682, 0.820900022983551, 0.4291696548461914, 0.8900681734085083]","[0.0, 0.0, -0.0056919436901807785, 2.566666626080405e-05, -0.028997546061873436, 1.0, 0.016333334147930145, -0.0056919436901807785, 0.0, 0.0, 0.9981881976127625, -0.016307666897773743, 0.0, 0.0]","[1.0, 0.0, 0.0, 1.4153618812561035, 0.0, 0.49898281693458557, 0.9487279653549194, 0.20464904606342316]",-8.64242665466881
4.599999999999992,199.61985778808594,-159.60995483398438,12.27245044708252,-0.062896728515625,0.796875,"[0.6321268677711487, 0.8047000169754028, 0.3761296570301056, 0.8989241123199463]","[0.0, 0.0, -0.0056919436901807785, 2.566666626080405e-05, -0.028997546061873436, 1.0, 0.016333334147930145, -0.0056919436901807785, 0.0, 0.0, 0.9981881976127625, -0.016307666897773743, 0.0, 0.0]","[1.0, 0.0, 0.0, 1.4153618812561035, 0.0, 0.49898281693458557, 0.9487279653549194, 0.20464904606342316]",-9.16259234817334
4.6499999999999915,199.70921325683594,-158.99859619140625,12.425149917602539,-0.042144775390625,0.80859375,"[0.6221060752868652, 0.7713000178337097, 0.33099251985549927, 0.9061136245727539]","[0.0, 0.0, -0.0056919436901807785, 2.566666626080405e-05, -0.028997546061873436, 1.0, 0.016333334147930145, -0.0056919436901807785, 0.0, 0.0, 0.9981881976127625, -0.016307666897773743, 0.0, 0.0]","[1.0, 0.0, 0.0, 1.4153618812561035, 0.0, 0.49898281693458557, 0.9487279653549194, 0.20464904606342316]",-9.11010848493935
4.699999999999991,199.80865478515625,-158.38059997558594,12.5835599899292,-0.026336669921875,0.8203125,"[0.6117104291915894, 0.7357000112533569, 0.2862914204597473, 0.9206385016441345]","[0.0, 0.0, -0.0056919436901807785, 2.566666626080405e-05, -0.028997546061873436, 1.0, 0.016333334147930145, -0.0056919436901807785, 0.0, 0.0, 0.9981881976127625, -0.016307666897773743, 0.0, 0.0]","[1.0, 0.0, 0.0, 1.4153618812561035, 0.0, 0.49898281693458557, 0.9487279653549194, 0.20464904606342316]",-9.05026319183196
4.749999999999991,199.91644287109375,-157.75555419921875,12.751489639282227,-0.018798828125,0.84375,"[0.6006901860237122, 0.6488999724388123, 0.26198986172676086, 0.9406716823577881]","[0.0, 0.0, -0.0056919436901807785, 2.566666626080405e-05, -0.028997546061873436, 1.0, 0.016333334147930145, -0.0056919436901807785, 0.0, 0.0, 0.9981881976127625, -0.016307666897773743, 0.0, 0.0]","[1.0, 0.0, 0.0, 1.4153618812561035, 0.0, 0.49898281693458557, 0.9487279653549194, 0.20464904606342316]",-8.983567612740888
4.799999999999991,200.03152465820312,-157.12295532226562,12.927900314331055,-0.015899658203125,0.875,"[0.5891132950782776, 0.5264000296592712, 0.24829229712486267, 0.9513121843338013]","[0.0, 0.0, -0.0056919436901807785, 2.566666626080405e-05, -0.028997546061873436, 1.0, 0.016333334147930145, -0.0056919436901807785, 0.0, 0.0, 0.9981881976127625, -0.016307666897773743, 0.0, 0.0]","[1.0, 0.0, 0.0, 1.4153618812561035, 0.0, 0.49898281693458557, 0.9487279653549194, 0.20464904606342316]",-9.607196841790245
4.849999999999991,200.15304565429688,-156.48216247558594,13.11670970916748,-0.01556396484375,0.90234375,"[0.5767228007316589, 0.4169999957084656, 0.24539998173713684, 0.9530064463615417]","[0.0, 0.0, -0.0056919436901807785, 2.566666626080405e-05, -0.028997546061873436, 1.0, 0.016333334147930145, -0.0056919436901807785, 0.0, 0.0, 0.9981881976127625, -0.016307666897773743, 0.0, 0.0]","[1.0, 0.0, 0.0, 1.4153618812561035, 0.0, 0.49898281693458557, 0.9487279653549194, 0.20464904606342316]",-9.400218189515904
4.899999999999991,200.280517578125,-155.83253479003906,13.317099571228027,-0.016204833984375,0.921875,"[0.5635722875595093, 0.3384000062942505, 0.24674196541309357, 0.9559614658355713]","[0.0, 0.0, -0.0056919436901807785, 2.566666626080405e-05, -0.028997546061873436, 1.0, 0.016333334147930145, -0.0056919436901807785, 0.0, 0.0, 0.9981881976127625, -0.016307666897773743, 0.0, 0.0]","[1.0, 0.0, 0.0, 1.4153618812561035, 0.0, 0.49898281693458557, 0.9487279653549194, 0.20464904606342316]",-9.024328254868056
4.94999999999999,200.41366577148438,-155.17344665527344,13.52931022644043,-0.0169677734375,0.94140625,"[0.5496461391448975, 0.25760000944137573, 0.25138020515441895, 0.9559814929962158]","[0.0, 0.0, -0.0056919436901807785, 2.566666626080405e-05, -0.028997546061873436, 1.0, 0.016333334147930145, -0.0056919436901807785, 0.0, 0.0, 0.9981881976127625, -0.016307666897773743, 0.0, 0.0]","[1.0, 0.0, 0.0, 1.4153618812561035, 0.0, 0.49898281693458557, 0.9487279653549194, 0.20464904606342316]",-8.642542994607904
4.99999999999999,200.55230712890625,-154.5043182373047,13.752099990844727,-0.0179443359375,0.94921875,"[0.5350256562232971, 0.22669999301433563, 0.258503258228302, 0.9569066166877747]","[0.0, 0.0, -0.0056919436901807785, 2.566666626080405e-05, -0.028997546061873436, 1.0, 0.016333334147930145, -0.0056919436901807785, 0.0, 0.0, 0.9981881976127625, -0.016307666897773743, 0.0, 0.0]","[1.0, 0.0, 0.0, 1.4153618812561035, 0.0, 0.49898281693458557, 0.9487279653549194, 0.20464904606342316]",-8.612187836567632
5.04999999999999,200.6964569091797,-153.82469177246094,13.984169960021973,-0.0189208984375,0.9609375,"[0.5197961926460266, 0.17720000445842743, 0.26677098870277405, 0.9570432305335999]","[0.0, 0.0, -0.0056919436901807785, 2.566666626080405e-05, -0.028997546061873436, 1.0, 0.016333334147930145, -0.0056919436901807785, 0.0, 0.0, 0.9981881976127625, -0.016307666897773743, 0.0, 0.0]","[1.0, 0.0, 0.0, 1.4153618812561035, 0.0, 0.49898281693458557, 0.9487279653549194, 0.20464904606342316]",-8.268211812695569
5.09999999999999,200.84584045410156,-153.1361846923828,14.123040199279785,-0.020172119140625,0.97265625,"[0.5106829404830933, 0.12639999389648438, 0.1871081292629242, 0.8699193000793457]","[0.0, 0.0, -0.0056919436901807785, 2.566666626080405e-05, -0.028997546061873436, 1.0, 0.016333334147930145, -0.0056919436901807785, 0.0, 0.0, 0.9981881976127625, -0.016307666897773743, 0.0, 0.0]","[1.0, 0.0, 0.0, 1.4153618812561035, 0.0, 0.49898281693458557, 0.9487279653549194, 0.20464904606342316]",-7.935115501539034
5.14999999999999,200.99853515625,-152.44859313964844,14.07798957824707,-0.0220947265625,0.9765625,"[0.5136393308639526, 0.1088000014424324, 0.07820422202348709, 0.7750682234764099]","[0.0, 0.0, -0.0056919436901807785, 2.566666626080405e-05, -0.028997546061873436, 1.0, 0.016333334147930145, -0.0056919436901807785, 0.0, 0.0, 0.9981881976127625, -0.016307666897773743, 0.0, 0.0]","[1.0, 0.0, 0.0, 1.4153618812561035, 0.0, 0.49898281693458557, 0.9487279653549194, 0.20464904606342316]",-7.616447847593685
5.1999999999999895,201.15499877929688,-151.76119995117188,14.178669929504395,-0.024749755859375,0.9765625,"[0.5070322155952454, 0.10909999907016754, 0.14205995202064514, 0.812598466873169]","[0.0, 0.0, -0.0056919436901807785, 2.566666626080405e-05, -0.028997546061873436, 1.0, 0.016333334147930145, -0.0056919436901807785, 0.0, 0.0, 0.9981881976127625, -0.016307666897773743, 0.0, 0.0]","[1.0, 0.0, 0.0, 1.4153618812561035, 0.0, 0.49898281693458557, 0.9487279653549194, 0.20464904606342316]",-7.634599399177361
5.249999999999989,201.3185272216797,-151.06224060058594,14.472229957580566,-0.029388427734375,0.9765625,"[0.4877675175666809, 0.10930000245571136, 0.35229936242103577, 0.7352525591850281]","[0.0, 0.0, -0.0056919436901807785, 2.566666626080405e-05, -0.028997546061873436, 1.0, 0.016333334147930145, -0.0056919436901807785, 0.0, 0.0, 0.9981881976127625, -0.016307666897773743, 0.0, 0.0]","[1.0, 0.0, 0.0, 1.4153618812561035, 0.0, 0.49898281693458557, 0.9487279653549194, 0.20464904606342316]",-7.277202028589349
5.299999999999989,201.49034118652344,-150.35067749023438,14.739009857177734,-0.036163330078125,0.9765625,"[0.4702601432800293, 0.11150000244379044, 0.34998372197151184, 0.9226942658424377]","[0.0, 0.0, -0.0056919436901807785, 2.566666626080405e-05, -0.028997546061873436, 1.0, 0.016333334147930145, -0.0056919436901807785, 0.0, 0.0, 0.9981881976127625, -0.016307666897773743, 0.0, 0.0]","[1.0, 0.0, 0.0, 1.4153618812561035, 0.0, 0.49898281693458557, 0.9487279653549194, 0.20464904606342316]",-6.92343347978323
5.349999999999989,201.6712188720703,-149.62838745117188,14.982999801635742,-0.044708251953125,0.9765625,"[0.45424842834472656, 0.11339999735355377, 0.3567322790622711, 0.922450065612793]","[0.0, 0.0, -0.0056919436901807785, 2.566666626080405e-05, -0.028997546061873436, 1.0, 0.016333334147930145, -0.0056919436901807785, 0.0, 0.0, 0.9981881976127625, -0.016307666897773743, 0.0, 0.0]","[1.0, 0.0, 0.0, 1.4153618812561035, 0.0, 0.49898281693458557, 0.9487279653549194, 0.20464904606342316]",-6.578465313573251
5.399999999999989,201.8621826171875,-148.8966827392578,15.2112398147583,-0.0533447265625,0.9765625,"[0.43927037715911865, 0.1151999980211258, 0.3707665801048279, 0.928818941116333]","[0.0, 0.0, -0.0056919436901807785, 2.566666626080405e-05, -0.028997546061873436, 1.0, 0.016333334147930145, -0.0056919436901807785, 0.0, 0.0, 0.9981881976127625, -0.016307666897773743, 0.0, 0.0]","[1.0, 0.0, 0.0, 1.4153618812561035, 0.0, 0.49898281693458557, 0.9487279653549194, 0.20464904606342316]",-6.6753820594877356
5.449999999999989,202.0643310546875,-148.15667724609375,15.427120208740234,-0.06134033203125,0.95703125,"[0.4251033067703247, 0.21400000154972076, 0.38634592294692993, 0.932487428188324]","[0.0, 0.0, -0.0056919436901807785, 2.566666626080405e-05, -0.028997546061873436, 1.0, 0.016333334147930145, -0.0056919436901807785, 0.0, 0.0, 0.9981881976127625, -0.016307666897773743, 0.0, 0.0]","[1.0, 0.0, 0.0, 1.4153618812561035, 0.0, 0.49898281693458557, 0.9487279653549194, 0.20464904606342316]",-6.389642624284357
5.4999999999999885,202.2787322998047,-147.40931701660156,15.632760047912598,-0.067718505859375,0.953125,"[0.41160833835601807, 0.23639999330043793, 0.39821580052375793, 0.9371528625488281]","[0.0, 0.0, -0.0056919436901807785, 2.566666626080405e-05, -0.028997546061873436, 1.0, 0.016333334147930145, -0.0056919436901807785, 0.0, 0.0, 0.9981881976127625, -0.016307666897773743, 0.0, 0.0]","[1.0, 0.0, 0.0, 1.4153618812561035, 0.0, 0.49898281693458557, 0.9487279653549194, 0.20464904606342316]",-6.123225980881408
5.549999999999988,202.50645446777344,-146.655517578125,15.830499649047852,-0.07257080078125,0.9453125,"[0.3986316919326782, 0.27889999747276306, 0.4108324944972992, 0.9413979649543762]","[0.0, 0.0, -0.0056919436901807785, 2.566666626080405e-05, -0.028997546061873436, 1.0, 0.016333334147930145, -0.0056919436901807785, 0.0, 0.0, 0.9981881976127625, -0.016307666897773743, 0.0, 0.0]","[1.0, 0.0, 0.0, 1.4153618812561035, 0.0, 0.49898281693458557, 0.9487279653549194, 0.20464904606342316]",-5.848822488749427
5.599999999999988,202.74864196777344,-145.89613342285156,16.021570205688477,-0.07696533203125,0.94140625,"[0.3860928416252136, 0.3019999861717224, 0.4254637360572815, 0.9424993395805359]","[0.0, 0.0, -0.0056919436901807785, 2.566666626080405e-05, -0.028997546061873436, 1.0, 0.016333334147930145, -0.0056919436901807785, 0.0, 0.0, 0.9981881976127625, -0.016307666897773743, 0.0, 0.0]","[1.0, 0.0, 0.0, 1.4153618812561035, 0.0, 0.49898281693458557, 0.9487279653549194, 0.20464904606342316]",-6.104429603936794
5.649999999999988,203.00636291503906,-145.13206481933594,16.20561981201172,-0.081512451171875,0.91796875,"[0.37401461601257324, 0.4269999861717224, 0.44116878509521484, 0.9419460892677307]","[0.0, 0.0, -0.0056919436901807785, 2.566666626080405e-05, -0.028997546061873436, 1.0, 0.016333334147930145, -0.0056919436901807785, 0.0, 0.0, 0.9981881976127625, -0.016307666897773743, 0.0, 0.0]","[1.0, 0.0, 0.0, 1.4153618812561035, 0.0, 0.49898281693458557, 0.9487279653549194, 0.20464904606342316]",-5.870291250751318
5.699999999999988,203.2806396484375,-144.36436462402344,16.38079071044922,-0.08514404296875,0.88671875,"[0.36251914501190186, 0.5950999855995178, 0.4533674716949463, 0.9438685178756714]","[0.0, 0.0, -0.0056919436901807785, 2.566666626080405e-05, -0.028997546061873436, 1.0, 0.016333334147930145, -0.0056919436901807785, 0.0, 0.0, 0.9981881976127625, -0.016307666897773743, 0.0, 0.0]","[1.0, 0.0, 0.0, 1.4153618812561035, 0.0, 0.49898281693458557, 0.9487279653549194, 0.20464904606342316]",-5.625237432200871
5.749999999999988,203.5724639892578,-143.59423828125,16.543170928955078,-0.0887451171875,0.828125,"[0.3518630266189575, 0.9106000065803528, 0.4625736176967621, 0.9422836303710938]","[0.0, 0.0, -0.0056919436901807785, 2.566666626080405e-05, -0.028997546061873436, 1.0, 0.016333334147930145, -0.0056919436901807785, 0.0, 0.0, 0.9981881976127625, -0.016307666897773743, 0.0, 0.0]","[1.0, 0.0, 0.0, 1.4153618812561035, 0.0, 0.49898281693458557, 0.9487279653549194, 0.20464904606342316]",-5.372842483011468
5.799999999999987,203.88243103027344,-142.82308959960938,16.689769744873047,-0.0906982421875,0.78515625,"[0.34224259853363037, 1.0, 0.4653010964393616, 0.9452099204063416]","[0.0, 0.0, -0.0056919436901807785, 2.566666626080405e-05, -0.028997546061873436, 1.0, 0.016333334147930145, -0.0056919436901807785, 0.0, 0.0, 0.9981881976127625, -0.016307666897773743, 0.0, 0.0]","[1.0, 0.0, 0.0, 1.4153618812561035, 0.0, 0.49898281693458557, 0.9487279653549194, 0.20464904606342316]",-5.675083370327952
5.849999999999987,204.21102905273438,-142.05226135253906,16.820819854736328,-0.090576171875,0.75390625,"[0.33364248275756836, 1.0, 0.4638461470603943, 0.9511550664901733]","[0.0, 0.0, -0.0056919436901807785, 2.566666626080405e-05, -0.028997546061873436, 1.0, 0.016333334147930145, -0.0056919436901807785, 0.0, 0.0, 0.9981881976127625, -0.016307666897773743, 0.0, 0.0]","[1.0, 0.0, 0.0, 1.4153618812561035, 0.0, 0.49898281693458557, 0.9487279653549194, 0.20464904606342316]",-5.4833671312406596
5.899999999999987,204.55845642089844,-141.28309631347656,16.937870025634766,-0.089569091796875,0.734375,"[0.3259611129760742, 1.0, 0.46196573972702026, 0.9561941623687744]","[0.0, 0.0, -0.0056919436901807785, 2.566666626080405e-05, -0.028997546061873436, 1.0, 0.016333334147930145, -0.0056919436901807785, 0.0, 0.0, 0.9981881976127625, -0.016307666897773743, 0.0, 0.0]","[1.0, 0.0, 0.0, 1.4153618812561035, 0.0, 0.49898281693458557, 0.9487279653549194, 0.20464904606342316]",-5.280551361441693
5.949999999999987,204.92503356933594,-140.516845703125,17.04347038269043,-0.088531494140625,0.70703125,"[0.3190311789512634, 1.0, 0.4640417695045471, 0.9594432711601257]","[0.0, 0.0, -0.0056919436901807785, 2.566666626080405e-05, -0.028997546061873436, 1.0, 0.016333334147930145, -0.0056919436901807785, 0.0, 0.0, 0.9981881976127625, -0.016307666897773743, 0.0, 0.0]","[1.0, 0.0, 0.0, 1.4153618812561035, 0.0, 0.49898281693458557, 0.9487279653549194, 0.20464904606342316]",-4.873353282632332
5.999999999999987,205.310791015625,-139.75445556640625,17.140039443969727,-0.086944580078125,0.69921875,"[0.31269389390945435, 1.0, 0.46041539311408997, 0.9674682021141052]","[0.0, 0.0, -0.0056919436901807785, 2.566666626080405e-05, -0.028997546061873436, 1.0, 0.016333334147930145, -0.0056919436901807785, 0.0, 0.0, 0.9981881976127625, -0.016307666897773743, 0.0, 0.0]","[1.0, 0.0, 0.0, 1.4153618812561035, 0.0, 0.49898281693458557, 0.9487279653549194, 0.20464904606342316]",-4.607297872653245
6.0499999999999865,205.7157745361328,-138.99700927734375,17.226459503173828,-0.0863037109375,0.6875,"[0.3070225715637207, 1.0, 0.459974080324173, 0.9658021330833435]","[0.0, 0.0, -0.0056919436901807785, 2.566666626080405e-05, -0.028997546061873436, 1.0, 0.016333334147930145, -0.0056919436901807785, 0.0, 0.0, 0.9981881976127625, -0.016307666897773743, 0.0, 0.0]","[1.0, 0.0, 0.0, 1.4153618812561035, 0.0, 0.49898281693458557, 0.9487279653549194, 0.20464904606342316]",-4.074236257950911
6.099999999999986,206.1400604248047,-138.24554443359375,17.30476951599121,-0.0863037109375,0.68359375,"[0.3018835186958313, 1.0, 0.46061980724334717, 0.9692428708076477]","[0.0, 0.0, -0.0056919436901807785, 2.566666626080405e-05, -0.028997546061873436, 1.0, 0.016333334147930145, -0.0056919436901807785, 0.0, 0.0, 0.9981881976127625, -0.016307666897773743, 0.0, 0.0]","[1.0, 0.0, 0.0, 1.4153618812561035, 0.0, 0.49898281693458557, 0.9487279653549194, 0.20464904606342316]",-3.557004004905197
6.149999999999986,206.5835723876953,-137.5009307861328,17.3770809173584,-0.086334228515625,0.6796875,"[0.29713815450668335, 1.0, 0.46147868037223816, 0.9727584719657898]","[0.0, 0.0, -0.0056919436901807785, 2.566666626080405e-05, -0.028997546061873436, 1.0, 0.016333334147930145, -0.0056919436901807785, 0.0, 0.0, 0.9981881976127625, -0.016307666897773743, 0.0, 0.0]","[1.0, 0.0, 0.0, 1.4153618812561035, 0.0, 0.49898281693458557, 0.9487279653549194, 0.20464904606342316]",-3.047775699384294
6.199999999999986,207.04624938964844,-136.7639923095703,17.445030212402344,-0.086334228515625,0.6796875,"[0.2926790118217468, 1.0, 0.4626448452472687, 0.9754002094268799]","[0.0, 0.0, -0.0056919436901807785, 2.566666626080405e-05, -0.028997546061873436, 1.0, 0.016333334147930145, -0.0056919436901807785, 0.0, 0.0, 0.9981881976127625, -0.016307666897773743, 0.0, 0.0]","[1.0, 0.0, 0.0, 1.4153618812561035, 0.0, 0.49898281693458557, 0.9487279653549194, 0.20464904606342316]",-2.919714031003907
6.249999999999986,207.52801513671875,-136.03543090820312,17.509979248046875,-0.0863037109375,0.6796875,"[0.2884168028831482, 1.0, 0.4642426073551178, 0.9774543046951294]","[0.0, 0.0, -0.0056919436901807785, 2.566666626080405e-05, -0.028997546061873436, 1.0, 0.016333334147930145, -0.0056919436901807785, 0.0, 0.0, 0.9981881976127625, -0.016307666897773743, 0.0, 0.0]","[1.0, 0.0, 0.0, 1.4153618812561035, 0.0, 0.49898281693458557, 0.9487279653549194, 0.20464904606342316]",-2.4090739815738864
6.299999999999986,208.02880859375,-135.31590270996094,17.572860717773438,-0.086151123046875,0.6796875,"[0.2842901945114136, 1.0, 0.46589845418930054, 0.9789658784866333]","[0.0, 0.0, -0.0056919436901807785, 2.566666626080405e-05, -0.028997546061873436, 1.0, 0.016333334147930145, -0.0056919436901807785, 0.0, 0.0, 0.9981881976127625, -0.016307666897773743, 0.0, 0.0]","[1.0, 0.0, 0.0, 1.4153618812561035, 0.0, 0.49898281693458557, 0.9487279653549194, 0.20464904606342316]",-1.872369019881304
6.349999999999985,208.54843139648438,-134.6060333251953,17.634309768676758,-0.085906982421875,0.6796875,"[0.2802576422691345, 1.0, 0.46756306290626526, 0.9799841046333313]","[0.0, 0.0, -0.0056919436901807785, 2.566666626080405e-05, -0.028997546061873436, 1.0, 0.016333334147930145, -0.0056919436901807785, 0.0, 0.0, 0.9981881976127625, -0.016307666897773743, 0.0, 0.0]","[1.0, 0.0, 0.0, 1.4153618812561035, 0.0, 0.49898281693458557, 0.9487279653549194, 0.20464904606342316]",-1.3242913813822752
6.399999999999985,209.08680725097656,-133.90635681152344,17.694820404052734,-0.08538818359375,0.6796875,"[0.27628660202026367, 1.0, 0.46877235174179077, 0.9809843897819519]","[0.0, 0.0, -0.0056919436901807785, 2.566666626080405e-05, -0.028997546061873436, 1.0, 0.016333334147930145, -0.0056919436901807785, 0.0, 0.0, 0.9981881976127625, -0.016307666897773743, 0.0, 0.0]","[1.0, 0.0, 0.0, 1.4153618812561035, 0.0, 0.49898281693458557, 0.9487279653549194, 0.20464904606342316]",-1.078187358799426
6.449999999999985,209.64364624023438,-133.21743774414062,17.75482940673828,-0.084381103515625,0.6796875,"[0.2723485827445984, 1.0, 0.4690782129764557, 0.9816357493400574]","[0.0, 0.0, -0.0056919436901807785, 2.566666626080405e-05, -0.028997546061873436, 1.0, 0.016333334147930145, -0.0056919436901807785, 0.0, 0.0, 0.9981881976127625, -0.016307666897773743, 0.0, 0.0]","[1.0, 0.0, 0.0, 1.4153618812561035, 0.0, 0.49898281693458557, 0.9487279653549194, 0.20464904606342316]",-0.5653281583481669
6.499999999999985,210.2186737060547,-132.53968811035156,17.81475067138672,-0.082794189453125,0.6796875,"[0.26841628551483154, 1.0, 0.4682571589946747, 0.981955885887146]","[0.0, 0.0, -0.0056919436901807785, 2.566666626080405e-05, -0.028997546061873436, 1.0, 0.016333334147930145, -0.0056919436901807785, 0.0, 0.0, 0.9981881976127625, -0.016307666897773743, 0.0, 0.0]","[1.0, 0.0, 0.0, 1.4153618812561035, 0.0, 0.49898281693458557, 0.9487279653549194, 0.20464904606342316]",-0.10002266623602862
6.549999999999985,210.81166076660156,-131.87353515625,17.87417984008789,-0.081756591796875,0.67578125,"[0.26451629400253296, 1.0, 0.46818286180496216, 0.981514036655426]","[0.0, 0.0, -0.0056919436901807785, 2.566666626080405e-05, -0.028997546061873436, 1.0, 0.016333334147930145, -0.0056919436901807785, 0.0, 0.0, 0.9981881976127625, -0.016307666897773743, 0.0, 0.0]","[1.0, 0.0, 0.0, 1.4153618812561035, 0.0, 0.49898281693458557, 0.9487279653549194, 0.20464904606342316]",0.2241981249301952
6.5999999999999845,211.4223175048828,-131.21954345703125,17.93199920654297,-0.08154296875,0.6640625,"[0.26072192192077637, 1.0, 0.4683639407157898, 0.9803696274757385]","[0.0, 0.0, -0.0056919436901807785, 2.566666626080405e-05, -0.028997546061873436, 1.0, 0.016333334147930145, -0.0056919436901807785, 0.0, 0.0, 0.9981881976127625, -0.016307666897773743, 0.0, 0.0]","[1.0, 0.0, 0.0, 1.4153618812561035, 0.0, 0.49898281693458557, 0.9487279653549194, 0.20464904606342316]",0.22830454750253082
6.649999999999984,212.05029296875,-130.57827758789062,17.985349655151367,-0.081695556640625,0.625,"[0.2572208046913147, 1.0, 0.46614593267440796, 0.9778167605400085]","[0.0, 0.0, -0.0056919436901807785, 2.566666626080405e-05, -0.028997546061873436, 1.0, 0.016333334147930145, -0.0056919436901807785, 0.0, 0.0, 0.9981881976127625, -0.016307666897773743, 0.0, 0.0]","[1.0, 0.0, 0.0, 1.4153618812561035, 0.0, 0.49898281693458557, 0.9487279653549194, 0.20464904606342316]",0.13750427681123434
6.699999999999984,212.69505310058594,-129.950439453125,18.03034019470215,-0.081695556640625,0.58203125,"[0.2542683482170105, 1.0, 0.45979952812194824, 0.9746280908584595]","[0.0, 0.0, -0.0056919436901807785, 2.566666626080405e-05, -0.028997546061873436, 1.0, 0.016333334147930145, -0.0056919436901807785, 0.0, 0.0, 0.9981881976127625, -0.016307666897773743, 0.0, 0.0]","[1.0, 0.0, 0.0, 1.4153618812561035, 0.0, 0.49898281693458557, 0.9487279653549194, 0.20464904606342316]",-0.16498308984593124
6.749999999999984,213.35597229003906,-129.33680725097656,18.064149856567383,-0.081695556640625,0.5390625,"[0.2520495653152466, 1.0, 0.4509652554988861, 0.972886860370636]","[0.0, 0.0, -0.0056919436901807785, 2.566666626080405e-05, -0.028997546061873436, 1.0, 0.016333334147930145, -0.0056919436901807785, 0.0, 0.0, 0.9981881976127625, -0.016307666897773743, 0.0, 0.0]","[1.0, 0.0, 0.0, 1.4153618812561035, 0.0, 0.49898281693458557, 0.9487279653549194, 0.20464904606342316]",-0.5412737315352005
6.799999999999984,214.03219604492188,-128.73814392089844,18.085710525512695,-0.08172607421875,0.5078125,"[0.25063472986221313, 1.0, 0.4413010776042938, 0.9732434749603271]","[0.0, 0.0, -0.0056919436901807785, 2.566666626080405e-05, -0.028997546061873436, 1.0, 0.016333334147930145, -0.0056919436901807785, 0.0, 0.0, 0.9981881976127625, -0.016307666897773743, 0.0, 0.0]","[1.0, 0.0, 0.0, 1.4153618812561035, 0.0, 0.49898281693458557, 0.9487279653549194, 0.20464904606342316]",-0.9361100362148789
6.849999999999984,214.72300720214844,-128.15525817871094,18.09650993347168,-0.082122802734375,0.4999847412109375,"[0.24992597103118896, 1.0, 0.43382593989372253, 0.9762234687805176]","[0.0, 0.0, -0.0056919436901807785, 2.566666626080405e-05, -0.028997546061873436, 1.0, 0.016333334147930145, -0.0056919436901807785, 0.0, 0.0, 0.9981881976127625, -0.016307666897773743, 0.0, 0.0]","[1.0, 0.0, 0.0, 1.4153618812561035, 0.0, 0.49898281693458557, 0.9487279653549194, 0.20464904606342316]",-0.8766350881722866
6.8999999999999835,215.42776489257812,-127.58888244628906,18.099010467529297,-0.083099365234375,0.4920501708984375,"[0.2497619390487671, 1.0, 0.42976218461990356, 0.979762613773346]","[0.0, 0.0, -0.0056919436901807785, 2.566666626080405e-05, -0.028997546061873436, 1.0, 0.016333334147930145, -0.0056919436901807785, 0.0, 0.0, 0.9981881976127625, -0.016307666897773743, 0.0, 0.0]","[1.0, 0.0, 0.0, 1.4153618812561035, 0.0, 0.49898281693458557, 0.9487279653549194, 0.20464904606342316]",-1.213239742004959
6.949999999999983,216.14588928222656,-127.03974151611328,18.095199584960938,-0.084716796875,0.4920501708984375,"[0.25001198053359985, 1.0, 0.42878371477127075, 0.9811276197433472]","[0.0, 0.0, -0.0056919436901807785, 2.566666626080405e-05, -0.028997546061873436, 1.0, 0.016333334147930145, -0.0056919436901807785, 0.0, 0.0, 0.9981881976127625, -0.016307666897773743, 0.0, 0.0]","[1.0, 0.0, 0.0, 1.4153618812561035, 0.0, 0.49898281693458557, 0.9487279653549194, 0.20464904606342316]",-1.5584942242892996
6.999999999999983,216.876953125,-126.50847625732422,18.08696937561035,-0.086578369140625,0.4920501708984375,"[0.25055211782455444, 1.0, 0.42998549342155457, 0.9821063280105591]","[0.0, 0.0, -0.0056919436901807785, 2.566666626080405e-05, -0.028997546061873436, 1.0, 0.016333334147930145, -0.0056919436901807785, 0.0, 0.0, 0.9981881976127625, -0.016307666897773743, 0.0, 0.0]","[1.0, 0.0, 0.0, 1.4153618812561035, 0.0, 0.49898281693458557, 0.9487279653549194, 0.20464904606342316]",-1.9103702524185673
7.049999999999983,217.62042236328125,-125.99565124511719,18.075899124145508,-0.087738037109375,0.4920501708984375,"[0.25127851963043213, 1.0, 0.43121975660324097, 0.9837783575057983]","[0.0, 0.0, -0.0056919436901807785, 2.566666626080405e-05, -0.028997546061873436, 1.0, 0.016333334147930145, -0.0056919436901807785, 0.0, 0.0, 0.9981881976127625, -0.016307666897773743, 0.0, 0.0]","[1.0, 0.0, 0.0, 1.4153618812561035, 0.0, 0.49898281693458557, 0.9487279653549194, 0.20464904606342316]",-1.6910067904264068
7.099999999999983,218.3759002685547,-125.50174713134766,18.063169479370117,-0.087921142578125,0.4920501708984375,"[0.252113938331604, 1.0, 0.4319019317626953, 0.9853954911231995]","[0.0, 0.0, -0.0056919436901807785, 2.566666626080405e-05, -0.028997546061873436, 1.0, 0.016333334147930145, -0.0056919436901807785, 0.0, 0.0, 0.9981881976127625, -0.016307666897773743, 0.0, 0.0]","[1.0, 0.0, 0.0, 1.4153618812561035, 0.0, 0.49898281693458557, 0.9487279653549194, 0.20464904606342316]",-1.9373696419574746
7.149999999999983,219.14288330078125,-125.02716827392578,18.049440383911133,-0.087554931640625,0.4920501708984375,"[0.2530149221420288, 1.0, 0.4325551688671112, 0.986348032951355]","[0.0, 0.0, -0.0056919436901807785, 2.566666626080405e-05, -0.028997546061873436, 1.0, 0.016333334147930145, -0.0056919436901807785, 0.0, 0.0, 0.9981881976127625, -0.016307666897773743, 0.0, 0.0]","[1.0, 0.0, 0.0, 1.4153618812561035, 0.0, 0.49898281693458557, 0.9487279653549194, 0.20464904606342316]",-2.254737797159681
7.199999999999982,219.92091369628906,-124.57231140136719,18.03474998474121,-0.08770751953125,0.4920501708984375,"[0.2539789080619812, 1.0, 0.4346359968185425, 0.9860898852348328]","[0.0, 0.0, -0.0056919436901807785, 2.566666626080405e-05, -0.028997546061873436, 1.0, 0.016333334147930145, -0.0056919436901807785, 0.0, 0.0, 0.9981881976127625, -0.016307666897773743, 0.0, 0.0]","[1.0, 0.0, 0.0, 1.4153618812561035, 0.0, 0.49898281693458557, 0.9487279653549194, 0.20464904606342316]",-2.70217868367561
7.249999999999982,220.70953369140625,-124.13766479492188,18.019189834594727,-0.08831787109375,0.4920501708984375,"[0.2550000548362732, 1.0, 0.43738019466400146, 0.9856806397438049]","[0.0, 0.0, -0.0056919436901807785, 2.566666626080405e-05, -0.028997546061873436, 1.0, 0.016333334147930145, -0.0056919436901807785, 0.0, 0.0, 0.9981881976127625, -0.016307666897773743, 0.0, 0.0]","[1.0, 0.0, 0.0, 1.4153618812561035, 0.0, 0.49898281693458557, 0.9487279653549194, 0.20464904606342316]",-2.6147312004002052
7.299999999999982,221.50827026367188,-123.72367095947266,18.00279998779297,-0.08929443359375,0.4920501708984375,"[0.2560756802558899, 1.0, 0.4404870569705963, 0.9852368235588074]","[0.0, 0.0, -0.0056919436901807785, 2.566666626080405e-05, -0.028997546061873436, 1.0, 0.016333334147930145, -0.0056919436901807785, 0.0, 0.0, 0.9981881976127625, -0.016307666897773743, 0.0, 0.0]","[1.0, 0.0, 0.0, 1.4153618812561035, 0.0, 0.49898281693458557, 0.9487279653549194, 0.20464904606342316]",-2.9635482074429196
7.349999999999982,222.316650390625,-123.3307113647461,17.98607063293457,-0.08953857421875,0.4920501708984375,"[0.2571735382080078, 1.0, 0.44197097420692444, 0.9861167073249817]","[0.0, 0.0, -0.0056919436901807785, 2.566666626080405e-05, -0.028997546061873436, 1.0, 0.016333334147930145, -0.0056919436901807785, 0.0, 0.0, 0.9981881976127625, -0.016307666897773743, 0.0, 0.0]","[1.0, 0.0, 0.0, 1.4153618812561035, 0.0, 0.49898281693458557, 0.9487279653549194, 0.20464904606342316]",-3.3165259500558903
7.399999999999982,223.1341552734375,-122.95905303955078,17.968799591064453,-0.08929443359375,0.4841156005859375,"[0.25830692052841187, 1.0, 0.4422452747821808, 0.9859694838523865]","[0.0, 0.0, -0.0056919436901807785, 2.566666626080405e-05, -0.028997546061873436, 1.0, 0.016333334147930145, -0.0056919436901807785, 0.0, 0.0, 0.9981881976127625, -0.016307666897773743, 0.0, 0.0]","[1.0, 0.0, 0.0, 1.4153618812561035, 0.0, 0.49898281693458557, 0.9487279653549194, 0.20464904606342316]",-3.67100411433034
7.4499999999999815,223.96011352539062,-122.6090087890625,17.949050903320312,-0.08892822265625,0.456329345703125,"[0.2596029043197632, 1.0, 0.4421105980873108, 0.9834530353546143]","[0.0, 0.0, -0.0056919436901807785, 2.566666626080405e-05, -0.028997546061873436, 1.0, 0.016333334147930145, -0.0056919436901807785, 0.0, 0.0, 0.9981881976127625, -0.016307666897773743, 0.0, 0.0]","[1.0, 0.0, 0.0, 1.4153618812561035, 0.0, 0.49898281693458557, 0.9487279653549194, 0.20464904606342316]",-3.5345916554538714
7.499999999999981,224.7937774658203,-122.2808837890625,17.92296028137207,-0.08837890625,0.404754638671875,"[0.26131510734558105, 1.0, 0.44775819778442383, 0.9778051376342773]","[0.0, 0.0, -0.0056919436901807785, 2.566666626080405e-05, -0.028997546061873436, 1.0, 0.016333334147930145, -0.0056919436901807785, 0.0, 0.0, 0.9981881976127625, -0.016307666897773743, 0.0, 0.0]","[1.0, 0.0, 0.0, 1.4153618812561035, 0.0, 0.49898281693458557, 0.9487279653549194, 0.20464904606342316]",-3.847216159204989
7.549999999999981,225.6341094970703,-121.97493743896484,17.887229919433594,-0.087310791015625,0.3610992431640625,"[0.26365989446640015, 1.0, 0.4545688033103943, 0.9722004532814026]","[0.0, 0.0, -0.0056919436901807785, 2.566666626080405e-05, -0.028997546061873436, 1.0, 0.016333334147930145, -0.0056919436901807785, 0.0, 0.0, 0.9981881976127625, -0.016307666897773743, 0.0, 0.0]","[1.0, 0.0, 0.0, 1.4153618812561035, 0.0, 0.49898281693458557, 0.9487279653549194, 0.20464904606342316]",-4.105348227102114
7.599999999999981,226.48004150390625,-121.69140625,17.83983039855957,-0.086181640625,0.3095245361328125,"[0.2667704224586487, 1.0, 0.4627968966960907, 0.9680556058883667]","[0.0, 0.0, -0.0056919436901807785, 2.566666626080405e-05, -0.028997546061873436, 1.0, 0.016333334147930145, -0.0056919436901807785, 0.0, 0.0, 0.9981881976127625, -0.016307666897773743, 0.0, 0.0]","[1.0, 0.0, 0.0, 1.4153618812561035, 0.0, 0.49898281693458557, 0.9487279653549194, 0.20464904606342316]",-4.381901009463579
7.649999999999981,227.33026123046875,-121.43045806884766,17.778860092163086,-0.08526611328125,0.25396728515625,"[0.2707716226577759, 1.0, 0.47272005677223206, 0.9639273881912231]","[0.0, 0.0, -0.0056919436901807785, 2.566666626080405e-05, -0.028997546061873436, 1.0, 0.016333334147930145, -0.0056919436901807785, 0.0, 0.0, 0.9981881976127625, -0.016307666897773743, 0.0, 0.0]","[1.0, 0.0, 0.0, 1.4153618812561035, 0.0, 0.49898281693458557, 0.9487279653549194, 0.20464904606342316]",-4.657178718324289
7.699999999999981,228.18348693847656,-121.19210815429688,17.705259323120117,-0.08258056640625,0.22222900390625,"[0.2756015658378601, 1.0, 0.47751739621162415, 0.9615403413772583]","[0.0, 0.0, -0.0056919436901807785, 2.566666626080405e-05, -0.028997546061873436, 1.0, 0.016333334147930145, -0.0056919436901807785, 0.0, 0.0, 0.9981881976127625, -0.016307666897773743, 0.0, 0.0]","[1.0, 0.0, 0.0, 1.4153618812561035, 0.0, 0.49898281693458557, 0.9487279653549194, 0.20464904606342316]",-5.284460107434764
7.7499999999999805,229.03854370117188,-120.9759750366211,17.622169494628906,-0.0775146484375,0.20000000298023224,"[0.28105437755584717, 1.0, 0.47441455721855164, 0.9600131511688232]","[0.0, 0.0, -0.0056919436901807785, 2.566666626080405e-05, -0.028997546061873436, 1.0, 0.016333334147930145, -0.0056919436901807785, 0.0, 0.0, 0.9981881976127625, -0.016307666897773743, 0.0, 0.0]","[1.0, 0.0, 0.0, 1.4153618812561035, 0.0, 0.49898281693458557, 0.9487279653549194, 0.20464904606342316]",-5.8848251005573005
7.79999999999998,229.89434814453125,-120.78121948242188,17.534090042114258,-0.068756103515625,0.20000000298023224,"[0.2868344783782959, 1.0, 0.45913317799568176, 0.9551699161529541]","[0.0, 0.0, -0.0056919436901807785, 2.566666626080405e-05, -0.028997546061873436, 1.0, 0.016333334147930145, -0.0056919436901807785, 0.0, 0.0, 0.9981881976127625, -0.016307666897773743, 0.0, 0.0]","[1.0, 0.0, 0.0, 1.4153618812561035, 0.0, 0.49898281693458557, 0.9487279653549194, 0.20464904606342316]",-6.452220904960603
7.84999999999998,230.75001525878906,-120.6067123413086,17.444530487060547,-0.05859375,0.20000000298023224,"[0.29271185398101807, 1.0, 0.4371481239795685, 0.952543318271637]","[0.0, 0.0, -0.0056919436901807785, 2.566666626080405e-05, -0.028997546061873436, 1.0, 0.016333334147930145, -0.0056919436901807785, 0.0, 0.0, 0.9981881976127625, -0.016307666897773743, 0.0, 0.0]","[1.0, 0.0, 0.0, 1.4153618812561035, 0.0, 0.49898281693458557, 0.9487279653549194, 0.20464904606342316]",-6.702658808671981
7.89999999999998,231.60487365722656,-120.45113372802734,17.355119705200195,-0.048980712890625,0.20000000298023224,"[0.2985793352127075, 1.0, 0.41301581263542175, 0.9520648121833801]","[0.0, 0.0, -0.0056919436901807785, 2.566666626080405e-05, -0.028997546061873436, 1.0, 0.016333334147930145, -0.0056919436901807785, 0.0, 0.0, 0.9981881976127625, -0.016307666897773743, 0.0, 0.0]","[1.0, 0.0, 0.0, 1.4153618812561035, 0.0, 0.49898281693458557, 0.9487279653549194, 0.20464904606342316]",-7.2219420856037
7.94999999999998,232.45835876464844,-120.31317138671875,17.266529083251953,-0.041351318359375,0.20000000298023224,"[0.30439305305480957, 1.0, 0.38967251777648926, 0.9541323184967041]","[0.0, 0.0, -0.0056919436901807785, 2.566666626080405e-05, -0.028997546061873436, 1.0, 0.016333334147930145, -0.0056919436901807785, 0.0, 0.0, 0.9981881976127625, -0.016307666897773743, 0.0, 0.0]","[1.0, 0.0, 0.0, 1.4153618812561035, 0.0, 0.49898281693458557, 0.9487279653549194, 0.20464904606342316]",-7.768685934538244
7.99999999999998,233.30995178222656,-120.19161224365234,17.17888069152832,-0.036956787109375,0.20000000298023224,"[0.31014496088027954, 1.0, 0.3701068162918091, 0.9595685601234436]","[0.0, 0.0, -0.0056919436901807785, 2.566666626080405e-05, -0.028997546061873436, 1.0, 0.016333334147930145, -0.0056919436901807785, 0.0, 0.0, 0.9981881976127625, -0.016307666897773743, 0.0, 0.0]","[1.0, 0.0, 0.0, 1.4153618812561035, 0.0, 0.49898281693458557, 0.9487279653549194, 0.20464904606342316]",-8.331802747011512
8.04999999999998,234.15928649902344,-120.08558654785156,17.091690063476562,-0.037506103515625,0.20000000298023224,"[0.31586676836013794, 1.0, 0.35923075675964355, 0.9703565835952759]","[0.0, 0.0, -0.0056919436901807785, 2.566666626080405e-05, -0.028997546061873436, 1.0, 0.016333334147930145, -0.0056919436901807785, 0.0, 0.0, 0.9981881976127625, -0.016307666897773743, 0.0, 0.0]","[1.0, 0.0, 0.0, 1.4153618812561035, 0.0, 0.49898281693458557, 0.9487279653549194, 0.20464904606342316]",-8.681448906487342
8.09999999999998,235.00595092773438,-119.9946060180664,17.004369735717773,-0.04278564453125,0.20000000298023224,"[0.3215970993041992, 1.0, 0.35715165734291077, 0.9802358150482178]","[0.0, 0.0, -0.0056919436901807785, 2.566666626080405e-05, -0.028997546061873436, 1.0, 0.016333334147930145, -0.0056919436901807785, 0.0, 0.0, 0.9981881976127625, -0.016307666897773743, 0.0, 0.0]","[1.0, 0.0, 0.0, 1.4153618812561035, 0.0, 0.49898281693458557, 0.9487279653549194, 0.20464904606342316]",-9.27058385238927
8.14999999999998,235.84971618652344,-119.9184799194336,16.916610717773438,-0.050567626953125,0.20000000298023224,"[0.3273562788963318, 1.0, 0.35981273651123047, 0.9809666872024536]","[0.0, 0.0, -0.0056919436901807785, 2.566666626080405e-05, -0.028997546061873436, 1.0, 0.016333334147930145, -0.0056919436901807785, 0.0, 0.0, 0.9981881976127625, -0.016307666897773743, 0.0, 0.0]","[1.0, 0.0, 0.0, 1.4153618812561035, 0.0, 0.49898281693458557, 0.9487279653549194, 0.20464904606342316]",-9.856233237748576
8.199999999999982,236.69029235839844,-119.8572006225586,16.828279495239258,-0.058929443359375,0.20000000298023224,"[0.3331529498100281, 1.0, 0.36500084400177, 0.9781913757324219]","[0.0, 0.0, -0.0056919436901807785, 2.566666626080405e-05, -0.028997546061873436, 1.0, 0.016333334147930145, -0.0056919436901807785, 0.0, 0.0, 0.9981881976127625, -0.016307666897773743, 0.0, 0.0]","[1.0, 0.0, 0.0, 1.4153618812561035, 0.0, 0.49898281693458557, 0.9487279653549194, 0.20464904606342316]",-10.432797114396733
8.249999999999982,237.52731323242188,-119.81107330322266,16.738880157470703,-0.068328857421875,0.20000000298023224,"[0.3390197157859802, 1.0, 0.3761771023273468, 0.9718786478042603]","[0.0, 0.0, -0.0056919436901807785, 2.566666626080405e-05, -0.028997546061873436, 1.0, 0.016333334147930145, -0.0056919436901807785, 0.0, 0.0, 0.9981881976127625, -0.016307666897773743, 0.0, 0.0]","[1.0, 0.0, 0.0, 1.4153618812561035, 0.0, 0.49898281693458557, 0.9487279653549194, 0.20464904606342316]",-10.740998249437094
8.299999999999983,238.36048889160156,-119.7806396484375,16.64813995361328,-0.07757568359375,0.20000000298023224,"[0.3449745178222656, 1.0, 0.39052173495292664, 0.9678825736045837]","[0.0, 0.0, -0.0056919436901807785, 2.566666626080405e-05, -0.028997546061873436, 1.0, 0.016333334147930145, -0.0056919436901807785, 0.0, 0.0, 0.9981881976127625, -0.016307666897773743, 0.0, 0.0]","[1.0, 0.0, 0.0, 1.4153618812561035, 0.0, 0.49898281693458557, 0.9487279653549194, 0.20464904606342316]",-11.274178677854065
8.349999999999984,239.1895294189453,-119.76660919189453,16.556760787963867,-0.085906982421875,0.21429443359375,"[0.3509712219238281, 1.0, 0.4057569205760956, 0.9664358496665955]","[0.0, 0.0, -0.0056919436901807785, 2.566666626080405e-05, -0.028997546061873436, 1.0, 0.016333334147930145, -0.0056919436901807785, 0.0, 0.0, 0.9981881976127625, -0.016307666897773743, 0.0, 0.0]","[1.0, 0.0, 0.0, 1.4153618812561035, 0.0, 0.49898281693458557, 0.9487279653549194, 0.20464904606342316]",-11.800447830352601
8.399999999999984,240.01409912109375,-119.76974487304688,16.46653938293457,-0.092926025390625,0.23809814453125,"[0.356891930103302, 1.0, 0.41980084776878357, 0.9664225578308105]","[0.0, 0.0, -0.0056919436901807785, 2.566666626080405e-05, -0.028997546061873436, 1.0, 0.016333334147930145, -0.0056919436901807785, 0.0, 0.0, 0.9981881976127625, -0.016307666897773743, 0.0, 0.0]","[1.0, 0.0, 0.0, 1.4153618812561035, 0.0, 0.49898281693458557, 0.9487279653549194, 0.20464904606342316]",-12.317703438989852
8.449999999999985,240.8339080810547,-119.7909164428711,16.378740310668945,-0.099761962890625,0.26190185546875,"[0.3626537322998047, 1.0, 0.4350593090057373, 0.9642695188522339]","[0.0, 0.0, -0.0056919436901807785, 2.566666626080405e-05, -0.028997546061873436, 1.0, 0.016333334147930145, -0.0056919436901807785, 0.0, 0.0, 0.9981881976127625, -0.016307666897773743, 0.0, 0.0]","[1.0, 0.0, 0.0, 1.4153618812561035, 0.0, 0.49898281693458557, 0.9487279653549194, 0.20464904606342316]",-12.559210017629008
8.499999999999986,241.64859008789062,-119.8312759399414,16.293140411376953,-0.10858154296875,0.28570556640625,"[0.3682711720466614, 1.0, 0.4561666250228882, 0.9580065608024597]","[0.0, 0.0, -0.0056919436901807785, 2.566666626080405e-05, -0.028997546061873436, 1.0, 0.016333334147930145, -0.0056919436901807785, 0.0, 0.0, 0.9981881976127625, -0.016307666897773743, 0.0, 0.0]","[1.0, 0.0, 0.0, 1.4153618812561035, 0.0, 0.49898281693458557, 0.9487279653549194, 0.20464904606342316]",-13.045019413331596
8.549999999999986,242.45773315429688,-119.89212799072266,16.20911979675293,-0.118743896484375,0.3015899658203125,"[0.37378501892089844, 1.0, 0.4803665578365326, 0.9546833038330078]","[0.0, 0.0, -0.0056919436901807785, 2.566666626080405e-05, -0.028997546061873436, 1.0, 0.016333334147930145, -0.0056919436901807785, 0.0, 0.0, 0.9981881976127625, -0.016307666897773743, 0.0, 0.0]","[1.0, 0.0, 0.0, 1.4153618812561035, 0.0, 0.49898281693458557, 0.9487279653549194, 0.20464904606342316]",-13.509252949302526
8.599999999999987,243.26068115234375,-119.97480010986328,16.126340866088867,-0.129302978515625,0.3253936767578125,"[0.37921732664108276, 1.0, 0.505142867565155, 0.9535907506942749]","[0.0, 0.0, -0.0056919436901807785, 2.566666626080405e-05, -0.028997546061873436, 1.0, 0.016333334147930145, -0.0056919436901807785, 0.0, 0.0, 0.9981881976127625, -0.016307666897773743, 0.0, 0.0]","[1.0, 0.0, 0.0, 1.4153618812561035, 0.0, 0.49898281693458557, 0.9487279653549194, 0.20464904606342316]",-13.96208256898219
8.649999999999988,244.0567169189453,-120.08058166503906,16.045869827270508,-0.139556884765625,0.3610992431640625,"[0.3844981789588928, 1.0, 0.5281890630722046, 0.9538917541503906]","[0.0, 0.0, -0.0056919436901807785, 2.566666626080405e-05, -0.028997546061873436, 1.0, 0.016333334147930145, -0.0056919436901807785, 0.0, 0.0, 0.9981881976127625, -0.016307666897773743, 0.0, 0.0]","[1.0, 0.0, 0.0, 1.4153618812561035, 0.0, 0.49898281693458557, 0.9487279653549194, 0.20464904606342316]",-14.077682036487671
8.699999999999989,244.84507751464844,-120.21074676513672,15.968629837036133,-0.150115966796875,0.396820068359375,"[0.38956695795059204, 1.0, 0.5509916543960571, 0.9528162479400635]","[0.0, 0.0, -0.0056919436901807785, 2.566666626080405e-05, -0.028997546061873436, 1.0, 0.016333334147930145, -0.0056919436901807785, 0.0, 0.0, 0.9981881976127625, -0.016307666897773743, 0.0, 0.0]","[1.0, 0.0, 0.0, 1.4153618812561035, 0.0, 0.49898281693458557, 0.9487279653549194, 0.20464904606342316]",-14.498155476385524
8.74999999999999,245.62481689453125,-120.36656188964844,15.895990371704102,-0.1605224609375,0.444427490234375,"[0.3943338990211487, 1.0, 0.566211462020874, 0.9530888795852661]","[0.0, 0.0, -0.0056919436901807785, 2.566666626080405e-05, -0.028997546061873436, 1.0, 0.016333334147930145, -0.0056919436901807785, 0.0, 0.0, 0.9981881976127625, -0.016307666897773743, 0.0, 0.0]","[1.0, 0.0, 0.0, 1.4153618812561035, 0.0, 0.49898281693458557, 0.9487279653549194, 0.20464904606342316]",-14.89800629573611
8.79999999999999,246.3950958251953,-120.54920959472656,15.829500198364258,-0.170379638671875,0.4880828857421875,"[0.3986973166465759, 1.0, 0.5587525367736816, 0.9543128609657288]","[0.0, 0.0, -0.0056919436901807785, 2.566666626080405e-05, -0.028997546061873436, 1.0, 0.016333334147930145, -0.0056919436901807785, 0.0, 0.0, 0.9981881976127625, -0.016307666897773743, 0.0, 0.0]","[1.0, 0.0, 0.0, 1.4153618812561035, 0.0, 0.49898281693458557, 0.9487279653549194, 0.20464904606342316]",-15.277470584392226
8.84999999999999,247.1548614501953,-120.7597427368164,15.768819808959961,-0.178955078125,0.50390625,"[0.402679443359375, 1.0, 0.5514400005340576, 0.9564393758773804]","[0.0, 0.0, -0.0056919436901807785, 2.566666626080405e-05, -0.028997546061873436, 1.0, 0.016333334147930145, -0.0056919436901807785, 0.0, 0.0, 0.9981881976127625, -0.016307666897773743, 0.0, 0.0]","[1.0, 0.0, 0.0, 1.4153618812561035, 0.0, 0.49898281693458557, 0.9487279653549194, 0.20464904606342316]",-15.227660194936838
8.899999999999991,247.90296936035156,-120.99891662597656,15.713749885559082,-0.18438720703125,0.52734375,"[0.4062933921813965, 1.0, 0.5442760586738586, 0.9610643982887268]","[0.0, 0.0, -0.0056919436901807785, 2.566666626080405e-05, -0.028997546061873436, 1.0, 0.016333334147930145, -0.0056919436901807785, 0.0, 0.0, 0.9981881976127625, -0.016307666897773743, 0.0, 0.0]","[1.0, 0.0, 0.0, 1.4153618812561035, 0.0, 0.49898281693458557, 0.9487279653549194, 0.20464904606342316]",-15.513629228008408
8.949999999999992,248.63818359375,-121.26731872558594,15.662429809570312,-0.18914794921875,0.53125,"[0.4096612334251404, 1.0, 0.5386013388633728, 0.960710883140564]","[0.0, 0.0, -0.0056919436901807785, 2.566666626080405e-05, -0.028997546061873436, 1.0, 0.016333334147930145, -0.0056919436901807785, 0.0, 0.0, 0.9981881976127625, -0.016307666897773743, 0.0, 0.0]","[1.0, 0.0, 0.0, 1.4153618812561035, 0.0, 0.49898281693458557, 0.9487279653549194, 0.20464904606342316]",-15.759094734637777
8.999999999999993,249.35897827148438,-121.5654296875,15.612520217895508,-0.19415283203125,0.54296875,"[0.41293656826019287, 1.0, 0.5349134206771851, 0.9589682221412659]","[0.0, 0.0, -0.0056919436901807785, 2.566666626080405e-05, -0.028997546061873436, 1.0, 0.016333334147930145, -0.0056919436901807785, 0.0, 0.0, 0.9981881976127625, -0.016307666897773743, 0.0, 0.0]","[1.0, 0.0, 0.0, 1.4153618812561035, 0.0, 0.49898281693458557, 0.9487279653549194, 0.20464904606342316]",-15.97408430374061
9.049999999999994,250.063720703125,-121.8935775756836,15.561920166015625,-0.200531005859375,0.546875,"[0.4162571430206299, 1.0, 0.5330510139465332, 0.95583575963974]","[0.0, 0.0, -0.0056919436901807785, 2.566666626080405e-05, -0.028997546061873436, 1.0, 0.016333334147930145, -0.0056919436901807785, 0.0, 0.0, 0.9981881976127625, -0.016307666897773743, 0.0, 0.0]","[1.0, 0.0, 0.0, 1.4153618812561035, 0.0, 0.49898281693458557, 0.9487279653549194, 0.20464904606342316]",-15.645167834899453
9.099999999999994,250.7505340576172,-122.25189971923828,15.509380340576172,-0.207122802734375,0.55078125,"[0.41970497369766235, 1.0, 0.5323758125305176, 0.9541122317314148]","[0.0, 0.0, -0.0056919436901807785, 2.566666626080405e-05, -0.028997546061873436, 1.0, 0.016333334147930145, -0.0056919436901807785, 0.0, 0.0, 0.9981881976127625, -0.016307666897773743, 0.0, 0.0]","[1.0, 0.0, 0.0, 1.4153618812561035, 0.0, 0.49898281693458557, 0.9487279653549194, 0.20464904606342316]",-15.825556355045677
9.149999999999995,251.4175567626953,-122.6402816772461,15.455039978027344,-0.213104248046875,0.5625,"[0.4232710599899292, 1.0, 0.5316839218139648, 0.9535442590713501]","[0.0, 0.0, -0.0056919436901807785, 2.566666626080405e-05, -0.028997546061873436, 1.0, 0.016333334147930145, -0.0056919436901807785, 0.0, 0.0, 0.9981881976127625, -0.016307666897773743, 0.0, 0.0]","[1.0, 0.0, 0.0, 1.4153618812561035, 0.0, 0.49898281693458557, 0.9487279653549194, 0.20464904606342316]",-15.933410052281879
9.199999999999996,252.06288146972656,-123.05845642089844,15.399700164794922,-0.218658447265625,0.578125,"[0.426902711391449, 1.0, 0.530367910861969, 0.9531156420707703]","[0.0, 0.0, -0.0056919436901807785, 2.566666626080405e-05, -0.028997546061873436, 1.0, 0.016333334147930145, -0.0056919436901807785, 0.0, 0.0, 0.9981881976127625, -0.016307666897773743, 0.0, 0.0]","[1.0, 0.0, 0.0, 1.4153618812561035, 0.0, 0.49898281693458557, 0.9487279653549194, 0.20464904606342316]",-15.994595908593407
9.249999999999996,252.6846466064453,-123.50594329833984,15.343899726867676,-0.223541259765625,0.5859375,"[0.43056464195251465, 1.0, 0.5286391377449036, 0.9527915716171265]","[0.0, 0.0, -0.0056919436901807785, 2.566666626080405e-05, -0.028997546061873436, 1.0, 0.016333334147930145, -0.0056919436901807785, 0.0, 0.0, 0.9981881976127625, -0.016307666897773743, 0.0, 0.0]","[1.0, 0.0, 0.0, 1.4153618812561035, 0.0, 0.49898281693458557, 0.9487279653549194, 0.20464904606342316]",-15.409902396926725
9.299999999999997,253.281005859375,-123.98208618164062,15.287779808044434,-0.2279052734375,0.59765625,"[0.4342474937438965, 1.0, 0.5268659591674805, 0.9521492123603821]","[0.0, 0.0, -0.0056919436901807785, 2.566666626080405e-05, -0.028997546061873436, 1.0, 0.016333334147930145, -0.0056919436901807785, 0.0, 0.0, 0.9981881976127625, -0.016307666897773743, 0.0, 0.0]","[1.0, 0.0, 0.0, 1.4153618812561035, 0.0, 0.49898281693458557, 0.9487279653549194, 0.20464904606342316]",-15.398043797630674
9.349999999999998,253.85012817382812,-124.48605346679688,15.231749534606934,-0.23150634765625,0.60546875,"[0.43792444467544556, 1.0, 0.5248334407806396, 0.9519158005714417]","[0.0, 0.0, -0.0056919436901807785, 2.566666626080405e-05, -0.028997546061873436, 1.0, 0.016333334147930145, -0.0056919436901807785, 0.0, 0.0, 0.9981881976127625, -0.016307666897773743, 0.0, 0.0]","[1.0, 0.0, 0.0, 1.4153618812561035, 0.0, 0.49898281693458557, 0.9487279653549194, 0.20464904606342316]",-15.462357921567278
9.399999999999999,254.39036560058594,-125.01679229736328,15.176630020141602,-0.233154296875,0.609375,"[0.44154155254364014, 1.0, 0.5222988724708557, 0.9526990056037903]","[0.0, 0.0, -0.0056919436901807785, 2.566666626080405e-05, -0.028997546061873436, 1.0, 0.016333334147930145, -0.0056919436901807785, 0.0, 0.0, 0.9981881976127625, -0.016307666897773743, 0.0, 0.0]","[1.0, 0.0, 0.0, 1.4153618812561035, 0.0, 0.49898281693458557, 0.9487279653549194, 0.20464904606342316]",-15.651778063377336
9.45,254.90013122558594,-125.57308197021484,15.122770309448242,-0.233306884765625,0.61328125,"[0.4450761079788208, 1.0, 0.5196338295936584, 0.9532327055931091]","[0.0, 0.0, -0.0056919436901807785, 2.566666626080405e-05, -0.028997546061873436, 1.0, 0.016333334147930145, -0.0056919436901807785, 0.0, 0.0, 0.9981881976127625, -0.016307666897773743, 0.0, 0.0]","[1.0, 0.0, 0.0, 1.4153618812561035, 0.0, 0.49898281693458557, 0.9487279653549194, 0.20464904606342316]",-15.260613239930386
9.5,255.3779296875,-126.15348052978516,15.070119857788086,-0.232940673828125,0.6171875,"[0.44853127002716064, 1.0, 0.5172246098518372, 0.9533197283744812]","[0.0, 0.0, -0.0056919436901807785, 2.566666626080405e-05, -0.028997546061873436, 1.0, 0.016333334147930145, -0.0056919436901807785, 0.0, 0.0, 0.9981881976127625, -0.016307666897773743, 0.0, 0.0]","[1.0, 0.0, 0.0, 1.4153618812561035, 0.0, 0.49898281693458557, 0.9487279653549194, 0.20464904606342316]",-15.331600685012226
9.55,255.82249450683594,-126.7564697265625,15.019309997558594,-0.231109619140625,0.6171875,"[0.45186561346054077, 1.0, 0.5178459882736206, 0.9541827440261841]","[0.0, 0.0, -0.0056919436901807785, 2.566666626080405e-05, -0.028997546061873436, 1.0, 0.016333334147930145, -0.0056919436901807785, 0.0, 0.0, 0.9981881976127625, -0.016307666897773743, 0.0, 0.0]","[1.0, 0.0, 0.0, 1.4153618812561035, 0.0, 0.49898281693458557, 0.9487279653549194, 0.20464904606342316]",-15.391054029053148
9.600000000000001,256.2326354980469,-127.38037109375,14.970829963684082,-0.2279052734375,0.6171875,"[0.4550471305847168, 1.0, 0.5210602283477783, 0.9542203545570374]","[0.0, 0.0, -0.0056919436901807785, 2.566666626080405e-05, -0.028997546061873436, 1.0, 0.016333334147930145, -0.0056919436901807785, 0.0, 0.0, 0.9981881976127625, -0.016307666897773743, 0.0, 0.0]","[1.0, 0.0, 0.0, 1.4153618812561035, 0.0, 0.49898281693458557, 0.9487279653549194, 0.20464904606342316]",-15.43823043306217
9.650000000000002,256.6076354980469,-128.0233612060547,14.926770210266113,-0.221343994140625,0.6171875,"[0.457938551902771, 1.0, 0.5249938368797302, 0.9546016454696655]","[0.0, 0.0, -0.0056919436901807785, 2.566666626080405e-05, -0.028997546061873436, 1.0, 0.016333334147930145, -0.0056919436901807785, 0.0, 0.0, 0.9981881976127625, -0.016307666897773743, 0.0, 0.0]","[1.0, 0.0, 0.0, 1.4153618812561035, 0.0, 0.49898281693458557, 0.9487279653549194, 0.20464904606342316]",-14.942742823675163
9.700000000000003,256.9468994140625,-128.68362426757812,14.887299537658691,-0.214080810546875,0.6171875,"[0.46052879095077515, 1.0, 0.5287156105041504, 0.9548557996749878]","[0.0, 0.0, -0.0056919436901807785, 2.566666626080405e-05, -0.028997546061873436, 1.0, 0.016333334147930145, -0.0056919436901807785, 0.0, 0.0, 0.9981881976127625, -0.016307666897773743, 0.0, 0.0]","[1.0, 0.0, 0.0, 1.4153618812561035, 0.0, 0.49898281693458557, 0.9487279653549194, 0.20464904606342316]",-14.931786788517163
9.750000000000004,257.25018310546875,-129.3592529296875,14.854350090026855,-0.2039794921875,0.6171875,"[0.462691068649292, 1.0, 0.533430814743042, 0.9549776315689087]","[0.0, 0.0, -0.0056919436901807785, 2.566666626080405e-05, -0.028997546061873436, 1.0, 0.016333334147930145, -0.0056919436901807785, 0.0, 0.0, 0.9981881976127625, -0.016307666897773743, 0.0, 0.0]","[1.0, 0.0, 0.0, 1.4153618812561035, 0.0, 0.49898281693458557, 0.9487279653549194, 0.20464904606342316]",-14.87248383677645
9.800000000000004,257.51788330078125,-130.04844665527344,14.831819534301758,-0.187774658203125,0.6171875,"[0.46416956186294556, 1.0, 0.5406092405319214, 0.9521061182022095]","[0.0, 0.0, -0.0056919436901807785, 2.566666626080405e-05, -0.028997546061873436, 1.0, 0.016333334147930145, -0.0056919436901807785, 0.0, 0.0, 0.9981881976127625, -0.016307666897773743, 0.0, 0.0]","[1.0, 0.0, 0.0, 1.4153618812561035, 0.0, 0.49898281693458557, 0.9487279653549194, 0.20464904606342316]",-14.810647655517302
9.850000000000005,257.7509765625,-130.74951171875,14.821490287780762,-0.167724609375,0.6171875,"[0.46484750509262085, 1.0, 0.5485538840293884, 0.9482587575912476]","[0.0, 0.0, -0.0056919436901807785, 2.566666626080405e-05, -0.028997546061873436, 1.0, 0.016333334147930145, -0.0056919436901807785, 0.0, 0.0, 0.9981881976127625, -0.016307666897773743, 0.0, 0.0]","[1.0, 0.0, 0.0, 1.4153618812561035, 0.0, 0.49898281693458557, 0.9487279653549194, 0.20464904606342316]",-14.576659934477222
9.900000000000006,257.9508056640625,-131.46087646484375,14.823129653930664,-0.146728515625,0.6171875,"[0.4647398591041565, 1.0, 0.5556360483169556, 0.9454516172409058]","[0.0, 0.0, -0.0056919436901807785, 2.566666626080405e-05, -0.028997546061873436, 1.0, 0.016333334147930145, -0.0056919436901807785, 0.0, 0.0, 0.9981881976127625, -0.016307666897773743, 0.0, 0.0]","[1.0, 0.0, 0.0, 1.4153618812561035, 0.0, 0.49898281693458557, 0.9487279653549194, 0.20464904606342316]",-14.806937310026308
9.950000000000006,258.1191101074219,-132.1811065673828,14.83672046661377,-0.124755859375,0.6171875,"[0.4638480544090271, 1.0, 0.5619063973426819, 0.9376092553138733]","[0.0, 0.0, -0.0056919436901807785, 2.566666626080405e-05, -0.028997546061873436, 1.0, 0.016333334147930145, -0.0056919436901807785, 0.0, 0.0, 0.9981881976127625, -0.016307666897773743, 0.0, 0.0]","[1.0, 0.0, 0.0, 1.4153618812561035, 0.0, 0.49898281693458557, 0.9487279653549194, 0.20464904606342316]",-15.040514495960135
10.000000000000007,258.2577209472656,-132.90887451171875,14.859539985656738,-0.10687255859375,0.6171875,"[0.4623505473136902, 1.0, 0.5656026005744934, 0.9396564364433289]","[0.0, 0.0, -0.0056919436901807785, 2.566666626080405e-05, -0.028997546061873436, 1.0, 0.016333334147930145, -0.0056919436901807785, 0.0, 0.0, 0.9981881976127625, -0.016307666897773743, 0.0, 0.0]","[1.0, 0.0, 0.0, 1.4153618812561035, 0.0, 0.49898281693458557, 0.9487279653549194, 0.20464904606342316]",-15.261831822188057
10.050000000000008,258.3687438964844,-133.64303588867188,14.890680313110352,-0.091156005859375,0.6171875,"[0.46030688285827637, 1.0, 0.5502413511276245, 0.9371630549430847]","[0.0, 0.0, -0.0056919436901807785, 2.566666626080405e-05, -0.028997546061873436, 1.0, 0.016333334147930145, -0.0056919436901807785, 0.0, 0.0, 0.9981881976127625, -0.016307666897773743, 0.0, 0.0]","[1.0, 0.0, 0.0, 1.4153618812561035, 0.0, 0.49898281693458557, 0.9487279653549194, 0.20464904606342316]",-15.09981691104101
10.100000000000009,258.45452880859375,-134.3826141357422,14.929280281066895,-0.0771484375,0.6171875,"[0.4577738642692566, 1.0, 0.5064865946769714, 0.9348697066307068]","[0.0, 0.0, -0.0056919436901807785, 2.566666626080405e-05, -0.028997546061873436, 1.0, 0.016333334147930145, -0.0056919436901807785, 0.0, 0.0, 0.9981881976127625, -0.016307666897773743, 0.0, 0.0]","[1.0, 0.0, 0.0, 1.4153618812561035, 0.0, 0.49898281693458557, 0.9487279653549194, 0.20464904606342316]",-15.315419008908943
10.15000000000001,258.5174865722656,-135.12684631347656,14.973919868469238,-0.065887451171875,0.6171875,"[0.4548443555831909, 1.0, 0.4631916284561157, 0.9370906949043274]","[0.0, 0.0, -0.0056919436901807785, 2.566666626080405e-05, -0.028997546061873436, 1.0, 0.016333334147930145, -0.0056919436901807785, 0.0, 0.0, 0.9981881976127625, -0.016307666897773743, 0.0, 0.0]","[1.0, 0.0, 0.0, 1.4153618812561035, 0.0, 0.49898281693458557, 0.9487279653549194, 0.20464904606342316]",-15.566304996179039
10.20000000000001,258.5599670410156,-135.8750762939453,15.023280143737793,-0.05718994140625,0.6171875,"[0.4516051411628723, 1.0, 0.4216514229774475, 0.9406688809394836]","[0.0, 0.0, -0.0056919436901807785, 2.566666626080405e-05, -0.028997546061873436, 1.0, 0.016333334147930145, -0.0056919436901807785, 0.0, 0.0, 0.9981881976127625, -0.016307666897773743, 0.0, 0.0]","[1.0, 0.0, 0.0, 1.4153618812561035, 0.0, 0.49898281693458557, 0.9487279653549194, 0.20464904606342316]",-15.854573985250028
10.25000000000001,258.5843505859375,-136.62686157226562,15.0764799118042,-0.0499267578125,0.6171875,"[0.44811391830444336, 1.0, 0.38137975335121155, 0.9431926012039185]","[0.0, 0.0, -0.0056919436901807785, 2.566666626080405e-05, -0.028997546061873436, 1.0, 0.016333334147930145, -0.0056919436901807785, 0.0, 0.0, 0.9981881976127625, -0.016307666897773743, 0.0, 0.0]","[1.0, 0.0, 0.0, 1.4153618812561035, 0.0, 0.49898281693458557, 0.9487279653549194, 0.20464904606342316]",-15.830686871556154
10.300000000000011,258.5928955078125,-137.38189697265625,15.132960319519043,-0.042510986328125,0.6171875,"[0.44440746307373047, 1.0, 0.34075865149497986, 0.9431377053260803]","[0.0, 0.0, -0.0056919436901807785, 2.566666626080405e-05, -0.028997546061873436, 1.0, 0.016333334147930145, -0.0056919436901807785, 0.0, 0.0, 0.9981881976127625, -0.016307666897773743, 0.0, 0.0]","[1.0, 0.0, 0.0, 1.4153618812561035, 0.0, 0.49898281693458557, 0.9487279653549194, 0.20464904606342316]",-16.16667283557826
10.350000000000012,258.5879821777344,-138.13995361328125,15.192159652709961,-0.0341796875,0.6171875,"[0.4405224323272705, 1.0, 0.2990109920501709, 0.9422876238822937]","[0.0, 0.0, -0.0056919436901807785, 2.566666626080405e-05, -0.028997546061873436, 1.0, 0.016333334147930145, -0.0056919436901807785, 0.0, 0.0, 0.9981881976127625, -0.016307666897773743, 0.0, 0.0]","[1.0, 0.0, 0.0, 1.4153618812561035, 0.0, 0.49898281693458557, 0.9487279653549194, 0.20464904606342316]",-16.549158708671577
10.400000000000013,258.57183837890625,-138.90098571777344,15.253219604492188,-0.026123046875,0.6171875,"[0.4365154504776001, 1.0, 0.25488218665122986, 0.9456955194473267]","[0.0, 0.0, -0.0056919436901807785, 2.566666626080405e-05, -0.028997546061873436, 1.0, 0.016333334147930145, -0.0056919436901807785, 0.0, 0.0, 0.9981881976127625, -0.016307666897773743, 0.0, 0.0]","[1.0, 0.0, 0.0, 1.4153618812561035, 0.0, 0.49898281693458557, 0.9487279653549194, 0.20464904606342316]",-16.975801998281977
10.450000000000014,258.5464782714844,-139.6649627685547,15.315569877624512,-0.017913818359375,0.6171875,"[0.43242383003234863, 1.0, 0.2122136354446411, 0.9471407532691956]","[0.0, 0.0, -0.0056919436901807785, 2.566666626080405e-05, -0.028997546061873436, 1.0, 0.016333334147930145, -0.0056919436901807785, 0.0, 0.0, 0.9981881976127625, -0.016307666897773743, 0.0, 0.0]","[1.0, 0.0, 0.0, 1.4153618812561035, 0.0, 0.49898281693458557, 0.9487279653549194, 0.20464904606342316]",-17.232302725296105
10.500000000000014,258.5140075683594,-140.431884765625,15.378729820251465,-0.008941650390625,0.6171875,"[0.42827898263931274, 1.0, 0.16878899931907654, 0.9463070631027222]","[0.0, 0.0, -0.0056919436901807785, 2.566666626080405e-05, -0.028997546061873436, 1.0, 0.016333334147930145, -0.0056919436901807785, 0.0, 0.0, 0.9981881976127625, -0.016307666897773743, 0.0, 0.0]","[1.0, 0.0, 0.0, 1.4153618812561035, 0.0, 0.49898281693458557, 0.9487279653549194, 0.20464904606342316]",-17.748527434763716
10.550000000000015,258.47662353515625,-141.2018280029297,15.442219734191895,0.00091552734375,0.6171875,"[0.4241124987602234, 1.0, 0.12379913032054901, 0.9446821808815002]","[0.0, 0.0, -0.0056919436901807785, 2.566666626080405e-05, -0.028997546061873436, 1.0, 0.016333334147930145, -0.0056919436901807785, 0.0, 0.0, 0.9981881976127625, -0.016307666897773743, 0.0, 0.0]","[1.0, 0.0, 0.0, 1.4153618812561035, 0.0, 0.49898281693458557, 0.9487279653549194, 0.20464904606342316]",-18.29204810984687
10.600000000000016,258.43609619140625,-141.97483825683594,15.505570411682129,0.008880615234375,0.6171875,"[0.41995513439178467, 1.0, 0.08591735363006592, 0.9521781206130981]","[0.0, 0.0, -0.0056919436901807785, 2.566666626080405e-05, -0.028997546061873436, 1.0, 0.016333334147930145, -0.0056919436901807785, 0.0, 0.0, 0.9981881976127625, -0.016307666897773743, 0.0, 0.0]","[1.0, 0.0, 0.0, 1.4153618812561035, 0.0, 0.49898281693458557, 0.9487279653549194, 0.20464904606342316]",-18.89183976621414
10.650000000000016,258.39410400390625,-142.75096130371094,15.568599700927734,0.01507568359375,0.6171875,"[0.41581881046295166, 1.0, 0.06079955771565437, 0.9578729867935181]","[0.0, 0.0, -0.0056919436901807785, 2.566666626080405e-05, -0.028997546061873436, 1.0, 0.016333334147930145, -0.0056919436901807785, 0.0, 0.0, 0.9981881976127625, -0.016307666897773743, 0.0, 0.0]","[1.0, 0.0, 0.0, 1.4153618812561035, 0.0, 0.49898281693458557, 0.9487279653549194, 0.20464904606342316]",-19.526937099965245
10.700000000000017,258.3520202636719,-143.53025817871094,15.631290435791016,0.019439697265625,0.6171875,"[0.4117047190666199, 1.0, 0.08329714834690094, 0.9637749195098877]","[0.0, 0.0, -0.0056919436901807785, 2.566666626080405e-05, -0.028997546061873436, 1.0, 0.016333334147930145, -0.0056919436901807785, 0.0, 0.0, 0.9981881976127625, -0.016307666897773743, 0.0, 0.0]","[1.0, 0.0, 0.0, 1.4153618812561035, 0.0, 0.49898281693458557, 0.9487279653549194, 0.20464904606342316]",-20.253258395308578
10.750000000000018,258.3108825683594,-144.31271362304688,15.693710327148438,0.021514892578125,0.6171875,"[0.4076085090637207, 1.0, 0.10199780017137527, 0.9715534448623657]","[0.0, 0.0, -0.0056919436901807785, 2.566666626080405e-05, -0.028997546061873436, 1.0, 0.016333334147930145, -0.0056919436901807785, 0.0, 0.0, 0.9981881976127625, -0.016307666897773743, 0.0, 0.0]","[1.0, 0.0, 0.0, 1.4153618812561035, 0.0, 0.49898281693458557, 0.9487279653549194, 0.20464904606342316]",-20.98926115648523
10.800000000000018,258.2715759277344,-145.09837341308594,15.755929946899414,0.02191162109375,0.6171875,"[0.40352535247802734, 1.0, 0.11503559350967407, 0.9776096343994141]","[0.0, 0.0, -0.0056919436901807785, 2.566666626080405e-05, -0.028997546061873436, 1.0, 0.016333334147930145, -0.0056919436901807785, 0.0, 0.0, 0.9981881976127625, -0.016307666897773743, 0.0, 0.0]","[1.0, 0.0, 0.0, 1.4153618812561035, 0.0, 0.49898281693458557, 0.9487279653549194, 0.20464904606342316]",-21.733947469843045
10.85000000000002,258.2347717285156,-145.88723754882812,15.817919731140137,0.02191162109375,0.6171875,"[0.39945733547210693, 1.0, 0.1256219744682312, 0.9801605939865112]","[0.0, 0.0, -0.0056919436901807785, 2.566666626080405e-05, -0.028997546061873436, 1.0, 0.016333334147930145, -0.0056919436901807785, 0.0, 0.0, 0.9981881976127625, -0.016307666897773743, 0.0, 0.0]","[1.0, 0.0, 0.0, 1.4153618812561035, 0.0, 0.49898281693458557, 0.9487279653549194, 0.20464904606342316]",-22.464588568269797
10.90000000000002,258.20111083984375,-146.6793212890625,15.878459930419922,0.02191162109375,0.59765625,"[0.39548438787460327, 1.0, 0.13316528499126434, 0.9819095730781555]","[0.0, 0.0, -0.0056919436901807785, 2.566666626080405e-05, -0.028997546061873436, 1.0, 0.016333334147930145, -0.0056919436901807785, 0.0, 0.0, 0.9981881976127625, -0.016307666897773743, 0.0, 0.0]","[1.0, 0.0, 0.0, 1.4153618812561035, 0.0, 0.49898281693458557, 0.9487279653549194, 0.20464904606342316]",-23.233046135617645
10.95000000000002,258.1709289550781,-147.47445678710938,15.936750411987305,0.02191162109375,0.59375,"[0.39165908098220825, 1.0, 0.137933611869812, 0.9838525056838989]","[0.0, 0.0, -0.0056919436901807785, 2.566666626080405e-05, -0.028997546061873436, 1.0, 0.016333334147930145, -0.0056919436901807785, 0.0, 0.0, 0.9981881976127625, -0.016307666897773743, 0.0, 0.0]","[1.0, 0.0, 0.0, 1.4153618812561035, 0.0, 0.49898281693458557, 0.9487279653549194, 0.20464904606342316]",-24.011802154064156
11.000000000000021,258.1446533203125,-148.27256774902344,15.993300437927246,0.02191162109375,0.59375,"[0.38794803619384766, 1.0, 0.14140218496322632, 0.986079216003418]","[0.0, 0.0, -0.0056919436901807785, 2.566666626080405e-05, -0.028997546061873436, 1.0, 0.016333334147930145, -0.0056919436901807785, 0.0, 0.0, 0.9981881976127625, -0.016307666897773743, 0.0, 0.0]","[1.0, 0.0, 0.0, 1.4153618812561035, 0.0, 0.49898281693458557, 0.9487279653549194, 0.20464904606342316]",-24.799484955736933
11.050000000000022,258.12225341796875,-149.07359313964844,16.04875946044922,0.019073486328125,0.59375,"[0.3843085765838623, 1.0, 0.1352320909500122, 0.9866877794265747]","[0.0, 0.0, -0.0056919436901807785, 2.566666626080405e-05, -0.028997546061873436, 1.0, 0.016333334147930145, -0.0056919436901807785, 0.0, 0.0, 0.9981881976127625, -0.016307666897773743, 0.0, 0.0]","[1.0, 0.0, 0.0, 1.4153618812561035, 0.0, 0.49898281693458557, 0.9487279653549194, 0.20464904606342316]",-25.591090180718112
11.100000000000023,258.10272216796875,-149.87744140625,16.104000091552734,0.008636474609375,0.59375,"[0.38068342208862305, 1.0, 0.10561362653970718, 0.9618167281150818]","[0.0, 0.0, -0.0056919436901807785, 2.566666626080405e-05, -0.028997546061873436, 1.0, 0.016333334147930145, -0.0056919436901807785, 0.0, 0.0, 0.9981881976127625, -0.016307666897773743, 0.0, 0.0]","[1.0, 0.0, 0.0, 1.4153618812561035, 0.0, 0.49898281693458557, 0.9487279653549194, 0.20464904606342316]",-26.392675738433788
11.150000000000023,258.0841064453125,-150.68405151367188,16.158550262451172,-0.008941650390625,0.59375,"[0.3771035671234131, 1.0, 0.05353977903723717, 0.9386488199234009]","[0.0, 0.0, -0.0056919436901807785, 2.566666626080405e-05, -0.028997546061873436, 1.0, 0.016333334147930145, -0.0056919436901807785, 0.0, 0.0, 0.9981881976127625, -0.016307666897773743, 0.0, 0.0]","[1.0, 0.0, 0.0, 1.4153618812561035, 0.0, 0.49898281693458557, 0.9487279653549194, 0.20464904606342316]",-27.198913674093113
11.200000000000024,258.0641784667969,-151.49330139160156,16.211429595947266,-0.027374267578125,0.59375,"[0.37363338470458984, 1.0, 0.09385934472084045, 0.9362683892250061]","[0.0, 0.0, -0.0056919436901807785, 2.566666626080405e-05, -0.028997546061873436, 1.0, 0.016333334147930145, -0.0056919436901807785, 0.0, 0.0, 0.9981881976127625, -0.016307666897773743, 0.0, 0.0]","[1.0, 0.0, 0.0, 1.4153618812561035, 0.0, 0.49898281693458557, 0.9487279653549194, 0.20464904606342316]",-28.01074784510022
11.250000000000025,258.0404968261719,-152.3050079345703,16.261690139770508,-0.046783447265625,0.59375,"[0.37033504247665405, 1.0, 0.15109054744243622, 0.929249107837677]","[0.0, 0.0, -0.0056919436901807785, 2.566666626080405e-05, -0.028997546061873436, 1.0, 0.016333334147930145, -0.0056919436901807785, 0.0, 0.0, 0.9981881976127625, -0.016307666897773743, 0.0, 0.0]","[1.0, 0.0, 0.0, 1.4153618812561035, 0.0, 0.49898281693458557, 0.9487279653549194, 0.20464904606342316]",-28.838356471400118
11.300000000000026,258.0106506347656,-153.118896484375,16.309099197387695,-0.06317138671875,0.59375,"[0.367223858833313, 1.0, 0.20392614603042603, 0.9340990781784058]","[0.0, 0.0, -0.0056919436901807785, 2.566666626080405e-05, -0.028997546061873436, 1.0, 0.016333334147930145, -0.0056919436901807785, 0.0, 0.0, 0.9981881976127625, -0.016307666897773743, 0.0, 0.0]","[1.0, 0.0, 0.0, 1.4153618812561035, 0.0, 0.49898281693458557, 0.9487279653549194, 0.20464904606342316]",-29.666301332052686
11.350000000000026,257.9720764160156,-153.9346923828125,16.35342025756836,-0.077178955078125,0.59375,"[0.36431533098220825, 1.0, 0.24885711073875427, 0.9362763166427612]","[0.0, 0.0, -0.0056919436901807785, 2.566666626080405e-05, -0.028997546061873436, 1.0, 0.016333334147930145, -0.0056919436901807785, 0.0, 0.0, 0.9981881976127625, -0.016307666897773743, 0.0, 0.0]","[1.0, 0.0, 0.0, 1.4153618812561035, 0.0, 0.49898281693458557, 0.9487279653549194, 0.20464904606342316]",-30.500878031835256
11.400000000000027,257.9225158691406,-154.75198364257812,16.394529342651367,-0.08868408203125,0.59375,"[0.3616175651550293, 1.0, 0.2873401939868927, 0.940427303314209]","[0.0, 0.0, -0.0056919436901807785, 2.566666626080405e-05, -0.028997546061873436, 1.0, 0.016333334147930145, -0.0056919436901807785, 0.0, 0.0, 0.9981881976127625, -0.016307666897773743, 0.0, 0.0]","[1.0, 0.0, 0.0, 1.4153618812561035, 0.0, 0.49898281693458557, 0.9487279653549194, 0.20464904606342316]",-31.343233355490447
11.450000000000028,257.8595886230469,-155.5702362060547,16.432390213012695,-0.09796142578125,0.59375,"[0.3591330051422119, 1.0, 0.32327428460121155, 0.9450770616531372]","[0.0, 0.0, -0.0056919436901807785, 2.566666626080405e-05, -0.028997546061873436, 1.0, 0.016333334147930145, -0.0056919436901807785, 0.0, 0.0, 0.9981881976127625, -0.016307666897773743, 0.0, 0.0]","[1.0, 0.0, 0.0, 1.4153618812561035, 0.0, 0.49898281693458557, 0.9487279653549194, 0.20464904606342316]",-32.226609460582154
11.500000000000028,257.7810974121094,-156.3888397216797,16.465709686279297,-0.1083984375,0.59375,"[0.3569464087486267, 1.0, 0.36219561100006104, 0.941648006439209]","[0.0, 0.0, -0.0056919436901807785, 2.566666626080405e-05, -0.028997546061873436, 1.0, 0.016333334147930145, -0.0056919436901807785, 0.0, 0.0, 0.9981881976127625, -0.016307666897773743, 0.0, 0.0]","[1.0, 0.0, 0.0, 1.4153618812561035, 0.0, 0.49898281693458557, 0.9487279653549194, 0.20464904606342316]",-33.08915158755651
11.55000000000003,257.68475341796875,-157.20697021484375,16.49411964416504,-0.118316650390625,0.59375,"[0.35508203506469727, 1.0, 0.3986997604370117, 0.9447453618049622]","[0.0, 0.0, -0.0056919436901807785, 2.566666626080405e-05, -0.028997546061873436, 1.0, 0.016333334147930145, -0.0056919436901807785, 0.0, 0.0, 0.9981881976127625, -0.016307666897773743, 0.0, 0.0]","[1.0, 0.0, 0.0, 1.4153618812561035, 0.0, 0.49898281693458557, 0.9487279653549194, 0.20464904606342316]",-33.96072711230288
11.60000000000003,257.568359375,-158.02365112304688,16.516939163208008,-0.128509521484375,0.59375,"[0.3535844683647156, 1.0, 0.43437448143959045, 0.945490300655365]","[0.0, 0.0, -0.0056919436901807785, 2.566666626080405e-05, -0.028997546061873436, 1.0, 0.016333334147930145, -0.0056919436901807785, 0.0, 0.0, 0.9981881976127625, -0.016307666897773743, 0.0, 0.0]","[1.0, 0.0, 0.0, 1.4153618812561035, 0.0, 0.49898281693458557, 0.9487279653549194, 0.20464904606342316]",-34.84158092780385
11.65000000000003,257.4298095703125,-158.8376922607422,16.532819747924805,-0.140350341796875,0.59375,"[0.35254234075546265, 1.0, 0.47107207775115967, 0.943080723285675]","[0.0, 0.0, -0.0056919436901807785, 2.566666626080405e-05, -0.028997546061873436, 1.0, 0.016333334147930145, -0.0056919436901807785, 0.0, 0.0, 0.9981881976127625, -0.016307666897773743, 0.0, 0.0]","[1.0, 0.0, 0.0, 1.4153618812561035, 0.0, 0.49898281693458557, 0.9487279653549194, 0.20464904606342316]",-35.80767395913292
11.700000000000031,257.2670593261719,-159.6476593017578,16.540489196777344,-0.15374755859375,0.59375,"[0.35203903913497925, 1.0, 0.507885754108429, 0.9413566589355469]","[0.0, 0.0, -0.0056919436901807785, 2.566666626080405e-05, -0.028997546061873436, 1.0, 0.016333334147930145, -0.0056919436901807785, 0.0, 0.0, 0.9981881976127625, -0.016307666897773743, 0.0, 0.0]","[1.0, 0.0, 0.0, 1.4153618812561035, 0.0, 0.49898281693458557, 0.9487279653549194, 0.20464904606342316]",-36.72271323351032
11.750000000000032,257.0779724121094,-160.45179748535156,16.538450241088867,-0.1689453125,0.59375,"[0.3521728515625, 1.0, 0.5293090343475342, 0.9384774565696716]","[0.0, 0.0, -0.0056919436901807785, 2.566666626080405e-05, -0.028997546061873436, 1.0, 0.016333334147930145, -0.0056919436901807785, 0.0, 0.0, 0.9981881976127625, -0.016307666897773743, 0.0, 0.0]","[1.0, 0.0, 0.0, 1.4153618812561035, 0.0, 0.49898281693458557, 0.9487279653549194, 0.20464904606342316]",-37.64908306161877
11.800000000000033,256.86053466796875,-161.24807739257812,16.52203941345215,-0.187774658203125,0.59375,"[0.35324978828430176, 1.0, 0.5204395651817322, 0.9212214350700378]","[0.0, 0.0, -0.0056919436901807785, 2.566666626080405e-05, -0.028997546061873436, 1.0, 0.016333334147930145, -0.0056919436901807785, 0.0, 0.0, 0.9981881976127625, -0.016307666897773743, 0.0, 0.0]","[1.0, 0.0, 0.0, 1.4153618812561035, 0.0, 0.49898281693458557, 0.9487279653549194, 0.20464904606342316]",-38.58003756301107
11.850000000000033,256.6127624511719,-162.03416442871094,16.491310119628906,-0.206695556640625,0.5859375,"[0.35526639223098755, 1.0, 0.5193139314651489, 0.9213383197784424]","[0.0, 0.0, -0.0056919436901807785, 2.566666626080405e-05, -0.028997546061873436, 1.0, 0.016333334147930145, -0.0056919436901807785, 0.0, 0.0, 0.9981881976127625, -0.016307666897773743, 0.0, 0.0]","[1.0, 0.0, 0.0, 1.4153618812561035, 0.0, 0.49898281693458557, 0.9487279653549194, 0.20464904606342316]",-39.665246114215655
11.900000000000034,256.33270263671875,-162.80758666992188,16.431840896606445,-0.2255859375,0.56640625,"[0.35916900634765625, 1.0, 0.5411156415939331, 0.8659492135047913]","[0.0, 0.0, -0.0056919436901807785, 2.566666626080405e-05, -0.028997546061873436, 1.0, 0.016333334147930145, -0.0056919436901807785, 0.0, 0.0, 0.9981881976127625, -0.016307666897773743, 0.0, 0.0]","[1.0, 0.0, 0.0, 1.4153618812561035, 0.0, 0.49898281693458557, 0.9487279653549194, 0.20464904606342316]",-40.62762660461816
11.950000000000035,256.0183410644531,-163.5650634765625,16.34973907470703,-0.243316650390625,0.5234375,"[0.3645569086074829, 1.0, 0.556843101978302, 0.895137369632721]","[0.0, 0.0, -0.0056919436901807785, 2.566666626080405e-05, -0.028997546061873436, 1.0, 0.016333334147930145, -0.0056919436901807785, 0.0, 0.0, 0.9981881976127625, -0.016307666897773743, 0.0, 0.0]","[1.0, 0.0, 0.0, 1.4153618812561035, 0.0, 0.49898281693458557, 0.9487279653549194, 0.20464904606342316]",-41.59254789163213
12.000000000000036,255.6661834716797,-164.30136108398438,16.26371955871582,-0.2581787109375,0.4880828857421875,"[0.3702019453048706, 1.0, 0.5556632876396179, 0.9050891995429993]","[0.0, 0.0, -0.0056919436901807785, 2.566666626080405e-05, -0.028997546061873436, 1.0, 0.016333334147930145, -0.0056919436901807785, 0.0, 0.0, 0.9981881976127625, -0.016307666897773743, 0.0, 0.0]","[1.0, 0.0, 0.0, 1.4153618812561035, 0.0, 0.49898281693458557, 0.9487279653549194, 0.20464904606342316]",-42.55710498500888
12.050000000000036,255.27993774414062,-165.01324462890625,16.182180404663086,-0.268280029296875,0.4642791748046875,"[0.3755528926849365, 1.0, 0.5472813248634338, 0.8787077069282532]","[0.0, 0.0, -0.0056919436901807785, 2.566666626080405e-05, -0.028997546061873436, 1.0, 0.016333334147930145, -0.0056919436901807785, 0.0, 0.0, 0.9981881976127625, -0.016307666897773743, 0.0, 0.0]","[1.0, 0.0, 0.0, 1.4153618812561035, 0.0, 0.49898281693458557, 0.9487279653549194, 0.20464904606342316]",-43.7309376410381
12.100000000000037,254.86715698242188,-165.70089721679688,16.076210021972656,-0.27392578125,0.4642791748046875,"[0.3825070858001709, 1.0, 0.5609222054481506, 0.8632770776748657]","[0.0, 0.0, -0.0056919436901807785, 2.566666626080405e-05, -0.028997546061873436, 1.0, 0.016333334147930145, -0.0056919436901807785, 0.0, 0.0, 0.9981881976127625, -0.016307666897773743, 0.0, 0.0]","[1.0, 0.0, 0.0, 1.4153618812561035, 0.0, 0.49898281693458557, 0.9487279653549194, 0.20464904606342316]",-44.7324343666204
12.150000000000038,254.42575073242188,-166.35975646972656,15.946009635925293,-0.27587890625,0.4642791748046875,"[0.3910514712333679, 1.0, 0.5772628784179688, 0.8919641375541687]","[0.0, 0.0, -0.0056919436901807785, 2.566666626080405e-05, -0.028997546061873436, 1.0, 0.016333334147930145, -0.0056919436901807785, 0.0, 0.0, 0.9981881976127625, -0.016307666897773743, 0.0, 0.0]","[1.0, 0.0, 0.0, 1.4153618812561035, 0.0, 0.49898281693458557, 0.9487279653549194, 0.20464904606342316]",-45.654553215213284
12.200000000000038,253.94659423828125,-166.98483276367188,15.812350273132324,-0.275543212890625,0.4642791748046875,"[0.39982283115386963, 1.0, 0.5761569142341614, 0.9108031988143921]","[0.0, 0.0, -0.0056919436901807785, 2.566666626080405e-05, -0.028997546061873436, 1.0, 0.016333334147930145, -0.0056919436901807785, 0.0, 0.0, 0.9981881976127625, -0.016307666897773743, 0.0, 0.0]","[1.0, 0.0, 0.0, 1.4153618812561035, 0.0, 0.49898281693458557, 0.9487279653549194, 0.20464904606342316]",-46.50676217088592
12.250000000000039,253.44235229492188,-167.58323669433594,15.69102954864502,-0.2733154296875,0.4642791748046875,"[0.40778446197509766, 1.0, 0.5681868195533752, 0.7897968292236328]","[0.0, 0.0, -0.0056919436901807785, 2.566666626080405e-05, -0.028997546061873436, 1.0, 0.016333334147930145, -0.0056919436901807785, 0.0, 0.0, 0.9981881976127625, -0.016307666897773743, 0.0, 0.0]","[1.0, 0.0, 0.0, 1.4153618812561035, 0.0, 0.49898281693458557, 0.9487279653549194, 0.20464904606342316]",-47.468445897599686
12.30000000000004,252.9133758544922,-168.15191650390625,15.547699928283691,-0.270111083984375,0.4642791748046875,"[0.4171903729438782, 1.0, 0.5699920654296875, 0.852736234664917]","[0.0, 0.0, -0.0056919436901807785, 2.566666626080405e-05, -0.028997546061873436, 1.0, 0.016333334147930145, -0.0056919436901807785, 0.0, 0.0, 0.9981881976127625, -0.016307666897773743, 0.0, 0.0]","[1.0, 0.0, 0.0, 1.4153618812561035, 0.0, 0.49898281693458557, 0.9487279653549194, 0.20464904606342316]",-48.31586603754783
12.35000000000004,252.35513305664062,-168.68063354492188,15.342960357666016,-0.265869140625,0.4642791748046875,"[0.4306262731552124, 1.0, 0.6034914255142212, 0.7218296527862549]","[0.0, 0.0, -0.0056919436901807785, 2.566666626080405e-05, -0.028997546061873436, 1.0, 0.016333334147930145, -0.0056919436901807785, 0.0, 0.0, 0.9981881976127625, -0.016307666897773743, 0.0, 0.0]","[1.0, 0.0, 0.0, 1.4153618812561035, 0.0, 0.49898281693458557, 0.9487279653549194, 0.20464904606342316]",-49.148482715943935
12.400000000000041,251.76760864257812,-169.1620330810547,15.14126968383789,-0.257537841796875,0.4642791748046875,"[0.44386208057403564, 1.0, 0.5995292067527771, 0.8430979251861572]","[0.0, 0.0, -0.0056919436901807785, 2.566666626080405e-05, -0.028997546061873436, 1.0, 0.016333334147930145, -0.0056919436901807785, 0.0, 0.0, 0.9981881976127625, -0.016307666897773743, 0.0, 0.0]","[1.0, 0.0, 0.0, 1.4153618812561035, 0.0, 0.49898281693458557, 0.9487279653549194, 0.20464904606342316]",-49.9599146415212
12.450000000000042,251.166015625,-169.62103271484375,14.93200969696045,-0.247283935546875,0.4841156005859375,"[0.45759469270706177, 1.0, 0.6032707691192627, 0.8314169645309448]","[0.0, 0.0, -0.0056919436901807785, 2.566666626080405e-05, -0.028997546061873436, 1.0, 0.016333334147930145, -0.0056919436901807785, 0.0, 0.0, 0.9981881976127625, -0.016307666897773743, 0.0, 0.0]","[1.0, 0.0, 0.0, 1.4153618812561035, 0.0, 0.49898281693458557, 0.9487279653549194, 0.20464904606342316]",-50.9142668037754
12.500000000000043,250.54827880859375,-170.04513549804688,14.750040054321289,-0.237274169921875,0.4880828857421875,"[0.46953630447387695, 1.0, 0.5496242046356201, 0.8206019997596741]","[0.0, 0.0, -0.0056919436901807785, 2.566666626080405e-05, -0.028997546061873436, 1.0, 0.016333334147930145, -0.0056919436901807785, 0.0, 0.0, 0.9981881976127625, -0.016307666897773743, 0.0, 0.0]","[1.0, 0.0, 0.0, 1.4153618812561035, 0.0, 0.49898281693458557, 0.9487279653549194, 0.20464904606342316]",-51.69118142638779
12.550000000000043,249.91030883789062,-170.4134979248047,14.575849533081055,-0.2288818359375,0.4920501708984375,"[0.48096752166748047, 1.0, 0.5179397463798523, 0.8232442736625671]","[0.0, 0.0, -0.0056919436901807785, 2.566666626080405e-05, -0.028997546061873436, 1.0, 0.016333334147930145, -0.0056919436901807785, 0.0, 0.0, 0.9981881976127625, -0.016307666897773743, 0.0, 0.0]","[1.0, 0.0, 0.0, 1.4153618812561035, 0.0, 0.49898281693458557, 0.9487279653549194, 0.20464904606342316]",-52.427149040010725
12.600000000000044,249.26060485839844,-170.72293090820312,14.396269798278809,-0.2222900390625,0.4920501708984375,"[0.4927523136138916, 1.0, 0.5404984354972839, 0.7633715867996216]","[0.0, 0.0, -0.0056919436901807785, 2.566666626080405e-05, -0.028997546061873436, 1.0, 0.016333334147930145, -0.0056919436901807785, 0.0, 0.0, 0.9981881976127625, -0.016307666897773743, 0.0, 0.0]","[1.0, 0.0, 0.0, 1.4153618812561035, 0.0, 0.49898281693458557, 0.9487279653549194, 0.20464904606342316]",-53.11981787325885
12.650000000000045,248.61036682128906,-170.99200439453125,14.252809524536133,-0.2161865234375,0.4920501708984375,"[0.5021668076515198, 1.0, 0.54383385181427, 0.6855168342590332]","[0.0, 0.0, -0.0056919436901807785, 2.566666626080405e-05, -0.028997546061873436, 1.0, 0.016333334147930145, -0.0056919436901807785, 0.0, 0.0, 0.9981881976127625, -0.016307666897773743, 0.0, 0.0]","[1.0, 0.0, 0.0, 1.4153618812561035, 0.0, 0.49898281693458557, 0.9487279653549194, 0.20464904606342316]",-53.920048926599506
12.700000000000045,247.95062255859375,-171.21778869628906,14.119750022888184,-0.20751953125,0.4920501708984375,"[0.5108988285064697, 1.0, 0.5465986728668213, 0.9212631583213806]","[0.0, 0.0, -0.0056919436901807785, 2.566666626080405e-05, -0.028997546061873436, 1.0, 0.016333334147930145, -0.0056919436901807785, 0.0, 0.0, 0.9981881976127625, -0.016307666897773743, 0.0, 0.0]","[1.0, 0.0, 0.0, 1.4153618812561035, 0.0, 0.49898281693458557, 0.9487279653549194, 0.20464904606342316]",-54.56234275142351
12.750000000000046,247.2815704345703,-171.40283203125,14.011210441589355,-0.193145751953125,0.4920501708984375,"[0.5180216431617737, 1.0, 0.5418254733085632, 0.9087889194488525]","[0.0, 0.0, -0.0056919436901807785, 2.566666626080405e-05, -0.028997546061873436, 1.0, 0.016333334147930145, -0.0056919436901807785, 0.0, 0.0, 0.9981881976127625, -0.016307666897773743, 0.0, 0.0]","[1.0, 0.0, 0.0, 1.4153618812561035, 0.0, 0.49898281693458557, 0.9487279653549194, 0.20464904606342316]",-55.181548084895404
12.800000000000047,246.6062774658203,-171.5562286376953,13.927370071411133,-0.17254638671875,0.4920501708984375,"[0.5235236883163452, 1.0, 0.5342184901237488, 0.8360149264335632]","[0.0, 0.0, -0.0056919436901807785, 2.566666626080405e-05, -0.028997546061873436, 1.0, 0.016333334147930145, -0.0056919436901807785, 0.0, 0.0, 0.9981881976127625, -0.016307666897773743, 0.0, 0.0]","[1.0, 0.0, 0.0, 1.4153618812561035, 0.0, 0.49898281693458557, 0.9487279653549194, 0.20464904606342316]",-55.78840560411813
12.850000000000048,245.92665100097656,-171.68161010742188,13.849109649658203,-0.144134521484375,0.4920501708984375,"[0.5286594033241272, 1.0, 0.5324532389640808, 0.9076655507087708]","[0.0, 0.0, -0.0056919436901807785, 2.566666626080405e-05, -0.028997546061873436, 1.0, 0.016333334147930145, -0.0056919436901807785, 0.0, 0.0, 0.9981881976127625, -0.016307666897773743, 0.0, 0.0]","[1.0, 0.0, 0.0, 1.4153618812561035, 0.0, 0.49898281693458557, 0.9487279653549194, 0.20464904606342316]",-56.5400307207853
12.900000000000048,245.24319458007812,-171.77593994140625,13.805279731750488,-0.1085205078125,0.4920501708984375,"[0.5315357446670532, 1.0, 0.5326470732688904, 0.8673095107078552]","[0.0, 0.0, -0.0056919436901807785, 2.566666626080405e-05, -0.028997546061873436, 1.0, 0.016333334147930145, -0.0056919436901807785, 0.0, 0.0, 0.9981881976127625, -0.016307666897773743, 0.0, 0.0]","[1.0, 0.0, 0.0, 1.4153618812561035, 0.0, 0.49898281693458557, 0.9487279653549194, 0.20464904606342316]",-57.13598795142985
12.950000000000049,244.55699157714844,-171.83169555664062,13.780559539794922,-0.070892333984375,0.4920501708984375,"[0.533158004283905, 1.0, 0.5504751205444336, 0.9164325594902039]","[0.0, 0.0, -0.0056919436901807785, 2.566666626080405e-05, -0.028997546061873436, 1.0, 0.016333334147930145, -0.0056919436901807785, 0.0, 0.0, 0.9981881976127625, -0.016307666897773743, 0.0, 0.0]","[1.0, 0.0, 0.0, 1.4153618812561035, 0.0, 0.49898281693458557, 0.9487279653549194, 0.20464904606342316]",-57.715371568233934
13.00000000000005,243.86936950683594,-171.85682678222656,13.774029731750488,-0.034210205078125,0.4920501708984375,"[0.5335865020751953, 1.0, 0.5303806662559509, 0.8570566773414612]","[0.0, 0.0, -0.0056919436901807785, 2.566666626080405e-05, -0.028997546061873436, 1.0, 0.016333334147930145, -0.0056919436901807785, 0.0, 0.0, 0.9981881976127625, -0.016307666897773743, 0.0, 0.0]","[1.0, 0.0, 0.0, 1.4153618812561035, 0.0, 0.49898281693458557, 0.9487279653549194, 0.20464904606342316]",-58.28707355889097
13.05000000000005,243.1807098388672,-171.85845947265625,13.782360076904297,0.002716064453125,0.4920501708984375,"[0.5330398082733154, 1.0, 0.4076496660709381, 0.8415593504905701]","[0.0, 0.0, -0.0056919436901807785, 2.566666626080405e-05, -0.028997546061873436, 1.0, 0.016333334147930145, -0.0056919436901807785, 0.0, 0.0, 0.9981881976127625, -0.016307666897773743, 0.0, 0.0]","[1.0, 0.0, 0.0, 1.4153618812561035, 0.0, 0.49898281693458557, 0.9487279653549194, 0.20464904606342316]",-59.05122088861564
13.100000000000051,242.49130249023438,-171.8421630859375,13.797459602355957,0.022064208984375,0.4920501708984375,"[0.5320489406585693, 1.0, 0.3006536364555359, 0.8791589140892029]","[0.0, 0.0, -0.0056919436901807785, 2.566666626080405e-05, -0.028997546061873436, 1.0, 0.016333334147930145, -0.0056919436901807785, 0.0, 0.0, 0.9981881976127625, -0.016307666897773743, 0.0, 0.0]","[1.0, 0.0, 0.0, 1.4153618812561035, 0.0, 0.49898281693458557, 0.9487279653549194, 0.20464904606342316]",-59.6282670049874
13.150000000000052,241.8012237548828,-171.81263732910156,13.817509651184082,0.029296875,0.4920501708984375,"[0.5307331681251526, 1.0, 0.20802505314350128, 0.9024879932403564]","[0.0, 0.0, -0.0056919436901807785, 2.566666626080405e-05, -0.028997546061873436, 1.0, 0.016333334147930145, -0.0056919436901807785, 0.0, 0.0, 0.9981881976127625, -0.016307666897773743, 0.0, 0.0]","[1.0, 0.0, 0.0, 1.4153618812561035, 0.0, 0.49898281693458557, 0.9487279653549194, 0.20464904606342316]",-60.21926395130078
13.200000000000053,241.11044311523438,-171.77371215820312,13.840279579162598,0.02581787109375,0.4920501708984375,"[0.5292389392852783, 1.0, 0.15761668980121613, 0.9323517084121704]","[0.0, 0.0, -0.0056919436901807785, 2.566666626080405e-05, -0.028997546061873436, 1.0, 0.016333334147930145, -0.0056919436901807785, 0.0, 0.0, 0.9981881976127625, -0.016307666897773743, 0.0, 0.0]","[1.0, 0.0, 0.0, 1.4153618812561035, 0.0, 0.49898281693458557, 0.9487279653549194, 0.20464904606342316]",-60.83042529208423
13.250000000000053,240.41888427734375,-171.72840881347656,13.864649772644043,0.018524169921875,0.4920501708984375,"[0.527639627456665, 1.0, 0.11753758043050766, 0.9495757818222046]","[0.0, 0.0, -0.0056919436901807785, 2.566666626080405e-05, -0.028997546061873436, 1.0, 0.016333334147930145, -0.0056919436901807785, 0.0, 0.0, 0.9981881976127625, -0.016307666897773743, 0.0, 0.0]","[1.0, 0.0, 0.0, 1.4153618812561035, 0.0, 0.49898281693458557, 0.9487279653549194, 0.20464904606342316]",-61.743277553346296
13.300000000000054,239.72642517089844,-171.6792755126953,13.889349937438965,0.013458251953125,0.4920501708984375,"[0.5260187387466431, 1.0, 0.07808614522218704, 0.9559013843536377]","[0.0, 0.0, -0.0056919436901807785, 2.566666626080405e-05, -0.028997546061873436, 1.0, 0.016333334147930145, -0.0056919436901807785, 0.0, 0.0, 0.9981881976127625, -0.016307666897773743, 0.0, 0.0]","[1.0, 0.0, 0.0, 1.4153618812561035, 0.0, 0.49898281693458557, 0.9487279653549194, 0.20464904606342316]",-62.43730731203773
13.350000000000055,239.0328826904297,-171.62857055664062,13.913900375366211,0.01287841796875,0.4722137451171875,"[0.5244075655937195, 1.0, 0.03951692581176758, 0.9568925499916077]","[0.0, 0.0, -0.0056919436901807785, 2.566666626080405e-05, -0.028997546061873436, 1.0, 0.016333334147930145, -0.0056919436901807785, 0.0, 0.0, 0.9981881976127625, -0.016307666897773743, 0.0, 0.0]","[1.0, 0.0, 0.0, 1.4153618812561035, 0.0, 0.49898281693458557, 0.9487279653549194, 0.20464904606342316]",-63.16560668417246
13.400000000000055,238.33819580078125,-171.57794189453125,13.936280250549316,0.015045166015625,0.4642791748046875,"[0.5229389071464539, 1.0, 0.04727165028452873, 0.9674007892608643]","[0.0, 0.0, -0.0056919436901807785, 2.566666626080405e-05, -0.028997546061873436, 1.0, 0.016333334147930145, -0.0056919436901807785, 0.0, 0.0, 0.9981881976127625, -0.016307666897773743, 0.0, 0.0]","[1.0, 0.0, 0.0, 1.4153618812561035, 0.0, 0.49898281693458557, 0.9487279653549194, 0.20464904606342316]",-63.91219759018422
13.450000000000056,237.64244079589844,-171.5287628173828,13.954959869384766,0.01904296875,0.456329345703125,"[0.5217130780220032, 1.0, 0.06975780427455902, 0.9694708585739136]","[0.0, 0.0, -0.0056919436901807785, 2.566666626080405e-05, -0.028997546061873436, 1.0, 0.016333334147930145, -0.0056919436901807785, 0.0, 0.0, 0.9981881976127625, -0.016307666897773743, 0.0, 0.0]","[1.0, 0.0, 0.0, 1.4153618812561035, 0.0, 0.49898281693458557, 0.9487279653549194, 0.20464904606342316]",-65.0335175721751
13.500000000000057,236.9457244873047,-171.48214721679688,13.970450401306152,0.02374267578125,0.452362060546875,"[0.5206965208053589, 1.0, 0.08780615776777267, 0.9750612378120422]","[0.0, 0.0, -0.0056919436901807785, 2.566666626080405e-05, -0.028997546061873436, 1.0, 0.016333334147930145, -0.0056919436901807785, 0.0, 0.0, 0.9981881976127625, -0.016307666897773743, 0.0, 0.0]","[1.0, 0.0, 0.0, 1.4153618812561035, 0.0, 0.49898281693458557, 0.9487279653549194, 0.20464904606342316]",-65.85321312305533
13.550000000000058,236.24807739257812,-171.43885803222656,13.983070373535156,0.0277099609375,0.444427490234375,"[0.5198683142662048, 1.0, 0.10091516375541687, 0.9808152318000793]","[0.0, 0.0, -0.0056919436901807785, 2.566666626080405e-05, -0.028997546061873436, 1.0, 0.016333334147930145, -0.0056919436901807785, 0.0, 0.0, 0.9981881976127625, -0.016307666897773743, 0.0, 0.0]","[1.0, 0.0, 0.0, 1.4153618812561035, 0.0, 0.49898281693458557, 0.9487279653549194, 0.20464904606342316]",-66.71557662855862
13.600000000000058,235.54966735839844,-171.39944458007812,13.993820190429688,0.02947998046875,0.444427490234375,"[0.5191628932952881, 1.0, 0.10680922865867615, 0.9897359609603882]","[0.0, 0.0, -0.0056919436901807785, 2.566666626080405e-05, -0.028997546061873436, 1.0, 0.016333334147930145, -0.0056919436901807785, 0.0, 0.0, 0.9981881976127625, -0.016307666897773743, 0.0, 0.0]","[1.0, 0.0, 0.0, 1.4153618812561035, 0.0, 0.49898281693458557, 0.9487279653549194, 0.20464904606342316]",-67.59553531249365
13.650000000000059,234.8505859375,-171.36399841308594,14.002619743347168,0.02825927734375,0.432525634765625,"[0.5185854434967041, 1.0, 0.10459955781698227, 0.9945624470710754]","[0.0, 0.0, -0.0056919436901807785, 2.566666626080405e-05, -0.028997546061873436, 1.0, 0.016333334147930145, -0.0056919436901807785, 0.0, 0.0, 0.9981881976127625, -0.016307666897773743, 0.0, 0.0]","[1.0, 0.0, 0.0, 1.4153618812561035, 0.0, 0.49898281693458557, 0.9487279653549194, 0.20464904606342316]",-68.50269041998935
13.70000000000006,234.1509552001953,-171.33253479003906,14.00883960723877,0.025665283203125,0.408721923828125,"[0.5181772708892822, 1.0, 0.09786900877952576, 0.9927906394004822]","[0.0, 0.0, -0.0056919436901807785, 2.566666626080405e-05, -0.028997546061873436, 1.0, 0.016333334147930145, -0.0056919436901807785, 0.0, 0.0, 0.9981881976127625, -0.016307666897773743, 0.0, 0.0]","[1.0, 0.0, 0.0, 1.4153618812561035, 0.0, 0.49898281693458557, 0.9487279653549194, 0.20464904606342316]",-69.1976741681582
13.75000000000006,233.4510498046875,-171.30491638183594,14.009759902954102,0.023101806640625,0.380950927734375,"[0.51811683177948, 1.0, 0.0893947184085846, 0.9914950728416443]","[0.0, 0.0, -0.0056919436901807785, 2.566666626080405e-05, -0.028997546061873436, 1.0, 0.016333334147930145, -0.0056919436901807785, 0.0, 0.0, 0.9981881976127625, -0.016307666897773743, 0.0, 0.0]","[1.0, 0.0, 0.0, 1.4153618812561035, 0.0, 0.49898281693458557, 0.9487279653549194, 0.20464904606342316]",-69.91666220389867
13.800000000000061,232.75108337402344,-171.2812042236328,14.006059646606445,0.021881103515625,0.3690338134765625,"[0.5183596611022949, 1.0, 0.08858197182416916, 0.992020845413208]","[0.0, 0.0, -0.0056919436901807785, 2.566666626080405e-05, -0.028997546061873436, 1.0, 0.016333334147930145, -0.0056919436901807785, 0.0, 0.0, 0.9981881976127625, -0.016307666897773743, 0.0, 0.0]","[1.0, 0.0, 0.0, 1.4153618812561035, 0.0, 0.49898281693458557, 0.9487279653549194, 0.20464904606342316]",-70.63346230331794
13.850000000000062,232.05137634277344,-171.261474609375,13.997179985046387,0.021881103515625,0.3610992431640625,"[0.5189423561096191, 1.0, 0.09513317793607712, 0.991956889629364]","[0.0, 0.0, -0.0056919436901807785, 2.566666626080405e-05, -0.028997546061873436, 1.0, 0.016333334147930145, -0.0056919436901807785, 0.0, 0.0, 0.9981881976127625, -0.016307666897773743, 0.0, 0.0]","[1.0, 0.0, 0.0, 1.4153618812561035, 0.0, 0.49898281693458557, 0.9487279653549194, 0.20464904606342316]",-71.57247219484925
13.900000000000063,231.35211181640625,-171.24571228027344,13.985360145568848,0.021881103515625,0.3491973876953125,"[0.5197180509567261, 1.0, 0.09615428745746613, 0.9932831525802612]","[0.0, 0.0, -0.0056919436901807785, 2.566666626080405e-05, -0.028997546061873436, 1.0, 0.016333334147930145, -0.0056919436901807785, 0.0, 0.0, 0.9981881976127625, -0.016307666897773743, 0.0, 0.0]","[1.0, 0.0, 0.0, 1.4153618812561035, 0.0, 0.49898281693458557, 0.9487279653549194, 0.20464904606342316]",-72.30457514834106
13.950000000000063,230.6534881591797,-171.23388671875,13.969389915466309,0.021881103515625,0.3452301025390625,"[0.5207661390304565, 1.0, 0.0995388999581337, 0.9914640188217163]","[0.0, 0.0, -0.0056919436901807785, 2.566666626080405e-05, -0.028997546061873436, 1.0, 0.016333334147930145, -0.0056919436901807785, 0.0, 0.0, 0.9981881976127625, -0.016307666897773743, 0.0, 0.0]","[1.0, 0.0, 0.0, 1.4153618812561035, 0.0, 0.49898281693458557, 0.9487279653549194, 0.20464904606342316]",-73.04524520322165
14.000000000000064,229.95567321777344,-171.2259521484375,13.952340126037598,0.02166748046875,0.3452301025390625,"[0.5218849778175354, 1.0, 0.09766417741775513, 0.9938398003578186]","[0.0, 0.0, -0.0056919436901807785, 2.566666626080405e-05, -0.028997546061873436, 1.0, 0.016333334147930145, -0.0056919436901807785, 0.0, 0.0, 0.9981881976127625, -0.016307666897773743, 0.0, 0.0]","[1.0, 0.0, 0.0, 1.4153618812561035, 0.0, 0.49898281693458557, 0.9487279653549194, 0.20464904606342316]",-73.80439536440537
14.050000000000065,229.2587432861328,-171.22174072265625,13.932419776916504,0.021270751953125,0.3372955322265625,"[0.523192286491394, 1.0, 0.09923868626356125, 0.9916455745697021]","[0.0, 0.0, -0.0056919436901807785, 2.566666626080405e-05, -0.028997546061873436, 1.0, 0.016333334147930145, -0.0056919436901807785, 0.0, 0.0, 0.9981881976127625, -0.016307666897773743, 0.0, 0.0]","[1.0, 0.0, 0.0, 1.4153618812561035, 0.0, 0.49898281693458557, 0.9487279653549194, 0.20464904606342316]",-74.81858186378697
14.100000000000065,228.5628204345703,-171.22119140625,13.911219596862793,0.02044677734375,0.3174591064453125,"[0.5245835185050964, 1.0, 0.09582329541444778, 0.9915315508842468]","[0.0, 0.0, -0.0056919436901807785, 2.566666626080405e-05, -0.028997546061873436, 1.0, 0.016333334147930145, -0.0056919436901807785, 0.0, 0.0, 0.9981881976127625, -0.016307666897773743, 0.0, 0.0]","[1.0, 0.0, 0.0, 1.4153618812561035, 0.0, 0.49898281693458557, 0.9487279653549194, 0.20464904606342316]",-75.60322183351789
14.150000000000066,227.86810302734375,-171.22413635253906,13.885780334472656,0.01953125,0.3095245361328125,"[0.5262529253959656, 1.0, 0.09778373688459396, 0.9890074133872986]","[0.0, 0.0, -0.0056919436901807785, 2.566666626080405e-05, -0.028997546061873436, 1.0, 0.016333334147930145, -0.0056919436901807785, 0.0, 0.0, 0.9981881976127625, -0.016307666897773743, 0.0, 0.0]","[1.0, 0.0, 0.0, 1.4153618812561035, 0.0, 0.49898281693458557, 0.9487279653549194, 0.20464904606342316]",-76.40041744903515
14.200000000000067,227.1747283935547,-171.23049926757812,13.859009742736816,0.018646240234375,0.3015899658203125,"[0.5280097723007202, 1.0, 0.09428571164608002, 0.9905784130096436]","[0.0, 0.0, -0.0056919436901807785, 2.566666626080405e-05, -0.028997546061873436, 1.0, 0.016333334147930145, -0.0056919436901807785, 0.0, 0.0, 0.9981881976127625, -0.016307666897773743, 0.0, 0.0]","[1.0, 0.0, 0.0, 1.4153618812561035, 0.0, 0.49898281693458557, 0.9487279653549194, 0.20464904606342316]",-77.22166129441372
14.250000000000068,226.48280334472656,-171.24008178710938,13.829000473022461,0.017730712890625,0.3015899658203125,"[0.5299791097640991, 1.0, 0.09559384733438492, 0.9892424941062927]","[0.0, 0.0, -0.0056919436901807785, 2.566666626080405e-05, -0.028997546061873436, 1.0, 0.016333334147930145, -0.0056919436901807785, 0.0, 0.0, 0.9981881976127625, -0.016307666897773743, 0.0, 0.0]","[1.0, 0.0, 0.0, 1.4153618812561035, 0.0, 0.49898281693458557, 0.9487279653549194, 0.20464904606342316]",-78.39009282762551
14.300000000000068,225.7924346923828,-171.25274658203125,13.799079895019531,0.016937255859375,0.3015899658203125,"[0.53194260597229, 1.0, 0.0907432958483696, 0.9907897710800171]","[0.0, 0.0, -0.0056919436901807785, 2.566666626080405e-05, -0.028997546061873436, 1.0, 0.016333334147930145, -0.0056919436901807785, 0.0, 0.0, 0.9981881976127625, -0.016307666897773743, 0.0, 0.0]","[1.0, 0.0, 0.0, 1.4153618812561035, 0.0, 0.49898281693458557, 0.9487279653549194, 0.20464904606342316]",-79.28255993030405
14.350000000000069,225.1036834716797,-171.26834106445312,13.7672700881958,0.016326904296875,0.3015899658203125,"[0.5340301394462585, 1.0, 0.09181977063417435, 0.9904460310935974]","[0.0, 0.0, -0.0056919436901807785, 2.566666626080405e-05, -0.028997546061873436, 1.0, 0.016333334147930145, -0.0056919436901807785, 0.0, 0.0, 0.9981881976127625, -0.016307666897773743, 0.0, 0.0]","[1.0, 0.0, 0.0, 1.4153618812561035, 0.0, 0.49898281693458557, 0.9487279653549194, 0.20464904606342316]",-80.19696068483562
14.40000000000007,224.41656494140625,-171.286865234375,13.736260414123535,0.016082763671875,0.3015899658203125,"[0.5360651016235352, 1.0, 0.08756043761968613, 0.9916452169418335]","[0.0, 0.0, -0.0056919436901807785, 2.566666626080405e-05, -0.028997546061873436, 1.0, 0.016333334147930145, -0.0056919436901807785, 0.0, 0.0, 0.9981881976127625, -0.016307666897773743, 0.0, 0.0]","[1.0, 0.0, 0.0, 1.4153618812561035, 0.0, 0.49898281693458557, 0.9487279653549194, 0.20464904606342316]",-81.14269518356507
14.45000000000007,223.73110961914062,-171.3080596923828,13.703980445861816,0.01513671875,0.3015899658203125,"[0.5381834506988525, 1.0, 0.08698021620512009, 0.9894196391105652]","[0.0, 0.0, -0.0056919436901807785, 2.566666626080405e-05, -0.028997546061873436, 1.0, 0.016333334147930145, -0.0056919436901807785, 0.0, 0.0, 0.9981881976127625, -0.016307666897773743, 0.0, 0.0]","[1.0, 0.0, 0.0, 1.4153618812561035, 0.0, 0.49898281693458557, 0.9487279653549194, 0.20464904606342316]",-82.53458906168876
14.500000000000071,223.0472869873047,-171.33169555664062,13.672869682312012,0.012481689453125,0.3015899658203125,"[0.540225088596344, 1.0, 0.07513494789600372, 0.9839745163917542]","[0.0, 0.0, -0.0056919436901807785, 2.566666626080405e-05, -0.028997546061873436, 1.0, 0.016333334147930145, -0.0056919436901807785, 0.0, 0.0, 0.9981881976127625, -0.016307666897773743, 0.0, 0.0]","[1.0, 0.0, 0.0, 1.4153618812561035, 0.0, 0.49898281693458557, 0.9487279653549194, 0.20464904606342316]",-83.50483765561422
14.550000000000072,222.3651123046875,-171.35708618164062,13.640859603881836,0.0079345703125,0.3015899658203125,"[0.5423257350921631, 1.0, 0.06475736200809479, 0.982398509979248]","[0.0, 0.0, -0.0056919436901807785, 2.566666626080405e-05, -0.028997546061873436, 1.0, 0.016333334147930145, -0.0056919436901807785, 0.0, 0.0, 0.9981881976127625, -0.016307666897773743, 0.0, 0.0]","[1.0, 0.0, 0.0, 1.4153618812561035, 0.0, 0.49898281693458557, 0.9487279653549194, 0.20464904606342316]",-84.53170789914269
14.600000000000072,221.68453979492188,-171.3837127685547,13.609869956970215,0.00274658203125,0.3015899658203125,"[0.5443594455718994, 1.0, 0.046791646629571915, 0.9775081276893616]","[0.0, 0.0, -0.0056919436901807785, 2.566666626080405e-05, -0.028997546061873436, 1.0, 0.016333334147930145, -0.0056919436901807785, 0.0, 0.0, 0.9981881976127625, -0.016307666897773743, 0.0, 0.0]","[1.0, 0.0, 0.0, 1.4153618812561035, 0.0, 0.49898281693458557, 0.9487279653549194, 0.20464904606342316]",-85.58255723019253
14.650000000000073,221.00558471679688,-171.4109344482422,13.578240394592285,-0.001556396484375,0.3015899658203125,"[0.5464351177215576, 1.0, 0.03769230470061302, 0.9852468371391296]","[0.0, 0.0, -0.0056919436901807785, 2.566666626080405e-05, -0.028997546061873436, 1.0, 0.016333334147930145, -0.0056919436901807785, 0.0, 0.0, 0.9981881976127625, -0.016307666897773743, 0.0, 0.0]","[1.0, 0.0, 0.0, 1.4153618812561035, 0.0, 0.49898281693458557, 0.9487279653549194, 0.20464904606342316]",-87.11994122942052
14.700000000000074,220.32815551757812,-171.43856811523438,13.54712963104248,-0.00341796875,0.3015899658203125,"[0.5484766960144043, 1.0, 0.03126109763979912, 0.9867862462997437]","[0.0, 0.0, -0.0056919436901807785, 2.566666626080405e-05, -0.028997546061873436, 1.0, 0.016333334147930145, -0.0056919436901807785, 0.0, 0.0, 0.9981881976127625, -0.016307666897773743, 0.0, 0.0]","[1.0, 0.0, 0.0, 1.4153618812561035, 0.0, 0.49898281693458557, 0.9487279653549194, 0.20464904606342316]",-88.18443639679536
14.750000000000075,219.65231323242188,-171.4662628173828,13.515959739685059,-0.00433349609375,0.3015899658203125,"[0.5505222082138062, 1.0, 0.028545495122671127, 0.9904584288597107]","[0.0, 0.0, -0.0056919436901807785, 2.566666626080405e-05, -0.028997546061873436, 1.0, 0.016333334147930145, -0.0056919436901807785, 0.0, 0.0, 0.9981881976127625, -0.016307666897773743, 0.0, 0.0]","[1.0, 0.0, 0.0, 1.4153618812561035, 0.0, 0.49898281693458557, 0.9487279653549194, 0.20464904606342316]",-89.27842552030253
14.800000000000075,218.97802734375,-171.493896484375,13.484869956970215,-0.004608154296875,0.3015899658203125,"[0.5525624752044678, 1.0, 0.03430461511015892, 0.9892755746841431]","[0.0, 0.0, -0.0056919436901807785, 2.566666626080405e-05, -0.028997546061873436, 1.0, 0.016333334147930145, -0.0056919436901807785, 0.0, 0.0, 0.9981881976127625, -0.016307666897773743, 0.0, 0.0]","[1.0, 0.0, 0.0, 1.4153618812561035, 0.0, 0.49898281693458557, 0.9487279653549194, 0.20464904606342316]",-90.32829630800937
14.850000000000076,218.30526733398438,-171.52122497558594,13.454090118408203,-0.0047607421875,0.3372955322265625,"[0.5545823574066162, 1.0, 0.0340263694524765, 0.9906054735183716]","[0.0, 0.0, -0.0056919436901807785, 2.566666626080405e-05, -0.028997546061873436, 1.0, 0.016333334147930145, -0.0056919436901807785, 0.0, 0.0, 0.9981881976127625, -0.016307666897773743, 0.0, 0.0]","[1.0, 0.0, 0.0, 1.4153618812561035, 0.0, 0.49898281693458557, 0.9487279653549194, 0.20464904606342316]",-90.90837474472166
