sim_time,x,y,speed,steer,throttle,style_scores,alert_state,alert_raw,alert_score
0.05,104.59001922607422,191.77003479003906,0.9800000190734863,0.0,0.5,"[0.3768119812011719, 0.15489999949932098, 0.0, 0.9431818127632141]","[0.0, 0.0, -3.1957933970261365e-06, 0.00011933333735214546, -0.043483711779117584, 1.0, 0.016333334147930145, -3.1957933970261365e-06, 0.0, 0.0, 1.0172526572205243e-06, -0.016214000061154366, 0.0, 0.0]","[1.0, 1.0, 0.0, 0.9370216131210327, 0.0, 0.49604785442352295, 0.5215902924537659, 0.44876015186309814]",1.0
0.1,104.59001922607422,191.77003479003906,1.4700000286102295,0.0,0.5,"[0.4089679718017578, 0.23229999840259552, 0.0, 0.9659090638160706]","[0.0, 0.0, -3.1957933970261365e-06, 0.00011933333735214546, -0.043483711779117584, 1.0, 0.016333334147930145, -3.1957933970261365e-06, 0.0, 0.0, 1.0172526572205243e-06, -0.016214000061154366, 0.0, 0.0]","[1.0, 1.0, 0.0, 0.9370216131210327, 0.0, 0.49604785442352295, 0.5215902924537659, 0.44876015186309814]",1.0
0.15000000000000002,104.59001922607422,191.77003479003906,1.7187600135803223,0.0,0.5,"[0.4252927303314209, 0.2784999907016754, 0.0, 0.7467684745788574]","[0.0, 0.0, -3.1957933970261365e-06, 0.00011933333735214546, -0.043483711779117584, 1.0, 0.016333334147930145, -3.1957933970261365e-06, 0.0, 0.0, 1.0172526572205243e-06, -0.016214000061154366, 0.0, 0.0]","[1.0, 1.0, 0.0, 0.9370216131210327, 0.0, 0.49604785442352295, 0.5215902924537659, 0.44876015186309814]",1.0
0.2,104.59001922607422,191.77003479003906,0.9489799737930298,0.0,0.5,"[0.37477630376815796, 0.14550000429153442, 0.0, 0.5113636255264282]","[0.0, 0.0, -3.1957933970261365e-06, 0.00011933333735214546, -0.043483711779117584, 1.0, 0.016333334147930145, -3.1957933970261365e-06, 0.0, 0.0, 1.0172526572205243e-06, -0.016214000061154366, 0.0, 0.0]","[1.0, 1.0, 0.0, 0.9370216131210327, 0.0, 0.49604785442352295, 0.5215902924537659, 0.44876015186309814]",1.0
0.25,104.59001922607422,191.77003479003906,0.48186999559402466,0.0,0.5,"[0.3441224694252014, 0.0763000026345253, 0.0, 0.6907535195350647]","[0.0, 0.0, -3.1957933970261365e-06, 0.00011933333735214546, -0.043483711779117584, 1.0, 0.016333334147930145, -3.1957933970261365e-06, 0.0, 0.0, 1.0172526572205243e-06, -0.016214000061154366, 0.0, 0.0]","[1.0, 1.0, 0.0, 0.9370216131210327, 0.0, 0.49604785442352295, 0.5215902924537659, 0.44876015186309814]",0.9770132939141812
0.3,104.59001922607422,191.77003479003906,0.20643000304698944,0.0,0.5,"[0.3260468542575836, 0.033399999141693115, 8.791208188085875e-07, 0.791659951210022]","[0.0, 0.0, -3.1957933970261365e-06, 0.00011933333735214546, -0.043483711779117584, 1.0, 0.016333334147930145, -3.1957933970261365e-06, 0.0, 0.0, 1.0172526572205243e-06, -0.016214000061154366, 0.0, 0.0]","[1.0, 1.0, 0.0, 0.9370216131210327, 0.0, 0.49604785442352295, 0.5215902924537659, 0.44876015186309814]",0.8853250876504868
0.35,104.59001922607422,191.77003479003906,0.05063999816775322,0.0,0.5,"[0.3158232271671295, 0.008299999870359898, 4.3956040940429375e-07, 0.8699873685836792]","[0.0, 0.0, -3.1957933970261365e-06, 0.00011933333735214546, -0.043483711779117584, 1.0, 0.016333334147930145, -3.1957933970261365e-06, 0.0, 0.0, 1.0172526572205243e-06, -0.016214000061154366, 0.0, 0.0]","[1.0, 1.0, 0.0, 0.9370216131210327, 0.0, 0.49604785442352295, 0.5215902924537659, 0.44876015186309814]",0.7783495788683066
0.39999999999999997,104.59001922607422,191.77003479003906,0.0318400003015995,0.0,0.5,"[0.3145894706249237, 0.005200000014156103, 4.3956040940429375e-07, 0.9307903051376343]","[0.0, 0.0, -3.1957933970261365e-06, 0.00011933333735214546, -0.043483711779117584, 1.0, 0.016333334147930145, -3.1957933970261365e-06, 0.0, 0.0, 1.0172526572205243e-06, -0.016214000061154366, 0.0, 0.0]","[1.0, 1.0, 0.0, 0.9370216131210327, 0.0, 0.49604785442352295, 0.5215902924537659, 0.44876015186309814]",0.4632038845738158
0.44999999999999996,104.59001922607422,191.77003479003906,0.07050999999046326,0.0,0.5,"[0.31712719798088074, 0.011699999682605267, 4.3956040940429375e-07, 0.9548987746238708]","[0.0, 0.0, -3.1957933970261365e-06, 0.00011933333735214546, -0.043483711779117584, 1.0, 0.016333334147930145, -3.1957933970261365e-06, 0.0, 0.0, 1.0172526572205243e-06, -0.016214000061154366, 0.0, 0.0]","[1.0, 1.0, 0.0, 0.9370216131210327, 0.0, 0.49604785442352295, 0.5215902924537659, 0.44876015186309814]",0.26271274501206987
0.49999999999999994,104.59001922607422,191.77003479003906,0.0839100033044815,0.0,0.5,"[0.3180065453052521, 0.013899999670684338, 0.0, 0.975192129611969]","[0.0, 0.0, -3.1957933970261365e-06, 0.00011933333735214546, -0.043483711779117584, 1.0, 0.016333334147930145, -3.1957933970261365e-06, 0.0, 0.0, 1.0172526572205243e-06, -0.016214000061154366, 0.0, 0.0]","[1.0, 1.0, 0.0, 0.9370216131210327, 0.0, 0.49604785442352295, 0.5215902924537659, 0.44876015186309814]",0.048783781738411136
0.5499999999999999,104.59001922607422,191.77003479003906,0.08347000181674957,0.0,0.5,"[0.3179776668548584, 0.013899999670684338, 4.3956040940429375e-07, 0.9873731136322021]","[0.0, 0.0, -3.1957933970261365e-06, 0.00011933333735214546, -0.043483711779117584, 1.0, 0.016333334147930145, -3.1957933970261365e-06, 0.0, 0.0, 1.0172526572205243e-06, -0.016214000061154366, 0.0, 0.0]","[1.0, 1.0, 0.0, 0.9370216131210327, 0.0, 0.49604785442352295, 0.5215902924537659, 0.44876015186309814]",-0.182110004360593
0.6,104.59001922607422,191.77003479003906,0.07614000141620636,0.0,0.5,"[0.317496657371521, 0.012600000016391277, 0.0, 0.9927284121513367]","[0.0, 0.0, -3.1957933970261365e-06, 0.00011933333735214546, -0.043483711779117584, 1.0, 0.016333334147930145, -3.1957933970261365e-06, 0.0, 0.0, 1.0172526572205243e-06, -0.016214000061154366, 0.0, 0.0]","[1.0, 1.0, 0.0, 0.9370216131210327, 0.0, 0.49604785442352295, 0.5215902924537659, 0.44876015186309814]",-0.42643889070080143
0.65,104.59001922607422,191.77003479003906,0.06597000360488892,0.0,0.5,"[0.31682923436164856, 0.010999999940395355, 4.3956040940429375e-07, 0.9960333108901978]","[0.0, 0.0, -3.1957933970261365e-06, 0.00011933333735214546, -0.043483711779117584, 1.0, 0.016333334147930145, -3.1957933970261365e-06, 0.0, 0.0, 1.0172526572205243e-06, -0.016214000061154366, 0.0, 0.0]","[1.0, 1.0, 0.0, 0.9370216131210327, 0.0, 0.49604785442352295, 0.5215902924537659, 0.44876015186309814]",-0.95600140653054
0.7000000000000001,104.59001922607422,191.77003479003906,0.05525000020861626,0.0,0.5,"[0.316125750541687, 0.009200000204145908, 4.3956040940429375e-07, 0.9980322122573853]","[0.0, 0.0, -3.1957933970261365e-06, 0.00011933333735214546, -0.043483711779117584, 1.0, 0.016333334147930145, -3.1957933970261365e-06, 0.0, 0.0, 1.0172526572205243e-06, -0.016214000061154366, 0.0, 0.0]","[1.0, 1.0, 0.0, 0.9370216131210327, 0.0, 0.49604785442352295, 0.5215902924537659, 0.44876015186309814]",-1.2493838299789735
0.7500000000000001,104.59001922607422,191.77003479003906,0.045159999281167984,0.0,0.5,"[0.3154635727405548, 0.007499999832361937, 0.0, 0.998045802116394]","[0.0, 0.0, -3.1957933970261365e-06, 0.00011933333735214546, -0.043483711779117584, 1.0, 0.016333334147930145, -3.1957933970261365e-06, 0.0, 0.0, 1.0172526572205243e-06, -0.016214000061154366, 0.0, 0.0]","[1.0, 1.0, 0.0, 0.9370216131210327, 0.0, 0.49604785442352295, 0.5215902924537659, 0.44876015186309814]",-1.5605955960937368
0.8000000000000002,104.59001922607422,191.77003479003906,0.036249998956918716,0.0,0.5,"[0.314878910779953, 0.006000000052154064, 0.0, 0.9977152347564697]","[0.0, 0.0, -3.1957933970261365e-06, 0.00011933333735214546, -0.043483711779117584, 1.0, 0.016333334147930145, -3.1957933970261365e-06, 0.0, 0.0, 1.0172526572205243e-06, -0.016214000061154366, 0.0, 0.0]","[1.0, 1.0, 0.0, 0.9370216131210327, 0.0, 0.49604785442352295, 0.5215902924537659, 0.44876015186309814]",-2.193828974362853
0.8500000000000002,104.59001922607422,191.77003479003906,0.028689999133348465,0.0,0.5,"[0.31438276171684265, 0.004800000227987766, 0.0, 0.997738242149353]","[0.0, 0.0, -3.1957933970261365e-06, 0.00011933333735214546, -0.043483711779117584, 1.0, 0.016333334147930145, -3.1957933970261365e-06, 0.0, 0.0, 1.0172526572205243e-06, -0.016214000061154366, 0.0, 0.0]","[1.0, 1.0, 0.0, 0.9370216131210327, 0.0, 0.49604785442352295, 0.5215902924537659, 0.44876015186309814]",-2.5234887546739313
0.9000000000000002,104.59001922607422,191.77003479003906,0.022450000047683716,0.0,0.5,"[0.3139732778072357, 0.003700000001117587, 0.0, 0.9979502558708191]","[0.0, 0.0, -3.1957933970261365e-06, 0.00011933333735214546, -0.043483711779117584, 1.0, 0.016333334147930145, -3.1957933970261365e-06, 0.0, 0.0, 1.0172526572205243e-06, -0.016214000061154366, 0.0, 0.0]","[1.0, 1.0, 0.0, 0.9370216131210327, 0.0, 0.49604785442352295, 0.5215902924537659, 0.44876015186309814]",-2.866575521884266
0.9500000000000003,104.59001922607422,191.77003479003906,0.017410000786185265,0.0,0.5,"[0.3136425018310547, 0.002899999963119626, 4.3956040940429375e-07, 0.9982224702835083]","[0.0, 0.0, -3.1957933970261365e-06, 0.00011933333735214546, -0.043483711779117584, 1.0, 0.016333334147930145, -3.1957933970261365e-06, 0.0, 0.0, 1.0172526572205243e-06, -0.016214000061154366, 0.0, 0.0]","[1.0, 1.0, 0.0, 0.9370216131210327, 0.0, 0.49604785442352295, 0.5215902924537659, 0.44876015186309814]",-3.2149405437451124
1.0000000000000002,104.59001922607422,191.77003479003906,0.013389999978244305,0.0,0.5,"[0.3133787214756012, 0.002199999988079071, 0.0, 0.9985188841819763]","[0.0, 0.0, -3.1957933970261365e-06, 0.00011933333735214546, -0.043483711779117584, 1.0, 0.016333334147930145, -3.1957933970261365e-06, 0.0, 0.0, 1.0172526572205243e-06, -0.016214000061154366, 0.0, 0.0]","[1.0, 1.0, 0.0, 0.9370216131210327, 0.0, 0.49604785442352295, 0.5215902924537659, 0.44876015186309814]",-3.577136558706174
1.0500000000000003,104.59001922607422,191.77003479003906,0.010239999741315842,0.0,0.5,"[0.31317201256752014, 0.0017000000225380063, 0.0, 0.998788595199585]","[0.0, 0.0, -3.1957933970261365e-06, 0.00011933333735214546, -0.043483711779117584, 1.0, 0.016333334147930145, -3.1957933970261365e-06, 0.0, 0.0, 1.0172526572205243e-06, -0.016214000061154366, 0.0, 0.0]","[1.0, 1.0, 0.0, 0.9370216131210327, 0.0, 0.49604785442352295, 0.5215902924537659, 0.44876015186309814]",-4.321364736501321
1.1000000000000003,104.59001922607422,191.77003479003906,0.007780000101774931,0.0,0.5,"[0.313010573387146, 0.0013000000035390258, 8.791208188085875e-07, 0.9990307688713074]","[0.0, 0.0, -3.1957933970261365e-06, 0.00011933333735214546, -0.043483711779117584, 1.0, 0.016333334147930145, -3.1957933970261365e-06, 0.0, 0.0, 1.0172526572205243e-06, -0.016214000061154366, 0.0, 0.0]","[1.0, 1.0, 0.0, 0.9370216131210327, 0.0, 0.49604785442352295, 0.5215902924537659, 0.44876015186309814]",-4.7121275018228586
1.1500000000000004,104.59001922607422,191.77003479003906,0.005880000069737434,0.0,0.5,"[0.3128858506679535, 0.0010000000474974513, 8.791208188085875e-07, 0.9992302060127258]","[0.0, 0.0, -3.1957933970261365e-06, 0.00011933333735214546, -0.043483711779117584, 1.0, 0.016333334147930145, -3.1957933970261365e-06, 0.0, 0.0, 1.0172526572205243e-06, -0.016214000061154366, 0.0, 0.0]","[1.0, 1.0, 0.0, 0.9370216131210327, 0.0, 0.49604785442352295, 0.5215902924537659, 0.44876015186309814]",-5.119417867527237
1.2000000000000004,104.59001922607422,191.77003479003906,0.004430000204592943,0.0,0.5,"[0.3127906918525696, 0.000699999975040555, 0.0, 0.9993983507156372]","[0.0, 0.0, -3.1957933970261365e-06, 0.00011933333735214546, -0.043483711779117584, 1.0, 0.016333334147930145, -3.1957933970261365e-06, 0.0, 0.0, 1.0172526572205243e-06, -0.016214000061154366, 0.0, 0.0]","[1.0, 1.0, 0.0, 0.9370216131210327, 0.0, 0.49604785442352295, 0.5215902924537659, 0.44876015186309814]",-5.542394957901582
1.2500000000000004,104.59001922607422,191.77003479003906,0.003329999977722764,0.0,0.5,"[0.31271854043006897, 0.0006000000284984708, 0.0, 0.9995371103286743]","[0.0, 0.0, -3.1957933970261365e-06, 0.00011933333735214546, -0.043483711779117584, 1.0, 0.016333334147930145, -3.1957933970261365e-06, 0.0, 0.0, 1.0172526572205243e-06, -0.016214000061154366, 0.0, 0.0]","[1.0, 1.0, 0.0, 0.9370216131210327, 0.0, 0.49604785442352295, 0.5215902924537659, 0.44876015186309814]",-6.433533151127166
1.3000000000000005,104.59001922607422,191.77003479003906,0.0004400000034365803,0.0,0.5,"[0.31252890825271606, 9.999999747378752e-05, 0.0, 0.9979907870292664]","[0.0, 0.0, -3.1957933970261365e-06, 0.00011933333735214546, -0.043483711779117584, 1.0, 0.016333334147930145, -3.1957933970261365e-06, 0.0, 0.0, 1.0172526572205243e-06, -0.016214000061154366, 0.0, 0.0]","[1.0, 1.0, 0.0, 0.9370216131210327, 0.0, 0.49604785442352295, 0.5215902924537659, 0.44876015186309814]",-6.916577673541862
1.3500000000000005,104.59001922607422,191.77003479003906,0.0009699999936856329,0.0,0.5,"[0.3125636577606201, 0.00019999999494757503, 0.0, 0.9968278408050537]","[0.0, 0.0, -3.1957933970261365e-06, 0.00011933333735214546, -0.043483711779117584, 1.0, 0.016333334147930145, -3.1957933970261365e-06, 0.0, 0.0, 1.0172526572205243e-06, -0.016214000061154366, 0.0, 0.0]","[1.0, 1.0, 0.0, 0.9370216131210327, 0.0, 0.49604785442352295, 0.5215902924537659, 0.44876015186309814]",-7.429930704447596
1.4000000000000006,104.59001922607422,191.77003479003906,0.0011500000255182385,0.0,0.5,"[0.31257545948028564, 0.00019999999494757503, 0.0, 0.999661386013031]","[0.0, 0.0, -3.1957933970261365e-06, 0.00011933333735214546, -0.043483711779117584, 1.0, 0.016333334147930145, -3.1957933970261365e-06, 0.0, 0.0, 1.0172526572205243e-06, -0.016214000061154366, 0.0, 0.0]","[1.0, 1.0, 0.0, 0.9370216131210327, 0.0, 0.49604785442352295, 0.5215902924537659, 0.44876015186309814]",-7.946769524116849
1.4500000000000006,104.59001922607422,191.77003479003906,0.0011399999493733048,0.0,0.5,"[0.3125748038291931, 0.00019999999494757503, 0.0, 0.9998289942741394]","[0.0, 0.0, -3.1957933970261365e-06, 0.00011933333735214546, -0.043483711779117584, 1.0, 0.016333334147930145, -3.1957933970261365e-06, 0.0, 0.0, 1.0172526572205243e-06, -0.016214000061154366, 0.0, 0.0]","[1.0, 1.0, 0.0, 0.9370216131210327, 0.0, 0.49604785442352295, 0.5215902924537659, 0.44876015186309814]",-8.970962099603362
1.5000000000000007,104.59001922607422,191.77003479003906,0.0010400000028312206,0.0,0.5,"[0.3125682473182678, 0.00019999999494757503, 0.0, 0.9998992085456848]","[0.0, 0.0, -3.1957933970261365e-06, 0.00011933333735214546, -0.043483711779117584, 1.0, 0.016333334147930145, -3.1957933970261365e-06, 0.0, 0.0, 1.0172526572205243e-06, -0.016214000061154366, 0.0, 0.0]","[1.0, 1.0, 0.0, 0.9370216131210327, 0.0, 0.49604785442352295, 0.5215902924537659, 0.44876015186309814]",-9.49229887613548
1.5500000000000007,104.59001922607422,191.77003479003906,0.0008999999845400453,0.0,0.5,"[0.31255903840065, 9.999999747378752e-05, 0.0, 0.9999477863311768]","[0.0, 0.0, -3.1957933970261365e-06, 0.00011933333735214546, -0.043483711779117584, 1.0, 0.016333334147930145, -3.1957933970261365e-06, 0.0, 0.0, 1.0172526572205243e-06, -0.016214000061154366, 0.0, 0.0]","[1.0, 1.0, 0.0, 0.9370216131210327, 0.0, 0.49604785442352295, 0.5215902924537659, 0.44876015186309814]",-10.028513227196484
1.6000000000000008,104.59001922607422,191.77003479003906,0.0007600000244565308,0.0,0.5,"[0.312549889087677, 9.999999747378752e-05, 0.0, 0.999972939491272]","[0.0, 0.0, -3.1957933970261365e-06, 0.00011933333735214546, -0.043483711779117584, 1.0, 0.016333334147930145, -3.1957933970261365e-06, 0.0, 0.0, 1.0172526572205243e-06, -0.016214000061154366, 0.0, 0.0]","[1.0, 1.0, 0.0, 0.9370216131210327, 0.0, 0.49604785442352295, 0.5215902924537659, 0.44876015186309814]",-11.23770267040033
1.6500000000000008,104.59001922607422,191.77003479003906,0.0006200000061653554,0.0,0.5,"[0.3125406801700592, 9.999999747378752e-05, 0.0, 0.9999728202819824]","[0.0, 0.0, -3.1957933970261365e-06, 0.00011933333735214546, -0.043483711779117584, 1.0, 0.016333334147930145, -3.1957933970261365e-06, 0.0, 0.0, 1.0172526572205243e-06, -0.016214000061154366, 0.0, 0.0]","[1.0, 1.0, 0.0, 0.9370216131210327, 0.0, 0.49604785442352295, 0.5215902924537659, 0.44876015186309814]",-11.861293437855954
1.7000000000000008,104.59001922607422,191.77003479003906,0.0005000000237487257,0.0,0.5,"[0.31253284215927124, 9.999999747378752e-05, 0.0, 0.9999681711196899]","[0.0, 0.0, -3.1957933970261365e-06, 0.00011933333735214546, -0.043483711779117584, 1.0, 0.016333334147930145, -3.1957933970261365e-06, 0.0, 0.0, 1.0172526572205243e-06, -0.016214000061154366, 0.0, 0.0]","[1.0, 1.0, 0.0, 0.9370216131210327, 0.0, 0.49604785442352295, 0.5215902924537659, 0.44876015186309814]",-12.541691332924376
1.7500000000000009,104.59001922607422,191.77003479003906,0.00015999999595806003,0.0,0.5,"[0.31251052021980286, 0.0, 0.0, 0.9997616410255432]","[0.0, 0.0, -3.1957933970261365e-06, 0.00011933333735214546, -0.043483711779117584, 1.0, 0.016333334147930145, -3.1957933970261365e-06, 0.0, 0.0, 1.0172526572205243e-06, -0.016214000061154366, 0.0, 0.0]","[1.0, 1.0, 0.0, 0.9370216131210327, 0.0, 0.49604785442352295, 0.5215902924537659, 0.44876015186309814]",-13.215063768796735
1.800000000000001,104.59001922607422,191.77003479003906,0.0002300000051036477,0.0,0.5,"[0.3125150799751282, 0.0, 0.0, 0.9996312260627747]","[0.0, 0.0, -3.1957933970261365e-06, 0.00011933333735214546, -0.043483711779117584, 1.0, 0.016333334147930145, -3.1957933970261365e-06, 0.0, 0.0, 1.0172526572205243e-06, -0.016214000061154366, 0.0, 0.0]","[1.0, 1.0, 0.0, 0.9370216131210327, 0.0, 0.49604785442352295, 0.5215902924537659, 0.44876015186309814]",-13.978459956505523
1.850000000000001,104.59001922607422,191.77003479003906,0.00023999999393709004,0.0,0.5,"[0.3125157356262207, 0.0, 0.0, 0.999954104423523]","[0.0, 0.0, -3.1957933970261365e-06, 0.00011933333735214546, -0.043483711779117584, 1.0, 0.016333334147930145, -3.1957933970261365e-06, 0.0, 0.0, 1.0172526572205243e-06, -0.016214000061154366, 0.0, 0.0]","[1.0, 1.0, 0.0, 0.9370216131210327, 0.0, 0.49604785442352295, 0.5215902924537659, 0.44876015186309814]",-14.299005260929926
1.900000000000001,104.59001922607422,191.77003479003906,0.00022000000171829015,0.0,0.5,"[0.31251442432403564, 0.0, 0.0, 0.9999698996543884]","[0.0, 0.0, -3.1957933970261365e-06, 0.00011933333735214546, -0.043483711779117584, 1.0, 0.016333334147930145, -3.1957933970261365e-06, 0.0, 0.0, 1.0172526572205243e-06, -0.016214000061154366, 0.0, 0.0]","[1.0, 1.0, 0.0, 0.9370216131210327, 0.0, 0.49604785442352295, 0.5215902924537659, 0.44876015186309814]",-14.627871017038496
1.950000000000001,104.59001922607422,191.77003479003906,0.00019999999494757503,0.0,0.5,"[0.3125131130218506, 0.0, 0.0, 0.9999889731407166]","[0.0, 0.0, -3.1957933970261365e-06, 0.00011933333735214546, -0.043483711779117584, 1.0, 0.016333334147930145, -3.1957933970261365e-06, 0.0, 0.0, 1.0172526572205243e-06, -0.016214000061154366, 0.0, 0.0]","[1.0, 1.0, 0.0, 0.9370216131210327, 0.0, 0.49604785442352295, 0.5215902924537659, 0.44876015186309814]",-14.987381620574725
2.000000000000001,104.59001922607422,191.77003479003906,0.00016999999934341758,0.0,0.5,"[0.312511146068573, 0.0, 0.0, 0.9999914169311523]","[0.0, 0.0, -3.1957933970261365e-06, 0.00011933333735214546, -0.043483711779117584, 1.0, 0.016333334147930145, -3.1957933970261365e-06, 0.0, 0.0, 1.0172526572205243e-06, -0.016214000061154366, 0.0, 0.0]","[1.0, 1.0, 0.0, 0.9370216131210327, 0.0, 0.49604785442352295, 0.5215902924537659, 0.44876015186309814]",-15.724637679534226
2.0500000000000007,104.59001922607422,191.77003479003906,0.00014000000373926014,0.0,0.5,"[0.3125092089176178, 0.0, 0.0, 0.9999949932098389]","[0.0, 0.0, -3.1957933970261365e-06, 0.00011933333735214546, -0.043483711779117584, 1.0, 0.016333334147930145, -3.1957933970261365e-06, 0.0, 0.0, 1.0172526572205243e-06, -0.016214000061154366, 0.0, 0.0]","[1.0, 1.0, 0.0, 0.9370216131210327, 0.0, 0.49604785442352295, 0.5215902924537659, 0.44876015186309814]",-16.09858196042842
2.1000000000000005,104.59001922607422,191.77003479003906,0.00011000000085914508,0.0,0.5,"[0.3125072121620178, 0.0, 0.0, 0.9999936819076538]","[0.0, 0.0, -3.1957933970261365e-06, 0.00011933333735214546, -0.043483711779117584, 1.0, 0.016333334147930145, -3.1957933970261365e-06, 0.0, 0.0, 1.0172526572205243e-06, -0.016214000061154366, 0.0, 0.0]","[1.0, 1.0, 0.0, 0.9370216131210327, 0.0, 0.49604785442352295, 0.5215902924537659, 0.44876015186309814]",-16.448781648206932
2.1500000000000004,104.59001922607422,191.77003479003906,1.9999999494757503e-05,0.0,0.5,"[0.31250131130218506, 0.0, 0.0, 0.999931275844574]","[0.0, 0.0, -3.1957933970261365e-06, 0.00011933333735214546, -0.043483711779117584, 1.0, 0.016333334147930145, -3.1957933970261365e-06, 0.0, 0.0, 1.0172526572205243e-06, -0.016214000061154366, 0.0, 0.0]","[1.0, 1.0, 0.0, 0.9370216131210327, 0.0, 0.49604785442352295, 0.5215902924537659, 0.44876015186309814]",-16.77130129626649
2.2,104.59001922607422,191.77003479003906,3.9999998989515007e-05,0.0,0.5,"[0.3125026226043701, 0.0, 0.0, 0.999897837638855]","[0.0, 0.0, -3.1957933970261365e-06, 0.00011933333735214546, -0.043483711779117584, 1.0, 0.016333334147930145, -3.1957933970261365e-06, 0.0, 0.0, 1.0172526572205243e-06, -0.016214000061154366, 0.0, 0.0]","[1.0, 1.0, 0.0, 0.9370216131210327, 0.0, 0.49604785442352295, 0.5215902924537659, 0.44876015186309814]",-17.369780119434814
2.25,104.59001922607422,191.77003479003906,4.999999873689376e-05,0.0,0.5,"[0.31250327825546265, 0.0, 0.0, 0.9999860525131226]","[0.0, 0.0, -3.1957933970261365e-06, 0.00011933333735214546, -0.043483711779117584, 1.0, 0.016333334147930145, -3.1957933970261365e-06, 0.0, 0.0, 1.0172526572205243e-06, -0.016214000061154366, 0.0, 0.0]","[1.0, 1.0, 0.0, 0.9370216131210327, 0.0, 0.49604785442352295, 0.5215902924537659, 0.44876015186309814]",-17.66411656800228
2.3,104.59001922607422,191.77003479003906,4.999999873689376e-05,0.0,0.5,"[0.31250327825546265, 0.0, 0.0, 0.9999924302101135]","[0.0, 0.0, -3.1957933970261365e-06, 0.00011933333735214546, -0.043483711779117584, 1.0, 0.016333334147930145, -3.1957933970261365e-06, 0.0, 0.0, 1.0172526572205243e-06, -0.016214000061154366, 0.0, 0.0]","[1.0, 1.0, 0.0, 0.9370216131210327, 0.0, 0.49604785442352295, 0.5215902924537659, 0.44876015186309814]",-17.963749604430554
2.3499999999999996,104.59001922607422,191.77003479003906,3.9999998989515007e-05,0.0,0.5,"[0.3125026226043701, 0.0, 0.0, 0.9999963045120239]","[0.0, 0.0, -3.1957933970261365e-06, 0.00011933333735214546, -0.043483711779117584, 1.0, 0.016333334147930145, -3.1957933970261365e-06, 0.0, 0.0, 1.0172526572205243e-06, -0.016214000061154366, 0.0, 0.0]","[1.0, 1.0, 0.0, 0.9370216131210327, 0.0, 0.49604785442352295, 0.5215902924537659, 0.44876015186309814]",-18.269835119048903
2.3999999999999995,104.59001922607422,191.77003479003906,3.9999998989515007e-05,0.0,0.5,"[0.3125026226043701, 0.0, 0.0, 0.9999979734420776]","[0.0, 0.0, -3.1957933970261365e-06, 0.00011933333735214546, -0.043483711779117584, 1.0, 0.016333334147930145, -3.1957933970261365e-06, 0.0, 0.0, 1.0172526572205243e-06, -0.016214000061154366, 0.0, 0.0]","[1.0, 1.0, 0.0, 0.9370216131210327, 0.0, 0.49604785442352295, 0.5215902924537659, 0.44876015186309814]",-18.87345572965616
2.4499999999999993,104.59001922607422,191.77003479003906,2.9999999242136255e-05,0.0,0.5,"[0.3125019669532776, 0.0, 0.0, 0.9999979138374329]","[0.0, 0.0, -3.1957933970261365e-06, 0.00011933333735214546, -0.043483711779117584, 1.0, 0.016333334147930145, -3.1957933970261365e-06, 0.0, 0.0, 1.0172526572205243e-06, -0.016214000061154366, 0.0, 0.0]","[1.0, 1.0, 0.0, 0.9370216131210327, 0.0, 0.49604785442352295, 0.5215902924537659, 0.44876015186309814]",-19.176823483083467
2.499999999999999,104.59001922607422,191.77003479003906,2.9999999242136255e-05,0.0,0.5,"[0.3125019669532776, 0.0, 4.3956040940429375e-07, 0.9999993443489075]","[0.0, 0.0, -3.1957933970261365e-06, 0.00011933333735214546, -0.043483711779117584, 1.0, 0.016333334147930145, -3.1957933970261365e-06, 0.0, 0.0, 1.0172526572205243e-06, -0.016214000061154366, 0.0, 0.0]","[1.0, 1.0, 0.0, 0.9370216131210327, 0.0, 0.49604785442352295, 0.5215902924537659, 0.44876015186309814]",-19.473560504021712
2.549999999999999,104.59001922607422,191.77003479003906,0.0,0.0,0.5,"[0.3125, 0.0, 4.3956040940429375e-07, 0.9999783635139465]","[0.0, 0.0, -3.1957933970261365e-06, 0.00011933333735214546, -0.043483711779117584, 1.0, 0.016333334147930145, -3.1957933970261365e-06, 0.0, 0.0, 1.0172526572205243e-06, -0.016214000061154366, 0.0, 0.0]","[1.0, 1.0, 0.0, 0.9370216131210327, 0.0, 0.49604785442352295, 0.5215902924537659, 0.44876015186309814]",-19.76055772093947
2.5999999999999988,104.59001922607422,191.77003479003906,9.999999747378752e-06,0.0,0.5,"[0.31250065565109253, 0.0, 0.0, 0.9999685883522034]","[0.0, 0.0, -3.1957933970261365e-06, 0.00011933333735214546, -0.043483711779117584, 1.0, 0.016333334147930145, -3.1957933970261365e-06, 0.0, 0.0, 1.0172526572205243e-06, -0.016214000061154366, 0.0, 0.0]","[1.0, 1.0, 0.0, 0.9370216131210327, 0.0, 0.49604785442352295, 0.5215902924537659, 0.44876015186309814]",-20.315635570954313
2.6499999999999986,104.59001922607422,191.77003479003906,9.999999747378752e-06,0.0,0.5,"[0.31250065565109253, 0.0, 0.0, 0.9999962449073792]","[0.0, 0.0, -3.1957933970261365e-06, 0.00011933333735214546, -0.043483711779117584, 1.0, 0.016333334147930145, -3.1957933970261365e-06, 0.0, 0.0, 1.0172526572205243e-06, -0.016214000061154366, 0.0, 0.0]","[1.0, 1.0, 0.0, 0.9370216131210327, 0.0, 0.49604785442352295, 0.5215902924537659, 0.44876015186309814]",-20.581090606913698
2.6999999999999984,104.59001922607422,191.77003479003906,9.999999747378752e-06,0.0,0.5,"[0.31250065565109253, 0.0, 0.0, 0.999997079372406]","[0.0, 0.0, -3.1957933970261365e-06, 0.00011933333735214546, -0.043483711779117584, 1.0, 0.016333334147930145, -3.1957933970261365e-06, 0.0, 0.0, 1.0172526572205243e-06, -0.016214000061154366, 0.0, 0.0]","[1.0, 1.0, 0.0, 0.9370216131210327, 0.0, 0.49604785442352295, 0.5215902924537659, 0.44876015186309814]",-20.835654635999845
2.7499999999999982,104.59001922607422,191.77003479003906,9.999999747378752e-06,0.0,0.5,"[0.31250065565109253, 0.0, 0.0, 0.9999998211860657]","[0.0, 0.0, -3.1957933970261365e-06, 0.00011933333735214546, -0.043483711779117584, 1.0, 0.016333334147930145, -3.1957933970261365e-06, 0.0, 0.0, 1.0172526572205243e-06, -0.016214000061154366, 0.0, 0.0]","[1.0, 1.0, 0.0, 0.9370216131210327, 0.0, 0.49604785442352295, 0.5215902924537659, 0.44876015186309814]",-21.08200507454226
2.799999999999998,104.59001922607422,191.77003479003906,9.999999747378752e-06,0.0,0.5,"[0.31250065565109253, 0.0, 0.0, 0.9999999403953552]","[0.0, 0.0, -3.1957933970261365e-06, 0.00011933333735214546, -0.043483711779117584, 1.0, 0.016333334147930145, -3.1957933970261365e-06, 0.0, 0.0, 1.0172526572205243e-06, -0.016214000061154366, 0.0, 0.0]","[1.0, 1.0, 0.0, 0.9370216131210327, 0.0, 0.49604785442352295, 0.5215902924537659, 0.44876015186309814]",-21.560576531704708
2.849999999999998,104.59001922607422,191.77003479003906,9.999999747378752e-06,0.0,0.5,"[0.31250065565109253, 0.0, 0.0, 0.9999991655349731]","[0.0, 0.0, -3.1957933970261365e-06, 0.00011933333735214546, -0.043483711779117584, 1.0, 0.016333334147930145, -3.1957933970261365e-06, 0.0, 0.0, 1.0172526572205243e-06, -0.016214000061154366, 0.0, 0.0]","[1.0, 1.0, 0.0, 0.9370216131210327, 0.0, 0.49604785442352295, 0.5215902924537659, 0.44876015186309814]",-21.801040473508582
2.8999999999999977,104.59001922607422,191.77003479003906,9.999999747378752e-06,0.0,0.5,"[0.31250065565109253, 0.0, 0.0, 0.9999991655349731]","[0.0, 0.0, -3.1957933970261365e-06, 0.00011933333735214546, -0.043483711779117584, 1.0, 0.016333334147930145, -3.1957933970261365e-06, 0.0, 0.0, 1.0172526572205243e-06, -0.016214000061154366, 0.0, 0.0]","[1.0, 1.0, 0.0, 0.9370216131210327, 0.0, 0.49604785442352295, 0.5215902924537659, 0.44876015186309814]",-22.03084819189981
2.9499999999999975,104.59001922607422,191.77003479003906,9.999999747378752e-06,0.0,0.5,"[0.31250065565109253, 0.0, 0.0, 0.9999991059303284]","[0.0, 0.0, -3.1957933970261365e-06, 0.00011933333735214546, -0.043483711779117584, 1.0, 0.016333334147930145, -3.1957933970261365e-06, 0.0, 0.0, 1.0172526572205243e-06, -0.016214000061154366, 0.0, 0.0]","[1.0, 1.0, 0.0, 0.9370216131210327, 0.0, 0.49604785442352295, 0.5215902924537659, 0.44876015186309814]",-22.266755417443186
2.9999999999999973,104.59001922607422,191.77003479003906,0.0,0.0,0.5,"[0.3125, 0.0, 0.0, 0.9999973773956299]","[0.0, 0.0, -3.1957933970261365e-06, 0.00011933333735214546, -0.043483711779117584, 1.0, 0.016333334147930145, -3.1957933970261365e-06, 0.0, 0.0, 1.0172526572205243e-06, -0.016214000061154366, 0.0, 0.0]","[1.0, 1.0, 0.0, 0.9370216131210327, 0.0, 0.49604785442352295, 0.5215902924537659, 0.44876015186309814]",-22.733469238957962
3.049999999999997,104.59001922607422,191.77003479003906,0.0,0.0,0.5,"[0.3125, 0.0, 0.0, 0.9999945759773254]","[0.0, 0.0, -3.1957933970261365e-06, 0.00011933333735214546, -0.043483711779117584, 1.0, 0.016333334147930145, -3.1957933970261365e-06, 0.0, 0.0, 1.0172526572205243e-06, -0.016214000061154366, 0.0, 0.0]","[1.0, 1.0, 0.0, 0.9370216131210327, 0.0, 0.49604785442352295, 0.5215902924537659, 0.44876015186309814]",-22.956322038978218
3.099999999999997,104.59001922607422,191.77003479003906,0.0,0.0,0.5,"[0.3125, 0.0, 0.0, 0.9999989867210388]","[0.0, 0.0, -3.1957933970261365e-06, 0.00011933333735214546, -0.043483711779117584, 1.0, 0.016333334147930145, -3.1957933970261365e-06, 0.0, 0.0, 1.0172526572205243e-06, -0.016214000061154366, 0.0, 0.0]","[1.0, 1.0, 0.0, 0.9370216131210327, 0.0, 0.49604785442352295, 0.5215902924537659, 0.44876015186309814]",-23.17876478007259
3.149999999999997,104.59001922607422,191.77003479003906,0.0,0.0,0.5,"[0.3125, 0.0, 0.0, 0.9999997615814209]","[0.0, 0.0, -3.1957933970261365e-06, 0.00011933333735214546, -0.043483711779117584, 1.0, 0.016333334147930145, -3.1957933970261365e-06, 0.0, 0.0, 1.0172526572205243e-06, -0.016214000061154366, 0.0, 0.0]","[1.0, 1.0, 0.0, 0.9370216131210327, 0.0, 0.49604785442352295, 0.5215902924537659, 0.44876015186309814]",-23.401658689528194
3.1999999999999966,104.59001922607422,191.77003479003906,0.0,0.0,0.5,"[0.3125, 0.0, 0.0, 0.9999997615814209]","[0.0, 0.0, -3.1957933970261365e-06, 0.00011933333735214546, -0.043483711779117584, 1.0, 0.016333334147930145, -3.1957933970261365e-06, 0.0, 0.0, 1.0172526572205243e-06, -0.016214000061154366, 0.0, 0.0]","[1.0, 1.0, 0.0, 0.9370216131210327, 0.0, 0.49604785442352295, 0.5215902924537659, 0.44876015186309814]",-23.82936256777999
3.2499999999999964,104.59001922607422,191.77003479003906,0.0,0.0,0.5,"[0.3125, 0.0, 0.0, 0.9999998807907104]","[0.0, 0.0, -3.1957933970261365e-06, 0.00011933333735214546, -0.043483711779117584, 1.0, 0.016333334147930145, -3.1957933970261365e-06, 0.0, 0.0, 1.0172526572205243e-06, -0.016214000061154366, 0.0, 0.0]","[1.0, 1.0, 0.0, 0.9370216131210327, 0.0, 0.49604785442352295, 0.5215902924537659, 0.44876015186309814]",-24.033099757428747
3.2999999999999963,104.59001922607422,191.77003479003906,0.0,0.0,0.5,"[0.3125, 0.0, 0.0, 0.9999998211860657]","[0.0, 0.0, -3.1957933970261365e-06, 0.00011933333735214546, -0.043483711779117584, 1.0, 0.016333334147930145, -3.1957933970261365e-06, 0.0, 0.0, 1.0172526572205243e-06, -0.016214000061154366, 0.0, 0.0]","[1.0, 1.0, 0.0, 0.9370216131210327, 0.0, 0.49604785442352295, 0.5215902924537659, 0.44876015186309814]",-24.230599881835257
3.349999999999996,104.59001922607422,191.77003479003906,0.0,0.0,0.5,"[0.3125, 0.0, 0.0, 0.9999998807907104]","[0.0, 0.0, -3.1957933970261365e-06, 0.00011933333735214546, -0.043483711779117584, 1.0, 0.016333334147930145, -3.1957933970261365e-06, 0.0, 0.0, 1.0172526572205243e-06, -0.016214000061154366, 0.0, 0.0]","[1.0, 1.0, 0.0, 0.9370216131210327, 0.0, 0.49604785442352295, 0.5215902924537659, 0.44876015186309814]",-24.42648523351684
3.399999999999996,104.59001922607422,191.77003479003906,0.0,0.0,0.5,"[0.3125, 0.0, 0.0, 0.9999973773956299]","[0.0, 0.0, -3.1957933970261365e-06, 0.00011933333735214546, -0.043483711779117584, 1.0, 0.016333334147930145, -3.1957933970261365e-06, 0.0, 0.0, 1.0172526572205243e-06, -0.016214000061154366, 0.0, 0.0]","[1.0, 1.0, 0.0, 0.9370216131210327, 0.0, 0.49604785442352295, 0.5215902924537659, 0.44876015186309814]",-24.792335199323603
3.4499999999999957,104.59001922607422,191.77003479003906,0.0,0.0,0.5,"[0.3125, 0.0, 0.0, 0.9999964833259583]","[0.0, 0.0, -3.1957933970261365e-06, 0.00011933333735214546, -0.043483711779117584, 1.0, 0.016333334147930145, -3.1957933970261365e-06, 0.0, 0.0, 1.0172526572205243e-06, -0.016214000061154366, 0.0, 0.0]","[1.0, 1.0, 0.0, 0.9370216131210327, 0.0, 0.49604785442352295, 0.5215902924537659, 0.44876015186309814]",-24.97286539628615
3.4999999999999956,104.59001922607422,191.77003479003906,0.0,0.0,0.5,"[0.3125, 0.0, 0.0, 1.0]","[0.0, 0.0, -3.1957933970261365e-06, 0.00011933333735214546, -0.043483711779117584, 1.0, 0.016333334147930145, -3.1957933970261365e-06, 0.0, 0.0, 1.0172526572205243e-06, -0.016214000061154366, 0.0, 0.0]","[1.0, 1.0, 0.0, 0.9370216131210327, 0.0, 0.49604785442352295, 0.5215902924537659, 0.44876015186309814]",-25.157555189578694
3.5499999999999954,104.59001922607422,191.77003479003906,0.0,0.0,0.5,"[0.3125, 0.0, 0.0, 1.0]","[0.0, 0.0, -3.1957933970261365e-06, 0.00011933333735214546, -0.043483711779117584, 1.0, 0.016333334147930145, -3.1957933970261365e-06, 0.0, 0.0, 1.0172526572205243e-06, -0.016214000061154366, 0.0, 0.0]","[1.0, 1.0, 0.0, 0.9370216131210327, 0.0, 0.49604785442352295, 0.5215902924537659, 0.44876015186309814]",-25.340805357880864
3.599999999999995,104.59001922607422,191.77003479003906,0.0,0.0,0.5,"[0.3125, 0.0, 0.0, 1.0]","[0.0, 0.0, -3.1957933970261365e-06, 0.00011933333735214546, -0.043483711779117584, 1.0, 0.016333334147930145, -3.1957933970261365e-06, 0.0, 0.0, 1.0172526572205243e-06, -0.016214000061154366, 0.0, 0.0]","[1.0, 1.0, 0.0, 0.9370216131210327, 0.0, 0.49604785442352295, 0.5215902924537659, 0.44876015186309814]",-25.69479563641214
3.649999999999995,104.59001922607422,191.77003479003906,0.0,0.0,0.5,"[0.3125, 0.0, 0.0, 1.0]","[0.0, 0.0, -3.1957933970261365e-06, 0.00011933333735214546, -0.043483711779117584, 1.0, 0.016333334147930145, -3.1957933970261365e-06, 0.0, 0.0, 1.0172526572205243e-06, -0.016214000061154366, 0.0, 0.0]","[1.0, 1.0, 0.0, 0.9370216131210327, 0.0, 0.49604785442352295, 0.5215902924537659, 0.44876015186309814]",-25.86710101957552
3.699999999999995,104.59001922607422,191.77003479003906,0.0,0.0,0.5,"[0.3125, 0.0, 0.0, 0.9999990463256836]","[0.0, 0.0, -3.1957933970261365e-06, 0.00011933333735214546, -0.043483711779117584, 1.0, 0.016333334147930145, -3.1957933970261365e-06, 0.0, 0.0, 1.0172526572205243e-06, -0.016214000061154366, 0.0, 0.0]","[1.0, 1.0, 0.0, 0.9370216131210327, 0.0, 0.49604785442352295, 0.5215902924537659, 0.44876015186309814]",-26.035160366394333
3.7499999999999947,104.59001922607422,191.77003479003906,0.0,0.0,0.5,"[0.3125, 0.0, 0.0, 0.9999991655349731]","[0.0, 0.0, -3.1957933970261365e-06, 0.00011933333735214546, -0.043483711779117584, 1.0, 0.016333334147930145, -3.1957933970261365e-06, 0.0, 0.0, 1.0172526572205243e-06, -0.016214000061154366, 0.0, 0.0]","[1.0, 1.0, 0.0, 0.9370216131210327, 0.0, 0.49604785442352295, 0.5215902924537659, 0.44876015186309814]",-26.201375001569374
3.7999999999999945,104.59001922607422,191.77003479003906,0.0,0.0,0.5,"[0.3125, 0.0, 0.0, 1.0]","[0.0, 0.0, -3.1957933970261365e-06, 0.00011933333735214546, -0.043483711779117584, 1.0, 0.016333334147930145, -3.1957933970261365e-06, 0.0, 0.0, 1.0172526572205243e-06, -0.016214000061154366, 0.0, 0.0]","[1.0, 1.0, 0.0, 0.9370216131210327, 0.0, 0.49604785442352295, 0.5215902924537659, 0.44876015186309814]",-26.517244023412633
3.8499999999999943,104.59001922607422,191.77003479003906,0.0,0.0,0.5,"[0.3125, 0.0, 0.0, 0.9999964833259583]","[0.0, 0.0, -3.1957933970261365e-06, 0.00011933333735214546, -0.043483711779117584, 1.0, 0.016333334147930145, -3.1957933970261365e-06, 0.0, 0.0, 1.0172526572205243e-06, -0.016214000061154366, 0.0, 0.0]","[1.0, 1.0, 0.0, 0.9370216131210327, 0.0, 0.49604785442352295, 0.5215902924537659, 0.44876015186309814]",-26.6643058143995
3.899999999999994,104.59001922607422,191.77003479003906,0.0,0.0,0.5,"[0.3125, 0.0, 0.0, 0.9999964833259583]","[0.0, 0.0, -3.1957933970261365e-06, 0.00011933333735214546, -0.043483711779117584, 1.0, 0.016333334147930145, -3.1957933970261365e-06, 0.0, 0.0, 1.0172526572205243e-06, -0.016214000061154366, 0.0, 0.0]","[1.0, 1.0, 0.0, 0.9370216131210327, 0.0, 0.49604785442352295, 0.5215902924537659, 0.44876015186309814]",-26.807195950978468
3.949999999999994,104.59001922607422,191.77003479003906,0.0,0.0,0.5,"[0.3125, 0.0, 0.0, 1.0]","[0.0, 0.0, -3.1957933970261365e-06, 0.00011933333735214546, -0.043483711779117584, 1.0, 0.016333334147930145, -3.1957933970261365e-06, 0.0, 0.0, 1.0172526572205243e-06, -0.016214000061154366, 0.0, 0.0]","[1.0, 1.0, 0.0, 0.9370216131210327, 0.0, 0.49604785442352295, 0.5215902924537659, 0.44876015186309814]",-26.953810463677538
3.999999999999994,104.59001922607422,191.77003479003906,0.0,0.0,0.5,"[0.3125, 0.0, 0.0, 1.0]","[0.0, 0.0, -3.1957933970261365e-06, 0.00011933333735214546, -0.043483711779117584, 1.0, 0.016333334147930145, -3.1957933970261365e-06, 0.0, 0.0, 1.0172526572205243e-06, -0.016214000061154366, 0.0, 0.0]","[1.0, 1.0, 0.0, 0.9370216131210327, 0.0, 0.49604785442352295, 0.5215902924537659, 0.44876015186309814]",-27.244244436791043
4.049999999999994,104.59001922607422,191.77003479003906,0.0,0.0,0.5,"[0.3125, 0.0, 0.0, 0.9999997615814209]","[0.0, 0.0, -3.1957933970261365e-06, 0.00011933333735214546, -0.043483711779117584, 1.0, 0.016333334147930145, -3.1957933970261365e-06, 0.0, 0.0, 1.0172526572205243e-06, -0.016214000061154366, 0.0, 0.0]","[1.0, 1.0, 0.0, 0.9370216131210327, 0.0, 0.49604785442352295, 0.5215902924537659, 0.44876015186309814]",-27.388847595867976
4.099999999999993,104.59001922607422,191.77003479003906,0.0,0.0,0.5,"[0.3125, 0.0, 0.0, 0.9999995231628418]","[0.0, 0.0, -3.1957933970261365e-06, 0.00011933333735214546, -0.043483711779117584, 1.0, 0.016333334147930145, -3.1957933970261365e-06, 0.0, 0.0, 1.0172526572205243e-06, -0.016214000061154366, 0.0, 0.0]","[1.0, 1.0, 0.0, 0.9370216131210327, 0.0, 0.49604785442352295, 0.5215902924537659, 0.44876015186309814]",-27.529514809103723
4.149999999999993,104.59001922607422,191.77003479003906,0.0,0.0,0.5,"[0.3125, 0.0, 0.0, 0.9999997615814209]","[0.0, 0.0, -3.1957933970261365e-06, 0.00011933333735214546, -0.043483711779117584, 1.0, 0.016333334147930145, -3.1957933970261365e-06, 0.0, 0.0, 1.0172526572205243e-06, -0.016214000061154366, 0.0, 0.0]","[1.0, 1.0, 0.0, 0.9370216131210327, 0.0, 0.49604785442352295, 0.5215902924537659, 0.44876015186309814]",-27.667605754327898
4.199999999999993,104.59001922607422,191.77003479003906,0.0,0.0,0.5,"[0.3125, 0.0, 0.0, 1.0]","[0.0, 0.0, -3.1957933970261365e-06, 0.00011933333735214546, -0.043483711779117584, 1.0, 0.016333334147930145, -3.1957933970261365e-06, 0.0, 0.0, 1.0172526572205243e-06, -0.016214000061154366, 0.0, 0.0]","[1.0, 1.0, 0.0, 0.9370216131210327, 0.0, 0.49604785442352295, 0.5215902924537659, 0.44876015186309814]",-27.93660814126797
4.249999999999993,104.59001922607422,191.77003479003906,0.0,0.0,0.5,"[0.3125, 0.0, 0.0, 0.9999963045120239]","[0.0, 0.0, -3.1957933970261365e-06, 0.00011933333735214546, -0.043483711779117584, 1.0, 0.016333334147930145, -3.1957933970261365e-06, 0.0, 0.0, 1.0172526572205243e-06, -0.016214000061154366, 0.0, 0.0]","[1.0, 1.0, 0.0, 0.9370216131210327, 0.0, 0.49604785442352295, 0.5215902924537659, 0.44876015186309814]",-28.075299229987483
4.299999999999993,104.59001922607422,191.77003479003906,0.0,0.0,0.5,"[0.3125, 0.0, 0.0, 0.9999964833259583]","[0.0, 0.0, -3.1957933970261365e-06, 0.00011933333735214546, -0.043483711779117584, 1.0, 0.016333334147930145, -3.1957933970261365e-06, 0.0, 0.0, 1.0172526572205243e-06, -0.016214000061154366, 0.0, 0.0]","[1.0, 1.0, 0.0, 0.9370216131210327, 0.0, 0.49604785442352295, 0.5215902924537659, 0.44876015186309814]",-28.21269336529164
4.3499999999999925,104.59001922607422,191.77003479003906,0.0,0.0,0.5,"[0.3125, 0.0, 0.0, 1.0]","[0.0, 0.0, -3.1957933970261365e-06, 0.00011933333735214546, -0.043483711779117584, 1.0, 0.016333334147930145, -3.1957933970261365e-06, 0.0, 0.0, 1.0172526572205243e-06, -0.016214000061154366, 0.0, 0.0]","[1.0, 1.0, 0.0, 0.9370216131210327, 0.0, 0.49604785442352295, 0.5215902924537659, 0.44876015186309814]",-28.34577138140769
4.399999999999992,104.59001922607422,191.77003479003906,0.0,0.0,0.5,"[0.3125, 0.0, 0.0, 1.0]","[0.0, 0.0, -3.1957933970261365e-06, 0.00011933333735214546, -0.043483711779117584, 1.0, 0.016333334147930145, -3.1957933970261365e-06, 0.0, 0.0, 1.0172526572205243e-06, -0.016214000061154366, 0.0, 0.0]","[1.0, 1.0, 0.0, 0.9370216131210327, 0.0, 0.49604785442352295, 0.5215902924537659, 0.44876015186309814]",-28.607778861443023
4.449999999999992,104.59001922607422,191.77003479003906,0.0,0.0,0.5,"[0.3125, 0.0, 0.0, 1.0]","[0.0, 0.0, -3.1957933970261365e-06, 0.00011933333735214546, -0.043483711779117584, 1.0, 0.016333334147930145, -3.1957933970261365e-06, 0.0, 0.0, 1.0172526572205243e-06, -0.016214000061154366, 0.0, 0.0]","[1.0, 1.0, 0.0, 0.9370216131210327, 0.0, 0.49604785442352295, 0.5215902924537659, 0.44876015186309814]",-28.73915178984499
4.499999999999992,104.59001922607422,191.77003479003906,0.0,0.0,0.5,"[0.3125, 0.0, 0.0, 1.0]","[0.0, 0.0, -3.1957933970261365e-06, 0.00011933333735214546, -0.043483711779117584, 1.0, 0.016333334147930145, -3.1957933970261365e-06, 0.0, 0.0, 1.0172526572205243e-06, -0.016214000061154366, 0.0, 0.0]","[1.0, 1.0, 0.0, 0.9370216131210327, 0.0, 0.49604785442352295, 0.5215902924537659, 0.44876015186309814]",-28.869568951867006
4.549999999999992,104.59001922607422,191.77003479003906,0.0,0.0,0.5,"[0.3125, 0.0, 0.0, 1.0]","[0.0, 0.0, -3.1957933970261365e-06, 0.00011933333735214546, -0.043483711779117584, 1.0, 0.016333334147930145, -3.1957933970261365e-06, 0.0, 0.0, 1.0172526572205243e-06, -0.016214000061154366, 0.0, 0.0]","[1.0, 1.0, 0.0, 0.9370216131210327, 0.0, 0.49604785442352295, 0.5215902924537659, 0.44876015186309814]",-29.0038901640525
4.599999999999992,104.59001922607422,191.77003479003906,0.0,0.0,0.5,"[0.3125, 0.0, 0.0, 1.0]","[0.0, 0.0, -3.1957933970261365e-06, 0.00011933333735214546, -0.043483711779117584, 1.0, 0.016333334147930145, -3.1957933970261365e-06, 0.0, 0.0, 1.0172526572205243e-06, -0.016214000061154366, 0.0, 0.0]","[1.0, 1.0, 0.0, 0.9370216131210327, 0.0, 0.49604785442352295, 0.5215902924537659, 0.44876015186309814]",-29.280307588027036
4.6499999999999915,104.59001922607422,191.77003479003906,0.0,0.0,0.5,"[0.3125, 0.0, 0.0, 0.9999977946281433]","[0.0, 0.0, -3.1957933970261365e-06, 0.00011933333735214546, -0.043483711779117584, 1.0, 0.016333334147930145, -3.1957933970261365e-06, 0.0, 0.0, 1.0172526572205243e-06, -0.016214000061154366, 0.0, 0.0]","[1.0, 1.0, 0.0, 0.9370216131210327, 0.0, 0.49604785442352295, 0.5215902924537659, 0.44876015186309814]",-29.42129646419495
4.699999999999991,104.59001922607422,191.77003479003906,0.0,0.0,0.5,"[0.3125, 0.0, 0.0, 0.9999977946281433]","[0.0, 0.0, -3.1957933970261365e-06, 0.00011933333735214546, -0.043483711779117584, 1.0, 0.016333334147930145, -3.1957933970261365e-06, 0.0, 0.0, 1.0172526572205243e-06, -0.016214000061154366, 0.0, 0.0]","[1.0, 1.0, 0.0, 0.9370216131210327, 0.0, 0.49604785442352295, 0.5215902924537659, 0.44876015186309814]",-29.569717041462194
4.749999999999991,104.59001922607422,191.77003479003906,0.0,0.0,0.5,"[0.3125, 0.0, 0.0, 1.0]","[0.0, 0.0, -3.1957933970261365e-06, 0.00011933333735214546, -0.043483711779117584, 1.0, 0.016333334147930145, -3.1957933970261365e-06, 0.0, 0.0, 1.0172526572205243e-06, -0.016214000061154366, 0.0, 0.0]","[1.0, 1.0, 0.0, 0.9370216131210327, 0.0, 0.49604785442352295, 0.5215902924537659, 0.44876015186309814]",-29.722502941428605
4.799999999999991,104.59001922607422,191.77003479003906,0.0,0.0,0.5,"[0.3125, 0.0, 0.0, 1.0]","[0.0, 0.0, -3.1957933970261365e-06, 0.00011933333735214546, -0.043483711779117584, 1.0, 0.016333334147930145, -3.1957933970261365e-06, 0.0, 0.0, 1.0172526572205243e-06, -0.016214000061154366, 0.0, 0.0]","[1.0, 1.0, 0.0, 0.9370216131210327, 0.0, 0.49604785442352295, 0.5215902924537659, 0.44876015186309814]",-30.061269469389742
4.849999999999991,104.59001922607422,191.77003479003906,0.0,0.0,0.5,"[0.3125, 0.0, 0.0, 1.0]","[0.0, 0.0, -3.1957933970261365e-06, 0.00011933333735214546, -0.043483711779117584, 1.0, 0.016333334147930145, -3.1957933970261365e-06, 0.0, 0.0, 1.0172526572205243e-06, -0.016214000061154366, 0.0, 0.0]","[1.0, 1.0, 0.0, 0.9370216131210327, 0.0, 0.49604785442352295, 0.5215902924537659, 0.44876015186309814]",-30.24167701787554
4.899999999999991,104.59001922607422,191.77003479003906,0.0,0.0,0.5,"[0.3125, 0.0, 0.0, 1.0]","[0.0, 0.0, -3.1957933970261365e-06, 0.00011933333735214546, -0.043483711779117584, 1.0, 0.016333334147930145, -3.1957933970261365e-06, 0.0, 0.0, 1.0172526572205243e-06, -0.016214000061154366, 0.0, 0.0]","[1.0, 1.0, 0.0, 0.9370216131210327, 0.0, 0.49604785442352295, 0.5215902924537659, 0.44876015186309814]",-30.431056167746817
4.94999999999999,104.59001922607422,191.77003479003906,0.0,0.0,0.5,"[0.3125, 0.0, 0.0, 1.0]","[0.0, 0.0, -3.1957933970261365e-06, 0.00011933333735214546, -0.043483711779117584, 1.0, 0.016333334147930145, -3.1957933970261365e-06, 0.0, 0.0, 1.0172526572205243e-06, -0.016214000061154366, 0.0, 0.0]","[1.0, 1.0, 0.0, 0.9370216131210327, 0.0, 0.49604785442352295, 0.5215902924537659, 0.44876015186309814]",-30.629978801431573
4.99999999999999,104.59001922607422,191.77003479003906,0.0,0.0,0.5,"[0.3125, 0.0, 0.0, 1.0]","[0.0, 0.0, -3.1957933970261365e-06, 0.00011933333735214546, -0.043483711779117584, 1.0, 0.016333334147930145, -3.1957933970261365e-06, 0.0, 0.0, 1.0172526572205243e-06, -0.016214000061154366, 0.0, 0.0]","[1.0, 1.0, 0.0, 0.9370216131210327, 0.0, 0.49604785442352295, 0.5215902924537659, 0.44876015186309814]",-31.06664877673112
5.04999999999999,104.59001922607422,191.77003479003906,0.0,0.0,0.5,"[0.3125, 0.0, 0.0, 1.0]","[0.0, 0.0, -3.1957933970261365e-06, 0.00011933333735214546, -0.043483711779117584, 1.0, 0.016333334147930145, -3.1957933970261365e-06, 0.0, 0.0, 1.0172526572205243e-06, -0.016214000061154366, 0.0, 0.0]","[1.0, 1.0, 0.0, 0.9370216131210327, 0.0, 0.49604785442352295, 0.5215902924537659, 0.44876015186309814]",-31.30618283785943
5.09999999999999,104.59001922607422,191.77003479003906,0.0,0.0,0.5,"[0.3125, 0.0, 0.0, 0.9999977946281433]","[0.0, 0.0, -3.1957933970261365e-06, 0.00011933333735214546, -0.043483711779117584, 1.0, 0.016333334147930145, -3.1957933970261365e-06, 0.0, 0.0, 1.0172526572205243e-06, -0.016214000061154366, 0.0, 0.0]","[1.0, 1.0, 0.0, 0.9370216131210327, 0.0, 0.49604785442352295, 0.5215902924537659, 0.44876015186309814]",-31.54883532327046
5.14999999999999,104.59001922607422,191.77003479003906,0.0,0.0,0.5,"[0.3125, 0.0, 0.0, 0.9999977946281433]","[0.0, 0.0, -3.1957933970261365e-06, 0.00011933333735214546, -0.043483711779117584, 1.0, 0.016333334147930145, -3.1957933970261365e-06, 0.0, 0.0, 1.0172526572205243e-06, -0.016214000061154366, 0.0, 0.0]","[1.0, 1.0, 0.0, 0.9370216131210327, 0.0, 0.49604785442352295, 0.5215902924537659, 0.44876015186309814]",-31.79439892795586
5.1999999999999895,104.59001922607422,191.77003479003906,0.0,0.0,0.5,"[0.3125, 0.0, 0.0, 1.0]","[0.0, 0.0, -3.1957933970261365e-06, 0.00011933333735214546, -0.043483711779117584, 1.0, 0.016333334147930145, -3.1957933970261365e-06, 0.0, 0.0, 1.0172526572205243e-06, -0.016214000061154366, 0.0, 0.0]","[1.0, 1.0, 0.0, 0.9370216131210327, 0.0, 0.49604785442352295, 0.5215902924537659, 0.44876015186309814]",-32.33177972220432
5.249999999999989,104.59001922607422,191.77003479003906,0.0,0.0,0.5,"[0.3125, 0.0, 0.0, 1.0]","[0.0, 0.0, -3.1957933970261365e-06, 0.00011933333735214546, -0.043483711779117584, 1.0, 0.016333334147930145, -3.1957933970261365e-06, 0.0, 0.0, 1.0172526572205243e-06, -0.016214000061154366, 0.0, 0.0]","[1.0, 1.0, 0.0, 0.9370216131210327, 0.0, 0.49604785442352295, 0.5215902924537659, 0.44876015186309814]",-32.654171170583496
5.299999999999989,104.59001922607422,191.77003479003906,0.0,0.0,0.5,"[0.3125, 0.0, 0.0, 1.0]","[0.0, 0.0, -3.1957933970261365e-06, 0.00011933333735214546, -0.043483711779117584, 1.0, 0.016333334147930145, -3.1957933970261365e-06, 0.0, 0.0, 1.0172526572205243e-06, -0.016214000061154366, 0.0, 0.0]","[1.0, 1.0, 0.0, 0.9370216131210327, 0.0, 0.49604785442352295, 0.5215902924537659, 0.44876015186309814]",-33.00865670493417
5.349999999999989,104.59001922607422,191.77003479003906,0.0,0.0,0.5,"[0.3125, 0.0, 0.0, 1.0]","[0.0, 0.0, -3.1957933970261365e-06, 0.00011933333735214546, -0.043483711779117584, 1.0, 0.016333334147930145, -3.1957933970261365e-06, 0.0, 0.0, 1.0172526572205243e-06, -0.016214000061154366, 0.0, 0.0]","[1.0, 1.0, 0.0, 0.9370216131210327, 0.0, 0.49604785442352295, 0.5215902924537659, 0.44876015186309814]",-33.25838660634718
5.399999999999989,104.59001922607422,191.77003479003906,0.0,0.0,0.5,"[0.3125, 0.0, 0.0, 1.0]","[0.0, 0.0, -3.1957933970261365e-06, 0.00011933333735214546, -0.043483711779117584, 1.0, 0.016333334147930145, -3.1957933970261365e-06, 0.0, 0.0, 1.0172526572205243e-06, -0.016214000061154366, 0.0, 0.0]","[1.0, 1.0, 0.0, 0.9370216131210327, 0.0, 0.49604785442352295, 0.5215902924537659, 0.44876015186309814]",-33.63447083731717
5.449999999999989,104.59001922607422,191.77003479003906,0.0,0.0,0.5,"[0.3125, 0.0, 0.0, 1.0]","[0.0, 0.0, -3.1957933970261365e-06, 0.00011933333735214546, -0.043483711779117584, 1.0, 0.016333334147930145, -3.1957933970261365e-06, 0.0, 0.0, 1.0172526572205243e-06, -0.016214000061154366, 0.0, 0.0]","[1.0, 1.0, 0.0, 0.9370216131210327, 0.0, 0.49604785442352295, 0.5215902924537659, 0.44876015186309814]",-33.85694827991073
5.4999999999999885,104.59001922607422,191.77003479003906,0.0,0.0,0.5,"[0.3125, 0.0, 0.0, 0.9999977946281433]","[0.0, 0.0, -3.1957933970261365e-06, 0.00011933333735214546, -0.043483711779117584, 1.0, 0.016333334147930145, -3.1957933970261365e-06, 0.0, 0.0, 1.0172526572205243e-06, -0.016214000061154366, 0.0, 0.0]","[1.0, 1.0, 0.0, 0.9370216131210327, 0.0, 0.49604785442352295, 0.5215902924537659, 0.44876015186309814]",-34.078235493453725
5.549999999999988,104.59001922607422,191.77003479003906,0.0,0.0,0.5,"[0.3125, 0.0, 0.0, 0.9999977946281433]","[0.0, 0.0, -3.1957933970261365e-06, 0.00011933333735214546, -0.043483711779117584, 1.0, 0.016333334147930145, -3.1957933970261365e-06, 0.0, 0.0, 1.0172526572205243e-06, -0.016214000061154366, 0.0, 0.0]","[1.0, 1.0, 0.0, 0.9370216131210327, 0.0, 0.49604785442352295, 0.5215902924537659, 0.44876015186309814]",-34.28794623962699
5.599999999999988,104.59001922607422,191.77003479003906,0.0,0.0,0.5,"[0.3125, 0.0, 0.0, 1.0]","[0.0, 0.0, -3.1957933970261365e-06, 0.00011933333735214546, -0.043483711779117584, 1.0, 0.016333334147930145, -3.1957933970261365e-06, 0.0, 0.0, 1.0172526572205243e-06, -0.016214000061154366, 0.0, 0.0]","[1.0, 1.0, 0.0, 0.9370216131210327, 0.0, 0.49604785442352295, 0.5215902924537659, 0.44876015186309814]",-34.698455792018265
5.649999999999988,104.59001922607422,191.77003479003906,0.0,0.0,0.5,"[0.3125, 0.0, 0.0, 1.0]","[0.0, 0.0, -3.1957933970261365e-06, 0.00011933333735214546, -0.043483711779117584, 1.0, 0.016333334147930145, -3.1957933970261365e-06, 0.0, 0.0, 1.0172526572205243e-06, -0.016214000061154366, 0.0, 0.0]","[1.0, 1.0, 0.0, 0.9370216131210327, 0.0, 0.49604785442352295, 0.5215902924537659, 0.44876015186309814]",-34.91300968377069
5.699999999999988,104.59001922607422,191.77003479003906,0.0,0.0,0.5,"[0.3125, 0.0, 0.0, 1.0]","[0.0, 0.0, -3.1957933970261365e-06, 0.00011933333735214546, -0.043483711779117584, 1.0, 0.016333334147930145, -3.1957933970261365e-06, 0.0, 0.0, 1.0172526572205243e-06, -0.016214000061154366, 0.0, 0.0]","[1.0, 1.0, 0.0, 0.9370216131210327, 0.0, 0.49604785442352295, 0.5215902924537659, 0.44876015186309814]",-35.13692977189784
5.749999999999988,104.59001922607422,191.77003479003906,0.0,0.0,0.5,"[0.3125, 0.0, 0.0, 1.0]","[0.0, 0.0, -3.1957933970261365e-06, 0.00011933333735214546, -0.043483711779117584, 1.0, 0.016333334147930145, -3.1957933970261365e-06, 0.0, 0.0, 1.0172526572205243e-06, -0.016214000061154366, 0.0, 0.0]","[1.0, 1.0, 0.0, 0.9370216131210327, 0.0, 0.49604785442352295, 0.5215902924537659, 0.44876015186309814]",-35.368280077090205
5.799999999999987,104.59001922607422,191.77003479003906,0.0,0.0,0.5,"[0.3125, 0.0, 0.0, 1.0]","[0.0, 0.0, -3.1957933970261365e-06, 0.00011933333735214546, -0.043483711779117584, 1.0, 0.016333334147930145, -3.1957933970261365e-06, 0.0, 0.0, 1.0172526572205243e-06, -0.016214000061154366, 0.0, 0.0]","[1.0, 1.0, 0.0, 0.9370216131210327, 0.0, 0.49604785442352295, 0.5215902924537659, 0.44876015186309814]",-35.85837399953148
5.849999999999987,104.59001922607422,191.77003479003906,0.0,0.0,0.5,"[0.3125, 0.0, 0.0, 1.0]","[0.0, 0.0, -3.1957933970261365e-06, 0.00011933333735214546, -0.043483711779117584, 1.0, 0.016333334147930145, -3.1957933970261365e-06, 0.0, 0.0, 1.0172526572205243e-06, -0.016214000061154366, 0.0, 0.0]","[1.0, 1.0, 0.0, 0.9370216131210327, 0.0, 0.49604785442352295, 0.5215902924537659, 0.44876015186309814]",-36.121363036006954
5.899999999999987,104.59001922607422,191.77003479003906,0.0,0.0,0.5,"[0.3125, 0.0, 0.0, 1.0]","[0.0, 0.0, -3.1957933970261365e-06, 0.00011933333735214546, -0.043483711779117584, 1.0, 0.016333334147930145, -3.1957933970261365e-06, 0.0, 0.0, 1.0172526572205243e-06, -0.016214000061154366, 0.0, 0.0]","[1.0, 1.0, 0.0, 0.9370216131210327, 0.0, 0.49604785442352295, 0.5215902924537659, 0.44876015186309814]",-36.39806821628724
5.949999999999987,104.59001922607422,191.77003479003906,0.0,0.0,0.5,"[0.3125, 0.0, 0.0, 0.9999977946281433]","[0.0, 0.0, -3.1957933970261365e-06, 0.00011933333735214546, -0.043483711779117584, 1.0, 0.016333334147930145, -3.1957933970261365e-06, 0.0, 0.0, 1.0172526572205243e-06, -0.016214000061154366, 0.0, 0.0]","[1.0, 1.0, 0.0, 0.9370216131210327, 0.0, 0.49604785442352295, 0.5215902924537659, 0.44876015186309814]",-36.68318525430153
5.999999999999987,104.59001922607422,191.77003479003906,0.0,0.0,0.5,"[0.3125, 0.0, 0.0, 0.9999978542327881]","[0.0, 0.0, -3.1957933970261365e-06, 0.00011933333735214546, -0.043483711779117584, 1.0, 0.016333334147930145, -3.1957933970261365e-06, 0.0, 0.0, 1.0172526572205243e-06, -0.016214000061154366, 0.0, 0.0]","[1.0, 1.0, 0.0, 0.9370216131210327, 0.0, 0.49604785442352295, 0.5215902924537659, 0.44876015186309814]",-37.288233018343284
6.0499999999999865,104.59001922607422,191.77003479003906,0.0,0.0,0.5,"[0.3125, 0.0, 0.0, 1.0]","[0.0, 0.0, -3.1957933970261365e-06, 0.00011933333735214546, -0.043483711779117584, 1.0, 0.016333334147930145, -3.1957933970261365e-06, 0.0, 0.0, 1.0172526572205243e-06, -0.016214000061154366, 0.0, 0.0]","[1.0, 1.0, 0.0, 0.9370216131210327, 0.0, 0.49604785442352295, 0.5215902924537659, 0.44876015186309814]",-37.61241232562084
6.099999999999986,104.59001922607422,191.77003479003906,0.0,0.0,0.5,"[0.3125, 0.0, 0.0, 1.0]","[0.0, 0.0, -3.1957933970261365e-06, 0.00011933333735214546, -0.043483711779117584, 1.0, 0.016333334147930145, -3.1957933970261365e-06, 0.0, 0.0, 1.0172526572205243e-06, -0.016214000061154366, 0.0, 0.0]","[1.0, 1.0, 0.0, 0.9370216131210327, 0.0, 0.49604785442352295, 0.5215902924537659, 0.44876015186309814]",-37.95149861508517
6.149999999999986,104.59001922607422,191.77003479003906,0.0,0.0,0.5,"[0.3125, 0.0, 0.0, 1.0]","[0.0, 0.0, -3.1957933970261365e-06, 0.00011933333735214546, -0.043483711779117584, 1.0, 0.016333334147930145, -3.1957933970261365e-06, 0.0, 0.0, 1.0172526572205243e-06, -0.016214000061154366, 0.0, 0.0]","[1.0, 1.0, 0.0, 0.9370216131210327, 0.0, 0.49604785442352295, 0.5215902924537659, 0.44876015186309814]",-38.29134918373973
6.199999999999986,104.59001922607422,191.77003479003906,0.0,0.0,0.5,"[0.3125, 0.0, 0.0, 1.0]","[0.0, 0.0, -3.1957933970261365e-06, 0.00011933333735214546, -0.043483711779117584, 1.0, 0.016333334147930145, -3.1957933970261365e-06, 0.0, 0.0, 1.0172526572205243e-06, -0.016214000061154366, 0.0, 0.0]","[1.0, 1.0, 0.0, 0.9370216131210327, 0.0, 0.49604785442352295, 0.5215902924537659, 0.44876015186309814]",-39.01333469418936
6.249999999999986,104.59001922607422,191.77003479003906,0.0,0.0,0.5,"[0.3125, 0.0, 0.0, 1.0]","[0.0, 0.0, -3.1957933970261365e-06, 0.00011933333735214546, -0.043483711779117584, 1.0, 0.016333334147930145, -3.1957933970261365e-06, 0.0, 0.0, 1.0172526572205243e-06, -0.016214000061154366, 0.0, 0.0]","[1.0, 1.0, 0.0, 0.9370216131210327, 0.0, 0.49604785442352295, 0.5215902924537659, 0.44876015186309814]",-39.373133980207875
6.299999999999986,104.59001922607422,191.77003479003906,0.0,0.0,0.5,"[0.3125, 0.0, 0.0, 1.0]","[0.0, 0.0, -3.1957933970261365e-06, 0.00011933333735214546, -0.043483711779117584, 1.0, 0.016333334147930145, -3.1957933970261365e-06, 0.0, 0.0, 1.0172526572205243e-06, -0.016214000061154366, 0.0, 0.0]","[1.0, 1.0, 0.0, 0.9370216131210327, 0.0, 0.49604785442352295, 0.5215902924537659, 0.44876015186309814]",-39.74880234374234
6.349999999999985,104.59001922607422,191.77003479003906,0.0,0.0,0.5,"[0.3125, 0.0, 0.0, 0.9999977946281433]","[0.0, 0.0, -3.1957933970261365e-06, 0.00011933333735214546, -0.043483711779117584, 1.0, 0.016333334147930145, -3.1957933970261365e-06, 0.0, 0.0, 1.0172526572205243e-06, -0.016214000061154366, 0.0, 0.0]","[1.0, 1.0, 0.0, 0.9370216131210327, 0.0, 0.49604785442352295, 0.5215902924537659, 0.44876015186309814]",-40.16845279954057
6.399999999999985,104.59001922607422,191.77003479003906,0.0,0.0,0.5,"[0.3125, 0.0, 0.0, 0.9999977946281433]","[0.0, 0.0, -3.1957933970261365e-06, 0.00011933333735214546, -0.043483711779117584, 1.0, 0.016333334147930145, -3.1957933970261365e-06, 0.0, 0.0, 1.0172526572205243e-06, -0.016214000061154366, 0.0, 0.0]","[1.0, 1.0, 0.0, 0.9370216131210327, 0.0, 0.49604785442352295, 0.5215902924537659, 0.44876015186309814]",-41.016322267899795
6.449999999999985,104.59001922607422,191.77003479003906,0.0,0.0,0.5,"[0.3125, 0.0, 0.0, 1.0]","[0.0, 0.0, -3.1957933970261365e-06, 0.00011933333735214546, -0.043483711779117584, 1.0, 0.016333334147930145, -3.1957933970261365e-06, 0.0, 0.0, 1.0172526572205243e-06, -0.016214000061154366, 0.0, 0.0]","[1.0, 1.0, 0.0, 0.9370216131210327, 0.0, 0.49604785442352295, 0.5215902924537659, 0.44876015186309814]",-41.45371985264777
6.499999999999985,104.59001922607422,191.77003479003906,0.0,0.0,0.5,"[0.3125, 0.0, 0.0, 1.0]","[0.0, 0.0, -3.1957933970261365e-06, 0.00011933333735214546, -0.043483711779117584, 1.0, 0.016333334147930145, -3.1957933970261365e-06, 0.0, 0.0, 1.0172526572205243e-06, -0.016214000061154366, 0.0, 0.0]","[1.0, 1.0, 0.0, 0.9370216131210327, 0.0, 0.49604785442352295, 0.5215902924537659, 0.44876015186309814]",-41.92600702968594
6.549999999999985,104.59001922607422,191.77003479003906,0.0,0.0,0.5,"[0.3125, 0.0, 0.0, 1.0]","[0.0, 0.0, -3.1957933970261365e-06, 0.00011933333735214546, -0.043483711779117584, 1.0, 0.016333334147930145, -3.1957933970261365e-06, 0.0, 0.0, 1.0172526572205243e-06, -0.016214000061154366, 0.0, 0.0]","[1.0, 1.0, 0.0, 0.9370216131210327, 0.0, 0.49604785442352295, 0.5215902924537659, 0.44876015186309814]",-42.35766064430216
6.5999999999999845,104.59001922607422,191.77003479003906,0.0,0.0,0.5,"[0.3125, 0.0, 0.0, 1.0]","[0.0, 0.0, -3.1957933970261365e-06, 0.00011933333735214546, -0.043483711779117584, 1.0, 0.016333334147930145, -3.1957933970261365e-06, 0.0, 0.0, 1.0172526572205243e-06, -0.016214000061154366, 0.0, 0.0]","[1.0, 1.0, 0.0, 0.9370216131210327, 0.0, 0.49604785442352295, 0.5215902924537659, 0.44876015186309814]",-42.68249584851871
6.649999999999984,104.59001922607422,191.77003479003906,0.0,0.0,0.5,"[0.3125, 0.0, 0.0, 1.0]","[0.0, 0.0, -3.1957933970261365e-06, 0.00011933333735214546, -0.043483711779117584, 1.0, 0.016333334147930145, -3.1957933970261365e-06, 0.0, 0.0, 1.0172526572205243e-06, -0.016214000061154366, 0.0, 0.0]","[1.0, 1.0, 0.0, 0.9370216131210327, 0.0, 0.49604785442352295, 0.5215902924537659, 0.44876015186309814]",-43.43713777081286
6.699999999999984,104.59001922607422,191.77003479003906,0.0,0.0,0.5,"[0.3125, 0.0, 0.0, 1.0]","[0.0, 0.0, -3.1957933970261365e-06, 0.00011933333735214546, -0.043483711779117584, 1.0, 0.016333334147930145, -3.1957933970261365e-06, 0.0, 0.0, 1.0172526572205243e-06, -0.016214000061154366, 0.0, 0.0]","[1.0, 1.0, 0.0, 0.9370216131210327, 0.0, 0.49604785442352295, 0.5215902924537659, 0.44876015186309814]",-43.83044359624465
6.749999999999984,104.59001922607422,191.77003479003906,0.0,0.0,0.5,"[0.3125, 0.0, 0.0, 0.9999977946281433]","[0.0, 0.0, -3.1957933970261365e-06, 0.00011933333735214546, -0.043483711779117584, 1.0, 0.016333334147930145, -3.1957933970261365e-06, 0.0, 0.0, 1.0172526572205243e-06, -0.016214000061154366, 0.0, 0.0]","[1.0, 1.0, 0.0, 0.9370216131210327, 0.0, 0.49604785442352295, 0.5215902924537659, 0.44876015186309814]",-44.22391557581464
6.799999999999984,104.59001922607422,191.77003479003906,0.0,0.0,0.5,"[0.3125, 0.0, 0.0, 0.9999978542327881]","[0.0, 0.0, -3.1957933970261365e-06, 0.00011933333735214546, -0.043483711779117584, 1.0, 0.016333334147930145, -3.1957933970261365e-06, 0.0, 0.0, 1.0172526572205243e-06, -0.016214000061154366, 0.0, 0.0]","[1.0, 1.0, 0.0, 0.9370216131210327, 0.0, 0.49604785442352295, 0.5215902924537659, 0.44876015186309814]",-44.62454715933371
6.849999999999984,104.59001922607422,191.77003479003906,0.0,0.0,0.5,"[0.3125, 0.0, 0.0, 1.0]","[0.0, 0.0, -3.1957933970261365e-06, 0.00011933333735214546, -0.043483711779117584, 1.0, 0.016333334147930145, -3.1957933970261365e-06, 0.0, 0.0, 1.0172526572205243e-06, -0.016214000061154366, 0.0, 0.0]","[1.0, 1.0, 0.0, 0.9370216131210327, 0.0, 0.49604785442352295, 0.5215902924537659, 0.44876015186309814]",-45.420007112365695
6.8999999999999835,104.59001922607422,191.77003479003906,0.0,0.0,0.5,"[0.3125, 0.0, 0.0, 1.0]","[0.0, 0.0, -3.1957933970261365e-06, 0.00011933333735214546, -0.043483711779117584, 1.0, 0.016333334147930145, -3.1957933970261365e-06, 0.0, 0.0, 1.0172526572205243e-06, -0.016214000061154366, 0.0, 0.0]","[1.0, 1.0, 0.0, 0.9370216131210327, 0.0, 0.49604785442352295, 0.5215902924537659, 0.44876015186309814]",-45.81826124237605
6.949999999999983,104.59001922607422,191.77003479003906,0.0,0.0,0.5,"[0.3125, 0.0, 0.0, 1.0]","[0.0, 0.0, -3.1957933970261365e-06, 0.00011933333735214546, -0.043483711779117584, 1.0, 0.016333334147930145, -3.1957933970261365e-06, 0.0, 0.0, 1.0172526572205243e-06, -0.016214000061154366, 0.0, 0.0]","[1.0, 1.0, 0.0, 0.9370216131210327, 0.0, 0.49604785442352295, 0.5215902924537659, 0.44876015186309814]",-46.21817538120042
6.999999999999983,104.59001922607422,191.77003479003906,0.0,0.0,0.5,"[0.3125, 0.0, 0.0, 1.0]","[0.0, 0.0, -3.1957933970261365e-06, 0.00011933333735214546, -0.043483711779117584, 1.0, 0.016333334147930145, -3.1957933970261365e-06, 0.0, 0.0, 1.0172526572205243e-06, -0.016214000061154366, 0.0, 0.0]","[1.0, 1.0, 0.0, 0.9370216131210327, 0.0, 0.49604785442352295, 0.5215902924537659, 0.44876015186309814]",-46.639386935927256
7.049999999999983,104.59001922607422,191.77003479003906,0.0,0.0,0.5,"[0.3125, 0.0, 0.0, 1.0]","[0.0, 0.0, -3.1957933970261365e-06, 0.00011933333735214546, -0.043483711779117584, 1.0, 0.016333334147930145, -3.1957933970261365e-06, 0.0, 0.0, 1.0172526572205243e-06, -0.016214000061154366, 0.0, 0.0]","[1.0, 1.0, 0.0, 0.9370216131210327, 0.0, 0.49604785442352295, 0.5215902924537659, 0.44876015186309814]",-47.62888650760385
7.099999999999983,104.59001922607422,191.77003479003906,0.0,0.0,0.5,"[0.3125, 0.0, 0.0, 1.0]","[0.0, 0.0, -3.1957933970261365e-06, 0.00011933333735214546, -0.043483711779117584, 1.0, 0.016333334147930145, -3.1957933970261365e-06, 0.0, 0.0, 1.0172526572205243e-06, -0.016214000061154366, 0.0, 0.0]","[1.0, 1.0, 0.0, 0.9370216131210327, 0.0, 0.49604785442352295, 0.5215902924537659, 0.44876015186309814]",-48.17921254015225
7.149999999999983,104.59001922607422,191.77003479003906,0.0,0.0,0.5,"[0.3125, 0.0, 0.0, 1.0]","[0.0, 0.0, -3.1957933970261365e-06, 0.00011933333735214546, -0.043483711779117584, 1.0, 0.016333334147930145, -3.1957933970261365e-06, 0.0, 0.0, 1.0172526572205243e-06, -0.016214000061154366, 0.0, 0.0]","[1.0, 1.0, 0.0, 0.9370216131210327, 0.0, 0.49604785442352295, 0.5215902924537659, 0.44876015186309814]",-48.743332820325406
7.199999999999982,104.59001922607422,191.77003479003906,0.0,0.0,0.5,"[0.3125, 0.0, 0.0, 0.9999977946281433]","[0.0, 0.0, -3.1957933970261365e-06, 0.00011933333735214546, -0.043483711779117584, 1.0, 0.016333334147930145, -3.1957933970261365e-06, 0.0, 0.0, 1.0172526572205243e-06, -0.016214000061154366, 0.0, 0.0]","[1.0, 1.0, 0.0, 0.9370216131210327, 0.0, 0.49604785442352295, 0.5215902924537659, 0.44876015186309814]",-49.33787554594132
7.249999999999982,104.59001922607422,191.77003479003906,0.0,0.0,0.5,"[0.3125, 0.0, 0.0, 0.9999977946281433]","[0.0, 0.0, -3.1957933970261365e-06, 0.00011933333735214546, -0.043483711779117584, 1.0, 0.016333334147930145, -3.1957933970261365e-06, 0.0, 0.0, 1.0172526572205243e-06, -0.016214000061154366, 0.0, 0.0]","[1.0, 1.0, 0.0, 0.9370216131210327, 0.0, 0.49604785442352295, 0.5215902924537659, 0.44876015186309814]",-50.48301178424209
7.299999999999982,104.59001922607422,191.77003479003906,0.0,0.0,0.5,"[0.3125, 0.0, 0.0, 1.0]","[0.0, 0.0, -3.1957933970261365e-06, 0.00011933333735214546, -0.043483711779117584, 1.0, 0.016333334147930145, -3.1957933970261365e-06, 0.0, 0.0, 1.0172526572205243e-06, -0.016214000061154366, 0.0, 0.0]","[1.0, 1.0, 0.0, 0.9370216131210327, 0.0, 0.49604785442352295, 0.5215902924537659, 0.44876015186309814]",-50.87213660548989
7.349999999999982,104.59001922607422,191.77003479003906,0.0,0.0,0.5,"[0.3125, 0.0, 0.0, 1.0]","[0.0, 0.0, -3.1957933970261365e-06, 0.00011933333735214546, -0.043483711779117584, 1.0, 0.016333334147930145, -3.1957933970261365e-06, 0.0, 0.0, 1.0172526572205243e-06, -0.016214000061154366, 0.0, 0.0]","[1.0, 1.0, 0.0, 0.9370216131210327, 0.0, 0.49604785442352295, 0.5215902924537659, 0.44876015186309814]",-51.27572765384502
7.399999999999982,104.59001922607422,191.77003479003906,0.0,0.0,0.5,"[0.3125, 0.0, 0.0, 1.0]","[0.0, 0.0, -3.1957933970261365e-06, 0.00011933333735214546, -0.043483711779117584, 1.0, 0.016333334147930145, -3.1957933970261365e-06, 0.0, 0.0, 1.0172526572205243e-06, -0.016214000061154366, 0.0, 0.0]","[1.0, 1.0, 0.0, 0.9370216131210327, 0.0, 0.49604785442352295, 0.5215902924537659, 0.44876015186309814]",-51.683424969506625
7.4499999999999815,104.59001922607422,191.77003479003906,0.0,0.0,0.5,"[0.3125, 0.0, 0.0, 1.0]","[0.0, 0.0, -3.1957933970261365e-06, 0.00011933333735214546, -0.043483711779117584, 1.0, 0.016333334147930145, -3.1957933970261365e-06, 0.0, 0.0, 1.0172526572205243e-06, -0.016214000061154366, 0.0, 0.0]","[1.0, 1.0, 0.0, 0.9370216131210327, 0.0, 0.49604785442352295, 0.5215902924537659, 0.44876015186309814]",-52.49989319545551
7.499999999999981,104.59001922607422,191.77003479003906,0.0,0.0,0.5,"[0.3125, 0.0, 0.0, 1.0]","[0.0, 0.0, -3.1957933970261365e-06, 0.00011933333735214546, -0.043483711779117584, 1.0, 0.016333334147930145, -3.1957933970261365e-06, 0.0, 0.0, 1.0172526572205243e-06, -0.016214000061154366, 0.0, 0.0]","[1.0, 1.0, 0.0, 0.9370216131210327, 0.0, 0.49604785442352295, 0.5215902924537659, 0.44876015186309814]",-52.90407176660653
7.549999999999981,104.59001922607422,191.77003479003906,0.0,0.0,0.5,"[0.3125, 0.0, 0.0, 1.0]","[0.0, 0.0, -3.1957933970261365e-06, 0.00011933333735214546, -0.043483711779117584, 1.0, 0.016333334147930145, -3.1957933970261365e-06, 0.0, 0.0, 1.0172526572205243e-06, -0.016214000061154366, 0.0, 0.0]","[1.0, 1.0, 0.0, 0.9370216131210327, 0.0, 0.49604785442352295, 0.5215902924537659, 0.44876015186309814]",-53.26385610864368
7.599999999999981,104.59001922607422,191.77003479003906,0.0,0.0,0.5,"[0.3125, 0.0, 0.0, 0.9999977946281433]","[0.0, 0.0, -3.1957933970261365e-06, 0.00011933333735214546, -0.043483711779117584, 1.0, 0.016333334147930145, -3.1957933970261365e-06, 0.0, 0.0, 1.0172526572205243e-06, -0.016214000061154366, 0.0, 0.0]","[1.0, 1.0, 0.0, 0.9370216131210327, 0.0, 0.49604785442352295, 0.5215902924537659, 0.44876015186309814]",-53.58908488816333
7.649999999999981,104.59001922607422,191.77003479003906,0.0,0.0,0.5,"[0.3125, 0.0, 0.0, 0.9999978542327881]","[0.0, 0.0, -3.1957933970261365e-06, 0.00011933333735214546, -0.043483711779117584, 1.0, 0.016333334147930145, -3.1957933970261365e-06, 0.0, 0.0, 1.0172526572205243e-06, -0.016214000061154366, 0.0, 0.0]","[1.0, 1.0, 0.0, 0.9370216131210327, 0.0, 0.49604785442352295, 0.5215902924537659, 0.44876015186309814]",-54.15937469366386
7.699999999999981,104.59001922607422,191.77003479003906,0.0,0.0,0.5,"[0.3125, 0.0, 0.0, 1.0]","[0.0, 0.0, -3.1957933970261365e-06, 0.00011933333735214546, -0.043483711779117584, 1.0, 0.016333334147930145, -3.1957933970261365e-06, 0.0, 0.0, 1.0172526572205243e-06, -0.016214000061154366, 0.0, 0.0]","[1.0, 1.0, 0.0, 0.9370216131210327, 0.0, 0.49604785442352295, 0.5215902924537659, 0.44876015186309814]",-54.420555295141824
7.7499999999999805,104.59001922607422,191.77003479003906,0.0,0.0,0.5,"[0.3125, 0.0, 0.0, 1.0]","[0.0, 0.0, -3.1957933970261365e-06, 0.00011933333735214546, -0.043483711779117584, 1.0, 0.016333334147930145, -3.1957933970261365e-06, 0.0, 0.0, 1.0172526572205243e-06, -0.016214000061154366, 0.0, 0.0]","[1.0, 1.0, 0.0, 0.9370216131210327, 0.0, 0.49604785442352295, 0.5215902924537659, 0.44876015186309814]",-54.6610318173961
7.79999999999998,104.59001922607422,191.77003479003906,0.0,0.0,0.5,"[0.3125, 0.0, 0.0, 1.0]","[0.0, 0.0, -3.1957933970261365e-06, 0.00011933333735214546, -0.043483711779117584, 1.0, 0.016333334147930145, -3.1957933970261365e-06, 0.0, 0.0, 1.0172526572205243e-06, -0.016214000061154366, 0.0, 0.0]","[1.0, 1.0, 0.0, 0.9370216131210327, 0.0, 0.49604785442352295, 0.5215902924537659, 0.44876015186309814]",-54.880537437430796
7.84999999999998,104.59001922607422,191.77003479003906,0.0,0.0,0.5,"[0.3125, 0.0, 0.0, 1.0]","[0.0, 0.0, -3.1957933970261365e-06, 0.00011933333735214546, -0.043483711779117584, 1.0, 0.016333334147930145, -3.1957933970261365e-06, 0.0, 0.0, 1.0172526572205243e-06, -0.016214000061154366, 0.0, 0.0]","[1.0, 1.0, 0.0, 0.9370216131210327, 0.0, 0.49604785442352295, 0.5215902924537659, 0.44876015186309814]",-55.30644366219592
7.89999999999998,104.59001922607422,191.77003479003906,0.0,0.0,0.5,"[0.3125, 0.0, 0.0, 1.0]","[0.0, 0.0, -3.1957933970261365e-06, 0.00011933333735214546, -0.043483711779117584, 1.0, 0.016333334147930145, -3.1957933970261365e-06, 0.0, 0.0, 1.0172526572205243e-06, -0.016214000061154366, 0.0, 0.0]","[1.0, 1.0, 0.0, 0.9370216131210327, 0.0, 0.49604785442352295, 0.5215902924537659, 0.44876015186309814]",-55.54306947326964
7.94999999999998,104.59001922607422,191.77003479003906,0.0,0.0,0.5,"[0.3125, 0.0, 0.0, 1.0]","[0.0, 0.0, -3.1957933970261365e-06, 0.00011933333735214546, -0.043483711779117584, 1.0, 0.016333334147930145, -3.1957933970261365e-06, 0.0, 0.0, 1.0172526572205243e-06, -0.016214000061154366, 0.0, 0.0]","[1.0, 1.0, 0.0, 0.9370216131210327, 0.0, 0.49604785442352295, 0.5215902924537659, 0.44876015186309814]",-55.80124660663823
7.99999999999998,104.59001922607422,191.77003479003906,0.0,0.0,0.5,"[0.3125, 0.0, 0.0, 1.0]","[0.0, 0.0, -3.1957933970261365e-06, 0.00011933333735214546, -0.043483711779117584, 1.0, 0.016333334147930145, -3.1957933970261365e-06, 0.0, 0.0, 1.0172526572205243e-06, -0.016214000061154366, 0.0, 0.0]","[1.0, 1.0, 0.0, 0.9370216131210327, 0.0, 0.49604785442352295, 0.5215902924537659, 0.44876015186309814]",-56.06574155980674
8.04999999999998,104.59001922607422,191.77003479003906,0.0,0.0,0.5,"[0.3125, 0.0, 0.0, 0.9999977946281433]","[0.0, 0.0, -3.1957933970261365e-06, 0.00011933333735214546, -0.043483711779117584, 1.0, 0.016333334147930145, -3.1957933970261365e-06, 0.0, 0.0, 1.0172526572205243e-06, -0.016214000061154366, 0.0, 0.0]","[1.0, 1.0, 0.0, 0.9370216131210327, 0.0, 0.49604785442352295, 0.5215902924537659, 0.44876015186309814]",-56.600746725132
8.09999999999998,104.59001922607422,191.77003479003906,0.0,0.0,0.5,"[0.3125, 0.0, 0.0, 0.9999977946281433]","[0.0, 0.0, -3.1957933970261365e-06, 0.00011933333735214546, -0.043483711779117584, 1.0, 0.016333334147930145, -3.1957933970261365e-06, 0.0, 0.0, 1.0172526572205243e-06, -0.016214000061154366, 0.0, 0.0]","[1.0, 1.0, 0.0, 0.9370216131210327, 0.0, 0.49604785442352295, 0.5215902924537659, 0.44876015186309814]",-56.86801373174451
8.14999999999998,104.59001922607422,191.77003479003906,0.0,0.0,0.5,"[0.3125, 0.0, 0.0, 1.0]","[0.0, 0.0, -3.1957933970261365e-06, 0.00011933333735214546, -0.043483711779117584, 1.0, 0.016333334147930145, -3.1957933970261365e-06, 0.0, 0.0, 1.0172526572205243e-06, -0.016214000061154366, 0.0, 0.0]","[1.0, 1.0, 0.0, 0.9370216131210327, 0.0, 0.49604785442352295, 0.5215902924537659, 0.44876015186309814]",-57.13067762551915
8.199999999999982,104.59001922607422,191.77003479003906,0.0,0.0,0.5,"[0.3125, 0.0, 0.0, 1.0]","[0.0, 0.0, -3.1957933970261365e-06, 0.00011933333735214546, -0.043483711779117584, 1.0, 0.016333334147930145, -3.1957933970261365e-06, 0.0, 0.0, 1.0172526572205243e-06, -0.016214000061154366, 0.0, 0.0]","[1.0, 1.0, 0.0, 0.9370216131210327, 0.0, 0.49604785442352295, 0.5215902924537659, 0.44876015186309814]",-57.38447155172552
8.249999999999982,104.59001922607422,191.77003479003906,0.0,0.0,0.5,"[0.3125, 0.0, 0.0, 1.0]","[0.0, 0.0, -3.1957933970261365e-06, 0.00011933333735214546, -0.043483711779117584, 1.0, 0.016333334147930145, -3.1957933970261365e-06, 0.0, 0.0, 1.0172526572205243e-06, -0.016214000061154366, 0.0, 0.0]","[1.0, 1.0, 0.0, 0.9370216131210327, 0.0, 0.49604785442352295, 0.5215902924537659, 0.44876015186309814]",-57.87153203487557
8.299999999999983,104.59001922607422,191.77003479003906,0.0,0.0,0.5,"[0.3125, 0.0, 0.0, 1.0]","[0.0, 0.0, -3.1957933970261365e-06, 0.00011933333735214546, -0.043483711779117584, 1.0, 0.016333334147930145, -3.1957933970261365e-06, 0.0, 0.0, 1.0172526572205243e-06, -0.016214000061154366, 0.0, 0.0]","[1.0, 1.0, 0.0, 0.9370216131210327, 0.0, 0.49604785442352295, 0.5215902924537659, 0.44876015186309814]",-58.11324612113224
8.349999999999984,104.59001922607422,191.77003479003906,0.0,0.0,0.5,"[0.3125, 0.0, 0.0, 1.0]","[0.0, 0.0, -3.1957933970261365e-06, 0.00011933333735214546, -0.043483711779117584, 1.0, 0.016333334147930145, -3.1957933970261365e-06, 0.0, 0.0, 1.0172526572205243e-06, -0.016214000061154366, 0.0, 0.0]","[1.0, 1.0, 0.0, 0.9370216131210327, 0.0, 0.49604785442352295, 0.5215902924537659, 0.44876015186309814]",-58.35430785246332
8.399999999999984,104.59001922607422,191.77003479003906,0.0,0.0,0.5,"[0.3125, 0.0, 0.0, 1.0]","[0.0, 0.0, -3.1957933970261365e-06, 0.00011933333735214546, -0.043483711779117584, 1.0, 0.016333334147930145, -3.1957933970261365e-06, 0.0, 0.0, 1.0172526572205243e-06, -0.016214000061154366, 0.0, 0.0]","[1.0, 1.0, 0.0, 0.9370216131210327, 0.0, 0.49604785442352295, 0.5215902924537659, 0.44876015186309814]",-58.601243993372236
8.449999999999985,104.59001922607422,191.77003479003906,0.0,0.0,0.5,"[0.3125, 0.0, 0.0, 0.9999977946281433]","[0.0, 0.0, -3.1957933970261365e-06, 0.00011933333735214546, -0.043483711779117584, 1.0, 0.016333334147930145, -3.1957933970261365e-06, 0.0, 0.0, 1.0172526572205243e-06, -0.016214000061154366, 0.0, 0.0]","[1.0, 1.0, 0.0, 0.9370216131210327, 0.0, 0.49604785442352295, 0.5215902924537659, 0.44876015186309814]",-59.08884497740171
8.499999999999986,104.59001922607422,191.77003479003906,0.0,0.0,0.5,"[0.3125, 0.0, 0.0, 0.9999977946281433]","[0.0, 0.0, -3.1957933970261365e-06, 0.00011933333735214546, -0.043483711779117584, 1.0, 0.016333334147930145, -3.1957933970261365e-06, 0.0, 0.0, 1.0172526572205243e-06, -0.016214000061154366, 0.0, 0.0]","[1.0, 1.0, 0.0, 0.9370216131210327, 0.0, 0.49604785442352295, 0.5215902924537659, 0.44876015186309814]",-59.33690746364998
8.549999999999986,104.59001922607422,191.77003479003906,0.0,0.0,0.5,"[0.3125, 0.0, 0.0, 1.0]","[0.0, 0.0, -3.1957933970261365e-06, 0.00011933333735214546, -0.043483711779117584, 1.0, 0.016333334147930145, -3.1957933970261365e-06, 0.0, 0.0, 1.0172526572205243e-06, -0.016214000061154366, 0.0, 0.0]","[1.0, 1.0, 0.0, 0.9370216131210327, 0.0, 0.49604785442352295, 0.5215902924537659, 0.44876015186309814]",-59.59168377919979
8.599999999999987,104.59001922607422,191.77003479003906,0.0,0.0,0.5,"[0.3125, 0.0, 0.0, 1.0]","[0.0, 0.0, -3.1957933970261365e-06, 0.00011933333735214546, -0.043483711779117584, 1.0, 0.016333334147930145, -3.1957933970261365e-06, 0.0, 0.0, 1.0172526572205243e-06, -0.016214000061154366, 0.0, 0.0]","[1.0, 1.0, 0.0, 0.9370216131210327, 0.0, 0.49604785442352295, 0.5215902924537659, 0.44876015186309814]",-59.8527717583286
8.649999999999988,104.59001922607422,191.77003479003906,0.0,0.0,0.5,"[0.3125, 0.0, 0.0, 1.0]","[0.0, 0.0, -3.1957933970261365e-06, 0.00011933333735214546, -0.043483711779117584, 1.0, 0.016333334147930145, -3.1957933970261365e-06, 0.0, 0.0, 1.0172526572205243e-06, -0.016214000061154366, 0.0, 0.0]","[1.0, 1.0, 0.0, 0.9370216131210327, 0.0, 0.49604785442352295, 0.5215902924537659, 0.44876015186309814]",-60.384995610057764
8.699999999999989,104.59001922607422,191.77003479003906,0.0,0.0,0.5,"[0.3125, 0.0, 0.0, 1.0]","[0.0, 0.0, -3.1957933970261365e-06, 0.00011933333735214546, -0.043483711779117584, 1.0, 0.016333334147930145, -3.1957933970261365e-06, 0.0, 0.0, 1.0172526572205243e-06, -0.016214000061154366, 0.0, 0.0]","[1.0, 1.0, 0.0, 0.9370216131210327, 0.0, 0.49604785442352295, 0.5215902924537659, 0.44876015186309814]",-60.649008273493024
8.74999999999999,104.59001922607422,191.77003479003906,0.0,0.0,0.5,"[0.3125, 0.0, 0.0, 1.0]","[0.0, 0.0, -3.1957933970261365e-06, 0.00011933333735214546, -0.043483711779117584, 1.0, 0.016333334147930145, -3.1957933970261365e-06, 0.0, 0.0, 1.0172526572205243e-06, -0.016214000061154366, 0.0, 0.0]","[1.0, 1.0, 0.0, 0.9370216131210327, 0.0, 0.49604785442352295, 0.5215902924537659, 0.44876015186309814]",-60.917431106913455
8.79999999999999,104.59001922607422,191.77003479003906,0.0,0.0,0.5,"[0.3125, 0.0, 0.0, 1.0]","[0.0, 0.0, -3.1957933970261365e-06, 0.00011933333735214546, -0.043483711779117584, 1.0, 0.016333334147930145, -3.1957933970261365e-06, 0.0, 0.0, 1.0172526572205243e-06, -0.016214000061154366, 0.0, 0.0]","[1.0, 1.0, 0.0, 0.9370216131210327, 0.0, 0.49604785442352295, 0.5215902924537659, 0.44876015186309814]",-61.19096014488678
8.84999999999999,104.59001922607422,191.77003479003906,0.0,0.0,0.5,"[0.3125, 0.0, 0.0, 0.9999977946281433]","[0.0, 0.0, -3.1957933970261365e-06, 0.00011933333735214546, -0.043483711779117584, 1.0, 0.016333334147930145, -3.1957933970261365e-06, 0.0, 0.0, 1.0172526572205243e-06, -0.016214000061154366, 0.0, 0.0]","[1.0, 1.0, 0.0, 0.9370216131210327, 0.0, 0.49604785442352295, 0.5215902924537659, 0.44876015186309814]",-61.742827881894236
8.899999999999991,104.59001922607422,191.77003479003906,0.0,0.0,0.5,"[0.3125, 0.0, 0.0, 0.9999978542327881]","[0.0, 0.0, -3.1957933970261365e-06, 0.00011933333735214546, -0.043483711779117584, 1.0, 0.016333334147930145, -3.1957933970261365e-06, 0.0, 0.0, 1.0172526572205243e-06, -0.016214000061154366, 0.0, 0.0]","[1.0, 1.0, 0.0, 0.9370216131210327, 0.0, 0.49604785442352295, 0.5215902924537659, 0.44876015186309814]",-62.01765360456424
8.949999999999992,104.59001922607422,191.77003479003906,0.0,0.0,0.5,"[0.3125, 0.0, 0.0, 1.0]","[0.0, 0.0, -3.1957933970261365e-06, 0.00011933333735214546, -0.043483711779117584, 1.0, 0.016333334147930145, -3.1957933970261365e-06, 0.0, 0.0, 1.0172526572205243e-06, -0.016214000061154366, 0.0, 0.0]","[1.0, 1.0, 0.0, 0.9370216131210327, 0.0, 0.49604785442352295, 0.5215902924537659, 0.44876015186309814]",-62.289266831386385
8.999999999999993,104.59001922607422,191.77003479003906,0.0,0.0,0.5,"[0.3125, 0.0, 0.0, 1.0]","[0.0, 0.0, -3.1957933970261365e-06, 0.00011933333735214546, -0.043483711779117584, 1.0, 0.016333334147930145, -3.1957933970261365e-06, 0.0, 0.0, 1.0172526572205243e-06, -0.016214000061154366, 0.0, 0.0]","[1.0, 1.0, 0.0, 0.9370216131210327, 0.0, 0.49604785442352295, 0.5215902924537659, 0.44876015186309814]",-62.55967824400138
9.049999999999994,104.59001922607422,191.77003479003906,0.0,0.0,0.5,"[0.3125, 0.0, 0.0, 1.0]","[0.0, 0.0, -3.1957933970261365e-06, 0.00011933333735214546, -0.043483711779117584, 1.0, 0.016333334147930145, -3.1957933970261365e-06, 0.0, 0.0, 1.0172526572205243e-06, -0.016214000061154366, 0.0, 0.0]","[1.0, 1.0, 0.0, 0.9370216131210327, 0.0, 0.49604785442352295, 0.5215902924537659, 0.44876015186309814]",-63.10311386989926
9.099999999999994,104.59001922607422,191.77003479003906,0.0,0.0,0.5,"[0.3125, 0.0, 0.0, 1.0]","[0.0, 0.0, -3.1957933970261365e-06, 0.00011933333735214546, -0.043483711779117584, 1.0, 0.016333334147930145, -3.1957933970261365e-06, 0.0, 0.0, 1.0172526572205243e-06, -0.016214000061154366, 0.0, 0.0]","[1.0, 1.0, 0.0, 0.9370216131210327, 0.0, 0.49604785442352295, 0.5215902924537659, 0.44876015186309814]",-63.37646342264058
9.149999999999995,104.59001922607422,191.77003479003906,0.0,0.0,0.5,"[0.3125, 0.0, 0.0, 1.0]","[0.0, 0.0, -3.1957933970261365e-06, 0.00011933333735214546, -0.043483711779117584, 1.0, 0.016333334147930145, -3.1957933970261365e-06, 0.0, 0.0, 1.0172526572205243e-06, -0.016214000061154366, 0.0, 0.0]","[1.0, 1.0, 0.0, 0.9370216131210327, 0.0, 0.49604785442352295, 0.5215902924537659, 0.44876015186309814]",-63.65301137023515
9.199999999999996,104.59001922607422,191.77003479003906,0.0,0.0,0.5,"[0.3125, 0.0, 0.0, 1.0]","[0.0, 0.0, -3.1957933970261365e-06, 0.00011933333735214546, -0.043483711779117584, 1.0, 0.016333334147930145, -3.1957933970261365e-06, 0.0, 0.0, 1.0172526572205243e-06, -0.016214000061154366, 0.0, 0.0]","[1.0, 1.0, 0.0, 0.9370216131210327, 0.0, 0.49604785442352295, 0.5215902924537659, 0.44876015186309814]",-63.933947619409835
9.249999999999996,104.59001922607422,191.77003479003906,0.0,0.0,0.5,"[0.3125, 0.0, 0.0, 1.0]","[0.0, 0.0, -3.1957933970261365e-06, 0.00011933333735214546, -0.043483711779117584, 1.0, 0.016333334147930145, -3.1957933970261365e-06, 0.0, 0.0, 1.0172526572205243e-06, -0.016214000061154366, 0.0, 0.0]","[1.0, 1.0, 0.0, 0.9370216131210327, 0.0, 0.49604785442352295, 0.5215902924537659, 0.44876015186309814]",-64.49103273759735
9.299999999999997,104.59001922607422,191.77003479003906,0.0,0.0,0.5,"[0.3125, 0.0, 0.0, 0.9999977946281433]","[0.0, 0.0, -3.1957933970261365e-06, 0.00011933333735214546, -0.043483711779117584, 1.0, 0.016333334147930145, -3.1957933970261365e-06, 0.0, 0.0, 1.0172526572205243e-06, -0.016214000061154366, 0.0, 0.0]","[1.0, 1.0, 0.0, 0.9370216131210327, 0.0, 0.49604785442352295, 0.5215902924537659, 0.44876015186309814]",-64.7711179851312
9.349999999999998,104.59001922607422,191.77003479003906,0.0,0.0,0.5,"[0.3125, 0.0, 0.0, 0.9999977946281433]","[0.0, 0.0, -3.1957933970261365e-06, 0.00011933333735214546, -0.043483711779117584, 1.0, 0.016333334147930145, -3.1957933970261365e-06, 0.0, 0.0, 1.0172526572205243e-06, -0.016214000061154366, 0.0, 0.0]","[1.0, 1.0, 0.0, 0.9370216131210327, 0.0, 0.49604785442352295, 0.5215902924537659, 0.44876015186309814]",-65.05058709397383
9.399999999999999,104.59001922607422,191.77003479003906,0.0,0.0,0.5,"[0.3125, 0.0, 0.0, 1.0]","[0.0, 0.0, -3.1957933970261365e-06, 0.00011933333735214546, -0.043483711779117584, 1.0, 0.016333334147930145, -3.1957933970261365e-06, 0.0, 0.0, 1.0172526572205243e-06, -0.016214000061154366, 0.0, 0.0]","[1.0, 1.0, 0.0, 0.9370216131210327, 0.0, 0.49604785442352295, 0.5215902924537659, 0.44876015186309814]",-65.333854079033
9.45,104.59001922607422,191.77003479003906,0.0,0.0,0.5,"[0.3125, 0.0, 0.0, 1.0]","[0.0, 0.0, -3.1957933970261365e-06, 0.00011933333735214546, -0.043483711779117584, 1.0, 0.016333334147930145, -3.1957933970261365e-06, 0.0, 0.0, 1.0172526572205243e-06, -0.016214000061154366, 0.0, 0.0]","[1.0, 1.0, 0.0, 0.9370216131210327, 0.0, 0.49604785442352295, 0.5215902924537659, 0.44876015186309814]",-65.89500426813855
9.5,104.59001922607422,191.77003479003906,0.0,0.0,0.5,"[0.3125, 0.0, 0.0, 1.0]","[0.0, 0.0, -3.1957933970261365e-06, 0.00011933333735214546, -0.043483711779117584, 1.0, 0.016333334147930145, -3.1957933970261365e-06, 0.0, 0.0, 1.0172526572205243e-06, -0.016214000061154366, 0.0, 0.0]","[1.0, 1.0, 0.0, 0.9370216131210327, 0.0, 0.49604785442352295, 0.5215902924537659, 0.44876015186309814]",-66.17622699017369
9.55,104.59001922607422,191.77003479003906,0.0,0.0,0.5,"[0.3125, 0.0, 0.0, 1.0]","[0.0, 0.0, -3.1957933970261365e-06, 0.00011933333735214546, -0.043483711779117584, 1.0, 0.016333334147930145, -3.1957933970261365e-06, 0.0, 0.0, 1.0172526572205243e-06, -0.016214000061154366, 0.0, 0.0]","[1.0, 1.0, 0.0, 0.9370216131210327, 0.0, 0.49604785442352295, 0.5215902924537659, 0.44876015186309814]",-66.46110845939114
9.600000000000001,104.59001922607422,191.77003479003906,0.0,0.0,0.5,"[0.3125, 0.0, 0.0, 1.0]","[0.0, 0.0, -3.1957933970261365e-06, 0.00011933333735214546, -0.043483711779117584, 1.0, 0.016333334147930145, -3.1957933970261365e-06, 0.0, 0.0, 1.0172526572205243e-06, -0.016214000061154366, 0.0, 0.0]","[1.0, 1.0, 0.0, 0.9370216131210327, 0.0, 0.49604785442352295, 0.5215902924537659, 0.44876015186309814]",-66.74726808786026
9.650000000000002,104.59001922607422,191.77003479003906,0.0,0.0,0.5,"[0.3125, 0.0, 0.0, 1.0]","[0.0, 0.0, -3.1957933970261365e-06, 0.00011933333735214546, -0.043483711779117584, 1.0, 0.016333334147930145, -3.1957933970261365e-06, 0.0, 0.0, 1.0172526572205243e-06, -0.016214000061154366, 0.0, 0.0]","[1.0, 1.0, 0.0, 0.9370216131210327, 0.0, 0.49604785442352295, 0.5215902924537659, 0.44876015186309814]",-67.332133979842
9.700000000000003,104.59001922607422,191.77003479003906,0.0,0.0,0.5,"[0.3125, 0.0, 0.0, 0.9999978542327881]","[0.0, 0.0, -3.1957933970261365e-06, 0.00011933333735214546, -0.043483711779117584, 1.0, 0.016333334147930145, -3.1957933970261365e-06, 0.0, 0.0, 1.0172526572205243e-06, -0.016214000061154366, 0.0, 0.0]","[1.0, 1.0, 0.0, 0.9370216131210327, 0.0, 0.49604785442352295, 0.5215902924537659, 0.44876015186309814]",-67.62849716699006
9.750000000000004,104.59001922607422,191.77003479003906,0.0,0.0,0.5,"[0.3125, 0.0, 0.0, 0.9999978542327881]","[0.0, 0.0, -3.1957933970261365e-06, 0.00011933333735214546, -0.043483711779117584, 1.0, 0.016333334147930145, -3.1957933970261365e-06, 0.0, 0.0, 1.0172526572205243e-06, -0.016214000061154366, 0.0, 0.0]","[1.0, 1.0, 0.0, 0.9370216131210327, 0.0, 0.49604785442352295, 0.5215902924537659, 0.44876015186309814]",-67.93063312742191
9.800000000000004,104.59001922607422,191.77003479003906,0.0,0.0,0.5,"[0.3125, 0.0, 0.0, 1.0]","[0.0, 0.0, -3.1957933970261365e-06, 0.00011933333735214546, -0.043483711779117584, 1.0, 0.016333334147930145, -3.1957933970261365e-06, 0.0, 0.0, 1.0172526572205243e-06, -0.016214000061154366, 0.0, 0.0]","[1.0, 1.0, 0.0, 0.9370216131210327, 0.0, 0.49604785442352295, 0.5215902924537659, 0.44876015186309814]",-68.24091813258072
9.850000000000005,104.59001922607422,191.77003479003906,0.0,0.0,0.5,"[0.3125, 0.0, 0.0, 1.0]","[0.0, 0.0, -3.1957933970261365e-06, 0.00011933333735214546, -0.043483711779117584, 1.0, 0.016333334147930145, -3.1957933970261365e-06, 0.0, 0.0, 1.0172526572205243e-06, -0.016214000061154366, 0.0, 0.0]","[1.0, 1.0, 0.0, 0.9370216131210327, 0.0, 0.49604785442352295, 0.5215902924537659, 0.44876015186309814]",-68.88447397380753
9.900000000000006,104.59001922607422,191.77003479003906,0.0,0.0,0.5,"[0.3125, 0.0, 0.0, 1.0]","[0.0, 0.0, -3.1957933970261365e-06, 0.00011933333735214546, -0.043483711779117584, 1.0, 0.016333334147930145, -3.1957933970261365e-06, 0.0, 0.0, 1.0172526572205243e-06, -0.016214000061154366, 0.0, 0.0]","[1.0, 1.0, 0.0, 0.9370216131210327, 0.0, 0.49604785442352295, 0.5215902924537659, 0.44876015186309814]",-69.222989243387
9.950000000000006,104.59001922607422,191.77003479003906,0.0,0.0,0.5,"[0.3125, 0.0, 0.0, 1.0]","[0.0, 0.0, -3.1957933970261365e-06, 0.00011933333735214546, -0.043483711779117584, 1.0, 0.016333334147930145, -3.1957933970261365e-06, 0.0, 0.0, 1.0172526572205243e-06, -0.016214000061154366, 0.0, 0.0]","[1.0, 1.0, 0.0, 0.9370216131210327, 0.0, 0.49604785442352295, 0.5215902924537659, 0.44876015186309814]",-69.57812889439751
10.000000000000007,104.59001922607422,191.77003479003906,0.0,0.0,0.5,"[0.3125, 0.0, 0.0, 1.0]","[0.0, 0.0, -3.1957933970261365e-06, 0.00011933333735214546, -0.043483711779117584, 1.0, 0.016333334147930145, -3.1957933970261365e-06, 0.0, 0.0, 1.0172526572205243e-06, -0.016214000061154366, 0.0, 0.0]","[1.0, 1.0, 0.0, 0.9370216131210327, 0.0, 0.49604785442352295, 0.5215902924537659, 0.44876015186309814]",-69.94187083932793
10.050000000000008,104.59001922607422,191.77003479003906,0.0,0.0,0.5,"[0.3125, 0.0, 0.0, 1.0]","[0.0, 0.0, -3.1957933970261365e-06, 0.00011933333735214546, -0.043483711779117584, 1.0, 0.016333334147930145, -3.1957933970261365e-06, 0.0, 0.0, 1.0172526572205243e-06, -0.016214000061154366, 0.0, 0.0]","[1.0, 1.0, 0.0, 0.9370216131210327, 0.0, 0.49604785442352295, 0.5215902924537659, 0.44876015186309814]",-70.67602765248384
10.100000000000009,104.59001922607422,191.77003479003906,0.0,0.0,0.5,"[0.3125, 0.0, 0.0, 1.0]","[0.0, 0.0, -3.1957933970261365e-06, 0.00011933333735214546, -0.043483711779117584, 1.0, 0.016333334147930145, -3.1957933970261365e-06, 0.0, 0.0, 1.0172526572205243e-06, -0.016214000061154366, 0.0, 0.0]","[1.0, 1.0, 0.0, 0.9370216131210327, 0.0, 0.49604785442352295, 0.5215902924537659, 0.44876015186309814]",-71.10098392375099
10.15000000000001,104.59001922607422,191.77003479003906,0.0,0.0,0.5,"[0.3125, 0.0, 0.0, 0.9999978542327881]","[0.0, 0.0, -3.1957933970261365e-06, 0.00011933333735214546, -0.043483711779117584, 1.0, 0.016333334147930145, -3.1957933970261365e-06, 0.0, 0.0, 1.0172526572205243e-06, -0.016214000061154366, 0.0, 0.0]","[1.0, 1.0, 0.0, 0.9370216131210327, 0.0, 0.49604785442352295, 0.5215902924537659, 0.44876015186309814]",-71.53011225794171
10.20000000000001,104.59001922607422,191.77003479003906,0.0,0.0,0.5,"[0.3125, 0.0, 0.0, 0.9999978542327881]","[0.0, 0.0, -3.1957933970261365e-06, 0.00011933333735214546, -0.043483711779117584, 1.0, 0.016333334147930145, -3.1957933970261365e-06, 0.0, 0.0, 1.0172526572205243e-06, -0.016214000061154366, 0.0, 0.0]","[1.0, 1.0, 0.0, 0.9370216131210327, 0.0, 0.49604785442352295, 0.5215902924537659, 0.44876015186309814]",-71.95674956960966
10.25000000000001,104.59001922607422,191.77003479003906,0.0,0.0,0.5,"[0.3125, 0.0, 0.0, 1.0]","[0.0, 0.0, -3.1957933970261365e-06, 0.00011933333735214546, -0.043483711779117584, 1.0, 0.016333334147930145, -3.1957933970261365e-06, 0.0, 0.0, 1.0172526572205243e-06, -0.016214000061154366, 0.0, 0.0]","[1.0, 1.0, 0.0, 0.9370216131210327, 0.0, 0.49604785442352295, 0.5215902924537659, 0.44876015186309814]",-72.80748273417308
10.300000000000011,104.59001922607422,191.77003479003906,0.0,0.0,0.5,"[0.3125, 0.0, 0.0, 1.0]","[0.0, 0.0, -3.1957933970261365e-06, 0.00011933333735214546, -0.043483711779117584, 1.0, 0.016333334147930145, -3.1957933970261365e-06, 0.0, 0.0, 1.0172526572205243e-06, -0.016214000061154366, 0.0, 0.0]","[1.0, 1.0, 0.0, 0.9370216131210327, 0.0, 0.49604785442352295, 0.5215902924537659, 0.44876015186309814]",-73.25079591580041
10.350000000000012,104.59001922607422,191.77003479003906,0.0,0.0,0.5,"[0.3125, 0.0, 0.0, 1.0]","[0.0, 0.0, -3.1957933970261365e-06, 0.00011933333735214546, -0.043483711779117584, 1.0, 0.016333334147930145, -3.1957933970261365e-06, 0.0, 0.0, 1.0172526572205243e-06, -0.016214000061154366, 0.0, 0.0]","[1.0, 1.0, 0.0, 0.9370216131210327, 0.0, 0.49604785442352295, 0.5215902924537659, 0.44876015186309814]",-73.7309153697539
10.400000000000013,104.59001922607422,191.77003479003906,0.0,0.0,0.5,"[0.3125, 0.0, 0.0, 1.0]","[0.0, 0.0, -3.1957933970261365e-06, 0.00011933333735214546, -0.043483711779117584, 1.0, 0.016333334147930145, -3.1957933970261365e-06, 0.0, 0.0, 1.0172526572205243e-06, -0.016214000061154366, 0.0, 0.0]","[1.0, 1.0, 0.0, 0.9370216131210327, 0.0, 0.49604785442352295, 0.5215902924537659, 0.44876015186309814]",-74.22640241011239
10.450000000000014,104.59001922607422,191.77003479003906,0.0,0.0,0.5,"[0.3125, 0.0, 0.0, 1.0]","[0.0, 0.0, -3.1957933970261365e-06, 0.00011933333735214546, -0.043483711779117584, 1.0, 0.016333334147930145, -3.1957933970261365e-06, 0.0, 0.0, 1.0172526572205243e-06, -0.016214000061154366, 0.0, 0.0]","[1.0, 1.0, 0.0, 0.9370216131210327, 0.0, 0.49604785442352295, 0.5215902924537659, 0.44876015186309814]",-75.20479133991515
10.500000000000014,104.59001922607422,191.77003479003906,0.0,0.0,0.5,"[0.3125, 0.0, 0.0, 1.0]","[0.0, 0.0, -3.1957933970261365e-06, 0.00011933333735214546, -0.043483711779117584, 1.0, 0.016333334147930145, -3.1957933970261365e-06, 0.0, 0.0, 1.0172526572205243e-06, -0.016214000061154366, 0.0, 0.0]","[1.0, 1.0, 0.0, 0.9370216131210327, 0.0, 0.49604785442352295, 0.5215902924537659, 0.44876015186309814]",-75.69053406415416
10.550000000000015,104.59001922607422,191.77003479003906,0.0,0.0,0.5,"[0.3125, 0.0, 0.0, 0.9999977946281433]","[0.0, 0.0, -3.1957933970261365e-06, 0.00011933333735214546, -0.043483711779117584, 1.0, 0.016333334147930145, -3.1957933970261365e-06, 0.0, 0.0, 1.0172526572205243e-06, -0.016214000061154366, 0.0, 0.0]","[1.0, 1.0, 0.0, 0.9370216131210327, 0.0, 0.49604785442352295, 0.5215902924537659, 0.44876015186309814]",-76.20569586691913
10.600000000000016,104.59001922607422,191.77003479003906,0.0,0.0,0.5,"[0.3125, 0.0, 0.0, 0.9999978542327881]","[0.0, 0.0, -3.1957933970261365e-06, 0.00011933333735214546, -0.043483711779117584, 1.0, 0.016333334147930145, -3.1957933970261365e-06, 0.0, 0.0, 1.0172526572205243e-06, -0.016214000061154366, 0.0, 0.0]","[1.0, 1.0, 0.0, 0.9370216131210327, 0.0, 0.49604785442352295, 0.5215902924537659, 0.44876015186309814]",-76.66130082903025
10.650000000000016,104.59001922607422,191.77003479003906,0.0,0.0,0.5,"[0.3125, 0.0, 0.0, 1.0]","[0.0, 0.0, -3.1957933970261365e-06, 0.00011933333735214546, -0.043483711779117584, 1.0, 0.016333334147930145, -3.1957933970261365e-06, 0.0, 0.0, 1.0172526572205243e-06, -0.016214000061154366, 0.0, 0.0]","[1.0, 1.0, 0.0, 0.9370216131210327, 0.0, 0.49604785442352295, 0.5215902924537659, 0.44876015186309814]",-77.3938283385619
10.700000000000017,104.59001922607422,191.77003479003906,0.0,0.0,0.5,"[0.3125, 0.0, 0.0, 1.0]","[0.0, 0.0, -3.1957933970261365e-06, 0.00011933333735214546, -0.043483711779117584, 1.0, 0.016333334147930145, -3.1957933970261365e-06, 0.0, 0.0, 1.0172526572205243e-06, -0.016214000061154366, 0.0, 0.0]","[1.0, 1.0, 0.0, 0.9370216131210327, 0.0, 0.49604785442352295, 0.5215902924537659, 0.44876015186309814]",-77.77235718193184
10.750000000000018,104.59001922607422,191.77003479003906,0.0,0.0,0.5,"[0.3125, 0.0, 0.0, 1.0]","[0.0, 0.0, -3.1957933970261365e-06, 0.00011933333735214546, -0.043483711779117584, 1.0, 0.016333334147930145, -3.1957933970261365e-06, 0.0, 0.0, 1.0172526572205243e-06, -0.016214000061154366, 0.0, 0.0]","[1.0, 1.0, 0.0, 0.9370216131210327, 0.0, 0.49604785442352295, 0.5215902924537659, 0.44876015186309814]",-78.15262906285272
10.800000000000018,104.59001922607422,191.77003479003906,0.0,0.0,0.5,"[0.3125, 0.0, 0.0, 1.0]","[0.0, 0.0, -3.1957933970261365e-06, 0.00011933333735214546, -0.043483711779117584, 1.0, 0.016333334147930145, -3.1957933970261365e-06, 0.0, 0.0, 1.0172526572205243e-06, -0.016214000061154366, 0.0, 0.0]","[1.0, 1.0, 0.0, 0.9370216131210327, 0.0, 0.49604785442352295, 0.5215902924537659, 0.44876015186309814]",-78.5496241022926
10.85000000000002,104.59001922607422,191.77003479003906,0.0,0.0,0.5,"[0.3125, 0.0, 0.0, 1.0]","[0.0, 0.0, -3.1957933970261365e-06, 0.00011933333735214546, -0.043483711779117584, 1.0, 0.016333334147930145, -3.1957933970261365e-06, 0.0, 0.0, 1.0172526572205243e-06, -0.016214000061154366, 0.0, 0.0]","[1.0, 1.0, 0.0, 0.9370216131210327, 0.0, 0.49604785442352295, 0.5215902924537659, 0.44876015186309814]",-79.35809372967461
10.90000000000002,104.59001922607422,191.77003479003906,0.0,0.0,0.5,"[0.3125, 0.0, 0.0, 1.0]","[0.0, 0.0, -3.1957933970261365e-06, 0.00011933333735214546, -0.043483711779117584, 1.0, 0.016333334147930145, -3.1957933970261365e-06, 0.0, 0.0, 1.0172526572205243e-06, -0.016214000061154366, 0.0, 0.0]","[1.0, 1.0, 0.0, 0.9370216131210327, 0.0, 0.49604785442352295, 0.5215902924537659, 0.44876015186309814]",-79.75821855449045
10.95000000000002,104.59001922607422,191.77003479003906,0.0,0.0,0.5,"[0.3125, 0.0, 0.0, 0.9999978542327881]","[0.0, 0.0, -3.1957933970261365e-06, 0.00011933333735214546, -0.043483711779117584, 1.0, 0.016333334147930145, -3.1957933970261365e-06, 0.0, 0.0, 1.0172526572205243e-06, -0.016214000061154366, 0.0, 0.0]","[1.0, 1.0, 0.0, 0.9370216131210327, 0.0, 0.49604785442352295, 0.5215902924537659, 0.44876015186309814]",-80.15503545244978
11.000000000000021,104.59001922607422,191.77003479003906,0.0,0.0,0.5,"[0.3125, 0.0, 0.0, 0.9999978542327881]","[0.0, 0.0, -3.1957933970261365e-06, 0.00011933333735214546, -0.043483711779117584, 1.0, 0.016333334147930145, -3.1957933970261365e-06, 0.0, 0.0, 1.0172526572205243e-06, -0.016214000061154366, 0.0, 0.0]","[1.0, 1.0, 0.0, 0.9370216131210327, 0.0, 0.49604785442352295, 0.5215902924537659, 0.44876015186309814]",-80.54930776647039
11.050000000000022,104.59001922607422,191.77003479003906,0.0,0.0,0.5,"[0.3125, 0.0, 0.0, 1.0]","[0.0, 0.0, -3.1957933970261365e-06, 0.00011933333735214546, -0.043483711779117584, 1.0, 0.016333334147930145, -3.1957933970261365e-06, 0.0, 0.0, 1.0172526572205243e-06, -0.016214000061154366, 0.0, 0.0]","[1.0, 1.0, 0.0, 0.9370216131210327, 0.0, 0.49604785442352295, 0.5215902924537659, 0.44876015186309814]",-81.45805049518364
11.100000000000023,104.59001922607422,191.77003479003906,0.0,0.0,0.5,"[0.3125, 0.0, 0.0, 1.0]","[0.0, 0.0, -3.1957933970261365e-06, 0.00011933333735214546, -0.043483711779117584, 1.0, 0.016333334147930145, -3.1957933970261365e-06, 0.0, 0.0, 1.0172526572205243e-06, -0.016214000061154366, 0.0, 0.0]","[1.0, 1.0, 0.0, 0.9370216131210327, 0.0, 0.49604785442352295, 0.5215902924537659, 0.44876015186309814]",-81.94793561498399
11.150000000000023,104.59001922607422,191.77003479003906,0.0,0.0,0.5,"[0.3125, 0.0, 0.0, 1.0]","[0.0, 0.0, -3.1957933970261365e-06, 0.00011933333735214546, -0.043483711779117584, 1.0, 0.016333334147930145, -3.1957933970261365e-06, 0.0, 0.0, 1.0172526572205243e-06, -0.016214000061154366, 0.0, 0.0]","[1.0, 1.0, 0.0, 0.9370216131210327, 0.0, 0.49604785442352295, 0.5215902924537659, 0.44876015186309814]",-82.44719384486822
11.200000000000024,104.59001922607422,191.77003479003906,0.0,0.0,0.5,"[0.3125, 0.0, 0.0, 1.0]","[0.0, 0.0, -3.1957933970261365e-06, 0.00011933333735214546, -0.043483711779117584, 1.0, 0.016333334147930145, -3.1957933970261365e-06, 0.0, 0.0, 1.0172526572205243e-06, -0.016214000061154366, 0.0, 0.0]","[1.0, 1.0, 0.0, 0.9370216131210327, 0.0, 0.49604785442352295, 0.5215902924537659, 0.44876015186309814]",-82.95779275416292
11.250000000000025,104.59001922607422,191.77003479003906,0.0,0.0,0.5,"[0.3125, 0.0, 0.0, 1.0]","[0.0, 0.0, -3.1957933970261365e-06, 0.00011933333735214546, -0.043483711779117584, 1.0, 0.016333334147930145, -3.1957933970261365e-06, 0.0, 0.0, 1.0172526572205243e-06, -0.016214000061154366, 0.0, 0.0]","[1.0, 1.0, 0.0, 0.9370216131210327, 0.0, 0.49604785442352295, 0.5215902924537659, 0.44876015186309814]",-83.71940844327136
11.300000000000026,104.59001922607422,191.77003479003906,0.0,0.0,0.5,"[0.3125, 0.0, 0.0, 1.0]","[0.0, 0.0, -3.1957933970261365e-06, 0.00011933333735214546, -0.043483711779117584, 1.0, 0.016333334147930145, -3.1957933970261365e-06, 0.0, 0.0, 1.0172526572205243e-06, -0.016214000061154366, 0.0, 0.0]","[1.0, 1.0, 0.0, 0.9370216131210327, 0.0, 0.49604785442352295, 0.5215902924537659, 0.44876015186309814]",-84.0549832179452
11.350000000000026,104.59001922607422,191.77003479003906,0.0,0.0,0.5,"[0.3125, 0.0, 0.0, 1.0]","[0.0, 0.0, -3.1957933970261365e-06, 0.00011933333735214546, -0.043483711779117584, 1.0, 0.016333334147930145, -3.1957933970261365e-06, 0.0, 0.0, 1.0172526572205243e-06, -0.016214000061154366, 0.0, 0.0]","[1.0, 1.0, 0.0, 0.9370216131210327, 0.0, 0.49604785442352295, 0.5215902924537659, 0.44876015186309814]",-84.39711529779984
11.400000000000027,104.59001922607422,191.77003479003906,0.0,0.0,0.5,"[0.3125, 0.0, 0.0, 0.9999978542327881]","[0.0, 0.0, -3.1957933970261365e-06, 0.00011933333735214546, -0.043483711779117584, 1.0, 0.016333334147930145, -3.1957933970261365e-06, 0.0, 0.0, 1.0172526572205243e-06, -0.016214000061154366, 0.0, 0.0]","[1.0, 1.0, 0.0, 0.9370216131210327, 0.0, 0.49604785442352295, 0.5215902924537659, 0.44876015186309814]",-84.76351565594766
11.450000000000028,104.59001922607422,191.77003479003906,0.0,0.0,0.5,"[0.3125, 0.0, 0.0, 0.9999978542327881]","[0.0, 0.0, -3.1957933970261365e-06, 0.00011933333735214546, -0.043483711779117584, 1.0, 0.016333334147930145, -3.1957933970261365e-06, 0.0, 0.0, 1.0172526572205243e-06, -0.016214000061154366, 0.0, 0.0]","[1.0, 1.0, 0.0, 0.9370216131210327, 0.0, 0.49604785442352295, 0.5215902924537659, 0.44876015186309814]",-85.57183111279998
11.500000000000028,104.59001922607422,191.77003479003906,0.0,0.0,0.5,"[0.3125, 0.0, 0.0, 1.0]","[0.0, 0.0, -3.1957933970261365e-06, 0.00011933333735214546, -0.043483711779117584, 1.0, 0.016333334147930145, -3.1957933970261365e-06, 0.0, 0.0, 1.0172526572205243e-06, -0.016214000061154366, 0.0, 0.0]","[1.0, 1.0, 0.0, 0.9370216131210327, 0.0, 0.49604785442352295, 0.5215902924537659, 0.44876015186309814]",-85.99929192119217
11.55000000000003,104.59001922607422,191.77003479003906,0.0,0.0,0.5,"[0.3125, 0.0, 0.0, 1.0]","[0.0, 0.0, -3.1957933970261365e-06, 0.00011933333735214546, -0.043483711779117584, 1.0, 0.016333334147930145, -3.1957933970261365e-06, 0.0, 0.0, 1.0172526572205243e-06, -0.016214000061154366, 0.0, 0.0]","[1.0, 1.0, 0.0, 0.9370216131210327, 0.0, 0.49604785442352295, 0.5215902924537659, 0.44876015186309814]",-86.43409338907718
11.60000000000003,104.59001922607422,191.77003479003906,0.0,0.0,0.5,"[0.3125, 0.0, 0.0, 1.0]","[0.0, 0.0, -3.1957933970261365e-06, 0.00011933333735214546, -0.043483711779117584, 1.0, 0.016333334147930145, -3.1957933970261365e-06, 0.0, 0.0, 1.0172526572205243e-06, -0.016214000061154366, 0.0, 0.0]","[1.0, 1.0, 0.0, 0.9370216131210327, 0.0, 0.49604785442352295, 0.5215902924537659, 0.44876015186309814]",-86.86432187887982
11.65000000000003,104.59001922607422,191.77003479003906,0.0,0.0,0.5,"[0.3125, 0.0, 0.0, 1.0]","[0.0, 0.0, -3.1957933970261365e-06, 0.00011933333735214546, -0.043483711779117584, 1.0, 0.016333334147930145, -3.1957933970261365e-06, 0.0, 0.0, 1.0172526572205243e-06, -0.016214000061154366, 0.0, 0.0]","[1.0, 1.0, 0.0, 0.9370216131210327, 0.0, 0.49604785442352295, 0.5215902924537659, 0.44876015186309814]",-87.71920886418472
11.700000000000031,104.59001922607422,191.77003479003906,0.0,0.0,0.5,"[0.3125, 0.0, 0.0, 1.0]","[0.0, 0.0, -3.1957933970261365e-06, 0.00011933333735214546, -0.043483711779117584, 1.0, 0.016333334147930145, -3.1957933970261365e-06, 0.0, 0.0, 1.0172526572205243e-06, -0.016214000061154366, 0.0, 0.0]","[1.0, 1.0, 0.0, 0.9370216131210327, 0.0, 0.49604785442352295, 0.5215902924537659, 0.44876015186309814]",-88.16273588322126
11.750000000000032,104.59001922607422,191.77003479003906,0.0,0.0,0.5,"[0.3125, 0.0, 0.0, 1.0]","[0.0, 0.0, -3.1957933970261365e-06, 0.00011933333735214546, -0.043483711779117584, 1.0, 0.016333334147930145, -3.1957933970261365e-06, 0.0, 0.0, 1.0172526572205243e-06, -0.016214000061154366, 0.0, 0.0]","[1.0, 1.0, 0.0, 0.9370216131210327, 0.0, 0.49604785442352295, 0.5215902924537659, 0.44876015186309814]",-88.65930510959387
11.800000000000033,104.59001922607422,191.77003479003906,0.0,0.0,0.5,"[0.3125, 0.0, 0.0, 0.9999978542327881]","[0.0, 0.0, -3.1957933970261365e-06, 0.00011933333735214546, -0.043483711779117584, 1.0, 0.016333334147930145, -3.1957933970261365e-06, 0.0, 0.0, 1.0172526572205243e-06, -0.016214000061154366, 0.0, 0.0]","[1.0, 1.0, 0.0, 0.9370216131210327, 0.0, 0.49604785442352295, 0.5215902924537659, 0.44876015186309814]",-89.20119017505054
11.850000000000033,104.59001922607422,191.77003479003906,0.0,0.0,0.5,"[0.3125, 0.0, 0.0, 0.9999978542327881]","[0.0, 0.0, -3.1957933970261365e-06, 0.00011933333735214546, -0.043483711779117584, 1.0, 0.016333334147930145, -3.1957933970261365e-06, 0.0, 0.0, 1.0172526572205243e-06, -0.016214000061154366, 0.0, 0.0]","[1.0, 1.0, 0.0, 0.9370216131210327, 0.0, 0.49604785442352295, 0.5215902924537659, 0.44876015186309814]",-90.34244023174402
11.900000000000034,104.59001922607422,191.77003479003906,0.0,0.0,0.5,"[0.3125, 0.0, 0.0, 1.0]","[0.0, 0.0, -3.1957933970261365e-06, 0.00011933333735214546, -0.043483711779117584, 1.0, 0.016333334147930145, -3.1957933970261365e-06, 0.0, 0.0, 1.0172526572205243e-06, -0.016214000061154366, 0.0, 0.0]","[1.0, 1.0, 0.0, 0.9370216131210327, 0.0, 0.49604785442352295, 0.5215902924537659, 0.44876015186309814]",-90.92250282363288
11.950000000000035,104.59001922607422,191.77003479003906,0.0,0.0,0.5,"[0.3125, 0.0, 0.0, 1.0]","[0.0, 0.0, -3.1957933970261365e-06, 0.00011933333735214546, -0.043483711779117584, 1.0, 0.016333334147930145, -3.1957933970261365e-06, 0.0, 0.0, 1.0172526572205243e-06, -0.016214000061154366, 0.0, 0.0]","[1.0, 1.0, 0.0, 0.9370216131210327, 0.0, 0.49604785442352295, 0.5215902924537659, 0.44876015186309814]",-91.50671811613925
12.000000000000036,104.59001922607422,191.77003479003906,0.0,0.0,0.5,"[0.3125, 0.0, 0.0, 1.0]","[0.0, 0.0, -3.1957933970261365e-06, 0.00011933333735214546, -0.043483711779117584, 1.0, 0.016333334147930145, -3.1957933970261365e-06, 0.0, 0.0, 1.0172526572205243e-06, -0.016214000061154366, 0.0, 0.0]","[1.0, 1.0, 0.0, 0.9370216131210327, 0.0, 0.49604785442352295, 0.5215902924537659, 0.44876015186309814]",-92.1073548184517
12.050000000000036,104.59001922607422,191.77003479003906,0.0,0.0,0.5,"[0.3125, 0.0, 0.0, 1.0]","[0.0, 0.0, -3.1957933970261365e-06, 0.00011933333735214546, -0.043483711779117584, 1.0, 0.016333334147930145, -3.1957933970261365e-06, 0.0, 0.0, 1.0172526572205243e-06, -0.016214000061154366, 0.0, 0.0]","[1.0, 1.0, 0.0, 0.9370216131210327, 0.0, 0.49604785442352295, 0.5215902924537659, 0.44876015186309814]",-93.29625102220338
12.100000000000037,104.59001922607422,191.77003479003906,0.0,0.0,0.5,"[0.3125, 0.0, 0.0, 1.0]","[0.0, 0.0, -3.1957933970261365e-06, 0.00011933333735214546, -0.043483711779117584, 1.0, 0.016333334147930145, -3.1957933970261365e-06, 0.0, 0.0, 1.0172526572205243e-06, -0.016214000061154366, 0.0, 0.0]","[1.0, 1.0, 0.0, 0.9370216131210327, 0.0, 0.49604785442352295, 0.5215902924537659, 0.44876015186309814]",-93.88128877410904
12.150000000000038,104.59001922607422,191.77003479003906,0.0,0.0,0.5,"[0.3125, 0.0, 0.0, 1.0]","[0.0, 0.0, -3.1957933970261365e-06, 0.00011933333735214546, -0.043483711779117584, 1.0, 0.016333334147930145, -3.1957933970261365e-06, 0.0, 0.0, 1.0172526572205243e-06, -0.016214000061154366, 0.0, 0.0]","[1.0, 1.0, 0.0, 0.9370216131210327, 0.0, 0.49604785442352295, 0.5215902924537659, 0.44876015186309814]",-94.45768957628401
12.200000000000038,104.59001922607422,191.77003479003906,0.0,0.0,0.5,"[0.3125, 0.0, 0.0, 1.0]","[0.0, 0.0, -3.1957933970261365e-06, 0.00011933333735214546, -0.043483711779117584, 1.0, 0.016333334147930145, -3.1957933970261365e-06, 0.0, 0.0, 1.0172526572205243e-06, -0.016214000061154366, 0.0, 0.0]","[1.0, 1.0, 0.0, 0.9370216131210327, 0.0, 0.49604785442352295, 0.5215902924537659, 0.44876015186309814]",-95.02385095435443
12.250000000000039,104.59001922607422,191.77003479003906,0.0,0.0,0.5,"[0.3125, 0.0, 0.0, 0.9999978542327881]","[0.0, 0.0, -3.1957933970261365e-06, 0.00011933333735214546, -0.043483711779117584, 1.0, 0.016333334147930145, -3.1957933970261365e-06, 0.0, 0.0, 1.0172526572205243e-06, -0.016214000061154366, 0.0, 0.0]","[1.0, 1.0, 0.0, 0.9370216131210327, 0.0, 0.49604785442352295, 0.5215902924537659, 0.44876015186309814]",-96.11720070778765
12.30000000000004,104.59001922607422,191.77003479003906,0.0,0.0,0.5,"[0.3125, 0.0, 0.0, 0.9999978542327881]","[0.0, 0.0, -3.1957933970261365e-06, 0.00011933333735214546, -0.043483711779117584, 1.0, 0.016333334147930145, -3.1957933970261365e-06, 0.0, 0.0, 1.0172526572205243e-06, -0.016214000061154366, 0.0, 0.0]","[1.0, 1.0, 0.0, 0.9370216131210327, 0.0, 0.49604785442352295, 0.5215902924537659, 0.44876015186309814]",-96.64030333873895
12.35000000000004,104.59001922607422,191.77003479003906,0.0,0.0,0.5,"[0.3125, 0.0, 0.0, 1.0]","[0.0, 0.0, -3.1957933970261365e-06, 0.00011933333735214546, -0.043483711779117584, 1.0, 0.016333334147930145, -3.1957933970261365e-06, 0.0, 0.0, 1.0172526572205243e-06, -0.016214000061154366, 0.0, 0.0]","[1.0, 1.0, 0.0, 0.9370216131210327, 0.0, 0.49604785442352295, 0.5215902924537659, 0.44876015186309814]",-97.14527269025841
12.400000000000041,104.59001922607422,191.77003479003906,0.0,0.0,0.5,"[0.3125, 0.0, 0.0, 1.0]","[0.0, 0.0, -3.1957933970261365e-06, 0.00011933333735214546, -0.043483711779117584, 1.0, 0.016333334147930145, -3.1957933970261365e-06, 0.0, 0.0, 1.0172526572205243e-06, -0.016214000061154366, 0.0, 0.0]","[1.0, 1.0, 0.0, 0.9370216131210327, 0.0, 0.49604785442352295, 0.5215902924537659, 0.44876015186309814]",-97.64368167900554
12.450000000000042,104.59001922607422,191.77003479003906,0.0,0.0,0.5,"[0.3125, 0.0, 0.0, 1.0]","[0.0, 0.0, -3.1957933970261365e-06, 0.00011933333735214546, -0.043483711779117584, 1.0, 0.016333334147930145, -3.1957933970261365e-06, 0.0, 0.0, 1.0172526572205243e-06, -0.016214000061154366, 0.0, 0.0]","[1.0, 1.0, 0.0, 0.9370216131210327, 0.0, 0.49604785442352295, 0.5215902924537659, 0.44876015186309814]",-98.59943442894111
12.500000000000043,104.59001922607422,191.77003479003906,0.0,0.0,0.5,"[0.3125, 0.0, 0.0, 1.0]","[0.0, 0.0, -3.1957933970261365e-06, 0.00011933333735214546, -0.043483711779117584, 1.0, 0.016333334147930145, -3.1957933970261365e-06, 0.0, 0.0, 1.0172526572205243e-06, -0.016214000061154366, 0.0, 0.0]","[1.0, 1.0, 0.0, 0.9370216131210327, 0.0, 0.49604785442352295, 0.5215902924537659, 0.44876015186309814]",-99.01137122026762
12.550000000000043,104.59001922607422,191.77003479003906,0.0,0.0,0.5,"[0.3125, 0.0, 0.0, 1.0]","[0.0, 0.0, -3.1957933970261365e-06, 0.00011933333735214546, -0.043483711779117584, 1.0, 0.016333334147930145, -3.1957933970261365e-06, 0.0, 0.0, 1.0172526572205243e-06, -0.016214000061154366, 0.0, 0.0]","[1.0, 1.0, 0.0, 0.9370216131210327, 0.0, 0.49604785442352295, 0.5215902924537659, 0.44876015186309814]",-99.38379269975954
12.600000000000044,104.59001922607422,191.77003479003906,0.0,0.0,0.5,"[0.3125, 0.0, 0.0, 1.0]","[0.0, 0.0, -3.1957933970261365e-06, 0.00011933333735214546, -0.043483711779117584, 1.0, 0.016333334147930145, -3.1957933970261365e-06, 0.0, 0.0, 1.0172526572205243e-06, -0.016214000061154366, 0.0, 0.0]","[1.0, 1.0, 0.0, 0.9370216131210327, 0.0, 0.49604785442352295, 0.5215902924537659, 0.44876015186309814]",-99.72421944969761
12.650000000000045,104.59001922607422,191.77003479003906,0.0,0.0,0.5,"[0.3125, 0.0, 0.0, 0.9999978542327881]","[0.0, 0.0, -3.1957933970261365e-06, 0.00011933333735214546, -0.043483711779117584, 1.0, 0.016333334147930145, -3.1957933970261365e-06, 0.0, 0.0, 1.0172526572205243e-06, -0.016214000061154366, 0.0, 0.0]","[1.0, 1.0, 0.0, 0.9370216131210327, 0.0, 0.49604785442352295, 0.5215902924537659, 0.44876015186309814]",-100.32238108754872
12.700000000000045,104.59001922607422,191.77003479003906,0.0,0.0,0.5,"[0.3125, 0.0, 0.0, 0.9999978542327881]","[0.0, 0.0, -3.1957933970261365e-06, 0.00011933333735214546, -0.043483711779117584, 1.0, 0.016333334147930145, -3.1957933970261365e-06, 0.0, 0.0, 1.0172526572205243e-06, -0.016214000061154366, 0.0, 0.0]","[1.0, 1.0, 0.0, 0.9370216131210327, 0.0, 0.49604785442352295, 0.5215902924537659, 0.44876015186309814]",-100.58314333962339
12.750000000000046,104.59001922607422,191.77003479003906,0.0,0.0,0.5,"[0.3125, 0.0, 0.0, 1.0]","[0.0, 0.0, -3.1957933970261365e-06, 0.00011933333735214546, -0.043483711779117584, 1.0, 0.016333334147930145, -3.1957933970261365e-06, 0.0, 0.0, 1.0172526572205243e-06, -0.016214000061154366, 0.0, 0.0]","[1.0, 1.0, 0.0, 0.9370216131210327, 0.0, 0.49604785442352295, 0.5215902924537659, 0.44876015186309814]",-100.82191633677645
12.800000000000047,104.59001922607422,191.77003479003906,0.0,0.0,0.5,"[0.3125, 0.0, 0.0, 1.0]","[0.0, 0.0, -3.1957933970261365e-06, 0.00011933333735214546, -0.043483711779117584, 1.0, 0.016333334147930145, -3.1957933970261365e-06, 0.0, 0.0, 1.0172526572205243e-06, -0.016214000061154366, 0.0, 0.0]","[1.0, 1.0, 0.0, 0.9370216131210327, 0.0, 0.49604785442352295, 0.5215902924537659, 0.44876015186309814]",-101.04215301834165
12.850000000000048,104.59001922607422,191.77003479003906,0.0,0.0,0.5,"[0.3125, 0.0, 0.0, 1.0]","[0.0, 0.0, -3.1957933970261365e-06, 0.00011933333735214546, -0.043483711779117584, 1.0, 0.016333334147930145, -3.1957933970261365e-06, 0.0, 0.0, 1.0172526572205243e-06, -0.016214000061154366, 0.0, 0.0]","[1.0, 1.0, 0.0, 0.9370216131210327, 0.0, 0.49604785442352295, 0.5215902924537659, 0.44876015186309814]",-101.46005898671055
12.900000000000048,104.59001922607422,191.77003479003906,0.0,0.0,0.5,"[0.3125, 0.0, 0.0, 1.0]","[0.0, 0.0, -3.1957933970261365e-06, 0.00011933333735214546, -0.043483711779117584, 1.0, 0.016333334147930145, -3.1957933970261365e-06, 0.0, 0.0, 1.0172526572205243e-06, -0.016214000061154366, 0.0, 0.0]","[1.0, 1.0, 0.0, 0.9370216131210327, 0.0, 0.49604785442352295, 0.5215902924537659, 0.44876015186309814]",-101.68026762162091
12.950000000000049,104.59001922607422,191.77003479003906,0.0,0.0,0.5,"[0.3125, 0.0, 0.0, 1.0]","[0.0, 0.0, -3.1957933970261365e-06, 0.00011933333735214546, -0.043483711779117584, 1.0, 0.016333334147930145, -3.1957933970261365e-06, 0.0, 0.0, 1.0172526572205243e-06, -0.016214000061154366, 0.0, 0.0]","[1.0, 1.0, 0.0, 0.9370216131210327, 0.0, 0.49604785442352295, 0.5215902924537659, 0.44876015186309814]",-101.89816139706626
13.00000000000005,104.59001922607422,191.77003479003906,0.0,0.0,0.5,"[0.3125, 0.0, 0.0, 1.0]","[0.0, 0.0, -3.1957933970261365e-06, 0.00011933333735214546, -0.043483711779117584, 1.0, 0.016333334147930145, -3.1957933970261365e-06, 0.0, 0.0, 1.0172526572205243e-06, -0.016214000061154366, 0.0, 0.0]","[1.0, 1.0, 0.0, 0.9370216131210327, 0.0, 0.49604785442352295, 0.5215902924537659, 0.44876015186309814]",-102.10521211691143
13.05000000000005,104.59001922607422,191.77003479003906,0.0,0.0,0.5,"[0.3125, 0.0, 0.0, 0.9999978542327881]","[0.0, 0.0, -3.1957933970261365e-06, 0.00011933333735214546, -0.043483711779117584, 1.0, 0.016333334147930145, -3.1957933970261365e-06, 0.0, 0.0, 1.0172526572205243e-06, -0.016214000061154366, 0.0, 0.0]","[1.0, 1.0, 0.0, 0.9370216131210327, 0.0, 0.49604785442352295, 0.5215902924537659, 0.44876015186309814]",-102.50826837559686
13.100000000000051,104.59001922607422,191.77003479003906,0.0,0.0,0.5,"[0.3125, 0.0, 0.0, 0.9999978542327881]","[0.0, 0.0, -3.1957933970261365e-06, 0.00011933333735214546, -0.043483711779117584, 1.0, 0.016333334147930145, -3.1957933970261365e-06, 0.0, 0.0, 1.0172526572205243e-06, -0.016214000061154366, 0.0, 0.0]","[1.0, 1.0, 0.0, 0.9370216131210327, 0.0, 0.49604785442352295, 0.5215902924537659, 0.44876015186309814]",-102.70170130149783
13.150000000000052,104.59001922607422,191.77003479003906,0.0,0.0,0.5,"[0.3125, 0.0, 0.0, 1.0]","[0.0, 0.0, -3.1957933970261365e-06, 0.00011933333735214546, -0.043483711779117584, 1.0, 0.016333334147930145, -3.1957933970261365e-06, 0.0, 0.0, 1.0172526572205243e-06, -0.016214000061154366, 0.0, 0.0]","[1.0, 1.0, 0.0, 0.9370216131210327, 0.0, 0.49604785442352295, 0.5215902924537659, 0.44876015186309814]",-102.89790987165466
13.200000000000053,104.59001922607422,191.77003479003906,0.0,0.0,0.5,"[0.3125, 0.0, 0.0, 1.0]","[0.0, 0.0, -3.1957933970261365e-06, 0.00011933333735214546, -0.043483711779117584, 1.0, 0.016333334147930145, -3.1957933970261365e-06, 0.0, 0.0, 1.0172526572205243e-06, -0.016214000061154366, 0.0, 0.0]","[1.0, 1.0, 0.0, 0.9370216131210327, 0.0, 0.49604785442352295, 0.5215902924537659, 0.44876015186309814]",-103.0985336477095
13.250000000000053,104.59001922607422,191.77003479003906,0.0,0.0,0.5,"[0.3125, 0.0, 0.0, 1.0]","[0.0, 0.0, -3.1957933970261365e-06, 0.00011933333735214546, -0.043483711779117584, 1.0, 0.016333334147930145, -3.1957933970261365e-06, 0.0, 0.0, 1.0172526572205243e-06, -0.016214000061154366, 0.0, 0.0]","[1.0, 1.0, 0.0, 0.9370216131210327, 0.0, 0.49604785442352295, 0.5215902924537659, 0.44876015186309814]",-103.49757329838843
13.300000000000054,104.59001922607422,191.77003479003906,0.0,0.0,0.5,"[0.3125, 0.0, 0.0, 1.0]","[0.0, 0.0, -3.1957933970261365e-06, 0.00011933333735214546, -0.043483711779117584, 1.0, 0.016333334147930145, -3.1957933970261365e-06, 0.0, 0.0, 1.0172526572205243e-06, -0.016214000061154366, 0.0, 0.0]","[1.0, 1.0, 0.0, 0.9370216131210327, 0.0, 0.49604785442352295, 0.5215902924537659, 0.44876015186309814]",-103.6957219663266
13.350000000000055,104.59001922607422,191.77003479003906,0.0,0.0,0.5,"[0.3125, 0.0, 0.0, 1.0]","[0.0, 0.0, -3.1957933970261365e-06, 0.00011933333735214546, -0.043483711779117584, 1.0, 0.016333334147930145, -3.1957933970261365e-06, 0.0, 0.0, 1.0172526572205243e-06, -0.016214000061154366, 0.0, 0.0]","[1.0, 1.0, 0.0, 0.9370216131210327, 0.0, 0.49604785442352295, 0.5215902924537659, 0.44876015186309814]",-103.8901515660741
13.400000000000055,104.59001922607422,191.77003479003906,0.0,0.0,0.5,"[0.3125, 0.0, 0.0, 1.0]","[0.0, 0.0, -3.1957933970261365e-06, 0.00011933333735214546, -0.043483711779117584, 1.0, 0.016333334147930145, -3.1957933970261365e-06, 0.0, 0.0, 1.0172526572205243e-06, -0.016214000061154366, 0.0, 0.0]","[1.0, 1.0, 0.0, 0.9370216131210327, 0.0, 0.49604785442352295, 0.5215902924537659, 0.44876015186309814]",-104.0860218611086
13.450000000000056,104.59001922607422,191.77003479003906,0.0,0.0,0.5,"[0.3125, 0.0, 0.0, 1.0]","[0.0, 0.0, -3.1957933970261365e-06, 0.00011933333735214546, -0.043483711779117584, 1.0, 0.016333334147930145, -3.1957933970261365e-06, 0.0, 0.0, 1.0172526572205243e-06, -0.016214000061154366, 0.0, 0.0]","[1.0, 1.0, 0.0, 0.9370216131210327, 0.0, 0.49604785442352295, 0.5215902924537659, 0.44876015186309814]",-104.50333374835854
13.500000000000057,104.59001922607422,191.77003479003906,0.0,0.0,0.5,"[0.3125, 0.0, 0.0, 0.9999978542327881]","[0.0, 0.0, -3.1957933970261365e-06, 0.00011933333735214546, -0.043483711779117584, 1.0, 0.016333334147930145, -3.1957933970261365e-06, 0.0, 0.0, 1.0172526572205243e-06, -0.016214000061154366, 0.0, 0.0]","[1.0, 1.0, 0.0, 0.9370216131210327, 0.0, 0.49604785442352295, 0.5215902924537659, 0.44876015186309814]",-104.71870522091784
13.550000000000058,104.59001922607422,191.77003479003906,0.0,0.0,0.5,"[0.3125, 0.0, 0.0, 0.9999978542327881]","[0.0, 0.0, -3.1957933970261365e-06, 0.00011933333735214546, -0.043483711779117584, 1.0, 0.016333334147930145, -3.1957933970261365e-06, 0.0, 0.0, 1.0172526572205243e-06, -0.016214000061154366, 0.0, 0.0]","[1.0, 1.0, 0.0, 0.9370216131210327, 0.0, 0.49604785442352295, 0.5215902924537659, 0.44876015186309814]",-104.94103951066174
13.600000000000058,104.59001922607422,191.77003479003906,0.0,0.0,0.5,"[0.3125, 0.0, 0.0, 1.0]","[0.0, 0.0, -3.1957933970261365e-06, 0.00011933333735214546, -0.043483711779117584, 1.0, 0.016333334147930145, -3.1957933970261365e-06, 0.0, 0.0, 1.0172526572205243e-06, -0.016214000061154366, 0.0, 0.0]","[1.0, 1.0, 0.0, 0.9370216131210327, 0.0, 0.49604785442352295, 0.5215902924537659, 0.44876015186309814]",-105.16864408226644
13.650000000000059,104.59001922607422,191.77003479003906,0.0,0.0,0.5,"[0.3125, 0.0, 0.0, 1.0]","[0.0, 0.0, -3.1957933970261365e-06, 0.00011933333735214546, -0.043483711779117584, 1.0, 0.016333334147930145, -3.1957933970261365e-06, 0.0, 0.0, 1.0172526572205243e-06, -0.016214000061154366, 0.0, 0.0]","[1.0, 1.0, 0.0, 0.9370216131210327, 0.0, 0.49604785442352295, 0.5215902924537659, 0.44876015186309814]",-105.66576590254502
13.70000000000006,104.59001922607422,191.77003479003906,0.0,0.0,0.5,"[0.3125, 0.0, 0.0, 1.0]","[0.0, 0.0, -3.1957933970261365e-06, 0.00011933333735214546, -0.043483711779117584, 1.0, 0.016333334147930145, -3.1957933970261365e-06, 0.0, 0.0, 1.0172526572205243e-06, -0.016214000061154366, 0.0, 0.0]","[1.0, 1.0, 0.0, 0.9370216131210327, 0.0, 0.49604785442352295, 0.5215902924537659, 0.44876015186309814]",-105.95242326544931
13.75000000000006,104.59001922607422,191.77003479003906,0.0,0.0,0.5,"[0.3125, 0.0, 0.0, 1.0]","[0.0, 0.0, -3.1957933970261365e-06, 0.00011933333735214546, -0.043483711779117584, 1.0, 0.016333334147930145, -3.1957933970261365e-06, 0.0, 0.0, 1.0172526572205243e-06, -0.016214000061154366, 0.0, 0.0]","[1.0, 1.0, 0.0, 0.9370216131210327, 0.0, 0.49604785442352295, 0.5215902924537659, 0.44876015186309814]",-106.24354608900889
13.800000000000061,104.59001922607422,191.77003479003906,0.0,0.0,0.5,"[0.3125, 0.0, 0.0, 1.0]","[0.0, 0.0, -3.1957933970261365e-06, 0.00011933333735214546, -0.043483711779117584, 1.0, 0.016333334147930145, -3.1957933970261365e-06, 0.0, 0.0, 1.0172526572205243e-06, -0.016214000061154366, 0.0, 0.0]","[1.0, 1.0, 0.0, 0.9370216131210327, 0.0, 0.49604785442352295, 0.5215902924537659, 0.44876015186309814]",-106.53959399636356
13.850000000000062,104.59001922607422,191.77003479003906,0.0,0.0,0.5,"[0.3125, 0.0, 0.0, 1.0]","[0.0, 0.0, -3.1957933970261365e-06, 0.00011933333735214546, -0.043483711779117584, 1.0, 0.016333334147930145, -3.1957933970261365e-06, 0.0, 0.0, 1.0172526572205243e-06, -0.016214000061154366, 0.0, 0.0]","[1.0, 1.0, 0.0, 0.9370216131210327, 0.0, 0.49604785442352295, 0.5215902924537659, 0.44876015186309814]",-107.18494294681774
13.900000000000063,104.59001922607422,191.77003479003906,0.0,0.0,0.5,"[0.3125, 0.0, 0.0, 0.9999978542327881]","[0.0, 0.0, -3.1957933970261365e-06, 0.00011933333735214546, -0.043483711779117584, 1.0, 0.016333334147930145, -3.1957933970261365e-06, 0.0, 0.0, 1.0172526572205243e-06, -0.016214000061154366, 0.0, 0.0]","[1.0, 1.0, 0.0, 0.9370216131210327, 0.0, 0.49604785442352295, 0.5215902924537659, 0.44876015186309814]",-107.51551544491929
13.950000000000063,104.59001922607422,191.77003479003906,0.0,0.0,0.5,"[0.3125, 0.0, 0.0, 0.9999978542327881]","[0.0, 0.0, -3.1957933970261365e-06, 0.00011933333735214546, -0.043483711779117584, 1.0, 0.016333334147930145, -3.1957933970261365e-06, 0.0, 0.0, 1.0172526572205243e-06, -0.016214000061154366, 0.0, 0.0]","[1.0, 1.0, 0.0, 0.9370216131210327, 0.0, 0.49604785442352295, 0.5215902924537659, 0.44876015186309814]",-107.84920172651744
14.000000000000064,104.59001922607422,191.77003479003906,0.0,0.0,0.5,"[0.3125, 0.0, 0.0, 1.0]","[0.0, 0.0, -3.1957933970261365e-06, 0.00011933333735214546, -0.043483711779117584, 1.0, 0.016333334147930145, -3.1957933970261365e-06, 0.0, 0.0, 1.0172526572205243e-06, -0.016214000061154366, 0.0, 0.0]","[1.0, 1.0, 0.0, 0.9370216131210327, 0.0, 0.49604785442352295, 0.5215902924537659, 0.44876015186309814]",-108.18885232250133
14.050000000000065,104.59001922607422,191.77003479003906,0.0,0.0,0.5,"[0.3125, 0.0, 0.0, 1.0]","[0.0, 0.0, -3.1957933970261365e-06, 0.00011933333735214546, -0.043483711779117584, 1.0, 0.016333334147930145, -3.1957933970261365e-06, 0.0, 0.0, 1.0172526572205243e-06, -0.016214000061154366, 0.0, 0.0]","[1.0, 1.0, 0.0, 0.9370216131210327, 0.0, 0.49604785442352295, 0.5215902924537659, 0.44876015186309814]",-108.94800605093461
14.100000000000065,104.59001922607422,191.77003479003906,0.0,0.0,0.5,"[0.3125, 0.0, 0.0, 1.0]","[0.0, 0.0, -3.1957933970261365e-06, 0.00011933333735214546, -0.043483711779117584, 1.0, 0.016333334147930145, -3.1957933970261365e-06, 0.0, 0.0, 1.0172526572205243e-06, -0.016214000061154366, 0.0, 0.0]","[1.0, 1.0, 0.0, 0.9370216131210327, 0.0, 0.49604785442352295, 0.5215902924537659, 0.44876015186309814]",-109.36148834477778
14.150000000000066,104.59001922607422,191.77003479003906,0.0,0.0,0.5,"[0.3125, 0.0, 0.0, 1.0]","[0.0, 0.0, -3.1957933970261365e-06, 0.00011933333735214546, -0.043483711779117584, 1.0, 0.016333334147930145, -3.1957933970261365e-06, 0.0, 0.0, 1.0172526572205243e-06, -0.016214000061154366, 0.0, 0.0]","[1.0, 1.0, 0.0, 0.9370216131210327, 0.0, 0.49604785442352295, 0.5215902924537659, 0.44876015186309814]",-109.66400208930979
14.200000000000067,104.59001922607422,191.77003479003906,0.0,0.0,0.5,"[0.3125, 0.0, 0.0, 1.0]","[0.0, 0.0, -3.1957933970261365e-06, 0.00011933333735214546, -0.043483711779117584, 1.0, 0.016333334147930145, -3.1957933970261365e-06, 0.0, 0.0, 1.0172526572205243e-06, -0.016214000061154366, 0.0, 0.0]","[1.0, 1.0, 0.0, 0.9370216131210327, 0.0, 0.49604785442352295, 0.5215902924537659, 0.44876015186309814]",-109.87744887543013
14.250000000000068,104.59001922607422,191.77003479003906,0.0,0.0,0.5,"[0.3125, 0.0, 0.0, 1.0]","[0.0, 0.0, -3.1957933970261365e-06, 0.00011933333735214546, -0.043483711779117584, 1.0, 0.016333334147930145, -3.1957933970261365e-06, 0.0, 0.0, 1.0172526572205243e-06, -0.016214000061154366, 0.0, 0.0]","[1.0, 1.0, 0.0, 0.9370216131210327, 0.0, 0.49604785442352295, 0.5215902924537659, 0.44876015186309814]",-110.3400845104378
14.300000000000068,104.59001922607422,191.77003479003906,0.0,0.0,0.5,"[0.3125, 0.0, 0.0, 1.0]","[0.0, 0.0, -3.1957933970261365e-06, 0.00011933333735214546, -0.043483711779117584, 1.0, 0.016333334147930145, -3.1957933970261365e-06, 0.0, 0.0, 1.0172526572205243e-06, -0.016214000061154366, 0.0, 0.0]","[1.0, 1.0, 0.0, 0.9370216131210327, 0.0, 0.49604785442352295, 0.5215902924537659, 0.44876015186309814]",-110.57720446368104
14.350000000000069,104.59001922607422,191.77003479003906,0.0,0.0,0.5,"[0.3125, 0.0, 0.0, 0.9999978542327881]","[0.0, 0.0, -3.1957933970261365e-06, 0.00011933333735214546, -0.043483711779117584, 1.0, 0.016333334147930145, -3.1957933970261365e-06, 0.0, 0.0, 1.0172526572205243e-06, -0.016214000061154366, 0.0, 0.0]","[1.0, 1.0, 0.0, 0.9370216131210327, 0.0, 0.49604785442352295, 0.5215902924537659, 0.44876015186309814]",-110.8206426147086
14.40000000000007,104.59001922607422,191.77003479003906,0.0,0.0,0.5,"[0.3125, 0.0, 0.0, 0.9999978542327881]","[0.0, 0.0, -3.1957933970261365e-06, 0.00011933333735214546, -0.043483711779117584, 1.0, 0.016333334147930145, -3.1957933970261365e-06, 0.0, 0.0, 1.0172526572205243e-06, -0.016214000061154366, 0.0, 0.0]","[1.0, 1.0, 0.0, 0.9370216131210327, 0.0, 0.49604785442352295, 0.5215902924537659, 0.44876015186309814]",-111.06873696537188
14.45000000000007,104.59001922607422,191.77003479003906,0.0,0.0,0.5,"[0.3125, 0.0, 0.0, 1.0]","[0.0, 0.0, -3.1957933970261365e-06, 0.00011933333735214546, -0.043483711779117584, 1.0, 0.016333334147930145, -3.1957933970261365e-06, 0.0, 0.0, 1.0172526572205243e-06, -0.016214000061154366, 0.0, 0.0]","[1.0, 1.0, 0.0, 0.9370216131210327, 0.0, 0.49604785442352295, 0.5215902924537659, 0.44876015186309814]",-111.61776200142339
14.500000000000071,104.59001922607422,191.77003479003906,0.0,0.0,0.5,"[0.3125, 0.0, 0.0, 1.0]","[0.0, 0.0, -3.1957933970261365e-06, 0.00011933333735214546, -0.043483711779117584, 1.0, 0.016333334147930145, -3.1957933970261365e-06, 0.0, 0.0, 1.0172526572205243e-06, -0.016214000061154366, 0.0, 0.0]","[1.0, 1.0, 0.0, 0.9370216131210327, 0.0, 0.49604785442352295, 0.5215902924537659, 0.44876015186309814]",-111.92470255132959
14.550000000000072,104.59001922607422,191.77003479003906,0.0,0.0,0.5,"[0.3125, 0.0, 0.0, 1.0]","[0.0, 0.0, -3.1957933970261365e-06, 0.00011933333735214546, -0.043483711779117584, 1.0, 0.016333334147930145, -3.1957933970261365e-06, 0.0, 0.0, 1.0172526572205243e-06, -0.016214000061154366, 0.0, 0.0]","[1.0, 1.0, 0.0, 0.9370216131210327, 0.0, 0.49604785442352295, 0.5215902924537659, 0.44876015186309814]",-112.2289566737888
14.600000000000072,104.59001922607422,191.77003479003906,0.0,0.0,0.5,"[0.3125, 0.0, 0.0, 1.0]","[0.0, 0.0, -3.1957933970261365e-06, 0.00011933333735214546, -0.043483711779117584, 1.0, 0.016333334147930145, -3.1957933970261365e-06, 0.0, 0.0, 1.0172526572205243e-06, -0.016214000061154366, 0.0, 0.0]","[1.0, 1.0, 0.0, 0.9370216131210327, 0.0, 0.49604785442352295, 0.5215902924537659, 0.44876015186309814]",-112.53098799038116
14.650000000000073,104.59001922607422,191.77003479003906,0.0,0.0,0.5,"[0.3125, 0.0, 0.0, 1.0]","[0.0, 0.0, -3.1957933970261365e-06, 0.00011933333735214546, -0.043483711779117584, 1.0, 0.016333334147930145, -3.1957933970261365e-06, 0.0, 0.0, 1.0172526572205243e-06, -0.016214000061154366, 0.0, 0.0]","[1.0, 1.0, 0.0, 0.9370216131210327, 0.0, 0.49604785442352295, 0.5215902924537659, 0.44876015186309814]",-113.14057670607014
14.700000000000074,104.59001922607422,191.77003479003906,0.0,0.0,0.5,"[0.3125, 0.0, 0.0, 1.0]","[0.0, 0.0, -3.1957933970261365e-06, 0.00011933333735214546, -0.043483711779117584, 1.0, 0.016333334147930145, -3.1957933970261365e-06, 0.0, 0.0, 1.0172526572205243e-06, -0.016214000061154366, 0.0, 0.0]","[1.0, 1.0, 0.0, 0.9370216131210327, 0.0, 0.49604785442352295, 0.5215902924537659, 0.44876015186309814]",-113.14057670607014
