sim_time,x,y,speed,steer,throttle,style_scores,alert_state,alert_raw,alert_score
0.05,104.59001922607422,191.77003479003906,0.9800000190734863,0.0,0.5,"[0.3768119812011719, 0.15489999949932098, 0.0, 0.9431818127632141]","[0.0, 0.0, -3.1957933970261365e-06, 0.00011933333735214546, -0.04375659301877022, 1.0, 0.016333334147930145, -3.1957933970261365e-06, 0.0, 0.0, 1.0172526572205243e-06, -0.016214000061154366, 0.0, 0.0]","[0.0, 0.0, 1.0, 0.5350829362869263, 0.0, 0.7490156888961792, 0.35403507947921753, 0.8960561156272888]",1.0
0.1,104.59001922607422,191.77003479003906,1.4700000286102295,0.0220947265625,0.20000000298023224,"[0.6589679718017578, 0.3716000020503998, 0.0, 0.9421774744987488]","[0.0, 0.0, -3.1957933970261365e-06, 0.00011933333735214546, -0.04375659301877022, 1.0, 0.016333334147930145, -3.1957933970261365e-06, 0.0, 0.0, 1.0172526572205243e-06, -0.016214000061154366, 0.0, 0.0]","[0.0, 0.0, 1.0, 0.5350829362869263, 0.0, 0.7490156888961792, 0.35403507947921753, 0.8960561156272888]",1.0
0.15000000000000002,104.59001922607422,191.77003479003906,1.7187600135803223,0.0220947265625,0.2976226806640625,"[0.6752927303314209, 0.3912000060081482, 0.0, 0.7467684745788574]","[0.0, 0.0, -3.1957933970261365e-06, 0.00011933333735214546, -0.04375659301877022, 1.0, 0.016333334147930145, -3.1957933970261365e-06, 0.0, 0.0, 1.0172526572205243e-06, -0.016214000061154366, 0.0, 0.0]","[0.0, 0.0, 1.0, 0.5350829362869263, 0.0, 0.7490156888961792, 0.35403507947921753, 0.8960561156272888]",1.0
0.2,104.59001922607422,191.77003479003906,0.9489799737930298,0.0220947265625,0.55859375,"[0.624776303768158, 0.12849999964237213, 0.0, 0.4886363744735718]","[0.0, 0.0, -3.1957933970261365e-06, 0.00011933333735214546, -0.04375659301877022, 1.0, 0.016333334147930145, -3.1957933970261365e-06, 0.0, 0.0, 1.0172526572205243e-06, -0.016214000061154366, 0.0, 0.0]","[0.0, 0.0, 1.0, 0.5350829362869263, 0.0, 0.7490156888961792, 0.35403507947921753, 0.8960561156272888]",1.0
0.25,104.59001922607422,191.77003479003906,0.48186999559402466,0.0220947265625,0.65625,"[0.5941224694252014, 0.05249999836087227, 0.0, 0.6907535195350647]","[0.0, 0.0, -3.1957933970261365e-06, 0.00011933333735214546, -0.04375659301877022, 1.0, 0.016333334147930145, -3.1957933970261365e-06, 0.0, 0.0, 1.0172526572205243e-06, -0.016214000061154366, 0.0, 0.0]","[0.0, 0.0, 1.0, 0.5350829362869263, 0.0, 0.7490156888961792, 0.35403507947921753, 0.8960561156272888]",0.9770132939141812
0.3,104.59001922607422,191.77003479003906,0.20643000304698944,0.0220947265625,0.671875,"[0.5760468244552612, 0.021900000050663948, 0.0, 0.7916588187217712]","[0.0, 0.0, -3.1957933970261365e-06, 0.00011933333735214546, -0.04375659301877022, 1.0, 0.016333334147930145, -3.1957933970261365e-06, 0.0, 0.0, 1.0172526572205243e-06, -0.016214000061154366, 0.0, 0.0]","[0.0, 0.0, 1.0, 0.5350829362869263, 0.0, 0.7490156888961792, 0.35403507947921753, 0.8960561156272888]",0.8850279493900145
0.35,104.59001922607422,191.77003479003906,0.05063999816775322,0.0220947265625,0.7109375,"[0.5658231973648071, 0.004800000227987766, 4.3956040940429375e-07, 0.8699883222579956]","[0.0, 0.0, -3.1957933970261365e-06, 0.00011933333735214546, -0.04375659301877022, 1.0, 0.016333334147930145, -3.1957933970261365e-06, 0.0, 0.0, 1.0172526572205243e-06, -0.016214000061154366, 0.0, 0.0]","[0.0, 0.0, 1.0, 0.5350829362869263, 0.0, 0.7490156888961792, 0.35403507947921753, 0.8960561156272888]",0.783928159392835
0.39999999999999997,104.59001922607422,191.77003479003906,0.0318400003015995,0.0220947265625,0.75,"[0.5645895004272461, 0.003000000026077032, 4.3956040940429375e-07, 0.930790364742279]","[0.0, 0.0, -3.1957933970261365e-06, 0.00011933333735214546, -0.04375659301877022, 1.0, 0.016333334147930145, -3.1957933970261365e-06, 0.0, 0.0, 1.0172526572205243e-06, -0.016214000061154366, 0.0, 0.0]","[0.0, 0.0, 1.0, 0.5350829362869263, 0.0, 0.7490156888961792, 0.35403507947921753, 0.8960561156272888]",0.4246648193362792
0.44999999999999996,104.59001922607422,191.77003479003906,0.07051999866962433,0.0220947265625,0.76171875,"[0.5671278238296509, 0.00559999980032444, 0.0, 0.9548993110656738]","[0.0, 0.0, -3.1957933970261365e-06, 0.00011933333735214546, -0.04375659301877022, 1.0, 0.016333334147930145, -3.1957933970261365e-06, 0.0, 0.0, 1.0172526572205243e-06, -0.016214000061154366, 0.0, 0.0]","[0.0, 0.0, 1.0, 0.5350829362869263, 0.0, 0.7490156888961792, 0.35403507947921753, 0.8960561156272888]",0.1964815401463753
0.49999999999999994,104.59001922607422,191.77003479003906,0.0839100033044815,0.0220947265625,0.7734375,"[0.5680065155029297, 0.006300000008195639, 8.791208188085875e-07, 0.9751917719841003]","[0.0, 0.0, -3.1957933970261365e-06, 0.00011933333735214546, -0.04375659301877022, 1.0, 0.016333334147930145, -3.1957933970261365e-06, 0.0, 0.0, 1.0172526572205243e-06, -0.016214000061154366, 0.0, 0.0]","[0.0, 0.0, 1.0, 0.5350829362869263, 0.0, 0.7490156888961792, 0.35403507947921753, 0.8960561156272888]",-0.042315298592817685
0.5499999999999999,104.59001922607422,191.77003479003906,0.08348000049591064,0.0220947265625,0.78125,"[0.5679783225059509, 0.006099999882280827, 8.791208188085875e-07, 0.9873746037483215]","[0.0, 0.0, -3.1957933970261365e-06, 0.00011933333735214546, -0.04375659301877022, 1.0, 0.016333334147930145, -3.1957933970261365e-06, 0.0, 0.0, 1.0172526572205243e-06, -0.016214000061154366, 0.0, 0.0]","[0.0, 0.0, 1.0, 0.5350829362869263, 0.0, 0.7490156888961792, 0.35403507947921753, 0.8960561156272888]",-0.29788556587651516
0.6,104.59001922607422,191.77003479003906,0.07614000141620636,0.0220947265625,0.7890625,"[0.567496657371521, 0.0052999998442828655, 0.0, 0.9927260279655457]","[0.0, 0.0, -3.1957933970261365e-06, 0.00011933333735214546, -0.04375659301877022, 1.0, 0.016333334147930145, -3.1957933970261365e-06, 0.0, 0.0, 1.0172526572205243e-06, -0.016214000061154366, 0.0, 0.0]","[0.0, 0.0, 1.0, 0.5350829362869263, 0.0, 0.7490156888961792, 0.35403507947921753, 0.8960561156272888]",-0.5565472828421261
0.65,104.59001922607422,191.77003479003906,0.06597000360488892,0.0220947265625,0.79296875,"[0.5668292045593262, 0.0044999998062849045, 0.0, 0.9960341453552246]","[0.0, 0.0, -3.1957933970261365e-06, 0.00011933333735214546, -0.04375659301877022, 1.0, 0.016333334147930145, -3.1957933970261365e-06, 0.0, 0.0, 1.0172526572205243e-06, -0.016214000061154366, 0.0, 0.0]","[0.0, 0.0, 1.0, 0.5350829362869263, 0.0, 0.7490156888961792, 0.35403507947921753, 0.8960561156272888]",-1.0968835427011667
0.7000000000000001,104.59608459472656,191.77008056640625,0.28345999121665955,0.009063720703125,0.796875,"[0.5811018943786621, 0.01860000006854534, 0.24590855836868286, 0.648711085319519]","[0.0, 0.0, -3.1957933970261365e-06, 0.00011933333735214546, -0.04375659301877022, 1.0, 0.016333334147930145, -3.1957933970261365e-06, 0.0, 0.0, 1.0172526572205243e-06, -0.016214000061154366, 0.0, 0.0]","[0.0, 0.0, 1.0, 0.5350829362869263, 0.0, 0.7490156888961792, 0.35403507947921753, 0.8960561156272888]",-1.4036762916371774
0.7500000000000001,104.62203216552734,191.77012634277344,0.6227499842643738,0.004638671875,0.796875,"[0.6033676266670227, 0.0406000018119812, 0.302731454372406, 0.8886661529541016]","[0.0, 0.0, -3.1957933970261365e-06, 0.00011933333735214546, -0.04375659301877022, 1.0, 0.016333334147930145, -3.1957933970261365e-06, 0.0, 0.0, 1.0172526572205243e-06, -0.016214000061154366, 0.0, 0.0]","[0.0, 0.0, 1.0, 0.5350829362869263, 0.0, 0.7490156888961792, 0.35403507947921753, 0.8960561156272888]",-1.703439186516877
0.8000000000000002,104.66229248046875,191.77015686035156,0.8992900252342224,-0.000335693359375,0.80078125,"[0.6215154528617859, 0.05790000036358833, 0.24885448813438416, 0.886193573474884]","[0.0, 0.0, -3.1957933970261365e-06, 0.00011933333735214546, -0.04375659301877022, 1.0, 0.016333334147930145, -3.1957933970261365e-06, 0.0, 0.0, 1.0172526572205243e-06, -0.016214000061154366, 0.0, 0.0]","[0.0, 0.0, 1.0, 0.5350829362869263, 0.0, 0.7490156888961792, 0.35403507947921753, 0.8960561156272888]",-2.353508787399513
0.8500000000000002,104.71260833740234,191.77003479003906,1.0399199724197388,-0.00396728515625,0.8046875,"[0.630744218826294, 0.06650000065565109, 0.125873863697052, 0.8183761239051819]","[0.0, 0.0, -3.1957933970261365e-06, 0.00011933333735214546, -0.04375659301877022, 1.0, 0.016333334147930145, -3.1957933970261365e-06, 0.0, 0.0, 1.0172526572205243e-06, -0.016214000061154366, 0.0, 0.0]","[0.0, 0.0, 1.0, 0.5350829362869263, 0.0, 0.7490156888961792, 0.35403507947921753, 0.8960561156272888]",-2.6620013982192687
0.9000000000000002,104.77130889892578,191.76980590820312,1.2660800218582153,-0.007537841796875,0.8203125,"[0.645585834980011, 0.0738999992609024, 0.20239120721817017, 0.8663032650947571]","[0.0, 0.0, -3.1957933970261365e-06, 0.00011933333735214546, -0.04375659301877022, 1.0, 0.016333334147930145, -3.1957933970261365e-06, 0.0, 0.0, 1.0172526572205243e-06, -0.016214000061154366, 0.0, 0.0]","[0.0, 0.0, 1.0, 0.5350829362869263, 0.0, 0.7490156888961792, 0.35403507947921753, 0.8960561156272888]",-2.9686504597575984
0.9500000000000003,104.83926391601562,191.76934814453125,1.4259799718856812,-0.011077880859375,0.83984375,"[0.6560791730880737, 0.0746999979019165, 0.1454276740550995, 0.8964682221412659]","[0.0, 0.0, -3.1957933970261365e-06, 0.00011933333735214546, -0.04375659301877022, 1.0, 0.016333334147930145, -3.1957933970261365e-06, 0.0, 0.0, 1.0172526572205243e-06, -0.016214000061154366, 0.0, 0.0]","[0.0, 0.0, 1.0, 0.5350829362869263, 0.0, 0.7490156888961792, 0.35403507947921753, 0.8960561156272888]",-3.2893177004427345
1.0000000000000002,104.91654968261719,191.76878356933594,1.5816800594329834,-0.014007568359375,0.859375,"[0.6662968993186951, 0.07280000299215317, 0.14298371970653534, 0.9724010229110718]","[0.0, 0.0, -3.1957933970261365e-06, 0.00011933333735214546, -0.04375659301877022, 1.0, 0.016333334147930145, -3.1957933970261365e-06, 0.0, 0.0, 1.0172526572205243e-06, -0.016214000061154366, 0.0, 0.0]","[0.0, 0.0, 1.0, 0.5350829362869263, 0.0, 0.7490156888961792, 0.35403507947921753, 0.8960561156272888]",-3.614260311662159
1.0500000000000003,104.99889373779297,191.7680206298828,1.6971399784088135,-0.01611328125,0.8671875,"[0.6738739013671875, 0.07400000095367432, 0.10610724985599518, 0.9363820552825928]","[0.0, 0.0, -3.1957933970261365e-06, 0.00011933333735214546, -0.04375659301877022, 1.0, 0.016333334147930145, -3.1957933970261365e-06, 0.0, 0.0, 1.0172526572205243e-06, -0.016214000061154366, 0.0, 0.0]","[0.0, 0.0, 1.0, 0.5350829362869263, 0.0, 0.7490156888961792, 0.35403507947921753, 0.8960561156272888]",-4.387975130344845
1.1000000000000003,105.08845520019531,191.76705932617188,1.8601900339126587,-0.0167236328125,0.8671875,"[0.6845740079879761, 0.08079999685287476, 0.1488492339849472, 0.9212390780448914]","[0.0, 0.0, -3.1957933970261365e-06, 0.00011933333735214546, -0.04375659301877022, 1.0, 0.016333334147930145, -3.1957933970261365e-06, 0.0, 0.0, 1.0172526572205243e-06, -0.016214000061154366, 0.0, 0.0]","[0.0, 0.0, 1.0, 0.5350829362869263, 0.0, 0.7490156888961792, 0.35403507947921753, 0.8960561156272888]",-4.763884800939694
1.1500000000000004,105.18706512451172,191.7659912109375,2.0500900745391846,-0.016571044921875,0.8671875,"[0.69703608751297, 0.08879999816417694, 0.17102548480033875, 0.9422289729118347]","[0.0, 0.0, -3.1957933970261365e-06, 0.00011933333735214546, -0.04375659301877022, 1.0, 0.016333334147930145, -3.1957933970261365e-06, 0.0, 0.0, 1.0172526572205243e-06, -0.016214000061154366, 0.0, 0.0]","[0.0, 0.0, 1.0, 0.5350829362869263, 0.0, 0.7490156888961792, 0.35403507947921753, 0.8960561156272888]",-5.160026053125128
1.2000000000000004,105.29638671875,191.76467895507812,2.2764899730682373,-0.01654052734375,0.8671875,"[0.7118934392929077, 0.0982000008225441, 0.20456790924072266, 0.9259516596794128]","[0.0, 0.0, -3.1957933970261365e-06, 0.00011933333735214546, -0.04375659301877022, 1.0, 0.016333334147930145, -3.1957933970261365e-06, 0.0, 0.0, 1.0172526572205243e-06, -0.016214000061154366, 0.0, 0.0]","[0.0, 0.0, 1.0, 0.5350829362869263, 0.0, 0.7490156888961792, 0.35403507947921753, 0.8960561156272888]",-5.576602578632433
1.2500000000000004,105.41768646240234,191.76315307617188,2.5214900970458984,-0.0167236328125,0.8671875,"[0.7279714345932007, 0.10859999805688858, 0.22097671031951904, 0.9441121220588684]","[0.0, 0.0, -3.1957933970261365e-06, 0.00011933333735214546, -0.04375659301877022, 1.0, 0.016333334147930145, -3.1957933970261365e-06, 0.0, 0.0, 1.0172526572205243e-06, -0.016214000061154366, 0.0, 0.0]","[0.0, 0.0, 1.0, 0.5350829362869263, 0.0, 0.7490156888961792, 0.35403507947921753, 0.8960561156272888]",-6.4911085974518485
1.3000000000000005,105.55211639404297,191.76132202148438,2.793109893798828,-0.017120361328125,0.8671875,"[0.7457963824272156, 0.11990000307559967, 0.24642282724380493, 0.9340525269508362]","[0.0, 0.0, -3.1957933970261365e-06, 0.00011933333735214546, -0.04375659301877022, 1.0, 0.016333334147930145, -3.1957933970261365e-06, 0.0, 0.0, 1.0172526572205243e-06, -0.016214000061154366, 0.0, 0.0]","[0.0, 0.0, 1.0, 0.5350829362869263, 0.0, 0.7490156888961792, 0.35403507947921753, 0.8960561156272888]",-6.8753582060301
1.3500000000000005,105.70047760009766,191.7591552734375,3.0755200386047363,-0.017791748046875,0.8671875,"[0.7643294334411621, 0.13189999759197235, 0.25639867782592773, 0.9528457522392273]","[0.0, 0.0, -3.1957933970261365e-06, 0.00011933333735214546, -0.04375659301877022, 1.0, 0.016333334147930145, -3.1957933970261365e-06, 0.0, 0.0, 1.0172526572205243e-06, -0.016214000061154366, 0.0, 0.0]","[0.0, 0.0, 1.0, 0.5350829362869263, 0.0, 0.7490156888961792, 0.35403507947921753, 0.8960561156272888]",-7.265053591899225
1.4000000000000006,105.86394500732422,191.75645446777344,3.3922300338745117,-0.019744873046875,0.8671875,"[0.7851133346557617, 0.14499999582767487, 0.2906756103038788, 0.9244624972343445]","[0.0, 0.0, -3.1957933970261365e-06, 0.00011933333735214546, -0.04375659301877022, 1.0, 0.016333334147930145, -3.1957933970261365e-06, 0.0, 0.0, 1.0172526572205243e-06, -0.016214000061154366, 0.0, 0.0]","[0.0, 0.0, 1.0, 0.5350829362869263, 0.0, 0.7490156888961792, 0.35403507947921753, 0.8960561156272888]",-7.696675955494259
1.4500000000000006,106.04322052001953,191.75306701660156,3.7004799842834473,-0.022308349609375,0.8671875,"[0.8053420782089233, 0.1582999974489212, 0.28628262877464294, 0.9544433951377869]","[0.0, 0.0, -3.1957933970261365e-06, 0.00011933333735214546, -0.04375659301877022, 1.0, 0.016333334147930145, -3.1957933970261365e-06, 0.0, 0.0, 1.0172526572205243e-06, -0.016214000061154366, 0.0, 0.0]","[0.0, 0.0, 1.0, 0.5350829362869263, 0.0, 0.7490156888961792, 0.35403507947921753, 0.8960561156272888]",-8.805241708556176
1.5000000000000007,106.23713684082031,191.7489471435547,3.986769914627075,-0.02362060546875,0.8671875,"[0.8241297006607056, 0.17090000212192535, 0.2674650251865387, 0.9392568469047546]","[0.0, 0.0, -3.1957933970261365e-06, 0.00011933333735214546, -0.04375659301877022, 1.0, 0.016333334147930145, -3.1957933970261365e-06, 0.0, 0.0, 1.0172526572205243e-06, -0.016214000061154366, 0.0, 0.0]","[0.0, 0.0, 1.0, 0.5350829362869263, 0.0, 0.7490156888961792, 0.35403507947921753, 0.8960561156272888]",-9.297767500050428
1.5500000000000007,106.44489288330078,191.74411010742188,4.26200008392334,-0.0238037109375,0.8671875,"[0.8421915173530579, 0.18289999663829803, 0.25727516412734985, 0.9524104595184326]","[0.0, 0.0, -3.1957933970261365e-06, 0.00011933333735214546, -0.04375659301877022, 1.0, 0.016333334147930145, -3.1957933970261365e-06, 0.0, 0.0, 1.0172526572205243e-06, -0.016214000061154366, 0.0, 0.0]","[0.0, 0.0, 1.0, 0.5350829362869263, 0.0, 0.7490156888961792, 0.35403507947921753, 0.8960561156272888]",-9.747547046619992
1.6000000000000008,106.66616821289062,191.73858642578125,4.533070087432861,-0.023773193359375,0.8671875,"[0.8599803447723389, 0.19460000097751617, 0.25400134921073914, 0.9606021046638489]","[0.0, 0.0, -3.1957933970261365e-06, 0.00011933333735214546, -0.04375659301877022, 1.0, 0.016333334147930145, -3.1957933970261365e-06, 0.0, 0.0, 1.0172526572205243e-06, -0.016214000061154366, 0.0, 0.0]","[0.0, 0.0, 1.0, 0.5350829362869263, 0.0, 0.7490156888961792, 0.35403507947921753, 0.8960561156272888]",-10.214687066711914
1.6500000000000008,106.90090942382812,191.7322540283203,4.802929878234863,-0.023773193359375,0.8671875,"[0.877689778804779, 0.20630000531673431, 0.25384265184402466, 0.9636474251747131]","[0.0, 0.0, -3.1957933970261365e-06, 0.00011933333735214546, -0.04375659301877022, 1.0, 0.016333334147930145, -3.1957933970261365e-06, 0.0, 0.0, 1.0172526572205243e-06, -0.016214000061154366, 0.0, 0.0]","[0.0, 0.0, 1.0, 0.5350829362869263, 0.0, 0.7490156888961792, 0.35403507947921753, 0.8960561156272888]",-10.266064572612875
1.7000000000000008,107.14910125732422,191.7250518798828,5.073520183563232,-0.02435302734375,0.8671875,"[0.8954471349716187, 0.21789999306201935, 0.25670549273490906, 0.9599833488464355]","[0.0, 0.0, -3.1957933970261365e-06, 0.00011933333735214546, -0.04375659301877022, 1.0, 0.016333334147930145, -3.1957933970261365e-06, 0.0, 0.0, 1.0172526572205243e-06, -0.016214000061154366, 0.0, 0.0]","[0.0, 0.0, 1.0, 0.5350829362869263, 0.0, 0.7490156888961792, 0.35403507947921753, 0.8960561156272888]",-10.317366410065468
1.7500000000000009,107.41082000732422,191.71669006347656,5.345590114593506,-0.025909423828125,0.8671875,"[0.9133015871047974, 0.22949999570846558, 0.26219475269317627, 0.9563568234443665]","[0.0, 0.0, -3.1957933970261365e-06, 0.00011933333735214546, -0.04375659301877022, 1.0, 0.016333334147930145, -3.1957933970261365e-06, 0.0, 0.0, 1.0172526572205243e-06, -0.016214000061154366, 0.0, 0.0]","[0.0, 0.0, 1.0, 0.5350829362869263, 0.0, 0.7490156888961792, 0.35403507947921753, 0.8960561156272888]",-10.382480288316755
1.800000000000001,107.68122863769531,191.707275390625,5.404029846191406,-0.028594970703125,0.8671875,"[0.9171366095542908, 0.2371000051498413, 0.07247867435216904, 0.7387738227844238]","[0.0, 0.0, -3.1957933970261365e-06, 0.00011933333735214546, -0.04375659301877022, 1.0, 0.016333334147930145, -3.1957933970261365e-06, 0.0, 0.0, 1.0172526572205243e-06, -0.016214000061154366, 0.0, 0.0]","[0.0, 0.0, 1.0, 0.5350829362869263, 0.0, 0.7490156888961792, 0.35403507947921753, 0.8960561156272888]",-10.79058141149373
1.850000000000001,107.9504165649414,191.69699096679688,5.4091901779174805,-0.0321044921875,0.8671875,"[0.9174752831459045, 0.23810000717639923, 0.0348430760204792, 0.9342576861381531]","[0.0, 0.0, -3.1957933970261365e-06, 0.00011933333735214546, -0.04375659301877022, 1.0, 0.016333334147930145, -3.1957933970261365e-06, 0.0, 0.0, 1.0172526572205243e-06, -0.016214000061154366, 0.0, 0.0]","[0.0, 0.0, 1.0, 0.5350829362869263, 0.0, 0.7490156888961792, 0.35403507947921753, 0.8960561156272888]",-10.867548141499864
1.900000000000001,108.21979522705078,191.68565368652344,5.398680210113525,-0.035186767578125,0.8671875,"[0.9167855381965637, 0.2378000020980835, 0.03185107558965683, 0.9785315990447998]","[0.0, 0.0, -3.1957933970261365e-06, 0.00011933333735214546, -0.04375659301877022, 1.0, 0.016333334147930145, -3.1957933970261365e-06, 0.0, 0.0, 1.0172526572205243e-06, -0.016214000061154366, 0.0, 0.0]","[0.0, 0.0, 1.0, 0.5350829362869263, 0.0, 0.7490156888961792, 0.35403507947921753, 0.8960561156272888]",-10.923400569536803
1.950000000000001,108.48929595947266,191.67306518554688,5.41825008392334,-0.037933349609375,0.8671875,"[0.9180698394775391, 0.23829999566078186, 0.04918944463133812, 0.9582371115684509]","[0.0, 0.0, -3.1957933970261365e-06, 0.00011933333735214546, -0.04375659301877022, 1.0, 0.016333334147930145, -3.1957933970261365e-06, 0.0, 0.0, 1.0172526572205243e-06, -0.016214000061154366, 0.0, 0.0]","[0.0, 0.0, 1.0, 0.5350829362869263, 0.0, 0.7490156888961792, 0.35403507947921753, 0.8960561156272888]",-10.959402380074488
2.000000000000001,108.76090240478516,191.65914916992188,5.594319820404053,-0.039764404296875,0.8671875,"[0.9296243190765381, 0.24250000715255737, 0.19060350954532623, 0.7901617288589478]","[0.0, 0.0, -3.1957933970261365e-06, 0.00011933333735214546, -0.04375659301877022, 1.0, 0.016333334147930145, -3.1957933970261365e-06, 0.0, 0.0, 1.0172526572205243e-06, -0.016214000061154366, 0.0, 0.0]","[0.0, 0.0, 1.0, 0.5350829362869263, 0.0, 0.7490156888961792, 0.35403507947921753, 0.8960561156272888]",-11.268120217487594
2.0500000000000007,109.06177520751953,191.6420440673828,6.254670143127441,-0.040191650390625,0.8671875,"[0.9729594588279724, 0.25780001282691956, 0.5322615504264832, 0.4560553729534149]","[0.0, 0.0, -3.1957933970261365e-06, 0.00011933333735214546, -0.04375659301877022, 1.0, 0.016333334147930145, -3.1957933970261365e-06, 0.0, 0.0, 1.0172526572205243e-06, -0.016214000061154366, 0.0, 0.0]","[0.0, 0.0, 1.0, 0.5350829362869263, 0.0, 0.7490156888961792, 0.35403507947921753, 0.8960561156272888]",-11.253968477328652
2.1000000000000005,109.38725280761719,191.62213134765625,6.605040073394775,-0.03997802734375,0.8671875,"[0.9959522485733032, 0.28130000829696655, 0.34711208939552307, 0.6154484152793884]","[0.0, 0.0, -3.1957933970261365e-06, 0.00011933333735214546, -0.04375659301877022, 1.0, 0.016333334147930145, -3.1957933970261365e-06, 0.0, 0.0, 1.0172526572205243e-06, -0.016214000061154366, 0.0, 0.0]","[0.0, 0.0, 1.0, 0.5350829362869263, 0.0, 0.7490156888961792, 0.35403507947921753, 0.8960561156272888]",-11.225870896574992
2.1500000000000004,109.7249984741211,191.60009765625,6.867730140686035,-0.038909912109375,0.8671875,"[0.9868087768554688, 0.29510000348091125, 0.27532660961151123, 0.8611881136894226]","[0.0, 0.0, -3.1957933970261365e-06, 0.00011933333735214546, -0.04375659301877022, 1.0, 0.016333334147930145, -3.1957933970261365e-06, 0.0, 0.0, 1.0172526572205243e-06, -0.016214000061154366, 0.0, 0.0]","[0.0, 0.0, 1.0, 0.5350829362869263, 0.0, 0.7490156888961792, 0.35403507947921753, 0.8960561156272888]",-11.186792146251912
2.2,110.0756607055664,191.5760040283203,7.129909992218018,-0.034912109375,0.8671875,"[0.969603419303894, 0.30640000104904175, 0.2629503607749939, 0.9542707800865173]","[0.0, 0.0, -3.1957933970261365e-06, 0.00011933333735214546, -0.04375659301877022, 1.0, 0.016333334147930145, -3.1957933970261365e-06, 0.0, 0.0, 1.0172526572205243e-06, -0.016214000061154366, 0.0, 0.0]","[0.0, 0.0, 1.0, 0.5350829362869263, 0.0, 0.7490156888961792, 0.35403507947921753, 0.8960561156272888]",-11.457852026638331
2.25,110.440185546875,191.54983520507812,7.425980091094971,-0.030364990234375,0.8671875,"[0.9501739740371704, 0.3179999887943268, 0.29506900906562805, 0.9249243140220642]","[0.0, 0.0, -3.1957933970261365e-06, 0.00011933333735214546, -0.04375659301877022, 1.0, 0.016333334147930145, -3.1957933970261365e-06, 0.0, 0.0, 1.0172526572205243e-06, -0.016214000061154366, 0.0, 0.0]","[0.0, 0.0, 1.0, 0.5350829362869263, 0.0, 0.7490156888961792, 0.35403507947921753, 0.8960561156272888]",-11.411014399537017
2.3,110.81889343261719,191.52163696289062,7.704949855804443,-0.026519775390625,0.8671875,"[0.9318667054176331, 0.33059999346733093, 0.27181053161621094, 0.9431254267692566]","[0.0, 0.0, -3.1957933970261365e-06, 0.00011933333735214546, -0.04375659301877022, 1.0, 0.016333334147930145, -3.1957933970261365e-06, 0.0, 0.0, 1.0172526572205243e-06, -0.016214000061154366, 0.0, 0.0]","[0.0, 0.0, 1.0, 0.5350829362869263, 0.0, 0.7490156888961792, 0.35403507947921753, 0.8960561156272888]",-11.350522715668937
2.3499999999999996,111.21241760253906,191.49130249023438,8.0166597366333,-0.022979736328125,0.8671875,"[0.911410927772522, 0.34279999136924744, 0.30293670296669006, 0.9257241487503052]","[0.0, 0.0, -3.1957933970261365e-06, 0.00011933333735214546, -0.04375659301877022, 1.0, 0.016333334147930145, -3.1957933970261365e-06, 0.0, 0.0, 1.0172526572205243e-06, -0.016214000061154366, 0.0, 0.0]","[0.0, 0.0, 1.0, 0.5350829362869263, 0.0, 0.7490156888961792, 0.35403507947921753, 0.8960561156272888]",-11.289116653911835
2.3999999999999995,111.61981964111328,191.45895385742188,8.218409538269043,-0.020355224609375,0.8671875,"[0.8981711864471436, 0.3553999960422516, 0.20071208477020264, 0.8413582444190979]","[0.0, 0.0, -3.1957933970261365e-06, 0.00011933333735214546, -0.04375659301877022, 1.0, 0.016333334147930145, -3.1957933970261365e-06, 0.0, 0.0, 1.0172526572205243e-06, -0.016214000061154366, 0.0, 0.0]","[0.0, 0.0, 1.0, 0.5350829362869263, 0.0, 0.7490156888961792, 0.35403507947921753, 0.8960561156272888]",-11.545487293774624
2.4499999999999993,112.02914428710938,191.4256134033203,8.227829933166504,-0.01751708984375,0.8671875,"[0.8975529670715332, 0.36250001192092896, 0.030051425099372864, 0.7704069018363953]","[0.0, 0.0, -3.1957933970261365e-06, 0.00011933333735214546, -0.04375659301877022, 1.0, 0.016333334147930145, -3.1957933970261365e-06, 0.0, 0.0, 1.0172526572205243e-06, -0.016214000061154366, 0.0, 0.0]","[0.0, 0.0, 1.0, 0.5350829362869263, 0.0, 0.7490156888961792, 0.35403507947921753, 0.8960561156272888]",-11.456959083745325
2.499999999999999,112.4378662109375,191.39169311523438,8.211130142211914,-0.013946533203125,0.8671875,"[0.8986488580703735, 0.36169999837875366, 0.024646680802106857, 0.9645357131958008]","[0.0, 0.0, -3.1957933970261365e-06, 0.00011933333735214546, -0.04375659301877022, 1.0, 0.016333334147930145, -3.1957933970261365e-06, 0.0, 0.0, 1.0172526572205243e-06, -0.016214000061154366, 0.0, 0.0]","[0.0, 0.0, 1.0, 0.5350829362869263, 0.0, 0.7490156888961792, 0.35403507947921753, 0.8960561156272888]",-11.357160923091069
2.549999999999999,112.86422729492188,191.35574340820312,8.773810386657715,-0.009735107421875,0.8671875,"[0.8617233037948608, 0.3653999865055084, 0.40057846903800964, 0.44163766503334045]","[0.0, 0.0, -3.1957933970261365e-06, 0.00011933333735214546, -0.04375659301877022, 1.0, 0.016333334147930145, -3.1957933970261365e-06, 0.0, 0.0, 1.0172526572205243e-06, -0.016214000061154366, 0.0, 0.0]","[0.0, 0.0, 1.0, 0.5350829362869263, 0.0, 0.7490156888961792, 0.35403507947921753, 0.8960561156272888]",-11.222341697497978
2.5999999999999988,113.3148422241211,191.3175506591797,9.192139625549316,-0.004730224609375,0.8359375,"[0.8342706561088562, 0.48019999265670776, 0.3713032901287079, 0.7929412126541138]","[0.0, 0.0, -3.1957933970261365e-06, 0.00011933333735214546, -0.04375659301877022, 1.0, 0.016333334147930145, -3.1957933970261365e-06, 0.0, 0.0, 1.0172526572205243e-06, -0.016214000061154366, 0.0, 0.0]","[0.0, 0.0, 1.0, 0.5350829362869263, 0.0, 0.7490156888961792, 0.35403507947921753, 0.8960561156272888]",-11.311138617960962
2.6499999999999986,113.7838134765625,191.2781524658203,9.532950401306152,0.00213623046875,0.8046875,"[0.8119051456451416, 0.597599983215332, 0.3120347261428833, 0.8703622817993164]","[0.0, 0.0, -3.1957933970261365e-06, 0.00011933333735214546, -0.04375659301877022, 1.0, 0.016333334147930145, -3.1957933970261365e-06, 0.0, 0.0, 1.0172526572205243e-06, -0.016214000061154366, 0.0, 0.0]","[0.0, 0.0, 1.0, 0.5350829362869263, 0.0, 0.7490156888961792, 0.35403507947921753, 0.8960561156272888]",-11.105936492791354
2.6999999999999984,114.26727294921875,191.23841857910156,9.795459747314453,0.008880615234375,0.74609375,"[0.7946780920028687, 0.8047000169754028, 0.25440967082977295, 0.8692795038223267]","[0.0, 0.0, -3.1957933970261365e-06, 0.00011933333735214546, -0.04375659301877022, 1.0, 0.016333334147930145, -3.1957933970261365e-06, 0.0, 0.0, 1.0172526572205243e-06, -0.016214000061154366, 0.0, 0.0]","[0.0, 0.0, 1.0, 0.5350829362869263, 0.0, 0.7490156888961792, 0.35403507947921753, 0.8960561156272888]",-10.879959466356567
2.7499999999999982,114.76216888427734,191.1991729736328,10.010760307312012,0.016265869140625,0.703125,"[0.7805491089820862, 0.9660000205039978, 0.22712484002113342, 0.9094350337982178]","[0.0, 0.0, -3.1957933970261365e-06, 0.00011933333735214546, -0.04375659301877022, 1.0, 0.016333334147930145, -3.1957933970261365e-06, 0.0, 0.0, 1.0172526572205243e-06, -0.016214000061154366, 0.0, 0.0]","[0.0, 0.0, 1.0, 0.5350829362869263, 0.0, 0.7490156888961792, 0.35403507947921753, 0.8960561156272888]",-10.639426891885579
2.799999999999998,115.26539611816406,191.1612091064453,10.154339790344238,0.023468017578125,0.6953125,"[0.7711267471313477, 1.0, 0.17488351464271545, 0.8913681507110596]","[0.0, 0.0, -3.1957933970261365e-06, 0.00011933333735214546, -0.04375659301877022, 1.0, 0.016333334147930145, -3.1957933970261365e-06, 0.0, 0.0, 1.0172526572205243e-06, -0.016214000061154366, 0.0, 0.0]","[0.0, 0.0, 1.0, 0.5350829362869263, 0.0, 0.7490156888961792, 0.35403507947921753, 0.8960561156272888]",-10.640514640579495
2.849999999999998,115.77606201171875,191.1253662109375,10.30597972869873,0.03204345703125,0.6796875,"[0.7611755132675171, 1.0, 0.2027507722377777, 0.9532987475395203]","[0.0, 0.0, -3.1957933970261365e-06, 0.00011933333735214546, -0.04375659301877022, 1.0, 0.016333334147930145, -3.1957933970261365e-06, 0.0, 0.0, 1.0172526572205243e-06, -0.016214000061154366, 0.0, 0.0]","[0.0, 0.0, 1.0, 0.5350829362869263, 0.0, 0.7490156888961792, 0.35403507947921753, 0.8960561156272888]",-10.373623511216508
2.8999999999999977,116.29354858398438,191.09249877929688,10.426799774169922,0.04107666015625,0.67578125,"[0.7532467246055603, 1.0, 0.19127999246120453, 0.9392410516738892]","[0.0, 0.0, -3.1957933970261365e-06, 0.00011933333735214546, -0.04375659301877022, 1.0, 0.016333334147930145, -3.1957933970261365e-06, 0.0, 0.0, 1.0172526572205243e-06, -0.016214000061154366, 0.0, 0.0]","[0.0, 0.0, 1.0, 0.5350829362869263, 0.0, 0.7490156888961792, 0.35403507947921753, 0.8960561156272888]",-10.09875526600085
2.9499999999999975,116.81773376464844,191.06358337402344,10.560689926147461,0.050323486328125,0.6640625,"[0.7444602251052856, 1.0, 0.22790855169296265, 0.9481588006019592]","[0.0, 0.0, -3.1957933970261365e-06, 0.00011933333735214546, -0.04375659301877022, 1.0, 0.016333334147930145, -3.1957933970261365e-06, 0.0, 0.0, 1.0172526572205243e-06, -0.016214000061154366, 0.0, 0.0]","[0.0, 0.0, 1.0, 0.5350829362869263, 0.0, 0.7490156888961792, 0.35403507947921753, 0.8960561156272888]",-9.820117058028735
2.9999999999999973,117.34799194335938,191.03948974609375,10.665220260620117,0.05926513671875,0.6328125,"[0.7376005053520203, 1.0, 0.21604835987091064, 0.9429169297218323]","[0.0, 0.0, -3.1957933970261365e-06, 0.00011933333735214546, -0.04375659301877022, 1.0, 0.016333334147930145, -3.1957933970261365e-06, 0.0, 0.0, 1.0172526572205243e-06, -0.016214000061154366, 0.0, 0.0]","[0.0, 0.0, 1.0, 0.5350829362869263, 0.0, 0.7490156888961792, 0.35403507947921753, 0.8960561156272888]",-9.772818637519526
3.049999999999997,117.88394927978516,191.02114868164062,10.777259826660156,0.066864013671875,0.58203125,"[0.730247974395752, 1.0, 0.24652747809886932, 0.9557443857192993]","[0.0, 0.0, -3.1957933970261365e-06, 0.00011933333735214546, -0.04375659301877022, 1.0, 0.016333334147930145, -3.1957933970261365e-06, 0.0, 0.0, 1.0172526572205243e-06, -0.016214000061154366, 0.0, 0.0]","[0.0, 0.0, 1.0, 0.5350829362869263, 0.0, 0.7490156888961792, 0.35403507947921753, 0.8960561156272888]",-9.470364153504695
3.099999999999997,118.42463684082031,191.00930786132812,10.853440284729004,0.07366943359375,0.5234375,"[0.7252486944198608, 1.0, 0.22307075560092926, 0.9409464001655579]","[0.0, 0.0, -3.1957933970261365e-06, 0.00011933333735214546, -0.04375659301877022, 1.0, 0.016333334147930145, -3.1957933970261365e-06, 0.0, 0.0, 1.0172526572205243e-06, -0.016214000061154366, 0.0, 0.0]","[0.0, 0.0, 1.0, 0.5350829362869263, 0.0, 0.7490156888961792, 0.35403507947921753, 0.8960561156272888]",-9.1702540565855
3.149999999999997,118.96920776367188,191.00477600097656,10.92963981628418,0.079132080078125,0.4801483154296875,"[0.7202481031417847, 1.0, 0.24113360047340393, 0.9654349684715271]","[0.0, 0.0, -3.1957933970261365e-06, 0.00011933333735214546, -0.04375659301877022, 1.0, 0.016333334147930145, -3.1957933970261365e-06, 0.0, 0.0, 1.0172526572205243e-06, -0.016214000061154366, 0.0, 0.0]","[0.0, 0.0, 1.0, 0.5350829362869263, 0.0, 0.7490156888961792, 0.35403507947921753, 0.8960561156272888]",-8.867265742053364
3.1999999999999966,119.51644897460938,191.00808715820312,10.969550132751465,0.0838623046875,0.444427490234375,"[0.7176290154457092, 1.0, 0.21009933948516846, 0.9465792775154114]","[0.0, 0.0, -3.1957933970261365e-06, 0.00011933333735214546, -0.04375659301877022, 1.0, 0.016333334147930145, -3.1957933970261365e-06, 0.0, 0.0, 1.0172526572205243e-06, -0.016214000061154366, 0.0, 0.0]","[0.0, 0.0, 1.0, 0.5350829362869263, 0.0, 0.7490156888961792, 0.35403507947921753, 0.8960561156272888]",-8.809576381135091
3.2499999999999964,120.06554412841797,191.0199737548828,11.008689880371094,0.088531494140625,0.380950927734375,"[0.7150604724884033, 1.0, 0.22854460775852203, 0.9700572490692139]","[0.0, 0.0, -3.1957933970261365e-06, 0.00011933333735214546, -0.04375659301877022, 1.0, 0.016333334147930145, -3.1957933970261365e-06, 0.0, 0.0, 1.0172526572205243e-06, -0.016214000061154366, 0.0, 0.0]","[0.0, 0.0, 1.0, 0.5350829362869263, 0.0, 0.7490156888961792, 0.35403507947921753, 0.8960561156272888]",-8.508928574325916
3.2999999999999963,120.61510467529297,191.04095458984375,11.009110450744629,0.094268798828125,0.3293609619140625,"[0.7150329351425171, 1.0, 0.19266152381896973, 0.9485788941383362]","[0.0, 0.0, -3.1957933970261365e-06, 0.00011933333735214546, -0.04375659301877022, 1.0, 0.016333334147930145, -3.1957933970261365e-06, 0.0, 0.0, 1.0172526572205243e-06, -0.016214000061154366, 0.0, 0.0]","[0.0, 0.0, 1.0, 0.5350829362869263, 0.0, 0.7490156888961792, 0.35403507947921753, 0.8960561156272888]",-8.197974079055921
3.349999999999996,121.16404724121094,191.07205200195312,11.005669593811035,0.102081298828125,0.26983642578125,"[0.7152587175369263, 1.0, 0.22958901524543762, 0.9658128023147583]","[0.0, 0.0, -3.1957933970261365e-06, 0.00011933333735214546, -0.04375659301877022, 1.0, 0.016333334147930145, -3.1957933970261365e-06, 0.0, 0.0, 1.0172526572205243e-06, -0.016214000061154366, 0.0, 0.0]","[0.0, 0.0, 1.0, 0.5350829362869263, 0.0, 0.7490156888961792, 0.35403507947921753, 0.8960561156272888]",-7.877824969081114
3.399999999999996,121.71080780029297,191.11387634277344,10.961970329284668,0.112274169921875,0.2103271484375,"[0.7181264162063599, 1.0, 0.2722918391227722, 0.9377317428588867]","[0.0, 0.0, -3.1957933970261365e-06, 0.00011933333735214546, -0.04375659301877022, 1.0, 0.016333334147930145, -3.1957933970261365e-06, 0.0, 0.0, 1.0172526572205243e-06, -0.016214000061154366, 0.0, 0.0]","[0.0, 0.0, 1.0, 0.5350829362869263, 0.0, 0.7490156888961792, 0.35403507947921753, 0.8960561156272888]",-7.760429777266422
3.4499999999999957,122.2541732788086,191.16770935058594,10.915619850158691,0.124481201171875,0.20000000298023224,"[0.7211681604385376, 1.0, 0.3089902997016907, 0.9514980316162109]","[0.0, 0.0, -3.1957933970261365e-06, 0.00011933333735214546, -0.04375659301877022, 1.0, 0.016333334147930145, -3.1957933970261365e-06, 0.0, 0.0, 1.0172526572205243e-06, -0.016214000061154366, 0.0, 0.0]","[0.0, 0.0, 1.0, 0.5350829362869263, 0.0, 0.7490156888961792, 0.35403507947921753, 0.8960561156272888]",-7.424344722575096
3.4999999999999956,122.79273223876953,191.2342987060547,10.83705997467041,0.139495849609375,0.20000000298023224,"[0.7263236045837402, 1.0, 0.3478457033634186, 0.9379866719245911]","[0.0, 0.0, -3.1957933970261365e-06, 0.00011933333735214546, -0.04375659301877022, 1.0, 0.016333334147930145, -3.1957933970261365e-06, 0.0, 0.0, 1.0172526572205243e-06, -0.016214000061154366, 0.0, 0.0]","[0.0, 0.0, 1.0, 0.5350829362869263, 0.0, 0.7490156888961792, 0.35403507947921753, 0.8960561156272888]",-7.082104515793059
3.5499999999999954,123.32538604736328,191.31517028808594,10.763469696044922,0.157501220703125,0.20000000298023224,"[0.7311529517173767, 1.0, 0.3886689841747284, 0.9361993074417114]","[0.0, 0.0, -3.1957933970261365e-06, 0.00011933333735214546, -0.04375659301877022, 1.0, 0.016333334147930145, -3.1957933970261365e-06, 0.0, 0.0, 1.0172526572205243e-06, -0.016214000061154366, 0.0, 0.0]","[0.0, 0.0, 1.0, 0.5350829362869263, 0.0, 0.7490156888961792, 0.35403507947921753, 0.8960561156272888]",-6.754344058247111
3.599999999999995,123.85088348388672,191.4113311767578,10.664569854736328,0.17828369140625,0.20000000298023224,"[0.7376432418823242, 1.0, 0.42398107051849365, 0.9372952580451965]","[0.0, 0.0, -3.1957933970261365e-06, 0.00011933333735214546, -0.04375659301877022, 1.0, 0.016333334147930145, -3.1957933970261365e-06, 0.0, 0.0, 1.0172526572205243e-06, -0.016214000061154366, 0.0, 0.0]","[0.0, 0.0, 1.0, 0.5350829362869263, 0.0, 0.7490156888961792, 0.35403507947921753, 0.8960561156272888]",-6.6188508202272605
3.649999999999995,124.36811065673828,191.524169921875,10.573530197143555,0.197296142578125,0.20000000298023224,"[0.7436176538467407, 1.0, 0.46271514892578125, 0.9327936172485352]","[0.0, 0.0, -3.1957933970261365e-06, 0.00011933333735214546, -0.04375659301877022, 1.0, 0.016333334147930145, -3.1957933970261365e-06, 0.0, 0.0, 1.0172526572205243e-06, -0.016214000061154366, 0.0, 0.0]","[0.0, 0.0, 1.0, 0.5350829362869263, 0.0, 0.7490156888961792, 0.35403507947921753, 0.8960561156272888]",-6.286965615106605
3.699999999999995,124.8759994506836,191.65396118164062,10.465089797973633,0.211639404296875,0.20000000298023224,"[0.7507339715957642, 1.0, 0.47175514698028564, 0.9435954689979553]","[0.0, 0.0, -3.1957933970261365e-06, 0.00011933333735214546, -0.04375659301877022, 1.0, 0.016333334147930145, -3.1957933970261365e-06, 0.0, 0.0, 1.0172526572205243e-06, -0.016214000061154366, 0.0, 0.0]","[0.0, 0.0, 1.0, 0.5350829362869263, 0.0, 0.7490156888961792, 0.35403507947921753, 0.8960561156272888]",-5.978714022891859
3.7499999999999947,125.37371063232422,191.8013458251953,10.369709968566895,0.222259521484375,0.20000000298023224,"[0.7569932341575623, 1.0, 0.49518153071403503, 0.945170521736145]","[0.0, 0.0, -3.1957933970261365e-06, 0.00011933333735214546, -0.04375659301877022, 1.0, 0.016333334147930145, -3.1957933970261365e-06, 0.0, 0.0, 1.0172526572205243e-06, -0.016214000061154366, 0.0, 0.0]","[0.0, 0.0, 1.0, 0.5350829362869263, 0.0, 0.7490156888961792, 0.35403507947921753, 0.8960561156272888]",-5.675894953650059
3.7999999999999945,125.8603515625,191.966064453125,10.25879955291748,0.23040771484375,0.20000000298023224,"[0.7642716765403748, 1.0, 0.4916149377822876, 0.9416950345039368]","[0.0, 0.0, -3.1957933970261365e-06, 0.00011933333735214546, -0.04375659301877022, 1.0, 0.016333334147930145, -3.1957933970261365e-06, 0.0, 0.0, 1.0172526572205243e-06, -0.016214000061154366, 0.0, 0.0]","[0.0, 0.0, 1.0, 0.5350829362869263, 0.0, 0.7490156888961792, 0.35403507947921753, 0.8960561156272888]",-5.605535189793156
3.8499999999999943,126.33502960205078,192.1486358642578,10.163200378417969,0.238494873046875,0.20000000298023224,"[0.7705453038215637, 1.0, 0.5139252543449402, 0.9461241960525513]","[0.0, 0.0, -3.1957933970261365e-06, 0.00011933333735214546, -0.04375659301877022, 1.0, 0.016333334147930145, -3.1957933970261365e-06, 0.0, 0.0, 1.0172526572205243e-06, -0.016214000061154366, 0.0, 0.0]","[0.0, 0.0, 1.0, 0.5350829362869263, 0.0, 0.7490156888961792, 0.35403507947921753, 0.8960561156272888]",-5.3152773008571
3.899999999999994,126.7968521118164,192.3484649658203,10.050559997558594,0.24591064453125,0.20000000298023224,"[0.7779372930526733, 1.0, 0.5080751776695251, 0.9379627108573914]","[0.0, 0.0, -3.1957933970261365e-06, 0.00011933333735214546, -0.04375659301877022, 1.0, 0.016333334147930145, -3.1957933970261365e-06, 0.0, 0.0, 1.0172526572205243e-06, -0.016214000061154366, 0.0, 0.0]","[0.0, 0.0, 1.0, 0.5350829362869263, 0.0, 0.7490156888961792, 0.35403507947921753, 0.8960561156272888]",-5.044347897413124
3.949999999999994,127.24491882324219,192.5658416748047,9.95497989654541,0.252655029296875,0.20000000298023224,"[0.784209668636322, 1.0, 0.5281050205230713, 0.9479472637176514]","[0.0, 0.0, -3.1957933970261365e-06, 0.00011933333735214546, -0.04375659301877022, 1.0, 0.016333334147930145, -3.1957933970261365e-06, 0.0, 0.0, 1.0172526572205243e-06, -0.016214000061154366, 0.0, 0.0]","[0.0, 0.0, 1.0, 0.5350829362869263, 0.0, 0.7490156888961792, 0.35403507947921753, 0.8960561156272888]",-4.776491369434597
3.999999999999994,127.6784439086914,192.79981994628906,9.842120170593262,0.258453369140625,0.20000000298023224,"[0.7916160225868225, 1.0, 0.5157222151756287, 0.9334607124328613]","[0.0, 0.0, -3.1957933970261365e-06, 0.00011933333735214546, -0.04375659301877022, 1.0, 0.016333334147930145, -3.1957933970261365e-06, 0.0, 0.0, 1.0172526572205243e-06, -0.016214000061154366, 0.0, 0.0]","[0.0, 0.0, 1.0, 0.5350829362869263, 0.0, 0.7490156888961792, 0.35403507947921753, 0.8960561156272888]",-4.74900516978133
4.049999999999994,128.0966796875,193.05032348632812,9.749030113220215,0.261810302734375,0.20000000298023224,"[0.7977250218391418, 1.0, 0.5292069911956787, 0.9533148407936096]","[0.0, 0.0, -3.1957933970261365e-06, 0.00011933333735214546, -0.04375659301877022, 1.0, 0.016333334147930145, -3.1957933970261365e-06, 0.0, 0.0, 1.0172526572205243e-06, -0.016214000061154366, 0.0, 0.0]","[0.0, 0.0, 1.0, 0.5350829362869263, 0.0, 0.7490156888961792, 0.35403507947921753, 0.8960561156272888]",-4.506023707818064
4.099999999999993,128.50083923339844,193.31727600097656,9.702150344848633,0.26385498046875,0.20000000298023224,"[0.8008014559745789, 1.0, 0.45600390434265137, 0.9356871843338013]","[0.0, 0.0, -3.1957933970261365e-06, 0.00011933333735214546, -0.04375659301877022, 1.0, 0.016333334147930145, -3.1957933970261365e-06, 0.0, 0.0, 1.0172526572205243e-06, -0.016214000061154366, 0.0, 0.0]","[0.0, 0.0, 1.0, 0.5350829362869263, 0.0, 0.7490156888961792, 0.35403507947921753, 0.8960561156272888]",-4.2713032902404695
4.149999999999993,128.8910369873047,193.60110473632812,9.671640396118164,0.2642822265625,0.20000000298023224,"[0.802803635597229, 1.0, 0.4729578197002411, 0.9607419967651367]","[0.0, 0.0, -3.1957933970261365e-06, 0.00011933333735214546, -0.04375659301877022, 1.0, 0.016333334147930145, -3.1957933970261365e-06, 0.0, 0.0, 1.0172526572205243e-06, -0.016214000061154366, 0.0, 0.0]","[0.0, 0.0, 1.0, 0.5350829362869263, 0.0, 0.7490156888961792, 0.35403507947921753, 0.8960561156272888]",-4.040230412251794
4.199999999999993,129.2595672607422,193.89425659179688,9.277819633483887,0.264068603515625,0.20000000298023224,"[0.8286479711532593, 1.0, 0.7424254417419434, 0.5440106987953186]","[0.0, 0.0, -3.1957933970261365e-06, 0.00011933333735214546, -0.04375659301877022, 1.0, 0.016333334147930145, -3.1957933970261365e-06, 0.0, 0.0, 1.0172526572205243e-06, -0.016214000061154366, 0.0, 0.0]","[0.0, 0.0, 1.0, 0.5350829362869263, 0.0, 0.7490156888961792, 0.35403507947921753, 0.8960561156272888]",-4.10207525237479
4.249999999999993,129.59934997558594,194.19113159179688,8.956100463867188,0.263641357421875,0.2261962890625,"[0.8497605919837952, 1.0, 0.7014334201812744, 0.8965358734130859]","[0.0, 0.0, -3.1957933970261365e-06, 0.00011933333735214546, -0.04375659301877022, 1.0, 0.016333334147930145, -3.1957933970261365e-06, 0.0, 0.0, 1.0172526572205243e-06, -0.016214000061154366, 0.0, 0.0]","[0.0, 0.0, 1.0, 0.5350829362869263, 0.0, 0.7490156888961792, 0.35403507947921753, 0.8960561156272888]",-3.925742631356421
4.299999999999993,129.9152374267578,194.49267578125,8.678370475769043,0.2630615234375,0.3333282470703125,"[0.8679865002632141, 1.0, 0.6083995699882507, 0.8761488199234009]","[0.0, 0.0, -3.1957933970261365e-06, 0.00011933333735214546, -0.04375659301877022, 1.0, 0.016333334147930145, -3.1957933970261365e-06, 0.0, 0.0, 1.0172526572205243e-06, -0.016214000061154366, 0.0, 0.0]","[0.0, 0.0, 1.0, 0.5350829362869263, 0.0, 0.7490156888961792, 0.35403507947921753, 0.8960561156272888]",-3.7725027736301895
4.3499999999999925,130.2104949951172,194.8000946044922,8.502169609069824,0.261444091796875,0.436492919921875,"[0.8795495629310608, 1.0, 0.5383678674697876, 0.8712739944458008]","[0.0, 0.0, -3.1957933970261365e-06, 0.00011933333735214546, -0.04375659301877022, 1.0, 0.016333334147930145, -3.1957933970261365e-06, 0.0, 0.0, 1.0172526572205243e-06, -0.016214000061154366, 0.0, 0.0]","[0.0, 0.0, 1.0, 0.5350829362869263, 0.0, 0.7490156888961792, 0.35403507947921753, 0.8960561156272888]",-3.639732673140693
4.399999999999992,130.48756408691406,195.1133575439453,8.341859817504883,0.259033203125,0.5,"[0.890069842338562, 1.0, 0.4673054814338684, 0.9037543535232544]","[0.0, 0.0, -3.1957933970261365e-06, 0.00011933333735214546, -0.04375659301877022, 1.0, 0.016333334147930145, -3.1957933970261365e-06, 0.0, 0.0, 1.0172526572205243e-06, -0.016214000061154366, 0.0, 0.0]","[0.0, 0.0, 1.0, 0.5350829362869263, 0.0, 0.7490156888961792, 0.35403507947921753, 0.8960561156272888]",-3.8358973504960776
4.449999999999992,130.74815368652344,195.43365478515625,8.260029792785645,0.25506591796875,0.55078125,"[0.895439863204956, 1.0, 0.4300593435764313, 0.90481036901474]","[0.0, 0.0, -3.1957933970261365e-06, 0.00011933333735214546, -0.04375659301877022, 1.0, 0.016333334147930145, -3.1957933970261365e-06, 0.0, 0.0, 1.0172526572205243e-06, -0.016214000061154366, 0.0, 0.0]","[0.0, 0.0, 1.0, 0.5350829362869263, 0.0, 0.7490156888961792, 0.35403507947921753, 0.8960561156272888]",-3.736246464531675
4.499999999999992,130.99365234375,195.76089477539062,8.18142032623291,0.25006103515625,0.5859375,"[0.9005985856056213, 1.0, 0.37740615010261536, 0.9300954937934875]","[0.0, 0.0, -3.1957933970261365e-06, 0.00011933333735214546, -0.04375659301877022, 1.0, 0.016333334147930145, -3.1957933970261365e-06, 0.0, 0.0, 1.0172526572205243e-06, -0.016214000061154366, 0.0, 0.0]","[0.0, 0.0, 1.0, 0.5350829362869263, 0.0, 0.7490156888961792, 0.35403507947921753, 0.8960561156272888]",-3.6537784052722095
4.549999999999992,131.22543334960938,196.0958709716797,8.168219566345215,0.243072509765625,0.6015625,"[0.9014648795127869, 1.0, 0.34133538603782654, 0.9281393885612488]","[0.0, 0.0, -3.1957933970261365e-06, 0.00011933333735214546, -0.04375659301877022, 1.0, 0.016333334147930145, -3.1957933970261365e-06, 0.0, 0.0, 1.0172526572205243e-06, -0.016214000061154366, 0.0, 0.0]","[0.0, 0.0, 1.0, 0.5350829362869263, 0.0, 0.7490156888961792, 0.35403507947921753, 0.8960561156272888]",-3.5790226739226965
4.599999999999992,131.44505310058594,196.43836975097656,8.15569019317627,0.2342529296875,0.62109375,"[0.9022871255874634, 1.0, 0.28357625007629395, 0.9338682889938354]","[0.0, 0.0, -3.1957933970261365e-06, 0.00011933333735214546, -0.04375659301877022, 1.0, 0.016333334147930145, -3.1957933970261365e-06, 0.0, 0.0, 1.0172526572205243e-06, -0.016214000061154366, 0.0, 0.0]","[0.0, 0.0, 1.0, 0.5350829362869263, 0.0, 0.7490156888961792, 0.35403507947921753, 0.8960561156272888]",-3.8566477084687314
4.6499999999999915,131.65338134765625,196.7893524169922,8.200329780578613,0.22271728515625,0.640625,"[0.8993576765060425, 0.9509999752044678, 0.3011220097541809, 0.9261113405227661]","[0.0, 0.0, -3.1957933970261365e-06, 0.00011933333735214546, -0.04375659301877022, 1.0, 0.016333334147930145, -3.1957933970261365e-06, 0.0, 0.0, 1.0172526572205243e-06, -0.016214000061154366, 0.0, 0.0]","[0.0, 0.0, 1.0, 0.5350829362869263, 0.0, 0.7490156888961792, 0.35403507947921753, 0.8960561156272888]",-3.7981368753973355
4.699999999999991,131.85189819335938,197.1485137939453,8.241140365600586,0.2088623046875,0.65234375,"[0.8966795206069946, 0.9304999709129333, 0.2554289996623993, 0.930401623249054]","[0.0, 0.0, -3.1957933970261365e-06, 0.00011933333735214546, -0.04375659301877022, 1.0, 0.016333334147930145, -3.1957933970261365e-06, 0.0, 0.0, 1.0172526572205243e-06, -0.016214000061154366, 0.0, 0.0]","[0.0, 0.0, 1.0, 0.5350829362869263, 0.0, 0.7490156888961792, 0.35403507947921753, 0.8960561156272888]",-3.7470513200017006
4.749999999999991,132.0413360595703,197.51670837402344,8.331870079040527,0.194671630859375,0.66796875,"[0.8907253742218018, 0.8952999711036682, 0.3207516670227051, 0.9253926873207092]","[0.0, 0.0, -3.1957933970261365e-06, 0.00011933333735214546, -0.04375659301877022, 1.0, 0.016333334147930145, -3.1957933970261365e-06, 0.0, 0.0, 1.0172526572205243e-06, -0.016214000061154366, 0.0, 0.0]","[0.0, 0.0, 1.0, 0.5350829362869263, 0.0, 0.7490156888961792, 0.35403507947921753, 0.8960561156272888]",-3.695528690317624
4.799999999999991,132.22276306152344,197.893798828125,8.413229942321777,0.18182373046875,0.6796875,"[0.8853862285614014, 0.8766000270843506, 0.2707085609436035, 0.9350528120994568]","[0.0, 0.0, -3.1957933970261365e-06, 0.00011933333735214546, -0.04375659301877022, 1.0, 0.016333334147930145, -3.1957933970261365e-06, 0.0, 0.0, 1.0172526572205243e-06, -0.016214000061154366, 0.0, 0.0]","[0.0, 0.0, 1.0, 0.5350829362869263, 0.0, 0.7490156888961792, 0.35403507947921753, 0.8960561156272888]",-4.037191797287865
4.849999999999991,132.39645385742188,198.280517578125,8.538439750671387,0.17144775390625,0.6953125,"[0.8771693706512451, 0.8424999713897705, 0.33364349603652954, 0.9240548610687256]","[0.0, 0.0, -3.1957933970261365e-06, 0.00011933333735214546, -0.04375659301877022, 1.0, 0.016333334147930145, -3.1957933970261365e-06, 0.0, 0.0, 1.0172526572205243e-06, -0.016214000061154366, 0.0, 0.0]","[0.0, 0.0, 1.0, 0.5350829362869263, 0.0, 0.7490156888961792, 0.35403507947921753, 0.8960561156272888]",-4.01723019324713
4.899999999999991,132.56277465820312,198.67691040039062,8.650959968566895,0.1658935546875,0.70703125,"[0.8697853088378906, 0.8234999775886536, 0.29679688811302185, 0.9480569958686829]","[0.0, 0.0, -3.1957933970261365e-06, 0.00011933333735214546, -0.04375659301877022, 1.0, 0.016333334147930145, -3.1957933970261365e-06, 0.0, 0.0, 1.0172526572205243e-06, -0.016214000061154366, 0.0, 0.0]","[0.0, 0.0, 1.0, 0.5350829362869263, 0.0, 0.7490156888961792, 0.35403507947921753, 0.8960561156272888]",-4.004834451627849
4.94999999999999,132.72132873535156,199.0838165283203,8.803299903869629,0.16387939453125,0.7265625,"[0.8597880601882935, 0.777999997138977, 0.36368659138679504, 0.9208846688270569]","[0.0, 0.0, -3.1957933970261365e-06, 0.00011933333735214546, -0.04375659301877022, 1.0, 0.016333334147930145, -3.1957933970261365e-06, 0.0, 0.0, 1.0172526572205243e-06, -0.016214000061154366, 0.0, 0.0]","[0.0, 0.0, 1.0, 0.5350829362869263, 0.0, 0.7490156888961792, 0.35403507947921753, 0.8960561156272888]",-4.000018932261983
4.99999999999999,132.87225341796875,199.5013885498047,8.943530082702637,0.161895751953125,0.734375,"[0.8505855202674866, 0.7699999809265137, 0.3317762315273285, 0.9514631628990173]","[0.0, 0.0, -3.1957933970261365e-06, 0.00011933333735214546, -0.04375659301877022, 1.0, 0.016333334147930145, -3.1957933970261365e-06, 0.0, 0.0, 1.0172526572205243e-06, -0.016214000061154366, 0.0, 0.0]","[0.0, 0.0, 1.0, 0.5350829362869263, 0.0, 0.7490156888961792, 0.35403507947921753, 0.8960561156272888]",-4.469667380609907
5.04999999999999,133.0153350830078,199.93032836914062,9.121210098266602,0.157257080078125,0.73828125,"[0.8389253616333008, 0.7703999876976013, 0.3864061236381531, 0.9264458417892456]","[0.0, 0.0, -3.1957933970261365e-06, 0.00011933333735214546, -0.04375659301877022, 1.0, 0.016333334147930145, -3.1957933970261365e-06, 0.0, 0.0, 1.0172526572205243e-06, -0.016214000061154366, 0.0, 0.0]","[0.0, 0.0, 1.0, 0.5350829362869263, 0.0, 0.7490156888961792, 0.35403507947921753, 0.8960561156272888]",-4.511397415942809
5.09999999999999,133.15101623535156,200.37049865722656,9.284310340881348,0.149322509765625,0.7421875,"[0.8282219767570496, 0.7753000259399414, 0.34540173411369324, 0.9399031400680542]","[0.0, 0.0, -3.1957933970261365e-06, 0.00011933333735214546, -0.04375659301877022, 1.0, 0.016333334147930145, -3.1957933970261365e-06, 0.0, 0.0, 1.0172526572205243e-06, -0.016214000061154366, 0.0, 0.0]","[0.0, 0.0, 1.0, 0.5350829362869263, 0.0, 0.7490156888961792, 0.35403507947921753, 0.8960561156272888]",-4.565819826711561
5.14999999999999,133.27789306640625,200.8157196044922,9.272419929504395,0.14007568359375,0.7421875,"[0.829002320766449, 0.7785999774932861, 0.19289448857307434, 0.7856253981590271]","[0.0, 0.0, -3.1957933970261365e-06, 0.00011933333735214546, -0.04375659301877022, 1.0, 0.016333334147930145, -3.1957933970261365e-06, 0.0, 0.0, 1.0172526572205243e-06, -0.016214000061154366, 0.0, 0.0]","[0.0, 0.0, 1.0, 0.5350829362869263, 0.0, 0.7490156888961792, 0.35403507947921753, 0.8960561156272888]",-4.614835378693488
5.1999999999999895,133.395751953125,201.2627716064453,9.254090309143066,0.130218505859375,0.7421875,"[0.8302052021026611, 0.7793999910354614, 0.200734943151474, 0.9614049792289734]","[0.0, 0.0, -3.1957933970261365e-06, 0.00011933333735214546, -0.04375659301877022, 1.0, 0.016333334147930145, -3.1957933970261365e-06, 0.0, 0.0, 1.0172526572205243e-06, -0.016214000061154366, 0.0, 0.0]","[0.0, 0.0, 1.0, 0.5350829362869263, 0.0, 0.7490156888961792, 0.35403507947921753, 0.8960561156272888]",-5.214161930414741
5.249999999999989,133.50665283203125,201.72142028808594,9.631190299987793,0.11968994140625,0.7421875,"[0.8054581880569458, 0.7901999950408936, 0.46743321418762207, 0.5384557843208313]","[0.0, 0.0, -3.1957933970261365e-06, 0.00011933333735214546, -0.04375659301877022, 1.0, 0.016333334147930145, -3.1957933970261365e-06, 0.0, 0.0, 1.0172526572205243e-06, -0.016214000061154366, 0.0, 0.0]","[0.0, 0.0, 1.0, 0.5350829362869263, 0.0, 0.7490156888961792, 0.35403507947921753, 0.8960561156272888]",-5.318535312435426
5.299999999999989,133.61277770996094,202.20260620117188,9.98196029663086,0.108734130859375,0.7421875,"[0.782439112663269, 0.8216000199317932, 0.5008944869041443, 0.9268532395362854]","[0.0, 0.0, -3.1957933970261365e-06, 0.00011933333735214546, -0.04375659301877022, 1.0, 0.016333334147930145, -3.1957933970261365e-06, 0.0, 0.0, 1.0172526572205243e-06, -0.016214000061154366, 0.0, 0.0]","[0.0, 0.0, 1.0, 0.5350829362869263, 0.0, 0.7490156888961792, 0.35403507947921753, 0.8960561156272888]",-5.405866309050022
5.349999999999989,133.71348571777344,202.70071411132812,10.26636028289795,0.09710693359375,0.71875,"[0.7637754678726196, 0.9280999898910522, 0.42827340960502625, 0.8797178864479065]","[0.0, 0.0, -3.1957933970261365e-06, 0.00011933333735214546, -0.04375659301877022, 1.0, 0.016333334147930145, -3.1957933970261365e-06, 0.0, 0.0, 1.0172526572205243e-06, -0.016214000061154366, 0.0, 0.0]","[0.0, 0.0, 1.0, 0.5350829362869263, 0.0, 0.7490156888961792, 0.35403507947921753, 0.8960561156272888]",-5.488403774408082
5.399999999999989,133.8086395263672,203.21205139160156,10.48095989227295,0.0860595703125,0.69921875,"[0.7496924996376038, 1.0, 0.3510535955429077, 0.8804423213005066]","[0.0, 0.0, -3.1957933970261365e-06, 0.00011933333735214546, -0.04375659301877022, 1.0, 0.016333334147930145, -3.1957933970261365e-06, 0.0, 0.0, 1.0172526572205243e-06, -0.016214000061154366, 0.0, 0.0]","[0.0, 0.0, 1.0, 0.5350829362869263, 0.0, 0.7490156888961792, 0.35403507947921753, 0.8960561156272888]",-6.162205804068271
5.449999999999989,133.89796447753906,203.7340545654297,10.665220260620117,0.078704833984375,0.67578125,"[0.7376005053520203, 1.0, 0.32183733582496643, 0.933121919631958]","[0.0, 0.0, -3.1957933970261365e-06, 0.00011933333735214546, -0.04375659301877022, 1.0, 0.016333334147930145, -3.1957933970261365e-06, 0.0, 0.0, 1.0172526572205243e-06, -0.016214000061154366, 0.0, 0.0]","[0.0, 0.0, 1.0, 0.5350829362869263, 0.0, 0.7490156888961792, 0.35403507947921753, 0.8960561156272888]",-6.321894158620477
5.4999999999999885,133.98141479492188,204.2646484375,10.79874038696289,0.073486328125,0.66796875,"[0.728838324546814, 1.0, 0.26675647497177124, 0.9163100123405457]","[0.0, 0.0, -3.1957933970261365e-06, 0.00011933333735214546, -0.04375659301877022, 1.0, 0.016333334147930145, -3.1957933970261365e-06, 0.0, 0.0, 1.0172526572205243e-06, -0.016214000061154366, 0.0, 0.0]","[0.0, 0.0, 1.0, 0.5350829362869263, 0.0, 0.7490156888961792, 0.35403507947921753, 0.8960561156272888]",-6.476131226484393
5.549999999999988,134.05897521972656,204.80279541015625,10.934940338134766,0.068328857421875,0.66796875,"[0.7199002504348755, 1.0, 0.27116042375564575, 0.97444087266922]","[0.0, 0.0, -3.1957933970261365e-06, 0.00011933333735214546, -0.04375659301877022, 1.0, 0.016333334147930145, -3.1957933970261365e-06, 0.0, 0.0, 1.0172526572205243e-06, -0.016214000061154366, 0.0, 0.0]","[0.0, 0.0, 1.0, 0.5350829362869263, 0.0, 0.7490156888961792, 0.35403507947921753, 0.8960561156272888]",-6.421252491734987
5.599999999999988,134.13092041015625,205.34776306152344,11.046649932861328,0.061737060546875,0.6953125,"[0.7125693559646606, 1.0, 0.23529361188411713, 0.9477826356887817]","[0.0, 0.0, -3.1957933970261365e-06, 0.00011933333735214546, -0.04375659301877022, 1.0, 0.016333334147930145, -3.1957933970261365e-06, 0.0, 0.0, 1.0172526572205243e-06, -0.016214000061154366, 0.0, 0.0]","[0.0, 0.0, 1.0, 0.5350829362869263, 0.0, 0.7490156888961792, 0.35403507947921753, 0.8960561156272888]",-6.57389205190973
5.649999999999988,134.1976776123047,205.89971923828125,11.178939819335938,0.053863525390625,0.70703125,"[0.703887939453125, 1.0, 0.24785009026527405, 0.9549136757850647]","[0.0, 0.0, -3.1957933970261365e-06, 0.00011933333735214546, -0.04375659301877022, 1.0, 0.016333334147930145, -3.1957933970261365e-06, 0.0, 0.0, 1.0172526572205243e-06, -0.016214000061154366, 0.0, 0.0]","[0.0, 0.0, 1.0, 0.5350829362869263, 0.0, 0.7490156888961792, 0.35403507947921753, 0.8960561156272888]",-6.387957655783184
5.699999999999988,134.259765625,206.4583740234375,11.294010162353516,0.046234130859375,0.7109375,"[0.6963365077972412, 1.0, 0.2140628546476364, 0.9536369442939758]","[0.0, 0.0, -3.1957933970261365e-06, 0.00011933333735214546, -0.04375659301877022, 1.0, 0.016333334147930145, -3.1957933970261365e-06, 0.0, 0.0, 1.0172526572205243e-06, -0.016214000061154366, 0.0, 0.0]","[0.0, 0.0, 1.0, 0.5350829362869263, 0.0, 0.7490156888961792, 0.35403507947921753, 0.8960561156272888]",-6.210308131904046
5.749999999999988,134.3175048828125,207.02398681640625,11.430330276489258,0.040130615234375,0.71875,"[0.6873905658721924, 1.0, 0.22690020501613617, 0.9533591866493225]","[0.0, 0.0, -3.1957933970261365e-06, 0.00011933333735214546, -0.04375659301877022, 1.0, 0.016333334147930145, -3.1957933970261365e-06, 0.0, 0.0, 1.0172526572205243e-06, -0.016214000061154366, 0.0, 0.0]","[0.0, 0.0, 1.0, 0.5350829362869263, 0.0, 0.7490156888961792, 0.35403507947921753, 0.8960561156272888]",-6.035304874101127
5.799999999999987,134.37118530273438,207.59642028808594,11.551130294799805,0.0364990234375,0.7265625,"[0.6794631481170654, 1.0, 0.20408174395561218, 0.960638165473938]","[0.0, 0.0, -3.1957933970261365e-06, 0.00011933333735214546, -0.04375659301877022, 1.0, 0.016333334147930145, -3.1957933970261365e-06, 0.0, 0.0, 1.0172526572205243e-06, -0.016214000061154366, 0.0, 0.0]","[0.0, 0.0, 1.0, 0.5350829362869263, 0.0, 0.7490156888961792, 0.35403507947921753, 0.8960561156272888]",-6.254264826050593
5.849999999999987,134.42071533203125,208.17591857910156,11.691149711608887,0.0355224609375,0.7265625,"[0.6702743768692017, 1.0, 0.22364351153373718, 0.9565922617912292]","[0.0, 0.0, -3.1957933970261365e-06, 0.00011933333735214546, -0.04375659301877022, 1.0, 0.016333334147930145, -3.1957933970261365e-06, 0.0, 0.0, 1.0172526572205243e-06, -0.016214000061154366, 0.0, 0.0]","[0.0, 0.0, 1.0, 0.5350829362869263, 0.0, 0.7490156888961792, 0.35403507947921753, 0.8960561156272888]",-6.0631857254175365
5.899999999999987,134.46612548828125,208.76229858398438,11.815279960632324,0.035919189453125,0.73046875,"[0.6621284484863281, 1.0, 0.20832833647727966, 0.9630740880966187]","[0.0, 0.0, -3.1957933970261365e-06, 0.00011933333735214546, -0.04375659301877022, 1.0, 0.016333334147930145, -3.1957933970261365e-06, 0.0, 0.0, 1.0172526572205243e-06, -0.016214000061154366, 0.0, 0.0]","[0.0, 0.0, 1.0, 0.5350829362869263, 0.0, 0.7490156888961792, 0.35403507947921753, 0.8960561156272888]",-5.82850682085604
5.949999999999987,134.50735473632812,209.35577392578125,11.956419944763184,0.03607177734375,0.73046875,"[0.6528661847114563, 1.0, 0.2256949245929718, 0.9608055353164673]","[0.0, 0.0, -3.1957933970261365e-06, 0.00011933333735214546, -0.04375659301877022, 1.0, 0.016333334147930145, -3.1957933970261365e-06, 0.0, 0.0, 1.0172526572205243e-06, -0.016214000061154366, 0.0, 0.0]","[0.0, 0.0, 1.0, 0.5350829362869263, 0.0, 0.7490156888961792, 0.35403507947921753, 0.8960561156272888]",-5.567419650690645
5.999999999999987,134.54441833496094,209.95614624023438,12.082929611206055,0.035888671875,0.73046875,"[0.6445640921592712, 1.0, 0.21011339128017426, 0.9646732211112976]","[0.0, 0.0, -3.1957933970261365e-06, 0.00011933333735214546, -0.04375659301877022, 1.0, 0.016333334147930145, -3.1957933970261365e-06, 0.0, 0.0, 1.0172526572205243e-06, -0.016214000061154366, 0.0, 0.0]","[0.0, 0.0, 1.0, 0.5350829362869263, 0.0, 0.7490156888961792, 0.35403507947921753, 0.8960561156272888]",-5.594959760662535
6.0499999999999865,134.57737731933594,210.56349182128906,12.220459938049316,0.034454345703125,0.68359375,"[0.6355386972427368, 1.0, 0.21837055683135986, 0.9684430956840515]","[0.0, 0.0, -3.1957933970261365e-06, 0.00011933333735214546, -0.04375659301877022, 1.0, 0.016333334147930145, -3.1957933970261365e-06, 0.0, 0.0, 1.0172526572205243e-06, -0.016214000061154366, 0.0, 0.0]","[0.0, 0.0, 1.0, 0.5350829362869263, 0.0, 0.7490156888961792, 0.35403507947921753, 0.8960561156272888]",-5.299312699071936
6.099999999999986,134.60646057128906,211.17713928222656,12.33154010772705,0.0318603515625,0.60546875,"[0.6282491683959961, 1.0, 0.1873837411403656, 0.9513195753097534]","[0.0, 0.0, -3.1957933970261365e-06, 0.00011933333735214546, -0.04375659301877022, 1.0, 0.016333334147930145, -3.1957933970261365e-06, 0.0, 0.0, 1.0172526572205243e-06, -0.016214000061154366, 0.0, 0.0]","[0.0, 0.0, 1.0, 0.5350829362869263, 0.0, 0.7490156888961792, 0.35403507947921753, 0.8960561156272888]",-5.000432102845406
6.149999999999986,134.63172912597656,211.79624938964844,12.433279991149902,0.0296630859375,0.51953125,"[0.6215724945068359, 1.0, 0.17665934562683105, 0.9735211133956909]","[0.0, 0.0, -3.1957933970261365e-06, 0.00011933333735214546, -0.04375659301877022, 1.0, 0.016333334147930145, -3.1957933970261365e-06, 0.0, 0.0, 1.0172526572205243e-06, -0.016214000061154366, 0.0, 0.0]","[0.0, 0.0, 1.0, 0.5350829362869263, 0.0, 0.7490156888961792, 0.35403507947921753, 0.8960561156272888]",-4.712134072611129
6.199999999999986,134.6532440185547,212.4193115234375,12.496740341186523,0.028045654296875,0.4603118896484375,"[0.6174079179763794, 1.0, 0.13837802410125732, 0.9445012211799622]","[0.0, 0.0, -3.1957933970261365e-06, 0.00011933333735214546, -0.04375659301877022, 1.0, 0.016333334147930145, -3.1957933970261365e-06, 0.0, 0.0, 1.0172526572205243e-06, -0.016214000061154366, 0.0, 0.0]","[0.0, 0.0, 1.0, 0.5350829362869263, 0.0, 0.7490156888961792, 0.35403507947921753, 0.8960561156272888]",-4.760728822080068
6.249999999999986,134.67103576660156,213.04522705078125,12.546460151672363,0.026641845703125,0.400787353515625,"[0.6141451597213745, 1.0, 0.12500879168510437, 0.975730299949646]","[0.0, 0.0, -3.1957933970261365e-06, 0.00011933333735214546, -0.04375659301877022, 1.0, 0.016333334147930145, -3.1957933970261365e-06, 0.0, 0.0, 1.0172526572205243e-06, -0.016214000061154366, 0.0, 0.0]","[0.0, 0.0, 1.0, 0.5350829362869263, 0.0, 0.7490156888961792, 0.35403507947921753, 0.8960561156272888]",-4.480290642925663
6.299999999999986,134.68511962890625,213.67263793945312,12.563300132751465,0.0252685546875,0.3253936767578125,"[0.613040030002594, 1.0, 0.09517713636159897, 0.9579858183860779]","[0.0, 0.0, -3.1957933970261365e-06, 0.00011933333735214546, -0.04375659301877022, 1.0, 0.016333334147930145, -3.1957933970261365e-06, 0.0, 0.0, 1.0172526572205243e-06, -0.016214000061154366, 0.0, 0.0]","[0.0, 0.0, 1.0, 0.5350829362869263, 0.0, 0.7490156888961792, 0.35403507947921753, 0.8960561156272888]",-4.212216630637938
6.349999999999985,134.69578552246094,214.30067443847656,12.569080352783203,0.023101806640625,0.2261962890625,"[0.6126606464385986, 1.0, 0.07682065665721893, 0.9819381833076477]","[0.0, 0.0, -3.1957933970261365e-06, 0.00011933333735214546, -0.04375659301877022, 1.0, 0.016333334147930145, -3.1957933970261365e-06, 0.0, 0.0, 1.0172526572205243e-06, -0.016214000061154366, 0.0, 0.0]","[0.0, 0.0, 1.0, 0.5350829362869263, 0.0, 0.7490156888961792, 0.35403507947921753, 0.8960561156272888]",-3.9390747692605323
6.399999999999985,134.70323181152344,214.9276580810547,12.530980110168457,0.021636962890625,0.20000000298023224,"[0.6151610016822815, 1.0, 0.09316281229257584, 0.9413090944290161]","[0.0, 0.0, -3.1957933970261365e-06, 0.00011933333735214546, -0.04375659301877022, 1.0, 0.016333334147930145, -3.1957933970261365e-06, 0.0, 0.0, 1.0172526572205243e-06, -0.016214000061154366, 0.0, 0.0]","[0.0, 0.0, 1.0, 0.5350829362869263, 0.0, 0.7490156888961792, 0.35403507947921753, 0.8960561156272888]",-4.024754843842003
6.449999999999985,134.7074432373047,215.55245971679688,12.485300064086914,0.021240234375,0.20000000298023224,"[0.6181586980819702, 1.0, 0.10946241766214371, 0.983737587928772]","[0.0, 0.0, -3.1957933970261365e-06, 0.00011933333735214546, -0.04375659301877022, 1.0, 0.016333334147930145, -3.1957933970261365e-06, 0.0, 0.0, 1.0172526572205243e-06, -0.016214000061154366, 0.0, 0.0]","[0.0, 0.0, 1.0, 0.5350829362869263, 0.0, 0.7490156888961792, 0.35403507947921753, 0.8960561156272888]",-3.77264909276275
6.499999999999985,134.70852661132812,216.1741180419922,12.412019729614258,0.021240234375,0.20000000298023224,"[0.6229677200317383, 1.0, 0.13010813295841217, 0.9563151001930237]","[0.0, 0.0, -3.1957933970261365e-06, 0.00011933333735214546, -0.04375659301877022, 1.0, 0.016333334147930145, -3.1957933970261365e-06, 0.0, 0.0, 1.0172526572205243e-06, -0.016214000061154366, 0.0, 0.0]","[0.0, 0.0, 1.0, 0.5350829362869263, 0.0, 0.7490156888961792, 0.35403507947921753, 0.8960561156272888]",-3.528652042577537
6.549999999999985,134.70651245117188,216.7923583984375,12.346059799194336,0.021240234375,0.20000000298023224,"[0.6272963285446167, 1.0, 0.12466110289096832, 0.9824609160423279]","[0.0, 0.0, -3.1957933970261365e-06, 0.00011933333735214546, -0.04375659301877022, 1.0, 0.016333334147930145, -3.1957933970261365e-06, 0.0, 0.0, 1.0172526572205243e-06, -0.016214000061154366, 0.0, 0.0]","[0.0, 0.0, 1.0, 0.5350829362869263, 0.0, 0.7490156888961792, 0.35403507947921753, 0.8960561156272888]",-3.2929089748841456
6.5999999999999845,134.70152282714844,217.40667724609375,12.259200096130371,0.0211181640625,0.20000000298023224,"[0.6329964399337769, 1.0, 0.13995076715946198, 0.9626044631004333]","[0.0, 0.0, -3.1957933970261365e-06, 0.00011933333735214546, -0.04375659301877022, 1.0, 0.016333334147930145, -3.1957933970261365e-06, 0.0, 0.0, 1.0172526572205243e-06, -0.016214000061154366, 0.0, 0.0]","[0.0, 0.0, 1.0, 0.5350829362869263, 0.0, 0.7490156888961792, 0.35403507947921753, 0.8960561156272888]",-3.065113407711668
6.649999999999984,134.693603515625,218.01705932617188,12.186140060424805,0.0211181640625,0.20000000298023224,"[0.6377909183502197, 1.0, 0.1288030743598938, 0.97398442029953]","[0.0, 0.0, -3.1957933970261365e-06, 0.00011933333735214546, -0.04375659301877022, 1.0, 0.016333334147930145, -3.1957933970261365e-06, 0.0, 0.0, 1.0172526572205243e-06, -0.016214000061154366, 0.0, 0.0]","[0.0, 0.0, 1.0, 0.5350829362869263, 0.0, 0.7490156888961792, 0.35403507947921753, 0.8960561156272888]",-3.2558003018462616
6.699999999999984,134.68284606933594,218.6232147216797,12.094340324401855,0.02130126953125,0.20000000298023224,"[0.643815279006958, 1.0, 0.14299383759498596, 0.9647160172462463]","[0.0, 0.0, -3.1957933970261365e-06, 0.00011933333735214546, -0.04375659301877022, 1.0, 0.016333334147930145, -3.1957933970261365e-06, 0.0, 0.0, 1.0172526572205243e-06, -0.016214000061154366, 0.0, 0.0]","[0.0, 0.0, 1.0, 0.5350829362869263, 0.0, 0.7490156888961792, 0.35403507947921753, 0.8960561156272888]",-3.0756442547516665
6.749999999999984,134.66925048828125,219.22528076171875,12.019399642944336,0.021484375,0.20000000298023224,"[0.6487331986427307, 1.0, 0.1297265887260437, 0.9699461460113525]","[0.0, 0.0, -3.1957933970261365e-06, 0.00011933333735214546, -0.04375659301877022, 1.0, 0.016333334147930145, -3.1957933970261365e-06, 0.0, 0.0, 1.0172526572205243e-06, -0.016214000061154366, 0.0, 0.0]","[0.0, 0.0, 1.0, 0.5350829362869263, 0.0, 0.7490156888961792, 0.35403507947921753, 0.8960561156272888]",-2.917944397029373
6.799999999999984,134.65280151367188,219.82302856445312,11.92609977722168,0.02288818359375,0.20000000298023224,"[0.6548559665679932, 1.0, 0.1467485874891281, 0.9650683999061584]","[0.0, 0.0, -3.1957933970261365e-06, 0.00011933333735214546, -0.04375659301877022, 1.0, 0.016333334147930145, -3.1957933970261365e-06, 0.0, 0.0, 1.0172526572205243e-06, -0.016214000061154366, 0.0, 0.0]","[0.0, 0.0, 1.0, 0.5350829362869263, 0.0, 0.7490156888961792, 0.35403507947921753, 0.8960561156272888]",-2.790569606532132
6.849999999999984,134.63327026367188,220.4165802001953,11.851129531860352,0.025299072265625,0.20000000298023224,"[0.6597758531570435, 1.0, 0.138166606426239, 0.9661516547203064]","[0.0, 0.0, -3.1957933970261365e-06, 0.00011933333735214546, -0.04375659301877022, 1.0, 0.016333334147930145, -3.1957933970261365e-06, 0.0, 0.0, 1.0172526572205243e-06, -0.016214000061154366, 0.0, 0.0]","[0.0, 0.0, 1.0, 0.5350829362869263, 0.0, 0.7490156888961792, 0.35403507947921753, 0.8960561156272888]",-3.215970122557585
6.8999999999999835,134.61111450195312,221.00579833984375,11.758040428161621,0.021484375,0.20000000298023224,"[0.6658847332000732, 1.0, 0.13921362161636353, 0.9589643478393555]","[0.0, 0.0, -3.1957933970261365e-06, 0.00011933333735214546, -0.04375659301877022, 1.0, 0.016333334147930145, -3.1957933970261365e-06, 0.0, 0.0, 1.0172526572205243e-06, -0.016214000061154366, 0.0, 0.0]","[0.0, 0.0, 1.0, 0.5350829362869263, 0.0, 0.7490156888961792, 0.35403507947921753, 0.8960561156272888]",-3.141845054469014
6.949999999999983,134.58889770507812,221.59097290039062,11.684800148010254,-0.00335693359375,0.20000000298023224,"[0.6706911325454712, 1.0, 0.08472307026386261, 0.9121009707450867]","[0.0, 0.0, -3.1957933970261365e-06, 0.00011933333735214546, -0.04375659301877022, 1.0, 0.016333334147930145, -3.1957933970261365e-06, 0.0, 0.0, 1.0172526572205243e-06, -0.016214000061154366, 0.0, 0.0]","[0.0, 0.0, 1.0, 0.5350829362869263, 0.0, 0.7490156888961792, 0.35403507947921753, 0.8960561156272888]",-3.083239482780767
6.999999999999983,134.56932067871094,222.17196655273438,11.590459823608398,-0.03277587890625,0.20000000298023224,"[0.6768821477890015, 1.0, 0.1564197838306427, 0.9101834893226624]","[0.0, 0.0, -3.1957933970261365e-06, 0.00011933333735214546, -0.04375659301877022, 1.0, 0.016333334147930145, -3.1957933970261365e-06, 0.0, 0.0, 1.0172526572205243e-06, -0.016214000061154366, 0.0, 0.0]","[0.0, 0.0, 1.0, 0.5350829362869263, 0.0, 0.7490156888961792, 0.35403507947921753, 0.8960561156272888]",-3.06863951030481
7.049999999999983,134.55430603027344,222.7489013671875,11.513010025024414,-0.053955078125,0.20000000298023224,"[0.6819647550582886, 1.0, 0.18796879053115845, 0.9340813755989075]","[0.0, 0.0, -3.1957933970261365e-06, 0.00011933333735214546, -0.04375659301877022, 1.0, 0.016333334147930145, -3.1957933970261365e-06, 0.0, 0.0, 1.0172526572205243e-06, -0.016214000061154366, 0.0, 0.0]","[0.0, 0.0, 1.0, 0.5350829362869263, 0.0, 0.7490156888961792, 0.35403507947921753, 0.8960561156272888]",-3.773329674882156
7.099999999999983,134.54556274414062,223.32150268554688,11.415820121765137,-0.07611083984375,0.20000000298023224,"[0.688342809677124, 1.0, 0.24670197069644928, 0.9328973889350891]","[0.0, 0.0, -3.1957933970261365e-06, 0.00011933333735214546, -0.04375659301877022, 1.0, 0.016333334147930145, -3.1957933970261365e-06, 0.0, 0.0, 1.0172526572205243e-06, -0.016214000061154366, 0.0, 0.0]","[0.0, 0.0, 1.0, 0.5350829362869263, 0.0, 0.7490156888961792, 0.35403507947921753, 0.8960561156272888]",-3.882286053411173
7.149999999999983,134.54507446289062,223.88983154296875,11.33983039855957,-0.095306396484375,0.3610992431640625,"[0.6933295726776123, 1.0, 0.27477625012397766, 0.9273334741592407]","[0.0, 0.0, -3.1957933970261365e-06, 0.00011933333735214546, -0.04375659301877022, 1.0, 0.016333334147930145, -3.1957933970261365e-06, 0.0, 0.0, 1.0172526572205243e-06, -0.016214000061154366, 0.0, 0.0]","[0.0, 0.0, 1.0, 0.5350829362869263, 0.0, 0.7490156888961792, 0.35403507947921753, 0.8960561156272888]",-3.996865971159278
7.199999999999982,134.55419921875,224.45437622070312,11.268230438232422,-0.110595703125,0.444427490234375,"[0.6980282664299011, 1.0, 0.2865111827850342, 0.9652402997016907]","[0.0, 0.0, -3.1957933970261365e-06, 0.00011933333735214546, -0.04375659301877022, 1.0, 0.016333334147930145, -3.1957933970261365e-06, 0.0, 0.0, 1.0172526572205243e-06, -0.016214000061154366, 0.0, 0.0]","[0.0, 0.0, 1.0, 0.5350829362869263, 0.0, 0.7490156888961792, 0.35403507947921753, 0.8960561156272888]",-4.115472580588547
7.249999999999982,134.57484436035156,225.01612854003906,11.234020233154297,-0.127166748046875,0.51953125,"[0.7002732753753662, 1.0, 0.29831910133361816, 0.922113835811615]","[0.0, 0.0, -3.1957933970261365e-06, 0.00011933333735214546, -0.04375659301877022, 1.0, 0.016333334147930145, -3.1957933970261365e-06, 0.0, 0.0, 1.0172526572205243e-06, -0.016214000061154366, 0.0, 0.0]","[0.0, 0.0, 1.0, 0.5350829362869263, 0.0, 0.7490156888961792, 0.35403507947921753, 0.8960561156272888]",-4.903787930448245
7.299999999999982,134.6087188720703,225.57579040527344,11.2091703414917,-0.14471435546875,0.578125,"[0.7019040584564209, 1.0, 0.3111204206943512, 0.9648163914680481]","[0.0, 0.0, -3.1957933970261365e-06, 0.00011933333735214546, -0.04375659301877022, 1.0, 0.016333334147930145, -3.1957933970261365e-06, 0.0, 0.0, 1.0172526572205243e-06, -0.016214000061154366, 0.0, 0.0]","[0.0, 0.0, 1.0, 0.5350829362869263, 0.0, 0.7490156888961792, 0.35403507947921753, 0.8960561156272888]",-5.010000474896052
7.349999999999982,134.65805053710938,226.1340789794922,11.219340324401855,-0.1636962890625,0.6484375,"[0.7012366652488708, 1.0, 0.33364877104759216, 0.9223408102989197]","[0.0, 0.0, -3.1957933970261365e-06, 0.00011933333735214546, -0.04375659301877022, 1.0, 0.016333334147930145, -3.1957933970261365e-06, 0.0, 0.0, 1.0172526572205243e-06, -0.016214000061154366, 0.0, 0.0]","[0.0, 0.0, 1.0, 0.5350829362869263, 0.0, 0.7490156888961792, 0.35403507947921753, 0.8960561156272888]",-5.108701727714806
7.399999999999982,134.72476196289062,226.6913299560547,11.241450309753418,-0.1846923828125,0.6953125,"[0.6997857093811035, 1.0, 0.3734206557273865, 0.9586881995201111]","[0.0, 0.0, -3.1957933970261365e-06, 0.00011933333735214546, -0.04375659301877022, 1.0, 0.016333334147930145, -3.1957933970261365e-06, 0.0, 0.0, 1.0172526572205243e-06, -0.016214000061154366, 0.0, 0.0]","[0.0, 0.0, 1.0, 0.5350829362869263, 0.0, 0.7490156888961792, 0.35403507947921753, 0.8960561156272888]",-5.198588100122834
7.4499999999999815,134.81097412109375,227.24786376953125,11.295310020446777,-0.200958251953125,0.734375,"[0.6962512135505676, 0.954800009727478, 0.4430377781391144, 0.9260783791542053]","[0.0, 0.0, -3.1957933970261365e-06, 0.00011933333735214546, -0.04375659301877022, 1.0, 0.016333334147930145, -3.1957933970261365e-06, 0.0, 0.0, 1.0172526572205243e-06, -0.016214000061154366, 0.0, 0.0]","[0.0, 0.0, 1.0, 0.5350829362869263, 0.0, 0.7490156888961792, 0.35403507947921753, 0.8960561156272888]",-5.5890320056475815
7.499999999999981,134.9176483154297,227.803955078125,11.365750312805176,-0.208343505859375,0.78515625,"[0.6916285753250122, 0.7767999768257141, 0.45803824067115784, 0.9766504764556885]","[0.0, 0.0, -3.1957933970261365e-06, 0.00011933333735214546, -0.04375659301877022, 1.0, 0.016333334147930145, -3.1957933970261365e-06, 0.0, 0.0, 1.0172526572205243e-06, -0.016214000061154366, 0.0, 0.0]","[0.0, 0.0, 1.0, 0.5350829362869263, 0.0, 0.7490156888961792, 0.35403507947921753, 0.8960561156272888]",-5.465809613957043
7.549999999999981,135.04576110839844,228.36013793945312,11.47113037109375,-0.20831298828125,0.8359375,"[0.6847131252288818, 0.5972999930381775, 0.5039397478103638, 0.9467068314552307]","[0.0, 0.0, -3.1957933970261365e-06, 0.00011933333735214546, -0.04375659301877022, 1.0, 0.016333334147930145, -3.1957933970261365e-06, 0.0, 0.0, 1.0172526572205243e-06, -0.016214000061154366, 0.0, 0.0]","[0.0, 0.0, 1.0, 0.5350829362869263, 0.0, 0.7490156888961792, 0.35403507947921753, 0.8960561156272888]",-5.347193729440946
7.599999999999981,135.1959686279297,228.91647338867188,11.588290214538574,-0.207122802734375,0.88671875,"[0.6770245432853699, 0.6032000184059143, 0.5146022439002991, 0.9724935293197632]","[0.0, 0.0, -3.1957933970261365e-06, 0.00011933333735214546, -0.04375659301877022, 1.0, 0.016333334147930145, -3.1957933970261365e-06, 0.0, 0.0, 1.0172526572205243e-06, -0.016214000061154366, 0.0, 0.0]","[0.0, 0.0, 1.0, 0.5350829362869263, 0.0, 0.7490156888961792, 0.35403507947921753, 0.8960561156272888]",-5.218690110540776
7.649999999999981,135.3692626953125,229.4729461669922,11.732460021972656,-0.20806884765625,0.93359375,"[0.6675634384155273, 0.24660000205039978, 0.5539371371269226, 0.9488673806190491]","[0.0, 0.0, -3.1957933970261365e-06, 0.00011933333735214546, -0.04375659301877022, 1.0, 0.016333334147930145, -3.1957933970261365e-06, 0.0, 0.0, 1.0172526572205243e-06, -0.016214000061154366, 0.0, 0.0]","[0.0, 0.0, 1.0, 0.5350829362869263, 0.0, 0.7490156888961792, 0.35403507947921753, 0.8960561156272888]",-5.4213502110890985
7.699999999999981,135.56651306152344,230.02944946289062,11.892709732055664,-0.2091064453125,0.95703125,"[0.6570471525192261, 0.1615000069141388, 0.5760061740875244, 0.9584090709686279]","[0.0, 0.0, -3.1957933970261365e-06, 0.00011933333735214546, -0.04375659301877022, 1.0, 0.016333334147930145, -3.1957933970261365e-06, 0.0, 0.0, 1.0172526572205243e-06, -0.016214000061154366, 0.0, 0.0]","[0.0, 0.0, 1.0, 0.5350829362869263, 0.0, 0.7490156888961792, 0.35403507947921753, 0.8960561156272888]",-5.17618934654089
7.7499999999999805,135.7887420654297,230.58575439453125,12.073349952697754,-0.210357666015625,0.9765625,"[0.6451927423477173, 0.08919999748468399, 0.6073178052902222, 0.9481886029243469]","[0.0, 0.0, -3.1957933970261365e-06, 0.00011933333735214546, -0.04375659301877022, 1.0, 0.016333334147930145, -3.1957933970261365e-06, 0.0, 0.0, 1.0172526572205243e-06, -0.016214000061154366, 0.0, 0.0]","[0.0, 0.0, 1.0, 0.5350829362869263, 0.0, 0.7490156888961792, 0.35403507947921753, 0.8960561156272888]",-4.894467071307216
7.79999999999998,136.03677368164062,231.14122009277344,12.265580177307129,-0.211944580078125,0.984375,"[0.6325777173042297, 0.06030000001192093, 0.629305899143219, 0.9484171867370605]","[0.0, 0.0, -3.1957933970261365e-06, 0.00011933333735214546, -0.04375659301877022, 1.0, 0.016333334147930145, -3.1957933970261365e-06, 0.0, 0.0, 1.0172526572205243e-06, -0.016214000061154366, 0.0, 0.0]","[0.0, 0.0, 1.0, 0.5350829362869263, 0.0, 0.7490156888961792, 0.35403507947921753, 0.8960561156272888]",-4.5825374312369505
7.84999999999998,136.31143188476562,231.69503784179688,12.468899726867676,-0.212921142578125,1.0,"[0.6192349791526794, 0.0, 0.6512953639030457, 0.9458492398262024]","[0.0, 0.0, -3.1957933970261365e-06, 0.00011933333735214546, -0.04375659301877022, 1.0, 0.016333334147930145, -3.1957933970261365e-06, 0.0, 0.0, 1.0172526572205243e-06, -0.016214000061154366, 0.0, 0.0]","[0.0, 0.0, 1.0, 0.5350829362869263, 0.0, 0.7490156888961792, 0.35403507947921753, 0.8960561156272888]",-4.464321916669956
7.89999999999998,136.6134796142578,232.24623107910156,12.680219650268555,-0.214080810546875,1.0,"[0.6053671836853027, 0.0, 0.6718536019325256, 0.9424187541007996]","[0.0, 0.0, -3.1957933970261365e-06, 0.00011933333735214546, -0.04375659301877022, 1.0, 0.016333334147930145, -3.1957933970261365e-06, 0.0, 0.0, 1.0172526572205243e-06, -0.016214000061154366, 0.0, 0.0]","[0.0, 0.0, 1.0, 0.5350829362869263, 0.0, 0.7490156888961792, 0.35403507947921753, 0.8960561156272888]",-4.080699613076912
7.94999999999998,136.94354248046875,232.79356384277344,12.897250175476074,-0.214141845703125,1.0,"[0.5911247134208679, 0.0, 0.6893178224563599, 0.9416943192481995]","[0.0, 0.0, -3.1957933970261365e-06, 0.00011933333735214546, -0.04375659301877022, 1.0, 0.016333334147930145, -3.1957933970261365e-06, 0.0, 0.0, 1.0172526572205243e-06, -0.016214000061154366, 0.0, 0.0]","[0.0, 0.0, 1.0, 0.5350829362869263, 0.0, 0.7490156888961792, 0.35403507947921753, 0.8960561156272888]",-3.679335429682948
7.99999999999998,137.3021697998047,233.33572387695312,13.117730140686035,-0.214141845703125,1.0,"[0.5766558647155762, 0.0, 0.7059099078178406, 0.9392063021659851]","[0.0, 0.0, -3.1957933970261365e-06, 0.00011933333735214546, -0.04375659301877022, 1.0, 0.016333334147930145, -3.1957933970261365e-06, 0.0, 0.0, 1.0172526572205243e-06, -0.016214000061154366, 0.0, 0.0]","[0.0, 0.0, 1.0, 0.5350829362869263, 0.0, 0.7490156888961792, 0.35403507947921753, 0.8960561156272888]",-3.2683314138977115
8.04999999999998,137.68980407714844,233.8711700439453,13.340350151062012,-0.213714599609375,1.0,"[0.5620465278625488, 0.0, 0.7143353819847107, 0.9380975961685181]","[0.0, 0.0, -3.1957933970261365e-06, 0.00011933333735214546, -0.04375659301877022, 1.0, 0.016333334147930145, -3.1957933970261365e-06, 0.0, 0.0, 1.0172526572205243e-06, -0.016214000061154366, 0.0, 0.0]","[0.0, 0.0, 1.0, 0.5350829362869263, 0.0, 0.7490156888961792, 0.35403507947921753, 0.8960561156272888]",-3.0106827256281363
8.09999999999998,138.103759765625,234.39505004882812,13.358369827270508,-0.21270751953125,1.0,"[0.5608639717102051, 0.0, 0.5363718867301941, 0.7346538305282593]","[0.0, 0.0, -3.1957933970261365e-06, 0.00011933333735214546, -0.04375659301877022, 1.0, 0.016333334147930145, -3.1957933970261365e-06, 0.0, 0.0, 1.0172526572205243e-06, -0.016214000061154366, 0.0, 0.0]","[0.0, 0.0, 1.0, 0.5350829362869263, 0.0, 0.7490156888961792, 0.35403507947921753, 0.8960561156272888]",-2.6091020159177485
8.14999999999998,138.53773498535156,234.8983612060547,13.318550109863281,-0.21148681640625,1.0,"[0.5634771585464478, 0.0, 0.5359066128730774, 0.902571439743042]","[0.0, 0.0, -3.1957933970261365e-06, 0.00011933333735214546, -0.04375659301877022, 1.0, 0.016333334147930145, -3.1957933970261365e-06, 0.0, 0.0, 1.0172526572205243e-06, -0.016214000061154366, 0.0, 0.0]","[0.0, 0.0, 1.0, 0.5350829362869263, 0.0, 0.7490156888961792, 0.35403507947921753, 0.8960561156272888]",-2.23776874984775
8.199999999999982,138.99278259277344,235.38150024414062,13.404760360717773,-0.211517333984375,1.0,"[0.5578196048736572, 0.0, 0.5768828392028809, 0.8597397804260254]","[0.0, 0.0, -3.1957933970261365e-06, 0.00011933333735214546, -0.04375659301877022, 1.0, 0.016333334147930145, -3.1957933970261365e-06, 0.0, 0.0, 1.0172526572205243e-06, -0.016214000061154366, 0.0, 0.0]","[0.0, 0.0, 1.0, 0.5350829362869263, 0.0, 0.7490156888961792, 0.35403507947921753, 0.8960561156272888]",-1.897448142944015
8.249999999999982,139.47802734375,235.8525848388672,13.661760330200195,-0.211517333984375,1.0,"[0.5409541130065918, 0.0, 0.7508883476257324, 0.7848702669143677]","[0.0, 0.0, -3.1957933970261365e-06, 0.00011933333735214546, -0.04375659301877022, 1.0, 0.016333334147930145, -3.1957933970261365e-06, 0.0, 0.0, 1.0172526572205243e-06, -0.016214000061154366, 0.0, 0.0]","[0.0, 0.0, 1.0, 0.5350829362869263, 0.0, 0.7490156888961792, 0.35403507947921753, 0.8960561156272888]",-1.6727833124592895
8.299999999999983,139.99281311035156,236.30931091308594,13.884249687194824,-0.211517333984375,1.0,"[0.5263533592224121, 0.0, 0.7221494913101196, 0.900312066078186]","[0.0, 0.0, -3.1957933970261365e-06, 0.00011933333735214546, -0.04375659301877022, 1.0, 0.016333334147930145, -3.1957933970261365e-06, 0.0, 0.0, 1.0172526572205243e-06, -0.016214000061154366, 0.0, 0.0]","[0.0, 0.0, 1.0, 0.5350829362869263, 0.0, 0.7490156888961792, 0.35403507947921753, 0.8960561156272888]",-1.3749055130434398
8.349999999999984,140.53562927246094,236.7488555908203,14.082579612731934,-0.211517333984375,1.0,"[0.5133380889892578, 0.0, 0.7026079297065735, 0.9151540398597717]","[0.0, 0.0, -3.1957933970261365e-06, 0.00011933333735214546, -0.04375659301877022, 1.0, 0.016333334147930145, -3.1957933970261365e-06, 0.0, 0.0, 1.0172526572205243e-06, -0.016214000061154366, 0.0, 0.0]","[0.0, 0.0, 1.0, 0.5350829362869263, 0.0, 0.7490156888961792, 0.35403507947921753, 0.8960561156272888]",-1.1417730774693164
8.399999999999984,141.10525512695312,237.1689453125,14.263529777526855,-0.211517333984375,1.0,"[0.5014632940292358, 0.0, 0.6891002655029297, 0.9247883558273315]","[0.0, 0.0, -3.1957933970261365e-06, 0.00011933333735214546, -0.04375659301877022, 1.0, 0.016333334147930145, -3.1957933970261365e-06, 0.0, 0.0, 1.0172526572205243e-06, -0.016214000061154366, 0.0, 0.0]","[0.0, 0.0, 1.0, 0.5350829362869263, 0.0, 0.7490156888961792, 0.35403507947921753, 0.8960561156272888]",-1.004369477743884
8.449999999999985,141.700439453125,237.56747436523438,14.431870460510254,-0.211517333984375,1.0,"[0.4904160499572754, 0.0, 0.6798593401908875, 0.9313486218452454]","[0.0, 0.0, -3.1957933970261365e-06, 0.00011933333735214546, -0.04375659301877022, 1.0, 0.016333334147930145, -3.1957933970261365e-06, 0.0, 0.0, 1.0172526572205243e-06, -0.016214000061154366, 0.0, 0.0]","[0.0, 0.0, 1.0, 0.5350829362869263, 0.0, 0.7490156888961792, 0.35403507947921753, 0.8960561156272888]",-0.8794493341421568
8.499999999999986,142.320068359375,237.94256591796875,14.590840339660645,-0.211517333984375,1.0,"[0.47998374700546265, 0.0, 0.6735762357711792, 0.9357272982597351]","[0.0, 0.0, -3.1957933970261365e-06, 0.00011933333735214546, -0.04375659301877022, 1.0, 0.016333334147930145, -3.1957933970261365e-06, 0.0, 0.0, 1.0172526572205243e-06, -0.016214000061154366, 0.0, 0.0]","[0.0, 0.0, 1.0, 0.5350829362869263, 0.0, 0.7490156888961792, 0.35403507947921753, 0.8960561156272888]",-0.9287891379932762
8.549999999999986,142.96298217773438,238.2924346923828,14.742659568786621,-0.211517333984375,1.0,"[0.47002071142196655, 0.0, 0.6693406701087952, 0.9386397004127502]","[0.0, 0.0, -3.1957933970261365e-06, 0.00011933333735214546, -0.04375659301877022, 1.0, 0.016333334147930145, -3.1957933970261365e-06, 0.0, 0.0, 1.0172526572205243e-06, -0.016214000061154366, 0.0, 0.0]","[0.0, 0.0, 1.0, 0.5350829362869263, 0.0, 0.7490156888961792, 0.35403507947921753, 0.8960561156272888]",-1.1023020552050236
8.599999999999987,143.62799072265625,238.61546325683594,14.889080047607422,-0.211151123046875,1.0,"[0.4604119062423706, 0.0, 0.6667068004608154, 0.9411078095436096]","[0.0, 0.0, -3.1957933970261365e-06, 0.00011933333735214546, -0.04375659301877022, 1.0, 0.016333334147930145, -3.1957933970261365e-06, 0.0, 0.0, 1.0172526572205243e-06, -0.016214000061154366, 0.0, 0.0]","[0.0, 0.0, 1.0, 0.5350829362869263, 0.0, 0.7490156888961792, 0.35403507947921753, 0.8960561156272888]",-1.3764969185478502
8.649999999999988,144.31385803222656,238.9102325439453,15.033089637756348,-0.207733154296875,1.0,"[0.4509614109992981, 0.0, 0.6666356325149536, 0.9467526078224182]","[0.0, 0.0, -3.1957933970261365e-06, 0.00011933333735214546, -0.04375659301877022, 1.0, 0.016333334147930145, -3.1957933970261365e-06, 0.0, 0.0, 1.0172526572205243e-06, -0.016214000061154366, 0.0, 0.0]","[0.0, 0.0, 1.0, 0.5350829362869263, 0.0, 0.7490156888961792, 0.35403507947921753, 0.8960561156272888]",-1.4608991998859682
8.699999999999989,145.019287109375,239.17596435546875,15.179869651794434,-0.196868896484375,1.0,"[0.44132906198501587, 0.0, 0.6708088517189026, 0.9505770802497864]","[0.0, 0.0, -3.1957933970261365e-06, 0.00011933333735214546, -0.04375659301877022, 1.0, 0.016333334147930145, -3.1957933970261365e-06, 0.0, 0.0, 1.0172526572205243e-06, -0.016214000061154366, 0.0, 0.0]","[0.0, 0.0, 1.0, 0.5350829362869263, 0.0, 0.7490156888961792, 0.35403507947921753, 0.8960561156272888]",-1.8305046331193893
8.74999999999999,145.74305725097656,239.4126739501953,15.33452033996582,-0.1771240234375,1.0,"[0.43118011951446533, 0.0, 0.6788773536682129, 0.946450412273407]","[0.0, 0.0, -3.1957933970261365e-06, 0.00011933333735214546, -0.04375659301877022, 1.0, 0.016333334147930145, -3.1957933970261365e-06, 0.0, 0.0, 1.0172526572205243e-06, -0.016214000061154366, 0.0, 0.0]","[0.0, 0.0, 1.0, 0.5350829362869263, 0.0, 0.7490156888961792, 0.35403507947921753, 0.8960561156272888]",-2.234767996194406
8.79999999999999,146.4840545654297,239.62095642089844,15.499259948730469,-0.151580810546875,1.0,"[0.42036914825439453, 0.0, 0.6881687641143799, 0.9361991882324219]","[0.0, 0.0, -3.1957933970261365e-06, 0.00011933333735214546, -0.04375659301877022, 1.0, 0.016333334147930145, -3.1957933970261365e-06, 0.0, 0.0, 1.0172526572205243e-06, -0.016214000061154366, 0.0, 0.0]","[0.0, 0.0, 1.0, 0.5350829362869263, 0.0, 0.7490156888961792, 0.35403507947921753, 0.8960561156272888]",-2.6625076155292966
8.84999999999999,147.24118041992188,239.8018035888672,15.670869827270508,-0.126190185546875,0.96875,"[0.4091073274612427, 0.1527000069618225, 0.693851888179779, 0.9311837553977966]","[0.0, 0.0, -3.1957933970261365e-06, 0.00011933333735214546, -0.04375659301877022, 1.0, 0.016333334147930145, -3.1957933970261365e-06, 0.0, 0.0, 1.0172526572205243e-06, -0.016214000061154366, 0.0, 0.0]","[0.0, 0.0, 1.0, 0.5350829362869263, 0.0, 0.7490156888961792, 0.35403507947921753, 0.8960561156272888]",-2.7806362406307077
8.899999999999991,148.0131378173828,239.9564208984375,15.841520309448242,-0.10150146484375,0.8828125,"[0.3979085087776184, 0.5814999938011169, 0.6798879504203796, 0.9233118891716003]","[0.0, 0.0, -3.1957933970261365e-06, 0.00011933333735214546, -0.04375659301877022, 1.0, 0.016333334147930145, -3.1957933970261365e-06, 0.0, 0.0, 1.0172526572205243e-06, -0.016214000061154366, 0.0, 0.0]","[0.0, 0.0, 1.0, 0.5350829362869263, 0.0, 0.7490156888961792, 0.35403507947921753, 0.8960561156272888]",-3.2132375590449707
8.949999999999992,148.79824829101562,240.0861053466797,16.002389907836914,-0.0809326171875,0.828125,"[0.38735151290893555, 0.8654999732971191, 0.6324352025985718, 0.9184279441833496]","[0.0, 0.0, -3.1957933970261365e-06, 0.00011933333735214546, -0.04375659301877022, 1.0, 0.016333334147930145, -3.1957933970261365e-06, 0.0, 0.0, 1.0172526572205243e-06, -0.016214000061154366, 0.0, 0.0]","[0.0, 0.0, 1.0, 0.5350829362869263, 0.0, 0.7490156888961792, 0.35403507947921753, 0.8960561156272888]",-3.6547315647569985
8.999999999999993,149.59478759765625,240.19210815429688,16.14933967590332,-0.06890869140625,0.7890625,"[0.3777080178260803, 1.0, 0.5907323360443115, 0.9267796874046326]","[0.0, 0.0, -3.1957933970261365e-06, 0.00011933333735214546, -0.04375659301877022, 1.0, 0.016333334147930145, -3.1957933970261365e-06, 0.0, 0.0, 1.0172526572205243e-06, -0.016214000061154366, 0.0, 0.0]","[0.0, 0.0, 1.0, 0.5350829362869263, 0.0, 0.7490156888961792, 0.35403507947921753, 0.8960561156272888]",-4.101449548518234
9.049999999999994,150.40109252929688,240.2758026123047,16.284740447998047,-0.059967041015625,0.77734375,"[0.3688223958015442, 1.0, 0.5471498966217041, 0.9304162263870239]","[0.0, 0.0, -3.1957933970261365e-06, 0.00011933333735214546, -0.04375659301877022, 1.0, 0.016333334147930145, -3.1957933970261365e-06, 0.0, 0.0, 1.0172526572205243e-06, -0.016214000061154366, 0.0, 0.0]","[0.0, 0.0, 1.0, 0.5350829362869263, 0.0, 0.7490156888961792, 0.35403507947921753, 0.8960561156272888]",-4.179817198173127
9.099999999999994,151.21595764160156,240.3387908935547,16.412490844726562,-0.053741455078125,0.77734375,"[0.36043888330459595, 1.0, 0.5067155957221985, 0.937018096446991]","[0.0, 0.0, -3.1957933970261365e-06, 0.00011933333735214546, -0.04375659301877022, 1.0, 0.016333334147930145, -3.1957933970261365e-06, 0.0, 0.0, 1.0172526572205243e-06, -0.016214000061154366, 0.0, 0.0]","[0.0, 0.0, 1.0, 0.5350829362869263, 0.0, 0.7490156888961792, 0.35403507947921753, 0.8960561156272888]",-4.62810709073582
9.149999999999995,152.03842163085938,240.38294982910156,16.536489486694336,-0.04736328125,0.77734375,"[0.3523014783859253, 1.0, 0.46566545963287354, 0.9378628134727478]","[0.0, 0.0, -3.1957933970261365e-06, 0.00011933333735214546, -0.04375659301877022, 1.0, 0.016333334147930145, -3.1957933970261365e-06, 0.0, 0.0, 1.0172526572205243e-06, -0.016214000061154366, 0.0, 0.0]","[0.0, 0.0, 1.0, 0.5350829362869263, 0.0, 0.7490156888961792, 0.35403507947921753, 0.8960561156272888]",-5.083716422455795
9.199999999999996,152.86790466308594,240.41026306152344,16.660829544067383,-0.0401611328125,0.8046875,"[0.34414178133010864, 1.0, 0.4257631003856659, 0.9379203915596008]","[0.0, 0.0, -3.1957933970261365e-06, 0.00011933333735214546, -0.04375659301877022, 1.0, 0.016333334147930145, -3.1957933970261365e-06, 0.0, 0.0, 1.0172526572205243e-06, -0.016214000061154366, 0.0, 0.0]","[0.0, 0.0, 1.0, 0.5350829362869263, 0.0, 0.7490156888961792, 0.35403507947921753, 0.8960561156272888]",-5.54536239283962
9.249999999999996,153.70423889160156,240.42303466796875,16.78969955444336,-0.03057861328125,0.82421875,"[0.33568471670150757, 0.9516000151634216, 0.38453972339630127, 0.931850254535675]","[0.0, 0.0, -3.1957933970261365e-06, 0.00011933333735214546, -0.04375659301877022, 1.0, 0.016333334147930145, -3.1957933970261365e-06, 0.0, 0.0, 1.0172526572205243e-06, -0.016214000061154366, 0.0, 0.0]","[0.0, 0.0, 1.0, 0.5350829362869263, 0.0, 0.7490156888961792, 0.35403507947921753, 0.8960561156272888]",-5.632173992192774
9.299999999999997,154.54739379882812,240.4236297607422,16.924680709838867,-0.020111083984375,0.84375,"[0.32682669162750244, 0.8562999963760376, 0.3374338150024414, 0.928829550743103]","[0.0, 0.0, -3.1957933970261365e-06, 0.00011933333735214546, -0.04375659301877022, 1.0, 0.016333334147930145, -3.1957933970261365e-06, 0.0, 0.0, 1.0172526572205243e-06, -0.016214000061154366, 0.0, 0.0]","[0.0, 0.0, 1.0, 0.5350829362869263, 0.0, 0.7490156888961792, 0.35403507947921753, 0.8960561156272888]",-6.097063372067271
9.349999999999998,155.39759826660156,240.41441345214844,17.066619873046875,-0.008758544921875,0.86328125,"[0.31751197576522827, 0.7584999799728394, 0.28892043232917786, 0.9245403409004211]","[0.0, 0.0, -3.1957933970261365e-06, 0.00011933333735214546, -0.04375659301877022, 1.0, 0.016333334147930145, -3.1957933970261365e-06, 0.0, 0.0, 1.0172526572205243e-06, -0.016214000061154366, 0.0, 0.0]","[0.0, 0.0, 1.0, 0.5350829362869263, 0.0, 0.7490156888961792, 0.35403507947921753, 0.8960561156272888]",-6.565418108263679
9.399999999999999,156.255126953125,240.39773559570312,17.215450286865234,0.001312255859375,0.87890625,"[0.307745099067688, 0.6796000003814697, 0.24422812461853027, 0.9267674684524536]","[0.0, 0.0, -3.1957933970261365e-06, 0.00011933333735214546, -0.04375659301877022, 1.0, 0.016333334147930145, -3.1957933970261365e-06, 0.0, 0.0, 1.0172526572205243e-06, -0.016214000061154366, 0.0, 0.0]","[0.0, 0.0, 1.0, 0.5350829362869263, 0.0, 0.7490156888961792, 0.35403507947921753, 0.8960561156272888]",-7.0379247349298595
9.45,157.1202392578125,240.37530517578125,17.370540618896484,0.00604248046875,0.890625,"[0.29756736755371094, 0.620199978351593, 0.2150668054819107, 0.9419190287590027]","[0.0, 0.0, -3.1957933970261365e-06, 0.00011933333735214546, -0.04375659301877022, 1.0, 0.016333334147930145, -3.1957933970261365e-06, 0.0, 0.0, 1.0172526572205243e-06, -0.016214000061154366, 0.0, 0.0]","[0.0, 0.0, 1.0, 0.5350829362869263, 0.0, 0.7490156888961792, 0.35403507947921753, 0.8960561156272888]",-7.12091566819066
9.5,157.9932098388672,240.34837341308594,17.53097915649414,0.005706787109375,0.89453125,"[0.2870386838912964, 0.6037999987602234, 0.19937846064567566, 0.9556512832641602]","[0.0, 0.0, -3.1957933970261365e-06, 0.00011933333735214546, -0.04375659301877022, 1.0, 0.016333334147930145, -3.1957933970261365e-06, 0.0, 0.0, 1.0172526572205243e-06, -0.016214000061154366, 0.0, 0.0]","[0.0, 0.0, 1.0, 0.5350829362869263, 0.0, 0.7490156888961792, 0.35403507947921753, 0.8960561156272888]",-7.599652678497945
9.55,158.87420654296875,240.3175506591797,17.69525909423828,0.000518798828125,0.89453125,"[0.27625787258148193, 0.6093000173568726, 0.19760219752788544, 0.9702297449111938]","[0.0, 0.0, -3.1957933970261365e-06, 0.00011933333735214546, -0.04375659301877022, 1.0, 0.016333334147930145, -3.1957933970261365e-06, 0.0, 0.0, 1.0172526572205243e-06, -0.016214000061154366, 0.0, 0.0]","[0.0, 0.0, 1.0, 0.5350829362869263, 0.0, 0.7490156888961792, 0.35403507947921753, 0.8960561156272888]",-8.07424891140115
9.600000000000001,159.7633056640625,240.2830352783203,17.859439849853516,-0.006500244140625,0.85546875,"[0.2654836177825928, 0.8427000045776367, 0.20021142065525055, 0.9741672873497009]","[0.0, 0.0, -3.1957933970261365e-06, 0.00011933333735214546, -0.04375659301877022, 1.0, 0.016333334147930145, -3.1957933970261365e-06, 0.0, 0.0, 1.0172526572205243e-06, -0.016214000061154366, 0.0, 0.0]","[0.0, 0.0, 1.0, 0.5350829362869263, 0.0, 0.7490156888961792, 0.35403507947921753, 0.8960561156272888]",-8.544762224495967
9.650000000000002,160.66029357910156,240.2449188232422,18.018230438232422,-0.012542724609375,0.8203125,"[0.2550630569458008, 1.0, 0.19991163909435272, 0.9680967330932617]","[0.0, 0.0, -3.1957933970261365e-06, 0.00011933333735214546, -0.04375659301877022, 1.0, 0.016333334147930145, -3.1957933970261365e-06, 0.0, 0.0, 1.0172526572205243e-06, -0.016214000061154366, 0.0, 0.0]","[0.0, 0.0, 1.0, 0.5350829362869263, 0.0, 0.7490156888961792, 0.35403507947921753, 0.8960561156272888]",-8.602776154326493
9.700000000000003,161.56472778320312,240.2032012939453,18.166900634765625,-0.0167236328125,0.76171875,"[0.24530667066574097, 1.0, 0.1960294544696808, 0.9638131260871887]","[0.0, 0.0, -3.1957933970261365e-06, 0.00011933333735214546, -0.04375659301877022, 1.0, 0.016333334147930145, -3.1957933970261365e-06, 0.0, 0.0, 1.0172526572205243e-06, -0.016214000061154366, 0.0, 0.0]","[0.0, 0.0, 1.0, 0.5350829362869263, 0.0, 0.7490156888961792, 0.35403507947921753, 0.8960561156272888]",-9.086205711529468
9.750000000000004,162.4759521484375,240.15771484375,18.30147933959961,-0.01959228515625,0.71875,"[0.23647499084472656, 1.0, 0.1905789077281952, 0.9608809351921082]","[0.0, 0.0, -3.1957933970261365e-06, 0.00011933333735214546, -0.04375659301877022, 1.0, 0.016333334147930145, -3.1957933970261365e-06, 0.0, 0.0, 1.0172526572205243e-06, -0.016214000061154366, 0.0, 0.0]","[0.0, 0.0, 1.0, 0.5350829362869263, 0.0, 0.7490156888961792, 0.35403507947921753, 0.8960561156272888]",-9.57612664517068
9.800000000000004,163.3931884765625,240.1082000732422,18.420360565185547,-0.021148681640625,0.671875,"[0.22867345809936523, 1.0, 0.18401142954826355, 0.9615119099617004]","[0.0, 0.0, -3.1957933970261365e-06, 0.00011933333735214546, -0.04375659301877022, 1.0, 0.016333334147930145, -3.1957933970261365e-06, 0.0, 0.0, 1.0172526572205243e-06, -0.016214000061154366, 0.0, 0.0]","[0.0, 0.0, 1.0, 0.5350829362869263, 0.0, 0.7490156888961792, 0.35403507947921753, 0.8960561156272888]",-10.072652934790675
9.850000000000005,164.31565856933594,240.05435180664062,18.524049758911133,-0.021575927734375,0.65234375,"[0.22186893224716187, 1.0, 0.1772061437368393, 0.9649113416671753]","[0.0, 0.0, -3.1957933970261365e-06, 0.00011933333735214546, -0.04375659301877022, 1.0, 0.016333334147930145, -3.1957933970261365e-06, 0.0, 0.0, 1.0172526572205243e-06, -0.016214000061154366, 0.0, 0.0]","[0.0, 0.0, 1.0, 0.5350829362869263, 0.0, 0.7490156888961792, 0.35403507947921753, 0.8960561156272888]",-10.1432053139762
9.900000000000006,165.2425994873047,239.99591064453125,18.615190505981445,-0.021575927734375,0.63671875,"[0.21588784456253052, 1.0, 0.17277362942695618, 0.9698611497879028]","[0.0, 0.0, -3.1957933970261365e-06, 0.00011933333735214546, -0.04375659301877022, 1.0, 0.016333334147930145, -3.1957933970261365e-06, 0.0, 0.0, 1.0172526572205243e-06, -0.016214000061154366, 0.0, 0.0]","[0.0, 0.0, 1.0, 0.5350829362869263, 0.0, 0.7490156888961792, 0.35403507947921753, 0.8960561156272888]",-10.640808031634158
9.950000000000006,166.1734161376953,239.93258666992188,18.695350646972656,-0.021148681640625,0.61328125,"[0.21062737703323364, 1.0, 0.16853362321853638, 0.9738567471504211]","[0.0, 0.0, -3.1957933970261365e-06, 0.00011933333735214546, -0.04375659301877022, 1.0, 0.016333334147930145, -3.1957933970261365e-06, 0.0, 0.0, 1.0172526572205243e-06, -0.016214000061154366, 0.0, 0.0]","[0.0, 0.0, 1.0, 0.5350829362869263, 0.0, 0.7490156888961792, 0.35403507947921753, 0.8960561156272888]",-11.135326480416312
10.000000000000007,167.10752868652344,239.8643035888672,18.763999938964844,-0.018524169921875,0.5703125,"[0.2061222791671753, 1.0, 0.15643472969532013, 0.976004421710968]","[0.0, 0.0, -3.1957933970261365e-06, 0.00011933333735214546, -0.04375659301877022, 1.0, 0.016333334147930145, -3.1957933970261365e-06, 0.0, 0.0, 1.0172526572205243e-06, -0.016214000061154366, 0.0, 0.0]","[0.0, 0.0, 1.0, 0.5350829362869263, 0.0, 0.7490156888961792, 0.35403507947921753, 0.8960561156272888]",-11.62857393807224
10.050000000000008,168.0443878173828,239.79159545898438,18.818300247192383,-0.012542724609375,0.5078125,"[0.20255887508392334, 1.0, 0.13055163621902466, 0.9687111377716064]","[0.0, 0.0, -3.1957933970261365e-06, 0.00011933333735214546, -0.04375659301877022, 1.0, 0.016333334147930145, -3.1957933970261365e-06, 0.0, 0.0, 1.0172526572205243e-06, -0.016214000061154366, 0.0, 0.0]","[0.0, 0.0, 1.0, 0.5350829362869263, 0.0, 0.7490156888961792, 0.35403507947921753, 0.8960561156272888]",-11.649304493668708
10.100000000000009,168.98313903808594,239.7153778076172,18.85494041442871,-0.0037841796875,0.444427490234375,"[0.2001543641090393, 1.0, 0.09132703393697739, 0.9596788883209229]","[0.0, 0.0, -3.1957933970261365e-06, 0.00011933333735214546, -0.04375659301877022, 1.0, 0.016333334147930145, -3.1957933970261365e-06, 0.0, 0.0, 1.0172526572205243e-06, -0.016214000061154366, 0.0, 0.0]","[0.0, 0.0, 1.0, 0.5350829362869263, 0.0, 0.7490156888961792, 0.35403507947921753, 0.8960561156272888]",-12.113214360882703
10.15000000000001,169.92294311523438,239.6371612548828,18.872880935668945,0.008331298828125,0.400787353515625,"[0.1989770531654358, 1.0, 0.03723032772541046, 0.9488139152526855]","[0.0, 0.0, -3.1957933970261365e-06, 0.00011933333735214546, -0.04375659301877022, 1.0, 0.016333334147930145, -3.1957933970261365e-06, 0.0, 0.0, 1.0172526572205243e-06, -0.016214000061154366, 0.0, 0.0]","[0.0, 0.0, 1.0, 0.5350829362869263, 0.0, 0.7490156888961792, 0.35403507947921753, 0.8960561156272888]",-12.562684640490716
10.20000000000001,170.86312866210938,239.55880737304688,18.872190475463867,0.021514892578125,0.3491973876953125,"[0.1990223526954651, 1.0, 0.020047824829816818, 0.9448878169059753]","[0.0, 0.0, -3.1957933970261365e-06, 0.00011933333735214546, -0.04375659301877022, 1.0, 0.016333334147930145, -3.1957933970261365e-06, 0.0, 0.0, 1.0172526572205243e-06, -0.016214000061154366, 0.0, 0.0]","[0.0, 0.0, 1.0, 0.5350829362869263, 0.0, 0.7490156888961792, 0.35403507947921753, 0.8960561156272888]",-12.994264865526386
10.25000000000001,171.80284118652344,239.48114013671875,18.85689926147461,0.0352783203125,0.3015899658203125,"[0.20002585649490356, 1.0, 0.04383120685815811, 0.9751691222190857]","[0.0, 0.0, -3.1957933970261365e-06, 0.00011933333735214546, -0.04375659301877022, 1.0, 0.016333334147930145, -3.1957933970261365e-06, 0.0, 0.0, 1.0172526572205243e-06, -0.016214000061154366, 0.0, 0.0]","[0.0, 0.0, 1.0, 0.5350829362869263, 0.0, 0.7490156888961792, 0.35403507947921753, 0.8960561156272888]",-12.930776829811327
10.300000000000011,172.7416229248047,239.4078826904297,18.823789596557617,0.050262451171875,0.2738037109375,"[0.20219862461090088, 1.0, 0.16270196437835693, 0.8814070820808411]","[0.0, 0.0, -3.1957933970261365e-06, 0.00011933333735214546, -0.04375659301877022, 1.0, 0.016333334147930145, -3.1957933970261365e-06, 0.0, 0.0, 1.0172526572205243e-06, -0.016214000061154366, 0.0, 0.0]","[0.0, 0.0, 1.0, 0.5350829362869263, 0.0, 0.7490156888961792, 0.35403507947921753, 0.8960561156272888]",-13.361848310686362
10.350000000000012,173.6787109375,239.3424530029297,18.771419525146484,0.0687255859375,0.23809814453125,"[0.2056354284286499, 1.0, 0.24418328702449799, 0.9168782830238342]","[0.0, 0.0, -3.1957933970261365e-06, 0.00011933333735214546, -0.04375659301877022, 1.0, 0.016333334147930145, -3.1957933970261365e-06, 0.0, 0.0, 1.0172526572205243e-06, -0.016214000061154366, 0.0, 0.0]","[0.0, 0.0, 1.0, 0.5350829362869263, 0.0, 0.7490156888961792, 0.35403507947921753, 0.8960561156272888]",-13.74056232042753
10.400000000000013,174.61328125,239.2880096435547,18.70107078552246,0.087738037109375,0.22222900390625,"[0.210252046585083, 1.0, 0.3188927173614502, 0.907951295375824]","[0.0, 0.0, -3.1957933970261365e-06, 0.00011933333735214546, -0.04375659301877022, 1.0, 0.016333334147930145, -3.1957933970261365e-06, 0.0, 0.0, 1.0172526572205243e-06, -0.016214000061154366, 0.0, 0.0]","[0.0, 0.0, 1.0, 0.5350829362869263, 0.0, 0.7490156888961792, 0.35403507947921753, 0.8960561156272888]",-14.07673553988213
10.450000000000014,175.54449462890625,239.24801635742188,18.6140193939209,0.107666015625,0.2103271484375,"[0.21596473455429077, 1.0, 0.3965182304382324, 0.9015057682991028]","[0.0, 0.0, -3.1957933970261365e-06, 0.00011933333735214546, -0.04375659301877022, 1.0, 0.016333334147930145, -3.1957933970261365e-06, 0.0, 0.0, 1.0172526572205243e-06, -0.016214000061154366, 0.0, 0.0]","[0.0, 0.0, 1.0, 0.5350829362869263, 0.0, 0.7490156888961792, 0.35403507947921753, 0.8960561156272888]",-13.737033353189286
10.500000000000014,176.4713592529297,239.2263641357422,18.509620666503906,0.13043212890625,0.2023773193359375,"[0.22281581163406372, 1.0, 0.48031166195869446, 0.89178866147995]","[0.0, 0.0, -3.1957933970261365e-06, 0.00011933333735214546, -0.04375659301877022, 1.0, 0.016333334147930145, -3.1957933970261365e-06, 0.0, 0.0, 1.0172526572205243e-06, -0.016214000061154366, 0.0, 0.0]","[0.0, 0.0, 1.0, 0.5350829362869263, 0.0, 0.7490156888961792, 0.35403507947921753, 0.8960561156272888]",-14.03859803684705
10.550000000000015,177.39260864257812,239.2266387939453,18.388900756835938,0.151641845703125,0.2023773193359375,"[0.23073798418045044, 1.0, 0.5574751496315002, 0.8951139450073242]","[0.0, 0.0, -3.1957933970261365e-06, 0.00011933333735214546, -0.04375659301877022, 1.0, 0.016333334147930145, -3.1957933970261365e-06, 0.0, 0.0, 1.0172526572205243e-06, -0.016214000061154366, 0.0, 0.0]","[0.0, 0.0, 1.0, 0.5350829362869263, 0.0, 0.7490156888961792, 0.35403507947921753, 0.8960561156272888]",-14.339374523554758
10.600000000000016,178.30677795410156,239.25245666503906,18.25065040588379,0.1746826171875,0.2023773193359375,"[0.23981058597564697, 1.0, 0.6238166689872742, 0.8898659348487854]","[0.0, 0.0, -3.1957933970261365e-06, 0.00011933333735214546, -0.04375659301877022, 1.0, 0.016333334147930145, -3.1957933970261365e-06, 0.0, 0.0, 1.0172526572205243e-06, -0.016214000061154366, 0.0, 0.0]","[0.0, 0.0, 1.0, 0.5350829362869263, 0.0, 0.7490156888961792, 0.35403507947921753, 0.8960561156272888]",-14.63812438695795
10.650000000000016,179.2119903564453,239.30728149414062,18.094070434570312,0.1976318359375,0.2023773193359375,"[0.25008606910705566, 1.0, 0.6333582401275635, 0.8899145126342773]","[0.0, 0.0, -3.1957933970261365e-06, 0.00011933333735214546, -0.04375659301877022, 1.0, 0.016333334147930145, -3.1957933970261365e-06, 0.0, 0.0, 1.0172526572205243e-06, -0.016214000061154366, 0.0, 0.0]","[0.0, 0.0, 1.0, 0.5350829362869263, 0.0, 0.7490156888961792, 0.35403507947921753, 0.8960561156272888]",-14.203310871239257
10.700000000000017,180.10597229003906,239.39414978027344,17.917619705200195,0.221099853515625,0.2023773193359375,"[0.26166558265686035, 1.0, 0.6428514719009399, 0.8882097005844116]","[0.0, 0.0, -3.1957933970261365e-06, 0.00011933333735214546, -0.04375659301877022, 1.0, 0.016333334147930145, -3.1957933970261365e-06, 0.0, 0.0, 1.0172526572205243e-06, -0.016214000061154366, 0.0, 0.0]","[0.0, 0.0, 1.0, 0.5350829362869263, 0.0, 0.7490156888961792, 0.35403507947921753, 0.8960561156272888]",-14.478863344145132
10.750000000000018,180.98614501953125,239.51565551757812,17.721689224243164,0.24212646484375,0.2023773193359375,"[0.27452337741851807, 1.0, 0.6508879065513611, 0.891466498374939]","[0.0, 0.0, -3.1957933970261365e-06, 0.00011933333735214546, -0.04375659301877022, 1.0, 0.016333334147930145, -3.1957933970261365e-06, 0.0, 0.0, 1.0172526572205243e-06, -0.016214000061154366, 0.0, 0.0]","[0.0, 0.0, 1.0, 0.5350829362869263, 0.0, 0.7490156888961792, 0.35403507947921753, 0.8960561156272888]",-14.878002877164683
10.800000000000018,181.84962463378906,239.67385864257812,17.50564956665039,0.262237548828125,0.2023773193359375,"[0.2887009382247925, 1.0, 0.6583806872367859, 0.8906919360160828]","[0.0, 0.0, -3.1957933970261365e-06, 0.00011933333735214546, -0.04375659301877022, 1.0, 0.016333334147930145, -3.1957933970261365e-06, 0.0, 0.0, 1.0172526572205243e-06, -0.016214000061154366, 0.0, 0.0]","[0.0, 0.0, 1.0, 0.5350829362869263, 0.0, 0.7490156888961792, 0.35403507947921753, 0.8960561156272888]",-15.220297023746795
10.85000000000002,182.693115234375,239.87030029296875,17.268400192260742,0.282470703125,0.2023773193359375,"[0.30427026748657227, 1.0, 0.6659331917762756, 0.8877614736557007]","[0.0, 0.0, -3.1957933970261365e-06, 0.00011933333735214546, -0.04375659301877022, 1.0, 0.016333334147930145, -3.1957933970261365e-06, 0.0, 0.0, 1.0172526572205243e-06, -0.016214000061154366, 0.0, 0.0]","[0.0, 0.0, 1.0, 0.5350829362869263, 0.0, 0.7490156888961792, 0.35403507947921753, 0.8960561156272888]",-15.044802399319348
10.90000000000002,183.51324462890625,240.1058349609375,17.010480880737305,0.301025390625,0.2023773193359375,"[0.3211960792541504, 1.0, 0.6725600361824036, 0.8877837657928467]","[0.0, 0.0, -3.1957933970261365e-06, 0.00011933333735214546, -0.04375659301877022, 1.0, 0.016333334147930145, -3.1957933970261365e-06, 0.0, 0.0, 1.0172526572205243e-06, -0.016214000061154366, 0.0, 0.0]","[0.0, 0.0, 1.0, 0.5350829362869263, 0.0, 0.7490156888961792, 0.35403507947921753, 0.8960561156272888]",-15.320993000380806
10.95000000000002,184.3063507080078,240.3807373046875,16.731430053710938,0.31982421875,0.2023773193359375,"[0.33950865268707275, 1.0, 0.6792844533920288, 0.8864731192588806]","[0.0, 0.0, -3.1957933970261365e-06, 0.00011933333735214546, -0.04375659301877022, 1.0, 0.016333334147930145, -3.1957933970261365e-06, 0.0, 0.0, 1.0172526572205243e-06, -0.016214000061154366, 0.0, 0.0]","[0.0, 0.0, 1.0, 0.5350829362869263, 0.0, 0.7490156888961792, 0.35403507947921753, 0.8960561156272888]",-15.58434533181656
11.000000000000021,185.06874084472656,240.6946563720703,16.43255043029785,0.336700439453125,0.2023773193359375,"[0.35912245512008667, 1.0, 0.6850404739379883, 0.8869016766548157]","[0.0, 0.0, -3.1957933970261365e-06, 0.00011933333735214546, -0.04375659301877022, 1.0, 0.016333334147930145, -3.1957933970261365e-06, 0.0, 0.0, 1.0172526572205243e-06, -0.016214000061154366, 0.0, 0.0]","[0.0, 0.0, 1.0, 0.5350829362869263, 0.0, 0.7490156888961792, 0.35403507947921753, 0.8960561156272888]",-15.82793347380101
11.050000000000022,185.79684448242188,241.0465545654297,16.115190505981445,0.35186767578125,0.2023773193359375,"[0.37994903326034546, 1.0, 0.6900466084480286, 0.8865155577659607]","[0.0, 0.0, -3.1957933970261365e-06, 0.00011933333735214546, -0.04375659301877022, 1.0, 0.016333334147930145, -3.1957933970261365e-06, 0.0, 0.0, 1.0172526572205243e-06, -0.016214000061154366, 0.0, 0.0]","[0.0, 0.0, 1.0, 0.5350829362869263, 0.0, 0.7490156888961792, 0.35403507947921753, 0.8960561156272888]",-15.519042014096076
11.100000000000023,186.48757934570312,241.4344940185547,15.789420127868652,0.360687255859375,0.234130859375,"[0.40132761001586914, 1.0, 0.6890743374824524, 0.8887936472892761]","[0.0, 0.0, -3.1957933970261365e-06, 0.00011933333735214546, -0.04375659301877022, 1.0, 0.016333334147930145, -3.1957933970261365e-06, 0.0, 0.0, 1.0172526572205243e-06, -0.016214000061154366, 0.0, 0.0]","[0.0, 0.0, 1.0, 0.5350829362869263, 0.0, 0.7490156888961792, 0.35403507947921753, 0.8960561156272888]",-15.685254128241326
11.150000000000023,187.14418029785156,241.85081481933594,15.470919609069824,0.362457275390625,0.25,"[0.4222290515899658, 1.0, 0.677716076374054, 0.8420412540435791]","[0.0, 0.0, -3.1957933970261365e-06, 0.00011933333735214546, -0.04375659301877022, 1.0, 0.016333334147930145, -3.1957933970261365e-06, 0.0, 0.0, 1.0172526572205243e-06, -0.016214000061154366, 0.0, 0.0]","[0.0, 0.0, 1.0, 0.5350829362869263, 0.0, 0.7490156888961792, 0.35403507947921753, 0.8960561156272888]",-15.769237075443172
11.200000000000024,187.75865173339844,242.29861450195312,15.107999801635742,0.360687255859375,0.27777099609375,"[0.4460453987121582, 1.0, 0.6798052787780762, 0.7841747999191284]","[0.0, 0.0, -3.1957933970261365e-06, 0.00011933333735214546, -0.04375659301877022, 1.0, 0.016333334147930145, -3.1957933970261365e-06, 0.0, 0.0, 1.0172526572205243e-06, -0.016214000061154366, 0.0, 0.0]","[0.0, 0.0, 1.0, 0.5350829362869263, 0.0, 0.7490156888961792, 0.35403507947921753, 0.8960561156272888]",-15.788112694128884
11.250000000000025,188.3251495361328,242.77859497070312,14.784159660339355,0.3570556640625,0.3015899658203125,"[0.4672973155975342, 1.0, 0.6500804424285889, 0.8414120078086853]","[0.0, 0.0, -3.1957933970261365e-06, 0.00011933333735214546, -0.04375659301877022, 1.0, 0.016333334147930145, -3.1957933970261365e-06, 0.0, 0.0, 1.0172526572205243e-06, -0.016214000061154366, 0.0, 0.0]","[0.0, 0.0, 1.0, 0.5350829362869263, 0.0, 0.7490156888961792, 0.35403507947921753, 0.8960561156272888]",-15.118168733199457
11.300000000000026,188.85232543945312,243.28094482421875,14.47169017791748,0.3526611328125,0.3174591064453125,"[0.4878029227256775, 1.0, 0.642520010471344, 0.8706347346305847]","[0.0, 0.0, -3.1957933970261365e-06, 0.00011933333735214546, -0.04375659301877022, 1.0, 0.016333334147930145, -3.1957933970261365e-06, 0.0, 0.0, 1.0172526572205243e-06, -0.016214000061154366, 0.0, 0.0]","[0.0, 0.0, 1.0, 0.5350829362869263, 0.0, 0.7490156888961792, 0.35403507947921753, 0.8960561156272888]",-15.078246977879662
11.350000000000026,189.32861328125,243.80905151367188,14.17035961151123,0.34942626953125,0.380950927734375,"[0.5075775980949402, 1.0, 0.6273807287216187, 0.8875306248664856]","[0.0, 0.0, -3.1957933970261365e-06, 0.00011933333735214546, -0.04375659301877022, 1.0, 0.016333334147930145, -3.1957933970261365e-06, 0.0, 0.0, 1.0172526572205243e-06, -0.016214000061154366, 0.0, 0.0]","[0.0, 0.0, 1.0, 0.5350829362869263, 0.0, 0.7490156888961792, 0.35403507947921753, 0.8960561156272888]",-15.010186732377917
11.400000000000027,189.75656127929688,244.3579559326172,13.84335994720459,0.34783935546875,0.432525634765625,"[0.5290367603302002, 1.0, 0.6521666049957275, 0.8609508872032166]","[0.0, 0.0, -3.1957933970261365e-06, 0.00011933333735214546, -0.04375659301877022, 1.0, 0.016333334147930145, -3.1957933970261365e-06, 0.0, 0.0, 1.0172526572205243e-06, -0.016214000061154366, 0.0, 0.0]","[0.0, 0.0, 1.0, 0.5350829362869263, 0.0, 0.7490156888961792, 0.35403507947921753, 0.8960561156272888]",-14.9232590978672
11.450000000000028,190.13729858398438,244.922607421875,13.544529914855957,0.3470458984375,0.4960174560546875,"[0.5486472845077515, 1.0, 0.6440566778182983, 0.8595350384712219]","[0.0, 0.0, -3.1957933970261365e-06, 0.00011933333735214546, -0.04375659301877022, 1.0, 0.016333334147930145, -3.1957933970261365e-06, 0.0, 0.0, 1.0172526572205243e-06, -0.016214000061154366, 0.0, 0.0]","[0.0, 0.0, 1.0, 0.5350829362869263, 0.0, 0.7490156888961792, 0.35403507947921753, 0.8960561156272888]",-14.185385527880548
11.500000000000028,190.4685516357422,245.50233459472656,13.301619529724121,0.34344482421875,0.546875,"[0.564588189125061, 1.0, 0.6059287786483765, 0.8959322571754456]","[0.0, 0.0, -3.1957933970261365e-06, 0.00011933333735214546, -0.04375659301877022, 1.0, 0.016333334147930145, -3.1957933970261365e-06, 0.0, 0.0, 1.0172526572205243e-06, -0.016214000061154366, 0.0, 0.0]","[0.0, 0.0, 1.0, 0.5350829362869263, 0.0, 0.7490156888961792, 0.35403507947921753, 0.8960561156272888]",-14.07666940982531
11.55000000000003,190.7488555908203,246.09483337402344,13.101249694824219,0.332244873046875,0.59765625,"[0.5777373313903809, 1.0, 0.5871050357818604, 0.8795312643051147]","[0.0, 0.0, -3.1957933970261365e-06, 0.00011933333735214546, -0.04375659301877022, 1.0, 0.016333334147930145, -3.1957933970261365e-06, 0.0, 0.0, 1.0172526572205243e-06, -0.016214000061154366, 0.0, 0.0]","[0.0, 0.0, 1.0, 0.5350829362869263, 0.0, 0.7490156888961792, 0.35403507947921753, 0.8960561156272888]",-13.957202403874962
11.60000000000003,190.9823760986328,246.69650268554688,12.88578987121582,0.31048583984375,0.62890625,"[0.5918768048286438, 1.0, 0.608397364616394, 0.8584251999855042]","[0.0, 0.0, -3.1957933970261365e-06, 0.00011933333735214546, -0.04375659301877022, 1.0, 0.016333334147930145, -3.1957933970261365e-06, 0.0, 0.0, 1.0172526572205243e-06, -0.016214000061154366, 0.0, 0.0]","[0.0, 0.0, 1.0, 0.5350829362869263, 0.0, 0.7490156888961792, 0.35403507947921753, 0.8960561156272888]",-13.835069206746846
11.65000000000003,191.16702270507812,247.30567932128906,12.731599807739258,0.27960205078125,0.65625,"[0.6019954681396484, 1.0, 0.5733433365821838, 0.9077449440956116]","[0.0, 0.0, -3.1957933970261365e-06, 0.00011933333735214546, -0.04375659301877022, 1.0, 0.016333334147930145, -3.1957933970261365e-06, 0.0, 0.0, 1.0172526572205243e-06, -0.016214000061154366, 0.0, 0.0]","[0.0, 0.0, 1.0, 0.5350829362869263, 0.0, 0.7490156888961792, 0.35403507947921753, 0.8960561156272888]",-13.134630038204241
11.700000000000031,191.30789184570312,247.9204559326172,12.645039558410645,0.2401123046875,0.671875,"[0.6076759099960327, 1.0, 0.5327727794647217, 0.872660219669342]","[0.0, 0.0, -3.1957933970261365e-06, 0.00011933333735214546, -0.04375659301877022, 1.0, 0.016333334147930145, -3.1957933970261365e-06, 0.0, 0.0, 1.0172526572205243e-06, -0.016214000061154366, 0.0, 0.0]","[0.0, 0.0, 1.0, 0.5350829362869263, 0.0, 0.7490156888961792, 0.35403507947921753, 0.8960561156272888]",-13.028632258332037
11.750000000000032,191.40655517578125,248.54063415527344,12.619839668273926,0.199859619140625,0.68359375,"[0.6093296408653259, 1.0, 0.5319123268127441, 0.8785429000854492]","[0.0, 0.0, -3.1957933970261365e-06, 0.00011933333735214546, -0.04375659301877022, 1.0, 0.016333334147930145, -3.1957933970261365e-06, 0.0, 0.0, 1.0172526572205243e-06, -0.016214000061154366, 0.0, 0.0]","[0.0, 0.0, 1.0, 0.5350829362869263, 0.0, 0.7490156888961792, 0.35403507947921753, 0.8960561156272888]",-12.952042888918774
11.800000000000033,191.46966552734375,249.1659698486328,12.633689880371094,0.16827392578125,0.70703125,"[0.608420729637146, 1.0, 0.5634149312973022, 0.8974531292915344]","[0.0, 0.0, -3.1957933970261365e-06, 0.00011933333735214546, -0.04375659301877022, 1.0, 0.016333334147930145, -3.1957933970261365e-06, 0.0, 0.0, 1.0172526572205243e-06, -0.016214000061154366, 0.0, 0.0]","[0.0, 0.0, 1.0, 0.5350829362869263, 0.0, 0.7490156888961792, 0.35403507947921753, 0.8960561156272888]",-12.909624078102672
11.850000000000033,191.50013732910156,249.79559326171875,12.671549797058105,0.144866943359375,0.7265625,"[0.6059361696243286, 1.0, 0.5762751698493958, 0.9146074652671814]","[0.0, 0.0, -3.1957933970261365e-06, 0.00011933333735214546, -0.04375659301877022, 1.0, 0.016333334147930145, -3.1957933970261365e-06, 0.0, 0.0, 1.0172526572205243e-06, -0.016214000061154366, 0.0, 0.0]","[0.0, 0.0, 1.0, 0.5350829362869263, 0.0, 0.7490156888961792, 0.35403507947921753, 0.8960561156272888]",-12.4392739060906
11.900000000000034,191.50125122070312,250.4290008544922,12.731510162353516,0.121917724609375,0.74609375,"[0.6020013093948364, 1.0, 0.5830588936805725, 0.9055836200714111]","[0.0, 0.0, -3.1957933970261365e-06, 0.00011933333735214546, -0.04375659301877022, 1.0, 0.016333334147930145, -3.1957933970261365e-06, 0.0, 0.0, 1.0172526572205243e-06, -0.016214000061154366, 0.0, 0.0]","[0.0, 0.0, 1.0, 0.5350829362869263, 0.0, 0.7490156888961792, 0.35403507947921753, 0.8960561156272888]",-12.48903287833319
11.950000000000035,191.4771270751953,251.06605529785156,12.812640190124512,0.092681884765625,0.76171875,"[0.5966771841049194, 0.9678000211715698, 0.5109938979148865, 0.8816049695014954]","[0.0, 0.0, -3.1957933970261365e-06, 0.00011933333735214546, -0.04375659301877022, 1.0, 0.016333334147930145, -3.1957933970261365e-06, 0.0, 0.0, 1.0172526572205243e-06, -0.016214000061154366, 0.0, 0.0]","[0.0, 0.0, 1.0, 0.5350829362869263, 0.0, 0.7490156888961792, 0.35403507947921753, 0.8960561156272888]",-12.583371074738757
12.000000000000036,191.4326934814453,251.70712280273438,12.911789894104004,0.059722900390625,0.78515625,"[0.9861646890640259, 0.8888000249862671, 0.42711687088012695, 0.866091251373291]","[0.0, 0.0, -3.1957933970261365e-06, 0.00011933333735214546, -0.04375659301877022, 1.0, 0.016333334147930145, -3.1957933970261365e-06, 0.0, 0.0, 1.0172526572205243e-06, -0.016214000061154366, 0.0, 0.0]","[0.0, 0.0, 1.0, 0.5350829362869263, 0.0, 0.7490156888961792, 0.35403507947921753, 0.8960561156272888]",-12.709200611515447
12.050000000000036,191.37242126464844,252.3527069091797,13.023599624633789,0.03228759765625,0.81640625,"[0.9898334741592407, 0.7727000117301941, 0.35335779190063477, 0.8790661096572876]","[0.0, 0.0, -3.1957933970261365e-06, 0.00011933333735214546, -0.04375659301877022, 1.0, 0.016333334147930145, -3.1957933970261365e-06, 0.0, 0.0, 1.0172526572205243e-06, -0.016214000061154366, 0.0, 0.0]","[0.0, 0.0, 1.0, 0.5350829362869263, 0.0, 0.7490156888961792, 0.35403507947921753, 0.8960561156272888]",-12.491127279328047
12.100000000000037,191.300537109375,253.0034637451172,13.145970344543457,0.008087158203125,0.83203125,"[0.9938486814498901, 0.7189000248908997, 0.27441227436065674, 0.8828443288803101]","[0.0, 0.0, -3.1957933970261365e-06, 0.00011933333735214546, -0.04375659301877022, 1.0, 0.016333334147930145, -3.1957933970261365e-06, 0.0, 0.0, 1.0172526572205243e-06, -0.016214000061154366, 0.0, 0.0]","[0.0, 0.0, 1.0, 0.5350829362869263, 0.0, 0.7490156888961792, 0.35403507947921753, 0.8960561156272888]",-12.716665864706094
12.150000000000038,191.22097778320312,253.6599884033203,13.275879859924316,-0.01177978515625,0.8515625,"[0.998111367225647, 0.6446999907493591, 0.19661273062229156, 0.8941182494163513]","[0.0, 0.0, -3.1957933970261365e-06, 0.00011933333735214546, -0.04375659301877022, 1.0, 0.016333334147930145, -3.1957933970261365e-06, 0.0, 0.0, 1.0172526572205243e-06, -0.016214000061154366, 0.0, 0.0]","[0.0, 0.0, 1.0, 0.5350829362869263, 0.0, 0.7490156888961792, 0.35403507947921753, 0.8960561156272888]",-12.980188652069808
12.200000000000038,191.136962890625,254.32290649414062,13.412619590759277,-0.025787353515625,0.8671875,"[0.9974019527435303, 0.5837000012397766, 0.14250770211219788, 0.9115248918533325]","[0.0, 0.0, -3.1957933970261365e-06, 0.00011933333735214546, -0.04375659301877022, 1.0, 0.016333334147930145, -3.1957933970261365e-06, 0.0, 0.0, 1.0172526572205243e-06, -0.016214000061154366, 0.0, 0.0]","[0.0, 0.0, 1.0, 0.5350829362869263, 0.0, 0.7490156888961792, 0.35403507947921753, 0.8960561156272888]",-13.2768489958052
12.250000000000039,191.05108642578125,254.9927215576172,13.555100440979004,-0.03399658203125,0.875,"[0.9927268028259277, 0.5548999905586243, 0.15617229044437408, 0.9288378357887268]","[0.0, 0.0, -3.1957933970261365e-06, 0.00011933333735214546, -0.04375659301877022, 1.0, 0.016333334147930145, -3.1957933970261365e-06, 0.0, 0.0, 1.0172526572205243e-06, -0.016214000061154366, 0.0, 0.0]","[0.0, 0.0, 1.0, 0.5350829362869263, 0.0, 0.7490156888961792, 0.35403507947921753, 0.8960561156272888]",-13.292562068743933
12.30000000000004,190.96543884277344,255.66995239257812,13.702619552612305,-0.038787841796875,0.88671875,"[0.9878864288330078, 0.5077000260353088, 0.19703121483325958, 0.9395182728767395]","[0.0, 0.0, -3.1957933970261365e-06, 0.00011933333735214546, -0.04375659301877022, 1.0, 0.016333334147930145, -3.1957933970261365e-06, 0.0, 0.0, 1.0172526572205243e-06, -0.016214000061154366, 0.0, 0.0]","[0.0, 0.0, 1.0, 0.5350829362869263, 0.0, 0.7490156888961792, 0.35403507947921753, 0.8960561156272888]",-13.646443932497204
12.35000000000004,190.8814239501953,256.35491943359375,13.854990005493164,-0.03936767578125,0.89453125,"[0.982886791229248, 0.4772999882698059, 0.22287428379058838, 0.9542253017425537]","[0.0, 0.0, -3.1957933970261365e-06, 0.00011933333735214546, -0.04375659301877022, 1.0, 0.016333334147930145, -3.1957933970261365e-06, 0.0, 0.0, 1.0172526572205243e-06, -0.016214000061154366, 0.0, 0.0]","[0.0, 0.0, 1.0, 0.5350829362869263, 0.0, 0.7490156888961792, 0.35403507947921753, 0.8960561156272888]",-14.017707907688864
12.400000000000041,190.8000946044922,257.0479736328125,14.011380195617676,-0.038726806640625,0.8984375,"[0.9777552485466003, 0.4643000066280365, 0.2422035038471222, 0.9598521590232849]","[0.0, 0.0, -3.1957933970261365e-06, 0.00011933333735214546, -0.04375659301877022, 1.0, 0.016333334147930145, -3.1957933970261365e-06, 0.0, 0.0, 1.0172526572205243e-06, -0.016214000061154366, 0.0, 0.0]","[0.0, 0.0, 1.0, 0.5350829362869263, 0.0, 0.7490156888961792, 0.35403507947921753, 0.8960561156272888]",-14.40090841346324
12.450000000000042,190.7223358154297,257.7492980957031,14.171159744262695,-0.038116455078125,0.90625,"[0.9725125432014465, 0.43299999833106995, 0.2577727437019348, 0.9628866910934448]","[0.0, 0.0, -3.1957933970261365e-06, 0.00011933333735214546, -0.04375659301877022, 1.0, 0.016333334147930145, -3.1957933970261365e-06, 0.0, 0.0, 1.0172526572205243e-06, -0.016214000061154366, 0.0, 0.0]","[0.0, 0.0, 1.0, 0.5350829362869263, 0.0, 0.7490156888961792, 0.35403507947921753, 0.8960561156272888]",-14.443531207186703
12.500000000000043,190.64894104003906,258.4592590332031,14.33467960357666,-0.038116455078125,0.921875,"[0.9671471118927002, 0.3646000027656555, 0.2719208598136902, 0.9639461040496826]","[0.0, 0.0, -3.1957933970261365e-06, 0.00011933333735214546, -0.04375659301877022, 1.0, 0.016333334147930145, -3.1957933970261365e-06, 0.0, 0.0, 1.0172526572205243e-06, -0.016214000061154366, 0.0, 0.0]","[0.0, 0.0, 1.0, 0.5350829362869263, 0.0, 0.7490156888961792, 0.35403507947921753, 0.8960561156272888]",-14.826597271773931
12.550000000000043,190.58045959472656,259.1779479980469,14.503399848937988,-0.03814697265625,0.9453125,"[0.9616110324859619, 0.257999986410141, 0.28430506587028503, 0.9653922319412231]","[0.0, 0.0, -3.1957933970261365e-06, 0.00011933333735214546, -0.04375659301877022, 1.0, 0.016333334147930145, -3.1957933970261365e-06, 0.0, 0.0, 1.0172526572205243e-06, -0.016214000061154366, 0.0, 0.0]","[0.0, 0.0, 1.0, 0.5350829362869263, 0.0, 0.7490156888961792, 0.35403507947921753, 0.8960561156272888]",-15.235014155574643
12.600000000000044,190.5173797607422,259.90582275390625,14.679030418395996,-0.038543701171875,0.97265625,"[0.9558481574058533, 0.13040000200271606, 0.29723164439201355, 0.9640725255012512]","[0.0, 0.0, -3.1957933970261365e-06, 0.00011933333735214546, -0.04375659301877022, 1.0, 0.016333334147930145, -3.1957933970261365e-06, 0.0, 0.0, 1.0172526572205243e-06, -0.016214000061154366, 0.0, 0.0]","[0.0, 0.0, 1.0, 0.5350829362869263, 0.0, 0.7490156888961792, 0.35403507947921753, 0.8960561156272888]",-15.66272518472461
12.650000000000045,190.46002197265625,260.6431579589844,14.863200187683105,-0.03857421875,1.0,"[0.9498051404953003, 0.0, 0.3090439736843109, 0.9634775519371033]","[0.0, 0.0, -3.1957933970261365e-06, 0.00011933333735214546, -0.04375659301877022, 1.0, 0.016333334147930145, -3.1957933970261365e-06, 0.0, 0.0, 1.0172526572205243e-06, -0.016214000061154366, 0.0, 0.0]","[0.0, 0.0, 1.0, 0.5350829362869263, 0.0, 0.7490156888961792, 0.35403507947921753, 0.8960561156272888]",-15.815881249354945
12.700000000000045,190.40870666503906,261.39044189453125,15.0552396774292,-0.03857421875,1.0,"[0.9435038566589355, 0.0, 0.3195696771144867, 0.9635216593742371]","[0.0, 0.0, -3.1957933970261365e-06, 0.00011933333735214546, -0.04375659301877022, 1.0, 0.016333334147930145, -3.1957933970261365e-06, 0.0, 0.0, 1.0172526572205243e-06, -0.016214000061154366, 0.0, 0.0]","[0.0, 0.0, 1.0, 0.5350829362869263, 0.0, 0.7490156888961792, 0.35403507947921753, 0.8960561156272888]",-16.282779870084045
12.750000000000046,190.36376953125,262.14788818359375,15.252779960632324,-0.03857421875,1.0,"[0.9370221495628357, 0.0, 0.32764655351638794, 0.9651778340339661]","[0.0, 0.0, -3.1957933970261365e-06, 0.00011933333735214546, -0.04375659301877022, 1.0, 0.016333334147930145, -3.1957933970261365e-06, 0.0, 0.0, 1.0172526572205243e-06, -0.016214000061154366, 0.0, 0.0]","[0.0, 0.0, 1.0, 0.5350829362869263, 0.0, 0.7490156888961792, 0.35403507947921753, 0.8960561156272888]",-16.77008726066182
12.800000000000047,190.325439453125,262.91571044921875,15.454279899597168,-0.03851318359375,1.0,"[0.9304105043411255, 0.0, 0.3339555561542511, 0.9661592841148376]","[0.0, 0.0, -3.1957933970261365e-06, 0.00011933333735214546, -0.04375659301877022, 1.0, 0.016333334147930145, -3.1957933970261365e-06, 0.0, 0.0, 1.0172526572205243e-06, -0.016214000061154366, 0.0, 0.0]","[0.0, 0.0, 1.0, 0.5350829362869263, 0.0, 0.7490156888961792, 0.35403507947921753, 0.8960561156272888]",-17.279108656414692
12.850000000000048,190.29396057128906,263.6939697265625,15.658729553222656,-0.03814697265625,1.0,"[0.9237020015716553, 0.0, 0.33838286995887756, 0.9673190712928772]","[0.0, 0.0, -3.1957933970261365e-06, 0.00011933333735214546, -0.04375659301877022, 1.0, 0.016333334147930145, -3.1957933970261365e-06, 0.0, 0.0, 1.0172526572205243e-06, -0.016214000061154366, 0.0, 0.0]","[0.0, 0.0, 1.0, 0.5350829362869263, 0.0, 0.7490156888961792, 0.35403507947921753, 0.8960561156272888]",-17.553052857973782
12.900000000000048,190.2696075439453,264.4827880859375,15.865320205688477,-0.0374755859375,1.0,"[0.9169233441352844, 0.0, 0.34323516488075256, 0.9662809371948242]","[0.0, 0.0, -3.1957933970261365e-06, 0.00011933333735214546, -0.04375659301877022, 1.0, 0.016333334147930145, -3.1957933970261365e-06, 0.0, 0.0, 1.0172526572205243e-06, -0.016214000061154366, 0.0, 0.0]","[0.0, 0.0, 1.0, 0.5350829362869263, 0.0, 0.7490156888961792, 0.35403507947921753, 0.8960561156272888]",-18.071800475117627
12.950000000000049,190.2525177001953,265.28216552734375,16.073810577392578,-0.03692626953125,1.0,"[0.9100823402404785, 0.0, 0.34409669041633606, 0.9696280360221863]","[0.0, 0.0, -3.1957933970261365e-06, 0.00011933333735214546, -0.04375659301877022, 1.0, 0.016333334147930145, -3.1957933970261365e-06, 0.0, 0.0, 1.0172526572205243e-06, -0.016214000061154366, 0.0, 0.0]","[0.0, 0.0, 1.0, 0.5350829362869263, 0.0, 0.7490156888961792, 0.35403507947921753, 0.8960561156272888]",-18.60020682998184
13.00000000000005,190.24295043945312,266.0920715332031,16.2835693359375,-0.03692626953125,1.0,"[0.9031996726989746, 0.0, 0.3483665883541107, 0.9659156203269958]","[0.0, 0.0, -3.1957933970261365e-06, 0.00011933333735214546, -0.04375659301877022, 1.0, 0.016333334147930145, -3.1957933970261365e-06, 0.0, 0.0, 1.0172526572205243e-06, -0.016214000061154366, 0.0, 0.0]","[0.0, 0.0, 1.0, 0.5350829362869263, 0.0, 0.7490156888961792, 0.35403507947921753, 0.8960561156272888]",-19.135401777428733
13.05000000000005,190.2411651611328,266.91259765625,16.49444007873535,-0.03680419921875,1.0,"[0.8962805271148682, 0.0, 0.3516066074371338, 0.966693639755249]","[0.0, 0.0, -3.1957933970261365e-06, 0.00011933333735214546, -0.04375659301877022, 1.0, 0.016333334147930145, -3.1957933970261365e-06, 0.0, 0.0, 1.0172526572205243e-06, -0.016214000061154366, 0.0, 0.0]","[0.0, 0.0, 1.0, 0.5350829362869263, 0.0, 0.7490156888961792, 0.35403507947921753, 0.8960561156272888]",-19.394552019856366
13.100000000000051,190.24737548828125,267.7436218261719,16.706279754638672,-0.036712646484375,1.0,"[0.8893295526504517, 0.0, 0.3547731935977936, 0.9665080904960632]","[0.0, 0.0, -3.1957933970261365e-06, 0.00011933333735214546, -0.04375659301877022, 1.0, 0.016333334147930145, -3.1957933970261365e-06, 0.0, 0.0, 1.0172526572205243e-06, -0.016214000061154366, 0.0, 0.0]","[0.0, 0.0, 1.0, 0.5350829362869263, 0.0, 0.7490156888961792, 0.35403507947921753, 0.8960561156272888]",-19.942901622023065
13.150000000000052,190.2617950439453,268.58514404296875,16.919099807739258,-0.0360107421875,1.0,"[0.8823464512825012, 0.0, 0.3562448024749756, 0.9680260419845581]","[0.0, 0.0, -3.1957933970261365e-06, 0.00011933333735214546, -0.04375659301877022, 1.0, 0.016333334147930145, -3.1957933970261365e-06, 0.0, 0.0, 1.0172526572205243e-06, -0.016214000061154366, 0.0, 0.0]","[0.0, 0.0, 1.0, 0.5350829362869263, 0.0, 0.7490156888961792, 0.35403507947921753, 0.8960561156272888]",-20.492309054705995
13.200000000000053,190.28453063964844,269.4371643066406,17.132869720458984,-0.034912109375,1.0,"[0.875332236289978, 0.0, 0.356771856546402, 0.9684014320373535]","[0.0, 0.0, -3.1957933970261365e-06, 0.00011933333735214546, -0.04375659301877022, 1.0, 0.016333334147930145, -3.1957933970261365e-06, 0.0, 0.0, 1.0172526572205243e-06, -0.016214000061154366, 0.0, 0.0]","[0.0, 0.0, 1.0, 0.5350829362869263, 0.0, 0.7490156888961792, 0.35403507947921753, 0.8960561156272888]",-21.046660250373208
13.250000000000053,190.31565856933594,270.2996520996094,17.347570419311523,-0.033538818359375,1.0,"[0.8682873845100403, 0.0, 0.35648176074028015, 0.96863853931427]","[0.0, 0.0, -3.1957933970261365e-06, 0.00011933333735214546, -0.04375659301877022, 1.0, 0.016333334147930145, -3.1957933970261365e-06, 0.0, 0.0, 1.0172526572205243e-06, -0.016214000061154366, 0.0, 0.0]","[0.0, 0.0, 1.0, 0.5350829362869263, 0.0, 0.7490156888961792, 0.35403507947921753, 0.8960561156272888]",-21.27491011083005
13.300000000000054,190.35543823242188,271.1725158691406,17.56287956237793,-0.032379150390625,1.0,"[0.8612226247787476, 0.0, 0.359815388917923, 0.9652853012084961]","[0.0, 0.0, -3.1957933970261365e-06, 0.00011933333735214546, -0.04375659301877022, 1.0, 0.016333334147930145, -3.1957933970261365e-06, 0.0, 0.0, 1.0172526572205243e-06, -0.016214000061154366, 0.0, 0.0]","[0.0, 0.0, 1.0, 0.5350829362869263, 0.0, 0.7490156888961792, 0.35403507947921753, 0.8960561156272888]",-21.80384681726604
13.350000000000055,190.40394592285156,272.0557556152344,17.779130935668945,-0.032135009765625,1.0,"[0.8541269302368164, 0.0, 0.35855910181999207, 0.9691893458366394]","[0.0, 0.0, -3.1957933970261365e-06, 0.00011933333735214546, -0.04375659301877022, 1.0, 0.016333334147930145, -3.1957933970261365e-06, 0.0, 0.0, 1.0172526572205243e-06, -0.016214000061154366, 0.0, 0.0]","[0.0, 0.0, 1.0, 0.5350829362869263, 0.0, 0.7490156888961792, 0.35403507947921753, 0.8960561156272888]",-22.328993148797117
13.400000000000055,190.46136474609375,272.94927978515625,17.9962100982666,-0.032135009765625,1.0,"[0.8470040559768677, 0.0, 0.3616149425506592, 0.9655163884162903]","[0.0, 0.0, -3.1957933970261365e-06, 0.00011933333735214546, -0.04375659301877022, 1.0, 0.016333334147930145, -3.1957933970261365e-06, 0.0, 0.0, 1.0172526572205243e-06, -0.016214000061154366, 0.0, 0.0]","[0.0, 0.0, 1.0, 0.5350829362869263, 0.0, 0.7490156888961792, 0.35403507947921753, 0.8960561156272888]",-22.856922293587953
13.450000000000056,190.52731323242188,273.8450622558594,17.96879005432129,-0.0321044921875,1.0,"[0.8479037880897522, 0.0, 0.1523543894290924, 0.7056641578674316]","[0.0, 0.0, -3.1957933970261365e-06, 0.00011933333735214546, -0.04375659301877022, 1.0, 0.016333334147930145, -3.1957933970261365e-06, 0.0, 0.0, 1.0172526572205243e-06, -0.016214000061154366, 0.0, 0.0]","[0.0, 0.0, 1.0, 0.5350829362869263, 0.0, 0.7490156888961792, 0.35403507947921753, 0.8960561156272888]",-22.989431177115957
13.500000000000057,190.60153198242188,274.7394104003906,17.957759857177734,-0.0313720703125,1.0,"[0.8482657074928284, 0.0, 0.1799648255109787, 0.9803206920623779]","[0.0, 0.0, -3.1957933970261365e-06, 0.00011933333735214546, -0.04375659301877022, 1.0, 0.016333334147930145, -3.1957933970261365e-06, 0.0, 0.0, 1.0172526572205243e-06, -0.016214000061154366, 0.0, 0.0]","[0.0, 0.0, 1.0, 0.5350829362869263, 0.0, 0.7490156888961792, 0.35403507947921753, 0.8960561156272888]",-23.468597910549658
13.550000000000058,190.68431091308594,275.63897705078125,18.182220458984375,-0.0289306640625,1.0,"[0.8409006595611572, 0.0, 0.3198353052139282, 0.6917755603790283]","[0.0, 0.0, -3.1957933970261365e-06, 0.00011933333735214546, -0.04375659301877022, 1.0, 0.016333334147930145, -3.1957933970261365e-06, 0.0, 0.0, 1.0172526572205243e-06, -0.016214000061154366, 0.0, 0.0]","[0.0, 0.0, 1.0, 0.5350829362869263, 0.0, 0.7490156888961792, 0.35403507947921753, 0.8960561156272888]",-23.93154804208437
13.600000000000058,190.7759552001953,276.5504150390625,18.405540466308594,-0.0247802734375,0.87109375,"[0.833573043346405, 0.7671999931335449, 0.35041141510009766, 0.9603601694107056]","[0.0, 0.0, -3.1957933970261365e-06, 0.00011933333735214546, -0.04375659301877022, 1.0, 0.016333334147930145, -3.1957933970261365e-06, 0.0, 0.0, 1.0172526572205243e-06, -0.016214000061154366, 0.0, 0.0]","[0.0, 0.0, 1.0, 0.5350829362869263, 0.0, 0.7490156888961792, 0.35403507947921753, 0.8960561156272888]",-24.38135784275869
13.650000000000059,190.87559509277344,277.4708251953125,18.581689834594727,-0.017913818359375,0.66015625,"[0.8277931809425354, 1.0, 0.290399968624115, 0.8904708027839661]","[0.0, 0.0, -3.1957933970261365e-06, 0.00011933333735214546, -0.04375659301877022, 1.0, 0.016333334147930145, -3.1957933970261365e-06, 0.0, 0.0, 1.0172526572205243e-06, -0.016214000061154366, 0.0, 0.0]","[0.0, 0.0, 1.0, 0.5350829362869263, 0.0, 0.7490156888961792, 0.35403507947921753, 0.8960561156272888]",-24.282405525271848
13.70000000000006,190.98199462890625,278.3977966308594,18.70911979675293,-0.008941650390625,0.53125,"[0.8236119151115417, 1.0, 0.22041362524032593, 0.9136525988578796]","[0.0, 0.0, -3.1957933970261365e-06, 0.00011933333735214546, -0.04375659301877022, 1.0, 0.016333334147930145, -3.1957933970261365e-06, 0.0, 0.0, 1.0172526572205243e-06, -0.016214000061154366, 0.0, 0.0]","[0.0, 0.0, 1.0, 0.5350829362869263, 0.0, 0.7490156888961792, 0.35403507947921753, 0.8960561156272888]",-24.6736660367464
13.75000000000006,191.0929718017578,279.32928466796875,18.79759979248047,0.005889892578125,0.5078125,"[0.820708692073822, 1.0, 0.136480450630188, 0.9127068519592285]","[0.0, 0.0, -3.1957933970261365e-06, 0.00011933333735214546, -0.04375659301877022, 1.0, 0.016333334147930145, -3.1957933970261365e-06, 0.0, 0.0, 1.0172526572205243e-06, -0.016214000061154366, 0.0, 0.0]","[0.0, 0.0, 1.0, 0.5350829362869263, 0.0, 0.7490156888961792, 0.35403507947921753, 0.8960561156272888]",-25.06940698144642
13.800000000000061,191.2057647705078,280.2640686035156,18.8593692779541,0.0234375,0.5078125,"[0.8186818957328796, 1.0, 0.057029008865356445, 0.9148223400115967]","[0.0, 0.0, -3.1957933970261365e-06, 0.00011933333735214546, -0.04375659301877022, 1.0, 0.016333334147930145, -3.1957933970261365e-06, 0.0, 0.0, 1.0172526572205243e-06, -0.016214000061154366, 0.0, 0.0]","[0.0, 0.0, 1.0, 0.5350829362869263, 0.0, 0.7490156888961792, 0.35403507947921753, 0.8960561156272888]",-25.459956976310743
13.850000000000062,191.3172607421875,281.2015380859375,18.904510498046875,0.0433349609375,0.55859375,"[0.8172007203102112, 1.0, 0.11376834660768509, 0.9117181301116943]","[0.0, 0.0, -3.1957933970261365e-06, 0.00011933333735214546, -0.04375659301877022, 1.0, 0.016333334147930145, -3.1957933970261365e-06, 0.0, 0.0, 1.0172526572205243e-06, -0.016214000061154366, 0.0, 0.0]","[0.0, 0.0, 1.0, 0.5350829362869263, 0.0, 0.7490156888961792, 0.35403507947921753, 0.8960561156272888]",-25.201662983474506
13.900000000000063,191.4240264892578,282.1415710449219,18.941600799560547,0.063262939453125,0.625,"[0.8159837126731873, 1.0, 0.1831582486629486, 0.9116957783699036]","[0.0, 0.0, -3.1957933970261365e-06, 0.00011933333735214546, -0.04375659301877022, 1.0, 0.016333334147930145, -3.1957933970261365e-06, 0.0, 0.0, 1.0172526572205243e-06, -0.016214000061154366, 0.0, 0.0]","[0.0, 0.0, 1.0, 0.5350829362869263, 0.0, 0.7490156888961792, 0.35403507947921753, 0.8960561156272888]",-25.509286980007047
13.950000000000063,191.52423095703125,283.0841979980469,18.979190826416016,0.080291748046875,0.71484375,"[0.8147503137588501, 1.0, 0.20637451112270355, 0.967453122138977]","[0.0, 0.0, -3.1957933970261365e-06, 0.00011933333735214546, -0.04375659301877022, 1.0, 0.016333334147930145, -3.1957933970261365e-06, 0.0, 0.0, 1.0172526572205243e-06, -0.016214000061154366, 0.0, 0.0]","[0.0, 0.0, 1.0, 0.5350829362869263, 0.0, 0.7490156888961792, 0.35403507947921753, 0.8960561156272888]",-26.03452085743774
14.000000000000064,191.61358642578125,284.0296325683594,19.01119041442871,0.0919189453125,0.765625,"[0.8137003183364868, 1.0, 0.30162811279296875, 0.876769483089447]","[0.0, 0.0, -3.1957933970261365e-06, 0.00011933333735214546, -0.04375659301877022, 1.0, 0.016333334147930145, -3.1957933970261365e-06, 0.0, 0.0, 1.0172526572205243e-06, -0.016214000061154366, 0.0, 0.0]","[0.0, 0.0, 1.0, 0.5350829362869263, 0.0, 0.7490156888961792, 0.35403507947921753, 0.8960561156272888]",-26.705940699658825
14.050000000000065,191.68890380859375,284.9781494140625,19.05139923095703,0.099273681640625,0.7890625,"[0.8123809695243835, 1.0, 0.3488742709159851, 0.9402974843978882]","[0.0, 0.0, -3.1957933970261365e-06, 0.00011933333735214546, -0.04375659301877022, 1.0, 0.016333334147930145, -3.1957933970261365e-06, 0.0, 0.0, 1.0172526572205243e-06, -0.016214000061154366, 0.0, 0.0]","[0.0, 0.0, 1.0, 0.5350829362869263, 0.0, 0.7490156888961792, 0.35403507947921753, 0.8960561156272888]",-26.929023571480293
14.100000000000065,191.74832153320312,285.9300537109375,19.09882926940918,0.1058349609375,0.796875,"[0.8108246326446533, 1.0, 0.3863546848297119, 0.9529644250869751]","[0.0, 0.0, -3.1957933970261365e-06, 0.00011933333735214546, -0.04375659301877022, 1.0, 0.016333334147930145, -3.1957933970261365e-06, 0.0, 0.0, 1.0172526572205243e-06, -0.016214000061154366, 0.0, 0.0]","[0.0, 0.0, 1.0, 0.5350829362869263, 0.0, 0.7490156888961792, 0.35403507947921753, 0.8960561156272888]",-27.485169439859273
14.150000000000066,191.7886505126953,286.88519287109375,19.143600463867188,0.112884521484375,0.80078125,"[0.809355616569519, 1.0, 0.44933757185935974, 0.9192914366722107]","[0.0, 0.0, -3.1957933970261365e-06, 0.00011933333735214546, -0.04375659301877022, 1.0, 0.016333334147930145, -3.1957933970261365e-06, 0.0, 0.0, 1.0172526572205243e-06, -0.016214000061154366, 0.0, 0.0]","[0.0, 0.0, 1.0, 0.5350829362869263, 0.0, 0.7490156888961792, 0.35403507947921753, 0.8960561156272888]",-28.038271260271525
14.200000000000067,191.8070526123047,287.84307861328125,19.18630027770996,0.12103271484375,0.80078125,"[0.8079545497894287, 1.0, 0.49472177028656006, 0.9384358525276184]","[0.0, 0.0, -3.1957933970261365e-06, 0.00011933333735214546, -0.04375659301877022, 1.0, 0.016333334147930145, -3.1957933970261365e-06, 0.0, 0.0, 1.0172526572205243e-06, -0.016214000061154366, 0.0, 0.0]","[0.0, 0.0, 1.0, 0.5350829362869263, 0.0, 0.7490156888961792, 0.35403507947921753, 0.8960561156272888]",-28.611957843683967
14.250000000000068,191.80091857910156,288.802978515625,19.22188949584961,0.130859375,0.76171875,"[0.8067867755889893, 1.0, 0.5384360551834106, 0.9355074763298035]","[0.0, 0.0, -3.1957933970261365e-06, 0.00011933333735214546, -0.04375659301877022, 1.0, 0.016333334147930145, -3.1957933970261365e-06, 0.0, 0.0, 1.0172526572205243e-06, -0.016214000061154366, 0.0, 0.0]","[0.0, 0.0, 1.0, 0.5350829362869263, 0.0, 0.7490156888961792, 0.35403507947921753, 0.8960561156272888]",-28.826581684312043
14.300000000000068,191.76760864257812,289.7635803222656,19.243059158325195,0.141632080078125,0.671875,"[0.8060921430587769, 1.0, 0.5569314360618591, 0.9328138828277588]","[0.0, 0.0, -3.1957933970261365e-06, 0.00011933333735214546, -0.04375659301877022, 1.0, 0.016333334147930145, -3.1957933970261365e-06, 0.0, 0.0, 1.0172526572205243e-06, -0.016214000061154366, 0.0, 0.0]","[0.0, 0.0, 1.0, 0.5350829362869263, 0.0, 0.7490156888961792, 0.35403507947921753, 0.8960561156272888]",-29.422858677024212
14.350000000000069,191.70469665527344,290.7228698730469,19.24094009399414,0.1536865234375,0.54296875,"[0.8061617016792297, 1.0, 0.5419191122055054, 0.927686333656311]","[0.0, 0.0, -3.1957933970261365e-06, 0.00011933333735214546, -0.04375659301877022, 1.0, 0.016333334147930145, -3.1957933970261365e-06, 0.0, 0.0, 1.0172526572205243e-06, -0.016214000061154366, 0.0, 0.0]","[0.0, 0.0, 1.0, 0.5350829362869263, 0.0, 0.7490156888961792, 0.35403507947921753, 0.8960561156272888]",-30.010105286317916
14.40000000000007,191.61001586914062,291.6783142089844,19.209569931030273,0.165496826171875,0.4603118896484375,"[0.807191014289856, 1.0, 0.5221542716026306, 0.9194614291191101]","[0.0, 0.0, -3.1957933970261365e-06, 0.00011933333735214546, -0.04375659301877022, 1.0, 0.016333334147930145, -3.1957933970261365e-06, 0.0, 0.0, 1.0172526572205243e-06, -0.016214000061154366, 0.0, 0.0]","[0.0, 0.0, 1.0, 0.5350829362869263, 0.0, 0.7490156888961792, 0.35403507947921753, 0.8960561156272888]",-30.617485445498982
14.45000000000007,191.48236083984375,292.62750244140625,19.158130645751953,0.179473876953125,0.3730010986328125,"[0.8088788986206055, 1.0, 0.5205643177032471, 0.9387856125831604]","[0.0, 0.0, -3.1957933970261365e-06, 0.00011933333735214546, -0.04375659301877022, 1.0, 0.016333334147930145, -3.1957933970261365e-06, 0.0, 0.0, 1.0172526572205243e-06, -0.016214000061154366, 0.0, 0.0]","[0.0, 0.0, 1.0, 0.5350829362869263, 0.0, 0.7490156888961792, 0.35403507947921753, 0.8960561156272888]",-30.945388101955835
14.500000000000071,191.31915283203125,293.5670471191406,19.064159393310547,0.199432373046875,0.2976226806640625,"[0.8119622468948364, 1.0, 0.551267683506012, 0.8747196197509766]","[0.0, 0.0, -3.1957933970261365e-06, 0.00011933333735214546, -0.04375659301877022, 1.0, 0.016333334147930145, -3.1957933970261365e-06, 0.0, 0.0, 1.0172526572205243e-06, -0.016214000061154366, 0.0, 0.0]","[0.0, 0.0, 1.0, 0.5350829362869263, 0.0, 0.7490156888961792, 0.35403507947921753, 0.8960561156272888]",-31.59917138090092
14.550000000000072,191.1188201904297,294.4930114746094,18.932729721069336,0.21923828125,0.23016357421875,"[0.8162747621536255, 1.0, 0.5765406489372253, 0.8920323252677917]","[0.0, 0.0, -3.1957933970261365e-06, 0.00011933333735214546, -0.04375659301877022, 1.0, 0.016333334147930145, -3.1957933970261365e-06, 0.0, 0.0, 1.0172526572205243e-06, -0.016214000061154366, 0.0, 0.0]","[0.0, 0.0, 1.0, 0.5350829362869263, 0.0, 0.7490156888961792, 0.35403507947921753, 0.8960561156272888]",-32.23445534340514
14.600000000000072,190.8802947998047,295.401611328125,18.765979766845703,0.237274169921875,0.20000000298023224,"[0.8217462301254272, 1.0, 0.5984896421432495, 0.8863106369972229]","[0.0, 0.0, -3.1957933970261365e-06, 0.00011933333735214546, -0.04375659301877022, 1.0, 0.016333334147930145, -3.1957933970261365e-06, 0.0, 0.0, 1.0172526572205243e-06, -0.016214000061154366, 0.0, 0.0]","[0.0, 0.0, 1.0, 0.5350829362869263, 0.0, 0.7490156888961792, 0.35403507947921753, 0.8960561156272888]",-32.833715446227984
14.650000000000073,190.60311889648438,296.28912353515625,18.567930221557617,0.254425048828125,0.20000000298023224,"[0.828244686126709, 1.0, 0.6158720850944519, 0.8852753639221191]","[0.0, 0.0, -3.1957933970261365e-06, 0.00011933333735214546, -0.04375659301877022, 1.0, 0.016333334147930145, -3.1957933970261365e-06, 0.0, 0.0, 1.0172526572205243e-06, -0.016214000061154366, 0.0, 0.0]","[0.0, 0.0, 1.0, 0.5350829362869263, 0.0, 0.7490156888961792, 0.35403507947921753, 0.8960561156272888]",-33.07804434678886
14.700000000000074,190.28684997558594,297.1519775390625,18.346359252929688,0.27227783203125,0.20000000298023224,"[0.8355149030685425, 1.0, 0.6254993677139282, 0.8902557492256165]","[0.0, 0.0, -3.1957933970261365e-06, 0.00011933333735214546, -0.04375659301877022, 1.0, 0.016333334147930145, -3.1957933970261365e-06, 0.0, 0.0, 1.0172526572205243e-06, -0.016214000061154366, 0.0, 0.0]","[0.0, 0.0, 1.0, 0.5350829362869263, 0.0, 0.7490156888961792, 0.35403507947921753, 0.8960561156272888]",-33.61274850063445
14.750000000000075,189.93115234375,297.9867248535156,18.11237907409668,0.29205322265625,0.21826171875,"[0.8431923389434814, 1.0, 0.6239209175109863, 0.8970227837562561]","[0.0, 0.0, -3.1957933970261365e-06, 0.00011933333735214546, -0.04375659301877022, 1.0, 0.016333334147930145, -3.1957933970261365e-06, 0.0, 0.0, 1.0172526572205243e-06, -0.016214000061154366, 0.0, 0.0]","[0.0, 0.0, 1.0, 0.5350829362869263, 0.0, 0.7490156888961792, 0.35403507947921753, 0.8960561156272888]",-34.09896263960466
14.800000000000075,189.53668212890625,298.7897033691406,17.8525390625,0.313079833984375,0.234130859375,"[0.8517182469367981, 1.0, 0.6342373490333557, 0.8805873394012451]","[0.0, 0.0, -3.1957933970261365e-06, 0.00011933333735214546, -0.04375659301877022, 1.0, 0.016333334147930145, -3.1957933970261365e-06, 0.0, 0.0, 1.0172526572205243e-06, -0.016214000061154366, 0.0, 0.0]","[0.0, 0.0, 1.0, 0.5350829362869263, 0.0, 0.7490156888961792, 0.35403507947921753, 0.8960561156272888]",-34.54302017317407
14.850000000000076,189.1085968017578,299.5527038574219,17.396190643310547,0.332489013671875,0.25,"[0.866692066192627, 1.0, 0.7974992990493774, 0.6772670745849609]","[0.0, 0.0, -3.1957933970261365e-06, 0.00011933333735214546, -0.04375659301877022, 1.0, 0.016333334147930145, -3.1957933970261365e-06, 0.0, 0.0, 1.0172526572205243e-06, -0.016214000061154366, 0.0, 0.0]","[0.0, 0.0, 1.0, 0.5350829362869263, 0.0, 0.7490156888961792, 0.35403507947921753, 0.8960561156272888]",-34.5383540292348
14.900000000000077,188.6529998779297,300.2760925292969,17.0120906829834,0.34423828125,0.2896728515625,"[0.8792952299118042, 1.0, 0.7287173867225647, 0.8448895215988159]","[0.0, 0.0, -3.1957933970261365e-06, 0.00011933333735214546, -0.04375659301877022, 1.0, 0.016333334147930145, -3.1957933970261365e-06, 0.0, 0.0, 1.0172526572205243e-06, -0.016214000061154366, 0.0, 0.0]","[0.0, 0.0, 1.0, 0.5350829362869263, 0.0, 0.7490156888961792, 0.35403507947921753, 0.8960561156272888]",-34.9051608120653
14.950000000000077,188.17091369628906,300.96063232421875,16.619129180908203,0.349273681640625,0.3412628173828125,"[0.8921891450881958, 1.0, 0.7095890045166016, 0.8800867795944214]","[0.0, 0.0, -3.1957933970261365e-06, 0.00011933333735214546, -0.04375659301877022, 1.0, 0.016333334147930145, -3.1957933970261365e-06, 0.0, 0.0, 1.0172526572205243e-06, -0.016214000061154366, 0.0, 0.0]","[0.0, 0.0, 1.0, 0.5350829362869263, 0.0, 0.7490156888961792, 0.35403507947921753, 0.8960561156272888]",-35.23641719071404
15.000000000000078,187.6585693359375,301.5956115722656,16.218429565429688,0.348907470703125,0.380950927734375,"[0.9053370356559753, 1.0, 0.6870620250701904, 0.8496171832084656]","[0.0, 0.0, -3.1957933970261365e-06, 0.00011933333735214546, -0.04375659301877022, 1.0, 0.016333334147930145, -3.1957933970261365e-06, 0.0, 0.0, 1.0172526572205243e-06, -0.016214000061154366, 0.0, 0.0]","[0.0, 0.0, 1.0, 0.5350829362869263, 0.0, 0.7490156888961792, 0.35403507947921753, 0.8960561156272888]",-35.52334257696497
15.050000000000079,187.1214141845703,302.1878662109375,15.917440414428711,0.34722900390625,0.436492919921875,"[0.9152131676673889, 1.0, 0.6194861531257629, 0.7395185232162476]","[0.0, 0.0, -3.1957933970261365e-06, 0.00011933333735214546, -0.04375659301877022, 1.0, 0.016333334147930145, -3.1957933970261365e-06, 0.0, 0.0, 1.0172526572205243e-06, -0.016214000061154366, 0.0, 0.0]","[0.0, 0.0, 1.0, 0.5350829362869263, 0.0, 0.7490156888961792, 0.35403507947921753, 0.8960561156272888]",-35.37368946025555
15.10000000000008,186.55958557128906,302.7327575683594,15.540069580078125,0.345306396484375,0.5234375,"[0.9275955557823181, 1.0, 0.6566461324691772, 0.7358774542808533]","[0.0, 0.0, -3.1957933970261365e-06, 0.00011933333735214546, -0.04375659301877022, 1.0, 0.016333334147930145, -3.1957933970261365e-06, 0.0, 0.0, 1.0172526572205243e-06, -0.016214000061154366, 0.0, 0.0]","[0.0, 0.0, 1.0, 0.5350829362869263, 0.0, 0.7490156888961792, 0.35403507947921753, 0.8960561156272888]",-35.5923510159183
15.15000000000008,185.97518920898438,303.2266540527344,15.242830276489258,0.345062255859375,0.62109375,"[0.9373486042022705, 1.0, 0.6215134263038635, 0.7445421814918518]","[0.0, 0.0, -3.1957933970261365e-06, 0.00011933333735214546, -0.04375659301877022, 1.0, 0.016333334147930145, -3.1957933970261365e-06, 0.0, 0.0, 1.0172526572205243e-06, -0.016214000061154366, 0.0, 0.0]","[0.0, 0.0, 1.0, 0.5350829362869263, 0.0, 0.7490156888961792, 0.35403507947921753, 0.8960561156272888]",-35.766198694374815
15.200000000000081,185.3714141845703,303.67156982421875,14.924739837646484,0.346282958984375,0.703125,"[0.9477858543395996, 1.0, 0.6146127581596375, 0.7790219783782959]","[0.0, 0.0, -3.1957933970261365e-06, 0.00011933333735214546, -0.04375659301877022, 1.0, 0.016333334147930145, -3.1957933970261365e-06, 0.0, 0.0, 1.0172526572205243e-06, -0.016214000061154366, 0.0, 0.0]","[0.0, 0.0, 1.0, 0.5350829362869263, 0.0, 0.7490156888961792, 0.35403507947921753, 0.8960561156272888]",-35.89726180981652
15.250000000000082,184.7497100830078,304.06744384765625,14.684599876403809,0.346435546875,0.73828125,"[0.9556654095649719, 1.0, 0.570137619972229, 0.8636667728424072]","[0.0, 0.0, -3.1957933970261365e-06, 0.00011933333735214546, -0.04375659301877022, 1.0, 0.016333334147930145, -3.1957933970261365e-06, 0.0, 0.0, 1.0172526572205243e-06, -0.016214000061154366, 0.0, 0.0]","[0.0, 0.0, 1.0, 0.5350829362869263, 0.0, 0.7490156888961792, 0.35403507947921753, 0.8960561156272888]",-35.561309286594145
15.300000000000082,184.11160278320312,304.41375732421875,14.48408031463623,0.34063720703125,0.76171875,"[0.9622448682785034, 1.0, 0.5548540949821472, 0.9118444323539734]","[0.0, 0.0, -3.1957933970261365e-06, 0.00011933333735214546, -0.04375659301877022, 1.0, 0.016333334147930145, -3.1957933970261365e-06, 0.0, 0.0, 1.0172526572205243e-06, -0.016214000061154366, 0.0, 0.0]","[0.0, 0.0, 1.0, 0.5350829362869263, 0.0, 0.7490156888961792, 0.35403507947921753, 0.8960561156272888]",-35.595748240751185
15.350000000000083,183.45953369140625,304.7107849121094,14.304530143737793,0.323486328125,0.80078125,"[0.9681363701820374, 0.8514000177383423, 0.5533015131950378, 0.9159225225448608]","[0.0, 0.0, -3.1957933970261365e-06, 0.00011933333735214546, -0.04375659301877022, 1.0, 0.016333334147930145, -3.1957933970261365e-06, 0.0, 0.0, 1.0172526572205243e-06, -0.016214000061154366, 0.0, 0.0]","[0.0, 0.0, 1.0, 0.5350829362869263, 0.0, 0.7490156888961792, 0.35403507947921753, 0.8960561156272888]",-35.5741824992462
15.400000000000084,182.79547119140625,304.9613342285156,14.209099769592285,0.29266357421875,0.84375,"[0.9712676405906677, 0.6682999730110168, 0.5223288536071777, 0.8947281241416931]","[0.0, 0.0, -3.1957933970261365e-06, 0.00011933333735214546, -0.04375659301877022, 1.0, 0.016333334147930145, -3.1957933970261365e-06, 0.0, 0.0, 1.0172526572205243e-06, -0.016214000061154366, 0.0, 0.0]","[0.0, 0.0, 1.0, 0.5350829362869263, 0.0, 0.7490156888961792, 0.35403507947921753, 0.8960561156272888]",-35.49374193226902
15.450000000000085,182.1194305419922,305.1646423339844,14.156209945678711,0.257293701171875,0.859375,"[0.9730030298233032, 0.5983999967575073, 0.5576162934303284, 0.9539000988006592]","[0.0, 0.0, -3.1957933970261365e-06, 0.00011933333735214546, -0.04375659301877022, 1.0, 0.016333334147930145, -3.1957933970261365e-06, 0.0, 0.0, 1.0172526572205243e-06, -0.016214000061154366, 0.0, 0.0]","[0.0, 0.0, 1.0, 0.5350829362869263, 0.0, 0.7490156888961792, 0.35403507947921753, 0.8960561156272888]",-34.84849817851153
15.500000000000085,181.43284606933594,305.3255310058594,14.158519744873047,0.21966552734375,0.87109375,"[0.9729272723197937, 0.5537999868392944, 0.5859032869338989, 0.9079502820968628]","[0.0, 0.0, -3.1957933970261365e-06, 0.00011933333735214546, -0.04375659301877022, 1.0, 0.016333334147930145, -3.1957933970261365e-06, 0.0, 0.0, 1.0172526572205243e-06, -0.016214000061154366, 0.0, 0.0]","[0.0, 0.0, 1.0, 0.5350829362869263, 0.0, 0.7490156888961792, 0.35403507947921753, 0.8960561156272888]",-34.69868078574482
15.550000000000086,180.73638916015625,305.44537353515625,14.207619667053223,0.181304931640625,0.88671875,"[0.9713162183761597, 0.49219998717308044, 0.612920880317688, 0.913172721862793]","[0.0, 0.0, -3.1957933970261365e-06, 0.00011933333735214546, -0.04375659301877022, 1.0, 0.016333334147930145, -3.1957933970261365e-06, 0.0, 0.0, 1.0172526572205243e-06, -0.016214000061154366, 0.0, 0.0]","[0.0, 0.0, 1.0, 0.5350829362869263, 0.0, 0.7490156888961792, 0.35403507947921753, 0.8960561156272888]",-34.520708372060604
15.600000000000087,180.03073120117188,305.52984619140625,14.298830032348633,0.1414794921875,0.91015625,"[0.9683233499526978, 0.3970000147819519, 0.6376140713691711, 0.8780637383460999]","[0.0, 0.0, -3.1957933970261365e-06, 0.00011933333735214546, -0.04375659301877022, 1.0, 0.016333334147930145, -3.1957933970261365e-06, 0.0, 0.0, 1.0172526572205243e-06, -0.016214000061154366, 0.0, 0.0]","[0.0, 0.0, 1.0, 0.5350829362869263, 0.0, 0.7490156888961792, 0.35403507947921753, 0.8960561156272888]",-34.28211535505732
15.650000000000087,179.31602478027344,305.5834045410156,14.421319961547852,0.104644775390625,0.93359375,"[0.9643042087554932, 0.2989000082015991, 0.6558685898780823, 0.8759759664535522]","[0.0, 0.0, -3.1957933970261365e-06, 0.00011933333735214546, -0.04375659301877022, 1.0, 0.016333334147930145, -3.1957933970261365e-06, 0.0, 0.0, 1.0172526572205243e-06, -0.016214000061154366, 0.0, 0.0]","[0.0, 0.0, 1.0, 0.5350829362869263, 0.0, 0.7490156888961792, 0.35403507947921753, 0.8960561156272888]",-33.36818109612564
15.700000000000088,178.5923614501953,305.609375,14.568389892578125,0.07489013671875,0.98828125,"[0.959478497505188, 0.053700000047683716, 0.6292276978492737, 0.8867712616920471]","[0.0, 0.0, -3.1957933970261365e-06, 0.00011933333735214546, -0.04375659301877022, 1.0, 0.016333334147930145, -3.1957933970261365e-06, 0.0, 0.0, 1.0172526572205243e-06, -0.016214000061154366, 0.0, 0.0]","[0.0, 0.0, 1.0, 0.5350829362869263, 0.0, 0.7490156888961792, 0.35403507947921753, 0.8960561156272888]",-33.047461242225346
15.750000000000089,177.8597869873047,305.61090087890625,14.73544979095459,0.054443359375,1.0,"[0.9539968967437744, 0.0, 0.5804734230041504, 0.8971220254898071]","[0.0, 0.0, -3.1957933970261365e-06, 0.00011933333735214546, -0.04375659301877022, 1.0, 0.016333334147930145, -3.1957933970261365e-06, 0.0, 0.0, 1.0172526572205243e-06, -0.016214000061154366, 0.0, 0.0]","[0.0, 0.0, 1.0, 0.5350829362869263, 0.0, 0.7490156888961792, 0.35403507947921753, 0.8960561156272888]",-32.740389707821215
15.80000000000009,177.11837768554688,305.5908203125,14.916879653930664,0.041473388671875,1.0,"[0.9480438232421875, 0.0, 0.5351287722587585, 0.9064574241638184]","[0.0, 0.0, -3.1957933970261365e-06, 0.00011933333735214546, -0.04375659301877022, 1.0, 0.016333334147930145, -3.1957933970261365e-06, 0.0, 0.0, 1.0172526572205243e-06, -0.016214000061154366, 0.0, 0.0]","[0.0, 0.0, 1.0, 0.5350829362869263, 0.0, 0.7490156888961792, 0.35403507947921753, 0.8960561156272888]",-32.654691961299164
15.85000000000009,176.3680419921875,305.5520324707031,15.109020233154297,0.031463623046875,1.0,"[0.9417392015457153, 0.0, 0.48690202832221985, 0.9074248671531677]","[0.0, 0.0, -3.1957933970261365e-06, 0.00011933333735214546, -0.04375659301877022, 1.0, 0.016333334147930145, -3.1957933970261365e-06, 0.0, 0.0, 1.0172526572205243e-06, -0.016214000061154366, 0.0, 0.0]","[0.0, 0.0, 1.0, 0.5350829362869263, 0.0, 0.7490156888961792, 0.35403507947921753, 0.8960561156272888]",-32.415009546675186
15.900000000000091,175.60855102539062,305.49810791015625,15.309929847717285,0.01812744140625,1.0,"[0.9351469278335571, 0.0, 0.4204663634300232, 0.8945757150650024]","[0.0, 0.0, -3.1957933970261365e-06, 0.00011933333735214546, -0.04375659301877022, 1.0, 0.016333334147930145, -3.1957933970261365e-06, 0.0, 0.0, 1.0172526572205243e-06, -0.016214000061154366, 0.0, 0.0]","[0.0, 0.0, 1.0, 0.5350829362869263, 0.0, 0.7490156888961792, 0.35403507947921753, 0.8960561156272888]",-32.40555440701357
15.950000000000092,174.8394317626953,305.4332580566406,15.517129898071289,-0.001983642578125,1.0,"[0.9283482432365417, 0.0, 0.3298870027065277, 0.8745900392532349]","[0.0, 0.0, -3.1957933970261365e-06, 0.00011933333735214546, -0.04375659301877022, 1.0, 0.016333334147930145, -3.1957933970261365e-06, 0.0, 0.0, 1.0172526572205243e-06, -0.016214000061154366, 0.0, 0.0]","[0.0, 0.0, 1.0, 0.5350829362869263, 0.0, 0.7490156888961792, 0.35403507947921753, 0.8960561156272888]",-32.40926943833254
16.000000000000092,174.06033325195312,305.3611755371094,15.727029800415039,-0.017364501953125,1.0,"[0.9214609861373901, 0.0, 0.2566378116607666, 0.8942079544067383]","[0.0, 0.0, -3.1957933970261365e-06, 0.00011933333735214546, -0.04375659301877022, 1.0, 0.016333334147930145, -3.1957933970261365e-06, 0.0, 0.0, 1.0172526572205243e-06, -0.016214000061154366, 0.0, 0.0]","[0.0, 0.0, 1.0, 0.5350829362869263, 0.0, 0.7490156888961792, 0.35403507947921753, 0.8960561156272888]",-32.45388295345071
16.050000000000093,173.27096557617188,305.28466796875,15.938389778137207,-0.026580810546875,1.0,"[0.9145257472991943, 0.0, 0.2144588977098465, 0.9133639931678772]","[0.0, 0.0, -3.1957933970261365e-06, 0.00011933333735214546, -0.04375659301877022, 1.0, 0.016333334147930145, -3.1957933970261365e-06, 0.0, 0.0, 1.0172526572205243e-06, -0.016214000061154366, 0.0, 0.0]","[0.0, 0.0, 1.0, 0.5350829362869263, 0.0, 0.7490156888961792, 0.35403507947921753, 0.8960561156272888]",-32.2571562454762
16.100000000000094,172.47116088867188,305.2058410644531,16.150930404663086,-0.02972412109375,1.0,"[0.9075518250465393, 0.0, 0.2084602266550064, 0.9309126734733582]","[0.0, 0.0, -3.1957933970261365e-06, 0.00011933333735214546, -0.04375659301877022, 1.0, 0.016333334147930145, -3.1957933970261365e-06, 0.0, 0.0, 1.0172526572205243e-06, -0.016214000061154366, 0.0, 0.0]","[0.0, 0.0, 1.0, 0.5350829362869263, 0.0, 0.7490156888961792, 0.35403507947921753, 0.8960561156272888]",-32.35528035520907
16.150000000000095,171.66073608398438,305.1264343261719,16.36450958251953,-0.028961181640625,1.0,"[0.9005438089370728, 0.0, 0.23491604626178741, 0.9430063366889954]","[0.0, 0.0, -3.1957933970261365e-06, 0.00011933333735214546, -0.04375659301877022, 1.0, 0.016333334147930145, -3.1957933970261365e-06, 0.0, 0.0, 1.0172526572205243e-06, -0.016214000061154366, 0.0, 0.0]","[0.0, 0.0, 1.0, 0.5350829362869263, 0.0, 0.7490156888961792, 0.35403507947921753, 0.8960561156272888]",-32.464572851866905
16.200000000000095,170.83956909179688,305.0472717285156,16.579269409179688,-0.023101806640625,1.0,"[0.8934970498085022, 0.0, 0.24350595474243164, 0.961143970489502]","[0.0, 0.0, -3.1957933970261365e-06, 0.00011933333735214546, -0.04375659301877022, 1.0, 0.016333334147930145, -3.1957933970261365e-06, 0.0, 0.0, 1.0172526572205243e-06, -0.016214000061154366, 0.0, 0.0]","[0.0, 0.0, 1.0, 0.5350829362869263, 0.0, 0.7490156888961792, 0.35403507947921753, 0.8960561156272888]",-32.59106257152273
16.250000000000096,170.00762939453125,304.9684753417969,16.795249938964844,-0.011932373046875,1.0,"[0.8864102363586426, 0.0, 0.23214109241962433, 0.9577674865722656]","[0.0, 0.0, -3.1957933970261365e-06, 0.00011933333735214546, -0.04375659301877022, 1.0, 0.016333334147930145, -3.1957933970261365e-06, 0.0, 0.0, 1.0172526572205243e-06, -0.016214000061154366, 0.0, 0.0]","[0.0, 0.0, 1.0, 0.5350829362869263, 0.0, 0.7490156888961792, 0.35403507947921753, 0.8960561156272888]",-32.39385224572823
16.300000000000097,169.16477966308594,304.8906555175781,17.011730194091797,-0.0103759765625,1.0,"[0.8793070316314697, 0.0, 0.2453516572713852, 0.9515453577041626]","[0.0, 0.0, -3.1957933970261365e-06, 0.00011933333735214546, -0.04375659301877022, 1.0, 0.016333334147930145, -3.1957933970261365e-06, 0.0, 0.0, 1.0172526572205243e-06, -0.016214000061154366, 0.0, 0.0]","[0.0, 0.0, 1.0, 0.5350829362869263, 0.0, 0.7490156888961792, 0.35403507947921753, 0.8960561156272888]",-32.54544515033638
16.350000000000097,168.31089782714844,304.81549072265625,17.2278995513916,-0.0189208984375,1.0,"[0.8722140789031982, 0.0, 0.2793525159358978, 0.9340689182281494]","[0.0, 0.0, -3.1957933970261365e-06, 0.00011933333735214546, -0.04375659301877022, 1.0, 0.016333334147930145, -3.1957933970261365e-06, 0.0, 0.0, 1.0172526572205243e-06, -0.016214000061154366, 0.0, 0.0]","[0.0, 0.0, 1.0, 0.5350829362869263, 0.0, 0.7490156888961792, 0.35403507947921753, 0.8960561156272888]",-32.71749205904089
16.400000000000098,167.44583129882812,304.74383544921875,17.444299697875977,-0.023773193359375,1.0,"[0.8651134967803955, 0.0, 0.29500657320022583, 0.9532469511032104]","[0.0, 0.0, -3.1957933970261365e-06, 0.00011933333735214546, -0.04375659301877022, 1.0, 0.016333334147930145, -3.1957933970261365e-06, 0.0, 0.0, 1.0172526572205243e-06, -0.016214000061154366, 0.0, 0.0]","[0.0, 0.0, 1.0, 0.5350829362869263, 0.0, 0.7490156888961792, 0.35403507947921753, 0.8960561156272888]",-32.90538364873143
16.4500000000001,166.56961059570312,304.6762390136719,17.66136932373047,-0.02569580078125,1.0,"[0.8579909801483154, 0.0, 0.30309057235717773, 0.9611937999725342]","[0.0, 0.0, -3.1957933970261365e-06, 0.00011933333735214546, -0.04375659301877022, 1.0, 0.016333334147930145, -3.1957933970261365e-06, 0.0, 0.0, 1.0172526572205243e-06, -0.016214000061154366, 0.0, 0.0]","[0.0, 0.0, 1.0, 0.5350829362869263, 0.0, 0.7490156888961792, 0.35403507947921753, 0.8960561156272888]",-32.77361598360346
16.5000000000001,165.6822052001953,304.6130065917969,17.879150390625,-0.026336669921875,1.0,"[0.8508450984954834, 0.0, 0.3095283806324005, 0.9627935290336609]","[0.0, 0.0, -3.1957933970261365e-06, 0.00011933333735214546, -0.04375659301877022, 1.0, 0.016333334147930145, -3.1957933970261365e-06, 0.0, 0.0, 1.0172526572205243e-06, -0.016214000061154366, 0.0, 0.0]","[0.0, 0.0, 1.0, 0.5350829362869263, 0.0, 0.7490156888961792, 0.35403507947921753, 0.8960561156272888]",-33.03717946829706
16.5500000000001,164.78697204589844,304.55523681640625,17.941980361938477,-0.0311279296875,1.0,"[0.8487834930419922, 0.0, 0.19335207343101501, 0.8039597868919373]","[0.0, 0.0, -3.1957933970261365e-06, 0.00011933333735214546, -0.04375659301877022, 1.0, 0.016333334147930145, -3.1957933970261365e-06, 0.0, 0.0, 1.0172526572205243e-06, -0.016214000061154366, 0.0, 0.0]","[0.0, 0.0, 1.0, 0.5350829362869263, 0.0, 0.7490156888961792, 0.35403507947921753, 0.8960561156272888]",-33.34813487074609
16.6000000000001,163.89205932617188,304.5052795410156,17.931730270385742,-0.04351806640625,1.0,"[0.8491197824478149, 0.0, 0.17412173748016357, 0.8955259323120117]","[0.0, 0.0, -3.1957933970261365e-06, 0.00011933333735214546, -0.04375659301877022, 1.0, 0.016333334147930145, -3.1957933970261365e-06, 0.0, 0.0, 1.0172526572205243e-06, -0.016214000061154366, 0.0, 0.0]","[0.0, 0.0, 1.0, 0.5350829362869263, 0.0, 0.7490156888961792, 0.35403507947921753, 0.8960561156272888]",-33.69788755786645
16.6500000000001,162.9954376220703,304.46429443359375,18.04458999633789,-0.05169677734375,1.0,"[0.8454166054725647, 0.0, 0.28427067399024963, 0.8322033882141113]","[0.0, 0.0, -3.1957933970261365e-06, 0.00011933333735214546, -0.04375659301877022, 1.0, 0.016333334147930145, -3.1957933970261365e-06, 0.0, 0.0, 1.0172526572205243e-06, -0.016214000061154366, 0.0, 0.0]","[0.0, 0.0, 1.0, 0.5350829362869263, 0.0, 0.7490156888961792, 0.35403507947921753, 0.8960561156272888]",-33.76085136403194
16.700000000000102,162.08642578125,304.4318542480469,18.28573989868164,-0.0469970703125,1.0,"[0.8375039100646973, 0.0, 0.41138726472854614, 0.8144319653511047]","[0.0, 0.0, -3.1957933970261365e-06, 0.00011933333735214546, -0.04375659301877022, 1.0, 0.016333334147930145, -3.1957933970261365e-06, 0.0, 0.0, 1.0172526572205243e-06, -0.016214000061154366, 0.0, 0.0]","[0.0, 0.0, 1.0, 0.5350829362869263, 0.0, 0.7490156888961792, 0.35403507947921753, 0.8960561156272888]",-34.15674938297572
16.750000000000103,161.16598510742188,304.40753173828125,18.494949340820312,-0.03497314453125,1.0,"[0.8306393623352051, 0.0, 0.36331692337989807, 0.9250924587249756]","[0.0, 0.0, -3.1957933970261365e-06, 0.00011933333735214546, -0.04375659301877022, 1.0, 0.016333334147930145, -3.1957933970261365e-06, 0.0, 0.0, 1.0172526572205243e-06, -0.016214000061154366, 0.0, 0.0]","[0.0, 0.0, 1.0, 0.5350829362869263, 0.0, 0.7490156888961792, 0.35403507947921753, 0.8960561156272888]",-34.54538198469141
16.800000000000104,160.23561096191406,304.3907165527344,18.68277931213379,-0.022369384765625,1.0,"[0.8244761824607849, 0.0, 0.3213340640068054, 0.9359827041625977]","[0.0, 0.0, -3.1957933970261365e-06, 0.00011933333735214546, -0.04375659301877022, 1.0, 0.016333334147930145, -3.1957933970261365e-06, 0.0, 0.0, 1.0172526572205243e-06, -0.016214000061154366, 0.0, 0.0]","[0.0, 0.0, 1.0, 0.5350829362869263, 0.0, 0.7490156888961792, 0.35403507947921753, 0.8960561156272888]",-34.99827869470101
16.850000000000104,159.29623413085938,304.38055419921875,18.856260299682617,-0.01031494140625,1.0,"[0.8187838792800903, 0.0, 0.28088876605033875, 0.9401344656944275]","[0.0, 0.0, -3.1957933970261365e-06, 0.00011933333735214546, -0.04375659301877022, 1.0, 0.016333334147930145, -3.1957933970261365e-06, 0.0, 0.0, 1.0172526572205243e-06, -0.016214000061154366, 0.0, 0.0]","[0.0, 0.0, 1.0, 0.5350829362869263, 0.0, 0.7490156888961792, 0.35403507947921753, 0.8960561156272888]",-35.488259901158656
16.900000000000105,158.34849548339844,304.3760986328125,19.020109176635742,-0.00079345703125,1.0,"[0.8134076595306396, 0.0, 0.24448087811470032, 0.9446628093719482]","[0.0, 0.0, -3.1957933970261365e-06, 0.00011933333735214546, -0.04375659301877022, 1.0, 0.016333334147930145, -3.1957933970261365e-06, 0.0, 0.0, 1.0172526572205243e-06, -0.016214000061154366, 0.0, 0.0]","[0.0, 0.0, 1.0, 0.5350829362869263, 0.0, 0.7490156888961792, 0.35403507947921753, 0.8960561156272888]",-36.178281184588016
16.950000000000106,157.3927764892578,304.3766784667969,19.177400588989258,0.00213623046875,1.0,"[0.8082465529441833, 0.0, 0.22382858395576477, 0.9598253965377808]","[0.0, 0.0, -3.1957933970261365e-06, 0.00011933333735214546, -0.04375659301877022, 1.0, 0.016333334147930145, -3.1957933970261365e-06, 0.0, 0.0, 1.0172526572205243e-06, -0.016214000061154366, 0.0, 0.0]","[0.0, 0.0, 1.0, 0.5350829362869263, 0.0, 0.7490156888961792, 0.35403507947921753, 0.8960561156272888]",-36.87426671119752
17.000000000000107,156.42938232421875,304.38189697265625,19.33036994934082,0.000762939453125,1.0,"[0.8032273054122925, 0.0, 0.2118334025144577, 0.9682158827781677]","[0.0, 0.0, -3.1957933970261365e-06, 0.00011933333735214546, -0.04375659301877022, 1.0, 0.016333334147930145, -3.1957933970261365e-06, 0.0, 0.0, 1.0172526572205243e-06, -0.016214000061154366, 0.0, 0.0]","[0.0, 0.0, 1.0, 0.5350829362869263, 0.0, 0.7490156888961792, 0.35403507947921753, 0.8960561156272888]",-37.58728436388242
17.050000000000107,155.4584503173828,304.3909606933594,19.480670928955078,0.000335693359375,1.0,"[0.7982956171035767, 0.0, 0.1951846033334732, 0.9640467762947083]","[0.0, 0.0, -3.1957933970261365e-06, 0.00011933333735214546, -0.04375659301877022, 1.0, 0.016333334147930145, -3.1957933970261365e-06, 0.0, 0.0, 1.0172526572205243e-06, -0.016214000061154366, 0.0, 0.0]","[0.0, 0.0, 1.0, 0.5350829362869263, 0.0, 0.7490156888961792, 0.35403507947921753, 0.8960561156272888]",-38.1918066973995
17.100000000000108,154.4801025390625,304.4031677246094,19.629270553588867,0.000335693359375,1.0,"[0.7934197187423706, 0.0, 0.17928263545036316, 0.9645218849182129]","[0.0, 0.0, -3.1957933970261365e-06, 0.00011933333735214546, -0.04375659301877022, 1.0, 0.016333334147930145, -3.1957933970261365e-06, 0.0, 0.0, 1.0172526572205243e-06, -0.016214000061154366, 0.0, 0.0]","[0.0, 0.0, 1.0, 0.5350829362869263, 0.0, 0.7490156888961792, 0.35403507947921753, 0.8960561156272888]",-38.970267359252844
17.15000000000011,153.49436950683594,304.41778564453125,19.776779174804688,0.000335693359375,1.0,"[0.7885795831680298, 0.0, 0.16620351374149323, 0.9671642184257507]","[0.0, 0.0, -3.1957933970261365e-06, 0.00011933333735214546, -0.04375659301877022, 1.0, 0.016333334147930145, -3.1957933970261365e-06, 0.0, 0.0, 1.0172526572205243e-06, -0.016214000061154366, 0.0, 0.0]","[0.0, 0.0, 1.0, 0.5350829362869263, 0.0, 0.7490156888961792, 0.35403507947921753, 0.8960561156272888]",-39.76906213998358
17.20000000000011,152.5012969970703,304.4339599609375,19.923629760742188,0.002716064453125,1.0,"[0.7837611436843872, 0.0, 0.14891736209392548, 0.9616703391075134]","[0.0, 0.0, -3.1957933970261365e-06, 0.00011933333735214546, -0.04375659301877022, 1.0, 0.016333334147930145, -3.1957933970261365e-06, 0.0, 0.0, 1.0172526572205243e-06, -0.016214000061154366, 0.0, 0.0]","[0.0, 0.0, 1.0, 0.5350829362869263, 0.0, 0.7490156888961792, 0.35403507947921753, 0.8960561156272888]",-40.58646853529561
17.25000000000011,151.50088500976562,304.44976806640625,20.069580078125,0.01568603515625,1.0,"[0.7789721488952637, 0.0, 0.15810416638851166, 0.9285464882850647]","[0.0, 0.0, -3.1957933970261365e-06, 0.00011933333735214546, -0.04375659301877022, 1.0, 0.016333334147930145, -3.1957933970261365e-06, 0.0, 0.0, 1.0172526572205243e-06, -0.016214000061154366, 0.0, 0.0]","[0.0, 0.0, 1.0, 0.5350829362869263, 0.0, 0.7490156888961792, 0.35403507947921753, 0.8960561156272888]",-41.29547129585821
17.30000000000011,150.49319458007812,304.463623046875,20.214609146118164,0.0240478515625,1.0,"[0.774213433265686, 0.0, 0.18893450498580933, 0.9464021921157837]","[0.0, 0.0, -3.1957933970261365e-06, 0.00011933333735214546, -0.04375659301877022, 1.0, 0.016333334147930145, -3.1957933970261365e-06, 0.0, 0.0, 1.0172526572205243e-06, -0.016214000061154366, 0.0, 0.0]","[0.0, 0.0, 1.0, 0.5350829362869263, 0.0, 0.7490156888961792, 0.35403507947921753, 0.8960561156272888]",-42.13684720468925
17.35000000000011,149.47817993164062,304.4750061035156,20.359819412231445,0.02252197265625,1.0,"[0.7694487571716309, 0.0, 0.19438503682613373, 0.9740428328514099]","[0.0, 0.0, -3.1957933970261365e-06, 0.00011933333735214546, -0.04375659301877022, 1.0, 0.016333334147930145, -3.1957933970261365e-06, 0.0, 0.0, 1.0172526572205243e-06, -0.016214000061154366, 0.0, 0.0]","[0.0, 0.0, 1.0, 0.5350829362869263, 0.0, 0.7490156888961792, 0.35403507947921753, 0.8960561156272888]",-42.9882040690073
17.400000000000112,148.4558868408203,304.4844055175781,20.505720138549805,0.012054443359375,1.0,"[0.764661431312561, 0.0, 0.17678768932819366, 0.9611612558364868]","[0.0, 0.0, -3.1957933970261365e-06, 0.00011933333735214546, -0.04375659301877022, 1.0, 0.016333334147930145, -3.1957933970261365e-06, 0.0, 0.0, 1.0172526572205243e-06, -0.016214000061154366, 0.0, 0.0]","[0.0, 0.0, 1.0, 0.5350829362869263, 0.0, 0.7490156888961792, 0.35403507947921753, 0.8960561156272888]",-43.85119128250371
17.450000000000113,147.42626953125,304.492431640625,20.651779174804688,0.001251220703125,1.0,"[0.7598689198493958, 0.0, 0.15774813294410706, 0.9602257013320923]","[0.0, 0.0, -3.1957933970261365e-06, 0.00011933333735214546, -0.04375659301877022, 1.0, 0.016333334147930145, -3.1957933970261365e-06, 0.0, 0.0, 1.0172526572205243e-06, -0.016214000061154366, 0.0, 0.0]","[0.0, 0.0, 1.0, 0.5350829362869263, 0.0, 0.7490156888961792, 0.35403507947921753, 0.8960561156272888]",-44.60738101856685
17.500000000000114,146.38931274414062,304.4990234375,20.79785919189453,-0.002197265625,1.0,"[0.7550756931304932, 0.0, 0.15653494000434875, 0.9732346534729004]","[0.0, 0.0, -3.1957933970261365e-06, 0.00011933333735214546, -0.04375659301877022, 1.0, 0.016333334147930145, -3.1957933970261365e-06, 0.0, 0.0, 1.0172526572205243e-06, -0.016214000061154366, 0.0, 0.0]","[0.0, 0.0, 1.0, 0.5350829362869263, 0.0, 0.7490156888961792, 0.35403507947921753, 0.8960561156272888]",-45.49247391096425
17.550000000000114,145.34506225585938,304.5036926269531,20.944000244140625,-0.00018310546875,1.0,"[0.750280499458313, 0.0, 0.16454240679740906, 0.9678183197975159]","[0.0, 0.0, -3.1957933970261365e-06, 0.00011933333735214546, -0.04375659301877022, 1.0, 0.016333334147930145, -3.1957933970261365e-06, 0.0, 0.0, 1.0172526572205243e-06, -0.016214000061154366, 0.0, 0.0]","[0.0, 0.0, 1.0, 0.5350829362869263, 0.0, 0.7490156888961792, 0.35403507947921753, 0.8960561156272888]",-46.38674586960199
17.600000000000115,144.2935028076172,304.5065002441406,21.090299606323242,0.0003662109375,1.0,"[0.7454800605773926, 0.0, 0.162381112575531, 0.9777773022651672]","[0.0, 0.0, -3.1957933970261365e-06, 0.00011933333735214546, -0.04375659301877022, 1.0, 0.016333334147930145, -3.1957933970261365e-06, 0.0, 0.0, 1.0172526572205243e-06, -0.016214000061154366, 0.0, 0.0]","[0.0, 0.0, 1.0, 0.5350829362869263, 0.0, 0.7490156888961792, 0.35403507947921753, 0.8960561156272888]",-47.28965065366661
17.650000000000116,143.234619140625,304.5076599121094,21.2368106842041,0.000335693359375,1.0,"[0.7406727075576782, 0.0, 0.15747955441474915, 0.9748625159263611]","[0.0, 0.0, -3.1957933970261365e-06, 0.00011933333735214546, -0.04375659301877022, 1.0, 0.016333334147930145, -3.1957933970261365e-06, 0.0, 0.0, 1.0172526572205243e-06, -0.016214000061154366, 0.0, 0.0]","[0.0, 0.0, 1.0, 0.5350829362869263, 0.0, 0.7490156888961792, 0.35403507947921753, 0.8960561156272888]",-48.07867936869465
17.700000000000117,142.1683807373047,304.50750732421875,21.383520126342773,0.000335693359375,1.0,"[0.7358588576316833, 0.0, 0.15290285646915436, 0.9751387238502502]","[0.0, 0.0, -3.1957933970261365e-06, 0.00011933333735214546, -0.04375659301877022, 1.0, 0.016333334147930145, -3.1957933970261365e-06, 0.0, 0.0, 1.0172526572205243e-06, -0.016214000061154366, 0.0, 0.0]","[0.0, 0.0, 1.0, 0.5350829362869263, 0.0, 0.7490156888961792, 0.35403507947921753, 0.8960561156272888]",-49.001807565307445
17.750000000000117,141.09478759765625,304.5061950683594,21.530420303344727,0.000335693359375,1.0,"[0.7310386896133423, 0.0, 0.1487947404384613, 0.9755724668502808]","[0.0, 0.0, -3.1957933970261365e-06, 0.00011933333735214546, -0.04375659301877022, 1.0, 0.016333334147930145, -3.1957933970261365e-06, 0.0, 0.0, 1.0172526572205243e-06, -0.016214000061154366, 0.0, 0.0]","[0.0, 0.0, 1.0, 0.5350829362869263, 0.0, 0.7490156888961792, 0.35403507947921753, 0.8960561156272888]",-49.933223666209116
17.800000000000118,140.0138702392578,304.50396728515625,21.677539825439453,0.000335693359375,1.0,"[0.726211428642273, 0.0, 0.14530108869075775, 0.9761500358581543]","[0.0, 0.0, -3.1957933970261365e-06, 0.00011933333735214546, -0.04375659301877022, 1.0, 0.016333334147930145, -3.1957933970261365e-06, 0.0, 0.0, 1.0172526572205243e-06, -0.016214000061154366, 0.0, 0.0]","[0.0, 0.0, 1.0, 0.5350829362869263, 0.0, 0.7490156888961792, 0.35403507947921753, 0.8960561156272888]",-50.87147706134569
17.85000000000012,138.92556762695312,304.5009765625,21.8248291015625,0.000335693359375,1.0,"[0.72137850522995, 0.0, 0.14242637157440186, 0.9767661094665527]","[0.0, 0.0, -3.1957933970261365e-06, 0.00011933333735214546, -0.04375659301877022, 1.0, 0.016333334147930145, -3.1957933970261365e-06, 0.0, 0.0, 1.0172526572205243e-06, -0.016214000061154366, 0.0, 0.0]","[0.0, 0.0, 1.0, 0.5350829362869263, 0.0, 0.7490156888961792, 0.35403507947921753, 0.8960561156272888]",-51.69805346123035
17.90000000000012,137.8299102783203,304.4973449707031,21.972309112548828,0.000335693359375,1.0,"[0.7165393829345703, 0.0, 0.1401367038488388, 0.9773303866386414]","[0.0, 0.0, -3.1957933970261365e-06, 0.00011933333735214546, -0.04375659301877022, 1.0, 0.016333334147930145, -3.1957933970261365e-06, 0.0, 0.0, 1.0172526572205243e-06, -0.016214000061154366, 0.0, 0.0]","[0.0, 0.0, 1.0, 0.5350829362869263, 0.0, 0.7490156888961792, 0.35403507947921753, 0.8960561156272888]",-52.65466346469161
17.95000000000012,136.72686767578125,304.4931640625,22.119979858398438,0.000335693359375,1.0,"[0.7116939425468445, 0.0, 0.13836219906806946, 0.9778242111206055]","[0.0, 0.0, -3.1957933970261365e-06, 0.00011933333735214546, -0.04375659301877022, 1.0, 0.016333334147930145, -3.1957933970261365e-06, 0.0, 0.0, 1.0172526572205243e-06, -0.016214000061154366, 0.0, 0.0]","[0.0, 0.0, 1.0, 0.5350829362869263, 0.0, 0.7490156888961792, 0.35403507947921753, 0.8960561156272888]",-53.62116612131241
18.00000000000012,135.616455078125,304.4885559082031,22.26782989501953,0.000335693359375,1.0,"[0.7068426609039307, 0.0, 0.1370100975036621, 0.978240430355072]","[0.0, 0.0, -3.1957933970261365e-06, 0.00011933333735214546, -0.04375659301877022, 1.0, 0.016333334147930145, -3.1957933970261365e-06, 0.0, 0.0, 1.0172526572205243e-06, -0.016214000061154366, 0.0, 0.0]","[0.0, 0.0, 1.0, 0.5350829362869263, 0.0, 0.7490156888961792, 0.35403507947921753, 0.8960561156272888]",-54.59593409355315
18.05000000000012,134.49862670898438,304.48358154296875,22.41585922241211,0.000335693359375,1.0,"[0.7019854784011841, 0.0, 0.13600967824459076, 0.9785738587379456]","[0.0, 0.0, -3.1957933970261365e-06, 0.00011933333735214546, -0.04375659301877022, 1.0, 0.016333334147930145, -3.1957933970261365e-06, 0.0, 0.0, 1.0172526572205243e-06, -0.016214000061154366, 0.0, 0.0]","[0.0, 0.0, 1.0, 0.5350829362869263, 0.0, 0.7490156888961792, 0.35403507947921753, 0.8960561156272888]",-55.45303817077209
18.100000000000122,133.37339782714844,304.4783020019531,22.56407928466797,0.000335693359375,1.0,"[0.6971220374107361, 0.0, 0.13529539108276367, 0.9788327217102051]","[0.0, 0.0, -3.1957933970261365e-06, 0.00011933333735214546, -0.04375659301877022, 1.0, 0.016333334147930145, -3.1957933970261365e-06, 0.0, 0.0, 1.0172526572205243e-06, -0.016214000061154366, 0.0, 0.0]","[0.0, 0.0, 1.0, 0.5350829362869263, 0.0, 0.7490156888961792, 0.35403507947921753, 0.8960561156272888]",-56.435665999174624
18.150000000000123,132.24075317382812,304.47271728515625,22.712480545043945,0.000335693359375,1.0,"[0.6922526955604553, 0.0, 0.13479867577552795, 0.9790337681770325]","[0.0, 0.0, -3.1957933970261365e-06, 0.00011933333735214546, -0.04375659301877022, 1.0, 0.016333334147930145, -3.1957933970261365e-06, 0.0, 0.0, 1.0172526572205243e-06, -0.016214000061154366, 0.0, 0.0]","[0.0, 0.0, 1.0, 0.5350829362869263, 0.0, 0.7490156888961792, 0.35403507947921753, 0.8960561156272888]",-57.42394328080716
18.200000000000124,131.10067749023438,304.4668884277344,22.861059188842773,0.000335693359375,1.0,"[0.6873774528503418, 0.0, 0.13447384536266327, 0.979184627532959]","[0.0, 0.0, -3.1957933970261365e-06, 0.00011933333735214546, -0.04375659301877022, 1.0, 0.016333334147930145, -3.1957933970261365e-06, 0.0, 0.0, 1.0172526572205243e-06, -0.016214000061154366, 0.0, 0.0]","[0.0, 0.0, 1.0, 0.5350829362869263, 0.0, 0.7490156888961792, 0.35403507947921753, 0.8960561156272888]",-58.412664145449995
18.250000000000124,129.95318603515625,304.4608154296875,23.00982093811035,0.000335693359375,1.0,"[0.6824963092803955, 0.0, 0.1342892348766327, 0.9792822003364563]","[0.0, 0.0, -3.1957933970261365e-06, 0.00011933333735214546, -0.04375659301877022, 1.0, 0.016333334147930145, -3.1957933970261365e-06, 0.0, 0.0, 1.0172526572205243e-06, -0.016214000061154366, 0.0, 0.0]","[0.0, 0.0, 1.0, 0.5350829362869263, 0.0, 0.7490156888961792, 0.35403507947921753, 0.8960561156272888]",-59.26315132965476
18.300000000000125,128.79823303222656,304.4544982910156,23.15876007080078,0.000335693359375,1.0,"[0.6776092648506165, 0.0, 0.13420264422893524, 0.9793508052825928]","[0.0, 0.0, -3.1957933970261365e-06, 0.00011933333735214546, -0.04375659301877022, 1.0, 0.016333334147930145, -3.1957933970261365e-06, 0.0, 0.0, 1.0172526572205243e-06, -0.016214000061154366, 0.0, 0.0]","[0.0, 0.0, 1.0, 0.5350829362869263, 0.0, 0.7490156888961792, 0.35403507947921753, 0.8960561156272888]",-60.26174557580885
18.350000000000126,127.63582611083984,304.447998046875,23.307889938354492,0.000335693359375,1.0,"[0.672715961933136, 0.0, 0.13419561088085175, 0.9793820381164551]","[0.0, 0.0, -3.1957933970261365e-06, 0.00011933333735214546, -0.04375659301877022, 1.0, 0.016333334147930145, -3.1957933970261365e-06, 0.0, 0.0, 1.0172526572205243e-06, -0.016214000061154366, 0.0, 0.0]","[0.0, 0.0, 1.0, 0.5350829362869263, 0.0, 0.7490156888961792, 0.35403507947921753, 0.8960561156272888]",-61.268327210177326
18.400000000000126,126.46597290039062,304.4412536621094,23.457189559936523,0.000335693359375,1.0,"[0.6678171157836914, 0.0, 0.13424482941627502, 0.9793968200683594]","[0.0, 0.0, -3.1957933970261365e-06, 0.00011933333735214546, -0.04375659301877022, 1.0, 0.016333334147930145, -3.1957933970261365e-06, 0.0, 0.0, 1.0172526572205243e-06, -0.016214000061154366, 0.0, 0.0]","[0.0, 0.0, 1.0, 0.5350829362869263, 0.0, 0.7490156888961792, 0.35403507947921753, 0.8960561156272888]",-62.27862540568676
18.450000000000127,125.28864288330078,304.4343566894531,23.606679916381836,0.000335693359375,1.0,"[0.6629120111465454, 0.0, 0.13433539867401123, 0.9793907403945923]","[0.0, 0.0, -3.1957933970261365e-06, 0.00011933333735214546, -0.04375659301877022, 1.0, 0.016333334147930145, -3.1957933970261365e-06, 0.0, 0.0, 1.0172526572205243e-06, -0.016214000061154366, 0.0, 0.0]","[0.0, 0.0, 1.0, 0.5350829362869263, 0.0, 0.7490156888961792, 0.35403507947921753, 0.8960561156272888]",-63.11645800646306
18.500000000000128,124.10384368896484,304.4272155761719,23.756349563598633,0.000335693359375,1.0,"[0.6580010056495667, 0.0, 0.13445889949798584, 0.9793720841407776]","[0.0, 0.0, -3.1957933970261365e-06, 0.00011933333735214546, -0.04375659301877022, 1.0, 0.016333334147930145, -3.1957933970261365e-06, 0.0, 0.0, 1.0172526572205243e-06, -0.016214000061154366, 0.0, 0.0]","[0.0, 0.0, 1.0, 0.5350829362869263, 0.0, 0.7490156888961792, 0.35403507947921753, 0.8960561156272888]",-64.12236840376998
18.55000000000013,122.91155242919922,304.4198913574219,23.906200408935547,0.000335693359375,1.0,"[0.6530840396881104, 0.0, 0.13460394740104675, 0.9793509244918823]","[0.0, 0.0, -3.1957933970261365e-06, 0.00011933333735214546, -0.04375659301877022, 1.0, 0.016333334147930145, -3.1957933970261365e-06, 0.0, 0.0, 1.0172526572205243e-06, -0.016214000061154366, 0.0, 0.0]","[0.0, 0.0, 1.0, 0.5350829362869263, 0.0, 0.7490156888961792, 0.35403507947921753, 0.8960561156272888]",-65.1415061681586
18.60000000000013,121.71175384521484,304.412353515625,24.05621910095215,0.000335693359375,1.0,"[0.6481616497039795, 0.0, 0.13476042449474335, 0.9793329834938049]","[0.0, 0.0, -3.1957933970261365e-06, 0.00011933333735214546, -0.04375659301877022, 1.0, 0.016333334147930145, -3.1957933970261365e-06, 0.0, 0.0, 1.0172526572205243e-06, -0.016214000061154366, 0.0, 0.0]","[0.0, 0.0, 1.0, 0.5350829362869263, 0.0, 0.7490156888961792, 0.35403507947921753, 0.8960561156272888]",-66.15606991162628
18.65000000000013,120.50446319580078,304.4046630859375,24.206430435180664,0.000335693359375,1.0,"[0.6432328224182129, 0.0, 0.13493669033050537, 0.9792943596839905]","[0.0, 0.0, -3.1957933970261365e-06, 0.00011933333735214546, -0.04375659301877022, 1.0, 0.016333334147930145, -3.1957933970261365e-06, 0.0, 0.0, 1.0172526572205243e-06, -0.016214000061154366, 0.0, 0.0]","[0.0, 0.0, 1.0, 0.5350829362869263, 0.0, 0.7490156888961792, 0.35403507947921753, 0.8960561156272888]",-66.98032466108351
18.70000000000013,119.28964233398438,304.396728515625,24.35681915283203,0.000335693359375,1.0,"[0.6382982730865479, 0.0, 0.13511604070663452, 0.9792750477790833]","[0.0, 0.0, -3.1957933970261365e-06, 0.00011933333735214546, -0.04375659301877022, 1.0, 0.016333334147930145, -3.1957933970261365e-06, 0.0, 0.0, 1.0172526572205243e-06, -0.016214000061154366, 0.0, 0.0]","[0.0, 0.0, 1.0, 0.5350829362869263, 0.0, 0.7490156888961792, 0.35403507947921753, 0.8960561156272888]",-67.99026101412677
18.75000000000013,118.06731414794922,304.38861083984375,24.50737953186035,0.000335693359375,1.0,"[0.6333580017089844, 0.0, 0.1352979987859726, 0.9792537689208984]","[0.0, 0.0, -3.1957933970261365e-06, 0.00011933333735214546, -0.04375659301877022, 1.0, 0.016333334147930145, -3.1957933970261365e-06, 0.0, 0.0, 1.0172526572205243e-06, -0.016214000061154366, 0.0, 0.0]","[0.0, 0.0, 1.0, 0.5350829362869263, 0.0, 0.7490156888961792, 0.35403507947921753, 0.8960561156272888]",-69.00315641931053
18.800000000000132,116.83744812011719,304.3802795410156,24.658130645751953,0.000335693359375,1.0,"[0.6284115314483643, 0.0, 0.13548877835273743, 0.9792200326919556]","[0.0, 0.0, -3.1957933970261365e-06, 0.00011933333735214546, -0.04375659301877022, 1.0, 0.016333334147930145, -3.1957933970261365e-06, 0.0, 0.0, 1.0172526572205243e-06, -0.016214000061154366, 0.0, 0.0]","[0.0, 0.0, 1.0, 0.5350829362869263, 0.0, 0.7490156888961792, 0.35403507947921753, 0.8960561156272888]",-70.0280505786692
18.850000000000133,115.60003662109375,304.37176513671875,24.809049606323242,0.000335693359375,1.0,"[0.6234595775604248, 0.0, 0.13567779958248138, 0.9792015552520752]","[0.0, 0.0, -3.1957933970261365e-06, 0.00011933333735214546, -0.04375659301877022, 1.0, 0.016333334147930145, -3.1957933970261365e-06, 0.0, 0.0, 1.0172526572205243e-06, -0.016214000061154366, 0.0, 0.0]","[0.0, 0.0, 1.0, 0.5350829362869263, 0.0, 0.7490156888961792, 0.35403507947921753, 0.8960561156272888]",-70.83857404933538
18.900000000000134,114.35505676269531,304.3630065917969,24.960140228271484,0.000335693359375,1.0,"[0.6185019016265869, 0.0, 0.13586856424808502, 0.979176938533783]","[0.0, 0.0, -3.1957933970261365e-06, 0.00011933333735214546, -0.04375659301877022, 1.0, 0.016333334147930145, -3.1957933970261365e-06, 0.0, 0.0, 1.0172526572205243e-06, -0.016214000061154366, 0.0, 0.0]","[0.0, 0.0, 1.0, 0.5350829362869263, 0.0, 0.7490156888961792, 0.35403507947921753, 0.8960561156272888]",-71.85625398300402
18.950000000000134,113.10255432128906,304.35406494140625,25.111419677734375,0.000335693359375,1.0,"[0.6135381460189819, 0.0, 0.1360602229833603, 0.9791509509086609]","[0.0, 0.0, -3.1957933970261365e-06, 0.00011933333735214546, -0.04375659301877022, 1.0, 0.016333334147930145, -3.1957933970261365e-06, 0.0, 0.0, 1.0172526572205243e-06, -0.016214000061154366, 0.0, 0.0]","[0.0, 0.0, 1.0, 0.5350829362869263, 0.0, 0.7490156888961792, 0.35403507947921753, 0.8960561156272888]",-72.8782855094391
19.000000000000135,111.84249114990234,304.34490966796875,25.262880325317383,0.000335693359375,1.0,"[0.6085683703422546, 0.0, 0.136252298951149, 0.9791260361671448]","[0.0, 0.0, -3.1957933970261365e-06, 0.00011933333735214546, -0.04375659301877022, 1.0, 0.016333334147930145, -3.1957933970261365e-06, 0.0, 0.0, 1.0172526572205243e-06, -0.016214000061154366, 0.0, 0.0]","[0.0, 0.0, 1.0, 0.5350829362869263, 0.0, 0.7490156888961792, 0.35403507947921753, 0.8960561156272888]",-73.89868408095415
19.050000000000136,110.57479858398438,304.3355407714844,25.41451072692871,0.000335693359375,1.0,"[0.6035929918289185, 0.0, 0.13644394278526306, 0.9791036248207092]","[0.0, 0.0, -3.1957933970261365e-06, 0.00011933333735214546, -0.04375659301877022, 1.0, 0.016333334147930145, -3.1957933970261365e-06, 0.0, 0.0, 1.0172526572205243e-06, -0.016214000061154366, 0.0, 0.0]","[0.0, 0.0, 1.0, 0.5350829362869263, 0.0, 0.7490156888961792, 0.35403507947921753, 0.8960561156272888]",-74.68679524538966
19.100000000000136,109.299560546875,304.3258972167969,25.566320419311523,0.000335693359375,1.0,"[0.5986118316650391, 0.0, 0.13663339614868164, 0.9790806770324707]","[0.0, 0.0, -3.1957933970261365e-06, 0.00011933333735214546, -0.04375659301877022, 1.0, 0.016333334147930145, -3.1957933970261365e-06, 0.0, 0.0, 1.0172526572205243e-06, -0.016214000061154366, 0.0, 0.0]","[0.0, 0.0, 1.0, 0.5350829362869263, 0.0, 0.7490156888961792, 0.35403507947921753, 0.8960561156272888]",-75.70898676310881
19.150000000000137,108.01671600341797,304.31610107421875,25.718299865722656,0.000335693359375,1.0,"[0.593625009059906, 0.0, 0.13682153820991516, 0.9790595769882202]","[0.0, 0.0, -3.1957933970261365e-06, 0.00011933333735214546, -0.04375659301877022, 1.0, 0.016333334147930145, -3.1957933970261365e-06, 0.0, 0.0, 1.0172526572205243e-06, -0.016214000061154366, 0.0, 0.0]","[0.0, 0.0, 1.0, 0.5350829362869263, 0.0, 0.7490156888961792, 0.35403507947921753, 0.8960561156272888]",-76.73356160008521
19.200000000000138,106.72626495361328,304.3060607910156,25.870460510253906,0.000335693359375,1.0,"[0.5886322855949402, 0.0, 0.13701274991035461, 0.9790306687355042]","[0.0, 0.0, -3.1957933970261365e-06, 0.00011933333735214546, -0.04375659301877022, 1.0, 0.016333334147930145, -3.1957933970261365e-06, 0.0, 0.0, 1.0172526572205243e-06, -0.016214000061154366, 0.0, 0.0]","[0.0, 0.0, 1.0, 0.5350829362869263, 0.0, 0.7490156888961792, 0.35403507947921753, 0.8960561156272888]",-77.77228296782485
19.25000000000014,105.42822265625,304.2957763671875,26.02280044555664,0.000335693359375,1.0,"[0.5836336612701416, 0.0, 0.1371999830007553, 0.9790106415748596]","[0.0, 0.0, -3.1957933970261365e-06, 0.00011933333735214546, -0.04375659301877022, 1.0, 0.016333334147930145, -3.1957933970261365e-06, 0.0, 0.0, 1.0172526572205243e-06, -0.016214000061154366, 0.0, 0.0]","[0.0, 0.0, 1.0, 0.5350829362869263, 0.0, 0.7490156888961792, 0.35403507947921753, 0.8960561156272888]",-78.55730143672906
19.30000000000014,104.1225357055664,304.2852783203125,26.1754207611084,0.000335693359375,1.0,"[0.5786258578300476, 0.0, 0.1374892145395279, 0.9788383841514587]","[0.0, 0.0, -3.1957933970261365e-06, 0.00011933333735214546, -0.04375659301877022, 1.0, 0.016333334147930145, -3.1957933970261365e-06, 0.0, 0.0, 1.0172526572205243e-06, -0.016214000061154366, 0.0, 0.0]","[0.0, 0.0, 1.0, 0.5350829362869263, 0.0, 0.7490156888961792, 0.35403507947921753, 0.8960561156272888]",-79.60532456463834
19.35000000000014,102.81460571289062,304.2744140625,26.15863037109375,0.00152587890625,1.0,"[0.5791767835617065, 0.0, 0.0, 0.7970097661018372]","[0.0, 0.0, -3.1957933970261365e-06, 0.00011933333735214546, -0.04375659301877022, 1.0, 0.016333334147930145, -3.1957933970261365e-06, 0.0, 0.0, 1.0172526572205243e-06, -0.016214000061154366, 0.0, 0.0]","[0.0, 0.0, 1.0, 0.5350829362869263, 0.0, 0.7490156888961792, 0.35403507947921753, 0.8960561156272888]",-80.65681518781956
19.40000000000014,101.50763702392578,304.2632141113281,26.143400192260742,0.002044677734375,1.0,"[0.5796765089035034, 0.0, 0.022591207176446915, 0.9949679374694824]","[0.0, 0.0, -3.1957933970261365e-06, 0.00011933333735214546, -0.04375659301877022, 1.0, 0.016333334147930145, -3.1957933970261365e-06, 0.0, 0.0, 1.0172526572205243e-06, -0.016214000061154366, 0.0, 0.0]","[0.0, 0.0, 1.0, 0.5350829362869263, 0.0, 0.7490156888961792, 0.35403507947921753, 0.8960561156272888]",-81.70184749582866
19.45000000000014,100.197265625,304.25201416015625,26.284469604492188,-0.002532958984375,1.0,"[0.5750477313995361, 0.0, 0.10174444317817688, 0.7940451502799988]","[0.0, 0.0, -3.1957933970261365e-06, 0.00011933333735214546, -0.04375659301877022, 1.0, 0.016333334147930145, -3.1957933970261365e-06, 0.0, 0.0, 1.0172526572205243e-06, -0.016214000061154366, 0.0, 0.0]","[0.0, 0.0, 1.0, 0.5350829362869263, 0.0, 0.7490156888961792, 0.35403507947921753, 0.8960561156272888]",-82.48704644352902
19.500000000000142,98.87828063964844,304.2413330078125,26.440349578857422,-0.006378173828125,1.0,"[0.5699329376220703, 0.0, 0.15364044904708862, 0.9557825326919556]","[0.0, 0.0, -3.1957933970261365e-06, 0.00011933333735214546, -0.04375659301877022, 1.0, 0.016333334147930145, -3.1957933970261365e-06, 0.0, 0.0, 1.0172526572205243e-06, -0.016214000061154366, 0.0, 0.0]","[0.0, 0.0, 1.0, 0.5350829362869263, 0.0, 0.7490156888961792, 0.35403507947921753, 0.8960561156272888]",-83.53701074210913
19.550000000000143,97.55200958251953,304.2317810058594,26.578359603881836,-0.0107421875,1.0,"[0.5654045343399048, 0.0, 0.1536399871110916, 0.9520665407180786]","[0.0, 0.0, -3.1957933970261365e-06, 0.00011933333735214546, -0.04375659301877022, 1.0, 0.016333334147930145, -3.1957933970261365e-06, 0.0, 0.0, 1.0172526572205243e-06, -0.016214000061154366, 0.0, 0.0]","[0.0, 0.0, 1.0, 0.5350829362869263, 0.0, 0.7490156888961792, 0.35403507947921753, 0.8960561156272888]",-84.57615980715593
19.600000000000144,96.21927642822266,304.2239990234375,26.701879501342773,-0.0133056640625,0.92578125,"[0.5613515377044678, 0.6499000191688538, 0.15420307219028473, 0.9589735865592957]","[0.0, 0.0, -3.1957933970261365e-06, 0.00011933333735214546, -0.04375659301877022, 1.0, 0.016333334147930145, -3.1957933970261365e-06, 0.0, 0.0, 1.0172526572205243e-06, -0.016214000061154366, 0.0, 0.0]","[0.0, 0.0, 1.0, 0.5350829362869263, 0.0, 0.7490156888961792, 0.35403507947921753, 0.8960561156272888]",-85.61957108828284
19.650000000000144,94.88094329833984,304.2187194824219,26.80583953857422,-0.01580810546875,0.59765625,"[0.5579404234886169, 1.0, 0.15363076329231262, 0.9317575097084045]","[0.0, 0.0, -3.1957933970261365e-06, 0.00011933333735214546, -0.04375659301877022, 1.0, 0.016333334147930145, -3.1957933970261365e-06, 0.0, 0.0, 1.0172526572205243e-06, -0.016214000061154366, 0.0, 0.0]","[0.0, 0.0, 1.0, 0.5350829362869263, 0.0, 0.7490156888961792, 0.35403507947921753, 0.8960561156272888]",-86.37504952488288
19.700000000000145,93.53853607177734,304.2170715332031,26.873619079589844,-0.0203857421875,0.2738037109375,"[0.5557163953781128, 1.0, 0.14763866364955902, 0.9141299724578857]","[0.0, 0.0, -3.1957933970261365e-06, 0.00011933333735214546, -0.04375659301877022, 1.0, 0.016333334147930145, -3.1957933970261365e-06, 0.0, 0.0, 1.0172526572205243e-06, -0.016214000061154366, 0.0, 0.0]","[0.0, 0.0, 1.0, 0.5350829362869263, 0.0, 0.7490156888961792, 0.35403507947921753, 0.8960561156272888]",-87.41198181401349
19.750000000000146,92.19416046142578,304.2205505371094,26.899059295654297,-0.026947021484375,0.20000000298023224,"[0.5548816323280334, 1.0, 0.14435076713562012, 0.9310954809188843]","[0.0, 0.0, -3.1957933970261365e-06, 0.00011933333735214546, -0.04375659301877022, 1.0, 0.016333334147930145, -3.1957933970261365e-06, 0.0, 0.0, 1.0172526572205243e-06, -0.016214000061154366, 0.0, 0.0]","[0.0, 0.0, 1.0, 0.5350829362869263, 0.0, 0.7490156888961792, 0.35403507947921753, 0.8960561156272888]",-88.44329830560018
19.800000000000146,90.84962463378906,304.23089599609375,26.894010543823242,-0.03411865234375,0.20000000298023224,"[0.555047333240509, 1.0, 0.15669073164463043, 0.941753089427948]","[0.0, 0.0, -3.1957933970261365e-06, 0.00011933333735214546, -0.04375659301877022, 1.0, 0.016333334147930145, -3.1957933970261365e-06, 0.0, 0.0, 1.0172526572205243e-06, -0.016214000061154366, 0.0, 0.0]","[0.0, 0.0, 1.0, 0.5350829362869263, 0.0, 0.7490156888961792, 0.35403507947921753, 0.8960561156272888]",-89.46706475883946
19.850000000000147,89.50608825683594,304.24920654296875,26.870899200439453,-0.041595458984375,0.20000000298023224,"[0.5558056831359863, 1.0, 0.1968250423669815, 0.964524507522583]","[0.0, 0.0, -3.1957933970261365e-06, 0.00011933333735214546, -0.04375659301877022, 1.0, 0.016333334147930145, -3.1957933970261365e-06, 0.0, 0.0, 1.0172526572205243e-06, -0.016214000061154366, 0.0, 0.0]","[0.0, 0.0, 1.0, 0.5350829362869263, 0.0, 0.7490156888961792, 0.35403507947921753, 0.8960561156272888]",-90.14631000646764
19.900000000000148,88.16437530517578,304.2777404785156,26.833410263061523,-0.046539306640625,0.20000000298023224,"[0.5570358037948608, 1.0, 0.26629361510276794, 0.9290009140968323]","[0.0, 0.0, -3.1957933970261365e-06, 0.00011933333735214546, -0.04375659301877022, 1.0, 0.016333334147930145, -3.1957933970261365e-06, 0.0, 0.0, 1.0172526572205243e-06, -0.016214000061154366, 0.0, 0.0]","[0.0, 0.0, 1.0, 0.5350829362869263, 0.0, 0.7490156888961792, 0.35403507947921753, 0.8960561156272888]",-91.15450843588764
19.95000000000015,86.8250732421875,304.318115234375,26.78830909729004,-0.046295166015625,0.20000000298023224,"[0.5585156679153442, 1.0, 0.2906593382358551, 0.9664749503135681]","[0.0, 0.0, -3.1957933970261365e-06, 0.00011933333735214546, -0.04375659301877022, 1.0, 0.016333334147930145, -3.1957933970261365e-06, 0.0, 0.0, 1.0172526572205243e-06, -0.016214000061154366, 0.0, 0.0]","[0.0, 0.0, 1.0, 0.5350829362869263, 0.0, 0.7490156888961792, 0.35403507947921753, 0.8960561156272888]",-92.14808531397127
20.00000000000015,85.48860931396484,304.3712158203125,26.738670349121094,-0.04229736328125,0.20000000298023224,"[0.5601444244384766, 1.0, 0.3075138330459595, 0.9743702411651611]","[0.0, 0.0, -3.1957933970261365e-06, 0.00011933333735214546, -0.04375659301877022, 1.0, 0.016333334147930145, -3.1957933970261365e-06, 0.0, 0.0, 1.0172526572205243e-06, -0.016214000061154366, 0.0, 0.0]","[0.0, 0.0, 1.0, 0.5350829362869263, 0.0, 0.7490156888961792, 0.35403507947921753, 0.8960561156272888]",-93.13847083169854
20.05000000000015,84.15531158447266,304.4379577636719,26.685800552368164,-0.0379638671875,0.20000000298023224,"[0.5618791580200195, 1.0, 0.3233458995819092, 0.9762674570083618]","[0.0, 0.0, -3.1957933970261365e-06, 0.00011933333735214546, -0.04375659301877022, 1.0, 0.016333334147930145, -3.1957933970261365e-06, 0.0, 0.0, 1.0172526572205243e-06, -0.016214000061154366, 0.0, 0.0]","[0.0, 0.0, 1.0, 0.5350829362869263, 0.0, 0.7490156888961792, 0.35403507947921753, 0.8960561156272888]",-93.75061672651302
20.10000000000015,82.82552337646484,304.5191955566406,26.630449295043945,-0.0343017578125,0.20000000298023224,"[0.5636953711509705, 1.0, 0.337899774312973, 0.9768802523612976]","[0.0, 0.0, -3.1957933970261365e-06, 0.00011933333735214546, -0.04375659301877022, 1.0, 0.016333334147930145, -3.1957933970261365e-06, 0.0, 0.0, 1.0172526572205243e-06, -0.016214000061154366, 0.0, 0.0]","[0.0, 0.0, 1.0, 0.5350829362869263, 0.0, 0.7490156888961792, 0.35403507947921753, 0.8960561156272888]",-94.71007578020438
20.15000000000015,81.49952697753906,304.6153869628906,26.57402992248535,-0.028564453125,0.20000000298023224,"[0.5655466318130493, 1.0, 0.3422672152519226, 0.9843096137046814]","[0.0, 0.0, -3.1957933970261365e-06, 0.00011933333735214546, -0.04375659301877022, 1.0, 0.016333334147930145, -3.1957933970261365e-06, 0.0, 0.0, 1.0172526572205243e-06, -0.016214000061154366, 0.0, 0.0]","[0.0, 0.0, 1.0, 0.5350829362869263, 0.0, 0.7490156888961792, 0.35403507947921753, 0.8960561156272888]",-95.6488577156011
20.200000000000152,80.177490234375,304.7264709472656,26.517629623413086,-0.021514892578125,0.20000000298023224,"[0.5673972368240356, 1.0, 0.33832964301109314, 0.9830381870269775]","[0.0, 0.0, -3.1957933970261365e-06, 0.00011933333735214546, -0.04375659301877022, 1.0, 0.016333334147930145, -3.1957933970261365e-06, 0.0, 0.0, 1.0172526572205243e-06, -0.016214000061154366, 0.0, 0.0]","[0.0, 0.0, 1.0, 0.5350829362869263, 0.0, 0.7490156888961792, 0.35403507947921753, 0.8960561156272888]",-96.56986026634796
20.250000000000153,78.85954284667969,304.8521728515625,26.461700439453125,-0.015350341796875,0.20000000298023224,"[0.5692323446273804, 1.0, 0.3283446431159973, 0.9795138239860535]","[0.0, 0.0, -3.1957933970261365e-06, 0.00011933333735214546, -0.04375659301877022, 1.0, 0.016333334147930145, -3.1957933970261365e-06, 0.0, 0.0, 1.0172526572205243e-06, -0.016214000061154366, 0.0, 0.0]","[0.0, 0.0, 1.0, 0.5350829362869263, 0.0, 0.7490156888961792, 0.35403507947921753, 0.8960561156272888]",-97.04278422659871
20.300000000000153,77.54582214355469,304.9918212890625,26.403900146484375,-0.00897216796875,0.20000000298023224,"[0.5711289644241333, 1.0, 0.3116149306297302, 0.9700647592544556]","[0.0, 0.0, -3.1957933970261365e-06, 0.00011933333735214546, -0.04375659301877022, 1.0, 0.016333334147930145, -3.1957933970261365e-06, 0.0, 0.0, 1.0172526572205243e-06, -0.016214000061154366, 0.0, 0.0]","[0.0, 0.0, 1.0, 0.5350829362869263, 0.0, 0.7490156888961792, 0.35403507947921753, 0.8960561156272888]",-97.91011927595208
20.350000000000154,76.23655700683594,305.14373779296875,26.33732032775879,0.00335693359375,0.20000000298023224,"[0.5733135938644409, 1.0, 0.2770228385925293, 0.9394506216049194]","[0.0, 0.0, -3.1957933970261365e-06, 0.00011933333735214546, -0.04375659301877022, 1.0, 0.016333334147930145, -3.1957933970261365e-06, 0.0, 0.0, 1.0172526572205243e-06, -0.016214000061154366, 0.0, 0.0]","[0.0, 0.0, 1.0, 0.5350829362869263, 0.0, 0.7490156888961792, 0.35403507947921753, 0.8960561156272888]",-98.74786099456583
20.400000000000155,74.9321517944336,305.3050842285156,26.255769729614258,0.020050048828125,0.20000000298023224,"[0.5759894251823425, 1.0, 0.22670461237430573, 0.9118866920471191]","[0.0, 0.0, -3.1957933970261365e-06, 0.00011933333735214546, -0.04375659301877022, 1.0, 0.016333334147930145, -3.1957933970261365e-06, 0.0, 0.0, 1.0172526572205243e-06, -0.016214000061154366, 0.0, 0.0]","[0.0, 0.0, 1.0, 0.5350829362869263, 0.0, 0.7490156888961792, 0.35403507947921753, 0.8960561156272888]",-99.55021492954565
20.450000000000156,73.63302612304688,305.47216796875,26.159759521484375,0.038848876953125,0.20000000298023224,"[0.579139769077301, 1.0, 0.16947516798973083, 0.8919157981872559]","[0.0, 0.0, -3.1957933970261365e-06, 0.00011933333735214546, -0.04375659301877022, 1.0, 0.016333334147930145, -3.1957933970261365e-06, 0.0, 0.0, 1.0172526572205243e-06, -0.016214000061154366, 0.0, 0.0]","[0.0, 0.0, 1.0, 0.5350829362869263, 0.0, 0.7490156888961792, 0.35403507947921753, 0.8960561156272888]",-99.81280307254481
20.500000000000156,72.3392105102539,305.6410217285156,26.054670333862305,0.05523681640625,0.20000000298023224,"[0.5825879573822021, 1.0, 0.11997275054454803, 0.8891259431838989]","[0.0, 0.0, -3.1957933970261365e-06, 0.00011933333735214546, -0.04375659301877022, 1.0, 0.016333334147930145, -3.1957933970261365e-06, 0.0, 0.0, 1.0172526572205243e-06, -0.016214000061154366, 0.0, 0.0]","[0.0, 0.0, 1.0, 0.5350829362869263, 0.0, 0.7490156888961792, 0.35403507947921753, 0.8960561156272888]",-100.5985288793473
20.550000000000157,71.05049133300781,305.8070373535156,25.943220138549805,0.07183837890625,0.20000000298023224,"[0.5862448811531067, 1.0, 0.2114180028438568, 0.877291738986969]","[0.0, 0.0, -3.1957933970261365e-06, 0.00011933333735214546, -0.04375659301877022, 1.0, 0.016333334147930145, -3.1957933970261365e-06, 0.0, 0.0, 1.0172526572205243e-06, -0.016214000061154366, 0.0, 0.0]","[0.0, 0.0, 1.0, 0.5350829362869263, 0.0, 0.7490156888961792, 0.35403507947921753, 0.8960561156272888]",-101.37226053509686
20.600000000000158,69.7664566040039,305.9656066894531,25.83527946472168,0.08367919921875,0.20000000298023224,"[0.5897866487503052, 1.0, 0.2913243770599365, 0.884071409702301]","[0.0, 0.0, -3.1957933970261365e-06, 0.00011933333735214546, -0.04375659301877022, 1.0, 0.016333334147930145, -3.1957933970261365e-06, 0.0, 0.0, 1.0172526572205243e-06, -0.016214000061154366, 0.0, 0.0]","[0.0, 0.0, 1.0, 0.5350829362869263, 0.0, 0.7490156888961792, 0.35403507947921753, 0.8960561156272888]",-102.05870476520107
20.65000000000016,68.48602294921875,306.1123046875,25.734399795532227,0.090667724609375,0.20000000298023224,"[0.5930967330932617, 1.0, 0.3597850501537323, 0.8926377892494202]","[0.0, 0.0, -3.1957933970261365e-06, 0.00011933333735214546, -0.04375659301877022, 1.0, 0.016333334147930145, -3.1957933970261365e-06, 0.0, 0.0, 1.0172526572205243e-06, -0.016214000061154366, 0.0, 0.0]","[0.0, 0.0, 1.0, 0.5350829362869263, 0.0, 0.7490156888961792, 0.35403507947921753, 0.8960561156272888]",-102.00777557280254
20.70000000000016,67.20955657958984,306.2430419921875,25.593299865722656,0.09393310546875,0.20000000298023224,"[0.597726583480835, 1.0, 0.4581890404224396, 0.8839757442474365]","[0.0, 0.0, -3.1957933970261365e-06, 0.00011933333735214546, -0.04375659301877022, 1.0, 0.016333334147930145, -3.1957933970261365e-06, 0.0, 0.0, 1.0172526572205243e-06, -0.016214000061154366, 0.0, 0.0]","[0.0, 0.0, 1.0, 0.5350829362869263, 0.0, 0.7490156888961792, 0.35403507947921753, 0.8960561156272888]",-102.62442426100456
20.75000000000016,65.94264221191406,306.3538513183594,25.344480514526367,0.097686767578125,0.20000000298023224,"[0.6058908700942993, 1.0, 0.6124351620674133, 0.8113463521003723]","[0.0, 0.0, -3.1957933970261365e-06, 0.00011933333735214546, -0.04375659301877022, 1.0, 0.016333334147930145, -3.1957933970261365e-06, 0.0, 0.0, 1.0172526572205243e-06, -0.016214000061154366, 0.0, 0.0]","[0.0, 0.0, 1.0, 0.5350829362869263, 0.0, 0.7490156888961792, 0.35403507947921753, 0.8960561156272888]",-103.23618378788981
20.80000000000016,64.68587493896484,306.4410095214844,25.114540100097656,0.1024169921875,0.20000000298023224,"[0.6134357452392578, 1.0, 0.6564224362373352, 0.8873573541641235]","[0.0, 0.0, -3.1957933970261365e-06, 0.00011933333735214546, -0.04375659301877022, 1.0, 0.016333334147930145, -3.1957933970261365e-06, 0.0, 0.0, 1.0172526572205243e-06, -0.016214000061154366, 0.0, 0.0]","[0.0, 0.0, 1.0, 0.5350829362869263, 0.0, 0.7490156888961792, 0.35403507947921753, 0.8960561156272888]",-103.84487392804749
20.85000000000016,63.4388542175293,306.5012512207031,24.892200469970703,0.106475830078125,0.20000000298023224,"[0.6207311749458313, 1.0, 0.6802676916122437, 0.9025393128395081]","[0.0, 0.0, -3.1957933970261365e-06, 0.00011933333735214546, -0.04375659301877022, 1.0, 0.016333334147930145, -3.1957933970261365e-06, 0.0, 0.0, 1.0172526572205243e-06, -0.016214000061154366, 0.0, 0.0]","[0.0, 0.0, 1.0, 0.5350829362869263, 0.0, 0.7490156888961792, 0.35403507947921753, 0.8960561156272888]",-103.81009276464742
20.900000000000162,62.20204544067383,306.5314025878906,24.66551971435547,0.117034912109375,0.20000000298023224,"[0.628169059753418, 1.0, 0.6733072400093079, 0.8974477052688599]","[0.0, 0.0, -3.1957933970261365e-06, 0.00011933333735214546, -0.04375659301877022, 1.0, 0.016333334147930145, -3.1957933970261365e-06, 0.0, 0.0, 1.0172526572205243e-06, -0.016214000061154366, 0.0, 0.0]","[0.0, 0.0, 1.0, 0.5350829362869263, 0.0, 0.7490156888961792, 0.35403507947921753, 0.8960561156272888]",-104.35336135656398
20.950000000000163,60.97675323486328,306.5279541015625,24.42452049255371,0.136322021484375,0.20000000298023224,"[0.636076807975769, 1.0, 0.6734066009521484, 0.8871139287948608]","[0.0, 0.0, -3.1957933970261365e-06, 0.00011933333735214546, -0.04375659301877022, 1.0, 0.016333334147930145, -3.1957933970261365e-06, 0.0, 0.0, 1.0172526572205243e-06, -0.016214000061154366, 0.0, 0.0]","[0.0, 0.0, 1.0, 0.5350829362869263, 0.0, 0.7490156888961792, 0.35403507947921753, 0.8960561156272888]",-105.57792248823205
