sim_time,x,y,speed,steer,throttle,style_scores,alert_state,alert_raw,alert_score
0.05,104.59001922607422,191.77003479003906,0.9800000190734863,0.0,0.5,"[0.3768119812011719, 0.15489999949932098, 0.0, 0.9431818127632141]","[0.0, 0.0, -3.1957933970261365e-06, 0.00011933333735214546, -0.043483711779117584, 1.0, 0.016333334147930145, -3.1957933970261365e-06, 0.0, 0.0, 1.0172526572205243e-06, -0.016214000061154366, 0.0, 0.0]","[1.0, 0.0, 1.0, 1.0367765426635742, 2.0, 0.7136154174804688, 0.22144833207130432, 0.8091767430305481]",1.0
0.1,104.59001922607422,191.77003479003906,1.4700000286102295,0.0001220703125,0.20000000298023224,"[0.6589679718017578, 0.3716000020503998, 0.0, 0.9431762099266052]","[0.0, 0.0, -3.1957933970261365e-06, 0.00011933333735214546, -0.043483711779117584, 1.0, 0.016333334147930145, -3.1957933970261365e-06, 0.0, 0.0, 1.0172526572205243e-06, -0.016214000061154366, 0.0, 0.0]","[1.0, 0.0, 1.0, 1.0367765426635742, 2.0, 0.7136154174804688, 0.22144833207130432, 0.8091767430305481]",1.0
0.15000000000000002,104.59001922607422,191.77003479003906,1.7187600135803223,0.0001220703125,0.20000000298023224,"[0.6752927303314209, 0.4456000030040741, 0.0, 0.7467684745788574]","[0.0, 0.0, -3.1957933970261365e-06, 0.00011933333735214546, -0.043483711779117584, 1.0, 0.016333334147930145, -3.1957933970261365e-06, 0.0, 0.0, 1.0172526572205243e-06, -0.016214000061154366, 0.0, 0.0]","[1.0, 0.0, 1.0, 1.0367765426635742, 2.0, 0.7136154174804688, 0.22144833207130432, 0.8091767430305481]",1.0
0.2,104.59001922607422,191.77003479003906,0.9489799737930298,0.0001220703125,0.20000000298023224,"[0.624776303768158, 0.2328999936580658, 0.0, 0.5113636255264282]","[0.0, 0.0, -3.1957933970261365e-06, 0.00011933333735214546, -0.043483711779117584, 1.0, 0.016333334147930145, -3.1957933970261365e-06, 0.0, 0.0, 1.0172526572205243e-06, -0.016214000061154366, 0.0, 0.0]","[1.0, 0.0, 1.0, 1.0367765426635742, 2.0, 0.7136154174804688, 0.22144833207130432, 0.8091767430305481]",1.0
0.25,104.59001922607422,191.77003479003906,0.48186999559402466,0.0001220703125,0.20000000298023224,"[0.5941224694252014, 0.12210000306367874, 0.0, 0.6907535195350647]","[0.0, 0.0, -3.1957933970261365e-06, 0.00011933333735214546, -0.043483711779117584, 1.0, 0.016333334147930145, -3.1957933970261365e-06, 0.0, 0.0, 1.0172526572205243e-06, -0.016214000061154366, 0.0, 0.0]","[1.0, 0.0, 1.0, 1.0367765426635742, 2.0, 0.7136154174804688, 0.22144833207130432, 0.8091767430305481]",0.9770132939141812
0.3,104.59001922607422,191.77003479003906,0.20643000304698944,0.0001220703125,0.20000000298023224,"[0.5760468244552612, 0.05339999869465828, 8.791208188085875e-07, 0.791659951210022]","[0.0, 0.0, -3.1957933970261365e-06, 0.00011933333735214546, -0.043483711779117584, 1.0, 0.016333334147930145, -3.1957933970261365e-06, 0.0, 0.0, 1.0172526572205243e-06, -0.016214000061154366, 0.0, 0.0]","[1.0, 0.0, 1.0, 1.0367765426635742, 2.0, 0.7136154174804688, 0.22144833207130432, 0.8091767430305481]",0.8853250876504868
0.35,104.59001922607422,191.77003479003906,0.05063999816775322,0.0001220703125,0.20000000298023224,"[0.5658231973648071, 0.013299999758601189, 4.3956040940429375e-07, 0.8699873685836792]","[0.0, 0.0, -3.1957933970261365e-06, 0.00011933333735214546, -0.043483711779117584, 1.0, 0.016333334147930145, -3.1957933970261365e-06, 0.0, 0.0, 1.0172526572205243e-06, -0.016214000061154366, 0.0, 0.0]","[1.0, 0.0, 1.0, 1.0367765426635742, 2.0, 0.7136154174804688, 0.22144833207130432, 0.8091767430305481]",0.7783495788683066
0.39999999999999997,104.59001922607422,191.77003479003906,0.0318400003015995,0.0001220703125,0.20000000298023224,"[0.5645895004272461, 0.00839999970048666, 4.3956040940429375e-07, 0.9307903051376343]","[0.0, 0.0, -3.1957933970261365e-06, 0.00011933333735214546, -0.043483711779117584, 1.0, 0.016333334147930145, -3.1957933970261365e-06, 0.0, 0.0, 1.0172526572205243e-06, -0.016214000061154366, 0.0, 0.0]","[1.0, 0.0, 1.0, 1.0367765426635742, 2.0, 0.7136154174804688, 0.22144833207130432, 0.8091767430305481]",0.4632038845738158
0.44999999999999996,104.59001922607422,191.77003479003906,0.07050999999046326,0.0001220703125,0.20000000298023224,"[0.5671272277832031, 0.018699999898672104, 4.3956040940429375e-07, 0.9548987746238708]","[0.0, 0.0, -3.1957933970261365e-06, 0.00011933333735214546, -0.043483711779117584, 1.0, 0.016333334147930145, -3.1957933970261365e-06, 0.0, 0.0, 1.0172526572205243e-06, -0.016214000061154366, 0.0, 0.0]","[1.0, 0.0, 1.0, 1.0367765426635742, 2.0, 0.7136154174804688, 0.22144833207130432, 0.8091767430305481]",0.2626822712374782
0.49999999999999994,104.59001922607422,191.77003479003906,0.0839100033044815,0.0001220703125,0.20000000298023224,"[0.5680065155029297, 0.022299999371170998, 0.0, 0.975192129611969]","[0.0, 0.0, -3.1957933970261365e-06, 0.00011933333735214546, -0.043483711779117584, 1.0, 0.016333334147930145, -3.1957933970261365e-06, 0.0, 0.0, 1.0172526572205243e-06, -0.016214000061154366, 0.0, 0.0]","[1.0, 0.0, 1.0, 1.0367765426635742, 2.0, 0.7136154174804688, 0.22144833207130432, 0.8091767430305481]",0.04814981962702258
0.5499999999999999,104.59001922607422,191.77003479003906,0.08347000181674957,0.0001220703125,0.20000000298023224,"[0.5679776668548584, 0.022199999541044235, 4.3956040940429375e-07, 0.9873731136322021]","[0.0, 0.0, -3.1957933970261365e-06, 0.00011933333735214546, -0.043483711779117584, 1.0, 0.016333334147930145, -3.1957933970261365e-06, 0.0, 0.0, 1.0172526572205243e-06, -0.016214000061154366, 0.0, 0.0]","[1.0, 0.0, 1.0, 1.0367765426635742, 2.0, 0.7136154174804688, 0.22144833207130432, 0.8091767430305481]",-0.1847372382878365
0.6,104.59001922607422,191.77003479003906,0.07614000141620636,0.0001220703125,0.20000000298023224,"[0.567496657371521, 0.02019999921321869, 0.0, 0.9927284121513367]","[0.0, 0.0, -3.1957933970261365e-06, 0.00011933333735214546, -0.043483711779117584, 1.0, 0.016333334147930145, -3.1957933970261365e-06, 0.0, 0.0, 1.0172526572205243e-06, -0.016214000061154366, 0.0, 0.0]","[1.0, 0.0, 1.0, 1.0367765426635742, 2.0, 0.7136154174804688, 0.22144833207130432, 0.8091767430305481]",-0.4418579527295394
0.65,104.59001922607422,191.77003479003906,0.06597000360488892,0.0001220703125,0.20000000298023224,"[0.5668292045593262, 0.017500000074505806, 4.3956040940429375e-07, 0.9960333108901978]","[0.0, 0.0, -3.1957933970261365e-06, 0.00011933333735214546, -0.043483711779117584, 1.0, 0.016333334147930145, -3.1957933970261365e-06, 0.0, 0.0, 1.0172526572205243e-06, -0.016214000061154366, 0.0, 0.0]","[1.0, 0.0, 1.0, 1.0367765426635742, 2.0, 0.7136154174804688, 0.22144833207130432, 0.8091767430305481]",-0.97962615593266
0.7000000000000001,104.59001922607422,191.77003479003906,0.05525000020861626,0.0001220703125,0.20000000298023224,"[0.566125750541687, 0.014700000174343586, 4.3956040940429375e-07, 0.9980322122573853]","[0.0, 0.0, -3.1957933970261365e-06, 0.00011933333735214546, -0.043483711779117584, 1.0, 0.016333334147930145, -3.1957933970261365e-06, 0.0, 0.0, 1.0172526572205243e-06, -0.016214000061154366, 0.0, 0.0]","[1.0, 0.0, 1.0, 1.0367765426635742, 2.0, 0.7136154174804688, 0.22144833207130432, 0.8091767430305481]",-1.2623506962418563
0.7500000000000001,104.59001922607422,191.77003479003906,0.045159999281167984,0.0001220703125,0.20000000298023224,"[0.5654635429382324, 0.012000000104308128, 0.0, 0.998045802116394]","[0.0, 0.0, -3.1957933970261365e-06, 0.00011933333735214546, -0.043483711779117584, 1.0, 0.016333334147930145, -3.1957933970261365e-06, 0.0, 0.0, 1.0172526572205243e-06, -0.016214000061154366, 0.0, 0.0]","[1.0, 0.0, 1.0, 1.0367765426635742, 2.0, 0.7136154174804688, 0.22144833207130432, 0.8091767430305481]",-1.5647825545555425
0.8000000000000002,104.59001922607422,191.77003479003906,0.036249998956918716,0.0001220703125,0.20000000298023224,"[0.5648789405822754, 0.009600000455975533, 0.0, 0.9977152347564697]","[0.0, 0.0, -3.1957933970261365e-06, 0.00011933333735214546, -0.043483711779117584, 1.0, 0.016333334147930145, -3.1957933970261365e-06, 0.0, 0.0, 1.0172526572205243e-06, -0.016214000061154366, 0.0, 0.0]","[1.0, 0.0, 1.0, 1.0367765426635742, 2.0, 0.7136154174804688, 0.22144833207130432, 0.8091767430305481]",-2.200493501400272
0.8500000000000002,104.59001922607422,191.77003479003906,0.028689999133348465,0.0001220703125,0.20000000298023224,"[0.564382791519165, 0.007600000128149986, 0.0, 0.997738242149353]","[0.0, 0.0, -3.1957933970261365e-06, 0.00011933333735214546, -0.043483711779117584, 1.0, 0.016333334147930145, -3.1957933970261365e-06, 0.0, 0.0, 1.0172526572205243e-06, -0.016214000061154366, 0.0, 0.0]","[1.0, 0.0, 1.0, 1.0367765426635742, 2.0, 0.7136154174804688, 0.22144833207130432, 0.8091767430305481]",-2.537642247195079
0.9000000000000002,104.59001922607422,191.77003479003906,0.022450000047683716,0.0001220703125,0.20000000298023224,"[0.5639733076095581, 0.006000000052154064, 0.0, 0.9979502558708191]","[0.0, 0.0, -3.1957933970261365e-06, 0.00011933333735214546, -0.043483711779117584, 1.0, 0.016333334147930145, -3.1957933970261365e-06, 0.0, 0.0, 1.0172526572205243e-06, -0.016214000061154366, 0.0, 0.0]","[1.0, 0.0, 1.0, 1.0367765426635742, 2.0, 0.7136154174804688, 0.22144833207130432, 0.8091767430305481]",-2.8816639980888126
0.9500000000000003,104.59001922607422,191.77003479003906,0.017410000786185265,0.0001220703125,0.20000000298023224,"[0.5636425018310547, 0.004600000102072954, 4.3956040940429375e-07, 0.9982224702835083]","[0.0, 0.0, -3.1957933970261365e-06, 0.00011933333735214546, -0.043483711779117584, 1.0, 0.016333334147930145, -3.1957933970261365e-06, 0.0, 0.0, 1.0172526572205243e-06, -0.016214000061154366, 0.0, 0.0]","[1.0, 0.0, 1.0, 1.0367765426635742, 2.0, 0.7136154174804688, 0.22144833207130432, 0.8091767430305481]",-3.234728547813763
1.0000000000000002,104.59001922607422,191.77003479003906,0.013389999978244305,0.0001220703125,0.20000000298023224,"[0.5633786916732788, 0.003599999938160181, 0.0, 0.9985188841819763]","[0.0, 0.0, -3.1957933970261365e-06, 0.00011933333735214546, -0.043483711779117584, 1.0, 0.016333334147930145, -3.1957933970261365e-06, 0.0, 0.0, 1.0172526572205243e-06, -0.016214000061154366, 0.0, 0.0]","[1.0, 0.0, 1.0, 1.0367765426635742, 2.0, 0.7136154174804688, 0.22144833207130432, 0.8091767430305481]",-3.5936689192851015
1.0500000000000003,104.59001922607422,191.77003479003906,0.010239999741315842,0.0001220703125,0.20000000298023224,"[0.5631719827651978, 0.0027000000700354576, 0.0, 0.998788595199585]","[0.0, 0.0, -3.1957933970261365e-06, 0.00011933333735214546, -0.043483711779117584, 1.0, 0.016333334147930145, -3.1957933970261365e-06, 0.0, 0.0, 1.0172526572205243e-06, -0.016214000061154366, 0.0, 0.0]","[1.0, 0.0, 1.0, 1.0367765426635742, 2.0, 0.7136154174804688, 0.22144833207130432, 0.8091767430305481]",-4.340621390674436
1.1000000000000003,104.59001922607422,191.77003479003906,0.007780000101774931,0.0001220703125,0.20000000298023224,"[0.563010573387146, 0.002099999925121665, 8.791208188085875e-07, 0.9990307688713074]","[0.0, 0.0, -3.1957933970261365e-06, 0.00011933333735214546, -0.043483711779117584, 1.0, 0.016333334147930145, -3.1957933970261365e-06, 0.0, 0.0, 1.0172526572205243e-06, -0.016214000061154366, 0.0, 0.0]","[1.0, 0.0, 1.0, 1.0367765426635742, 2.0, 0.7136154174804688, 0.22144833207130432, 0.8091767430305481]",-4.740563590430642
1.1500000000000004,104.59001922607422,191.77003479003906,0.005880000069737434,0.0001220703125,0.20000000298023224,"[0.5628858804702759, 0.0015999999595806003, 8.791208188085875e-07, 0.9992302060127258]","[0.0, 0.0, -3.1957933970261365e-06, 0.00011933333735214546, -0.043483711779117584, 1.0, 0.016333334147930145, -3.1957933970261365e-06, 0.0, 0.0, 1.0172526572205243e-06, -0.016214000061154366, 0.0, 0.0]","[1.0, 0.0, 1.0, 1.0367765426635742, 2.0, 0.7136154174804688, 0.22144833207130432, 0.8091767430305481]",-5.156188521269777
1.2000000000000004,104.59001922607422,191.77003479003906,0.004430000204592943,0.0001220703125,0.20000000298023224,"[0.5627906918525696, 0.0012000000569969416, 0.0, 0.9993983507156372]","[0.0, 0.0, -3.1957933970261365e-06, 0.00011933333735214546, -0.043483711779117584, 1.0, 0.016333334147930145, -3.1957933970261365e-06, 0.0, 0.0, 1.0172526572205243e-06, -0.016214000061154366, 0.0, 0.0]","[1.0, 0.0, 1.0, 1.0367765426635742, 2.0, 0.7136154174804688, 0.22144833207130432, 0.8091767430305481]",-5.589403809193966
1.2500000000000004,104.59001922607422,191.77003479003906,0.003329999977722764,0.0001220703125,0.20000000298023224,"[0.5627185106277466, 0.0008999999845400453, 0.0, 0.9995371103286743]","[0.0, 0.0, -3.1957933970261365e-06, 0.00011933333735214546, -0.043483711779117584, 1.0, 0.016333334147930145, -3.1957933970261365e-06, 0.0, 0.0, 1.0172526572205243e-06, -0.016214000061154366, 0.0, 0.0]","[1.0, 0.0, 1.0, 1.0367765426635742, 2.0, 0.7136154174804688, 0.22144833207130432, 0.8091767430305481]",-6.523916950071491
1.3000000000000005,104.59001922607422,191.77003479003906,0.0004400000034365803,0.0001220703125,0.20000000298023224,"[0.5625289082527161, 9.999999747378752e-05, 0.0, 0.9979907870292664]","[0.0, 0.0, -3.1957933970261365e-06, 0.00011933333735214546, -0.043483711779117584, 1.0, 0.016333334147930145, -3.1957933970261365e-06, 0.0, 0.0, 1.0172526572205243e-06, -0.016214000061154366, 0.0, 0.0]","[1.0, 0.0, 1.0, 1.0367765426635742, 2.0, 0.7136154174804688, 0.22144833207130432, 0.8091767430305481]",-7.038177794952494
1.3500000000000005,104.59001922607422,191.77003479003906,0.0009699999936856329,0.0001220703125,0.20000000298023224,"[0.5625636577606201, 0.0003000000142492354, 0.0, 0.9968278408050537]","[0.0, 0.0, -3.1957933970261365e-06, 0.00011933333735214546, -0.043483711779117584, 1.0, 0.016333334147930145, -3.1957933970261365e-06, 0.0, 0.0, 1.0172526572205243e-06, -0.016214000061154366, 0.0, 0.0]","[1.0, 0.0, 1.0, 1.0367765426635742, 2.0, 0.7136154174804688, 0.22144833207130432, 0.8091767430305481]",-7.558226156276119
1.4000000000000006,104.59001922607422,191.77003479003906,0.0011500000255182385,0.0001220703125,0.20000000298023224,"[0.5625754594802856, 0.0003000000142492354, 0.0, 0.999661386013031]","[0.0, 0.0, -3.1957933970261365e-06, 0.00011933333735214546, -0.043483711779117584, 1.0, 0.016333334147930145, -3.1957933970261365e-06, 0.0, 0.0, 1.0172526572205243e-06, -0.016214000061154366, 0.0, 0.0]","[1.0, 0.0, 1.0, 1.0367765426635742, 2.0, 0.7136154174804688, 0.22144833207130432, 0.8091767430305481]",-8.07208085041658
1.4500000000000006,104.59001922607422,191.77003479003906,0.0011399999493733048,0.0001220703125,0.20000000298023224,"[0.5625748038291931, 0.0003000000142492354, 0.0, 0.9998289942741394]","[0.0, 0.0, -3.1957933970261365e-06, 0.00011933333735214546, -0.043483711779117584, 1.0, 0.016333334147930145, -3.1957933970261365e-06, 0.0, 0.0, 1.0172526572205243e-06, -0.016214000061154366, 0.0, 0.0]","[1.0, 0.0, 1.0, 1.0367765426635742, 2.0, 0.7136154174804688, 0.22144833207130432, 0.8091767430305481]",-9.107711488656433
1.5000000000000007,104.59001922607422,191.77003479003906,0.0010400000028312206,0.0001220703125,0.20000000298023224,"[0.5625682473182678, 0.0003000000142492354, 0.0, 0.9998992085456848]","[0.0, 0.0, -3.1957933970261365e-06, 0.00011933333735214546, -0.043483711779117584, 1.0, 0.016333334147930145, -3.1957933970261365e-06, 0.0, 0.0, 1.0172526572205243e-06, -0.016214000061154366, 0.0, 0.0]","[1.0, 0.0, 1.0, 1.0367765426635742, 2.0, 0.7136154174804688, 0.22144833207130432, 0.8091767430305481]",-9.689608285984358
1.5500000000000007,104.59001922607422,191.77003479003906,0.0008999999845400453,0.0001220703125,0.20000000298023224,"[0.5625590085983276, 0.00019999999494757503, 0.0, 0.9999477863311768]","[0.0, 0.0, -3.1957933970261365e-06, 0.00011933333735214546, -0.043483711779117584, 1.0, 0.016333334147930145, -3.1957933970261365e-06, 0.0, 0.0, 1.0172526572205243e-06, -0.016214000061154366, 0.0, 0.0]","[1.0, 0.0, 1.0, 1.0367765426635742, 2.0, 0.7136154174804688, 0.22144833207130432, 0.8091767430305481]",-10.327482955522823
1.6000000000000008,104.59001922607422,191.77003479003906,0.0007600000244565308,0.0001220703125,0.20000000298023224,"[0.562549889087677, 0.00019999999494757503, 0.0, 0.999972939491272]","[0.0, 0.0, -3.1957933970261365e-06, 0.00011933333735214546, -0.043483711779117584, 1.0, 0.016333334147930145, -3.1957933970261365e-06, 0.0, 0.0, 1.0172526572205243e-06, -0.016214000061154366, 0.0, 0.0]","[1.0, 0.0, 1.0, 1.0367765426635742, 2.0, 0.7136154174804688, 0.22144833207130432, 0.8091767430305481]",-11.64229772390647
1.6500000000000008,104.59001922607422,191.77003479003906,0.0006200000061653554,0.0001220703125,0.20000000298023224,"[0.5625406503677368, 0.00019999999494757503, 0.0, 0.9999728202819824]","[0.0, 0.0, -3.1957933970261365e-06, 0.00011933333735214546, -0.043483711779117584, 1.0, 0.016333334147930145, -3.1957933970261365e-06, 0.0, 0.0, 1.0172526572205243e-06, -0.016214000061154366, 0.0, 0.0]","[1.0, 0.0, 1.0, 1.0367765426635742, 2.0, 0.7136154174804688, 0.22144833207130432, 0.8091767430305481]",-12.284323140950239
1.7000000000000008,104.59001922607422,191.77003479003906,0.0005000000237487257,0.0001220703125,0.20000000298023224,"[0.5625328421592712, 9.999999747378752e-05, 0.0, 0.9999681711196899]","[0.0, 0.0, -3.1957933970261365e-06, 0.00011933333735214546, -0.043483711779117584, 1.0, 0.016333334147930145, -3.1957933970261365e-06, 0.0, 0.0, 1.0172526572205243e-06, -0.016214000061154366, 0.0, 0.0]","[1.0, 0.0, 1.0, 1.0367765426635742, 2.0, 0.7136154174804688, 0.22144833207130432, 0.8091767430305481]",-12.917720273808978
1.7500000000000009,104.59001922607422,191.77003479003906,0.00015999999595806003,0.0001220703125,0.20000000298023224,"[0.5625104904174805, 0.0, 0.0, 0.9997616410255432]","[0.0, 0.0, -3.1957933970261365e-06, 0.00011933333735214546, -0.043483711779117584, 1.0, 0.016333334147930145, -3.1957933970261365e-06, 0.0, 0.0, 1.0172526572205243e-06, -0.016214000061154366, 0.0, 0.0]","[1.0, 0.0, 1.0, 1.0367765426635742, 2.0, 0.7136154174804688, 0.22144833207130432, 0.8091767430305481]",-13.543102887817337
1.800000000000001,104.59001922607422,191.77003479003906,0.0002300000051036477,0.0001220703125,0.20000000298023224,"[0.5625150799751282, 9.999999747378752e-05, 0.0, 0.9996312260627747]","[0.0, 0.0, -3.1957933970261365e-06, 0.00011933333735214546, -0.043483711779117584, 1.0, 0.016333334147930145, -3.1957933970261365e-06, 0.0, 0.0, 1.0172526572205243e-06, -0.016214000061154366, 0.0, 0.0]","[1.0, 0.0, 1.0, 1.0367765426635742, 2.0, 0.7136154174804688, 0.22144833207130432, 0.8091767430305481]",-14.769296216023788
1.850000000000001,104.59001922607422,191.77003479003906,0.00023999999393709004,0.0001220703125,0.20000000298023224,"[0.5625157356262207, 9.999999747378752e-05, 0.0, 0.999954104423523]","[0.0, 0.0, -3.1957933970261365e-06, 0.00011933333735214546, -0.043483711779117584, 1.0, 0.016333334147930145, -3.1957933970261365e-06, 0.0, 0.0, 1.0172526572205243e-06, -0.016214000061154366, 0.0, 0.0]","[1.0, 0.0, 1.0, 1.0367765426635742, 2.0, 0.7136154174804688, 0.22144833207130432, 0.8091767430305481]",-15.372103981429778
1.900000000000001,104.59001922607422,191.77003479003906,0.00022000000171829015,0.0001220703125,0.20000000298023224,"[0.5625144243240356, 9.999999747378752e-05, 0.0, 0.9999698996543884]","[0.0, 0.0, -3.1957933970261365e-06, 0.00011933333735214546, -0.043483711779117584, 1.0, 0.016333334147930145, -3.1957933970261365e-06, 0.0, 0.0, 1.0172526572205243e-06, -0.016214000061154366, 0.0, 0.0]","[1.0, 0.0, 1.0, 1.0367765426635742, 2.0, 0.7136154174804688, 0.22144833207130432, 0.8091767430305481]",-15.969242655986477
1.950000000000001,104.59001922607422,191.77003479003906,0.00019999999494757503,0.0001220703125,0.20000000298023224,"[0.5625131130218506, 9.999999747378752e-05, 0.0, 0.9999889731407166]","[0.0, 0.0, -3.1957933970261365e-06, 0.00011933333735214546, -0.043483711779117584, 1.0, 0.016333334147930145, -3.1957933970261365e-06, 0.0, 0.0, 1.0172526572205243e-06, -0.016214000061154366, 0.0, 0.0]","[1.0, 0.0, 1.0, 1.0367765426635742, 2.0, 0.7136154174804688, 0.22144833207130432, 0.8091767430305481]",-16.612469965802322
2.000000000000001,104.59001922607422,191.77003479003906,0.00016999999934341758,0.0001220703125,0.20000000298023224,"[0.562511146068573, 0.0, 0.0, 0.9999914169311523]","[0.0, 0.0, -3.1957933970261365e-06, 0.00011933333735214546, -0.043483711779117584, 1.0, 0.016333334147930145, -3.1957933970261365e-06, 0.0, 0.0, 1.0172526572205243e-06, -0.016214000061154366, 0.0, 0.0]","[1.0, 0.0, 1.0, 1.0367765426635742, 2.0, 0.7136154174804688, 0.22144833207130432, 0.8091767430305481]",-17.97781779065523
2.0500000000000007,104.59003448486328,191.77003479003906,0.0019099999917671084,0.0001220703125,0.20000000298023224,"[0.5626253485679626, 0.0005000000237487257, 0.0017098902026191354, 0.9974809288978577]","[0.0, 0.0, -3.1957933970261365e-06, 0.00011933333735214546, -0.043483711779117584, 1.0, 0.016333334147930145, -3.1957933970261365e-06, 0.0, 0.0, 1.0172526572205243e-06, -0.016214000061154366, 0.0, 0.0]","[1.0, 0.0, 1.0, 1.0367765426635742, 2.0, 0.7136154174804688, 0.22144833207130432, 0.8091767430305481]",-18.679106172366772
2.1000000000000005,104.60469818115234,191.77003479003906,0.4390200078487396,0.0001220703125,0.20000000298023224,"[0.5913105010986328, 0.11159999668598175, 0.3843415379524231, 0.5020831823348999]","[0.0, 0.0, -3.1957933970261365e-06, 0.00011933333735214546, -0.043483711779117584, 1.0, 0.016333334147930145, -3.1957933970261365e-06, 0.0, 0.0, 1.0172526572205243e-06, -0.016214000061154366, 0.0, 0.0]","[1.0, 0.0, 1.0, 1.0367765426635742, 2.0, 0.7136154174804688, 0.22144833207130432, 0.8091767430305481]",-19.363256507785923
2.1500000000000004,104.63020324707031,191.77001953125,0.5285300016403198,0.0001220703125,0.20000000298023224,"[0.5971845388412476, 0.13920000195503235, 0.08253230899572372, 0.6003886461257935]","[0.0, 0.0, -3.1957933970261365e-06, 0.00011933333735214546, -0.043483711779117584, 1.0, 0.016333334147930145, -3.1957933970261365e-06, 0.0, 0.0, 1.0172526572205243e-06, -0.016214000061154366, 0.0, 0.0]","[1.0, 0.0, 1.0, 1.0367765426635742, 2.0, 0.7136154174804688, 0.22144833207130432, 0.8091767430305481]",-20.032590979485644
2.2,104.65926361083984,191.76995849609375,0.6170899868011475,0.0001220703125,0.20000000298023224,"[0.6029962301254272, 0.16259999573230743, 0.08052702993154526, 0.9833472967147827]","[0.0, 0.0, -3.1957933970261365e-06, 0.00011933333735214546, -0.043483711779117584, 1.0, 0.016333334147930145, -3.1957933970261365e-06, 0.0, 0.0, 1.0172526572205243e-06, -0.016214000061154366, 0.0, 0.0]","[1.0, 0.0, 1.0, 1.0367765426635742, 2.0, 0.7136154174804688, 0.22144833207130432, 0.8091767430305481]",-21.37711930404709
2.25,104.6917724609375,191.77001953125,0.6596699953079224,0.0001220703125,0.20000000298023224,"[0.6057904958724976, 0.1746000051498413, 0.04014373570680618, 0.9357957243919373]","[0.0, 0.0, -3.1957933970261365e-06, 0.00011933333735214546, -0.043483711779117584, 1.0, 0.016333334147930145, -3.1957933970261365e-06, 0.0, 0.0, 1.0172526572205243e-06, -0.016214000061154366, 0.0, 0.0]","[1.0, 0.0, 1.0, 1.0367765426635742, 2.0, 0.7136154174804688, 0.22144833207130432, 0.8091767430305481]",-21.99955910719793
2.3,104.72433471679688,191.7699432373047,0.6438199877738953,0.0001220703125,0.20000000298023224,"[0.6047503352165222, 0.17090000212192535, 0.007092923857271671, 0.9229764938354492]","[0.0, 0.0, -3.1957933970261365e-06, 0.00011933333735214546, -0.043483711779117584, 1.0, 0.016333334147930145, -3.1957933970261365e-06, 0.0, 0.0, 1.0172526572205243e-06, -0.016214000061154366, 0.0, 0.0]","[1.0, 0.0, 1.0, 1.0367765426635742, 2.0, 0.7136154174804688, 0.22144833207130432, 0.8091767430305481]",-22.59957178639077
2.3499999999999996,104.75587463378906,191.7699737548828,0.6273400187492371,0.0001220703125,0.20000000298023224,"[0.6036688685417175, 0.1665000021457672, 0.018072526901960373, 0.9901933073997498]","[0.0, 0.0, -3.1957933970261365e-06, 0.00011933333735214546, -0.043483711779117584, 1.0, 0.016333334147930145, -3.1957933970261365e-06, 0.0, 0.0, 1.0172526572205243e-06, -0.016214000061154366, 0.0, 0.0]","[1.0, 0.0, 1.0, 1.0367765426635742, 2.0, 0.7136154174804688, 0.22144833207130432, 0.8091767430305481]",-23.176960145098505
2.3999999999999995,104.78670501708984,191.76991271972656,0.614139974117279,0.0001220703125,0.20000000298023224,"[0.6028026342391968, 0.16300000250339508, 0.015838243067264557, 0.9876313209533691]","[0.0, 0.0, -3.1957933970261365e-06, 0.00011933333735214546, -0.043483711779117584, 1.0, 0.016333334147930145, -3.1957933970261365e-06, 0.0, 0.0, 1.0172526572205243e-06, -0.016214000061154366, 0.0, 0.0]","[1.0, 0.0, 1.0, 1.0367765426635742, 2.0, 0.7136154174804688, 0.22144833207130432, 0.8091767430305481]",-24.305033837587157
2.4499999999999993,104.8167724609375,191.7699737548828,0.6000699996948242,0.0001220703125,0.20000000298023224,"[0.6018792986869812, 0.15929999947547913, 0.016455383971333504, 0.9891158938407898]","[0.0, 0.0, -3.1957933970261365e-06, 0.00011933333735214546, -0.043483711779117584, 1.0, 0.016333334147930145, -3.1957933970261365e-06, 0.0, 0.0, 1.0172526572205243e-06, -0.016214000061154366, 0.0, 0.0]","[1.0, 0.0, 1.0, 1.0367765426635742, 2.0, 0.7136154174804688, 0.22144833207130432, 0.8091767430305481]",-24.808572845748586
2.499999999999999,104.84622955322266,191.7699432373047,0.5854799747467041,0.0001220703125,0.20000000298023224,"[0.6009218096733093, 0.15539999306201935, 0.016805272549390793, 0.9894779324531555]","[0.0, 0.0, -3.1957933970261365e-06, 0.00011933333735214546, -0.043483711779117584, 1.0, 0.016333334147930145, -3.1957933970261365e-06, 0.0, 0.0, 1.0172526572205243e-06, -0.016214000061154366, 0.0, 0.0]","[1.0, 0.0, 1.0, 1.0367765426635742, 2.0, 0.7136154174804688, 0.22144833207130432, 0.8091767430305481]",-25.28782885469982
2.549999999999999,104.87493896484375,191.7699737548828,0.5728099942207336,0.0001220703125,0.20000000298023224,"[0.6000903844833374, 0.15209999680519104, 0.015081757679581642, 0.9889471530914307]","[0.0, 0.0, -3.1957933970261365e-06, 0.00011933333735214546, -0.043483711779117584, 1.0, 0.016333334147930145, -3.1957933970261365e-06, 0.0, 0.0, 1.0172526572205243e-06, -0.016214000061154366, 0.0, 0.0]","[1.0, 0.0, 1.0, 1.0367765426635742, 2.0, 0.7136154174804688, 0.22144833207130432, 0.8091767430305481]",-25.74239757855755
2.5999999999999988,104.9032211303711,191.7699432373047,0.5583199858665466,0.0001220703125,0.20000000298023224,"[0.5991394519805908, 0.14820000529289246, 0.01673186756670475, 0.9887262582778931]","[0.0, 0.0, -3.1957933970261365e-06, 0.00011933333735214546, -0.043483711779117584, 1.0, 0.016333334147930145, -3.1957933970261365e-06, 0.0, 0.0, 1.0172526572205243e-06, -0.016214000061154366, 0.0, 0.0]","[1.0, 0.0, 1.0, 1.0367765426635742, 2.0, 0.7136154174804688, 0.22144833207130432, 0.8091767430305481]",-26.601678626555756
2.6499999999999986,104.930908203125,191.76995849609375,0.5494800209999084,0.0001220703125,0.20000000298023224,"[0.5985593795776367, 0.14589999616146088, 0.011153406463563442, 0.9855474233627319]","[0.0, 0.0, -3.1957933970261365e-06, 0.00011933333735214546, -0.043483711779117584, 1.0, 0.016333334147930145, -3.1957933970261365e-06, 0.0, 0.0, 1.0172526572205243e-06, -0.016214000061154366, 0.0, 0.0]","[1.0, 0.0, 1.0, 1.0367765426635742, 2.0, 0.7136154174804688, 0.22144833207130432, 0.8091767430305481]",-26.97509783696257
2.6999999999999984,104.95794677734375,191.7699432373047,0.5433499813079834,0.0001220703125,0.20000000298023224,"[0.5981570482254028, 0.1444000005722046, 0.009071648120880127, 0.9897086024284363]","[0.0, 0.0, -3.1957933970261365e-06, 0.00011933333735214546, -0.043483711779117584, 1.0, 0.016333334147930145, -3.1957933970261365e-06, 0.0, 0.0, 1.0172526572205243e-06, -0.016214000061154366, 0.0, 0.0]","[1.0, 0.0, 1.0, 1.0367765426635742, 2.0, 0.7136154174804688, 0.22144833207130432, 0.8091767430305481]",-27.28755130615952
2.7499999999999982,104.984375,191.7699737548828,0.5237100124359131,0.0001220703125,0.20000000298023224,"[0.5968681573867798, 0.13899999856948853, 0.021592088043689728, 0.9753749370574951]","[0.0, 0.0, -3.1957933970261365e-06, 0.00011933333735214546, -0.043483711779117584, 1.0, 0.016333334147930145, -3.1957933970261365e-06, 0.0, 0.0, 1.0172526572205243e-06, -0.016214000061154366, 0.0, 0.0]","[1.0, 0.0, 1.0, 1.0367765426635742, 2.0, 0.7136154174804688, 0.22144833207130432, 0.8091767430305481]",-27.548366709539824
2.799999999999998,105.01045989990234,191.7699432373047,0.5120499730110168,0.0001220703125,0.28173828125,"[0.5961030125617981, 0.12210000306367874, 0.014490109868347645, 0.9822989106178284]","[0.0, 0.0, -3.1957933970261365e-06, 0.00011933333735214546, -0.043483711779117584, 1.0, 0.016333334147930145, -3.1957933970261365e-06, 0.0, 0.0, 1.0172526572205243e-06, -0.016214000061154366, 0.0, 0.0]","[1.0, 0.0, 1.0, 1.0367765426635742, 2.0, 0.7136154174804688, 0.22144833207130432, 0.8091767430305481]",-27.993933187660268
2.849999999999998,105.0361099243164,191.7699737548828,0.5096399784088135,0.0001220703125,0.408721923828125,"[0.595944881439209, 0.10010000318288803, 0.005835164804011583, 0.9821932911872864]","[0.0, 0.0, -3.1957933970261365e-06, 0.00011933333735214546, -0.043483711779117584, 1.0, 0.016333334147930145, -3.1957933970261365e-06, 0.0, 0.0, 1.0172526572205243e-06, -0.016214000061154366, 0.0, 0.0]","[1.0, 0.0, 1.0, 1.0367765426635742, 2.0, 0.7136154174804688, 0.22144833207130432, 0.8091767430305481]",-28.166658044634556
2.8999999999999977,105.0616683959961,191.76991271972656,0.5273000001907349,0.0001220703125,0.392852783203125,"[0.5971037745475769, 0.10620000213384628, 0.016523340716958046, 0.9673189520835876]","[0.0, 0.0, -3.1957933970261365e-06, 0.00011933333735214546, -0.043483711779117584, 1.0, 0.016333334147930145, -3.1957933970261365e-06, 0.0, 0.0, 1.0172526572205243e-06, -0.016214000061154366, 0.0, 0.0]","[1.0, 0.0, 1.0, 1.0367765426635742, 2.0, 0.7136154174804688, 0.22144833207130432, 0.8091767430305481]",-28.31839489788653
2.9499999999999975,105.08821105957031,191.77005004882812,0.5482199788093567,0.0001220703125,0.380950927734375,"[0.5984766483306885, 0.11249999701976776, 0.020561758428812027, 0.9874045252799988]","[0.0, 0.0, -3.1957933970261365e-06, 0.00011933333735214546, -0.043483711779117584, 1.0, 0.016333334147930145, -3.1957933970261365e-06, 0.0, 0.0, 1.0172526572205243e-06, -0.016214000061154366, 0.0, 0.0]","[1.0, 0.0, 1.0, 1.0367765426635742, 2.0, 0.7136154174804688, 0.22144833207130432, 0.8091767430305481]",-28.45163447527665
2.9999999999999973,105.11732482910156,191.77008056640625,0.5974699854850769,0.0001220703125,0.380950927734375,"[0.6017086505889893, 0.12229999899864197, 0.04778812825679779, 0.9541624188423157]","[0.0, 0.0, -3.1957933970261365e-06, 0.00011933333735214546, -0.043483711779117584, 1.0, 0.016333334147930145, -3.1957933970261365e-06, 0.0, 0.0, 1.0172526572205243e-06, -0.016214000061154366, 0.0, 0.0]","[1.0, 0.0, 1.0, 1.0367765426635742, 2.0, 0.7136154174804688, 0.22144833207130432, 0.8091767430305481]",-28.704736375941103
3.049999999999997,105.14747619628906,191.77015686035156,0.6089299917221069,0.0001220703125,0.380950927734375,"[0.6024607419967651, 0.1251000016927719, 0.014974065124988556, 0.9474368095397949]","[0.0, 0.0, -3.1957933970261365e-06, 0.00011933333735214546, -0.043483711779117584, 1.0, 0.016333334147930145, -3.1957933970261365e-06, 0.0, 0.0, 1.0172526572205243e-06, -0.016214000061154366, 0.0, 0.0]","[1.0, 0.0, 1.0, 1.0367765426635742, 2.0, 0.7136154174804688, 0.22144833207130432, 0.8091767430305481]",-28.810495651693536
3.099999999999997,105.17868041992188,191.77012634277344,0.6362500190734863,0.0001220703125,0.408721923828125,"[0.6042535901069641, 0.12470000237226486, 0.028013186529278755, 0.971743643283844]","[0.0, 0.0, -3.1957933970261365e-06, 0.00011933333735214546, -0.043483711779117584, 1.0, 0.016333334147930145, -3.1957933970261365e-06, 0.0, 0.0, 1.0172526572205243e-06, -0.016214000061154366, 0.0, 0.0]","[1.0, 0.0, 1.0, 1.0367765426635742, 2.0, 0.7136154174804688, 0.22144833207130432, 0.8091767430305481]",-28.922598956575715
3.149999999999997,105.21318054199219,191.77017211914062,0.7329800128936768,0.0001220703125,0.444427490234375,"[0.6106014251708984, 0.1340000033378601, 0.08698240667581558, 0.9024138450622559]","[0.0, 0.0, -3.1957933970261365e-06, 0.00011933333735214546, -0.043483711779117584, 1.0, 0.016333334147930145, -3.1957933970261365e-06, 0.0, 0.0, 1.0172526572205243e-06, -0.016214000061154366, 0.0, 0.0]","[1.0, 0.0, 1.0, 1.0367765426635742, 2.0, 0.7136154174804688, 0.22144833207130432, 0.8091767430305481]",-29.02929746005205
3.1999999999999966,105.2509536743164,191.7701873779297,0.7622799873352051,0.0001220703125,0.5,"[0.6125242114067078, 0.12630000710487366, 0.027080878615379333, 0.9153474569320679]","[0.0, 0.0, -3.1957933970261365e-06, 0.00011933333735214546, -0.043483711779117584, 1.0, 0.016333334147930145, -3.1957933970261365e-06, 0.0, 0.0, 1.0172526572205243e-06, -0.016214000061154366, 0.0, 0.0]","[1.0, 0.0, 1.0, 1.0367765426635742, 2.0, 0.7136154174804688, 0.22144833207130432, 0.8091767430305481]",-29.258153230446702
3.2499999999999964,105.29068756103516,191.7701873779297,0.8264300227165222,0.0001220703125,0.57421875,"[0.6167340278625488, 0.11620000004768372, 0.05681406334042549, 0.9492005705833435]","[0.0, 0.0, -3.1957933970261365e-06, 0.00011933333735214546, -0.043483711779117584, 1.0, 0.016333334147930145, -3.1957933970261365e-06, 0.0, 0.0, 1.0172526572205243e-06, -0.016214000061154366, 0.0, 0.0]","[1.0, 0.0, 1.0, 1.0367765426635742, 2.0, 0.7136154174804688, 0.22144833207130432, 0.8091767430305481]",-29.356159553914132
3.2999999999999963,105.33272552490234,191.77017211914062,0.8579199910163879,0.0001220703125,0.6171875,"[0.6188005805015564, 0.1088000014424324, 0.02798285335302353, 0.9570543766021729]","[0.0, 0.0, -3.1957933970261365e-06, 0.00011933333735214546, -0.043483711779117584, 1.0, 0.016333334147930145, -3.1957933970261365e-06, 0.0, 0.0, 1.0172526572205243e-06, -0.016214000061154366, 0.0, 0.0]","[1.0, 0.0, 1.0, 1.0367765426635742, 2.0, 0.7136154174804688, 0.22144833207130432, 0.8091767430305481]",-29.44735512984833
3.349999999999996,105.38035583496094,191.77017211914062,1.0244899988174438,0.0001220703125,0.65625,"[0.6297316551208496, 0.11509999632835388, 0.14692659676074982, 0.8174047470092773]","[0.0, 0.0, -3.1957933970261365e-06, 0.00011933333735214546, -0.043483711779117584, 1.0, 0.016333334147930145, -3.1957933970261365e-06, 0.0, 0.0, 1.0172526572205243e-06, -0.016214000061154366, 0.0, 0.0]","[1.0, 0.0, 1.0, 1.0367765426635742, 2.0, 0.7136154174804688, 0.22144833207130432, 0.8091767430305481]",-29.525207754282437
3.399999999999996,105.43482971191406,191.77017211914062,1.1297800540924072,0.0001220703125,0.6953125,"[0.636641263961792, 0.11320000141859055, 0.09262989461421967, 0.9128785729408264]","[0.0, 0.0, -3.1957933970261365e-06, 0.00011933333735214546, -0.043483711779117584, 1.0, 0.016333334147930145, -3.1957933970261365e-06, 0.0, 0.0, 1.0172526572205243e-06, -0.016214000061154366, 0.0, 0.0]","[1.0, 0.0, 1.0, 1.0367765426635742, 2.0, 0.7136154174804688, 0.22144833207130432, 0.8091767430305481]",-29.71652174670542
3.4499999999999957,105.49410247802734,191.7702178955078,1.2392799854278564,0.0001220703125,0.74609375,"[0.6438270807266235, 0.10339999943971634, 0.09759560227394104, 0.9791423082351685]","[0.0, 0.0, -3.1957933970261365e-06, 0.00011933333735214546, -0.043483711779117584, 1.0, 0.016333334147930145, -3.1957933970261365e-06, 0.0, 0.0, 1.0172526572205243e-06, -0.016214000061154366, 0.0, 0.0]","[1.0, 0.0, 1.0, 1.0367765426635742, 2.0, 0.7136154174804688, 0.22144833207130432, 0.8091767430305481]",-29.781127285641812
3.4999999999999956,105.55863952636719,191.7702178955078,1.3166600465774536,0.0001220703125,0.78515625,"[0.6489051580429077, 0.093299999833107, 0.06902769207954407, 0.9512348771095276]","[0.0, 0.0, -3.1957933970261365e-06, 0.00011933333735214546, -0.043483711779117584, 1.0, 0.016333334147930145, -3.1957933970261365e-06, 0.0, 0.0, 1.0172526572205243e-06, -0.016214000061154366, 0.0, 0.0]","[1.0, 0.0, 1.0, 1.0367765426635742, 2.0, 0.7136154174804688, 0.22144833207130432, 0.8091767430305481]",-29.840463982784932
3.5499999999999954,105.62933349609375,191.77024841308594,1.4951499700546265,0.0001220703125,0.828125,"[0.6606184244155884, 0.08389999717473984, 0.1586989015340805, 0.855408251285553]","[0.0, 0.0, -3.1957933970261365e-06, 0.00011933333735214546, -0.043483711779117584, 1.0, 0.016333334147930145, -3.1957933970261365e-06, 0.0, 0.0, 1.0172526572205243e-06, -0.016214000061154366, 0.0, 0.0]","[1.0, 0.0, 1.0, 1.0367765426635742, 2.0, 0.7136154174804688, 0.22144833207130432, 0.8091767430305481]",-29.893556959918755
3.599999999999995,105.70863342285156,191.770263671875,1.6384600400924683,0.0001220703125,0.8671875,"[0.6700230836868286, 0.09220000356435776, 0.12741978466510773, 0.9363853931427002]","[0.0, 0.0, -3.1957933970261365e-06, 0.00011933333735214546, -0.043483711779117584, 1.0, 0.016333334147930145, -3.1957933970261365e-06, 0.0, 0.0, 1.0172526572205243e-06, -0.016214000061154366, 0.0, 0.0]","[1.0, 0.0, 1.0, 1.0367765426635742, 2.0, 0.7136154174804688, 0.22144833207130432, 0.8091767430305481]",-30.06489264514343
3.649999999999995,105.79607391357422,191.77072143554688,1.791200041770935,0.014068603515625,0.91015625,"[0.680046558380127, 0.05270000174641609, 0.14703427255153656, 0.9613648653030396]","[0.0, 0.0, -3.1957933970261365e-06, 0.00011933333735214546, -0.043483711779117584, 1.0, 0.016333334147930145, -3.1957933970261365e-06, 0.0, 0.0, 1.0172526572205243e-06, -0.016214000061154366, 0.0, 0.0]","[1.0, 0.0, 1.0, 1.0367765426635742, 2.0, 0.7136154174804688, 0.22144833207130432, 0.8091767430305481]",-30.10783428928508
3.699999999999995,105.89031982421875,191.77154541015625,1.9494199752807617,0.016876220703125,0.953125,"[0.6904296875, 0.029899999499320984, 0.14660659432411194, 0.968538224697113]","[0.0, 0.0, -3.1957933970261365e-06, 0.00011933333735214546, -0.043483711779117584, 1.0, 0.016333334147930145, -3.1957933970261365e-06, 0.0, 0.0, 1.0172526572205243e-06, -0.016214000061154366, 0.0, 0.0]","[1.0, 0.0, 1.0, 1.0367765426635742, 2.0, 0.7136154174804688, 0.22144833207130432, 0.8091767430305481]",-30.150284861634674
3.7499999999999947,105.99490356445312,191.77273559570312,2.1847500801086426,0.0196533203125,0.98046875,"[0.7058730721473694, 0.013799999840557575, 0.21740218997001648, 0.8753666877746582]","[0.0, 0.0, -3.1957933970261365e-06, 0.00011933333735214546, -0.043483711779117584, 1.0, 0.016333334147930145, -3.1957933970261365e-06, 0.0, 0.0, 1.0172526572205243e-06, -0.016214000061154366, 0.0, 0.0]","[1.0, 0.0, 1.0, 1.0367765426635742, 2.0, 0.7136154174804688, 0.22144833207130432, 0.8091767430305481]",-30.184768592464803
3.7999999999999945,106.11265563964844,191.7742919921875,2.4589900970458984,0.021636962890625,1.0,"[0.7238699197769165, 0.0, 0.2506668269634247, 0.919567883014679]","[0.0, 0.0, -3.1957933970261365e-06, 0.00011933333735214546, -0.043483711779117584, 1.0, 0.016333334147930145, -3.1957933970261365e-06, 0.0, 0.0, 1.0172526572205243e-06, -0.016214000061154366, 0.0, 0.0]","[1.0, 0.0, 1.0, 1.0367765426635742, 2.0, 0.7136154174804688, 0.22144833207130432, 0.8091767430305481]",-30.35451543544146
3.8499999999999943,106.2455825805664,191.7763214111328,2.7810299396514893,0.023223876953125,1.0,"[0.7450036406517029, 0.0, 0.2951775789260864, 0.9088311791419983]","[0.0, 0.0, -3.1957933970261365e-06, 0.00011933333735214546, -0.043483711779117584, 1.0, 0.016333334147930145, -3.1957933970261365e-06, 0.0, 0.0, 1.0172526572205243e-06, -0.016214000061154366, 0.0, 0.0]","[1.0, 0.0, 1.0, 1.0367765426635742, 2.0, 0.7136154174804688, 0.22144833207130432, 0.8091767430305481]",-30.38135811873264
3.899999999999994,106.39592742919922,191.77894592285156,3.149209976196289,0.0252685546875,1.0,"[0.7691652774810791, 0.0, 0.33809053897857666, 0.9103724956512451]","[0.0, 0.0, -3.1957933970261365e-06, 0.00011933333735214546, -0.043483711779117584, 1.0, 0.016333334147930145, -3.1957933970261365e-06, 0.0, 0.0, 1.0172526572205243e-06, -0.016214000061154366, 0.0, 0.0]","[1.0, 0.0, 1.0, 1.0367765426635742, 2.0, 0.7136154174804688, 0.22144833207130432, 0.8091767430305481]",-30.401848377055092
3.949999999999994,106.56585693359375,191.78231811523438,3.5378499031066895,0.02752685546875,1.0,"[0.794669508934021, 0.0, 0.35958942770957947, 0.9404779076576233]","[0.0, 0.0, -3.1957933970261365e-06, 0.00011933333735214546, -0.043483711779117584, 1.0, 0.016333334147930145, -3.1957933970261365e-06, 0.0, 0.0, 1.0172526572205243e-06, -0.016214000061154366, 0.0, 0.0]","[1.0, 0.0, 1.0, 1.0367765426635742, 2.0, 0.7136154174804688, 0.22144833207130432, 0.8091767430305481]",-30.41320746417029
3.999999999999994,106.75415802001953,191.78651428222656,3.8984200954437256,0.028350830078125,1.0,"[0.818331778049469, 0.0, 0.3350079357624054, 0.9319702386856079]","[0.0, 0.0, -3.1957933970261365e-06, 0.00011933333735214546, -0.043483711779117584, 1.0, 0.016333334147930145, -3.1957933970261365e-06, 0.0, 0.0, 1.0172526572205243e-06, -0.016214000061154366, 0.0, 0.0]","[1.0, 0.0, 1.0, 1.0367765426635742, 2.0, 0.7136154174804688, 0.22144833207130432, 0.8091767430305481]",-30.612835608586757
4.049999999999994,106.96002960205078,191.79132080078125,4.249090194702148,0.025665283203125,1.0,"[0.8413442969322205, 0.0, 0.3215903043746948, 0.9531751871109009]","[0.0, 0.0, -3.1957933970261365e-06, 0.00011933333735214546, -0.043483711779117584, 1.0, 0.016333334147930145, -3.1957933970261365e-06, 0.0, 0.0, 1.0172526572205243e-06, -0.016214000061154366, 0.0, 0.0]","[1.0, 0.0, 1.0, 1.0367765426635742, 2.0, 0.7136154174804688, 0.22144833207130432, 0.8091767430305481]",-30.6325586442907
4.099999999999993,107.18321990966797,191.79652404785156,4.5973100662231445,0.020263671875,1.0,"[0.8641960620880127, 0.0, 0.312635600566864, 0.9581459760665894]","[0.0, 0.0, -3.1957933970261365e-06, 0.00011933333735214546, -0.043483711779117584, 1.0, 0.016333334147930145, -3.1957933970261365e-06, 0.0, 0.0, 1.0172526572205243e-06, -0.016214000061154366, 0.0, 0.0]","[1.0, 0.0, 1.0, 1.0367765426635742, 2.0, 0.7136154174804688, 0.22144833207130432, 0.8091767430305481]",-30.647774796703974
4.149999999999993,107.42377471923828,191.80184936523438,4.946849822998047,0.01361083984375,1.0,"[0.8871344327926636, 0.0, 0.31538283824920654, 0.958515465259552]","[0.0, 0.0, -3.1957933970261365e-06, 0.00011933333735214546, -0.043483711779117584, 1.0, 0.016333334147930145, -3.1957933970261365e-06, 0.0, 0.0, 1.0172526572205243e-06, -0.016214000061154366, 0.0, 0.0]","[1.0, 0.0, 1.0, 1.0367765426635742, 2.0, 0.7136154174804688, 0.22144833207130432, 0.8091767430305481]",-30.656431650393635
4.199999999999993,107.68189239501953,191.80715942382812,5.299849987030029,0.007720947265625,1.0,"[0.9102998971939087, 0.0, 0.3201279044151306, 0.958082914352417]","[0.0, 0.0, -3.1957933970261365e-06, 0.00011933333735214546, -0.043483711779117584, 1.0, 0.016333334147930145, -3.1957933970261365e-06, 0.0, 0.0, 1.0172526572205243e-06, -0.016214000061154366, 0.0, 0.0]","[1.0, 0.0, 1.0, 1.0367765426635742, 2.0, 0.7136154174804688, 0.22144833207130432, 0.8091767430305481]",-30.93364381565772
4.249999999999993,107.95748138427734,191.81243896484375,5.640960216522217,0.003875732421875,1.0,"[0.9326850175857544, 0.0, 0.30998945236206055, 0.9500439763069153]","[0.0, 0.0, -3.1957933970261365e-06, 0.00011933333735214546, -0.043483711779117584, 1.0, 0.016333334147930145, -3.1957933970261365e-06, 0.0, 0.0, 1.0172526572205243e-06, -0.016214000061154366, 0.0, 0.0]","[1.0, 0.0, 1.0, 1.0367765426635742, 2.0, 0.7136154174804688, 0.22144833207130432, 0.8091767430305481]",-30.98020516784566
4.299999999999993,108.240478515625,191.81765747070312,5.676239967346191,0.001220703125,1.0,"[0.9350003004074097, 0.0, 0.03697669878602028, 0.6450527906417847]","[0.0, 0.0, -3.1957933970261365e-06, 0.00011933333735214546, -0.043483711779117584, 1.0, 0.016333334147930145, -3.1957933970261365e-06, 0.0, 0.0, 1.0172526572205243e-06, -0.016214000061154366, 0.0, 0.0]","[1.0, 0.0, 1.0, 1.0367765426635742, 2.0, 0.7136154174804688, 0.22144833207130432, 0.8091767430305481]",-31.032094828248503
4.3499999999999925,108.52326202392578,191.82261657714844,5.679140090942383,-0.00128173828125,1.0,"[0.9351905584335327, 0.0, 0.008397361263632774, 0.9606666564941406]","[0.0, 0.0, -3.1957933970261365e-06, 0.00011933333735214546, -0.043483711779117584, 1.0, 0.016333334147930145, -3.1957933970261365e-06, 0.0, 0.0, 1.0172526572205243e-06, -0.016214000061154366, 0.0, 0.0]","[1.0, 0.0, 1.0, 1.0367765426635742, 2.0, 0.7136154174804688, 0.22144833207130432, 0.8091767430305481]",-31.097566490601046
4.399999999999992,108.80558013916016,191.82736206054688,5.657350063323975,-0.002197265625,1.0,"[0.9337606430053711, 0.0, 0.019278591498732567, 0.9673932194709778]","[0.0, 0.0, -3.1957933970261365e-06, 0.00011933333735214546, -0.043483711779117584, 1.0, 0.016333334147930145, -3.1957933970261365e-06, 0.0, 0.0, 1.0172526572205243e-06, -0.016214000061154366, 0.0, 0.0]","[1.0, 0.0, 1.0, 1.0367765426635742, 2.0, 0.7136154174804688, 0.22144833207130432, 0.8091767430305481]",-31.518864965533936
4.449999999999992,109.1049575805664,191.8321990966797,6.2598700523376465,-0.002197265625,1.0,"[0.9733006954193115, 0.0, 0.3912685513496399, 0.4428859055042267]","[0.0, 0.0, -3.1957933970261365e-06, 0.00011933333735214546, -0.043483711779117584, 1.0, 0.016333334147930145, -3.1957933970261365e-06, 0.0, 0.0, 1.0172526572205243e-06, -0.016214000061154366, 0.0, 0.0]","[1.0, 0.0, 1.0, 1.0367765426635742, 2.0, 0.7136154174804688, 0.22144833207130432, 0.8091767430305481]",-31.656253091574605
4.499999999999992,109.43408203125,191.83746337890625,6.7291998863220215,-0.002197265625,1.0,"[0.9958997964859009, 0.0, 0.41571295261383057, 0.8084040880203247]","[0.0, 0.0, -3.1957933970261365e-06, 0.00011933333735214546, -0.043483711779117584, 1.0, 0.016333334147930145, -3.1957933970261365e-06, 0.0, 0.0, 1.0172526572205243e-06, -0.016214000061154366, 0.0, 0.0]","[1.0, 0.0, 1.0, 1.0367765426635742, 2.0, 0.7136154174804688, 0.22144833207130432, 0.8091767430305481]",-31.781963981736162
4.549999999999992,109.78047943115234,191.84280395507812,7.065410137176514,-0.002655029296875,0.98828125,"[0.9738361835479736, 0.026599999517202377, 0.2995564639568329, 0.8083729147911072]","[0.0, 0.0, -3.1957933970261365e-06, 0.00011933333735214546, -0.043483711779117584, 1.0, 0.016333334147930145, -3.1957933970261365e-06, 0.0, 0.0, 1.0172526572205243e-06, -0.016214000061154366, 0.0, 0.0]","[1.0, 0.0, 1.0, 1.0367765426635742, 2.0, 0.7136154174804688, 0.22144833207130432, 0.8091767430305481]",-31.7804457370419
4.599999999999992,110.14439392089844,191.84815979003906,7.414279937744141,-0.00408935546875,0.984375,"[0.950941801071167, 0.03720000013709068, 0.31328657269477844, 0.9502406120300293]","[0.0, 0.0, -3.1957933970261365e-06, 0.00011933333735214546, -0.043483711779117584, 1.0, 0.016333334147930145, -3.1957933970261365e-06, 0.0, 0.0, 1.0172526572205243e-06, -0.016214000061154366, 0.0, 0.0]","[1.0, 0.0, 1.0, 1.0367765426635742, 2.0, 0.7136154174804688, 0.22144833207130432, 0.8091767430305481]",-31.892714965243584
4.6499999999999915,110.52715301513672,191.85345458984375,7.80826997756958,-0.005584716796875,0.9765625,"[0.9250863790512085, 0.058400001376867294, 0.3560720682144165, 0.9118791222572327]","[0.0, 0.0, -3.1957933970261365e-06, 0.00011933333735214546, -0.043483711779117584, 1.0, 0.016333334147930145, -3.1957933970261365e-06, 0.0, 0.0, 1.0172526572205243e-06, -0.016214000061154366, 0.0, 0.0]","[1.0, 0.0, 1.0, 1.0367765426635742, 2.0, 0.7136154174804688, 0.22144833207130432, 0.8091767430305481]",-31.807384736429626
4.699999999999991,110.92914581298828,191.8585662841797,8.186129570007324,-0.006683349609375,0.96875,"[0.9002895355224609, 0.08179999887943268, 0.3431380093097687, 0.9461590647697449]","[0.0, 0.0, -3.1957933970261365e-06, 0.00011933333735214546, -0.043483711779117584, 1.0, 0.016333334147930145, -3.1957933970261365e-06, 0.0, 0.0, 1.0172526572205243e-06, -0.016214000061154366, 0.0, 0.0]","[1.0, 0.0, 1.0, 1.0367765426635742, 2.0, 0.7136154174804688, 0.22144833207130432, 0.8091767430305481]",-31.736146105682685
4.749999999999991,111.35101318359375,191.8634490966797,8.59691047668457,-0.0074462890625,0.9609375,"[0.8733322620391846, 0.10700000077486038, 0.3741476833820343, 0.9264081120491028]","[0.0, 0.0, -3.1957933970261365e-06, 0.00011933333735214546, -0.043483711779117584, 1.0, 0.016333334147930145, -3.1957933970261365e-06, 0.0, 0.0, 1.0172526572205243e-06, -0.016214000061154366, 0.0, 0.0]","[1.0, 0.0, 1.0, 1.0367765426635742, 2.0, 0.7136154174804688, 0.22144833207130432, 0.8091767430305481]",-31.673235785908574
4.799999999999991,111.79280853271484,191.86802673339844,8.989339828491211,-0.0079345703125,0.953125,"[0.847579300403595, 0.13449999690055847, 0.35855117440223694, 0.9437813758850098]","[0.0, 0.0, -3.1957933970261365e-06, 0.00011933333735214546, -0.043483711779117584, 1.0, 0.016333334147930145, -3.1957933970261365e-06, 0.0, 0.0, 1.0172526572205243e-06, -0.016214000061154366, 0.0, 0.0]","[1.0, 0.0, 1.0, 1.0367765426635742, 2.0, 0.7136154174804688, 0.22144833207130432, 0.8091767430305481]",-31.900649020548997
4.849999999999991,112.24443054199219,191.87217712402344,9.107099533081055,-0.008087158203125,0.9375,"[0.8398513793945312, 0.18690000474452972, 0.11659955978393555, 0.665852963924408]","[0.0, 0.0, -3.1957933970261365e-06, 0.00011933333735214546, -0.043483711779117584, 1.0, 0.016333334147930145, -3.1957933970261365e-06, 0.0, 0.0, 1.0172526572205243e-06, -0.016214000061154366, 0.0, 0.0]","[1.0, 0.0, 1.0, 1.0367765426635742, 2.0, 0.7136154174804688, 0.22144833207130432, 0.8091767430305481]",-31.84282585220295
4.899999999999991,112.69342803955078,191.8758544921875,8.929129600524902,-0.0079345703125,0.93359375,"[0.8515305519104004, 0.19349999725818634, 0.11626735329627991, 0.6386925578117371]","[0.0, 0.0, -3.1957933970261365e-06, 0.00011933333735214546, -0.043483711779117584, 1.0, 0.016333334147930145, -3.1957933970261365e-06, 0.0, 0.0, 1.0172526572205243e-06, -0.016214000061154366, 0.0, 0.0]","[1.0, 0.0, 1.0, 1.0367765426635742, 2.0, 0.7136154174804688, 0.22144833207130432, 0.8091767430305481]",-31.772914954737537
4.94999999999999,113.15079498291016,191.87899780273438,9.37384033203125,-0.0079345703125,0.93359375,"[0.8223466277122498, 0.19769999384880066, 0.30900391936302185, 0.44294726848602295]","[0.0, 0.0, -3.1957933970261365e-06, 0.00011933333735214546, -0.043483711779117584, 1.0, 0.016333334147930145, -3.1957933970261365e-06, 0.0, 0.0, 1.0172526572205243e-06, -0.016214000061154366, 0.0, 0.0]","[1.0, 0.0, 1.0, 1.0367765426635742, 2.0, 0.7136154174804688, 0.22144833207130432, 0.8091767430305481]",-31.69291326117319
4.99999999999999,113.63520050048828,191.8816680908203,9.871009826660156,-0.007781982421875,0.93359375,"[0.7897201776504517, 0.2070000022649765, 0.45269712805747986, 0.9037958383560181]","[0.0, 0.0, -3.1957933970261365e-06, 0.00011933333735214546, -0.043483711779117584, 1.0, 0.016333334147930145, -3.1957933970261365e-06, 0.0, 0.0, 1.0172526572205243e-06, -0.016214000061154366, 0.0, 0.0]","[1.0, 0.0, 1.0, 1.0367765426635742, 2.0, 0.7136154174804688, 0.22144833207130432, 0.8091767430305481]",-31.829074033026444
5.04999999999999,114.141845703125,191.88388061523438,10.280879974365234,-0.00732421875,0.93359375,"[0.7628226280212402, 0.2176000028848648, 0.3752588927745819, 0.8626876473426819]","[0.0, 0.0, -3.1957933970261365e-06, 0.00011933333735214546, -0.043483711779117584, 1.0, 0.016333334147930145, -3.1957933970261365e-06, 0.0, 0.0, 1.0172526572205243e-06, -0.016214000061154366, 0.0, 0.0]","[1.0, 0.0, 1.0, 1.0367765426635742, 2.0, 0.7136154174804688, 0.22144833207130432, 0.8091767430305481]",-31.719211749206828
5.09999999999999,114.66695404052734,191.8855743408203,10.631569862365723,-0.006195068359375,0.93359375,"[0.7398087978363037, 0.2264000028371811, 0.32099249958992004, 0.8955971002578735]","[0.0, 0.0, -3.1957933970261365e-06, 0.00011933333735214546, -0.043483711779117584, 1.0, 0.016333334147930145, -3.1957933970261365e-06, 0.0, 0.0, 1.0172526572205243e-06, -0.016214000061154366, 0.0, 0.0]","[1.0, 0.0, 1.0, 1.0367765426635742, 2.0, 0.7136154174804688, 0.22144833207130432, 0.8091767430305481]",-31.611022019314923
5.14999999999999,115.20812225341797,191.8870391845703,10.942440032958984,-0.003570556640625,0.93359375,"[0.7194080948829651, 0.23399999737739563, 0.279864639043808, 0.9175235629081726]","[0.0, 0.0, -3.1957933970261365e-06, 0.00011933333735214546, -0.043483711779117584, 1.0, 0.016333334147930145, -3.1957933970261365e-06, 0.0, 0.0, 1.0172526572205243e-06, -0.016214000061154366, 0.0, 0.0]","[1.0, 0.0, 1.0, 1.0367765426635742, 2.0, 0.7136154174804688, 0.22144833207130432, 0.8091767430305481]",-31.509964980029018
5.1999999999999895,115.7638168334961,191.888427734375,11.226059913635254,-0.000640869140625,0.92578125,"[0.7007957100868225, 0.26899999380111694, 0.25177010893821716, 0.9318387508392334]","[0.0, 0.0, -3.1957933970261365e-06, 0.00011933333735214546, -0.043483711779117584, 1.0, 0.016333334147930145, -3.1957933970261365e-06, 0.0, 0.0, 1.0172526572205243e-06, -0.016214000061154366, 0.0, 0.0]","[1.0, 0.0, 1.0, 1.0367765426635742, 2.0, 0.7136154174804688, 0.22144833207130432, 0.8091767430305481]",-31.685179215036307
5.249999999999989,116.3329086303711,191.88992309570312,11.487669944763184,0.0008544921875,0.88671875,"[0.683627724647522, 0.421099990606308, 0.23255999386310577, 0.9387970566749573]","[0.0, 0.0, -3.1957933970261365e-06, 0.00011933333735214546, -0.043483711779117584, 1.0, 0.016333334147930145, -3.1957933970261365e-06, 0.0, 0.0, 1.0172526572205243e-06, -0.016214000061154366, 0.0, 0.0]","[1.0, 0.0, 1.0, 1.0367765426635742, 2.0, 0.7136154174804688, 0.22144833207130432, 0.8091767430305481]",-31.609284826577387
5.299999999999989,116.91438293457031,191.89141845703125,11.728460311889648,0.001007080078125,0.8515625,"[0.6678259372711182, 0.5645999908447266, 0.21277669072151184, 0.9419722557067871]","[0.0, 0.0, -3.1957933970261365e-06, 0.00011933333735214546, -0.043483711779117584, 1.0, 0.016333334147930145, -3.1957933970261365e-06, 0.0, 0.0, 1.0172526572205243e-06, -0.016214000061154366, 0.0, 0.0]","[1.0, 0.0, 1.0, 1.0367765426635742, 2.0, 0.7136154174804688, 0.22144833207130432, 0.8091767430305481]",-31.54450201617592
5.349999999999989,117.50728607177734,191.89295959472656,11.9508695602417,0.001068115234375,0.83203125,"[0.6532304286956787, 0.6521999835968018, 0.19695954024791718, 0.9476780295372009]","[0.0, 0.0, -3.1957933970261365e-06, 0.00011933333735214546, -0.043483711779117584, 1.0, 0.016333334147930145, -3.1957933970261365e-06, 0.0, 0.0, 1.0172526572205243e-06, -0.016214000061154366, 0.0, 0.0]","[1.0, 0.0, 1.0, 1.0367765426635742, 2.0, 0.7136154174804688, 0.22144833207130432, 0.8091767430305481]",-31.500847929279956
5.399999999999989,118.1108169555664,191.89462280273438,12.159509658813477,0.001617431640625,0.83203125,"[0.6395385265350342, 0.6644999980926514, 0.186923086643219, 0.954804003238678]","[0.0, 0.0, -3.1957933970261365e-06, 0.00011933333735214546, -0.043483711779117584, 1.0, 0.016333334147930145, -3.1957933970261365e-06, 0.0, 0.0, 1.0172526572205243e-06, -0.016214000061154366, 0.0, 0.0]","[1.0, 0.0, 1.0, 1.0367765426635742, 2.0, 0.7136154174804688, 0.22144833207130432, 0.8091767430305481]",-31.79403155729638
5.449999999999989,118.7245101928711,191.89654541015625,12.359100341796875,0.002471923828125,0.83203125,"[0.6264405250549316, 0.6761000156402588, 0.18167032301425934, 0.9612759947776794]","[0.0, 0.0, -3.1957933970261365e-06, 0.00011933333735214546, -0.043483711779117584, 1.0, 0.016333334147930145, -3.1957933970261365e-06, 0.0, 0.0, 1.0172526572205243e-06, -0.016214000061154366, 0.0, 0.0]","[1.0, 0.0, 1.0, 1.0367765426635742, 2.0, 0.7136154174804688, 0.22144833207130432, 0.8091767430305481]",-31.80447302972219
5.4999999999999885,119.34801483154297,191.89874267578125,12.552769660949707,0.00433349609375,0.828125,"[0.6137310266494751, 0.6870999932289124, 0.17636877298355103, 0.9663735032081604]","[0.0, 0.0, -3.1957933970261365e-06, 0.00011933333735214546, -0.043483711779117584, 1.0, 0.016333334147930145, -3.1957933970261365e-06, 0.0, 0.0, 1.0172526572205243e-06, -0.016214000061154366, 0.0, 0.0]","[1.0, 0.0, 1.0, 1.0367765426635742, 2.0, 0.7136154174804688, 0.22144833207130432, 0.8091767430305481]",-31.8404097496922
5.549999999999988,119.98107147216797,191.90159606933594,12.740920066833496,0.0057373046875,0.8125,"[0.6013838052749634, 0.7789000272750854, 0.1818474680185318, 0.9606526494026184]","[0.0, 0.0, -3.1957933970261365e-06, 0.00011933333735214546, -0.043483711779117584, 1.0, 0.016333334147930145, -3.1957933970261365e-06, 0.0, 0.0, 1.0172526572205243e-06, -0.016214000061154366, 0.0, 0.0]","[1.0, 0.0, 1.0, 1.0367765426635742, 2.0, 0.7136154174804688, 0.22144833207130432, 0.8091767430305481]",-31.90880982893553
5.599999999999988,120.62322998046875,191.90521240234375,12.917710304260254,0.006317138671875,0.73828125,"[0.5897819995880127, 1.0, 0.17231518030166626, 0.9616628289222717]","[0.0, 0.0, -3.1957933970261365e-06, 0.00011933333735214546, -0.043483711779117584, 1.0, 0.016333334147930145, -3.1957933970261365e-06, 0.0, 0.0, 1.0172526572205243e-06, -0.016214000061154366, 0.0, 0.0]","[1.0, 0.0, 1.0, 1.0367765426635742, 2.0, 0.7136154174804688, 0.22144833207130432, 0.8091767430305481]",-32.461053109166905
5.649999999999988,121.27362823486328,191.90960693359375,13.073809623718262,0.006317138671875,0.65625,"[0.579538106918335, 1.0, 0.15442372858524323, 0.9538382291793823]","[0.0, 0.0, -3.1957933970261365e-06, 0.00011933333735214546, -0.043483711779117584, 1.0, 0.016333334147930145, -3.1957933970261365e-06, 0.0, 0.0, 1.0172526572205243e-06, -0.016214000061154366, 0.0, 0.0]","[1.0, 0.0, 1.0, 1.0367765426635742, 2.0, 0.7136154174804688, 0.22144833207130432, 0.8091767430305481]",-32.63047268102451
5.699999999999988,121.93112182617188,191.914794921875,13.207989692687988,0.006195068359375,0.640625,"[0.570732593536377, 1.0, 0.1357305347919464, 0.9555860161781311]","[0.0, 0.0, -3.1957933970261365e-06, 0.00011933333735214546, -0.043483711779117584, 1.0, 0.016333334147930145, -3.1957933970261365e-06, 0.0, 0.0, 1.0172526572205243e-06, -0.016214000061154366, 0.0, 0.0]","[1.0, 0.0, 1.0, 1.0367765426635742, 2.0, 0.7136154174804688, 0.22144833207130432, 0.8091767430305481]",-32.806984660425755
5.749999999999988,122.59479522705078,191.9208221435547,13.326499938964844,0.0057373046875,0.640625,"[0.5629554390907288, 1.0, 0.12155910581350327, 0.9652528762817383]","[0.0, 0.0, -3.1957933970261365e-06, 0.00011933333735214546, -0.043483711779117584, 1.0, 0.016333334147930145, -3.1957933970261365e-06, 0.0, 0.0, 1.0172526572205243e-06, -0.016214000061154366, 0.0, 0.0]","[1.0, 0.0, 1.0, 1.0367765426635742, 2.0, 0.7136154174804688, 0.22144833207130432, 0.8091767430305481]",-32.99538410734276
5.799999999999987,123.2640609741211,191.92747497558594,13.434700012207031,0.00384521484375,0.640625,"[0.555854856967926, 1.0, 0.10765890032052994, 0.971438467502594]","[0.0, 0.0, -3.1957933970261365e-06, 0.00011933333735214546, -0.043483711779117584, 1.0, 0.016333334147930145, -3.1957933970261365e-06, 0.0, 0.0, 1.0172526572205243e-06, -0.016214000061154366, 0.0, 0.0]","[1.0, 0.0, 1.0, 1.0367765426635742, 2.0, 0.7136154174804688, 0.22144833207130432, 0.8091767430305481]",-33.73729455270567
5.849999999999987,123.93856811523438,191.9345703125,13.537989616394043,0.001373291015625,0.6640625,"[0.5490765571594238, 1.0, 0.09720219671726227, 0.9765417575836182]","[0.0, 0.0, -3.1957933970261365e-06, 0.00011933333735214546, -0.043483711779117584, 1.0, 0.016333334147930145, -3.1957933970261365e-06, 0.0, 0.0, 1.0172526572205243e-06, -0.016214000061154366, 0.0, 0.0]","[1.0, 0.0, 1.0, 1.0367765426635742, 2.0, 0.7136154174804688, 0.22144833207130432, 0.8091767430305481]",-34.07314431598242
5.899999999999987,124.61824035644531,191.94186401367188,13.640589714050293,-0.00054931640625,0.671875,"[0.5423434376716614, 1.0, 0.0921059250831604, 0.9810779094696045]","[0.0, 0.0, -3.1957933970261365e-06, 0.00011933333735214546, -0.043483711779117584, 1.0, 0.016333334147930145, -3.1957933970261365e-06, 0.0, 0.0, 1.0172526572205243e-06, -0.016214000061154366, 0.0, 0.0]","[1.0, 0.0, 1.0, 1.0367765426635742, 2.0, 0.7136154174804688, 0.22144833207130432, 0.8091767430305481]",-34.45791226250269
5.949999999999987,125.3031005859375,191.9493865966797,13.743949890136719,-0.000946044921875,0.6796875,"[0.5355604887008667, 1.0, 0.09224219620227814, 0.9842304587364197]","[0.0, 0.0, -3.1957933970261365e-06, 0.00011933333735214546, -0.043483711779117584, 1.0, 0.016333334147930145, -3.1957933970261365e-06, 0.0, 0.0, 1.0172526572205243e-06, -0.016214000061154366, 0.0, 0.0]","[1.0, 0.0, 1.0, 1.0367765426635742, 2.0, 0.7136154174804688, 0.22144833207130432, 0.8091767430305481]",-34.86217572278729
5.999999999999987,125.99324035644531,191.95706176757812,13.850040435791016,-0.0010986328125,0.69921875,"[0.5285983085632324, 1.0, 0.09404835104942322, 0.9817860126495361]","[0.0, 0.0, -3.1957933970261365e-06, 0.00011933333735214546, -0.043483711779117584, 1.0, 0.016333334147930145, -3.1957933970261365e-06, 0.0, 0.0, 1.0172526572205243e-06, -0.016214000061154366, 0.0, 0.0]","[1.0, 0.0, 1.0, 1.0367765426635742, 2.0, 0.7136154174804688, 0.22144833207130432, 0.8091767430305481]",-35.941505054906166
6.0499999999999865,126.68887329101562,191.9647216796875,13.960829734802246,-0.00201416015625,0.71484375,"[0.5213278532028198, 1.0, 0.10088132321834564, 0.9775692224502563]","[0.0, 0.0, -3.1957933970261365e-06, 0.00011933333735214546, -0.043483711779117584, 1.0, 0.016333334147930145, -3.1957933970261365e-06, 0.0, 0.0, 1.0172526572205243e-06, -0.016214000061154366, 0.0, 0.0]","[1.0, 0.0, 1.0, 1.0367765426635742, 2.0, 0.7136154174804688, 0.22144833207130432, 0.8091767430305481]",-36.22445119076373
6.099999999999986,127.39025115966797,191.97216796875,14.076979637145996,-0.00347900390625,0.7265625,"[0.5137056112289429, 1.0, 0.11069053411483765, 0.9752111434936523]","[0.0, 0.0, -3.1957933970261365e-06, 0.00011933333735214546, -0.043483711779117584, 1.0, 0.016333334147930145, -3.1957933970261365e-06, 0.0, 0.0, 1.0172526572205243e-06, -0.016214000061154366, 0.0, 0.0]","[1.0, 0.0, 1.0, 1.0367765426635742, 2.0, 0.7136154174804688, 0.22144833207130432, 0.8091767430305481]",-36.58009227855331
6.149999999999986,128.09764099121094,191.97915649414062,14.19927978515625,-0.0050048828125,0.74609375,"[0.505679726600647, 1.0, 0.1210663691163063, 0.973626434803009]","[0.0, 0.0, -3.1957933970261365e-06, 0.00011933333735214546, -0.043483711779117584, 1.0, 0.016333334147930145, -3.1957933970261365e-06, 0.0, 0.0, 1.0172526572205243e-06, -0.016214000061154366, 0.0, 0.0]","[1.0, 0.0, 1.0, 1.0367765426635742, 2.0, 0.7136154174804688, 0.22144833207130432, 0.8091767430305481]",-36.95588224234897
6.199999999999986,128.8114013671875,191.9855499267578,14.328359603881836,-0.0057373046875,0.7578125,"[0.4972088932991028, 1.0, 0.12959164381027222, 0.973324179649353]","[0.0, 0.0, -3.1957933970261365e-06, 0.00011933333735214546, -0.043483711779117584, 1.0, 0.016333334147930145, -3.1957933970261365e-06, 0.0, 0.0, 1.0172526572205243e-06, -0.016214000061154366, 0.0, 0.0]","[1.0, 0.0, 1.0, 1.0367765426635742, 2.0, 0.7136154174804688, 0.22144833207130432, 0.8091767430305481]",-37.921045838755155
6.249999999999986,129.53184509277344,191.99131774902344,14.463979721069336,-0.005462646484375,0.76953125,"[0.4883089065551758, 1.0, 0.13534504175186157, 0.9734598994255066]","[0.0, 0.0, -3.1957933970261365e-06, 0.00011933333735214546, -0.043483711779117584, 1.0, 0.016333334147930145, -3.1957933970261365e-06, 0.0, 0.0, 1.0172526572205243e-06, -0.016214000061154366, 0.0, 0.0]","[1.0, 0.0, 1.0, 1.0367765426635742, 2.0, 0.7136154174804688, 0.22144833207130432, 0.8091767430305481]",-38.406254736964826
6.299999999999986,130.25927734375,191.9964599609375,14.60569953918457,-0.0050048828125,0.77734375,"[0.47900867462158203, 1.0, 0.1407059282064438, 0.973425030708313]","[0.0, 0.0, -3.1957933970261365e-06, 0.00011933333735214546, -0.043483711779117584, 1.0, 0.016333334147930145, -3.1957933970261365e-06, 0.0, 0.0, 1.0172526572205243e-06, -0.016214000061154366, 0.0, 0.0]","[1.0, 0.0, 1.0, 1.0367765426635742, 2.0, 0.7136154174804688, 0.22144833207130432, 0.8091767430305481]",-38.90651098245083
6.349999999999985,130.99400329589844,192.00094604492188,14.752229690551758,-0.004364013671875,0.77734375,"[0.46939265727996826, 1.0, 0.14433492720127106, 0.974135160446167]","[0.0, 0.0, -3.1957933970261365e-06, 0.00011933333735214546, -0.043483711779117584, 1.0, 0.016333334147930145, -3.1957933970261365e-06, 0.0, 0.0, 1.0172526572205243e-06, -0.016214000061154366, 0.0, 0.0]","[1.0, 0.0, 1.0, 1.0367765426635742, 2.0, 0.7136154174804688, 0.22144833207130432, 0.8091767430305481]",-39.422492047369914
6.399999999999985,131.736083984375,192.00477600097656,14.899069786071777,-0.00360107421875,0.7421875,"[0.45975637435913086, 1.0, 0.1434219777584076, 0.9787214994430542]","[0.0, 0.0, -3.1957933970261365e-06, 0.00011933333735214546, -0.043483711779117584, 1.0, 0.016333334147930145, -3.1957933970261365e-06, 0.0, 0.0, 1.0172526572205243e-06, -0.016214000061154366, 0.0, 0.0]","[1.0, 0.0, 1.0, 1.0367765426635742, 2.0, 0.7136154174804688, 0.22144833207130432, 0.8091767430305481]",-40.58267473106037
6.449999999999985,132.48536682128906,192.0080108642578,15.040969848632812,-0.003173828125,0.71875,"[0.45044422149658203, 1.0, 0.13864529132843018, 0.9744734764099121]","[0.0, 0.0, -3.1957933970261365e-06, 0.00011933333735214546, -0.043483711779117584, 1.0, 0.016333334147930145, -3.1957933970261365e-06, 0.0, 0.0, 1.0172526572205243e-06, -0.016214000061154366, 0.0, 0.0]","[1.0, 0.0, 1.0, 1.0367765426635742, 2.0, 0.7136154174804688, 0.22144833207130432, 0.8091767430305481]",-40.98998190948457
6.499999999999985,133.24147033691406,192.0105743408203,15.173830032348633,-0.002960205078125,0.67578125,"[0.44172531366348267, 1.0, 0.13044747710227966, 0.9709388017654419]","[0.0, 0.0, -3.1957933970261365e-06, 0.00011933333735214546, -0.043483711779117584, 1.0, 0.016333334147930145, -3.1957933970261365e-06, 0.0, 0.0, 1.0172526572205243e-06, -0.016214000061154366, 0.0, 0.0]","[1.0, 0.0, 1.0, 1.0367765426635742, 2.0, 0.7136154174804688, 0.22144833207130432, 0.8091767430305481]",-41.41809355403845
6.549999999999985,134.00372314453125,192.0125732421875,15.289799690246582,-0.002532958984375,0.59375,"[0.434114933013916, 1.0, 0.1143454909324646, 0.9639131426811218]","[0.0, 0.0, -3.1957933970261365e-06, 0.00011933333735214546, -0.043483711779117584, 1.0, 0.016333334147930145, -3.1957933970261365e-06, 0.0, 0.0, 1.0172526572205243e-06, -0.016214000061154366, 0.0, 0.0]","[1.0, 0.0, 1.0, 1.0367765426635742, 2.0, 0.7136154174804688, 0.22144833207130432, 0.8091767430305481]",-41.84587599878179
6.5999999999999845,134.7709503173828,192.01397705078125,15.38051986694336,-0.002197265625,0.515625,"[0.4281613826751709, 1.0, 0.09112659096717834, 0.957511305809021]","[0.0, 0.0, -3.1957933970261365e-06, 0.00011933333735214546, -0.043483711779117584, 1.0, 0.016333334147930145, -3.1957933970261365e-06, 0.0, 0.0, 1.0172526572205243e-06, -0.016214000061154366, 0.0, 0.0]","[1.0, 0.0, 1.0, 1.0367765426635742, 2.0, 0.7136154174804688, 0.22144833207130432, 0.8091767430305481]",-42.265828800718594
6.649999999999984,135.54183959960938,192.014892578125,15.444680213928223,-0.00177001953125,0.4801483154296875,"[0.42395102977752686, 1.0, 0.06630505621433258, 0.9595296382904053]","[0.0, 0.0, -3.1957933970261365e-06, 0.00011933333735214546, -0.043483711779117584, 1.0, 0.016333334147930145, -3.1957933970261365e-06, 0.0, 0.0, 1.0172526572205243e-06, -0.016214000061154366, 0.0, 0.0]","[1.0, 0.0, 1.0, 1.0367765426635742, 2.0, 0.7136154174804688, 0.22144833207130432, 0.8091767430305481]",-43.095465750702076
6.699999999999984,136.315185546875,192.01541137695312,15.487070083618164,-0.001434326171875,0.4642791748046875,"[0.42116910219192505, 1.0, 0.04591911658644676, 0.9681831002235413]","[0.0, 0.0, -3.1957933970261365e-06, 0.00011933333735214546, -0.043483711779117584, 1.0, 0.016333334147930145, -3.1957933970261365e-06, 0.0, 0.0, 1.0172526572205243e-06, -0.016214000061154366, 0.0, 0.0]","[1.0, 0.0, 1.0, 1.0367765426635742, 2.0, 0.7136154174804688, 0.22144833207130432, 0.8091767430305481]",-43.457077846300734
6.749999999999984,137.090087890625,192.0155029296875,15.512929916381836,-0.001007080078125,0.452362060546875,"[0.4194720983505249, 1.0, 0.029733186587691307, 0.9765697717666626]","[0.0, 0.0, -3.1957933970261365e-06, 0.00011933333735214546, -0.043483711779117584, 1.0, 0.016333334147930145, -3.1957933970261365e-06, 0.0, 0.0, 1.0172526572205243e-06, -0.016214000061154366, 0.0, 0.0]","[1.0, 0.0, 1.0, 1.0367765426635742, 2.0, 0.7136154174804688, 0.22144833207130432, 0.8091767430305481]",-43.795312020676384
6.799999999999984,137.8658905029297,192.01527404785156,15.526379585266113,-0.000946044921875,0.444427490234375,"[0.4185895323753357, 1.0, 0.01833406463265419, 0.9833251237869263]","[0.0, 0.0, -3.1957933970261365e-06, 0.00011933333735214546, -0.043483711779117584, 1.0, 0.016333334147930145, -3.1957933970261365e-06, 0.0, 0.0, 1.0172526572205243e-06, -0.016214000061154366, 0.0, 0.0]","[1.0, 0.0, 1.0, 1.0367765426635742, 2.0, 0.7136154174804688, 0.22144833207130432, 0.8091767430305481]",-44.0854279582475
6.849999999999984,138.64207458496094,192.0147247314453,15.530179977416992,-0.000946044921875,0.432525634765625,"[0.4183400869369507, 1.0, 0.009354284964501858, 0.9879571199417114]","[0.0, 0.0, -3.1957933970261365e-06, 0.00011933333735214546, -0.043483711779117584, 1.0, 0.016333334147930145, -3.1957933970261365e-06, 0.0, 0.0, 1.0172526572205243e-06, -0.016214000061154366, 0.0, 0.0]","[1.0, 0.0, 1.0, 1.0367765426635742, 2.0, 0.7136154174804688, 0.22144833207130432, 0.8091767430305481]",-44.56473388857834
6.8999999999999835,139.418212890625,192.01388549804688,15.526439666748047,-0.000946044921875,0.428558349609375,"[0.41858547925949097, 1.0, 0.007482461631298065, 0.9905070662498474]","[0.0, 0.0, -3.1957933970261365e-06, 0.00011933333735214546, -0.043483711779117584, 1.0, 0.016333334147930145, -3.1957933970261365e-06, 0.0, 0.0, 1.0172526572205243e-06, -0.016214000061154366, 0.0, 0.0]","[1.0, 0.0, 1.0, 1.0367765426635742, 2.0, 0.7136154174804688, 0.22144833207130432, 0.8091767430305481]",-44.76154063064864
6.949999999999983,140.19395446777344,192.01278686523438,15.514639854431152,-0.000946044921875,0.392852783203125,"[0.4193599224090576, 1.0, 0.015473405830562115, 0.9888314604759216]","[0.0, 0.0, -3.1957933970261365e-06, 0.00011933333735214546, -0.043483711779117584, 1.0, 0.016333334147930145, -3.1957933970261365e-06, 0.0, 0.0, 1.0172526572205243e-06, -0.016214000061154366, 0.0, 0.0]","[1.0, 0.0, 1.0, 1.0367765426635742, 2.0, 0.7136154174804688, 0.22144833207130432, 0.8091767430305481]",-44.943713148142194
6.999999999999983,140.9688262939453,192.0114288330078,15.493499755859375,-0.000946044921875,0.376983642578125,"[0.42074716091156006, 1.0, 0.023374946787953377, 0.9860424995422363]","[0.0, 0.0, -3.1957933970261365e-06, 0.00011933333735214546, -0.043483711779117584, 1.0, 0.016333334147930145, -3.1957933970261365e-06, 0.0, 0.0, 1.0172526572205243e-06, -0.016214000061154366, 0.0, 0.0]","[1.0, 0.0, 1.0, 1.0367765426635742, 2.0, 0.7136154174804688, 0.22144833207130432, 0.8091767430305481]",-45.11376189839119
7.049999999999983,141.74237060546875,192.00987243652344,15.462340354919434,-0.000946044921875,0.3412628173828125,"[0.4227920174598694, 1.0, 0.031940218061208725, 0.9839059710502625]","[0.0, 0.0, -3.1957933970261365e-06, 0.00011933333735214546, -0.043483711779117584, 1.0, 0.016333334147930145, -3.1957933970261365e-06, 0.0, 0.0, 1.0172526572205243e-06, -0.016214000061154366, 0.0, 0.0]","[1.0, 0.0, 1.0, 1.0367765426635742, 2.0, 0.7136154174804688, 0.22144833207130432, 0.8091767430305481]",-45.39974533855882
7.099999999999983,142.51402282714844,192.00808715820312,15.419520378112793,-0.001007080078125,0.3095245361328125,"[0.4256020784378052, 1.0, 0.04222593456506729, 0.9803505539894104]","[0.0, 0.0, -3.1957933970261365e-06, 0.00011933333735214546, -0.043483711779117584, 1.0, 0.016333334147930145, -3.1957933970261365e-06, 0.0, 0.0, 1.0172526572205243e-06, -0.016214000061154366, 0.0, 0.0]","[1.0, 0.0, 1.0, 1.0367765426635742, 2.0, 0.7136154174804688, 0.22144833207130432, 0.8091767430305481]",-45.544055608455245
7.149999999999983,143.2831573486328,192.00608825683594,15.364139556884766,-0.001007080078125,0.2738037109375,"[0.42923635244369507, 1.0, 0.05311208590865135, 0.977609395980835]","[0.0, 0.0, -3.1957933970261365e-06, 0.00011933333735214546, -0.043483711779117584, 1.0, 0.016333334147930145, -3.1957933970261365e-06, 0.0, 0.0, 1.0172526572205243e-06, -0.016214000061154366, 0.0, 0.0]","[1.0, 0.0, 1.0, 1.0367765426635742, 2.0, 0.7136154174804688, 0.22144833207130432, 0.8091767430305481]",-45.68743593409162
7.199999999999982,144.04913330078125,192.00390625,15.29640007019043,-0.001007080078125,0.25,"[0.4336817264556885, 1.0, 0.06391340494155884, 0.9761377573013306]","[0.0, 0.0, -3.1957933970261365e-06, 0.00011933333735214546, -0.043483711779117584, 1.0, 0.016333334147930145, -3.1957933970261365e-06, 0.0, 0.0, 1.0172526572205243e-06, -0.016214000061154366, 0.0, 0.0]","[1.0, 0.0, 1.0, 1.0367765426635742, 2.0, 0.7136154174804688, 0.22144833207130432, 0.8091767430305481]",-45.8329593234768
7.249999999999982,144.8114013671875,192.00149536132812,15.21837043762207,-0.0010986328125,0.23809814453125,"[0.43880242109298706, 1.0, 0.07320395112037659, 0.9771666526794434]","[0.0, 0.0, -3.1957933970261365e-06, 0.00011933333735214546, -0.043483711779117584, 1.0, 0.016333334147930145, -3.1957933970261365e-06, 0.0, 0.0, 1.0172526572205243e-06, -0.016214000061154366, 0.0, 0.0]","[1.0, 0.0, 1.0, 1.0367765426635742, 2.0, 0.7136154174804688, 0.22144833207130432, 0.8091767430305481]",-46.07098307589444
7.299999999999982,145.5695037841797,191.9989013671875,15.131750106811523,-0.0010986328125,0.21826171875,"[0.4444867968559265, 1.0, 0.08068791031837463, 0.9780204892158508]","[0.0, 0.0, -3.1957933970261365e-06, 0.00011933333735214546, -0.043483711779117584, 1.0, 0.016333334147930145, -3.1957933970261365e-06, 0.0, 0.0, 1.0172526572205243e-06, -0.016214000061154366, 0.0, 0.0]","[1.0, 0.0, 1.0, 1.0367765426635742, 2.0, 0.7136154174804688, 0.22144833207130432, 0.8091767430305481]",-46.214753088412756
7.349999999999982,146.32305908203125,191.99610900878906,15.037349700927734,-0.0010986328125,0.2023773193359375,"[0.45068180561065674, 1.0, 0.08752264082431793, 0.9779186844825745]","[0.0, 0.0, -3.1957933970261365e-06, 0.00011933333735214546, -0.043483711779117584, 1.0, 0.016333334147930145, -3.1957933970261365e-06, 0.0, 0.0, 1.0172526572205243e-06, -0.016214000061154366, 0.0, 0.0]","[1.0, 0.0, 1.0, 1.0367765426635742, 2.0, 0.7136154174804688, 0.22144833207130432, 0.8091767430305481]",-46.35917939690787
7.399999999999982,147.07171630859375,191.9931182861328,14.937049865722656,-0.0010986328125,0.20000000298023224,"[0.45726388692855835, 1.0, 0.09271296858787537, 0.9793447256088257]","[0.0, 0.0, -3.1957933970261365e-06, 0.00011933333735214546, -0.043483711779117584, 1.0, 0.016333334147930145, -3.1957933970261365e-06, 0.0, 0.0, 1.0172526572205243e-06, -0.016214000061154366, 0.0, 0.0]","[1.0, 0.0, 1.0, 1.0367765426635742, 2.0, 0.7136154174804688, 0.22144833207130432, 0.8091767430305481]",-46.50194155555838
7.4499999999999815,147.81524658203125,191.9899139404297,14.833250045776367,-0.0010986328125,0.20000000298023224,"[0.4640756845474243, 1.0, 0.09578725695610046, 0.9817114472389221]","[0.0, 0.0, -3.1957933970261365e-06, 0.00011933333735214546, -0.043483711779117584, 1.0, 0.016333334147930145, -3.1957933970261365e-06, 0.0, 0.0, 1.0172526572205243e-06, -0.016214000061154366, 0.0, 0.0]","[1.0, 0.0, 1.0, 1.0367765426635742, 2.0, 0.7136154174804688, 0.22144833207130432, 0.8091767430305481]",-46.71245233402318
7.499999999999981,148.55357360839844,191.98654174804688,14.727629661560059,-0.0010986328125,0.20000000298023224,"[0.4710070490837097, 1.0, 0.09738065302371979, 0.9834429025650024]","[0.0, 0.0, -3.1957933970261365e-06, 0.00011933333735214546, -0.043483711779117584, 1.0, 0.016333334147930145, -3.1957933970261365e-06, 0.0, 0.0, 1.0172526572205243e-06, -0.016214000061154366, 0.0, 0.0]","[1.0, 0.0, 1.0, 1.0367765426635742, 2.0, 0.7136154174804688, 0.22144833207130432, 0.8091767430305481]",-46.85335530348056
7.549999999999981,149.28660583496094,191.9829864501953,14.62125015258789,-0.0009765625,0.20000000298023224,"[0.4779881238937378, 1.0, 0.09765142947435379, 0.9844338297843933]","[0.0, 0.0, -3.1957933970261365e-06, 0.00011933333735214546, -0.043483711779117584, 1.0, 0.016333334147930145, -3.1957933970261365e-06, 0.0, 0.0, 1.0172526572205243e-06, -0.016214000061154366, 0.0, 0.0]","[1.0, 0.0, 1.0, 1.0367765426635742, 2.0, 0.7136154174804688, 0.22144833207130432, 0.8091767430305481]",-46.995430817750304
7.599999999999981,150.01434326171875,191.9792938232422,14.51476001739502,-0.0008544921875,0.20000000298023224,"[0.48497647047042847, 1.0, 0.09738592803478241, 0.9850395917892456]","[0.0, 0.0, -3.1957933970261365e-06, 0.00011933333735214546, -0.043483711779117584, 1.0, 0.016333334147930145, -3.1957933970261365e-06, 0.0, 0.0, 1.0172526572205243e-06, -0.016214000061154366, 0.0, 0.0]","[1.0, 0.0, 1.0, 1.0367765426635742, 2.0, 0.7136154174804688, 0.22144833207130432, 0.8091767430305481]",-47.137167315223174
7.649999999999981,150.7367706298828,191.9754180908203,14.40857982635498,-0.00067138671875,0.20000000298023224,"[0.4919445514678955, 1.0, 0.09654197841882706, 0.9847442507743835]","[0.0, 0.0, -3.1957933970261365e-06, 0.00011933333735214546, -0.043483711779117584, 1.0, 0.016333334147930145, -3.1957933970261365e-06, 0.0, 0.0, 1.0172526572205243e-06, -0.016214000061154366, 0.0, 0.0]","[1.0, 0.0, 1.0, 1.0367765426635742, 2.0, 0.7136154174804688, 0.22144833207130432, 0.8091767430305481]",-47.31628288307959
7.699999999999981,151.45394897460938,191.971435546875,14.302980422973633,-0.00067138671875,0.20000000298023224,"[0.49887436628341675, 1.0, 0.09604395180940628, 0.9848711490631104]","[0.0, 0.0, -3.1957933970261365e-06, 0.00011933333735214546, -0.043483711779117584, 1.0, 0.016333334147930145, -3.1957933970261365e-06, 0.0, 0.0, 1.0172526572205243e-06, -0.016214000061154366, 0.0, 0.0]","[1.0, 0.0, 1.0, 1.0367765426635742, 2.0, 0.7136154174804688, 0.22144833207130432, 0.8091767430305481]",-47.45126127863858
7.7499999999999805,152.16586303710938,191.96734619140625,14.19810962677002,-0.000640869140625,0.20000000298023224,"[0.5057564973831177, 1.0, 0.09528087824583054, 0.9847930669784546]","[0.0, 0.0, -3.1957933970261365e-06, 0.00011933333735214546, -0.043483711779117584, 1.0, 0.016333334147930145, -3.1957933970261365e-06, 0.0, 0.0, 1.0172526572205243e-06, -0.016214000061154366, 0.0, 0.0]","[1.0, 0.0, 1.0, 1.0367765426635742, 2.0, 0.7136154174804688, 0.22144833207130432, 0.8091767430305481]",-47.5835250704179
7.79999999999998,152.87257385253906,191.963134765625,14.094070434570312,-0.000518798828125,0.20000000298023224,"[0.5125840306282043, 1.0, 0.09394022077322006, 0.9845615029335022]","[0.0, 0.0, -3.1957933970261365e-06, 0.00011933333735214546, -0.043483711779117584, 1.0, 0.016333334147930145, -3.1957933970261365e-06, 0.0, 0.0, 1.0172526572205243e-06, -0.016214000061154366, 0.0, 0.0]","[1.0, 0.0, 1.0, 1.0367765426635742, 2.0, 0.7136154174804688, 0.22144833207130432, 0.8091767430305481]",-47.71294864951955
7.84999999999998,153.57412719726562,191.9588623046875,13.990909576416016,-0.0003662109375,0.20000000298023224,"[0.5193538665771484, 1.0, 0.09263560175895691, 0.9846655130386353]","[0.0, 0.0, -3.1957933970261365e-06, 0.00011933333735214546, -0.043483711779117584, 1.0, 0.016333334147930145, -3.1957933970261365e-06, 0.0, 0.0, 1.0172526572205243e-06, -0.016214000061154366, 0.0, 0.0]","[1.0, 0.0, 1.0, 1.0367765426635742, 2.0, 0.7136154174804688, 0.22144833207130432, 0.8091767430305481]",-47.84247868858305
7.89999999999998,154.27056884765625,191.9545135498047,13.888680458068848,-0.0003662109375,0.20000000298023224,"[0.5260626077651978, 1.0, 0.09178812801837921, 0.9849278926849365]","[0.0, 0.0, -3.1957933970261365e-06, 0.00011933333735214546, -0.043483711779117584, 1.0, 0.016333334147930145, -3.1957933970261365e-06, 0.0, 0.0, 1.0172526572205243e-06, -0.016214000061154366, 0.0, 0.0]","[1.0, 0.0, 1.0, 1.0367765426635742, 2.0, 0.7136154174804688, 0.22144833207130432, 0.8091767430305481]",-47.95641109939731
7.94999999999998,154.9619140625,191.9501190185547,13.78738021850586,-0.0003662109375,0.20000000298023224,"[0.5327103734016418, 1.0, 0.0908360406756401, 0.9850452542304993]","[0.0, 0.0, -3.1957933970261365e-06, 0.00011933333735214546, -0.043483711779117584, 1.0, 0.016333334147930145, -3.1957933970261365e-06, 0.0, 0.0, 1.0172526572205243e-06, -0.016214000061154366, 0.0, 0.0]","[1.0, 0.0, 1.0, 1.0367765426635742, 2.0, 0.7136154174804688, 0.22144833207130432, 0.8091767430305481]",-48.068249015325655
7.99999999999998,155.64825439453125,191.94566345214844,13.687020301818848,-0.0003662109375,0.20000000298023224,"[0.5392964482307434, 1.0, 0.08987956494092941, 0.985175609588623]","[0.0, 0.0, -3.1957933970261365e-06, 0.00011933333735214546, -0.043483711779117584, 1.0, 0.016333334147930145, -3.1957933970261365e-06, 0.0, 0.0, 1.0172526572205243e-06, -0.016214000061154366, 0.0, 0.0]","[1.0, 0.0, 1.0, 1.0367765426635742, 2.0, 0.7136154174804688, 0.22144833207130432, 0.8091767430305481]",-48.178150834942365
8.04999999999998,156.32958984375,191.94119262695312,13.587610244750977,-0.0003662109375,0.20000000298023224,"[0.5458201766014099, 1.0, 0.0889437273144722, 0.9853137135505676]","[0.0, 0.0, -3.1957933970261365e-06, 0.00011933333735214546, -0.043483711779117584, 1.0, 0.016333334147930145, -3.1957933970261365e-06, 0.0, 0.0, 1.0172526572205243e-06, -0.016214000061154366, 0.0, 0.0]","[1.0, 0.0, 1.0, 1.0367765426635742, 2.0, 0.7136154174804688, 0.22144833207130432, 0.8091767430305481]",-48.26010326427785
8.09999999999998,157.00601196289062,191.93663024902344,13.489130020141602,-0.0003662109375,0.20000000298023224,"[0.5522829294204712, 1.0, 0.08803296089172363, 0.9854491353034973]","[0.0, 0.0, -3.1957933970261365e-06, 0.00011933333735214546, -0.043483711779117584, 1.0, 0.016333334147930145, -3.1957933970261365e-06, 0.0, 0.0, 1.0172526572205243e-06, -0.016214000061154366, 0.0, 0.0]","[1.0, 0.0, 1.0, 1.0367765426635742, 2.0, 0.7136154174804688, 0.22144833207130432, 0.8091767430305481]",-48.357058650324205
8.14999999999998,157.67752075195312,191.93206787109375,13.391559600830078,-0.0003662109375,0.20000000298023224,"[0.5586858987808228, 1.0, 0.0871727392077446, 0.9856186509132385]","[0.0, 0.0, -3.1957933970261365e-06, 0.00011933333735214546, -0.043483711779117584, 1.0, 0.016333334147930145, -3.1957933970261365e-06, 0.0, 0.0, 1.0172526572205243e-06, -0.016214000061154366, 0.0, 0.0]","[1.0, 0.0, 1.0, 1.0367765426635742, 2.0, 0.7136154174804688, 0.22144833207130432, 0.8091767430305481]",-48.451258099210186
8.199999999999982,158.3441925048828,191.92747497558594,13.294879913330078,-0.0003662109375,0.20000000298023224,"[0.5650304555892944, 1.0, 0.08634593337774277, 0.9857662916183472]","[0.0, 0.0, -3.1957933970261365e-06, 0.00011933333735214546, -0.043483711779117584, 1.0, 0.016333334147930145, -3.1957933970261365e-06, 0.0, 0.0, 1.0172526572205243e-06, -0.016214000061154366, 0.0, 0.0]","[1.0, 0.0, 1.0, 1.0367765426635742, 2.0, 0.7136154174804688, 0.22144833207130432, 0.8091767430305481]",-48.542439570576946
8.249999999999982,159.0060577392578,191.9228057861328,13.199060440063477,-0.000335693359375,0.20000000298023224,"[0.5713185667991638, 1.0, 0.08554769307374954, 0.9859079122543335]","[0.0, 0.0, -3.1957933970261365e-06, 0.00011933333735214546, -0.043483711779117584, 1.0, 0.016333334147930145, -3.1957933970261365e-06, 0.0, 0.0, 1.0172526572205243e-06, -0.016214000061154366, 0.0, 0.0]","[1.0, 0.0, 1.0, 1.0367765426635742, 2.0, 0.7136154174804688, 0.22144833207130432, 0.8091767430305481]",-48.58080209382546
8.299999999999983,159.66314697265625,191.9181671142578,13.104100227355957,-0.000335693359375,0.20000000298023224,"[0.5775502920150757, 1.0, 0.08467648923397064, 0.9860244989395142]","[0.0, 0.0, -3.1957933970261365e-06, 0.00011933333735214546, -0.043483711779117584, 1.0, 0.016333334147930145, -3.1957933970261365e-06, 0.0, 0.0, 1.0172526572205243e-06, -0.016214000061154366, 0.0, 0.0]","[1.0, 0.0, 1.0, 1.0367765426635742, 2.0, 0.7136154174804688, 0.22144833207130432, 0.8091767430305481]",-48.65965339146887
8.349999999999984,160.31552124023438,191.9134979248047,13.009960174560547,-0.000335693359375,0.20000000298023224,"[0.5837281942367554, 1.0, 0.08393054455518723, 0.9861635565757751]","[0.0, 0.0, -3.1957933970261365e-06, 0.00011933333735214546, -0.043483711779117584, 1.0, 0.016333334147930145, -3.1957933970261365e-06, 0.0, 0.0, 1.0172526572205243e-06, -0.016214000061154366, 0.0, 0.0]","[1.0, 0.0, 1.0, 1.0367765426635742, 2.0, 0.7136154174804688, 0.22144833207130432, 0.8091767430305481]",-48.73515345236551
8.399999999999984,160.9632110595703,191.90882873535156,12.91666030883789,-0.000335693359375,0.20000000298023224,"[0.5898509621620178, 1.0, 0.08318724483251572, 0.9862949252128601]","[0.0, 0.0, -3.1957933970261365e-06, 0.00011933333735214546, -0.043483711779117584, 1.0, 0.016333334147930145, -3.1957933970261365e-06, 0.0, 0.0, 1.0172526572205243e-06, -0.016214000061154366, 0.0, 0.0]","[1.0, 0.0, 1.0, 1.0367765426635742, 2.0, 0.7136154174804688, 0.22144833207130432, 0.8091767430305481]",-48.80750238669726
8.449999999999985,161.6062469482422,191.904052734375,12.824179649353027,-0.000335693359375,0.20000000298023224,"[0.5959199666976929, 1.0, 0.08243120461702347, 0.9864038228988647]","[0.0, 0.0, -3.1957933970261365e-06, 0.00011933333735214546, -0.043483711779117584, 1.0, 0.016333334147930145, -3.1957933970261365e-06, 0.0, 0.0, 1.0172526572205243e-06, -0.016214000061154366, 0.0, 0.0]","[1.0, 0.0, 1.0, 1.0367765426635742, 2.0, 0.7136154174804688, 0.22144833207130432, 0.8091767430305481]",-48.8035694914648
8.499999999999986,162.2447052001953,191.89930725097656,12.73250961303711,-0.000335693359375,0.20000000298023224,"[0.6019357442855835, 1.0, 0.08173054456710815, 0.9864950776100159]","[0.0, 0.0, -3.1957933970261365e-06, 0.00011933333735214546, -0.043483711779117584, 1.0, 0.016333334147930145, -3.1957933970261365e-06, 0.0, 0.0, 1.0172526572205243e-06, -0.016214000061154366, 0.0, 0.0]","[1.0, 0.0, 1.0, 1.0367765426635742, 2.0, 0.7136154174804688, 0.22144833207130432, 0.8091767430305481]",-48.86491515979852
8.549999999999986,162.8785858154297,191.89454650878906,12.641639709472656,-0.000335693359375,0.20000000298023224,"[0.607899010181427, 1.0, 0.08090768754482269, 0.9865543246269226]","[0.0, 0.0, -3.1957933970261365e-06, 0.00011933333735214546, -0.043483711779117584, 1.0, 0.016333334147930145, -3.1957933970261365e-06, 0.0, 0.0, 1.0172526572205243e-06, -0.016214000061154366, 0.0, 0.0]","[1.0, 0.0, 1.0, 1.0367765426635742, 2.0, 0.7136154174804688, 0.22144833207130432, 0.8091767430305481]",-48.92434374627892
8.599999999999987,163.5079803466797,191.88978576660156,12.551650047302246,-0.000213623046875,0.20000000298023224,"[0.6138045787811279, 1.0, 0.08004967868328094, 0.9863063097000122]","[0.0, 0.0, -3.1957933970261365e-06, 0.00011933333735214546, -0.043483711779117584, 1.0, 0.016333334147930145, -3.1957933970261365e-06, 0.0, 0.0, 1.0172526572205243e-06, -0.016214000061154366, 0.0, 0.0]","[1.0, 0.0, 1.0, 1.0367765426635742, 2.0, 0.7136154174804688, 0.22144833207130432, 0.8091767430305481]",-48.981015565780076
8.649999999999988,164.1328887939453,191.88499450683594,12.462679862976074,-0.000457763671875,0.20000000298023224,"[0.6196432113647461, 1.0, 0.08002856373786926, 0.9854028820991516]","[0.0, 0.0, -3.1957933970261365e-06, 0.00011933333735214546, -0.043483711779117584, 1.0, 0.016333334147930145, -3.1957933970261365e-06, 0.0, 0.0, 1.0172526572205243e-06, -0.016214000061154366, 0.0, 0.0]","[1.0, 0.0, 1.0, 1.0367765426635742, 2.0, 0.7136154174804688, 0.22144833207130432, 0.8091767430305481]",-48.94681700785608
8.699999999999989,164.75341796875,191.88015747070312,12.374420166015625,-0.00067138671875,0.20000000298023224,"[0.6254351735115051, 1.0, 0.0810953825712204, 0.9845589995384216]","[0.0, 0.0, -3.1957933970261365e-06, 0.00011933333735214546, -0.043483711779117584, 1.0, 0.016333334147930145, -3.1957933970261365e-06, 0.0, 0.0, 1.0172526572205243e-06, -0.016214000061154366, 0.0, 0.0]","[1.0, 0.0, 1.0, 1.0367765426635742, 2.0, 0.7136154174804688, 0.22144833207130432, 0.8091767430305481]",-48.99665709232819
8.74999999999999,165.3695526123047,191.875244140625,12.28693962097168,-0.00067138671875,0.20000000298023224,"[0.6311759948730469, 1.0, 0.08054813742637634, 0.9829902648925781]","[0.0, 0.0, -3.1957933970261365e-06, 0.00011933333735214546, -0.043483711779117584, 1.0, 0.016333334147930145, -3.1957933970261365e-06, 0.0, 0.0, 1.0172526572205243e-06, -0.016214000061154366, 0.0, 0.0]","[1.0, 0.0, 1.0, 1.0367765426635742, 2.0, 0.7136154174804688, 0.22144833207130432, 0.8091767430305481]",-49.046355710356586
8.79999999999999,165.98129272460938,191.87033081054688,12.199760437011719,-0.00067138671875,0.20000000298023224,"[0.636897087097168, 1.0, 0.0811072513461113, 0.982189953327179]","[0.0, 0.0, -3.1957933970261365e-06, 0.00011933333735214546, -0.043483711779117584, 1.0, 0.016333334147930145, -3.1957933970261365e-06, 0.0, 0.0, 1.0172526572205243e-06, -0.016214000061154366, 0.0, 0.0]","[1.0, 0.0, 1.0, 1.0367765426635742, 2.0, 0.7136154174804688, 0.22144833207130432, 0.8091767430305481]",-49.09461021281549
8.84999999999999,166.58865356445312,191.8653106689453,12.113160133361816,-0.00079345703125,0.20000000298023224,"[0.6425802111625671, 1.0, 0.08045230805873871, 0.981408417224884]","[0.0, 0.0, -3.1957933970261365e-06, 0.00011933333735214546, -0.043483711779117584, 1.0, 0.016333334147930145, -3.1957933970261365e-06, 0.0, 0.0, 1.0172526572205243e-06, -0.016214000061154366, 0.0, 0.0]","[1.0, 0.0, 1.0, 1.0367765426635742, 2.0, 0.7136154174804688, 0.22144833207130432, 0.8091767430305481]",-49.041456552031214
8.899999999999991,167.19171142578125,191.8603057861328,12.027199745178223,-0.00079345703125,0.20000000298023224,"[0.6482213735580444, 1.0, 0.08058813214302063, 0.9813804626464844]","[0.0, 0.0, -3.1957933970261365e-06, 0.00011933333735214546, -0.043483711779117584, 1.0, 0.016333334147930145, -3.1957933970261365e-06, 0.0, 0.0, 1.0172526572205243e-06, -0.016214000061154366, 0.0, 0.0]","[1.0, 0.0, 1.0, 1.0367765426635742, 2.0, 0.7136154174804688, 0.22144833207130432, 0.8091767430305481]",-49.08038710344175
8.949999999999992,167.79049682617188,191.8551483154297,11.941900253295898,-0.00079345703125,0.20000000298023224,"[0.6538190841674805, 1.0, 0.07939208298921585, 0.9813355207443237]","[0.0, 0.0, -3.1957933970261365e-06, 0.00011933333735214546, -0.043483711779117584, 1.0, 0.016333334147930145, -3.1957933970261365e-06, 0.0, 0.0, 1.0172526572205243e-06, -0.016214000061154366, 0.0, 0.0]","[1.0, 0.0, 1.0, 1.0367765426635742, 2.0, 0.7136154174804688, 0.22144833207130432, 0.8091767430305481]",-49.11432177209572
8.999999999999993,168.3850555419922,191.85006713867188,11.857239723205566,-0.00054931640625,0.20000000298023224,"[0.6593748331069946, 1.0, 0.07896000146865845, 0.9809512495994568]","[0.0, 0.0, -3.1957933970261365e-06, 0.00011933333735214546, -0.043483711779117584, 1.0, 0.016333334147930145, -3.1957933970261365e-06, 0.0, 0.0, 1.0172526572205243e-06, -0.016214000061154366, 0.0, 0.0]","[1.0, 0.0, 1.0, 1.0367765426635742, 2.0, 0.7136154174804688, 0.22144833207130432, 0.8091767430305481]",-49.138670178878535
9.049999999999994,168.97537231445312,191.84500122070312,11.773249626159668,0.00115966796875,0.20000000298023224,"[0.6648866534233093, 1.0, 0.0800246149301529, 0.9771749377250671]","[0.0, 0.0, -3.1957933970261365e-06, 0.00011933333735214546, -0.043483711779117584, 1.0, 0.016333334147930145, -3.1957933970261365e-06, 0.0, 0.0, 1.0172526572205243e-06, -0.016214000061154366, 0.0, 0.0]","[1.0, 0.0, 1.0, 1.0367765426635742, 2.0, 0.7136154174804688, 0.22144833207130432, 0.8091767430305481]",-49.04097796479103
9.099999999999994,169.56153869628906,191.84046936035156,11.689840316772461,0.004119873046875,0.20000000298023224,"[0.6703603267669678, 1.0, 0.08472570776939392, 0.976116955280304]","[0.0, 0.0, -3.1957933970261365e-06, 0.00011933333735214546, -0.043483711779117584, 1.0, 0.016333334147930145, -3.1957933970261365e-06, 0.0, 0.0, 1.0172526572205243e-06, -0.016214000061154366, 0.0, 0.0]","[1.0, 0.0, 1.0, 1.0367765426635742, 2.0, 0.7136154174804688, 0.22144833207130432, 0.8091767430305481]",-49.0551857649645
9.149999999999995,170.14356994628906,191.83644104003906,11.607060432434082,0.00634765625,0.20000000298023224,"[0.6757926940917969, 1.0, 0.0908646211028099, 0.9771952033042908]","[0.0, 0.0, -3.1957933970261365e-06, 0.00011933333735214546, -0.043483711779117584, 1.0, 0.016333334147930145, -3.1957933970261365e-06, 0.0, 0.0, 1.0172526572205243e-06, -0.016214000061154366, 0.0, 0.0]","[1.0, 0.0, 1.0, 1.0367765426635742, 2.0, 0.7136154174804688, 0.22144833207130432, 0.8091767430305481]",-49.0640159182407
9.199999999999996,170.721435546875,191.8332977294922,11.52495002746582,0.008331298828125,0.20000000298023224,"[0.6811811923980713, 1.0, 0.08812659233808517, 0.9791802167892456]","[0.0, 0.0, -3.1957933970261365e-06, 0.00011933333735214546, -0.043483711779117584, 1.0, 0.016333334147930145, -3.1957933970261365e-06, 0.0, 0.0, 1.0172526572205243e-06, -0.016214000061154366, 0.0, 0.0]","[1.0, 0.0, 1.0, 1.0367765426635742, 2.0, 0.7136154174804688, 0.22144833207130432, 0.8091767430305481]",-49.05468991904659
9.249999999999996,171.29525756835938,191.8310089111328,11.443289756774902,0.01019287109375,0.20000000298023224,"[0.6865401268005371, 1.0, 0.0987815335392952, 0.9773350954055786]","[0.0, 0.0, -3.1957933970261365e-06, 0.00011933333735214546, -0.043483711779117584, 1.0, 0.016333334147930145, -3.1957933970261365e-06, 0.0, 0.0, 1.0172526572205243e-06, -0.016214000061154366, 0.0, 0.0]","[1.0, 0.0, 1.0, 1.0367765426635742, 2.0, 0.7136154174804688, 0.22144833207130432, 0.8091767430305481]",-48.85477681125755
9.299999999999997,171.86502075195312,191.830078125,11.36242961883545,0.0126953125,0.20000000298023224,"[0.691846489906311, 1.0, 0.0976114273071289, 0.9771853089332581]","[0.0, 0.0, -3.1957933970261365e-06, 0.00011933333735214546, -0.043483711779117584, 1.0, 0.016333334147930145, -3.1957933970261365e-06, 0.0, 0.0, 1.0172526572205243e-06, -0.016214000061154366, 0.0, 0.0]","[1.0, 0.0, 1.0, 1.0367765426635742, 2.0, 0.7136154174804688, 0.22144833207130432, 0.8091767430305481]",-48.85639326059221
9.349999999999998,172.43072509765625,191.83053588867188,11.281800270080566,0.0155029296875,0.20000000298023224,"[0.6971377730369568, 1.0, 0.11115647107362747, 0.9748244285583496]","[0.0, 0.0, -3.1957933970261365e-06, 0.00011933333735214546, -0.043483711779117584, 1.0, 0.016333334147930145, -3.1957933970261365e-06, 0.0, 0.0, 1.0172526572205243e-06, -0.016214000061154366, 0.0, 0.0]","[1.0, 0.0, 1.0, 1.0367765426635742, 2.0, 0.7136154174804688, 0.22144833207130432, 0.8091767430305481]",-48.83754594705914
9.399999999999999,172.99241638183594,191.83294677734375,11.202019691467285,0.019012451171875,0.20000000298023224,"[0.7023733258247375, 1.0, 0.11179868876934052, 0.9756884574890137]","[0.0, 0.0, -3.1957933970261365e-06, 0.00011933333735214546, -0.043483711779117584, 1.0, 0.016333334147930145, -3.1957933970261365e-06, 0.0, 0.0, 1.0172526572205243e-06, -0.016214000061154366, 0.0, 0.0]","[1.0, 0.0, 1.0, 1.0367765426635742, 2.0, 0.7136154174804688, 0.22144833207130432, 0.8091767430305481]",-48.8158651006552
9.45,173.55010986328125,191.83741760253906,11.122269630432129,0.022613525390625,0.20000000298023224,"[0.7076069116592407, 1.0, 0.12715736031532288, 0.9733527302742004]","[0.0, 0.0, -3.1957933970261365e-06, 0.00011933333735214546, -0.043483711779117584, 1.0, 0.016333334147930145, -3.1957933970261365e-06, 0.0, 0.0, 1.0172526572205243e-06, -0.016214000061154366, 0.0, 0.0]","[1.0, 0.0, 1.0, 1.0367765426635742, 2.0, 0.7136154174804688, 0.22144833207130432, 0.8091767430305481]",-48.651228607681006
9.5,174.10385131835938,191.84458923339844,11.04345989227295,0.0264892578125,0.20000000298023224,"[0.7127786874771118, 1.0, 0.12786681950092316, 0.975766658782959]","[0.0, 0.0, -3.1957933970261365e-06, 0.00011933333735214546, -0.043483711779117584, 1.0, 0.016333334147930145, -3.1957933970261365e-06, 0.0, 0.0, 1.0172526572205243e-06, -0.016214000061154366, 0.0, 0.0]","[1.0, 0.0, 1.0, 1.0367765426635742, 2.0, 0.7136154174804688, 0.22144833207130432, 0.8091767430305481]",-48.59799304116508
9.55,174.65353393554688,191.85459899902344,10.964400291442871,0.031280517578125,0.20000000298023224,"[0.7179669737815857, 1.0, 0.1464703232049942, 0.9703179597854614]","[0.0, 0.0, -3.1957933970261365e-06, 0.00011933333735214546, -0.043483711779117584, 1.0, 0.016333334147930145, -3.1957933970261365e-06, 0.0, 0.0, 1.0172526572205243e-06, -0.016214000061154366, 0.0, 0.0]","[1.0, 0.0, 1.0, 1.0367765426635742, 2.0, 0.7136154174804688, 0.22144833207130432, 0.8091767430305481]",-48.536778545657235
9.600000000000001,175.19924926757812,191.86790466308594,10.88659954071045,0.03350830078125,0.20000000298023224,"[0.7230726480484009, 1.0, 0.14162109792232513, 0.9803450107574463]","[0.0, 0.0, -3.1957933970261365e-06, 0.00011933333735214546, -0.043483711779117584, 1.0, 0.016333334147930145, -3.1957933970261365e-06, 0.0, 0.0, 1.0172526572205243e-06, -0.016214000061154366, 0.0, 0.0]","[1.0, 0.0, 1.0, 1.0367765426635742, 2.0, 0.7136154174804688, 0.22144833207130432, 0.8091767430305481]",-48.47382131408836
9.650000000000002,175.74095153808594,191.8846435546875,10.808300018310547,0.03814697265625,0.20000000298023224,"[0.728210985660553, 1.0, 0.16094988584518433, 0.9699051380157471]","[0.0, 0.0, -3.1957933970261365e-06, 0.00011933333735214546, -0.043483711779117584, 1.0, 0.016333334147930145, -3.1957933970261365e-06, 0.0, 0.0, 1.0172526572205243e-06, -0.016214000061154366, 0.0, 0.0]","[1.0, 0.0, 1.0, 1.0367765426635742, 2.0, 0.7136154174804688, 0.22144833207130432, 0.8091767430305481]",-48.26018809353943
9.700000000000003,176.27859497070312,191.90586853027344,10.730569839477539,0.046630859375,0.20000000298023224,"[0.7333119511604309, 1.0, 0.17261801660060883, 0.9666125774383545]","[0.0, 0.0, -3.1957933970261365e-06, 0.00011933333735214546, -0.043483711779117584, 1.0, 0.016333334147930145, -3.1957933970261365e-06, 0.0, 0.0, 1.0172526572205243e-06, -0.016214000061154366, 0.0, 0.0]","[1.0, 0.0, 1.0, 1.0367765426635742, 2.0, 0.7136154174804688, 0.22144833207130432, 0.8091767430305481]",-48.18616577569971
9.750000000000004,176.81201171875,191.9324951171875,10.651080131530762,0.060302734375,0.20000000298023224,"[0.7385284304618835, 1.0, 0.21213363111019135, 0.9495035409927368]","[0.0, 0.0, -3.1957933970261365e-06, 0.00011933333735214546, -0.043483711779117584, 1.0, 0.016333334147930145, -3.1957933970261365e-06, 0.0, 0.0, 1.0172526572205243e-06, -0.016214000061154366, 0.0, 0.0]","[1.0, 0.0, 1.0, 1.0367765426635742, 2.0, 0.7136154174804688, 0.22144833207130432, 0.8091767430305481]",-48.1211783150254
9.800000000000004,177.34095764160156,191.96627807617188,10.570059776306152,0.078887939453125,0.20000000298023224,"[0.7438453435897827, 1.0, 0.24483737349510193, 0.9534205198287964]","[0.0, 0.0, -3.1957933970261365e-06, 0.00011933333735214546, -0.043483711779117584, 1.0, 0.016333334147930145, -3.1957933970261365e-06, 0.0, 0.0, 1.0172526572205243e-06, -0.016214000061154366, 0.0, 0.0]","[1.0, 0.0, 1.0, 1.0367765426635742, 2.0, 0.7136154174804688, 0.22144833207130432, 0.8091767430305481]",-48.079114934646114
9.850000000000005,177.86509704589844,192.00852966308594,10.485879898071289,0.09967041015625,0.20000000298023224,"[0.7493696212768555, 1.0, 0.28386417031288147, 0.9380910396575928]","[0.0, 0.0, -3.1957933970261365e-06, 0.00011933333735214546, -0.043483711779117584, 1.0, 0.016333334147930145, -3.1957933970261365e-06, 0.0, 0.0, 1.0172526572205243e-06, -0.016214000061154366, 0.0, 0.0]","[1.0, 0.0, 1.0, 1.0367765426635742, 2.0, 0.7136154174804688, 0.22144833207130432, 0.8091767430305481]",-47.91945131322539
9.900000000000006,178.38429260253906,192.05931091308594,10.40569019317627,0.120269775390625,0.20000000298023224,"[0.7546319961547852, 1.0, 0.266750305891037, 0.9681722521781921]","[0.0, 0.0, -3.1957933970261365e-06, 0.00011933333735214546, -0.043483711779117584, 1.0, 0.016333334147930145, -3.1957933970261365e-06, 0.0, 0.0, 1.0172526572205243e-06, -0.016214000061154366, 0.0, 0.0]","[1.0, 0.0, 1.0, 1.0367765426635742, 2.0, 0.7136154174804688, 0.22144833207130432, 0.8091767430305481]",-47.853354674238474
9.950000000000006,178.89784240722656,192.12103271484375,10.314550399780273,0.13934326171875,0.20000000298023224,"[0.7606130242347717, 1.0, 0.35383737087249756, 0.8843666315078735]","[0.0, 0.0, -3.1957933970261365e-06, 0.00011933333735214546, -0.043483711779117584, 1.0, 0.016333334147930145, -3.1957933970261365e-06, 0.0, 0.0, 1.0172526572205243e-06, -0.016214000061154366, 0.0, 0.0]","[1.0, 0.0, 1.0, 1.0367765426635742, 2.0, 0.7136154174804688, 0.22144833207130432, 0.8091767430305481]",-47.76634543967933
10.000000000000007,179.40493774414062,192.19573974609375,10.222709655761719,0.156890869140625,0.20000000298023224,"[0.7666400671005249, 1.0, 0.3739933967590332, 0.9663283228874207]","[0.0, 0.0, -3.1957933970261365e-06, 0.00011933333735214546, -0.043483711779117584, 1.0, 0.016333334147930145, -3.1957933970261365e-06, 0.0, 0.0, 1.0172526572205243e-06, -0.016214000061154366, 0.0, 0.0]","[1.0, 0.0, 1.0, 1.0367765426635742, 2.0, 0.7136154174804688, 0.22144833207130432, 0.8091767430305481]",-47.665319729156245
10.050000000000008,179.90499877929688,192.28384399414062,10.128199577331543,0.175018310546875,0.20000000298023224,"[0.7728422284126282, 1.0, 0.39627426862716675, 0.947559118270874]","[0.0, 0.0, -3.1957933970261365e-06, 0.00011933333735214546, -0.043483711779117584, 1.0, 0.016333334147930145, -3.1957933970261365e-06, 0.0, 0.0, 1.0172526572205243e-06, -0.016214000061154366, 0.0, 0.0]","[1.0, 0.0, 1.0, 1.0367765426635742, 2.0, 0.7136154174804688, 0.22144833207130432, 0.8091767430305481]",-47.44012038951646
10.100000000000009,180.39724731445312,192.38674926757812,10.032719612121582,0.192901611328125,0.20000000298023224,"[0.7791080474853516, 1.0, 0.4232584238052368, 0.9596445560455322]","[0.0, 0.0, -3.1957933970261365e-06, 0.00011933333735214546, -0.043483711779117584, 1.0, 0.016333334147930145, -3.1957933970261365e-06, 0.0, 0.0, 1.0172526572205243e-06, -0.016214000061154366, 0.0, 0.0]","[1.0, 0.0, 1.0, 1.0367765426635742, 2.0, 0.7136154174804688, 0.22144833207130432, 0.8091767430305481]",-47.3100267464788
10.15000000000001,180.8807830810547,192.50509643554688,9.932849884033203,0.21136474609375,0.20000000298023224,"[0.7856619358062744, 1.0, 0.4480690360069275, 0.9441923499107361]","[0.0, 0.0, -3.1957933970261365e-06, 0.00011933333735214546, -0.043483711779117584, 1.0, 0.016333334147930145, -3.1957933970261365e-06, 0.0, 0.0, 1.0172526572205243e-06, -0.016214000061154366, 0.0, 0.0]","[1.0, 0.0, 1.0, 1.0367765426635742, 2.0, 0.7136154174804688, 0.22144833207130432, 0.8091767430305481]",-47.16429843638383
10.20000000000001,181.35458374023438,192.6400146484375,9.832220077514648,0.228729248046875,0.20000000298023224,"[0.7922657132148743, 1.0, 0.47359344363212585, 0.9584195017814636]","[0.0, 0.0, -3.1957933970261365e-06, 0.00011933333735214546, -0.043483711779117584, 1.0, 0.016333334147930145, -3.1957933970261365e-06, 0.0, 0.0, 1.0172526572205243e-06, -0.016214000061154366, 0.0, 0.0]","[1.0, 0.0, 1.0, 1.0367765426635742, 2.0, 0.7136154174804688, 0.22144833207130432, 0.8091767430305481]",-46.99670960572912
10.25000000000001,181.8206024169922,192.80398559570312,9.747909545898438,0.244384765625,0.20000000298023224,"[0.7977985143661499, 1.0, 0.3107340335845947, 0.6943351626396179]","[0.0, 0.0, -3.1957933970261365e-06, 0.00011933333735214546, -0.043483711779117584, 1.0, 0.016333334147930145, -3.1957933970261365e-06, 0.0, 0.0, 1.0172526572205243e-06, -0.016214000061154366, 0.0, 0.0]","[1.0, 0.0, 1.0, 1.0367765426635742, 2.0, 0.7136154174804688, 0.22144833207130432, 0.8091767430305481]",-46.67974263074374
10.300000000000011,182.2775421142578,192.9685821533203,9.645919799804688,0.26007080078125,0.20000000298023224,"[0.8044915795326233, 1.0, 0.459836483001709, 0.5988699197769165]","[0.0, 0.0, -3.1957933970261365e-06, 0.00011933333735214546, -0.043483711779117584, 1.0, 0.016333334147930145, -3.1957933970261365e-06, 0.0, 0.0, 1.0172526572205243e-06, -0.016214000061154366, 0.0, 0.0]","[1.0, 0.0, 1.0, 1.0367765426635742, 2.0, 0.7136154174804688, 0.22144833207130432, 0.8091767430305481]",-46.50937013142205
10.350000000000012,182.7226104736328,193.15115356445312,9.603460311889648,0.2730712890625,0.20000000298023224,"[0.8072779178619385, 1.0, 0.4805507957935333, 0.8553582429885864]","[0.0, 0.0, -3.1957933970261365e-06, 0.00011933333735214546, -0.043483711779117584, 1.0, 0.016333334147930145, -3.1957933970261365e-06, 0.0, 0.0, 1.0172526572205243e-06, -0.016214000061154366, 0.0, 0.0]","[1.0, 0.0, 1.0, 1.0367765426635742, 2.0, 0.7136154174804688, 0.22144833207130432, 0.8091767430305481]",-46.31499043808146
10.400000000000013,183.15426635742188,193.34999084472656,9.423210144042969,0.285003662109375,0.20000000298023224,"[0.8191067576408386, 1.0, 0.6067565083503723, 0.7904979586601257]","[0.0, 0.0, -3.1957933970261365e-06, 0.00011933333735214546, -0.043483711779117584, 1.0, 0.016333334147930145, -3.1957933970261365e-06, 0.0, 0.0, 1.0172526572205243e-06, -0.016214000061154366, 0.0, 0.0]","[1.0, 0.0, 1.0, 1.0367765426635742, 2.0, 0.7136154174804688, 0.22144833207130432, 0.8091767430305481]",-46.102351763345496
10.450000000000014,183.55856323242188,193.55995178222656,9.01552963256836,0.2938232421875,0.20000000298023224,"[0.8458606004714966, 1.0, 0.8081894516944885, 0.6651027798652649]","[0.0, 0.0, -3.1957933970261365e-06, 0.00011933333735214546, -0.043483711779117584, 1.0, 0.016333334147930145, -3.1957933970261365e-06, 0.0, 0.0, 1.0172526572205243e-06, -0.016214000061154366, 0.0, 0.0]","[1.0, 0.0, 1.0, 1.0367765426635742, 2.0, 0.7136154174804688, 0.22144833207130432, 0.8091767430305481]",-45.783025575199254
10.500000000000014,183.92837524414062,193.783447265625,8.649129867553711,0.298004150390625,0.20000000298023224,"[0.8699053525924683, 1.0, 0.6800677180290222, 0.6987718343734741]","[0.0, 0.0, -3.1957933970261365e-06, 0.00011933333735214546, -0.043483711779117584, 1.0, 0.016333334147930145, -3.1957933970261365e-06, 0.0, 0.0, 1.0172526572205243e-06, -0.016214000061154366, 0.0, 0.0]","[1.0, 0.0, 1.0, 1.0367765426635742, 2.0, 0.7136154174804688, 0.22144833207130432, 0.8091767430305481]",-45.524973209738356
10.550000000000015,184.28048706054688,194.01060485839844,8.451990127563477,0.298309326171875,0.20000000298023224,"[0.8828426003456116, 1.0, 0.5043010711669922, 0.5558524131774902]","[0.0, 0.0, -3.1957933970261365e-06, 0.00011933333735214546, -0.043483711779117584, 1.0, 0.016333334147930145, -3.1957933970261365e-06, 0.0, 0.0, 1.0172526572205243e-06, -0.016214000061154366, 0.0, 0.0]","[1.0, 0.0, 1.0, 1.0367765426635742, 2.0, 0.7136154174804688, 0.22144833207130432, 0.8091767430305481]",-45.25986611344738
10.600000000000016,184.6154022216797,194.245361328125,8.207300186157227,0.295379638671875,0.20000000298023224,"[0.8989002108573914, 1.0, 0.6418149471282959, 0.8060626983642578]","[0.0, 0.0, -3.1957933970261365e-06, 0.00011933333735214546, -0.043483711779117584, 1.0, 0.016333334147930145, -3.1957933970261365e-06, 0.0, 0.0, 1.0172526572205243e-06, -0.016214000061154366, 0.0, 0.0]","[1.0, 0.0, 1.0, 1.0367765426635742, 2.0, 0.7136154174804688, 0.22144833207130432, 0.8091767430305481]",-44.98335896152442
10.650000000000016,184.93052673339844,194.49082946777344,8.023859977722168,0.290252685546875,0.20000000298023224,"[0.9109383821487427, 1.0, 0.5524544715881348, 0.8938422799110413]","[0.0, 0.0, -3.1957933970261365e-06, 0.00011933333735214546, -0.043483711779117584, 1.0, 0.016333334147930145, -3.1957933970261365e-06, 0.0, 0.0, 1.0172526572205243e-06, -0.016214000061154366, 0.0, 0.0]","[1.0, 0.0, 1.0, 1.0367765426635742, 2.0, 0.7136154174804688, 0.22144833207130432, 0.8091767430305481]",-44.59793076978005
10.700000000000017,185.22735595703125,194.7455291748047,7.8363800048828125,0.28485107421875,0.20000000298023224,"[0.9232416749000549, 1.0, 0.5608065724372864, 0.9329208731651306]","[0.0, 0.0, -3.1957933970261365e-06, 0.00011933333735214546, -0.043483711779117584, 1.0, 0.016333334147930145, -3.1957933970261365e-06, 0.0, 0.0, 1.0172526572205243e-06, -0.016214000061154366, 0.0, 0.0]","[1.0, 0.0, 1.0, 1.0367765426635742, 2.0, 0.7136154174804688, 0.22144833207130432, 0.8091767430305481]",-44.28674057184737
10.750000000000018,185.5061492919922,195.00868225097656,7.683380126953125,0.279388427734375,0.20000000298023224,"[0.933282196521759, 1.0, 0.49793583154678345, 0.9190778732299805]","[0.0, 0.0, -3.1957933970261365e-06, 0.00011933333735214546, -0.043483711779117584, 1.0, 0.016333334147930145, -3.1957933970261365e-06, 0.0, 0.0, 1.0172526572205243e-06, -0.016214000061154366, 0.0, 0.0]","[1.0, 0.0, 1.0, 1.0367765426635742, 2.0, 0.7136154174804688, 0.22144833207130432, 0.8091767430305481]",-43.96835576372809
10.800000000000018,185.7675323486328,195.27891540527344,7.5276198387146,0.27044677734375,0.20000000298023224,"[0.9435038566589355, 1.0, 0.4750303328037262, 0.9227402806282043]","[0.0, 0.0, -3.1957933970261365e-06, 0.00011933333735214546, -0.043483711779117584, 1.0, 0.016333334147930145, -3.1957933970261365e-06, 0.0, 0.0, 1.0172526572205243e-06, -0.016214000061154366, 0.0, 0.0]","[1.0, 0.0, 1.0, 1.0367765426635742, 2.0, 0.7136154174804688, 0.22144833207130432, 0.8091767430305481]",-43.648452869091514
10.85000000000002,186.013427734375,195.55441284179688,7.396900177001953,0.25537109375,0.20000000298023224,"[0.9520822763442993, 1.0, 0.4059995412826538, 0.9137199521064758]","[0.0, 0.0, -3.1957933970261365e-06, 0.00011933333735214546, -0.043483711779117584, 1.0, 0.016333334147930145, -3.1957933970261365e-06, 0.0, 0.0, 1.0172526572205243e-06, -0.016214000061154366, 0.0, 0.0]","[1.0, 0.0, 1.0, 1.0367765426635742, 2.0, 0.7136154174804688, 0.22144833207130432, 0.8091767430305481]",-43.298784411245734
10.90000000000002,186.2451171875,195.83380126953125,7.26416015625,0.237213134765625,0.20000000298023224,"[0.9607932567596436, 1.0, 0.3760017454624176, 0.9235876798629761]","[0.0, 0.0, -3.1957933970261365e-06, 0.00011933333735214546, -0.043483711779117584, 1.0, 0.016333334147930145, -3.1957933970261365e-06, 0.0, 0.0, 1.0172526572205243e-06, -0.016214000061154366, 0.0, 0.0]","[1.0, 0.0, 1.0, 1.0367765426635742, 2.0, 0.7136154174804688, 0.22144833207130432, 0.8091767430305481]",-43.01994944722605
10.95000000000002,186.46421813964844,196.11575317382812,7.1463398933410645,0.221893310546875,0.20000000298023224,"[0.9685251712799072, 1.0, 0.33000922203063965, 0.9346256852149963]","[0.0, 0.0, -3.1957933970261365e-06, 0.00011933333735214546, -0.043483711779117584, 1.0, 0.016333334147930145, -3.1957933970261365e-06, 0.0, 0.0, 1.0172526572205243e-06, -0.016214000061154366, 0.0, 0.0]","[1.0, 0.0, 1.0, 1.0367765426635742, 2.0, 0.7136154174804688, 0.22144833207130432, 0.8091767430305481]",-42.75905151381756
11.000000000000021,186.67132568359375,196.39950561523438,7.024730205535889,0.208831787109375,0.20000000298023224,"[0.9765057563781738, 1.0, 0.3166733980178833, 0.9409525394439697]","[0.0, 0.0, -3.1957933970261365e-06, 0.00011933333735214546, -0.043483711779117584, 1.0, 0.016333334147930145, -3.1957933970261365e-06, 0.0, 0.0, 1.0172526572205243e-06, -0.016214000061154366, 0.0, 0.0]","[1.0, 0.0, 1.0, 1.0367765426635742, 2.0, 0.7136154174804688, 0.22144833207130432, 0.8091767430305481]",-42.51924750526702
11.050000000000022,186.8675994873047,196.68411254882812,6.912990093231201,0.19866943359375,0.20000000298023224,"[0.983838677406311, 1.0, 0.2881050109863281, 0.9492089152336121]","[0.0, 0.0, -3.1957933970261365e-06, 0.00011933333735214546, -0.043483711779117584, 1.0, 0.016333334147930145, -3.1957933970261365e-06, 0.0, 0.0, 1.0172526572205243e-06, -0.016214000061154366, 0.0, 0.0]","[1.0, 0.0, 1.0, 1.0367765426635742, 2.0, 0.7136154174804688, 0.22144833207130432, 0.8091767430305481]",-42.39274758895611
11.100000000000023,187.05319213867188,196.96923828125,6.796520233154297,0.192413330078125,0.20000000298023224,"[0.9914819002151489, 1.0, 0.2864931523799896, 0.9528363943099976]","[0.0, 0.0, -3.1957933970261365e-06, 0.00011933333735214546, -0.043483711779117584, 1.0, 0.016333334147930145, -3.1957933970261365e-06, 0.0, 0.0, 1.0172526572205243e-06, -0.016214000061154366, 0.0, 0.0]","[1.0, 0.0, 1.0, 1.0367765426635742, 2.0, 0.7136154174804688, 0.22144833207130432, 0.8091767430305481]",-42.229709501933925
11.150000000000023,187.2288818359375,197.2541961669922,6.688089847564697,0.1904296875,0.20000000298023224,"[0.9985976219177246, 1.0, 0.2719235122203827, 0.9603607654571533]","[0.0, 0.0, -3.1957933970261365e-06, 0.00011933333735214546, -0.043483711779117584, 1.0, 0.016333334147930145, -3.1957933970261365e-06, 0.0, 0.0, 1.0172526572205243e-06, -0.016214000061154366, 0.0, 0.0]","[1.0, 0.0, 1.0, 1.0367765426635742, 2.0, 0.7136154174804688, 0.22144833207130432, 0.8091767430305481]",-42.09402211531827
11.200000000000024,187.3944549560547,197.5387725830078,6.573939800262451,0.189971923828125,0.20000000298023224,"[0.9939113855361938, 1.0, 0.2760668098926544, 0.9571211338043213]","[0.0, 0.0, -3.1957933970261365e-06, 0.00011933333735214546, -0.043483711779117584, 1.0, 0.016333334147930145, -3.1957933970261365e-06, 0.0, 0.0, 1.0172526572205243e-06, -0.016214000061154366, 0.0, 0.0]","[1.0, 0.0, 1.0, 1.0367765426635742, 2.0, 0.7136154174804688, 0.22144833207130432, 0.8091767430305481]",-41.98597905046868
11.250000000000025,187.551513671875,197.82151794433594,6.467830181121826,0.189300537109375,0.20000000298023224,"[0.9869479537010193, 1.0, 0.26912128925323486, 0.9448785185813904]","[0.0, 0.0, -3.1957933970261365e-06, 0.00011933333735214546, -0.043483711779117584, 1.0, 0.016333334147930145, -3.1957933970261365e-06, 0.0, 0.0, 1.0172526572205243e-06, -0.016214000061154366, 0.0, 0.0]","[1.0, 0.0, 1.0, 1.0367765426635742, 2.0, 0.7136154174804688, 0.22144833207130432, 0.8091767430305481]",-42.14190297036916
11.300000000000026,187.7014923095703,198.10150146484375,6.368889808654785,0.189117431640625,0.2738037109375,"[0.9804550409317017, 1.0, 0.26403164863586426, 0.8860257863998413]","[0.0, 0.0, -3.1957933970261365e-06, 0.00011933333735214546, -0.043483711779117584, 1.0, 0.016333334147930145, -3.1957933970261365e-06, 0.0, 0.0, 1.0172526572205243e-06, -0.016214000061154366, 0.0, 0.0]","[1.0, 0.0, 1.0, 1.0367765426635742, 2.0, 0.7136154174804688, 0.22144833207130432, 0.8091767430305481]",-42.1205056239221
11.350000000000026,187.84315490722656,198.37850952148438,6.268270015716553,0.189453125,0.396820068359375,"[0.9738519191741943, 1.0, 0.3065885305404663, 0.8672193288803101]","[0.0, 0.0, -3.1957933970261365e-06, 0.00011933333735214546, -0.043483711779117584, 1.0, 0.016333334147930145, -3.1957933970261365e-06, 0.0, 0.0, 1.0172526572205243e-06, -0.016214000061154366, 0.0, 0.0]","[1.0, 0.0, 1.0, 1.0367765426635742, 2.0, 0.7136154174804688, 0.22144833207130432, 0.8091767430305481]",-42.135718137616244
11.400000000000027,187.97171020507812,198.6579132080078,6.19189977645874,0.1900634765625,0.5,"[0.9688401818275452, 1.0, 0.21870635449886322, 0.8716933131217957]","[0.0, 0.0, -3.1957933970261365e-06, 0.00011933333735214546, -0.043483711779117584, 1.0, 0.016333334147930145, -3.1957933970261365e-06, 0.0, 0.0, 1.0172526572205243e-06, -0.016214000061154366, 0.0, 0.0]","[1.0, 0.0, 1.0, 1.0367765426635742, 2.0, 0.7136154174804688, 0.22144833207130432, 0.8091767430305481]",-42.16941607035168
11.450000000000028,188.09300231933594,198.93777465820312,6.12306022644043,0.190399169921875,0.53515625,"[0.9643226265907288, 0.9325000047683716, 0.19554108381271362, 0.9416826963424683]","[0.0, 0.0, -3.1957933970261365e-06, 0.00011933333735214546, -0.043483711779117584, 1.0, 0.016333334147930145, -3.1957933970261365e-06, 0.0, 0.0, 1.0172526572205243e-06, -0.016214000061154366, 0.0, 0.0]","[1.0, 0.0, 1.0, 1.0367765426635742, 2.0, 0.7136154174804688, 0.22144833207130432, 0.8091767430305481]",-42.578607790230606
11.500000000000028,188.20758056640625,199.21864318847656,6.088369846343994,0.190399169921875,0.58203125,"[0.9620460867881775, 0.8349999785423279, 0.17119736969470978, 0.9383220076560974]","[0.0, 0.0, -3.1957933970261365e-06, 0.00011933333735214546, -0.043483711779117584, 1.0, 0.016333334147930145, -3.1957933970261365e-06, 0.0, 0.0, 1.0172526572205243e-06, -0.016214000061154366, 0.0, 0.0]","[1.0, 0.0, 1.0, 1.0367765426635742, 2.0, 0.7136154174804688, 0.22144833207130432, 0.8091767430305481]",-42.67031081555733
11.55000000000003,188.3162078857422,199.50112915039062,6.077089786529541,0.190399169921875,0.62890625,"[0.9613058567047119, 0.7401999831199646, 0.1557832956314087, 0.9564939141273499]","[0.0, 0.0, -3.1957933970261365e-06, 0.00011933333735214546, -0.043483711779117584, 1.0, 0.016333334147930145, -3.1957933970261365e-06, 0.0, 0.0, 1.0172526572205243e-06, -0.016214000061154366, 0.0, 0.0]","[1.0, 0.0, 1.0, 1.0367765426635742, 2.0, 0.7136154174804688, 0.22144833207130432, 0.8091767430305481]",-42.786231251064066
11.60000000000003,188.418701171875,199.78656005859375,6.095620155334473,0.190399169921875,0.6640625,"[0.9625219106674194, 0.6718999743461609, 0.14624625444412231, 0.9486265182495117]","[0.0, 0.0, -3.1957933970261365e-06, 0.00011933333735214546, -0.043483711779117584, 1.0, 0.016333334147930145, -3.1957933970261365e-06, 0.0, 0.0, 1.0172526572205243e-06, -0.016214000061154366, 0.0, 0.0]","[1.0, 0.0, 1.0, 1.0367765426635742, 2.0, 0.7136154174804688, 0.22144833207130432, 0.8091767430305481]",-42.91019630702051
11.65000000000003,188.51597595214844,200.07589721679688,6.145549774169922,0.189666748046875,0.69921875,"[0.9657984972000122, 0.60589998960495, 0.18194900453090668, 0.943535566329956]","[0.0, 0.0, -3.1957933970261365e-06, 0.00011933333735214546, -0.043483711779117584, 1.0, 0.016333334147930145, -3.1957933970261365e-06, 0.0, 0.0, 1.0172526572205243e-06, -0.016214000061154366, 0.0, 0.0]","[1.0, 0.0, 1.0, 1.0367765426635742, 2.0, 0.7136154174804688, 0.22144833207130432, 0.8091767430305481]",-43.37901578925953
11.700000000000031,188.60792541503906,200.37062072753906,6.222529888153076,0.186981201171875,0.72265625,"[0.9708502292633057, 0.5651000142097473, 0.2058268040418625, 0.9449565410614014]","[0.0, 0.0, -3.1957933970261365e-06, 0.00011933333735214546, -0.043483711779117584, 1.0, 0.016333334147930145, -3.1957933970261365e-06, 0.0, 0.0, 1.0172526572205243e-06, -0.016214000061154366, 0.0, 0.0]","[1.0, 0.0, 1.0, 1.0367765426635742, 2.0, 0.7136154174804688, 0.22144833207130432, 0.8091767430305481]",-43.4333594438223
11.750000000000032,188.695556640625,200.67181396484375,6.332330226898193,0.182373046875,0.734375,"[0.9780558347702026, 0.5497999787330627, 0.23409229516983032, 0.9343851208686829]","[0.0, 0.0, -3.1957933970261365e-06, 0.00011933333735214546, -0.043483711779117584, 1.0, 0.016333334147930145, -3.1957933970261365e-06, 0.0, 0.0, 1.0172526572205243e-06, -0.016214000061154366, 0.0, 0.0]","[1.0, 0.0, 1.0, 1.0367765426635742, 2.0, 0.7136154174804688, 0.22144833207130432, 0.8091767430305481]",-43.469063691397906
11.800000000000033,188.77932739257812,200.9805450439453,6.450270175933838,0.17626953125,0.74609375,"[0.9857956171035767, 0.5354999899864197, 0.2317010909318924, 0.9468119144439697]","[0.0, 0.0, -3.1957933970261365e-06, 0.00011933333735214546, -0.043483711779117584, 1.0, 0.016333334147930145, -3.1957933970261365e-06, 0.0, 0.0, 1.0172526572205243e-06, -0.016214000061154366, 0.0, 0.0]","[1.0, 0.0, 1.0, 1.0367765426635742, 2.0, 0.7136154174804688, 0.22144833207130432, 0.8091767430305481]",-43.48134164581504
11.850000000000033,188.86038208007812,201.30038452148438,6.669069766998291,0.169281005859375,0.75,"[0.9998458027839661, 0.5400000214576721, 0.3410663604736328, 0.8416208624839783]","[0.0, 0.0, -3.1957933970261365e-06, 0.00011933333735214546, -0.043483711779117584, 1.0, 0.016333334147930145, -3.1957933970261365e-06, 0.0, 0.0, 1.0172526572205243e-06, -0.016214000061154366, 0.0, 0.0]","[1.0, 0.0, 1.0, 1.0367765426635742, 2.0, 0.7136154174804688, 0.22144833207130432, 0.8091767430305481]",-43.75588104195552
11.900000000000034,188.94293212890625,201.6311798095703,6.820459842681885,0.162628173828125,0.75390625,"[0.989910900592804, 0.5412999987602234, 0.35586196184158325, 0.7957291603088379]","[0.0, 0.0, -3.1957933970261365e-06, 0.00011933333735214546, -0.043483711779117584, 1.0, 0.016333334147930145, -3.1957933970261365e-06, 0.0, 0.0, 1.0172526572205243e-06, -0.016214000061154366, 0.0, 0.0]","[1.0, 0.0, 1.0, 1.0367765426635742, 2.0, 0.7136154174804688, 0.22144833207130432, 0.8091767430305481]",-43.699384641135836
11.950000000000035,189.0131072998047,201.97097778320312,6.960849761962891,0.156585693359375,0.765625,"[0.9806978702545166, 0.5318999886512756, 0.24575866758823395, 0.7538666129112244]","[0.0, 0.0, -3.1957933970261365e-06, 0.00011933333735214546, -0.043483711779117584, 1.0, 0.016333334147930145, -3.1957933970261365e-06, 0.0, 0.0, 1.0172526572205243e-06, -0.016214000061154366, 0.0, 0.0]","[1.0, 0.0, 1.0, 1.0367765426635742, 2.0, 0.7136154174804688, 0.22144833207130432, 0.8091767430305481]",-43.635505455018375
12.000000000000036,189.0782012939453,202.31948852539062,7.1465301513671875,0.151275634765625,0.7890625,"[0.9685127139091492, 0.49050000309944153, 0.2763226330280304, 0.8990442156791687]","[0.0, 0.0, -3.1957933970261365e-06, 0.00011933333735214546, -0.043483711779117584, 1.0, 0.016333334147930145, -3.1957933970261365e-06, 0.0, 0.0, 1.0172526572205243e-06, -0.016214000061154366, 0.0, 0.0]","[1.0, 0.0, 1.0, 1.0367765426635742, 2.0, 0.7136154174804688, 0.22144833207130432, 0.8091767430305481]",-43.5686892145029
12.050000000000036,189.13975524902344,202.67825317382812,7.357900142669678,0.14697265625,0.828125,"[0.9546416997909546, 0.41040000319480896, 0.3073173463344574, 0.9230381846427917]","[0.0, 0.0, -3.1957933970261365e-06, 0.00011933333735214546, -0.043483711779117584, 1.0, 0.016333334147930145, -3.1957933970261365e-06, 0.0, 0.0, 1.0172526572205243e-06, -0.016214000061154366, 0.0, 0.0]","[1.0, 0.0, 1.0, 1.0367765426635742, 2.0, 0.7136154174804688, 0.22144833207130432, 0.8091767430305481]",-43.80277753206018
12.100000000000037,189.1972198486328,203.04893493652344,7.591919898986816,0.142822265625,0.859375,"[0.9392842054367065, 0.3456000089645386, 0.34042638540267944, 0.9231768846511841]","[0.0, 0.0, -3.1957933970261365e-06, 0.00011933333735214546, -0.043483711779117584, 1.0, 0.016333334147930145, -3.1957933970261365e-06, 0.0, 0.0, 1.0172526572205243e-06, -0.016214000061154366, 0.0, 0.0]","[1.0, 0.0, 1.0, 1.0367765426635742, 2.0, 0.7136154174804688, 0.22144833207130432, 0.8091767430305481]",-43.74859886450288
12.150000000000038,189.25057983398438,203.4327850341797,7.853940010070801,0.13800048828125,0.87109375,"[0.9220893383026123, 0.32679998874664307, 0.37164875864982605, 0.9210680723190308]","[0.0, 0.0, -3.1957933970261365e-06, 0.00011933333735214546, -0.043483711779117584, 1.0, 0.016333334147930145, -3.1957933970261365e-06, 0.0, 0.0, 1.0172526572205243e-06, -0.016214000061154366, 0.0, 0.0]","[1.0, 0.0, 1.0, 1.0367765426635742, 2.0, 0.7136154174804688, 0.22144833207130432, 0.8091767430305481]",-43.68441023734254
12.200000000000038,189.299072265625,203.82861328125,7.993480205535889,0.13165283203125,0.87109375,"[0.9129320383071899, 0.3361999988555908, 0.25892966985702515, 0.8211762309074402]","[0.0, 0.0, -3.1957933970261365e-06, 0.00011933333735214546, -0.043483711779117584, 1.0, 0.016333334147930145, -3.1957933970261365e-06, 0.0, 0.0, 1.0172526572205243e-06, -0.016214000061154366, 0.0, 0.0]","[1.0, 0.0, 1.0, 1.0367765426635742, 2.0, 0.7136154174804688, 0.22144833207130432, 0.8091767430305481]",-43.60599669097669
12.250000000000039,189.34222412109375,204.22523498535156,7.987929821014404,0.12420654296875,0.87109375,"[0.9132962822914124, 0.3384000062942505, 0.11262611299753189, 0.8145244121551514]","[0.0, 0.0, -3.1957933970261365e-06, 0.00011933333735214546, -0.043483711779117584, 1.0, 0.016333334147930145, -3.1957933970261365e-06, 0.0, 0.0, 1.0172526572205243e-06, -0.016214000061154366, 0.0, 0.0]","[1.0, 0.0, 1.0, 1.0367765426635742, 2.0, 0.7136154174804688, 0.22144833207130432, 0.8091767430305481]",-43.870632391576535
12.30000000000004,189.37974548339844,204.6227264404297,8.045550346374512,0.113006591796875,0.87109375,"[0.9095149636268616, 0.34049999713897705, 0.1630895882844925, 0.9038069248199463]","[0.0, 0.0, -3.1957933970261365e-06, 0.00011933333735214546, -0.043483711779117584, 1.0, 0.016333334147930145, -3.1957933970261365e-06, 0.0, 0.0, 1.0172526572205243e-06, -0.016214000061154366, 0.0, 0.0]","[1.0, 0.0, 1.0, 1.0367765426635742, 2.0, 0.7136154174804688, 0.22144833207130432, 0.8091767430305481]",-43.827495456372404
12.35000000000004,189.41331481933594,205.04269409179688,8.613419532775879,0.099639892578125,0.87109375,"[0.8722488880157471, 0.34769999980926514, 0.6254435181617737, 0.4396560490131378]","[0.0, 0.0, -3.1957933970261365e-06, 0.00011933333735214546, -0.043483711779117584, 1.0, 0.016333334147930145, -3.1957933970261365e-06, 0.0, 0.0, 1.0172526572205243e-06, -0.016214000061154366, 0.0, 0.0]","[1.0, 0.0, 1.0, 1.0367765426635742, 2.0, 0.7136154174804688, 0.22144833207130432, 0.8091767430305481]",-43.775796327169935
12.400000000000041,189.443359375,205.48548889160156,9.017569541931152,0.08538818359375,0.87109375,"[0.845726728439331, 0.3702999949455261, 0.47512611746788025, 0.7654772996902466]","[0.0, 0.0, -3.1957933970261365e-06, 0.00011933333735214546, -0.043483711779117584, 1.0, 0.016333334147930145, -3.1957933970261365e-06, 0.0, 0.0, 1.0172526572205243e-06, -0.016214000061154366, 0.0, 0.0]","[1.0, 0.0, 1.0, 1.0367765426635742, 2.0, 0.7136154174804688, 0.22144833207130432, 0.8091767430305481]",-43.714639551479785
12.450000000000042,189.47030639648438,205.9459686279297,9.33862018585205,0.06915283203125,0.87109375,"[0.8246579170227051, 0.38690000772476196, 0.3818223774433136, 0.8624648451805115]","[0.0, 0.0, -3.1957933970261365e-06, 0.00011933333735214546, -0.043483711779117584, 1.0, 0.016333334147930145, -3.1957933970261365e-06, 0.0, 0.0, 1.0172526572205243e-06, -0.016214000061154366, 0.0, 0.0]","[1.0, 0.0, 1.0, 1.0367765426635742, 2.0, 0.7136154174804688, 0.22144833207130432, 0.8091767430305481]",-44.064948165605955
12.500000000000043,189.49456787109375,206.42063903808594,9.604849815368652,0.053466796875,0.84765625,"[0.8071867823600769, 0.4729999899864197, 0.31182634830474854, 0.8883063197135925]","[0.0, 0.0, -3.1957933970261365e-06, 0.00011933333735214546, -0.043483711779117584, 1.0, 0.016333334147930145, -3.1957933970261365e-06, 0.0, 0.0, 1.0172526572205243e-06, -0.016214000061154366, 0.0, 0.0]","[1.0, 0.0, 1.0, 1.0367765426635742, 2.0, 0.7136154174804688, 0.22144833207130432, 0.8091767430305481]",-44.03871412436117
12.550000000000043,189.51669311523438,206.90771484375,9.842450141906738,0.03936767578125,0.84375,"[0.791594386100769, 0.49869999289512634, 0.27173271775245667, 0.929582953453064]","[0.0, 0.0, -3.1957933970261365e-06, 0.00011933333735214546, -0.043483711779117584, 1.0, 0.016333334147930145, -3.1957933970261365e-06, 0.0, 0.0, 1.0172526572205243e-06, -0.016214000061154366, 0.0, 0.0]","[1.0, 0.0, 1.0, 1.0367765426635742, 2.0, 0.7136154174804688, 0.22144833207130432, 0.8091767430305481]",-44.03284371724416
12.600000000000044,189.53721618652344,207.4058380126953,10.05543041229248,0.026947021484375,0.8359375,"[0.7776176333427429, 0.5364999771118164, 0.2259204387664795, 0.9264328479766846]","[0.0, 0.0, -3.1957933970261365e-06, 0.00011933333735214546, -0.043483711779117584, 1.0, 0.016333334147930145, -3.1957933970261365e-06, 0.0, 0.0, 1.0172526572205243e-06, -0.016214000061154366, 0.0, 0.0]","[1.0, 0.0, 1.0, 1.0367765426635742, 2.0, 0.7136154174804688, 0.22144833207130432, 0.8091767430305481]",-44.049560594723324
12.650000000000045,189.55699157714844,207.9139862060547,10.249879837036133,0.01513671875,0.8046875,"[0.7648569941520691, 0.6523000001907349, 0.19662107527256012, 0.9443310499191284]","[0.0, 0.0, -3.1957933970261365e-06, 0.00011933333735214546, -0.043483711779117584, 1.0, 0.016333334147930145, -3.1957933970261365e-06, 0.0, 0.0, 1.0172526572205243e-06, -0.016214000061154366, 0.0, 0.0]","[1.0, 0.0, 1.0, 1.0367765426635742, 2.0, 0.7136154174804688, 0.22144833207130432, 0.8091767430305481]",-44.55521519086041
12.700000000000045,189.57655334472656,208.43153381347656,10.43651008605957,0.003662109375,0.79296875,"[0.7526094913482666, 0.7045999765396118, 0.17134591937065125, 0.9434956908226013]","[0.0, 0.0, -3.1957933970261365e-06, 0.00011933333735214546, -0.043483711779117584, 1.0, 0.016333334147930145, -3.1957933970261365e-06, 0.0, 0.0, 1.0172526572205243e-06, -0.016214000061154366, 0.0, 0.0]","[1.0, 0.0, 1.0, 1.0367765426635742, 2.0, 0.7136154174804688, 0.22144833207130432, 0.8091767430305481]",-44.62752736979987
12.750000000000046,189.59690856933594,208.9580078125,10.606880187988281,-0.006988525390625,0.66015625,"[0.7414290308952332, 1.0, 0.1735292226076126, 0.9490810632705688]","[0.0, 0.0, -3.1957933970261365e-06, 0.00011933333735214546, -0.043483711779117584, 1.0, 0.016333334147930145, -3.1957933970261365e-06, 0.0, 0.0, 1.0172526572205243e-06, -0.016214000061154366, 0.0, 0.0]","[1.0, 0.0, 1.0, 1.0367765426635742, 2.0, 0.7136154174804688, 0.22144833207130432, 0.8091767430305481]",-44.713907768462285
12.800000000000047,189.61843872070312,209.49200439453125,10.744680404663086,-0.01458740234375,0.50390625,"[0.7323859930038452, 1.0, 0.1551024317741394, 0.9292091727256775]","[0.0, 0.0, -3.1957933970261365e-06, 0.00011933333735214546, -0.043483711779117584, 1.0, 0.016333334147930145, -3.1957933970261365e-06, 0.0, 0.0, 1.0172526572205243e-06, -0.016214000061154366, 0.0, 0.0]","[1.0, 0.0, 1.0, 1.0367765426635742, 2.0, 0.7136154174804688, 0.22144833207130432, 0.8091767430305481]",-44.79673700432494
12.850000000000048,189.64141845703125,210.03143310546875,10.840180397033691,-0.017578125,0.424591064453125,"[0.7261188626289368, 1.0, 0.11504087597131729, 0.9324039816856384]","[0.0, 0.0, -3.1957933970261365e-06, 0.00011933333735214546, -0.043483711779117584, 1.0, 0.016333334147930145, -3.1957933970261365e-06, 0.0, 0.0, 1.0172526572205243e-06, -0.016214000061154366, 0.0, 0.0]","[1.0, 0.0, 1.0, 1.0367765426635742, 2.0, 0.7136154174804688, 0.22144833207130432, 0.8091767430305481]",-45.50454384236963
12.900000000000048,189.6656951904297,210.57437133789062,10.895090103149414,-0.017578125,0.26190185546875,"[0.7225154638290405, 1.0, 0.0860452800989151, 0.9351329803466797]","[0.0, 0.0, -3.1957933970261365e-06, 0.00011933333735214546, -0.043483711779117584, 1.0, 0.016333334147930145, -3.1957933970261365e-06, 0.0, 0.0, 1.0172526572205243e-06, -0.016214000061154366, 0.0, 0.0]","[1.0, 0.0, 1.0, 1.0367765426635742, 2.0, 0.7136154174804688, 0.22144833207130432, 0.8091767430305481]",-45.59170731289473
12.950000000000049,189.69137573242188,211.11851501464844,10.907340049743652,-0.016754150390625,0.20000000298023224,"[0.7217115163803101, 1.0, 0.040765274316072464, 0.9404199123382568]","[0.0, 0.0, -3.1957933970261365e-06, 0.00011933333735214546, -0.043483711779117584, 1.0, 0.016333334147930145, -3.1957933970261365e-06, 0.0, 0.0, 1.0172526572205243e-06, -0.016214000061154366, 0.0, 0.0]","[1.0, 0.0, 1.0, 1.0367765426635742, 2.0, 0.7136154174804688, 0.22144833207130432, 0.8091767430305481]",-45.732173200036165
13.00000000000005,189.7180938720703,211.66217041015625,10.888010025024414,-0.0137939453125,0.20000000298023224,"[0.7229800224304199, 1.0, 0.04390575364232063, 0.9517248868942261]","[0.0, 0.0, -3.1957933970261365e-06, 0.00011933333735214546, -0.043483711779117584, 1.0, 0.016333334147930145, -3.1957933970261365e-06, 0.0, 0.0, 1.0172526572205243e-06, -0.016214000061154366, 0.0, 0.0]","[1.0, 0.0, 1.0, 1.0367765426635742, 2.0, 0.7136154174804688, 0.22144833207130432, 0.8091767430305481]",-45.832137029478986
13.05000000000005,189.745361328125,212.20419311523438,10.849360466003418,-0.0057373046875,0.20000000298023224,"[0.7255163788795471, 1.0, 0.040726155042648315, 0.9547507166862488]","[0.0, 0.0, -3.1957933970261365e-06, 0.00011933333735214546, -0.043483711779117584, 1.0, 0.016333334147930145, -3.1957933970261365e-06, 0.0, 0.0, 1.0172526572205243e-06, -0.016214000061154366, 0.0, 0.0]","[1.0, 0.0, 1.0, 1.0367765426635742, 2.0, 0.7136154174804688, 0.22144833207130432, 0.8091767430305481]",-45.956199351331286
13.100000000000051,189.77200317382812,212.743896484375,10.797060012817383,0.005401611328125,0.20000000298023224,"[0.7289485931396484, 1.0, 0.065797358751297, 0.9605419635772705]","[0.0, 0.0, -3.1957933970261365e-06, 0.00011933333735214546, -0.043483711779117584, 1.0, 0.016333334147930145, -3.1957933970261365e-06, 0.0, 0.0, 1.0172526572205243e-06, -0.016214000061154366, 0.0, 0.0]","[1.0, 0.0, 1.0, 1.0367765426635742, 2.0, 0.7136154174804688, 0.22144833207130432, 0.8091767430305481]",-45.6943166133498
13.150000000000052,189.79750061035156,213.28086853027344,10.737000465393066,0.015167236328125,0.20000000298023224,"[0.7328899502754211, 1.0, 0.08811252564191818, 0.9602919816970825]","[0.0, 0.0, -3.1957933970261365e-06, 0.00011933333735214546, -0.043483711779117584, 1.0, 0.016333334147930145, -3.1957933970261365e-06, 0.0, 0.0, 1.0172526572205243e-06, -0.016214000061154366, 0.0, 0.0]","[1.0, 0.0, 1.0, 1.0367765426635742, 2.0, 0.7136154174804688, 0.22144833207130432, 0.8091767430305481]",-45.45071669665832
13.200000000000053,189.82115173339844,213.8147735595703,10.671119689941406,0.021331787109375,0.20000000298023224,"[0.7372133731842041, 1.0, 0.09542637318372726, 0.9759747385978699]","[0.0, 0.0, -3.1957933970261365e-06, 0.00011933333735214546, -0.043483711779117584, 1.0, 0.016333334147930145, -3.1957933970261365e-06, 0.0, 0.0, 1.0172526572205243e-06, -0.016214000061154366, 0.0, 0.0]","[1.0, 0.0, 1.0, 1.0367765426635742, 2.0, 0.7136154174804688, 0.22144833207130432, 0.8091767430305481]",-45.23902676612942
13.250000000000053,189.8429718017578,214.34539794921875,10.602219581604004,0.024932861328125,0.20000000298023224,"[0.7417348623275757, 1.0, 0.11293406784534454, 0.9734529256820679]","[0.0, 0.0, -3.1957933970261365e-06, 0.00011933333735214546, -0.043483711779117584, 1.0, 0.016333334147930145, -3.1957933970261365e-06, 0.0, 0.0, 1.0172526572205243e-06, -0.016214000061154366, 0.0, 0.0]","[1.0, 0.0, 1.0, 1.0367765426635742, 2.0, 0.7136154174804688, 0.22144833207130432, 0.8091767430305481]",-45.38050082591831
13.300000000000054,189.86236572265625,214.87269592285156,10.531720161437988,0.027069091796875,0.20000000298023224,"[0.7463613748550415, 1.0, 0.11112616211175919, 0.9795685410499573]","[0.0, 0.0, -3.1957933970261365e-06, 0.00011933333735214546, -0.043483711779117584, 1.0, 0.016333334147930145, -3.1957933970261365e-06, 0.0, 0.0, 1.0172526572205243e-06, -0.016214000061154366, 0.0, 0.0]","[1.0, 0.0, 1.0, 1.0367765426635742, 2.0, 0.7136154174804688, 0.22144833207130432, 0.8091767430305481]",-45.19939154912352
13.350000000000055,189.8793487548828,215.39651489257812,10.459569931030273,0.029876708984375,0.20000000298023224,"[0.751096248626709, 1.0, 0.1288316547870636, 0.9728627800941467]","[0.0, 0.0, -3.1957933970261365e-06, 0.00011933333735214546, -0.043483711779117584, 1.0, 0.016333334147930145, -3.1957933970261365e-06, 0.0, 0.0, 1.0172526572205243e-06, -0.016214000061154366, 0.0, 0.0]","[1.0, 0.0, 1.0, 1.0367765426635742, 2.0, 0.7136154174804688, 0.22144833207130432, 0.8091767430305481]",-45.00075437913028
13.400000000000055,189.89337158203125,215.91693115234375,10.387550354003906,0.031768798828125,0.20000000298023224,"[0.7558224201202393, 1.0, 0.12522901594638824, 0.97867351770401]","[0.0, 0.0, -3.1957933970261365e-06, 0.00011933333735214546, -0.043483711779117584, 1.0, 0.016333334147930145, -3.1957933970261365e-06, 0.0, 0.0, 1.0172526572205243e-06, -0.016214000061154366, 0.0, 0.0]","[1.0, 0.0, 1.0, 1.0367765426635742, 2.0, 0.7136154174804688, 0.22144833207130432, 0.8091767430305481]",-44.78121067105085
13.450000000000056,189.90464782714844,216.43377685546875,10.314769744873047,0.032073974609375,0.20000000298023224,"[0.7605986595153809, 1.0, 0.13547736406326294, 0.9789888858795166]","[0.0, 0.0, -3.1957933970261365e-06, 0.00011933333735214546, -0.043483711779117584, 1.0, 0.016333334147930145, -3.1957933970261365e-06, 0.0, 0.0, 1.0172526572205243e-06, -0.016214000061154366, 0.0, 0.0]","[1.0, 0.0, 1.0, 1.0367765426635742, 2.0, 0.7136154174804688, 0.22144833207130432, 0.8091767430305481]",-44.83572396655862
13.500000000000057,189.91281127929688,216.94712829589844,10.242890357971191,0.032073974609375,0.20000000298023224,"[0.7653156518936157, 1.0, 0.12677538394927979, 0.9803909659385681]","[0.0, 0.0, -3.1957933970261365e-06, 0.00011933333735214546, -0.043483711779117584, 1.0, 0.016333334147930145, -3.1957933970261365e-06, 0.0, 0.0, 1.0172526572205243e-06, -0.016214000061154366, 0.0, 0.0]","[1.0, 0.0, 1.0, 1.0367765426635742, 2.0, 0.7136154174804688, 0.22144833207130432, 0.8091767430305481]",-44.61066435571218
13.550000000000058,189.91812133789062,217.4569091796875,10.170470237731934,0.032379150390625,0.20000000298023224,"[0.7700682282447815, 1.0, 0.1374654918909073, 0.9793937802314758]","[0.0, 0.0, -3.1957933970261365e-06, 0.00011933333735214546, -0.043483711779117584, 1.0, 0.016333334147930145, -3.1957933970261365e-06, 0.0, 0.0, 1.0172526572205243e-06, -0.016214000061154366, 0.0, 0.0]","[1.0, 0.0, 1.0, 1.0367765426635742, 2.0, 0.7136154174804688, 0.22144833207130432, 0.8091767430305481]",-44.40549895837638
13.600000000000058,189.92019653320312,217.9631805419922,10.099089622497559,0.032958984375,0.20000000298023224,"[0.7747525572776794, 1.0, 0.12921097874641418, 0.9792088866233826]","[0.0, 0.0, -3.1957933970261365e-06, 0.00011933333735214546, -0.043483711779117584, 1.0, 0.016333334147930145, -3.1957933970261365e-06, 0.0, 0.0, 1.0172526572205243e-06, -0.016214000061154366, 0.0, 0.0]","[1.0, 0.0, 1.0, 1.0367765426635742, 2.0, 0.7136154174804688, 0.22144833207130432, 0.8091767430305481]",-44.21893089624662
13.650000000000059,189.91937255859375,218.46588134765625,10.027460098266602,0.033172607421875,0.20000000298023224,"[0.7794531583786011, 1.0, 0.13858680427074432, 0.979556679725647]","[0.0, 0.0, -3.1957933970261365e-06, 0.00011933333735214546, -0.043483711779117584, 1.0, 0.016333334147930145, -3.1957933970261365e-06, 0.0, 0.0, 1.0172526572205243e-06, -0.016214000061154366, 0.0, 0.0]","[1.0, 0.0, 1.0, 1.0367765426635742, 2.0, 0.7136154174804688, 0.22144833207130432, 0.8091767430305481]",-44.362866641183395
13.70000000000006,189.9153289794922,218.96502685546875,9.956899642944336,0.033172607421875,0.20000000298023224,"[0.7840836644172668, 1.0, 0.12804263830184937, 0.9794934391975403]","[0.0, 0.0, -3.1957933970261365e-06, 0.00011933333735214546, -0.043483711779117584, 1.0, 0.016333334147930145, -3.1957933970261365e-06, 0.0, 0.0, 1.0172526572205243e-06, -0.016214000061154366, 0.0, 0.0]","[1.0, 0.0, 1.0, 1.0367765426635742, 2.0, 0.7136154174804688, 0.22144833207130432, 0.8091767430305481]",-44.187793420504626
13.75000000000006,189.90841674804688,219.4606170654297,9.88621997833252,0.033294677734375,0.20000000298023224,"[0.7887219786643982, 1.0, 0.1372048258781433, 0.9794987440109253]","[0.0, 0.0, -3.1957933970261365e-06, 0.00011933333735214546, -0.043483711779117584, 1.0, 0.016333334147930145, -3.1957933970261365e-06, 0.0, 0.0, 1.0172526572205243e-06, -0.016214000061154366, 0.0, 0.0]","[1.0, 0.0, 1.0, 1.0367765426635742, 2.0, 0.7136154174804688, 0.22144833207130432, 0.8091767430305481]",-44.034417141547166
13.800000000000061,189.89822387695312,219.95265197753906,9.816450119018555,0.034576416015625,0.20000000298023224,"[0.7933006286621094, 1.0, 0.12950681149959564, 0.9782102704048157]","[0.0, 0.0, -3.1957933970261365e-06, 0.00011933333735214546, -0.043483711779117584, 1.0, 0.016333334147930145, -3.1957933970261365e-06, 0.0, 0.0, 1.0172526572205243e-06, -0.016214000061154366, 0.0, 0.0]","[1.0, 0.0, 1.0, 1.0367765426635742, 2.0, 0.7136154174804688, 0.22144833207130432, 0.8091767430305481]",-43.88921359437919
13.850000000000062,189.8850555419922,220.44114685058594,9.7464599609375,0.035919189453125,0.20000000298023224,"[0.7978936433792114, 1.0, 0.14102989435195923, 0.9788323044776917]","[0.0, 0.0, -3.1957933970261365e-06, 0.00011933333735214546, -0.043483711779117584, 1.0, 0.016333334147930145, -3.1957933970261365e-06, 0.0, 0.0, 1.0172526572205243e-06, -0.016214000061154366, 0.0, 0.0]","[1.0, 0.0, 1.0, 1.0367765426635742, 2.0, 0.7136154174804688, 0.22144833207130432, 0.8091767430305481]",-44.07788238149422
13.900000000000063,189.86830139160156,220.92823791503906,9.744529724121094,0.039031982421875,0.20000000298023224,"[0.7980203628540039, 1.0, 0.0781208798289299, 0.9099441766738892]","[0.0, 0.0, -3.1957933970261365e-06, 0.00011933333735214546, -0.043483711779117584, 1.0, 0.016333334147930145, -3.1957933970261365e-06, 0.0, 0.0, 1.0172526572205243e-06, -0.016214000061154366, 0.0, 0.0]","[1.0, 0.0, 1.0, 1.0367765426635742, 2.0, 0.7136154174804688, 0.22144833207130432, 0.8091767430305481]",-43.93611267820343
13.950000000000063,189.84793090820312,221.41500854492188,9.739689826965332,0.043426513671875,0.20000000298023224,"[0.7983379364013672, 1.0, 0.09843780100345612, 0.9792981743812561]","[0.0, 0.0, -3.1957933970261365e-06, 0.00011933333735214546, -0.043483711779117584, 1.0, 0.016333334147930145, -3.1957933970261365e-06, 0.0, 0.0, 1.0172526572205243e-06, -0.016214000061154366, 0.0, 0.0]","[1.0, 0.0, 1.0, 1.0367765426635742, 2.0, 0.7136154174804688, 0.22144833207130432, 0.8091767430305481]",-43.80110629487764
14.000000000000064,189.82374572753906,221.8914031982422,9.37654972076416,0.048980712890625,0.20000000298023224,"[0.8221688270568848, 1.0, 0.4161525070667267, 0.565759003162384]","[0.0, 0.0, -3.1957933970261365e-06, 0.00011933333735214546, -0.043483711779117584, 1.0, 0.016333334147930145, -3.1957933970261365e-06, 0.0, 0.0, 1.0172526572205243e-06, -0.016214000061154366, 0.0, 0.0]","[1.0, 0.0, 1.0, 1.0367765426635742, 2.0, 0.7136154174804688, 0.22144833207130432, 0.8091767430305481]",-43.6730031547352
14.050000000000065,189.7960968017578,222.34820556640625,9.04397964477539,0.054718017578125,0.20000000298023224,"[0.8439935445785522, 1.0, 0.4023555815219879, 0.9232184886932373]","[0.0, 0.0, -3.1957933970261365e-06, 0.00011933333735214546, -0.043483711779117584, 1.0, 0.016333334147930145, -3.1957933970261365e-06, 0.0, 0.0, 1.0172526572205243e-06, -0.016214000061154366, 0.0, 0.0]","[1.0, 0.0, 1.0, 1.0367765426635742, 2.0, 0.7136154174804688, 0.22144833207130432, 0.8091767430305481]",-43.92361745456209
14.100000000000065,189.764404296875,222.79087829589844,8.796600341796875,0.061065673828125,0.20000000298023224,"[0.8602277040481567, 1.0, 0.32329538464546204, 0.8596182465553284]","[0.0, 0.0, -3.1957933970261365e-06, 0.00011933333735214546, -0.043483711779117584, 1.0, 0.016333334147930145, -3.1957933970261365e-06, 0.0, 0.0, 1.0172526572205243e-06, -0.016214000061154366, 0.0, 0.0]","[1.0, 0.0, 1.0, 1.0367765426635742, 2.0, 0.7136154174804688, 0.22144833207130432, 0.8091767430305481]",-43.84438478578656
14.150000000000066,189.72903442382812,223.22247314453125,8.591110229492188,0.066070556640625,0.20000000298023224,"[0.8737128973007202, 1.0, 0.2988114058971405, 0.910342276096344]","[0.0, 0.0, -3.1957933970261365e-06, 0.00011933333735214546, -0.043483711779117584, 1.0, 0.016333334147930145, -3.1957933970261365e-06, 0.0, 0.0, 1.0172526572205243e-06, -0.016214000061154366, 0.0, 0.0]","[1.0, 0.0, 1.0, 1.0367765426635742, 2.0, 0.7136154174804688, 0.22144833207130432, 0.8091767430305481]",-43.782770148219065
14.200000000000067,189.6893768310547,223.64431762695312,8.408869743347168,0.0714111328125,0.20000000298023224,"[0.8856723308563232, 1.0, 0.27347737550735474, 0.9386710524559021]","[0.0, 0.0, -3.1957933970261365e-06, 0.00011933333735214546, -0.043483711779117584, 1.0, 0.016333334147930145, -3.1957933970261365e-06, 0.0, 0.0, 1.0172526572205243e-06, -0.016214000061154366, 0.0, 0.0]","[1.0, 0.0, 1.0, 1.0367765426635742, 2.0, 0.7136154174804688, 0.22144833207130432, 0.8091767430305481]",-43.74020810783915
14.250000000000068,189.64601135253906,224.05731201171875,8.245169639587402,0.0780029296875,0.20000000298023224,"[0.8964150547981262, 1.0, 0.26037976145744324, 0.9414562582969666]","[0.0, 0.0, -3.1957933970261365e-06, 0.00011933333735214546, -0.043483711779117584, 1.0, 0.016333334147930145, -3.1957933970261365e-06, 0.0, 0.0, 1.0172526572205243e-06, -0.016214000061154366, 0.0, 0.0]","[1.0, 0.0, 1.0, 1.0367765426635742, 2.0, 0.7136154174804688, 0.22144833207130432, 0.8091767430305481]",-44.132642846455546
14.300000000000068,189.5976104736328,224.46188354492188,8.090290069580078,0.0872802734375,0.20000000298023224,"[0.9065789580345154, 1.0, 0.2729366719722748, 0.9397938251495361]","[0.0, 0.0, -3.1957933970261365e-06, 0.00011933333735214546, -0.043483711779117584, 1.0, 0.016333334147930145, -3.1957933970261365e-06, 0.0, 0.0, 1.0172526572205243e-06, -0.016214000061154366, 0.0, 0.0]","[1.0, 0.0, 1.0, 1.0367765426635742, 2.0, 0.7136154174804688, 0.22144833207130432, 0.8091767430305481]",-44.16682209172533
14.350000000000069,189.5441131591797,224.85833740234375,7.9456000328063965,0.097808837890625,0.20000000298023224,"[0.9160741567611694, 1.0, 0.2765810787677765, 0.9532710313796997]","[0.0, 0.0, -3.1957933970261365e-06, 0.00011933333735214546, -0.043483711779117584, 1.0, 0.016333334147930145, -3.1957933970261365e-06, 0.0, 0.0, 1.0172526572205243e-06, -0.016214000061154366, 0.0, 0.0]","[1.0, 0.0, 1.0, 1.0367765426635742, 2.0, 0.7136154174804688, 0.22144833207130432, 0.8091767430305481]",-44.247340647489125
14.40000000000007,189.4847869873047,225.24676513671875,7.804780006408691,0.108978271484375,0.20000000298023224,"[0.9253153800964355, 1.0, 0.2816351652145386, 0.9626174569129944]","[0.0, 0.0, -3.1957933970261365e-06, 0.00011933333735214546, -0.043483711779117584, 1.0, 0.016333334147930145, -3.1957933970261365e-06, 0.0, 0.0, 1.0172526572205243e-06, -0.016214000061154366, 0.0, 0.0]","[1.0, 0.0, 1.0, 1.0367765426635742, 2.0, 0.7136154174804688, 0.22144833207130432, 0.8091767430305481]",-44.36978952111637
14.45000000000007,189.4197540283203,225.62733459472656,7.671259880065918,0.120941162109375,0.20000000298023224,"[0.9340776205062866, 1.0, 0.2836223840713501, 0.9564359188079834]","[0.0, 0.0, -3.1957933970261365e-06, 0.00011933333735214546, -0.043483711779117584, 1.0, 0.016333334147930145, -3.1957933970261365e-06, 0.0, 0.0, 1.0172526572205243e-06, -0.016214000061154366, 0.0, 0.0]","[1.0, 0.0, 1.0, 1.0367765426635742, 2.0, 0.7136154174804688, 0.22144833207130432, 0.8091767430305481]",-45.02078782967796
14.500000000000071,189.34829711914062,225.9999237060547,7.538509845733643,0.132080078125,0.20000000298023224,"[0.9427892565727234, 1.0, 0.29124173521995544, 0.9654003977775574]","[0.0, 0.0, -3.1957933970261365e-06, 0.00011933333735214546, -0.043483711779117584, 1.0, 0.016333334147930145, -3.1957933970261365e-06, 0.0, 0.0, 1.0172526572205243e-06, -0.016214000061154366, 0.0, 0.0]","[1.0, 0.0, 1.0, 1.0367765426635742, 2.0, 0.7136154174804688, 0.22144833207130432, 0.8091767430305481]",-45.21505919906606
14.550000000000072,189.27061462402344,226.3646240234375,7.411900043487549,0.14447021484375,0.20000000298023224,"[0.9510979652404785, 1.0, 0.2922404110431671, 0.9595047831535339]","[0.0, 0.0, -3.1957933970261365e-06, 0.00011933333735214546, -0.043483711779117584, 1.0, 0.016333334147930145, -3.1957933970261365e-06, 0.0, 0.0, 1.0172526572205243e-06, -0.016214000061154366, 0.0, 0.0]","[1.0, 0.0, 1.0, 1.0367765426635742, 2.0, 0.7136154174804688, 0.22144833207130432, 0.8091767430305481]",-45.45050264371335
14.600000000000072,189.18592834472656,226.72116088867188,7.283669948577881,0.1573486328125,0.20000000298023224,"[0.9595129489898682, 1.0, 0.30429360270500183, 0.9618654847145081]","[0.0, 0.0, -3.1957933970261365e-06, 0.00011933333735214546, -0.043483711779117584, 1.0, 0.016333334147930145, -3.1957933970261365e-06, 0.0, 0.0, 1.0172526572205243e-06, -0.016214000061154366, 0.0, 0.0]","[1.0, 0.0, 1.0, 1.0367765426635742, 2.0, 0.7136154174804688, 0.22144833207130432, 0.8091767430305481]",-45.70918968942595
14.650000000000073,189.09439086914062,227.06947326660156,7.160840034484863,0.17333984375,0.20000000298023224,"[0.9675736427307129, 1.0, 0.30895867943763733, 0.9574912190437317]","[0.0, 0.0, -3.1957933970261365e-06, 0.00011933333735214546, -0.043483711779117584, 1.0, 0.016333334147930145, -3.1957933970261365e-06, 0.0, 0.0, 1.0172526572205243e-06, -0.016214000061154366, 0.0, 0.0]","[1.0, 0.0, 1.0, 1.0367765426635742, 2.0, 0.7136154174804688, 0.22144833207130432, 0.8091767430305481]",-46.60487988944726
14.700000000000074,188.9952850341797,227.40911865234375,7.0347900390625,0.187103271484375,0.20000000298023224,"[0.9758455753326416, 1.0, 0.3210602104663849, 0.9612041115760803]","[0.0, 0.0, -3.1957933970261365e-06, 0.00011933333735214546, -0.043483711779117584, 1.0, 0.016333334147930145, -3.1957933970261365e-06, 0.0, 0.0, 1.0172526572205243e-06, -0.016214000061154366, 0.0, 0.0]","[1.0, 0.0, 1.0, 1.0367765426635742, 2.0, 0.7136154174804688, 0.22144833207130432, 0.8091767430305481]",-46.900607543431306
14.750000000000075,188.88926696777344,227.74026489257812,6.916940212249756,0.196746826171875,0.20000000298023224,"[0.9835793972015381, 1.0, 0.309701532125473, 0.9564372301101685]","[0.0, 0.0, -3.1957933970261365e-06, 0.00011933333735214546, -0.043483711779117584, 1.0, 0.016333334147930145, -3.1957933970261365e-06, 0.0, 0.0, 1.0172526572205243e-06, -0.016214000061154366, 0.0, 0.0]","[1.0, 0.0, 1.0, 1.0367765426635742, 2.0, 0.7136154174804688, 0.22144833207130432, 0.8091767430305481]",-47.231224886327524
14.800000000000075,188.77395629882812,228.06146240234375,6.66703987121582,0.200347900390625,0.20000000298023224,"[0.9999790191650391, 1.0, 0.31772568821907043, 0.6394506096839905]","[0.0, 0.0, -3.1957933970261365e-06, 0.00011933333735214546, -0.043483711779117584, 1.0, 0.016333334147930145, -3.1957933970261365e-06, 0.0, 0.0, 1.0172526572205243e-06, -0.016214000061154366, 0.0, 0.0]","[1.0, 0.0, 1.0, 1.0367765426635742, 2.0, 0.7136154174804688, 0.22144833207130432, 0.8091767430305481]",-47.57361658031366
14.850000000000076,188.65516662597656,228.37461853027344,6.59798002243042,0.19903564453125,0.20000000298023224,"[0.9954890012741089, 1.0, 0.19656482338905334, 0.5805277228355408]","[0.0, 0.0, -3.1957933970261365e-06, 0.00011933333735214546, -0.043483711779117584, 1.0, 0.016333334147930145, -3.1957933970261365e-06, 0.0, 0.0, 1.0172526572205243e-06, -0.016214000061154366, 0.0, 0.0]","[1.0, 0.0, 1.0, 1.0367765426635742, 2.0, 0.7136154174804688, 0.22144833207130432, 0.8091767430305481]",-47.94443634930415
14.900000000000077,188.53578186035156,228.67868041992188,6.41664981842041,0.19549560546875,0.20000000298023224,"[0.9835892915725708, 1.0, 0.3567010760307312, 0.8062602281570435]","[0.0, 0.0, -3.1957933970261365e-06, 0.00011933333735214546, -0.043483711779117584, 1.0, 0.016333334147930145, -3.1957933970261365e-06, 0.0, 0.0, 1.0172526572205243e-06, -0.016214000061154366, 0.0, 0.0]","[1.0, 0.0, 1.0, 1.0367765426635742, 2.0, 0.7136154174804688, 0.22144833207130432, 0.8091767430305481]",-47.952805657478386
14.950000000000077,188.41009521484375,228.97418212890625,6.413640022277832,0.1922607421875,0.388885498046875,"[0.9833917617797852, 1.0, 0.21649055182933807, 0.7878698110580444]","[0.0, 0.0, -3.1957933970261365e-06, 0.00011933333735214546, -0.043483711779117584, 1.0, 0.016333334147930145, -3.1957933970261365e-06, 0.0, 0.0, 1.0172526572205243e-06, -0.016214000061154366, 0.0, 0.0]","[1.0, 0.0, 1.0, 1.0367765426635742, 2.0, 0.7136154174804688, 0.22144833207130432, 0.8091767430305481]",-47.97371123569781
15.000000000000078,188.27978515625,229.26087951660156,6.230370044708252,0.190399169921875,0.62890625,"[0.9713647365570068, 0.7501000165939331, 0.32285362482070923, 0.7197178602218628]","[0.0, 0.0, -3.1957933970261365e-06, 0.00011933333735214546, -0.043483711779117584, 1.0, 0.016333334147930145, -3.1957933970261365e-06, 0.0, 0.0, 1.0172526572205243e-06, -0.016214000061154366, 0.0, 0.0]","[1.0, 0.0, 1.0, 1.0367765426635742, 2.0, 0.7136154174804688, 0.22144833207130432, 0.8091767430305481]",-48.014906178391
15.050000000000079,188.14312744140625,229.54283142089844,6.306190013885498,0.18994140625,0.671875,"[0.9763404130935669, 0.6747999787330627, 0.1992889791727066, 0.6819816827774048]","[0.0, 0.0, -3.1957933970261365e-06, 0.00011933333735214546, -0.043483711779117584, 1.0, 0.016333334147930145, -3.1957933970261365e-06, 0.0, 0.0, 1.0172526572205243e-06, -0.016214000061154366, 0.0, 0.0]","[1.0, 0.0, 1.0, 1.0367765426635742, 2.0, 0.7136154174804688, 0.22144833207130432, 0.8091767430305481]",-48.43042979200305
15.10000000000008,188.00059509277344,229.82034301757812,6.209849834442139,0.189788818359375,0.703125,"[0.9700181484222412, 0.6025999784469604, 0.20569159090518951, 0.7690216302871704]","[0.0, 0.0, -3.1957933970261365e-06, 0.00011933333735214546, -0.043483711779117584, 1.0, 0.016333334147930145, -3.1957933970261365e-06, 0.0, 0.0, 1.0172526572205243e-06, -0.016214000061154366, 0.0, 0.0]","[1.0, 0.0, 1.0, 1.0367765426635742, 2.0, 0.7136154174804688, 0.22144833207130432, 0.8091767430305481]",-48.52893841630979
15.15000000000008,187.85003662109375,230.0975799560547,6.393420219421387,0.189788818359375,0.74609375,"[0.9820648431777954, 0.5264999866485596, 0.28169316053390503, 0.6489342451095581]","[0.0, 0.0, -3.1957933970261365e-06, 0.00011933333735214546, -0.043483711779117584, 1.0, 0.016333334147930145, -3.1957933970261365e-06, 0.0, 0.0, 1.0172526572205243e-06, -0.016214000061154366, 0.0, 0.0]","[1.0, 0.0, 1.0, 1.0367765426635742, 2.0, 0.7136154174804688, 0.22144833207130432, 0.8091767430305481]",-48.632990876118235
15.200000000000081,187.691650390625,230.36561584472656,6.181950092315674,0.189910888671875,0.76953125,"[0.9681872129440308, 0.4593999981880188, 0.15975551307201385, 0.4679204821586609]","[0.0, 0.0, -3.1957933970261365e-06, 0.00011933333735214546, -0.043483711779117584, 1.0, 0.016333334147930145, -3.1957933970261365e-06, 0.0, 0.0, 1.0172526572205243e-06, -0.016214000061154366, 0.0, 0.0]","[1.0, 0.0, 1.0, 1.0367765426635742, 2.0, 0.7136154174804688, 0.22144833207130432, 0.8091767430305481]",-48.71749164173448
15.250000000000082,187.53369140625,230.63365173339844,6.372399806976318,0.18994140625,0.76953125,"[0.9806854128837585, 0.47589999437332153, 0.2509002983570099, 0.44934138655662537]","[0.0, 0.0, -3.1957933970261365e-06, 0.00011933333735214546, -0.043483711779117584, 1.0, 0.016333334147930145, -3.1957933970261365e-06, 0.0, 0.0, 1.0172526572205243e-06, -0.016214000061154366, 0.0, 0.0]","[1.0, 0.0, 1.0, 1.0367765426635742, 2.0, 0.7136154174804688, 0.22144833207130432, 0.8091767430305481]",-49.08143862180394
15.300000000000082,187.3644256591797,230.90643310546875,6.546969890594482,0.1900634765625,0.78515625,"[0.9921414852142334, 0.4546000063419342, 0.3708043694496155, 0.8598137497901917]","[0.0, 0.0, -3.1957933970261365e-06, 0.00011933333735214546, -0.043483711779117584, 1.0, 0.016333334147930145, -3.1957933970261365e-06, 0.0, 0.0, 1.0172526572205243e-06, -0.016214000061154366, 0.0, 0.0]","[1.0, 0.0, 1.0, 1.0367765426635742, 2.0, 0.7136154174804688, 0.22144833207130432, 0.8091767430305481]",-49.12628296884275
15.350000000000083,187.1808624267578,231.18519592285156,6.797860145568848,0.190216064453125,0.80078125,"[0.9913939833641052, 0.43619999289512634, 0.4098149240016937, 0.86440509557724]","[0.0, 0.0, -3.1957933970261365e-06, 0.00011933333735214546, -0.043483711779117584, 1.0, 0.016333334147930145, -3.1957933970261365e-06, 0.0, 0.0, 1.0172526572205243e-06, -0.016214000061154366, 0.0, 0.0]","[1.0, 0.0, 1.0, 1.0367765426635742, 2.0, 0.7136154174804688, 0.22144833207130432, 0.8091767430305481]",-49.16231859741247
15.400000000000084,186.9862823486328,231.46694946289062,6.9277801513671875,0.191009521484375,0.80859375,"[0.9828680753707886, 0.43140000104904175, 0.2904790937900543, 0.8242563009262085]","[0.0, 0.0, -3.1957933970261365e-06, 0.00011933333735214546, -0.043483711779117584, 1.0, 0.016333334147930145, -3.1957933970261365e-06, 0.0, 0.0, 1.0172526572205243e-06, -0.016214000061154366, 0.0, 0.0]","[1.0, 0.0, 1.0, 1.0367765426635742, 2.0, 0.7136154174804688, 0.22144833207130432, 0.8091767430305481]",-49.202110466689135
15.450000000000085,186.7804718017578,231.75071716308594,7.107580184936523,0.193511962890625,0.8125,"[0.9710687398910522, 0.4316999912261963, 0.3462940752506256, 0.902413010597229]","[0.0, 0.0, -3.1957933970261365e-06, 0.00011933333735214546, -0.043483711779117584, 1.0, 0.016333334147930145, -3.1957933970261365e-06, 0.0, 0.0, 1.0172526572205243e-06, -0.016214000061154366, 0.0, 0.0]","[1.0, 0.0, 1.0, 1.0367765426635742, 2.0, 0.7136154174804688, 0.22144833207130432, 0.8091767430305481]",-49.557856644535505
15.500000000000085,186.5619659423828,232.03631591796875,7.28957986831665,0.19891357421875,0.8125,"[0.9591251611709595, 0.4424000084400177, 0.3558421730995178, 0.951832115650177]","[0.0, 0.0, -3.1957933970261365e-06, 0.00011933333735214546, -0.043483711779117584, 1.0, 0.016333334147930145, -3.1957933970261365e-06, 0.0, 0.0, 1.0172526572205243e-06, -0.016214000061154366, 0.0, 0.0]","[1.0, 0.0, 1.0, 1.0367765426635742, 2.0, 0.7136154174804688, 0.22144833207130432, 0.8091767430305481]",-49.62252896751639
15.550000000000086,186.32981872558594,232.32391357421875,7.50285005569458,0.20635986328125,0.8125,"[0.94512939453125, 0.453900009393692, 0.3948324918746948, 0.9188339710235596]","[0.0, 0.0, -3.1957933970261365e-06, 0.00011933333735214546, -0.043483711779117584, 1.0, 0.016333334147930145, -3.1957933970261365e-06, 0.0, 0.0, 1.0172526572205243e-06, -0.016214000061154366, 0.0, 0.0]","[1.0, 0.0, 1.0, 1.0367765426635742, 2.0, 0.7136154174804688, 0.22144833207130432, 0.8091767430305481]",-49.69026353229471
15.600000000000087,186.08279418945312,232.61282348632812,7.712769985198975,0.214569091796875,0.8125,"[0.9313535094261169, 0.4659999907016754, 0.406877338886261, 0.9391653537750244]","[0.0, 0.0, -3.1957933970261365e-06, 0.00011933333735214546, -0.043483711779117584, 1.0, 0.016333334147930145, -3.1957933970261365e-06, 0.0, 0.0, 1.0172526572205243e-06, -0.016214000061154366, 0.0, 0.0]","[1.0, 0.0, 1.0, 1.0367765426635742, 2.0, 0.7136154174804688, 0.22144833207130432, 0.8091767430305481]",-49.76161064222301
15.650000000000087,185.82017517089844,232.9027099609375,7.947979927062988,0.220977783203125,0.8125,"[0.9159179925918579, 0.4787999987602234, 0.44252923130989075, 0.9204378128051758]","[0.0, 0.0, -3.1957933970261365e-06, 0.00011933333735214546, -0.043483711779117584, 1.0, 0.016333334147930145, -3.1957933970261365e-06, 0.0, 0.0, 1.0172526572205243e-06, -0.016214000061154366, 0.0, 0.0]","[1.0, 0.0, 1.0, 1.0367765426635742, 2.0, 0.7136154174804688, 0.22144833207130432, 0.8091767430305481]",-50.198683544950725
15.700000000000088,185.54110717773438,233.19287109375,8.175479888916016,0.224365234375,0.8125,"[0.9009883999824524, 0.4925000071525574, 0.4429608881473541, 0.9404548406600952]","[0.0, 0.0, -3.1957933970261365e-06, 0.00011933333735214546, -0.043483711779117584, 1.0, 0.016333334147930145, -3.1957933970261365e-06, 0.0, 0.0, 1.0172526572205243e-06, -0.016214000061154366, 0.0, 0.0]","[1.0, 0.0, 1.0, 1.0367765426635742, 2.0, 0.7136154174804688, 0.22144833207130432, 0.8091767430305481]",-50.29764729667043
15.750000000000089,185.24505615234375,233.48287963867188,8.42428970336914,0.2266845703125,0.8125,"[0.8846603631973267, 0.5062000155448914, 0.4729929268360138, 0.925639271736145]","[0.0, 0.0, -3.1957933970261365e-06, 0.00011933333735214546, -0.043483711779117584, 1.0, 0.016333334147930145, -3.1957933970261365e-06, 0.0, 0.0, 1.0172526572205243e-06, -0.016214000061154366, 0.0, 0.0]","[1.0, 0.0, 1.0, 1.0367765426635742, 2.0, 0.7136154174804688, 0.22144833207130432, 0.8091767430305481]",-50.409686853152415
15.80000000000009,184.93875122070312,233.76571655273438,8.377309799194336,0.2293701171875,0.8203125,"[0.8877434730529785, 0.48750001192092896, 0.2520815432071686, 0.6414107084274292]","[0.0, 0.0, -3.1957933970261365e-06, 0.00011933333735214546, -0.043483711779117584, 1.0, 0.016333334147930145, -3.1957933970261365e-06, 0.0, 0.0, 1.0172526572205243e-06, -0.016214000061154366, 0.0, 0.0]","[1.0, 0.0, 1.0, 1.0367765426635742, 2.0, 0.7136154174804688, 0.22144833207130432, 0.8091767430305481]",-50.53647012927315
15.85000000000009,184.6250762939453,234.03846740722656,8.36178970336914,0.231658935546875,0.828125,"[0.8887619376182556, 0.4650000035762787, 0.28783339262008667, 0.9522988200187683]","[0.0, 0.0, -3.1957933970261365e-06, 0.00011933333735214546, -0.043483711779117584, 1.0, 0.016333334147930145, -3.1957933970261365e-06, 0.0, 0.0, 1.0172526572205243e-06, -0.016214000061154366, 0.0, 0.0]","[1.0, 0.0, 1.0, 1.0367765426635742, 2.0, 0.7136154174804688, 0.22144833207130432, 0.8091767430305481]",-51.07833504351236
15.900000000000091,184.2918243408203,234.30435180664062,8.71150016784668,0.234283447265625,0.83203125,"[0.865812361240387, 0.4643999934196472, 0.504571259021759, 0.5615561008453369]","[0.0, 0.0, -3.1957933970261365e-06, 0.00011933333735214546, -0.043483711779117584, 1.0, 0.016333334147930145, -3.1957933970261365e-06, 0.0, 0.0, 1.0172526572205243e-06, -0.016214000061154366, 0.0, 0.0]","[1.0, 0.0, 1.0, 1.0367765426635742, 2.0, 0.7136154174804688, 0.22144833207130432, 0.8091767430305481]",-51.28970583493304
15.950000000000092,183.9372100830078,234.57530212402344,9.06952953338623,0.2359619140625,0.83203125,"[0.8423168659210205, 0.4821999967098236, 0.6120232939720154, 0.766826331615448]","[0.0, 0.0, -3.1957933970261365e-06, 0.00011933333735214546, -0.043483711779117584, 1.0, 0.016333334147930145, -3.1957933970261365e-06, 0.0, 0.0, 1.0172526572205243e-06, -0.016214000061154366, 0.0, 0.0]","[1.0, 0.0, 1.0, 1.0367765426635742, 2.0, 0.7136154174804688, 0.22144833207130432, 0.8091767430305481]",-51.526939750542155
16.000000000000092,183.56971740722656,234.843017578125,9.24606990814209,0.237274169921875,0.8359375,"[0.8307315111160278, 0.48570001125335693, 0.4550285339355469, 0.7406243085861206]","[0.0, 0.0, -3.1957933970261365e-06, 0.00011933333735214546, -0.043483711779117584, 1.0, 0.016333334147930145, -3.1957933970261365e-06, 0.0, 0.0, 1.0172526572205243e-06, -0.016214000061154366, 0.0, 0.0]","[1.0, 0.0, 1.0, 1.0367765426635742, 2.0, 0.7136154174804688, 0.22144833207130432, 0.8091767430305481]",-51.8060610378958
16.050000000000093,183.19105529785156,235.10316467285156,9.365139961242676,0.237396240234375,0.83984375,"[0.8229175806045532, 0.48100000619888306, 0.41150638461112976, 0.8998638391494751]","[0.0, 0.0, -3.1957933970261365e-06, 0.00011933333735214546, -0.043483711779117584, 1.0, 0.016333334147930145, -3.1957933970261365e-06, 0.0, 0.0, 1.0172526572205243e-06, -0.016214000061154366, 0.0, 0.0]","[1.0, 0.0, 1.0, 1.0367765426635742, 2.0, 0.7136154174804688, 0.22144833207130432, 0.8091767430305481]",-52.61003225030215
16.100000000000094,182.79147338867188,235.3525848388672,9.6881103515625,0.23553466796875,0.84765625,"[0.8017228245735168, 0.46470001339912415, 0.6674114465713501, 0.6637436747550964]","[0.0, 0.0, -3.1957933970261365e-06, 0.00011933333735214546, -0.043483711779117584, 1.0, 0.016333334147930145, -3.1957933970261365e-06, 0.0, 0.0, 1.0172526572205243e-06, -0.016214000061154366, 0.0, 0.0]","[1.0, 0.0, 1.0, 1.0367765426635742, 2.0, 0.7136154174804688, 0.22144833207130432, 0.8091767430305481]",-53.00077896076233
16.150000000000095,182.36447143554688,235.5915985107422,9.972709655761719,0.23321533203125,0.86328125,"[0.7830461263656616, 0.4325999915599823, 0.5754286050796509, 0.8730214834213257]","[0.0, 0.0, -3.1957933970261365e-06, 0.00011933333735214546, -0.043483711779117584, 1.0, 0.016333334147930145, -3.1957933970261365e-06, 0.0, 0.0, 1.0172526572205243e-06, -0.016214000061154366, 0.0, 0.0]","[1.0, 0.0, 1.0, 1.0367765426635742, 2.0, 0.7136154174804688, 0.22144833207130432, 0.8091767430305481]",-53.45537622312323
16.200000000000095,181.9165802001953,235.82244873046875,10.231049537658691,0.23028564453125,0.87890625,"[0.7660927176475525, 0.39430001378059387, 0.5456790924072266, 0.9109011292457581]","[0.0, 0.0, -3.1957933970261365e-06, 0.00011933333735214546, -0.043483711779117584, 1.0, 0.016333334147930145, -3.1957933970261365e-06, 0.0, 0.0, 1.0172526572205243e-06, -0.016214000061154366, 0.0, 0.0]","[1.0, 0.0, 1.0, 1.0367765426635742, 2.0, 0.7136154174804688, 0.22144833207130432, 0.8091767430305481]",-53.84950898893648
16.250000000000096,181.45016479492188,236.042724609375,10.464570045471191,0.22796630859375,0.890625,"[0.7507680654525757, 0.36419999599456787, 0.5140000581741333, 0.8661932945251465]","[0.0, 0.0, -3.1957933970261365e-06, 0.00011933333735214546, -0.043483711779117584, 1.0, 0.016333334147930145, -3.1957933970261365e-06, 0.0, 0.0, 1.0172526572205243e-06, -0.016214000061154366, 0.0, 0.0]","[1.0, 0.0, 1.0, 1.0367765426635742, 2.0, 0.7136154174804688, 0.22144833207130432, 0.8091767430305481]",-54.566299479489665
16.300000000000097,180.9681854248047,236.252685546875,10.639089584350586,0.224853515625,0.8984375,"[0.7393153309822083, 0.3449000120162964, 0.4821186661720276, 0.7218868732452393]","[0.0, 0.0, -3.1957933970261365e-06, 0.00011933333735214546, -0.043483711779117584, 1.0, 0.016333334147930145, -3.1957933970261365e-06, 0.0, 0.0, 1.0172526572205243e-06, -0.016214000061154366, 0.0, 0.0]","[1.0, 0.0, 1.0, 1.0367765426635742, 2.0, 0.7136154174804688, 0.22144833207130432, 0.8091767430305481]",-54.91011415449841
16.350000000000097,180.47377014160156,236.45556640625,10.752240180969238,0.222686767578125,0.90234375,"[0.7318898439407349, 0.3346000015735626, 0.4693969190120697, 0.8704625964164734]","[0.0, 0.0, -3.1957933970261365e-06, 0.00011933333735214546, -0.043483711779117584, 1.0, 0.016333334147930145, -3.1957933970261365e-06, 0.0, 0.0, 1.0172526572205243e-06, -0.016214000061154366, 0.0, 0.0]","[1.0, 0.0, 1.0, 1.0367765426635742, 2.0, 0.7136154174804688, 0.22144833207130432, 0.8091767430305481]",-55.277289290185685
16.400000000000098,179.95919799804688,236.6374969482422,11.00802993774414,0.220458984375,0.90234375,"[0.715103805065155, 0.3370000123977661, 0.6926980018615723, 0.7292823195457458]","[0.0, 0.0, -3.1957933970261365e-06, 0.00011933333735214546, -0.043483711779117584, 1.0, 0.016333334147930145, -3.1957933970261365e-06, 0.0, 0.0, 1.0172526572205243e-06, -0.016214000061154366, 0.0, 0.0]","[1.0, 0.0, 1.0, 1.0367765426635742, 2.0, 0.7136154174804688, 0.22144833207130432, 0.8091767430305481]",-55.68178640433124
16.4500000000001,179.42616271972656,236.79843139648438,11.230469703674316,0.21722412109375,0.90234375,"[0.700506329536438, 0.3456999957561493, 0.6291266083717346, 0.902790904045105]","[0.0, 0.0, -3.1957933970261365e-06, 0.00011933333735214546, -0.043483711779117584, 1.0, 0.016333334147930145, -3.1957933970261365e-06, 0.0, 0.0, 1.0172526572205243e-06, -0.016214000061154366, 0.0, 0.0]","[1.0, 0.0, 1.0, 1.0367765426635742, 2.0, 0.7136154174804688, 0.22144833207130432, 0.8091767430305481]",-56.61069171981926
16.5000000000001,178.87661743164062,236.93975830078125,11.446629524230957,0.212127685546875,0.90234375,"[0.686320960521698, 0.3528999984264374, 0.6126782894134521, 0.9435717463493347]","[0.0, 0.0, -3.1957933970261365e-06, 0.00011933333735214546, -0.043483711779117584, 1.0, 0.016333334147930145, -3.1957933970261365e-06, 0.0, 0.0, 1.0172526572205243e-06, -0.016214000061154366, 0.0, 0.0]","[1.0, 0.0, 1.0, 1.0367765426635742, 2.0, 0.7136154174804688, 0.22144833207130432, 0.8091767430305481]",-57.08078229479716
16.5500000000001,178.3118438720703,237.0614471435547,11.652449607849121,0.206207275390625,0.87890625,"[0.672814130783081, 0.44589999318122864, 0.5982809066772461, 0.9427803754806519]","[0.0, 0.0, -3.1957933970261365e-06, 0.00011933333735214546, -0.043483711779117584, 1.0, 0.016333334147930145, -3.1957933970261365e-06, 0.0, 0.0, 1.0172526572205243e-06, -0.016214000061154366, 0.0, 0.0]","[1.0, 0.0, 1.0, 1.0367765426635742, 2.0, 0.7136154174804688, 0.22144833207130432, 0.8091767430305481]",-57.58834509574009
16.6000000000001,177.73304748535156,237.1632537841797,11.852959632873535,0.1973876953125,0.875,"[0.659655749797821, 0.46869999170303345, 0.5870162844657898, 0.9491075277328491]","[0.0, 0.0, -3.1957933970261365e-06, 0.00011933333735214546, -0.043483711779117584, 1.0, 0.016333334147930145, -3.1957933970261365e-06, 0.0, 0.0, 1.0172526572205243e-06, -0.016214000061154366, 0.0, 0.0]","[1.0, 0.0, 1.0, 1.0367765426635742, 2.0, 0.7136154174804688, 0.22144833207130432, 0.8091767430305481]",-58.111787502480965
16.6500000000001,177.14120483398438,237.24501037597656,12.04778003692627,0.18792724609375,0.87109375,"[0.6468707323074341, 0.4918000102043152, 0.5764412879943848, 0.9498963356018066]","[0.0, 0.0, -3.1957933970261365e-06, 0.00011933333735214546, -0.043483711779117584, 1.0, 0.016333334147930145, -3.1957933970261365e-06, 0.0, 0.0, 1.0172526572205243e-06, -0.016214000061154366, 0.0, 0.0]","[1.0, 0.0, 1.0, 1.0367765426635742, 2.0, 0.7136154174804688, 0.22144833207130432, 0.8091767430305481]",-59.123437589929836
16.700000000000102,176.5371856689453,237.30679321289062,12.24158000946045,0.174407958984375,0.87109375,"[0.6341527104377747, 0.5005000233650208, 0.5630241632461548, 0.952455461025238]","[0.0, 0.0, -3.1957933970261365e-06, 0.00011933333735214546, -0.043483711779117584, 1.0, 0.016333334147930145, -3.1957933970261365e-06, 0.0, 0.0, 1.0172526572205243e-06, -0.016214000061154366, 0.0, 0.0]","[1.0, 0.0, 1.0, 1.0367765426635742, 2.0, 0.7136154174804688, 0.22144833207130432, 0.8091767430305481]",-59.670241860710156
16.750000000000103,175.9216766357422,237.3494110107422,12.437379837036133,0.15411376953125,0.87109375,"[0.6213034391403198, 0.5098999738693237, 0.539095401763916, 0.940711259841919]","[0.0, 0.0, -3.1957933970261365e-06, 0.00011933333735214546, -0.043483711779117584, 1.0, 0.016333334147930145, -3.1957933970261365e-06, 0.0, 0.0, 1.0172526572205243e-06, -0.016214000061154366, 0.0, 0.0]","[1.0, 0.0, 1.0, 1.0367765426635742, 2.0, 0.7136154174804688, 0.22144833207130432, 0.8091767430305481]",-60.2383305490058
16.800000000000104,175.2952117919922,237.3743438720703,12.636590003967285,0.128692626953125,0.8671875,"[0.6082304120063782, 0.5357000231742859, 0.506509006023407, 0.9275258183479309]","[0.0, 0.0, -3.1957933970261365e-06, 0.00011933333735214546, -0.043483711779117584, 1.0, 0.016333334147930145, -3.1957933970261365e-06, 0.0, 0.0, 1.0172526572205243e-06, -0.016214000061154366, 0.0, 0.0]","[1.0, 0.0, 1.0, 1.0367765426635742, 2.0, 0.7136154174804688, 0.22144833207130432, 0.8091767430305481]",-60.857295457582225
16.850000000000104,174.65805053710938,237.38352966308594,12.838760375976562,0.09967041015625,0.8671875,"[0.5949630737304688, 0.5465999841690063, 0.46420881152153015, 0.9146946668624878]","[0.0, 0.0, -3.1957933970261365e-06, 0.00011933333735214546, -0.043483711779117584, 1.0, 0.016333334147930145, -3.1957933970261365e-06, 0.0, 0.0, 1.0172526572205243e-06, -0.016214000061154366, 0.0, 0.0]","[1.0, 0.0, 1.0, 1.0367765426635742, 2.0, 0.7136154174804688, 0.22144833207130432, 0.8091767430305481]",-61.99998561127339
16.900000000000105,174.01048278808594,237.3790740966797,13.04224967956543,0.071624755859375,0.86328125,"[0.5816091895103455, 0.5740000009536743, 0.4198035001754761, 0.9124554395675659]","[0.0, 0.0, -3.1957933970261365e-06, 0.00011933333735214546, -0.043483711779117584, 1.0, 0.016333334147930145, -3.1957933970261365e-06, 0.0, 0.0, 1.0172526572205243e-06, -0.016214000061154366, 0.0, 0.0]","[1.0, 0.0, 1.0, 1.0367765426635742, 2.0, 0.7136154174804688, 0.22144833207130432, 0.8091767430305481]",-62.64829418841563
16.950000000000106,173.3527069091797,237.3633575439453,13.245929718017578,0.045135498046875,0.86328125,"[0.5682427883148193, 0.5853000283241272, 0.3717779815196991, 0.9090350270271301]","[0.0, 0.0, -3.1957933970261365e-06, 0.00011933333735214546, -0.043483711779117584, 1.0, 0.016333334147930145, -3.1957933970261365e-06, 0.0, 0.0, 1.0172526572205243e-06, -0.016214000061154366, 0.0, 0.0]","[1.0, 0.0, 1.0, 1.0367765426635742, 2.0, 0.7136154174804688, 0.22144833207130432, 0.8091767430305481]",-63.29603053592675
17.000000000000107,172.6849365234375,237.3383026123047,13.448840141296387,0.026763916015625,0.86328125,"[0.5549269318580627, 0.59579998254776, 0.3361476957798004, 0.9253963232040405]","[0.0, 0.0, -3.1957933970261365e-06, 0.00011933333735214546, -0.043483711779117584, 1.0, 0.016333334147930145, -3.1957933970261365e-06, 0.0, 0.0, 1.0172526572205243e-06, -0.016214000061154366, 0.0, 0.0]","[1.0, 0.0, 1.0, 1.0367765426635742, 2.0, 0.7136154174804688, 0.22144833207130432, 0.8091767430305481]",-63.940413386667785
17.050000000000107,172.0072021484375,237.3060760498047,13.651479721069336,0.009613037109375,0.86328125,"[0.5416287779808044, 0.6062999963760376, 0.28280481696128845, 0.9184288382530212]","[0.0, 0.0, -3.1957933970261365e-06, 0.00011933333735214546, -0.043483711779117584, 1.0, 0.016333334147930145, -3.1957933970261365e-06, 0.0, 0.0, 1.0172526572205243e-06, -0.016214000061154366, 0.0, 0.0]","[1.0, 0.0, 1.0, 1.0367765426635742, 2.0, 0.7136154174804688, 0.22144833207130432, 0.8091767430305481]",-64.96882956505338
17.100000000000108,171.31947326660156,237.268798828125,13.853790283203125,-0.003753662109375,0.86328125,"[0.5283522605895996, 0.6161999702453613, 0.23606018722057343, 0.9247904419898987]","[0.0, 0.0, -3.1957933970261365e-06, 0.00011933333735214546, -0.043483711779117584, 1.0, 0.016333334147930145, -3.1957933970261365e-06, 0.0, 0.0, 1.0172526572205243e-06, -0.016214000061154366, 0.0, 0.0]","[1.0, 0.0, 1.0, 1.0367765426635742, 2.0, 0.7136154174804688, 0.22144833207130432, 0.8091767430305481]",-65.54755090608778
17.15000000000011,170.62179565429688,237.22821044921875,14.055930137634277,-0.01214599609375,0.86328125,"[0.5150869488716125, 0.6255999803543091, 0.20097580552101135, 0.9363306164741516]","[0.0, 0.0, -3.1957933970261365e-06, 0.00011933333735214546, -0.043483711779117584, 1.0, 0.016333334147930145, -3.1957933970261365e-06, 0.0, 0.0, 1.0172526572205243e-06, -0.016214000061154366, 0.0, 0.0]","[1.0, 0.0, 1.0, 1.0367765426635742, 2.0, 0.7136154174804688, 0.22144833207130432, 0.8091767430305481]",-66.10055505261462
17.20000000000011,169.9140625,237.1859588623047,14.258009910583496,-0.018341064453125,0.86328125,"[0.5018255710601807, 0.6347000002861023, 0.18562284111976624, 0.9397280216217041]","[0.0, 0.0, -3.1957933970261365e-06, 0.00011933333735214546, -0.043483711779117584, 1.0, 0.016333334147930145, -3.1957933970261365e-06, 0.0, 0.0, 1.0172526572205243e-06, -0.016214000061154366, 0.0, 0.0]","[1.0, 0.0, 1.0, 1.0367765426635742, 2.0, 0.7136154174804688, 0.22144833207130432, 0.8091767430305481]",-66.62741405467179
17.25000000000011,169.19622802734375,237.14349365234375,14.460009574890137,-0.023651123046875,0.86328125,"[0.4885694980621338, 0.6434999704360962, 0.2144826352596283, 0.9416051506996155]","[0.0, 0.0, -3.1957933970261365e-06, 0.00011933333735214546, -0.043483711779117584, 1.0, 0.016333334147930145, -3.1957933970261365e-06, 0.0, 0.0, 1.0172526572205243e-06, -0.016214000061154366, 0.0, 0.0]","[1.0, 0.0, 1.0, 1.0367765426635742, 2.0, 0.7136154174804688, 0.22144833207130432, 0.8091767430305481]",-67.35338086453724
17.30000000000011,168.4681854248047,237.1019744873047,14.662190437316895,-0.02581787109375,0.86328125,"[0.47530144453048706, 0.6523000001907349, 0.23331253230571747, 0.9521645307540894]","[0.0, 0.0, -3.1957933970261365e-06, 0.00011933333735214546, -0.043483711779117584, 1.0, 0.016333334147930145, -3.1957933970261365e-06, 0.0, 0.0, 1.0172526572205243e-06, -0.016214000061154366, 0.0, 0.0]","[1.0, 0.0, 1.0, 1.0367765426635742, 2.0, 0.7136154174804688, 0.22144833207130432, 0.8091767430305481]",-67.78503450070151
17.35000000000011,167.7333526611328,237.0623779296875,14.705679893493652,-0.0257568359375,0.86328125,"[0.4724475145339966, 0.6632000207901001, 0.10457625240087509, 0.804188072681427]","[0.0, 0.0, -3.1957933970261365e-06, 0.00011933333735214546, -0.043483711779117584, 1.0, 0.016333334147930145, -3.1957933970261365e-06, 0.0, 0.0, 1.0172526572205243e-06, -0.016214000061154366, 0.0, 0.0]","[1.0, 0.0, 1.0, 1.0367765426635742, 2.0, 0.7136154174804688, 0.22144833207130432, 0.8091767430305481]",-68.18701222474188
17.400000000000112,166.998779296875,237.02548217773438,14.724140167236328,-0.022674560546875,0.86328125,"[0.471235990524292, 0.6646999716758728, 0.08510153740644455, 0.9673348069190979]","[0.0, 0.0, -3.1957933970261365e-06, 0.00011933333735214546, -0.043483711779117584, 1.0, 0.016333334147930145, -3.1957933970261365e-06, 0.0, 0.0, 1.0172526572205243e-06, -0.016214000061154366, 0.0, 0.0]","[1.0, 0.0, 1.0, 1.0367765426635742, 2.0, 0.7136154174804688, 0.22144833207130432, 0.8091767430305481]",-68.55755078648816
17.450000000000113,166.262451171875,236.99114990234375,14.841750144958496,-0.017730712890625,0.86328125,"[0.463517963886261, 0.6654999852180481, 0.16609318554401398, 0.8654042482376099]","[0.0, 0.0, -3.1957933970261365e-06, 0.00011933333735214546, -0.043483711779117584, 1.0, 0.016333334147930145, -3.1957933970261365e-06, 0.0, 0.0, 1.0172526572205243e-06, -0.016214000061154366, 0.0, 0.0]","[1.0, 0.0, 1.0, 1.0367765426635742, 2.0, 0.7136154174804688, 0.22144833207130432, 0.8091767430305481]",-68.96864920128539
17.500000000000114,165.51284790039062,236.9585418701172,15.105910301208496,-0.011810302734375,0.88671875,"[0.4461825489997864, 0.5533999800682068, 0.28490152955055237, 0.7899906635284424]","[0.0, 0.0, -3.1957933970261365e-06, 0.00011933333735214546, -0.043483711779117584, 1.0, 0.016333334147930145, -3.1957933970261365e-06, 0.0, 0.0, 1.0172526572205243e-06, -0.016214000061154366, 0.0, 0.0]","[1.0, 0.0, 1.0, 1.0367765426635742, 2.0, 0.7136154174804688, 0.22144833207130432, 0.8091767430305481]",-69.24025756125934
17.550000000000114,164.75091552734375,236.92742919921875,15.336380004882812,-0.005950927734375,0.88671875,"[0.4310581088066101, 0.5637999773025513, 0.2434786707162857, 0.9240468144416809]","[0.0, 0.0, -3.1957933970261365e-06, 0.00011933333735214546, -0.043483711779117584, 1.0, 0.016333334147930145, -3.1957933970261365e-06, 0.0, 0.0, 1.0172526572205243e-06, -0.016214000061154366, 0.0, 0.0]","[1.0, 0.0, 1.0, 1.0367765426635742, 2.0, 0.7136154174804688, 0.22144833207130432, 0.8091767430305481]",-69.48949951695239
17.600000000000115,163.97811889648438,236.89724731445312,15.545639991760254,0.00152587890625,0.88671875,"[0.41732555627822876, 0.5728999972343445, 0.2046355903148651, 0.9358625411987305]","[0.0, 0.0, -3.1957933970261365e-06, 0.00011933333735214546, -0.043483711779117584, 1.0, 0.016333334147930145, -3.1957933970261365e-06, 0.0, 0.0, 1.0172526572205243e-06, -0.016214000061154366, 0.0, 0.0]","[1.0, 0.0, 1.0, 1.0367765426635742, 2.0, 0.7136154174804688, 0.22144833207130432, 0.8091767430305481]",-69.7187652060391
17.650000000000116,163.19544982910156,236.86721801757812,15.736459732055664,0.007598876953125,0.82421875,"[0.4048030376434326, 0.9017000198364258, 0.1703551709651947, 0.9423292875289917]","[0.0, 0.0, -3.1957933970261365e-06, 0.00011933333735214546, -0.043483711779117584, 1.0, 0.016333334147930145, -3.1957933970261365e-06, 0.0, 0.0, 1.0172526572205243e-06, -0.016214000061154366, 0.0, 0.0]","[1.0, 0.0, 1.0, 1.0367765426635742, 2.0, 0.7136154174804688, 0.22144833207130432, 0.8091767430305481]",-69.88133847480437
17.700000000000117,162.40391540527344,236.83718872070312,15.907699584960938,0.0076904296875,0.78125,"[0.3935655355453491, 1.0, 0.15514110028743744, 0.9509923458099365]","[0.0, 0.0, -3.1957933970261365e-06, 0.00011933333735214546, -0.043483711779117584, 1.0, 0.016333334147930145, -3.1957933970261365e-06, 0.0, 0.0, 1.0172526572205243e-06, -0.016214000061154366, 0.0, 0.0]","[1.0, 0.0, 1.0, 1.0367765426635742, 2.0, 0.7136154174804688, 0.22144833207130432, 0.8091767430305481]",-70.0538257301007
17.750000000000117,161.60438537597656,236.80731201171875,16.062650680541992,0.00396728515625,0.77734375,"[0.3833969235420227, 1.0, 0.14682725071907043, 0.9580769538879395]","[0.0, 0.0, -3.1957933970261365e-06, 0.00011933333735214546, -0.043483711779117584, 1.0, 0.016333334147930145, -3.1957933970261365e-06, 0.0, 0.0, 1.0172526572205243e-06, -0.016214000061154366, 0.0, 0.0]","[1.0, 0.0, 1.0, 1.0367765426635742, 2.0, 0.7136154174804688, 0.22144833207130432, 0.8091767430305481]",-70.21635512137937
17.800000000000118,160.7975311279297,236.77798461914062,16.2064208984375,-0.002105712890625,0.77734375,"[0.37396204471588135, 1.0, 0.1449868083000183, 0.9611632227897644]","[0.0, 0.0, -3.1957933970261365e-06, 0.00011933333735214546, -0.043483711779117584, 1.0, 0.016333334147930145, -3.1957933970261365e-06, 0.0, 0.0, 1.0172526572205243e-06, -0.016214000061154366, 0.0, 0.0]","[1.0, 0.0, 1.0, 1.0367765426635742, 2.0, 0.7136154174804688, 0.22144833207130432, 0.8091767430305481]",-70.37139158056009
17.85000000000012,159.9837188720703,236.74945068359375,16.342729568481445,-0.006683349609375,0.77734375,"[0.3650169372558594, 1.0, 0.14412176609039307, 0.9680898785591125]","[0.0, 0.0, -3.1957933970261365e-06, 0.00011933333735214546, -0.043483711779117584, 1.0, 0.016333334147930145, -3.1957933970261365e-06, 0.0, 0.0, 1.0172526572205243e-06, -0.016214000061154366, 0.0, 0.0]","[1.0, 0.0, 1.0, 1.0367765426635742, 2.0, 0.7136154174804688, 0.22144833207130432, 0.8091767430305481]",-70.39400573157221
17.90000000000012,159.1632537841797,236.72178649902344,16.472639083862305,-0.008575439453125,0.75390625,"[0.35649168491363525, 1.0, 0.14082328975200653, 0.9725141525268555]","[0.0, 0.0, -3.1957933970261365e-06, 0.00011933333735214546, -0.043483711779117584, 1.0, 0.016333334147930145, -3.1957933970261365e-06, 0.0, 0.0, 1.0172526572205243e-06, -0.016214000061154366, 0.0, 0.0]","[1.0, 0.0, 1.0, 1.0367765426635742, 2.0, 0.7136154174804688, 0.22144833207130432, 0.8091767430305481]",-70.50599806592123
17.95000000000012,158.33644104003906,236.69500732421875,16.59670066833496,-0.0084228515625,0.69140625,"[0.3483501672744751, 1.0, 0.1356826275587082, 0.9748126864433289]","[0.0, 0.0, -3.1957933970261365e-06, 0.00011933333735214546, -0.043483711779117584, 1.0, 0.016333334147930145, -3.1957933970261365e-06, 0.0, 0.0, 1.0172526572205243e-06, -0.016214000061154366, 0.0, 0.0]","[1.0, 0.0, 1.0, 1.0367765426635742, 2.0, 0.7136154174804688, 0.22144833207130432, 0.8091767430305481]",-70.62330907551335
18.00000000000012,157.50367736816406,236.6692352294922,16.70922088623047,-0.008392333984375,0.625,"[0.3409661054611206, 1.0, 0.1272531896829605, 0.9702234864234924]","[0.0, 0.0, -3.1957933970261365e-06, 0.00011933333735214546, -0.043483711779117584, 1.0, 0.016333334147930145, -3.1957933970261365e-06, 0.0, 0.0, 1.0172526572205243e-06, -0.016214000061154366, 0.0, 0.0]","[1.0, 0.0, 1.0, 1.0367765426635742, 2.0, 0.7136154174804688, 0.22144833207130432, 0.8091767430305481]",-70.77904245253887
18.05000000000012,156.66590881347656,236.64468383789062,16.801799774169922,-0.008544921875,0.58203125,"[0.3348906636238098, 1.0, 0.11308439075946808, 0.9630385041236877]","[0.0, 0.0, -3.1957933970261365e-06, 0.00011933333735214546, -0.043483711779117584, 1.0, 0.016333334147930145, -3.1957933970261365e-06, 0.0, 0.0, 1.0172526572205243e-06, -0.016214000061154366, 0.0, 0.0]","[1.0, 0.0, 1.0, 1.0367765426635742, 2.0, 0.7136154174804688, 0.22144833207130432, 0.8091767430305481]",-70.76912704104511
18.100000000000122,155.82406616210938,236.62155151367188,16.875,-0.008575439453125,0.52734375,"[0.33008694648742676, 1.0, 0.09871824085712433, 0.966574490070343]","[0.0, 0.0, -3.1957933970261365e-06, 0.00011933333735214546, -0.043483711779117584, 1.0, 0.016333334147930145, -3.1957933970261365e-06, 0.0, 0.0, 1.0172526572205243e-06, -0.016214000061154366, 0.0, 0.0]","[1.0, 0.0, 1.0, 1.0367765426635742, 2.0, 0.7136154174804688, 0.22144833207130432, 0.8091767430305481]",-70.88084609658266
18.150000000000123,154.97914123535156,236.59996032714844,16.929800033569336,-0.00830078125,0.4920501708984375,"[0.32649070024490356, 1.0, 0.08391737192869186, 0.9705579280853271]","[0.0, 0.0, -3.1957933970261365e-06, 0.00011933333735214546, -0.043483711779117584, 1.0, 0.016333334147930145, -3.1957933970261365e-06, 0.0, 0.0, 1.0172526572205243e-06, -0.016214000061154366, 0.0, 0.0]","[1.0, 0.0, 1.0, 1.0367765426635742, 2.0, 0.7136154174804688, 0.22144833207130432, 0.8091767430305481]",-70.99290497191448
18.200000000000124,154.13189697265625,236.58004760742188,16.9702205657959,-0.00830078125,0.4880828857421875,"[0.32383817434310913, 1.0, 0.0732065886259079, 0.9772278070449829]","[0.0, 0.0, -3.1957933970261365e-06, 0.00011933333735214546, -0.043483711779117584, 1.0, 0.016333334147930145, -3.1957933970261365e-06, 0.0, 0.0, 1.0172526572205243e-06, -0.016214000061154366, 0.0, 0.0]","[1.0, 0.0, 1.0, 1.0367765426635742, 2.0, 0.7136154174804688, 0.22144833207130432, 0.8091767430305481]",-71.09651847044596
18.250000000000124,153.282958984375,236.56190490722656,16.998489379882812,-0.00811767578125,0.444427490234375,"[0.3219830393791199, 1.0, 0.06332658231258392, 0.9816599488258362]","[0.0, 0.0, -3.1957933970261365e-06, 0.00011933333735214546, -0.043483711779117584, 1.0, 0.016333334147930145, -3.1957933970261365e-06, 0.0, 0.0, 1.0172526572205243e-06, -0.016214000061154366, 0.0, 0.0]","[1.0, 0.0, 1.0, 1.0367765426635742, 2.0, 0.7136154174804688, 0.22144833207130432, 0.8091767430305481]",-70.99716056413352
18.300000000000125,152.4329376220703,236.545654296875,17.015710830688477,-0.00830078125,0.436492919921875,"[0.3208528757095337, 1.0, 0.055252742022275925, 0.9843094944953918]","[0.0, 0.0, -3.1957933970261365e-06, 0.00011933333735214546, -0.043483711779117584, 1.0, 0.016333334147930145, -3.1957933970261365e-06, 0.0, 0.0, 1.0172526572205243e-06, -0.016214000061154366, 0.0, 0.0]","[1.0, 0.0, 1.0, 1.0367765426635742, 2.0, 0.7136154174804688, 0.22144833207130432, 0.8091767430305481]",-71.06280590633568
18.350000000000126,151.58224487304688,236.53155517578125,17.025339126586914,-0.010467529296875,0.436492919921875,"[0.3202210068702698, 1.0, 0.05612395331263542, 0.9858659505844116]","[0.0, 0.0, -3.1957933970261365e-06, 0.00011933333735214546, -0.043483711779117584, 1.0, 0.016333334147930145, -3.1957933970261365e-06, 0.0, 0.0, 1.0172526572205243e-06, -0.016214000061154366, 0.0, 0.0]","[1.0, 0.0, 1.0, 1.0367765426635742, 2.0, 0.7136154174804688, 0.22144833207130432, 0.8091767430305481]",-71.12173085451744
18.400000000000126,150.7311553955078,236.5199432373047,17.03013038635254,-0.012786865234375,0.436492919921875,"[0.3199065923690796, 1.0, 0.05910681188106537, 0.9889833927154541]","[0.0, 0.0, -3.1957933970261365e-06, 0.00011933333735214546, -0.043483711779117584, 1.0, 0.016333334147930145, -3.1957933970261365e-06, 0.0, 0.0, 1.0172526572205243e-06, -0.016214000061154366, 0.0, 0.0]","[1.0, 0.0, 1.0, 1.0367765426635742, 2.0, 0.7136154174804688, 0.22144833207130432, 0.8091767430305481]",-71.1770072825696
18.450000000000127,149.87986755371094,236.51095581054688,17.03190040588379,-0.0137939453125,0.436492919921875,"[0.31979042291641235, 1.0, 0.05989978462457657, 0.9940124750137329]","[0.0, 0.0, -3.1957933970261365e-06, 0.00011933333735214546, -0.043483711779117584, 1.0, 0.016333334147930145, -3.1957933970261365e-06, 0.0, 0.0, 1.0172526572205243e-06, -0.016214000061154366, 0.0, 0.0]","[1.0, 0.0, 1.0, 1.0367765426635742, 2.0, 0.7136154174804688, 0.22144833207130432, 0.8091767430305481]",-71.01883066429214
18.500000000000128,149.0285186767578,236.50469970703125,17.031810760498047,-0.01348876953125,0.436492919921875,"[0.3197963237762451, 1.0, 0.05867208540439606, 0.9971068501472473]","[0.0, 0.0, -3.1957933970261365e-06, 0.00011933333735214546, -0.043483711779117584, 1.0, 0.016333334147930145, -3.1957933970261365e-06, 0.0, 0.0, 1.0172526572205243e-06, -0.016214000061154366, 0.0, 0.0]","[1.0, 0.0, 1.0, 1.0367765426635742, 2.0, 0.7136154174804688, 0.22144833207130432, 0.8091767430305481]",-71.06068514336202
18.55000000000013,148.17710876464844,236.50112915039062,17.03179931640625,-0.012298583984375,0.456329345703125,"[0.3197970390319824, 1.0, 0.05713186785578728, 0.9982389211654663]","[0.0, 0.0, -3.1957933970261365e-06, 0.00011933333735214546, -0.043483711779117584, 1.0, 0.016333334147930145, -3.1957933970261365e-06, 0.0, 0.0, 1.0172526572205243e-06, -0.016214000061154366, 0.0, 0.0]","[1.0, 0.0, 1.0, 1.0367765426635742, 2.0, 0.7136154174804688, 0.22144833207130432, 0.8091767430305481]",-71.12238280421666
18.60000000000013,147.3256378173828,236.50015258789062,17.03335952758789,-0.0106201171875,0.4603118896484375,"[0.3196946382522583, 1.0, 0.0554373599588871, 0.9958118796348572]","[0.0, 0.0, -3.1957933970261365e-06, 0.00011933333735214546, -0.043483711779117584, 1.0, 0.016333334147930145, -3.1957933970261365e-06, 0.0, 0.0, 1.0172526572205243e-06, -0.016214000061154366, 0.0, 0.0]","[1.0, 0.0, 1.0, 1.0367765426635742, 2.0, 0.7136154174804688, 0.22144833207130432, 0.8091767430305481]",-71.22724586892747
18.65000000000013,146.4739990234375,236.50157165527344,17.036420822143555,-0.008392333984375,0.4642791748046875,"[0.31949377059936523, 1.0, 0.05141890048980713, 0.9934031367301941]","[0.0, 0.0, -3.1957933970261365e-06, 0.00011933333735214546, -0.043483711779117584, 1.0, 0.016333334147930145, -3.1957933970261365e-06, 0.0, 0.0, 1.0172526572205243e-06, -0.016214000061154366, 0.0, 0.0]","[1.0, 0.0, 1.0, 1.0367765426635742, 2.0, 0.7136154174804688, 0.22144833207130432, 0.8091767430305481]",-71.17015487823609
18.70000000000013,145.62213134765625,236.50506591796875,17.04096031188965,-0.005126953125,0.4682464599609375,"[0.31919586658477783, 1.0, 0.043272964656353, 0.989003598690033]","[0.0, 0.0, -3.1957933970261365e-06, 0.00011933333735214546, -0.043483711779117584, 1.0, 0.016333334147930145, -3.1957933970261365e-06, 0.0, 0.0, 1.0172526572205243e-06, -0.016214000061154366, 0.0, 0.0]","[1.0, 0.0, 1.0, 1.0367765426635742, 2.0, 0.7136154174804688, 0.22144833207130432, 0.8091767430305481]",-71.26023786576185
18.75000000000013,144.77000427246094,236.51007080078125,17.046689987182617,-0.00067138671875,0.4682464599609375,"[0.31881988048553467, 1.0, 0.03019428439438343, 0.9840995669364929]","[0.0, 0.0, -3.1957933970261365e-06, 0.00011933333735214546, -0.043483711779117584, 1.0, 0.016333334147930145, -3.1957933970261365e-06, 0.0, 0.0, 1.0172526572205243e-06, -0.016214000061154366, 0.0, 0.0]","[1.0, 0.0, 1.0, 1.0367765426635742, 2.0, 0.7136154174804688, 0.22144833207130432, 0.8091767430305481]",-71.3502612387815
18.800000000000132,143.9175262451172,236.5159454345703,17.053129196166992,0.00372314453125,0.4682464599609375,"[0.31839728355407715, 1.0, 0.015925712883472443, 0.9833872318267822]","[0.0, 0.0, -3.1957933970261365e-06, 0.00011933333735214546, -0.043483711779117584, 1.0, 0.016333334147930145, -3.1957933970261365e-06, 0.0, 0.0, 1.0172526572205243e-06, -0.016214000061154366, 0.0, 0.0]","[1.0, 0.0, 1.0, 1.0367765426635742, 2.0, 0.7136154174804688, 0.22144833207130432, 0.8091767430305481]",-71.44165682042558
18.850000000000133,143.06475830078125,236.52215576171875,17.05851936340332,0.006591796875,0.444427490234375,"[0.31804358959198, 1.0, 0.006225934252142906, 0.9869779944419861]","[0.0, 0.0, -3.1957933970261365e-06, 0.00011933333735214546, -0.043483711779117584, 1.0, 0.016333334147930145, -3.1957933970261365e-06, 0.0, 0.0, 1.0172526572205243e-06, -0.016214000061154366, 0.0, 0.0]","[1.0, 0.0, 1.0, 1.0367765426635742, 2.0, 0.7136154174804688, 0.22144833207130432, 0.8091767430305481]",-71.35605705842669
18.900000000000134,142.2117919921875,236.5282745361328,17.061019897460938,0.008209228515625,0.432525634765625,"[0.31787949800491333, 1.0, 0.012688790448009968, 0.9887003898620605]","[0.0, 0.0, -3.1957933970261365e-06, 0.00011933333735214546, -0.043483711779117584, 1.0, 0.016333334147930145, -3.1957933970261365e-06, 0.0, 0.0, 1.0172526572205243e-06, -0.016214000061154366, 0.0, 0.0]","[1.0, 0.0, 1.0, 1.0367765426635742, 2.0, 0.7136154174804688, 0.22144833207130432, 0.8091767430305481]",-71.4306056534461
18.950000000000134,141.35885620117188,236.53384399414062,17.05780029296875,0.009429931640625,0.380950927734375,"[0.3180907964706421, 1.0, 0.021605538204312325, 0.9868119359016418]","[0.0, 0.0, -3.1957933970261365e-06, 0.00011933333735214546, -0.043483711779117584, 1.0, 0.016333334147930145, -3.1957933970261365e-06, 0.0, 0.0, 1.0172526572205243e-06, -0.016214000061154366, 0.0, 0.0]","[1.0, 0.0, 1.0, 1.0367765426635742, 2.0, 0.7136154174804688, 0.22144833207130432, 0.8091767430305481]",-71.50129256849057
19.000000000000135,140.5064239501953,236.5384063720703,17.04252052307129,0.01031494140625,0.2936553955078125,"[0.3190934658050537, 1.0, 0.04152439534664154, 0.9801298975944519]","[0.0, 0.0, -3.1957933970261365e-06, 0.00011933333735214546, -0.043483711779117584, 1.0, 0.016333334147930145, -3.1957933970261365e-06, 0.0, 0.0, 1.0172526572205243e-06, -0.016214000061154366, 0.0, 0.0]","[1.0, 0.0, 1.0, 1.0367765426635742, 2.0, 0.7136154174804688, 0.22144833207130432, 0.8091767430305481]",-71.55344647252886
19.050000000000136,139.65525817871094,236.54164123535156,17.011680603027344,0.010345458984375,0.24603271484375,"[0.3211173415184021, 1.0, 0.06040922552347183, 0.9759082198143005]","[0.0, 0.0, -3.1957933970261365e-06, 0.00011933333735214546, -0.043483711779117584, 1.0, 0.016333334147930145, -3.1957933970261365e-06, 0.0, 0.0, 1.0172526572205243e-06, -0.016214000061154366, 0.0, 0.0]","[1.0, 0.0, 1.0, 1.0367765426635742, 2.0, 0.7136154174804688, 0.22144833207130432, 0.8091767430305481]",-71.34318755611217
19.100000000000136,138.80612182617188,236.54331970214844,16.965890884399414,0.009735107421875,0.20000000298023224,"[0.3241223096847534, 1.0, 0.07633230835199356, 0.9755236506462097]","[0.0, 0.0, -3.1957933970261365e-06, 0.00011933333735214546, -0.043483711779117584, 1.0, 0.016333334147930145, -3.1957933970261365e-06, 0.0, 0.0, 1.0172526572205243e-06, -0.016214000061154366, 0.0, 0.0]","[1.0, 0.0, 1.0, 1.0367765426635742, 2.0, 0.7136154174804688, 0.22144833207130432, 0.8091767430305481]",-71.36216778209021
19.150000000000137,137.9596710205078,236.54339599609375,16.9083309173584,0.00860595703125,0.20000000298023224,"[0.3278995752334595, 1.0, 0.08715032786130905, 0.9779105186462402]","[0.0, 0.0, -3.1957933970261365e-06, 0.00011933333735214546, -0.043483711779117584, 1.0, 0.016333334147930145, -3.1957933970261365e-06, 0.0, 0.0, 1.0172526572205243e-06, -0.016214000061154366, 0.0, 0.0]","[1.0, 0.0, 1.0, 1.0367765426635742, 2.0, 0.7136154174804688, 0.22144833207130432, 0.8091767430305481]",-71.37908552009847
19.200000000000138,137.11634826660156,236.54188537597656,16.843679428100586,0.006622314453125,0.20000000298023224,"[0.33214235305786133, 1.0, 0.09027428179979324, 0.9814178347587585]","[0.0, 0.0, -3.1957933970261365e-06, 0.00011933333735214546, -0.043483711779117584, 1.0, 0.016333334147930145, -3.1957933970261365e-06, 0.0, 0.0, 1.0172526572205243e-06, -0.016214000061154366, 0.0, 0.0]","[1.0, 0.0, 1.0, 1.0367765426635742, 2.0, 0.7136154174804688, 0.22144833207130432, 0.8091767430305481]",-71.44067404739164
19.25000000000014,136.27639770507812,236.5390167236328,16.774810791015625,0.004119873046875,0.20000000298023224,"[0.33666181564331055, 1.0, 0.08836746960878372, 0.9820002913475037]","[0.0, 0.0, -3.1957933970261365e-06, 0.00011933333735214546, -0.043483711779117584, 1.0, 0.016333334147930145, -3.1957933970261365e-06, 0.0, 0.0, 1.0172526572205243e-06, -0.016214000061154366, 0.0, 0.0]","[1.0, 0.0, 1.0, 1.0367765426635742, 2.0, 0.7136154174804688, 0.22144833207130432, 0.8091767430305481]",-71.41099171691366
19.30000000000014,135.43995666503906,236.53497314453125,16.703460693359375,0.00213623046875,0.20000000298023224,"[0.34134411811828613, 1.0, 0.08550768345594406, 0.9835676550865173]","[0.0, 0.0, -3.1957933970261365e-06, 0.00011933333735214546, -0.043483711779117584, 1.0, 0.016333334147930145, -3.1957933970261365e-06, 0.0, 0.0, 1.0172526572205243e-06, -0.016214000061154366, 0.0, 0.0]","[1.0, 0.0, 1.0, 1.0367765426635742, 2.0, 0.7136154174804688, 0.22144833207130432, 0.8091767430305481]",-71.5320525748895
19.35000000000014,134.6071319580078,236.5298614501953,16.63072967529297,0.0013427734375,0.20000000298023224,"[0.3461170792579651, 1.0, 0.08405450731515884, 0.9864065647125244]","[0.0, 0.0, -3.1957933970261365e-06, 0.00011933333735214546, -0.043483711779117584, 1.0, 0.016333334147930145, -3.1957933970261365e-06, 0.0, 0.0, 1.0172526572205243e-06, -0.016214000061154366, 0.0, 0.0]","[1.0, 0.0, 1.0, 1.0367765426635742, 2.0, 0.7136154174804688, 0.22144833207130432, 0.8091767430305481]",-71.64770878861394
19.40000000000014,133.77796936035156,236.52374267578125,16.557289123535156,0.001800537109375,0.20000000298023224,"[0.3509365916252136, 1.0, 0.08460000157356262, 0.9885254502296448]","[0.0, 0.0, -3.1957933970261365e-06, 0.00011933333735214546, -0.043483711779117584, 1.0, 0.016333334147930145, -3.1957933970261365e-06, 0.0, 0.0, 1.0172526572205243e-06, -0.016214000061154366, 0.0, 0.0]","[1.0, 0.0, 1.0, 1.0367765426635742, 2.0, 0.7136154174804688, 0.22144833207130432, 0.8091767430305481]",-71.75564709898428
19.45000000000014,132.9524383544922,236.5165557861328,16.48369026184082,0.003021240234375,0.2023773193359375,"[0.3557664752006531, 1.0, 0.08621846139431, 0.9883841872215271]","[0.0, 0.0, -3.1957933970261365e-06, 0.00011933333735214546, -0.043483711779117584, 1.0, 0.016333334147930145, -3.1957933970261365e-06, 0.0, 0.0, 1.0172526572205243e-06, -0.016214000061154366, 0.0, 0.0]","[1.0, 0.0, 1.0, 1.0367765426635742, 2.0, 0.7136154174804688, 0.22144833207130432, 0.8091767430305481]",-71.66636756510367
19.500000000000142,132.13055419921875,236.50831604003906,16.411380767822266,0.003997802734375,0.22222900390625,"[0.3605116605758667, 1.0, 0.08569538593292236, 0.9882305264472961]","[0.0, 0.0, -3.1957933970261365e-06, 0.00011933333735214546, -0.043483711779117584, 1.0, 0.016333334147930145, -3.1957933970261365e-06, 0.0, 0.0, 1.0172526572205243e-06, -0.016214000061154366, 0.0, 0.0]","[1.0, 0.0, 1.0, 1.0367765426635742, 2.0, 0.7136154174804688, 0.22144833207130432, 0.8091767430305481]",-71.7737504473317
19.550000000000143,131.31214904785156,236.49905395507812,16.34330940246582,0.004730224609375,0.26190185546875,"[0.3649788498878479, 1.0, 0.0824984610080719, 0.985261082649231]","[0.0, 0.0, -3.1957933970261365e-06, 0.00011933333735214546, -0.043483711779117584, 1.0, 0.016333334147930145, -3.1957933970261365e-06, 0.0, 0.0, 1.0172526572205243e-06, -0.016214000061154366, 0.0, 0.0]","[1.0, 0.0, 1.0, 1.0367765426635742, 2.0, 0.7136154174804688, 0.22144833207130432, 0.8091767430305481]",-71.92167249723103
19.600000000000144,130.4969482421875,236.4888458251953,16.28223991394043,0.0047607421875,0.2976226806640625,"[0.36898648738861084, 1.0, 0.07543385028839111, 0.9830513000488281]","[0.0, 0.0, -3.1957933970261365e-06, 0.00011933333735214546, -0.043483711779117584, 1.0, 0.016333334147930145, -3.1957933970261365e-06, 0.0, 0.0, 1.0172526572205243e-06, -0.016214000061154366, 0.0, 0.0]","[1.0, 0.0, 1.0, 1.0367765426635742, 2.0, 0.7136154174804688, 0.22144833207130432, 0.8091767430305481]",-72.13386873898719
19.650000000000144,129.68455505371094,236.4775848388672,16.228519439697266,0.0047607421875,0.3134918212890625,"[0.3725118637084961, 1.0, 0.06874241679906845, 0.9838424921035767]","[0.0, 0.0, -3.1957933970261365e-06, 0.00011933333735214546, -0.043483711779117584, 1.0, 0.016333334147930145, -3.1957933970261365e-06, 0.0, 0.0, 1.0172526572205243e-06, -0.016214000061154366, 0.0, 0.0]","[1.0, 0.0, 1.0, 1.0367765426635742, 2.0, 0.7136154174804688, 0.22144833207130432, 0.8091767430305481]",-72.24460111183893
19.700000000000145,128.87464904785156,236.46536254882812,16.18037986755371,0.004638671875,0.3134918212890625,"[0.37567102909088135, 1.0, 0.06350329518318176, 0.9868061542510986]","[0.0, 0.0, -3.1957933970261365e-06, 0.00011933333735214546, -0.043483711779117584, 1.0, 0.016333334147930145, -3.1957933970261365e-06, 0.0, 0.0, 1.0172526572205243e-06, -0.016214000061154366, 0.0, 0.0]","[1.0, 0.0, 1.0, 1.0367765426635742, 2.0, 0.7136154174804688, 0.22144833207130432, 0.8091767430305481]",-72.45431691835805
19.750000000000146,128.067138671875,236.4522247314453,16.13241958618164,0.004486083984375,0.25396728515625,"[0.3788183927536011, 1.0, 0.06300746649503708, 0.9929733276367188]","[0.0, 0.0, -3.1957933970261365e-06, 0.00011933333735214546, -0.043483711779117584, 1.0, 0.016333334147930145, -3.1957933970261365e-06, 0.0, 0.0, 1.0172526572205243e-06, -0.016214000061154366, 0.0, 0.0]","[1.0, 0.0, 1.0, 1.0367765426635742, 2.0, 0.7136154174804688, 0.22144833207130432, 0.8091767430305481]",-72.6605406661553
19.800000000000146,127.26220703125,236.43814086914062,16.07823944091797,0.004119873046875,0.20000000298023224,"[0.3823739290237427, 1.0, 0.06742241233587265, 0.9849994778633118]","[0.0, 0.0, -3.1957933970261365e-06, 0.00011933333735214546, -0.043483711779117584, 1.0, 0.016333334147930145, -3.1957933970261365e-06, 0.0, 0.0, 1.0172526572205243e-06, -0.016214000061154366, 0.0, 0.0]","[1.0, 0.0, 1.0, 1.0367765426635742, 2.0, 0.7136154174804688, 0.22144833207130432, 0.8091767430305481]",-72.86803067973416
19.850000000000147,126.4602279663086,236.42323303222656,16.017370223999023,0.0035400390625,0.20000000298023224,"[0.38636839389801025, 1.0, 0.07157450169324875, 0.9832886457443237]","[0.0, 0.0, -3.1957933970261365e-06, 0.00011933333735214546, -0.043483711779117584, 1.0, 0.016333334147930145, -3.1957933970261365e-06, 0.0, 0.0, 1.0172526572205243e-06, -0.016214000061154366, 0.0, 0.0]","[1.0, 0.0, 1.0, 1.0367765426635742, 2.0, 0.7136154174804688, 0.22144833207130432, 0.8091767430305481]",-72.95770776251605
19.900000000000148,125.66146087646484,236.40757751464844,15.952580451965332,0.002899169921875,0.20000000298023224,"[0.39062029123306274, 1.0, 0.0730760395526886, 0.985727071762085]","[0.0, 0.0, -3.1957933970261365e-06, 0.00011933333735214546, -0.043483711779117584, 1.0, 0.016333334147930145, -3.1957933970261365e-06, 0.0, 0.0, 1.0172526572205243e-06, -0.016214000061154366, 0.0, 0.0]","[1.0, 0.0, 1.0, 1.0367765426635742, 2.0, 0.7136154174804688, 0.22144833207130432, 0.8091767430305481]",-73.15485814218893
19.95000000000015,124.86603546142578,236.3911895751953,15.885490417480469,0.00201416015625,0.20000000298023224,"[0.395022988319397, 1.0, 0.07502768933773041, 0.9879188537597656]","[0.0, 0.0, -3.1957933970261365e-06, 0.00011933333735214546, -0.043483711779117584, 1.0, 0.016333334147930145, -3.1957933970261365e-06, 0.0, 0.0, 1.0172526572205243e-06, -0.016214000061154366, 0.0, 0.0]","[1.0, 0.0, 1.0, 1.0367765426635742, 2.0, 0.7136154174804688, 0.22144833207130432, 0.8091767430305481]",-73.34837629214479
20.00000000000015,124.07402038574219,236.3743133544922,15.817159652709961,0.00091552734375,0.20000000298023224,"[0.39950716495513916, 1.0, 0.06929449737071991, 0.9830315113067627]","[0.0, 0.0, -3.1957933970261365e-06, 0.00011933333735214546, -0.043483711779117584, 1.0, 0.016333334147930145, -3.1957933970261365e-06, 0.0, 0.0, 1.0172526572205243e-06, -0.016214000061154366, 0.0, 0.0]","[1.0, 0.0, 1.0, 1.0367765426635742, 2.0, 0.7136154174804688, 0.22144833207130432, 0.8091767430305481]",-73.54000920782694
20.05000000000015,123.28544616699219,236.35714721679688,15.748200416564941,-0.000152587890625,0.20000000298023224,"[0.4040326476097107, 1.0, 0.0666140615940094, 0.9869388937950134]","[0.0, 0.0, -3.1957933970261365e-06, 0.00011933333735214546, -0.043483711779117584, 1.0, 0.016333334147930145, -3.1957933970261365e-06, 0.0, 0.0, 1.0172526572205243e-06, -0.016214000061154366, 0.0, 0.0]","[1.0, 0.0, 1.0, 1.0367765426635742, 2.0, 0.7136154174804688, 0.22144833207130432, 0.8091767430305481]",-73.57278445724808
20.10000000000015,122.50033569335938,236.3397979736328,15.678990364074707,-0.000823974609375,0.20000000298023224,"[0.40857452154159546, 1.0, 0.06421010196208954, 0.9877306818962097]","[0.0, 0.0, -3.1957933970261365e-06, 0.00011933333735214546, -0.043483711779117584, 1.0, 0.016333334147930145, -3.1957933970261365e-06, 0.0, 0.0, 1.0172526572205243e-06, -0.016214000061154366, 0.0, 0.0]","[1.0, 0.0, 1.0, 1.0367765426635742, 2.0, 0.7136154174804688, 0.22144833207130432, 0.8091767430305481]",-73.75176056127525
20.15000000000015,121.71868133544922,236.32235717773438,15.609789848327637,-0.001251220703125,0.20000000298023224,"[0.4131157398223877, 1.0, 0.06232219561934471, 0.9881384968757629]","[0.0, 0.0, -3.1957933970261365e-06, 0.00011933333735214546, -0.043483711779117584, 1.0, 0.016333334147930145, -3.1957933970261365e-06, 0.0, 0.0, 1.0172526572205243e-06, -0.016214000061154366, 0.0, 0.0]","[1.0, 0.0, 1.0, 1.0367765426635742, 2.0, 0.7136154174804688, 0.22144833207130432, 0.8091767430305481]",-73.92594891952128
20.200000000000152,120.94047546386719,236.30496215820312,15.540730476379395,-0.001434326171875,0.20000000298023224,"[0.41764771938323975, 1.0, 0.06143471971154213, 0.9887068867683411]","[0.0, 0.0, -3.1957933970261365e-06, 0.00011933333735214546, -0.043483711779117584, 1.0, 0.016333334147930145, -3.1957933970261365e-06, 0.0, 0.0, 1.0172526572205243e-06, -0.016214000061154366, 0.0, 0.0]","[1.0, 0.0, 1.0, 1.0367765426635742, 2.0, 0.7136154174804688, 0.22144833207130432, 0.8091767430305481]",-74.09785349409029
20.250000000000153,120.16573333740234,236.28768920898438,15.47191047668457,-0.001861572265625,0.20000000298023224,"[0.4221639633178711, 1.0, 0.06383516639471054, 0.9878415465354919]","[0.0, 0.0, -3.1957933970261365e-06, 0.00011933333735214546, -0.043483711779117584, 1.0, 0.016333334147930145, -3.1957933970261365e-06, 0.0, 0.0, 1.0172526572205243e-06, -0.016214000061154366, 0.0, 0.0]","[1.0, 0.0, 1.0, 1.0367765426635742, 2.0, 0.7136154174804688, 0.22144833207130432, 0.8091767430305481]",-74.08559578869983
20.300000000000153,119.39440155029297,236.27073669433594,15.403380393981934,-0.002685546875,0.20000000298023224,"[0.42666125297546387, 1.0, 0.06720263510942459, 0.9868110418319702]","[0.0, 0.0, -3.1957933970261365e-06, 0.00011933333735214546, -0.043483711779117584, 1.0, 0.016333334147930145, -3.1957933970261365e-06, 0.0, 0.0, 1.0172526572205243e-06, -0.016214000061154366, 0.0, 0.0]","[1.0, 0.0, 1.0, 1.0367765426635742, 2.0, 0.7136154174804688, 0.22144833207130432, 0.8091767430305481]",-74.23696765251177
20.350000000000154,118.62647247314453,236.25428771972656,15.335169792175293,-0.00390625,0.20000000298023224,"[0.4311375617980957, 1.0, 0.07149010896682739, 0.9858670830726624]","[0.0, 0.0, -3.1957933970261365e-06, 0.00011933333735214546, -0.043483711779117584, 1.0, 0.016333334147930145, -3.1957933970261365e-06, 0.0, 0.0, 1.0172526572205243e-06, -0.016214000061154366, 0.0, 0.0]","[1.0, 0.0, 1.0, 1.0367765426635742, 2.0, 0.7136154174804688, 0.22144833207130432, 0.8091767430305481]",-74.37943660117197
20.400000000000155,117.86190795898438,236.23855590820312,15.267279624938965,-0.004974365234375,0.20000000298023224,"[0.43559277057647705, 1.0, 0.0750584602355957, 0.9866563677787781]","[0.0, 0.0, -3.1957933970261365e-06, 0.00011933333735214546, -0.043483711779117584, 1.0, 0.016333334147930145, -3.1957933970261365e-06, 0.0, 0.0, 1.0172526572205243e-06, -0.016214000061154366, 0.0, 0.0]","[1.0, 0.0, 1.0, 1.0367765426635742, 2.0, 0.7136154174804688, 0.22144833207130432, 0.8091767430305481]",-74.51229481579006
20.450000000000156,117.1007308959961,236.22360229492188,15.199749946594238,-0.005645751953125,0.20000000298023224,"[0.4400244355201721, 1.0, 0.07747780531644821, 0.987886905670166]","[0.0, 0.0, -3.1957933970261365e-06, 0.00011933333735214546, -0.043483711779117584, 1.0, 0.016333334147930145, -3.1957933970261365e-06, 0.0, 0.0, 1.0172526572205243e-06, -0.016214000061154366, 0.0, 0.0]","[1.0, 0.0, 1.0, 1.0367765426635742, 2.0, 0.7136154174804688, 0.22144833207130432, 0.8091767430305481]",-74.3957660090157
20.500000000000156,116.34288787841797,236.2095489501953,15.132579803466797,-0.00592041015625,0.20000000298023224,"[0.4444323182106018, 1.0, 0.07889494299888611, 0.9889724850654602]","[0.0, 0.0, -3.1957933970261365e-06, 0.00011933333735214546, -0.043483711779117584, 1.0, 0.016333334147930145, -3.1957933970261365e-06, 0.0, 0.0, 1.0172526572205243e-06, -0.016214000061154366, 0.0, 0.0]","[1.0, 0.0, 1.0, 1.0367765426635742, 2.0, 0.7136154174804688, 0.22144833207130432, 0.8091767430305481]",-74.48783903850368
20.550000000000157,115.58838653564453,236.19644165039062,15.065790176391602,-0.005584716796875,0.20000000298023224,"[0.44881540536880493, 1.0, 0.07854900509119034, 0.9902582168579102]","[0.0, 0.0, -3.1957933970261365e-06, 0.00011933333735214546, -0.043483711779117584, 1.0, 0.016333334147930145, -3.1957933970261365e-06, 0.0, 0.0, 1.0172526572205243e-06, -0.016214000061154366, 0.0, 0.0]","[1.0, 0.0, 1.0, 1.0367765426635742, 2.0, 0.7136154174804688, 0.22144833207130432, 0.8091767430305481]",-74.57604116135761
20.600000000000158,114.83717346191406,236.1842498779297,14.999380111694336,-0.0050048828125,0.20000000298023224,"[0.45317351818084717, 1.0, 0.07756087929010391, 0.9899787902832031]","[0.0, 0.0, -3.1957933970261365e-06, 0.00011933333735214546, -0.043483711779117584, 1.0, 0.016333334147930145, -3.1957933970261365e-06, 0.0, 0.0, 1.0172526572205243e-06, -0.016214000061154366, 0.0, 0.0]","[1.0, 0.0, 1.0, 1.0367765426635742, 2.0, 0.7136154174804688, 0.22144833207130432, 0.8091767430305481]",-74.66000679153795
20.65000000000016,114.08926391601562,236.17300415039062,14.933329582214355,-0.00457763671875,0.20000000298023224,"[0.4575080871582031, 1.0, 0.07690505683422089, 0.9902843832969666]","[0.0, 0.0, -3.1957933970261365e-06, 0.00011933333735214546, -0.043483711779117584, 1.0, 0.016333334147930145, -3.1957933970261365e-06, 0.0, 0.0, 1.0172526572205243e-06, -0.016214000061154366, 0.0, 0.0]","[1.0, 0.0, 1.0, 1.0367765426635742, 2.0, 0.7136154174804688, 0.22144833207130432, 0.8091767430305481]",-74.7450591394346
