sim_time,x,y,speed,steer,throttle,style_scores,alert_state,alert_raw,alert_score
0.05,104.59001922607422,191.77003479003906,0.9800000190734863,0.0,0.5,"[0.3768119812011719, 0.15489999949932098, 0.0, 0.9431818127632141]","[0.0, 0.0, -3.1957933970261365e-06, 0.00011933333735214546, -0.04375659301877022, 1.0, 0.016333334147930145, -3.1957933970261365e-06, 0.0, 0.0, 1.0172526572205243e-06, -0.016214000061154366, 0.0, 0.0]","[0.0, 0.0, 1.0, 0.5899035930633545, 0.0, 0.9011340141296387, 0.5568718910217285, 0.5159888863563538]",1.0
0.1,104.59001922607422,191.77003479003906,1.4700000286102295,0.0,0.5,"[0.4089679718017578, 0.23229999840259552, 0.0, 0.9659090638160706]","[0.0, 0.0, -3.1957933970261365e-06, 0.00011933333735214546, -0.04375659301877022, 1.0, 0.016333334147930145, -3.1957933970261365e-06, 0.0, 0.0, 1.0172526572205243e-06, -0.016214000061154366, 0.0, 0.0]","[0.0, 0.0, 1.0, 0.5899035930633545, 0.0, 0.9011340141296387, 0.5568718910217285, 0.5159888863563538]",1.0
0.15000000000000002,104.59001922607422,191.77003479003906,1.7187600135803223,0.0,0.5,"[0.4252927303314209, 0.2784999907016754, 0.0, 0.7467684745788574]","[0.0, 0.0, -3.1957933970261365e-06, 0.00011933333735214546, -0.04375659301877022, 1.0, 0.016333334147930145, -3.1957933970261365e-06, 0.0, 0.0, 1.0172526572205243e-06, -0.016214000061154366, 0.0, 0.0]","[0.0, 0.0, 1.0, 0.5899035930633545, 0.0, 0.9011340141296387, 0.5568718910217285, 0.5159888863563538]",1.0
0.2,104.59001922607422,191.77003479003906,0.9489799737930298,0.0,0.5,"[0.37477630376815796, 0.14550000429153442, 0.0, 0.5113636255264282]","[0.0, 0.0, -3.1957933970261365e-06, 0.00011933333735214546, -0.04375659301877022, 1.0, 0.016333334147930145, -3.1957933970261365e-06, 0.0, 0.0, 1.0172526572205243e-06, -0.016214000061154366, 0.0, 0.0]","[0.0, 0.0, 1.0, 0.5899035930633545, 0.0, 0.9011340141296387, 0.5568718910217285, 0.5159888863563538]",1.0
0.25,104.59001922607422,191.77003479003906,0.48186999559402466,-0.0069580078125,0.20000000298023224,"[0.5941224694252014, 0.12210000306367874, 0.0, 0.6677099466323853]","[0.0, 0.0, -3.1957933970261365e-06, 0.00011933333735214546, -0.04375659301877022, 1.0, 0.016333334147930145, -3.1957933970261365e-06, 0.0, 0.0, 1.0172526572205243e-06, -0.016214000061154366, 0.0, 0.0]","[0.0, 0.0, 1.0, 0.5899035930633545, 0.0, 0.9011340141296387, 0.5568718910217285, 0.5159888863563538]",0.9770132939141812
0.3,104.59001922607422,191.77003479003906,0.20643000304698944,-0.0069580078125,0.20000000298023224,"[0.5760468244552612, 0.05339999869465828, 8.791208188085875e-07, 0.791659951210022]","[0.0, 0.0, -3.1957933970261365e-06, 0.00011933333735214546, -0.04375659301877022, 1.0, 0.016333334147930145, -3.1957933970261365e-06, 0.0, 0.0, 1.0172526572205243e-06, -0.016214000061154366, 0.0, 0.0]","[0.0, 0.0, 1.0, 0.5899035930633545, 0.0, 0.9011340141296387, 0.5568718910217285, 0.5159888863563538]",0.8850279493900145
0.35,104.59001922607422,191.77003479003906,0.05063999816775322,-0.0069580078125,0.20000000298023224,"[0.5658231973648071, 0.013299999758601189, 4.3956040940429375e-07, 0.8699873685836792]","[0.0, 0.0, -3.1957933970261365e-06, 0.00011933333735214546, -0.04375659301877022, 1.0, 0.016333334147930145, -3.1957933970261365e-06, 0.0, 0.0, 1.0172526572205243e-06, -0.016214000061154366, 0.0, 0.0]","[0.0, 0.0, 1.0, 0.5899035930633545, 0.0, 0.9011340141296387, 0.5568718910217285, 0.5159888863563538]",0.783928159392835
0.39999999999999997,104.59001922607422,191.77003479003906,0.0318400003015995,-0.0069580078125,0.20000000298023224,"[0.5645895004272461, 0.00839999970048666, 4.3956040940429375e-07, 0.9307903051376343]","[0.0, 0.0, -3.1957933970261365e-06, 0.00011933333735214546, -0.04375659301877022, 1.0, 0.016333334147930145, -3.1957933970261365e-06, 0.0, 0.0, 1.0172526572205243e-06, -0.016214000061154366, 0.0, 0.0]","[0.0, 0.0, 1.0, 0.5899035930633545, 0.0, 0.9011340141296387, 0.5568718910217285, 0.5159888863563538]",0.4246648193362792
0.44999999999999996,104.59001922607422,191.77003479003906,0.07050999999046326,-0.0069580078125,0.20000000298023224,"[0.5671272277832031, 0.018699999898672104, 4.3956040940429375e-07, 0.9548987746238708]","[0.0, 0.0, -3.1957933970261365e-06, 0.00011933333735214546, -0.04375659301877022, 1.0, 0.016333334147930145, -3.1957933970261365e-06, 0.0, 0.0, 1.0172526572205243e-06, -0.016214000061154366, 0.0, 0.0]","[0.0, 0.0, 1.0, 0.5899035930633545, 0.0, 0.9011340141296387, 0.5568718910217285, 0.5159888863563538]",0.1964815401463753
0.49999999999999994,104.59001922607422,191.77003479003906,0.0839100033044815,-0.0069580078125,0.20000000298023224,"[0.5680065155029297, 0.022299999371170998, 0.0, 0.9751918911933899]","[0.0, 0.0, -3.1957933970261365e-06, 0.00011933333735214546, -0.04375659301877022, 1.0, 0.016333334147930145, -3.1957933970261365e-06, 0.0, 0.0, 1.0172526572205243e-06, -0.016214000061154366, 0.0, 0.0]","[0.0, 0.0, 1.0, 0.5899035930633545, 0.0, 0.9011340141296387, 0.5568718910217285, 0.5159888863563538]",-0.042315298592817685
0.5499999999999999,104.59001922607422,191.77003479003906,0.08347000181674957,-0.0069580078125,0.20000000298023224,"[0.5679776668548584, 0.022199999541044235, 0.0, 0.9873733520507812]","[0.0, 0.0, -3.1957933970261365e-06, 0.00011933333735214546, -0.04375659301877022, 1.0, 0.016333334147930145, -3.1957933970261365e-06, 0.0, 0.0, 1.0172526572205243e-06, -0.016214000061154366, 0.0, 0.0]","[0.0, 0.0, 1.0, 0.5899035930633545, 0.0, 0.9011340141296387, 0.5568718910217285, 0.5159888863563538]",-0.29788556587651516
0.6,104.59001922607422,191.77003479003906,0.07614000141620636,-0.0069580078125,0.609375,"[0.567496657371521, 0.00989999994635582, 4.3956040940429375e-07, 0.9700013399124146]","[0.0, 0.0, -3.1957933970261365e-06, 0.00011933333735214546, -0.04375659301877022, 1.0, 0.016333334147930145, -3.1957933970261365e-06, 0.0, 0.0, 1.0172526572205243e-06, -0.016214000061154366, 0.0, 0.0]","[0.0, 0.0, 1.0, 0.5899035930633545, 0.0, 0.9011340141296387, 0.5568718910217285, 0.5159888863563538]",-0.5565549002415733
0.65,104.59001922607422,191.77003479003906,0.06597000360488892,-0.0069580078125,0.91796875,"[0.5668292045593262, 0.0017999999690800905, 0.0, 0.9733058214187622]","[0.0, 0.0, -3.1957933970261365e-06, 0.00011933333735214546, -0.04375659301877022, 1.0, 0.016333334147930145, -3.1957933970261365e-06, 0.0, 0.0, 1.0172526572205243e-06, -0.016214000061154366, 0.0, 0.0]","[0.0, 0.0, 1.0, 0.5899035930633545, 0.0, 0.9011340141296387, 0.5568718910217285, 0.5159888863563538]",-1.0980660958556916
0.7000000000000001,104.59001922607422,191.77003479003906,0.05525000020861626,-0.0069580078125,0.984375,"[0.566125750541687, 0.0003000000142492354, 4.3956040940429375e-07, 0.9980322122573853]","[0.0, 0.0, -3.1957933970261365e-06, 0.00011933333735214546, -0.04375659301877022, 1.0, 0.016333334147930145, -3.1957933970261365e-06, 0.0, 0.0, 1.0172526572205243e-06, -0.016214000061154366, 0.0, 0.0]","[0.0, 0.0, 1.0, 0.5899035930633545, 0.0, 0.9011340141296387, 0.5568718910217285, 0.5159888863563538]",-1.4110761461521815
0.7500000000000001,104.59001922607422,191.77003479003906,0.045159999281167984,-0.0069580078125,0.984375,"[0.5654635429382324, 0.00019999999494757503, 4.3956040940429375e-07, 0.9980457425117493]","[0.0, 0.0, -3.1957933970261365e-06, 0.00011933333735214546, -0.04375659301877022, 1.0, 0.016333334147930145, -3.1957933970261365e-06, 0.0, 0.0, 1.0172526572205243e-06, -0.016214000061154366, 0.0, 0.0]","[0.0, 0.0, 1.0, 0.5899035930633545, 0.0, 0.9011340141296387, 0.5568718910217285, 0.5159888863563538]",-1.7312016661880438
0.8000000000000002,104.59001922607422,191.77003479003906,0.036249998956918716,-0.02099609375,0.9921875,"[0.5648789405822754, 9.999999747378752e-05, 0.0, 0.9970771074295044]","[0.0, 0.0, -3.1957933970261365e-06, 0.00011933333735214546, -0.04375659301877022, 1.0, 0.016333334147930145, -3.1957933970261365e-06, 0.0, 0.0, 1.0172526572205243e-06, -0.016214000061154366, 0.0, 0.0]","[0.0, 0.0, 1.0, 0.5899035930633545, 0.0, 0.9011340141296387, 0.5568718910217285, 0.5159888863563538]",-2.4066943599469606
0.8500000000000002,104.59001922607422,191.77003479003906,0.028689999133348465,-0.025390625,1.0,"[0.564382791519165, 0.0, 0.0, 0.9975385069847107]","[0.0, 0.0, -3.1957933970261365e-06, 0.00011933333735214546, -0.04375659301877022, 1.0, 0.016333334147930145, -3.1957933970261365e-06, 0.0, 0.0, 1.0172526572205243e-06, -0.016214000061154366, 0.0, 0.0]","[0.0, 0.0, 1.0, 0.5899035930633545, 0.0, 0.9011340141296387, 0.5568718910217285, 0.5159888863563538]",-2.7675897671070744
0.9000000000000002,104.59310150146484,191.7699737548828,0.19068999588489532,-0.027587890625,1.0,"[0.5750139355659485, 0.0, 0.16937582194805145, 0.7538151144981384]","[0.0, 0.0, -3.1957933970261365e-06, 0.00011933333735214546, -0.04375659301877022, 1.0, 0.016333334147930145, -3.1957933970261365e-06, 0.0, 0.0, 1.0172526572205243e-06, -0.016214000061154366, 0.0, 0.0]","[0.0, 0.0, 1.0, 0.5899035930633545, 0.0, 0.9011340141296387, 0.5568718910217285, 0.5159888863563538]",-3.1348121209859965
0.9500000000000003,104.61653900146484,191.76962280273438,0.6068500280380249,-0.028167724609375,1.0,"[0.6023242473602295, 0.0, 0.3763222098350525, 0.6935408711433411]","[0.0, 0.0, -3.1957933970261365e-06, 0.00011933333735214546, -0.04375659301877022, 1.0, 0.016333334147930145, -3.1957933970261365e-06, 0.0, 0.0, 1.0172526572205243e-06, -0.016214000061154366, 0.0, 0.0]","[0.0, 0.0, 1.0, 0.5899035930633545, 0.0, 0.9011340141296387, 0.5568718910217285, 0.5159888863563538]",-3.5028458206699282
1.0000000000000002,104.65650939941406,191.76901245117188,0.9177700281143188,-0.028350830078125,1.0,"[0.622728168964386, 0.0, 0.2803797721862793, 0.8395472168922424]","[0.0, 0.0, -3.1957933970261365e-06, 0.00011933333735214546, -0.04375659301877022, 1.0, 0.016333334147930145, -3.1957933970261365e-06, 0.0, 0.0, 1.0172526572205243e-06, -0.016214000061154366, 0.0, 0.0]","[0.0, 0.0, 1.0, 0.5899035930633545, 0.0, 0.9011340141296387, 0.5568718910217285, 0.5159888863563538]",-3.865412500716652
1.0500000000000003,104.71031951904297,191.76817321777344,1.1633399724960327,-0.028350830078125,1.0,"[0.6388435959815979, 0.0, 0.22335559129714966, 0.8886294960975647]","[0.0, 0.0, -3.1957933970261365e-06, 0.00011933333735214546, -0.04375659301877022, 1.0, 0.016333334147930145, -3.1957933970261365e-06, 0.0, 0.0, 1.0172526572205243e-06, -0.016214000061154366, 0.0, 0.0]","[0.0, 0.0, 1.0, 0.5899035930633545, 0.0, 0.9011340141296387, 0.5568718910217285, 0.5159888863563538]",-4.672608532134855
1.1000000000000003,104.7770767211914,191.76695251464844,1.438249945640564,-0.02838134765625,1.0,"[0.6568844318389893, 0.0, 0.2500329613685608, 0.9308708906173706]","[0.0, 0.0, -3.1957933970261365e-06, 0.00011933333735214546, -0.04375659301877022, 1.0, 0.016333334147930145, -3.1957933970261365e-06, 0.0, 0.0, 1.0172526572205243e-06, -0.016214000061154366, 0.0, 0.0]","[0.0, 0.0, 1.0, 0.5899035930633545, 0.0, 0.9011340141296387, 0.5568718910217285, 0.5159888863563538]",-5.075270477947327
1.1500000000000004,104.85546875,191.7655487060547,1.6318399906158447,-0.028900146484375,1.0,"[0.6695886850357056, 0.0, 0.17527471482753754, 0.8758100271224976]","[0.0, 0.0, -3.1957933970261365e-06, 0.00011933333735214546, -0.04375659301877022, 1.0, 0.016333334147930145, -3.1957933970261365e-06, 0.0, 0.0, 1.0172526572205243e-06, -0.016214000061154366, 0.0, 0.0]","[0.0, 0.0, 1.0, 0.5899035930633545, 0.0, 0.9011340141296387, 0.5568718910217285, 0.5159888863563538]",-5.499129246571213
1.2000000000000004,104.94245910644531,191.7638702392578,1.8157299757003784,-0.029571533203125,1.0,"[0.6816563606262207, 0.0, 0.17139077186584473, 0.9591192007064819]","[0.0, 0.0, -3.1957933970261365e-06, 0.00011933333735214546, -0.04375659301877022, 1.0, 0.016333334147930145, -3.1957933970261365e-06, 0.0, 0.0, 1.0172526572205243e-06, -0.016214000061154366, 0.0, 0.0]","[0.0, 0.0, 1.0, 0.5899035930633545, 0.0, 0.9011340141296387, 0.5568718910217285, 0.5159888863563538]",-5.928836945025747
1.2500000000000004,105.04200744628906,191.76171875,2.1174399852752686,-0.0303955078125,1.0,"[0.70145583152771, 0.0, 0.27512526512145996, 0.8238749504089355]","[0.0, 0.0, -3.1957933970261365e-06, 0.00011933333735214546, -0.04375659301877022, 1.0, 0.016333334147930145, -3.1957933970261365e-06, 0.0, 0.0, 1.0172526572205243e-06, -0.016214000061154366, 0.0, 0.0]","[0.0, 0.0, 1.0, 0.5899035930633545, 0.0, 0.9011340141296387, 0.5568718910217285, 0.5159888863563538]",-6.8569951380439615
1.3000000000000005,105.15611267089844,191.75909423828125,2.388590097427368,-0.031280517578125,1.0,"[0.719249963760376, 0.0, 0.2515168786048889, 0.9263143539428711]","[0.0, 0.0, -3.1957933970261365e-06, 0.00011933333735214546, -0.04375659301877022, 1.0, 0.016333334147930145, -3.1957933970261365e-06, 0.0, 0.0, 1.0172526572205243e-06, -0.016214000061154366, 0.0, 0.0]","[0.0, 0.0, 1.0, 0.5899035930633545, 0.0, 0.9011340141296387, 0.5568718910217285, 0.5159888863563538]",-7.3189648037556285
1.3500000000000005,105.28500366210938,191.75587463378906,2.701590061187744,-0.032135009765625,1.0,"[0.7397904396057129, 0.0, 0.28727731108665466, 0.913950502872467]","[0.0, 0.0, -3.1957933970261365e-06, 0.00011933333735214546, -0.04375659301877022, 1.0, 0.016333334147930145, -3.1957933970261365e-06, 0.0, 0.0, 1.0172526572205243e-06, -0.016214000061154366, 0.0, 0.0]","[0.0, 0.0, 1.0, 0.5899035930633545, 0.0, 0.9011340141296387, 0.5568718910217285, 0.5159888863563538]",-7.772987154199571
1.4000000000000006,105.43119049072266,191.751953125,3.069730043411255,-0.03277587890625,1.0,"[0.7639493942260742, 0.0, 0.34005358815193176, 0.8980028033256531]","[0.0, 0.0, -3.1957933970261365e-06, 0.00011933333735214546, -0.04375659301877022, 1.0, 0.016333334147930145, -3.1957933970261365e-06, 0.0, 0.0, 1.0172526572205243e-06, -0.016214000061154366, 0.0, 0.0]","[0.0, 0.0, 1.0, 0.5899035930633545, 0.0, 0.9011340141296387, 0.5568718910217285, 0.5159888863563538]",-8.209214679110783
1.4500000000000006,105.59700775146484,191.7471466064453,3.4636499881744385,-0.03338623046875,1.0,"[0.789800226688385, 0.0, 0.36461141705513, 0.9351739287376404]","[0.0, 0.0, -3.1957933970261365e-06, 0.00011933333735214546, -0.04375659301877022, 1.0, 0.016333334147930145, -3.1957933970261365e-06, 0.0, 0.0, 1.0172526572205243e-06, -0.016214000061154366, 0.0, 0.0]","[0.0, 0.0, 1.0, 0.5899035930633545, 0.0, 0.9011340141296387, 0.5568718910217285, 0.5159888863563538]",-9.272462275037434
1.5000000000000007,105.7816390991211,191.7414093017578,3.830470085144043,-0.03411865234375,1.0,"[0.8138725757598877, 0.0, 0.34152746200561523, 0.9331386089324951]","[0.0, 0.0, -3.1957933970261365e-06, 0.00011933333735214546, -0.04375659301877022, 1.0, 0.016333334147930145, -3.1957933970261365e-06, 0.0, 0.0, 1.0172526572205243e-06, -0.016214000061154366, 0.0, 0.0]","[0.0, 0.0, 1.0, 0.5899035930633545, 0.0, 0.9011340141296387, 0.5568718910217285, 0.5159888863563538]",-9.771247931251793
1.5500000000000007,105.98402404785156,191.73460388183594,4.183690071105957,-0.034393310546875,1.0,"[0.8370524644851685, 0.0, 0.33281758427619934, 0.948426365852356]","[0.0, 0.0, -3.1957933970261365e-06, 0.00011933333735214546, -0.04375659301877022, 1.0, 0.016333334147930145, -3.1957933970261365e-06, 0.0, 0.0, 1.0172526572205243e-06, -0.016214000061154366, 0.0, 0.0]","[0.0, 0.0, 1.0, 0.5899035930633545, 0.0, 0.9011340141296387, 0.5568718910217285, 0.5159888863563538]",-10.109024310896277
1.6000000000000008,106.20378875732422,191.7266387939453,4.532649993896484,-0.034393310546875,1.0,"[0.8599528074264526, 0.0, 0.32988879084587097, 0.9600459337234497]","[0.0, 0.0, -3.1957933970261365e-06, 0.00011933333735214546, -0.04375659301877022, 1.0, 0.016333334147930145, -3.1957933970261365e-06, 0.0, 0.0, 1.0172526572205243e-06, -0.016214000061154366, 0.0, 0.0]","[0.0, 0.0, 1.0, 0.5899035930633545, 0.0, 0.9011340141296387, 0.5568718910217285, 0.5159888863563538]",-10.720650685637949
1.6500000000000008,106.4408950805664,191.71742248535156,4.8819899559021,-0.034393310546875,1.0,"[0.8828780651092529, 0.0, 0.3319687843322754, 0.9629706144332886]","[0.0, 0.0, -3.1957933970261365e-06, 0.00011933333735214546, -0.04375659301877022, 1.0, 0.016333334147930145, -3.1957933970261365e-06, 0.0, 0.0, 1.0172526572205243e-06, -0.016214000061154366, 0.0, 0.0]","[0.0, 0.0, 1.0, 0.5899035930633545, 0.0, 0.9011340141296387, 0.5568718910217285, 0.5159888863563538]",-10.92417213603103
1.7000000000000008,106.69548797607422,191.70677185058594,5.2345499992370605,-0.034393310546875,1.0,"[0.9060145616531372, 0.0, 0.33662107586860657, 0.9593521356582642]","[0.0, 0.0, -3.1957933970261365e-06, 0.00011933333735214546, -0.04375659301877022, 1.0, 0.016333334147930145, -3.1957933970261365e-06, 0.0, 0.0, 1.0172526572205243e-06, -0.016214000061154366, 0.0, 0.0]","[0.0, 0.0, 1.0, 0.5899035930633545, 0.0, 0.9011340141296387, 0.5568718910217285, 0.5159888863563538]",-11.11164690202628
1.7500000000000009,106.96768188476562,191.69461059570312,5.586679935455322,-0.034393310546875,1.0,"[0.9291229248046875, 0.0, 0.3396756052970886, 0.9578350186347961]","[0.0, 0.0, -3.1957933970261365e-06, 0.00011933333735214546, -0.04375659301877022, 1.0, 0.016333334147930145, -3.1957933970261365e-06, 0.0, 0.0, 1.0172526572205243e-06, -0.016214000061154366, 0.0, 0.0]","[0.0, 0.0, 1.0, 0.5899035930633545, 0.0, 0.9011340141296387, 0.5568718910217285, 0.5159888863563538]",-11.289056623664576
1.800000000000001,107.25050354003906,191.68101501464844,5.676509857177734,-0.034393310546875,1.0,"[0.935018002986908, 0.0, 0.09625625610351562, 0.6711899638175964]","[0.0, 0.0, -3.1957933970261365e-06, 0.00011933333735214546, -0.04375659301877022, 1.0, 0.016333334147930145, -3.1957933970261365e-06, 0.0, 0.0, 1.0172526572205243e-06, -0.016214000061154366, 0.0, 0.0]","[0.0, 0.0, 1.0, 0.5899035930633545, 0.0, 0.9011340141296387, 0.5568718910217285, 0.5159888863563538]",-11.940178794566515
1.850000000000001,107.532958984375,191.6668701171875,5.672140121459961,-0.034393310546875,1.0,"[0.9347312450408936, 0.0, 0.018587514758110046, 0.8716587424278259]","[0.0, 0.0, -3.1957933970261365e-06, 0.00011933333735214546, -0.04375659301877022, 1.0, 0.016333334147930145, -3.1957933970261365e-06, 0.0, 0.0, 1.0172526572205243e-06, -0.016214000061154366, 0.0, 0.0]","[0.0, 0.0, 1.0, 0.5899035930633545, 0.0, 0.9011340141296387, 0.5568718910217285, 0.5159888863563538]",-12.146375196319884
1.900000000000001,107.81509399414062,191.65167236328125,5.669650077819824,-0.034393310546875,1.0,"[0.9345678091049194, 0.0, 0.02007780224084854, 0.9808682203292847]","[0.0, 0.0, -3.1957933970261365e-06, 0.00011933333735214546, -0.04375659301877022, 1.0, 0.016333334147930145, -3.1957933970261365e-06, 0.0, 0.0, 1.0172526572205243e-06, -0.016214000061154366, 0.0, 0.0]","[0.0, 0.0, 1.0, 0.5899035930633545, 0.0, 0.9011340141296387, 0.5568718910217285, 0.5159888863563538]",-12.378846519584435
1.950000000000001,108.10704803466797,191.6349334716797,6.092080116271973,-0.034515380859375,1.0,"[0.962289571762085, 0.0, 0.3330874443054199, 0.5011757612228394]","[0.0, 0.0, -3.1957933970261365e-06, 0.00011933333735214546, -0.04375659301877022, 1.0, 0.016333334147930145, -3.1957933970261365e-06, 0.0, 0.0, 1.0172526572205243e-06, -0.016214000061154366, 0.0, 0.0]","[0.0, 0.0, 1.0, 0.5899035930633545, 0.0, 0.9011340141296387, 0.5568718910217285, 0.5159888863563538]",-12.594565888915586
2.000000000000001,108.42729187011719,191.6153106689453,6.620299816131592,-0.034698486328125,1.0,"[0.9969537258148193, 0.0, 0.49810904264450073, 0.8366709351539612]","[0.0, 0.0, -3.1957933970261365e-06, 0.00011933333735214546, -0.04375659301877022, 1.0, 0.016333334147930145, -3.1957933970261365e-06, 0.0, 0.0, 1.0172526572205243e-06, -0.016214000061154366, 0.0, 0.0]","[0.0, 0.0, 1.0, 0.5899035930633545, 0.0, 0.9011340141296387, 0.5568718910217285, 0.5159888863563538]",-13.352884703375677
2.0500000000000007,108.77237701416016,191.593017578125,7.090750217437744,-0.034942626953125,1.0,"[0.9721732139587402, 0.0, 0.4557626247406006, 0.8901612758636475]","[0.0, 0.0, -3.1957933970261365e-06, 0.00011933333735214546, -0.04375659301877022, 1.0, 0.016333334147930145, -3.1957933970261365e-06, 0.0, 0.0, 1.0172526572205243e-06, -0.016214000061154366, 0.0, 0.0]","[0.0, 0.0, 1.0, 0.5899035930633545, 0.0, 0.9011340141296387, 0.5568718910217285, 0.5159888863563538]",-13.562105167468841
2.1000000000000005,109.13945770263672,191.56776428222656,7.5164899826049805,-0.035308837890625,1.0,"[0.9442342519760132, 0.0, 0.4149327278137207, 0.9066246151924133]","[0.0, 0.0, -3.1957933970261365e-06, 0.00011933333735214546, -0.04375659301877022, 1.0, 0.016333334147930145, -3.1957933970261365e-06, 0.0, 0.0, 1.0172526572205243e-06, -0.016214000061154366, 0.0, 0.0]","[0.0, 0.0, 1.0, 0.5899035930633545, 0.0, 0.9011340141296387, 0.5568718910217285, 0.5159888863563538]",-13.758119492509866
2.1500000000000004,109.52658081054688,191.5395050048828,7.909609794616699,-0.03570556640625,1.0,"[0.9184359908103943, 0.0, 0.3956558108329773, 0.9189065098762512]","[0.0, 0.0, -3.1957933970261365e-06, 0.00011933333735214546, -0.04375659301877022, 1.0, 0.016333334147930145, -3.1957933970261365e-06, 0.0, 0.0, 1.0172526572205243e-06, -0.016214000061154366, 0.0, 0.0]","[0.0, 0.0, 1.0, 0.5899035930633545, 0.0, 0.9011340141296387, 0.5568718910217285, 0.5159888863563538]",-13.945995872076038
2.2,109.9312744140625,191.508056640625,8.24662971496582,-0.035980224609375,1.0,"[0.8963192701339722, 0.0, 0.3416334092617035, 0.891492486000061]","[0.0, 0.0, -3.1957933970261365e-06, 0.00011933333735214546, -0.04375659301877022, 1.0, 0.016333334147930145, -3.1957933970261365e-06, 0.0, 0.0, 1.0172526572205243e-06, -0.016214000061154366, 0.0, 0.0]","[0.0, 0.0, 1.0, 0.5899035930633545, 0.0, 0.9011340141296387, 0.5568718910217285, 0.5159888863563538]",-14.642534318025332
2.25,110.35314178466797,191.473388671875,8.614910125732422,-0.0360107421875,1.0,"[0.8721510171890259, 0.0, 0.38017669320106506, 0.9200815558433533]","[0.0, 0.0, -3.1957933970261365e-06, 0.00011933333735214546, -0.04375659301877022, 1.0, 0.016333334147930145, -3.1957933970261365e-06, 0.0, 0.0, 1.0172526572205243e-06, -0.016214000061154366, 0.0, 0.0]","[0.0, 0.0, 1.0, 0.5899035930633545, 0.0, 0.9011340141296387, 0.5568718910217285, 0.5159888863563538]",-14.583052379485093
2.3,110.79444885253906,191.4347686767578,9.025320053100586,-0.0360107421875,1.0,"[0.8452181220054626, 0.0, 0.4167648255825043, 0.9106135964393616]","[0.0, 0.0, -3.1957933970261365e-06, 0.00011933333735214546, -0.04375659301877022, 1.0, 0.016333334147930145, -3.1957933970261365e-06, 0.0, 0.0, 1.0172526572205243e-06, -0.016214000061154366, 0.0, 0.0]","[0.0, 0.0, 1.0, 0.5899035930633545, 0.0, 0.9011340141296387, 0.5568718910217285, 0.5159888863563538]",-14.54111866050442
2.3499999999999996,111.24910736083984,191.3927459716797,9.08843994140625,-0.0360107421875,1.0,"[0.8410758972167969, 0.0, 0.11392878741025925, 0.6022875308990479]","[0.0, 0.0, -3.1957933970261365e-06, 0.00011933333735214546, -0.04375659301877022, 1.0, 0.016333334147930145, -3.1957933970261365e-06, 0.0, 0.0, 1.0172526572205243e-06, -0.016214000061154366, 0.0, 0.0]","[0.0, 0.0, 1.0, 0.5899035930633545, 0.0, 0.9011340141296387, 0.5568718910217285, 0.5159888863563538]",-14.49681143416297
2.3999999999999995,111.7032699584961,191.34849548339844,9.173469543457031,-0.0360107421875,1.0,"[0.8354958891868591, 0.0, 0.12812922894954681, 0.9575177431106567]","[0.0, 0.0, -3.1957933970261365e-06, 0.00011933333735214546, -0.04375659301877022, 1.0, 0.016333334147930145, -3.1957933970261365e-06, 0.0, 0.0, 1.0172526572205243e-06, -0.016214000061154366, 0.0, 0.0]","[0.0, 0.0, 1.0, 0.5899035930633545, 0.0, 0.9011340141296387, 0.5568718910217285, 0.5159888863563538]",-14.830159664627978
2.4499999999999993,112.15933990478516,191.3016357421875,9.36301040649414,-0.03594970703125,1.0,"[0.8230573534965515, 0.0, 0.2295287847518921, 0.8464101552963257]","[0.0, 0.0, -3.1957933970261365e-06, 0.00011933333735214546, -0.04375659301877022, 1.0, 0.016333334147930145, -3.1957933970261365e-06, 0.0, 0.0, 1.0172526572205243e-06, -0.016214000061154366, 0.0, 0.0]","[0.0, 0.0, 1.0, 0.5899035930633545, 0.0, 0.9011340141296387, 0.5568718910217285, 0.5159888863563538]",-14.741429815232964
2.499999999999999,112.64180755615234,191.24905395507812,9.907329559326172,-0.03533935546875,1.0,"[0.7873367071151733, 0.0, 0.5494281053543091, 0.5751109719276428]","[0.0, 0.0, -3.1957933970261365e-06, 0.00011933333735214546, -0.04375659301877022, 1.0, 0.016333334147930145, -3.1957933970261365e-06, 0.0, 0.0, 1.0172526572205243e-06, -0.016214000061154366, 0.0, 0.0]","[0.0, 0.0, 1.0, 0.5899035930633545, 0.0, 0.9011340141296387, 0.5568718910217285, 0.5159888863563538]",-14.6127242004727
2.549999999999999,113.14810943603516,191.19102478027344,10.355779647827148,-0.032928466796875,1.0,"[0.7579073905944824, 0.0, 0.46079644560813904, 0.8522012829780579]","[0.0, 0.0, -3.1957933970261365e-06, 0.00011933333735214546, -0.04375659301877022, 1.0, 0.016333334147930145, -3.1957933970261365e-06, 0.0, 0.0, 1.0172526572205243e-06, -0.016214000061154366, 0.0, 0.0]","[0.0, 0.0, 1.0, 0.5899035930633545, 0.0, 0.9011340141296387, 0.5568718910217285, 0.5159888863563538]",-14.451316835424882
2.5999999999999988,113.67435455322266,191.1280975341797,10.740830421447754,-0.02935791015625,0.9453125,"[0.7326385974884033, 0.1876000016927719, 0.39997053146362305, 0.8897485136985779]","[0.0, 0.0, -3.1957933970261365e-06, 0.00011933333735214546, -0.04375659301877022, 1.0, 0.016333334147930145, -3.1957933970261365e-06, 0.0, 0.0, 1.0172526572205243e-06, -0.016214000061154366, 0.0, 0.0]","[0.0, 0.0, 1.0, 0.5899035930633545, 0.0, 0.9011340141296387, 0.5568718910217285, 0.5159888863563538]",-14.55866179450358
2.6499999999999986,114.21747589111328,191.0608367919922,11.06760025024414,-0.023712158203125,0.8125,"[0.7111945152282715, 0.6668999791145325, 0.3385213017463684, 0.8944151997566223]","[0.0, 0.0, -3.1957933970261365e-06, 0.00011933333735214546, -0.04375659301877022, 1.0, 0.016333334147930145, -3.1957933970261365e-06, 0.0, 0.0, 1.0172526572205243e-06, -0.016214000061154366, 0.0, 0.0]","[0.0, 0.0, 1.0, 0.5899035930633545, 0.0, 0.9011340141296387, 0.5568718910217285, 0.5159888863563538]",-14.278898225997953
2.6999999999999984,114.77456665039062,190.9900665283203,11.333720207214355,-0.01617431640625,0.703125,"[0.6937305927276611, 1.0, 0.270088791847229, 0.8897625207901001]","[0.0, 0.0, -3.1957933970261365e-06, 0.00011933333735214546, -0.04375659301877022, 1.0, 0.016333334147930145, -3.1957933970261365e-06, 0.0, 0.0, 1.0172526572205243e-06, -0.016214000061154366, 0.0, 0.0]","[0.0, 0.0, 1.0, 0.5899035930633545, 0.0, 0.9011340141296387, 0.5568718910217285, 0.5159888863563538]",-13.959371040563282
2.7499999999999982,115.34278106689453,190.9173583984375,11.540220260620117,-0.003204345703125,0.58203125,"[0.6801791191101074, 1.0, 0.18903779983520508, 0.8896088600158691]","[0.0, 0.0, -3.1957933970261365e-06, 0.00011933333735214546, -0.04375659301877022, 1.0, 0.016333334147930145, -3.1957933970261365e-06, 0.0, 0.0, 1.0172526572205243e-06, -0.016214000061154366, 0.0, 0.0]","[0.0, 0.0, 1.0, 0.5899035930633545, 0.0, 0.9011340141296387, 0.5568718910217285, 0.5159888863563538]",-13.606739942386998
2.799999999999998,115.91947937011719,190.84495544433594,11.688899993896484,0.01727294921875,0.4960174560546875,"[0.6704220771789551, 1.0, 0.1768808811903, 0.8856046199798584]","[0.0, 0.0, -3.1957933970261365e-06, 0.00011933333735214546, -0.04375659301877022, 1.0, 0.016333334147930145, -3.1957933970261365e-06, 0.0, 0.0, 1.0172526572205243e-06, -0.016214000061154366, 0.0, 0.0]","[0.0, 0.0, 1.0, 0.5899035930633545, 0.0, 0.9011340141296387, 0.5568718910217285, 0.5159888863563538]",-13.413962009142308
2.849999999999998,116.502197265625,190.77566528320312,11.781370162963867,0.041534423828125,0.3531646728515625,"[0.6643537282943726, 1.0, 0.18460306525230408, 0.8887268900871277]","[0.0, 0.0, -3.1957933970261365e-06, 0.00011933333735214546, -0.04375659301877022, 1.0, 0.016333334147930145, -3.1957933970261365e-06, 0.0, 0.0, 1.0172526572205243e-06, -0.016214000061154366, 0.0, 0.0]","[0.0, 0.0, 1.0, 0.5899035930633545, 0.0, 0.9011340141296387, 0.5568718910217285, 0.5159888863563538]",-13.018351314644645
2.8999999999999977,117.08836364746094,190.71206665039062,11.81797981262207,0.065460205078125,0.265869140625,"[0.6619513034820557, 1.0, 0.18935297429561615, 0.897572934627533]","[0.0, 0.0, -3.1957933970261365e-06, 0.00011933333735214546, -0.04375659301877022, 1.0, 0.016333334147930145, -3.1957933970261365e-06, 0.0, 0.0, 1.0172526572205243e-06, -0.016214000061154366, 0.0, 0.0]","[0.0, 0.0, 1.0, 0.5899035930633545, 0.0, 0.9011340141296387, 0.5568718910217285, 0.5159888863563538]",-12.612827038687255
2.9499999999999975,117.67565155029297,190.6564483642578,11.808380126953125,0.084930419921875,0.20000000298023224,"[0.6625812649726868, 1.0, 0.20075523853302002, 0.9185917973518372]","[0.0, 0.0, -3.1957933970261365e-06, 0.00011933333735214546, -0.04375659301877022, 1.0, 0.016333334147930145, -3.1957933970261365e-06, 0.0, 0.0, 1.0172526572205243e-06, -0.016214000061154366, 0.0, 0.0]","[0.0, 0.0, 1.0, 0.5899035930633545, 0.0, 0.9011340141296387, 0.5568718910217285, 0.5159888863563538]",-12.20800998925043
2.9999999999999973,118.2621078491211,190.6103515625,11.76410961151123,0.09942626953125,0.20000000298023224,"[0.6654864549636841, 1.0, 0.26219338178634644, 0.9309181571006775]","[0.0, 0.0, -3.1957933970261365e-06, 0.00011933333735214546, -0.04375659301877022, 1.0, 0.016333334147930145, -3.1957933970261365e-06, 0.0, 0.0, 1.0172526572205243e-06, -0.016214000061154366, 0.0, 0.0]","[0.0, 0.0, 1.0, 0.5899035930633545, 0.0, 0.9011340141296387, 0.5568718910217285, 0.5159888863563538]",-12.006093114561658
3.049999999999997,118.84644317626953,190.57505798339844,11.70160961151123,0.11090087890625,0.20000000298023224,"[0.6695879697799683, 1.0, 0.29446372389793396, 0.9566609263420105]","[0.0, 0.0, -3.1957933970261365e-06, 0.00011933333735214546, -0.04375659301877022, 1.0, 0.016333334147930145, -3.1957933970261365e-06, 0.0, 0.0, 1.0172526572205243e-06, -0.016214000061154366, 0.0, 0.0]","[0.0, 0.0, 1.0, 0.5899035930633545, 0.0, 0.9011340141296387, 0.5568718910217285, 0.5159888863563538]",-11.642785856339179
3.099999999999997,119.42767333984375,190.5513458251953,11.621569633483887,0.12066650390625,0.20000000298023224,"[0.6748405694961548, 1.0, 0.3258993327617645, 0.9458408355712891]","[0.0, 0.0, -3.1957933970261365e-06, 0.00011933333735214546, -0.04375659301877022, 1.0, 0.016333334147930145, -3.1957933970261365e-06, 0.0, 0.0, 1.0172526572205243e-06, -0.016214000061154366, 0.0, 0.0]","[0.0, 0.0, 1.0, 0.5899035930633545, 0.0, 0.9011340141296387, 0.5568718910217285, 0.5159888863563538]",-11.292191740904975
3.149999999999997,120.00519561767578,190.54063415527344,11.53855037689209,0.130645751953125,0.20000000298023224,"[0.6802886724472046, 1.0, 0.3529212772846222, 0.9621858596801758]","[0.0, 0.0, -3.1957933970261365e-06, 0.00011933333735214546, -0.04375659301877022, 1.0, 0.016333334147930145, -3.1957933970261365e-06, 0.0, 0.0, 1.0172526572205243e-06, -0.016214000061154366, 0.0, 0.0]","[0.0, 0.0, 1.0, 0.5899035930633545, 0.0, 0.9011340141296387, 0.5568718910217285, 0.5159888863563538]",-10.952685657691218
3.1999999999999966,120.57833862304688,190.5441436767578,11.444709777832031,0.141693115234375,0.20000000298023224,"[0.6864469051361084, 1.0, 0.3849661648273468, 0.9449548721313477]","[0.0, 0.0, -3.1957933970261365e-06, 0.00011933333735214546, -0.04375659301877022, 1.0, 0.016333334147930145, -3.1957933970261365e-06, 0.0, 0.0, 1.0172526572205243e-06, -0.016214000061154366, 0.0, 0.0]","[0.0, 0.0, 1.0, 0.5899035930633545, 0.0, 0.9011340141296387, 0.5568718910217285, 0.5159888863563538]",-10.831037239458583
3.2499999999999964,121.14639282226562,190.5635528564453,11.34928035736084,0.158050537109375,0.20000000298023224,"[0.6927094459533691, 1.0, 0.42108964920043945, 0.9508644938468933]","[0.0, 0.0, -3.1957933970261365e-06, 0.00011933333735214546, -0.04375659301877022, 1.0, 0.016333334147930145, -3.1957933970261365e-06, 0.0, 0.0, 1.0172526572205243e-06, -0.016214000061154366, 0.0, 0.0]","[0.0, 0.0, 1.0, 0.5899035930633545, 0.0, 0.9011340141296387, 0.5568718910217285, 0.5159888863563538]",-10.493267366796447
3.2999999999999963,121.70843505859375,190.60023498535156,11.24275016784668,0.176055908203125,0.20000000298023224,"[0.6997004151344299, 1.0, 0.45961976051330566, 0.9344044327735901]","[0.0, 0.0, -3.1957933970261365e-06, 0.00011933333735214546, -0.04375659301877022, 1.0, 0.016333334147930145, -3.1957933970261365e-06, 0.0, 0.0, 1.0172526572205243e-06, -0.016214000061154366, 0.0, 0.0]","[0.0, 0.0, 1.0, 0.5899035930633545, 0.0, 0.9011340141296387, 0.5568718910217285, 0.5159888863563538]",-10.153066843605236
3.349999999999996,122.26354217529297,190.6554718017578,11.137649536132812,0.19171142578125,0.20000000298023224,"[0.7065975666046143, 1.0, 0.4842821955680847, 0.9586313962936401]","[0.0, 0.0, -3.1957933970261365e-06, 0.00011933333735214546, -0.04375659301877022, 1.0, 0.016333334147930145, -3.1957933970261365e-06, 0.0, 0.0, 1.0172526572205243e-06, -0.016214000061154366, 0.0, 0.0]","[0.0, 0.0, 1.0, 0.5899035930633545, 0.0, 0.9011340141296387, 0.5568718910217285, 0.5159888863563538]",-9.820329817720289
3.399999999999996,122.8108139038086,190.72979736328125,11.025050163269043,0.2041015625,0.20000000298023224,"[0.713986873626709, 1.0, 0.5044105648994446, 0.9463944435119629]","[0.0, 0.0, -3.1957933970261365e-06, 0.00011933333735214546, -0.04375659301877022, 1.0, 0.016333334147930145, -3.1957933970261365e-06, 0.0, 0.0, 1.0172526572205243e-06, -0.016214000061154366, 0.0, 0.0]","[0.0, 0.0, 1.0, 0.5899035930633545, 0.0, 0.9011340141296387, 0.5568718910217285, 0.5159888863563538]",-9.698553918060703
3.4499999999999957,123.34934997558594,190.8240203857422,10.91707992553711,0.214874267578125,0.20000000298023224,"[0.7210723161697388, 1.0, 0.518027663230896, 0.9654170274734497]","[0.0, 0.0, -3.1957933970261365e-06, 0.00011933333735214546, -0.04375659301877022, 1.0, 0.016333334147930145, -3.1957933970261365e-06, 0.0, 0.0, 1.0172526572205243e-06, -0.016214000061154366, 0.0, 0.0]","[0.0, 0.0, 1.0, 0.5899035930633545, 0.0, 0.9011340141296387, 0.5568718910217285, 0.5159888863563538]",-9.377054049128812
3.4999999999999956,123.878173828125,190.93820190429688,10.802040100097656,0.22430419921875,0.20000000298023224,"[0.728621780872345, 1.0, 0.5325024127960205, 0.9477603435516357]","[0.0, 0.0, -3.1957933970261365e-06, 0.00011933333735214546, -0.04375659301877022, 1.0, 0.016333334147930145, -3.1957933970261365e-06, 0.0, 0.0, 1.0172526572205243e-06, -0.016214000061154366, 0.0, 0.0]","[0.0, 0.0, 1.0, 0.5899035930633545, 0.0, 0.9011340141296387, 0.5568718910217285, 0.5159888863563538]",-9.067880421255408
3.5499999999999954,124.39633178710938,191.07275390625,10.693260192871094,0.2320556640625,0.20000000298023224,"[0.7357604503631592, 1.0, 0.5397160053253174, 0.966350793838501]","[0.0, 0.0, -3.1957933970261365e-06, 0.00011933333735214546, -0.04375659301877022, 1.0, 0.016333334147930145, -3.1957933970261365e-06, 0.0, 0.0, 1.0172526572205243e-06, -0.016214000061154366, 0.0, 0.0]","[0.0, 0.0, 1.0, 0.5899035930633545, 0.0, 0.9011340141296387, 0.5568718910217285, 0.5159888863563538]",-8.769160106562214
3.599999999999995,124.90287017822266,191.2273712158203,10.578009605407715,0.239013671875,0.20000000298023224,"[0.7433236837387085, 1.0, 0.5483200550079346, 0.9483194947242737]","[0.0, 0.0, -3.1957933970261365e-06, 0.00011933333735214546, -0.04375659301877022, 1.0, 0.016333334147930145, -3.1957933970261365e-06, 0.0, 0.0, 1.0172526572205243e-06, -0.016214000061154366, 0.0, 0.0]","[0.0, 0.0, 1.0, 0.5899035930633545, 0.0, 0.9011340141296387, 0.5568718910217285, 0.5159888863563538]",-8.727786496361471
3.649999999999995,125.39681243896484,191.4022216796875,10.469380378723145,0.2452392578125,0.20000000298023224,"[0.7504523992538452, 1.0, 0.5524092316627502, 0.9652527570724487]","[0.0, 0.0, -3.1957933970261365e-06, 0.00011933333735214546, -0.04375659301877022, 1.0, 0.016333334147930145, -3.1957933970261365e-06, 0.0, 0.0, 1.0172526572205243e-06, -0.016214000061154366, 0.0, 0.0]","[0.0, 0.0, 1.0, 0.5899035930633545, 0.0, 0.9011340141296387, 0.5568718910217285, 0.5159888863563538]",-8.452537966059829
3.699999999999995,125.8771743774414,191.59671020507812,10.354330062866211,0.252044677734375,0.20000000298023224,"[0.758002519607544, 1.0, 0.5592663884162903, 0.9472286701202393]","[0.0, 0.0, -3.1957933970261365e-06, 0.00011933333735214546, -0.04375659301877022, 1.0, 0.016333334147930145, -3.1957933970261365e-06, 0.0, 0.0, 1.0172526572205243e-06, -0.016214000061154366, 0.0, 0.0]","[0.0, 0.0, 1.0, 0.5899035930633545, 0.0, 0.9011340141296387, 0.5568718910217285, 0.5159888863563538]",-8.181799843465113
3.7499999999999947,126.34294891357422,191.81076049804688,10.245160102844238,0.258697509765625,0.20000000298023224,"[0.7651667594909668, 1.0, 0.5636988878250122, 0.9630084037780762]","[0.0, 0.0, -3.1957933970261365e-06, 0.00011933333735214546, -0.04375659301877022, 1.0, 0.016333334147930145, -3.1957933970261365e-06, 0.0, 0.0, 1.0172526572205243e-06, -0.016214000061154366, 0.0, 0.0]","[0.0, 0.0, 1.0, 0.5899035930633545, 0.0, 0.9011340141296387, 0.5568718910217285, 0.5159888863563538]",-7.918559458145342
3.7999999999999945,126.79325103759766,192.04351806640625,10.13113021850586,0.26422119140625,0.20000000298023224,"[0.772649884223938, 1.0, 0.5646979808807373, 0.9471772909164429]","[0.0, 0.0, -3.1957933970261365e-06, 0.00011933333735214546, -0.04375659301877022, 1.0, 0.016333334147930145, -3.1957933970261365e-06, 0.0, 0.0, 1.0172526572205243e-06, -0.016214000061154366, 0.0, 0.0]","[0.0, 0.0, 1.0, 0.5899035930633545, 0.0, 0.9011340141296387, 0.5568718910217285, 0.5159888863563538]",-7.934794569868304
3.8499999999999943,127.22721099853516,192.29457092285156,10.023690223693848,0.268218994140625,0.20000000298023224,"[0.7797005772590637, 1.0, 0.563267707824707, 0.9624183177947998]","[0.0, 0.0, -3.1957933970261365e-06, 0.00011933333735214546, -0.04375659301877022, 1.0, 0.016333334147930145, -3.1957933970261365e-06, 0.0, 0.0, 1.0172526572205243e-06, -0.016214000061154366, 0.0, 0.0]","[0.0, 0.0, 1.0, 0.5899035930633545, 0.0, 0.9011340141296387, 0.5568718910217285, 0.5159888863563538]",-7.703622214970144
3.899999999999994,127.64433288574219,192.5626678466797,9.91530990600586,0.2698974609375,0.23016357421875,"[0.7868130207061768, 1.0, 0.554036557674408, 0.9501569271087646]","[0.0, 0.0, -3.1957933970261365e-06, 0.00011933333735214546, -0.04375659301877022, 1.0, 0.016333334147930145, -3.1957933970261365e-06, 0.0, 0.0, 1.0172526572205243e-06, -0.016214000061154366, 0.0, 0.0]","[0.0, 0.0, 1.0, 0.5899035930633545, 0.0, 0.9011340141296387, 0.5568718910217285, 0.5159888863563538]",-7.487634181725454
3.949999999999994,128.0441436767578,192.8473358154297,9.819430351257324,0.2698974609375,0.28173828125,"[0.7931050062179565, 1.0, 0.5419881343841553, 0.964420735836029]","[0.0, 0.0, -3.1957933970261365e-06, 0.00011933333735214546, -0.04375659301877022, 1.0, 0.016333334147930145, -3.1957933970261365e-06, 0.0, 0.0, 1.0172526572205243e-06, -0.016214000061154366, 0.0, 0.0]","[0.0, 0.0, 1.0, 0.5899035930633545, 0.0, 0.9011340141296387, 0.5568718910217285, 0.5159888863563538]",-7.292522098581868
3.999999999999994,128.42666625976562,193.14749145507812,9.732080459594727,0.269500732421875,0.3650665283203125,"[0.7988373041152954, 1.0, 0.5234917998313904, 0.9584970474243164]","[0.0, 0.0, -3.1957933970261365e-06, 0.00011933333735214546, -0.04375659301877022, 1.0, 0.016333334147930145, -3.1957933970261365e-06, 0.0, 0.0, 1.0172526572205243e-06, -0.016214000061154366, 0.0, 0.0]","[0.0, 0.0, 1.0, 0.5899035930633545, 0.0, 0.9011340141296387, 0.5568718910217285, 0.5159888863563538]",-7.402504430241054
4.049999999999994,128.79188537597656,193.4628448486328,9.665749549865723,0.26788330078125,0.432525634765625,"[0.8031902313232422, 1.0, 0.5024707913398743, 0.9688370823860168]","[0.0, 0.0, -3.1957933970261365e-06, 0.00011933333735214546, -0.04375659301877022, 1.0, 0.016333334147930145, -3.1957933970261365e-06, 0.0, 0.0, 1.0172526572205243e-06, -0.016214000061154366, 0.0, 0.0]","[0.0, 0.0, 1.0, 0.5899035930633545, 0.0, 0.9011340141296387, 0.5568718910217285, 0.5159888863563538]",-7.230161145500736
4.099999999999993,129.14036560058594,193.7926483154297,9.616419792175293,0.2640380859375,0.4682464599609375,"[0.8064274787902832, 1.0, 0.4733542799949646, 0.9638680219650269]","[0.0, 0.0, -3.1957933970261365e-06, 0.00011933333735214546, -0.04375659301877022, 1.0, 0.016333334147930145, -3.1957933970261365e-06, 0.0, 0.0, 1.0172526572205243e-06, -0.016214000061154366, 0.0, 0.0]","[0.0, 0.0, 1.0, 0.5899035930633545, 0.0, 0.9011340141296387, 0.5568718910217285, 0.5159888863563538]",-7.071512060335886
4.149999999999993,129.47235107421875,194.13653564453125,9.58650016784668,0.258636474609375,0.4920501708984375,"[0.8083909749984741, 1.0, 0.448213666677475, 0.9688024520874023]","[0.0, 0.0, -3.1957933970261365e-06, 0.00011933333735214546, -0.04375659301877022, 1.0, 0.016333334147930145, -3.1957933970261365e-06, 0.0, 0.0, 1.0172526572205243e-06, -0.016214000061154366, 0.0, 0.0]","[0.0, 0.0, 1.0, 0.5899035930633545, 0.0, 0.9011340141296387, 0.5568718910217285, 0.5159888863563538]",-6.918607833571543
4.199999999999993,129.78846740722656,194.49378967285156,9.570500373840332,0.251861572265625,0.5,"[0.8094409108161926, 1.0, 0.42034152150154114, 0.9700044989585876]","[0.0, 0.0, -3.1957933970261365e-06, 0.00011933333735214546, -0.04375659301877022, 1.0, 0.016333334147930145, -3.1957933970261365e-06, 0.0, 0.0, 1.0172526572205243e-06, -0.016214000061154366, 0.0, 0.0]","[0.0, 0.0, 1.0, 0.5899035930633545, 0.0, 0.9011340141296387, 0.5568718910217285, 0.5159888863563538]",-7.1101799097131515
4.249999999999993,130.0888214111328,194.8639678955078,9.566410064697266,0.245513916015625,0.5078125,"[0.809709370136261, 1.0, 0.40154415369033813, 0.9737904071807861]","[0.0, 0.0, -3.1957933970261365e-06, 0.00011933333735214546, -0.04375659301877022, 1.0, 0.016333334147930145, -3.1957933970261365e-06, 0.0, 0.0, 1.0172526572205243e-06, -0.016214000061154366, 0.0, 0.0]","[0.0, 0.0, 1.0, 0.5899035930633545, 0.0, 0.9011340141296387, 0.5568718910217285, 0.5159888863563538]",-6.983029765707022
4.299999999999993,130.37384033203125,195.24624633789062,9.571769714355469,0.23907470703125,0.52734375,"[0.8093576431274414, 1.0, 0.3805054724216461, 0.9758827686309814]","[0.0, 0.0, -3.1957933970261365e-06, 0.00011933333735214546, -0.04375659301877022, 1.0, 0.016333334147930145, -3.1957933970261365e-06, 0.0, 0.0, 1.0172526572205243e-06, -0.016214000061154366, 0.0, 0.0]","[0.0, 0.0, 1.0, 0.5899035930633545, 0.0, 0.9011340141296387, 0.5568718910217285, 0.5159888863563538]",-6.860176617773527
4.3499999999999925,130.6435089111328,195.64027404785156,9.58668041229248,0.2330322265625,0.55078125,"[0.8083791136741638, 1.0, 0.36348772048950195, 0.9745385050773621]","[0.0, 0.0, -3.1957933970261365e-06, 0.00011933333735214546, -0.04375659301877022, 1.0, 0.016333334147930145, -3.1957933970261365e-06, 0.0, 0.0, 1.0172526572205243e-06, -0.016214000061154366, 0.0, 0.0]","[0.0, 0.0, 1.0, 0.5899035930633545, 0.0, 0.9011340141296387, 0.5568718910217285, 0.5159888863563538]",-6.752166548379067
4.399999999999992,130.89817810058594,196.04542541503906,9.610650062561035,0.2279052734375,0.5625,"[0.8068061470985413, 1.0, 0.3654870092868805, 0.9778209924697876]","[0.0, 0.0, -3.1957933970261365e-06, 0.00011933333735214546, -0.04375659301877022, 1.0, 0.016333334147930145, -3.1957933970261365e-06, 0.0, 0.0, 1.0172526572205243e-06, -0.016214000061154366, 0.0, 0.0]","[0.0, 0.0, 1.0, 0.5899035930633545, 0.0, 0.9011340141296387, 0.5568718910217285, 0.5159888863563538]",-7.052099137188021
4.449999999999992,131.13778686523438,196.46142578125,9.64225959777832,0.22247314453125,0.57421875,"[0.8047317862510681, 1.0, 0.3665151298046112, 0.9742921590805054]","[0.0, 0.0, -3.1957933970261365e-06, 0.00011933333735214546, -0.04375659301877022, 1.0, 0.016333334147930145, -3.1957933970261365e-06, 0.0, 0.0, 1.0172526572205243e-06, -0.016214000061154366, 0.0, 0.0]","[0.0, 0.0, 1.0, 0.5899035930633545, 0.0, 0.9011340141296387, 0.5568718910217285, 0.5159888863563538]",-6.979283954326091
4.499999999999992,131.36233520507812,196.88772583007812,9.678919792175293,0.21783447265625,0.5859375,"[0.802325963973999, 1.0, 0.3730461597442627, 0.9775293469429016]","[0.0, 0.0, -3.1957933970261365e-06, 0.00011933333735214546, -0.04375659301877022, 1.0, 0.016333334147930145, -3.1957933970261365e-06, 0.0, 0.0, 1.0172526572205243e-06, -0.016214000061154366, 0.0, 0.0]","[0.0, 0.0, 1.0, 0.5899035930633545, 0.0, 0.9011340141296387, 0.5568718910217285, 0.5159888863563538]",-6.920538178657952
4.549999999999992,131.57212829589844,197.32388305664062,9.724100112915039,0.210479736328125,0.58984375,"[0.7993610501289368, 1.0, 0.36099693179130554, 0.9585931301116943]","[0.0, 0.0, -3.1957933970261365e-06, 0.00011933333735214546, -0.04375659301877022, 1.0, 0.016333334147930145, -3.1957933970261365e-06, 0.0, 0.0, 1.0172526572205243e-06, -0.016214000061154366, 0.0, 0.0]","[0.0, 0.0, 1.0, 0.5899035930633545, 0.0, 0.9011340141296387, 0.5568718910217285, 0.5159888863563538]",-6.876477261149143
4.599999999999992,131.76805114746094,197.769287109375,9.776860237121582,0.199066162109375,0.59375,"[0.7958986759185791, 1.0, 0.35363954305648804, 0.9700948596000671]","[0.0, 0.0, -3.1957933970261365e-06, 0.00011933333735214546, -0.04375659301877022, 1.0, 0.016333334147930145, -3.1957933970261365e-06, 0.0, 0.0, 1.0172526572205243e-06, -0.016214000061154366, 0.0, 0.0]","[0.0, 0.0, 1.0, 0.5899035930633545, 0.0, 0.9011340141296387, 0.5568718910217285, 0.5159888863563538]",-7.336457812716883
4.6499999999999915,131.95069885253906,198.22349548339844,9.83743953704834,0.18206787109375,0.6015625,"[0.7919231653213501, 1.0, 0.3387160301208496, 0.9517051577568054]","[0.0, 0.0, -3.1957933970261365e-06, 0.00011933333735214546, -0.04375659301877022, 1.0, 0.016333334147930145, -3.1957933970261365e-06, 0.0, 0.0, 1.0172526572205243e-06, -0.016214000061154366, 0.0, 0.0]","[0.0, 0.0, 1.0, 0.5899035930633545, 0.0, 0.9011340141296387, 0.5568718910217285, 0.5159888863563538]",-7.3488970051791895
4.699999999999991,132.12168884277344,198.68585205078125,9.904939651489258,0.159881591796875,0.60546875,"[0.7874935269355774, 1.0, 0.3147340416908264, 0.9545317888259888]","[0.0, 0.0, -3.1957933970261365e-06, 0.00011933333735214546, -0.04375659301877022, 1.0, 0.016333334147930145, -3.1957933970261365e-06, 0.0, 0.0, 1.0172526572205243e-06, -0.016214000061154366, 0.0, 0.0]","[0.0, 0.0, 1.0, 0.5899035930633545, 0.0, 0.9011340141296387, 0.5568718910217285, 0.5159888863563538]",-7.353932958145336
4.749999999999991,132.28224182128906,199.15591430664062,9.979379653930664,0.135467529296875,0.60546875,"[0.7826084494590759, 1.0, 0.2900303304195404, 0.9363825917243958]","[0.0, 0.0, -3.1957933970261365e-06, 0.00011933333735214546, -0.04375659301877022, 1.0, 0.016333334147930145, -3.1957933970261365e-06, 0.0, 0.0, 1.0172526572205243e-06, -0.016214000061154366, 0.0, 0.0]","[0.0, 0.0, 1.0, 0.5899035930633545, 0.0, 0.9011340141296387, 0.5568718910217285, 0.5159888863563538]",-7.3530499681610255
4.799999999999991,132.43426513671875,199.6329803466797,10.05601978302002,0.109466552734375,0.60546875,"[0.7775789499282837, 1.0, 0.25758635997772217, 0.9497418999671936]","[0.0, 0.0, -3.1957933970261365e-06, 0.00011933333735214546, -0.04375659301877022, 1.0, 0.016333334147930145, -3.1957933970261365e-06, 0.0, 0.0, 1.0172526572205243e-06, -0.016214000061154366, 0.0, 0.0]","[0.0, 0.0, 1.0, 0.5899035930633545, 0.0, 0.9011340141296387, 0.5568718910217285, 0.5159888863563538]",-7.91620598144063
4.849999999999991,132.5791778564453,200.11659240722656,10.137089729309082,0.0838623046875,0.60546875,"[0.7722587585449219, 1.0, 0.22814726829528809, 0.9317317605018616]","[0.0, 0.0, -3.1957933970261365e-06, 0.00011933333735214546, -0.04375659301877022, 1.0, 0.016333334147930145, -3.1957933970261365e-06, 0.0, 0.0, 1.0172526572205243e-06, -0.016214000061154366, 0.0, 0.0]","[0.0, 0.0, 1.0, 0.5899035930633545, 0.0, 0.9011340141296387, 0.5568718910217285, 0.5159888863563538]",-8.026778130291058
4.899999999999991,132.71835327148438,200.60617065429688,10.216329574584961,0.066680908203125,0.60546875,"[0.7670587301254272, 1.0, 0.2088843733072281, 0.9690847396850586]","[0.0, 0.0, -3.1957933970261365e-06, 0.00011933333735214546, -0.04375659301877022, 1.0, 0.016333334147930145, -3.1957933970261365e-06, 0.0, 0.0, 1.0172526572205243e-06, -0.016214000061154366, 0.0, 0.0]","[0.0, 0.0, 1.0, 0.5899035930633545, 0.0, 0.9011340141296387, 0.5568718910217285, 0.5159888863563538]",-8.147192136481483
4.94999999999999,132.8519287109375,201.1015167236328,10.295550346374512,0.058837890625,0.578125,"[0.7618598937988281, 1.0, 0.20348219573497772, 0.9704797267913818]","[0.0, 0.0, -3.1957933970261365e-06, 0.00011933333735214546, -0.04375659301877022, 1.0, 0.016333334147930145, -3.1957933970261365e-06, 0.0, 0.0, 1.0172526572205243e-06, -0.016214000061154366, 0.0, 0.0]","[0.0, 0.0, 1.0, 0.5899035930633545, 0.0, 0.9011340141296387, 0.5568718910217285, 0.5159888863563538]",-8.258732533624327
4.99999999999999,132.98013305664062,201.6022186279297,10.369119644165039,0.057861328125,0.5703125,"[0.7570319175720215, 1.0, 0.2037094384431839, 0.9757664203643799]","[0.0, 0.0, -3.1957933970261365e-06, 0.00011933333735214546, -0.04375659301877022, 1.0, 0.016333334147930145, -3.1957933970261365e-06, 0.0, 0.0, 1.0172526572205243e-06, -0.016214000061154366, 0.0, 0.0]","[0.0, 0.0, 1.0, 0.5899035930633545, 0.0, 0.9011340141296387, 0.5568718910217285, 0.5159888863563538]",-8.98596441147531
5.04999999999999,133.1025848388672,202.10806274414062,10.43805980682373,0.059906005859375,0.5390625,"[0.7525078058242798, 1.0, 0.19752439856529236, 0.9719512462615967]","[0.0, 0.0, -3.1957933970261365e-06, 0.00011933333735214546, -0.04375659301877022, 1.0, 0.016333334147930145, -3.1957933970261365e-06, 0.0, 0.0, 1.0172526572205243e-06, -0.016214000061154366, 0.0, 0.0]","[0.0, 0.0, 1.0, 0.5899035930633545, 0.0, 0.9011340141296387, 0.5568718910217285, 0.5159888863563538]",-9.109762533093964
5.09999999999999,133.21951293945312,202.61843872070312,10.498510360717773,0.06103515625,0.5078125,"[0.7485407590866089, 1.0, 0.19515956938266754, 0.9720741510391235]","[0.0, 0.0, -3.1957933970261365e-06, 0.00011933333735214546, -0.04375659301877022, 1.0, 0.016333334147930145, -3.1957933970261365e-06, 0.0, 0.0, 1.0172526572205243e-06, -0.016214000061154366, 0.0, 0.0]","[0.0, 0.0, 1.0, 0.5899035930633545, 0.0, 0.9011340141296387, 0.5568718910217285, 0.5159888863563538]",-9.002988390436997
5.14999999999999,133.33079528808594,203.1328887939453,10.551289558410645,0.06103515625,0.4960174560546875,"[0.7450771331787109, 1.0, 0.17946989834308624, 0.9738807678222656]","[0.0, 0.0, -3.1957933970261365e-06, 0.00011933333735214546, -0.04375659301877022, 1.0, 0.016333334147930145, -3.1957933970261365e-06, 0.0, 0.0, 1.0172526572205243e-06, -0.016214000061154366, 0.0, 0.0]","[0.0, 0.0, 1.0, 0.5899035930633545, 0.0, 0.9011340141296387, 0.5568718910217285, 0.5159888863563538]",-8.743991840969606
5.1999999999999895,133.43663024902344,203.65090942382812,10.596559524536133,0.06103515625,0.4920501708984375,"[0.7421063184738159, 1.0, 0.1780109852552414, 0.9752739071846008]","[0.0, 0.0, -3.1957933970261365e-06, 0.00011933333735214546, -0.04375659301877022, 1.0, 0.016333334147930145, -3.1957933970261365e-06, 0.0, 0.0, 1.0172526572205243e-06, -0.016214000061154366, 0.0, 0.0]","[0.0, 0.0, 1.0, 0.5899035930633545, 0.0, 0.9011340141296387, 0.5568718910217285, 0.5159888863563538]",-8.813530977125142
5.249999999999989,133.53672790527344,204.1722869873047,10.637920379638672,0.06103515625,0.4920501708984375,"[0.7393920421600342, 1.0, 0.1683771312236786, 0.9802878499031067]","[0.0, 0.0, -3.1957933970261365e-06, 0.00011933333735214546, -0.04375659301877022, 1.0, 0.016333334147930145, -3.1957933970261365e-06, 0.0, 0.0, 1.0172526572205243e-06, -0.016214000061154366, 0.0, 0.0]","[0.0, 0.0, 1.0, 0.5899035930633545, 0.0, 0.9011340141296387, 0.5568718910217285, 0.5159888863563538]",-8.606654976545382
5.299999999999989,133.63125610351562,204.69664001464844,10.675869941711426,0.06103515625,0.5078125,"[0.7369016408920288, 1.0, 0.1717344969511032, 0.981226921081543]","[0.0, 0.0, -3.1957933970261365e-06, 0.00011933333735214546, -0.04375659301877022, 1.0, 0.016333334147930145, -3.1957933970261365e-06, 0.0, 0.0, 1.0172526572205243e-06, -0.016214000061154366, 0.0, 0.0]","[0.0, 0.0, 1.0, 0.5899035930633545, 0.0, 0.9011340141296387, 0.5568718910217285, 0.5159888863563538]",-8.410349602907997
5.349999999999989,133.71995544433594,205.22398376464844,10.714500427246094,0.06103515625,0.5078125,"[0.7343665361404419, 1.0, 0.16730020940303802, 0.9849071502685547]","[0.0, 0.0, -3.1957933970261365e-06, 0.00011933333735214546, -0.04375659301877022, 1.0, 0.016333334147930145, -3.1957933970261365e-06, 0.0, 0.0, 1.0172526572205243e-06, -0.016214000061154366, 0.0, 0.0]","[0.0, 0.0, 1.0, 0.5899035930633545, 0.0, 0.9011340141296387, 0.5568718910217285, 0.5159888863563538]",-8.214064353941795
5.399999999999989,133.80294799804688,205.754150390625,10.751580238342285,0.06103515625,0.51171875,"[0.7319332361221313, 1.0, 0.1724821776151657, 0.9835648536682129]","[0.0, 0.0, -3.1957933970261365e-06, 0.00011933333735214546, -0.04375659301877022, 1.0, 0.016333334147930145, -3.1957933970261365e-06, 0.0, 0.0, 1.0172526572205243e-06, -0.016214000061154366, 0.0, 0.0]","[0.0, 0.0, 1.0, 0.5899035930633545, 0.0, 0.9011340141296387, 0.5568718910217285, 0.5159888863563538]",-8.360430401956084
5.449999999999989,133.87994384765625,206.28717041015625,10.789830207824707,0.061065673828125,0.51171875,"[0.7294230461120605, 1.0, 0.16902944445610046, 0.9848020672798157]","[0.0, 0.0, -3.1957933970261365e-06, 0.00011933333735214546, -0.04375659301877022, 1.0, 0.016333334147930145, -3.1957933970261365e-06, 0.0, 0.0, 1.0172526572205243e-06, -0.016214000061154366, 0.0, 0.0]","[0.0, 0.0, 1.0, 0.5899035930633545, 0.0, 0.9011340141296387, 0.5568718910217285, 0.5159888863563538]",-8.123338582588286
5.4999999999999885,133.95111083984375,206.82289123535156,10.827079772949219,0.061065673828125,0.51171875,"[0.7269785404205322, 1.0, 0.1744997799396515, 0.9842533469200134]","[0.0, 0.0, -3.1957933970261365e-06, 0.00011933333735214546, -0.04375659301877022, 1.0, 0.016333334147930145, -3.1957933970261365e-06, 0.0, 0.0, 1.0172526572205243e-06, -0.016214000061154366, 0.0, 0.0]","[0.0, 0.0, 1.0, 0.5899035930633545, 0.0, 0.9011340141296387, 0.5568718910217285, 0.5159888863563538]",-7.869269347968357
5.549999999999988,134.01614379882812,207.36134338378906,10.865710258483887,0.061065673828125,0.51171875,"[0.7244434356689453, 1.0, 0.171449676156044, 0.9848924875259399]","[0.0, 0.0, -3.1957933970261365e-06, 0.00011933333735214546, -0.04375659301877022, 1.0, 0.016333334147930145, -3.1957933970261365e-06, 0.0, 0.0, 1.0172526572205243e-06, -0.016214000061154366, 0.0, 0.0]","[0.0, 0.0, 1.0, 0.5899035930633545, 0.0, 0.9011340141296387, 0.5568718910217285, 0.5159888863563538]",-7.605999785851404
5.599999999999988,134.07518005371094,207.90237426757812,10.90310001373291,0.061065673828125,0.51171875,"[0.7219897508621216, 1.0, 0.1764470338821411, 0.9840993881225586]","[0.0, 0.0, -3.1957933970261365e-06, 0.00011933333735214546, -0.04375659301877022, 1.0, 0.016333334147930145, -3.1957933970261365e-06, 0.0, 0.0, 1.0172526572205243e-06, -0.016214000061154366, 0.0, 0.0]","[0.0, 0.0, 1.0, 0.5899035930633545, 0.0, 0.9011340141296387, 0.5568718910217285, 0.5159888863563538]",-7.618722849985351
5.649999999999988,134.12796020507812,208.44595336914062,10.940799713134766,0.061065673828125,0.4960174560546875,"[0.7195157408714294, 1.0, 0.172641322016716, 0.9852014780044556]","[0.0, 0.0, -3.1957933970261365e-06, 0.00011933333735214546, -0.04375659301877022, 1.0, 0.016333334147930145, -3.1957933970261365e-06, 0.0, 0.0, 1.0172526572205243e-06, -0.016214000061154366, 0.0, 0.0]","[0.0, 0.0, 1.0, 0.5899035930633545, 0.0, 0.9011340141296387, 0.5568718910217285, 0.5159888863563538]",-7.367761900819739
5.699999999999988,134.17459106445312,208.9918670654297,10.973939895629883,0.061065673828125,0.4761810302734375,"[0.7173409461975098, 1.0, 0.17433273792266846, 0.9809672832489014]","[0.0, 0.0, -3.1957933970261365e-06, 0.00011933333735214546, -0.04375659301877022, 1.0, 0.016333334147930145, -3.1957933970261365e-06, 0.0, 0.0, 1.0172526572205243e-06, -0.016214000061154366, 0.0, 0.0]","[0.0, 0.0, 1.0, 0.5899035930633545, 0.0, 0.9011340141296387, 0.5568718910217285, 0.5159888863563538]",-7.1244284632835075
5.749999999999988,134.2147674560547,209.53982543945312,11.001859664916992,0.0609130859375,0.428558349609375,"[0.7155086994171143, 1.0, 0.16527999937534332, 0.9810023903846741]","[0.0, 0.0, -3.1957933970261365e-06, 0.00011933333735214546, -0.04375659301877022, 1.0, 0.016333334147930145, -3.1957933970261365e-06, 0.0, 0.0, 1.0172526572205243e-06, -0.016214000061154366, 0.0, 0.0]","[0.0, 0.0, 1.0, 0.5899035930633545, 0.0, 0.9011340141296387, 0.5568718910217285, 0.5159888863563538]",-6.890768131304065
5.799999999999987,134.24867248535156,210.08917236328125,11.016969680786133,0.0609130859375,0.376983642578125,"[0.7145171165466309, 1.0, 0.15935118496418, 0.9737353324890137]","[0.0, 0.0, -3.1957933970261365e-06, 0.00011933333735214546, -0.04375659301877022, 1.0, 0.016333334147930145, -3.1957933970261365e-06, 0.0, 0.0, 1.0172526572205243e-06, -0.016214000061154366, 0.0, 0.0]","[0.0, 0.0, 1.0, 0.5899035930633545, 0.0, 0.9011340141296387, 0.5568718910217285, 0.5159888863563538]",-7.002121912880806
5.849999999999987,134.27598571777344,210.63926696777344,11.019740104675293,0.0609130859375,0.3293609619140625,"[0.7143353223800659, 1.0, 0.1442057192325592, 0.9760036468505859]","[0.0, 0.0, -3.1957933970261365e-06, 0.00011933333735214546, -0.04375659301877022, 1.0, 0.016333334147930145, -3.1957933970261365e-06, 0.0, 0.0, 1.0172526572205243e-06, -0.016214000061154366, 0.0, 0.0]","[0.0, 0.0, 1.0, 0.5899035930633545, 0.0, 0.9011340141296387, 0.5568718910217285, 0.5159888863563538]",-6.7947548885812195
5.899999999999987,134.29693603515625,211.18927001953125,11.006329536437988,0.060638427734375,0.2976226806640625,"[0.7152153849601746, 1.0, 0.15650425851345062, 0.9699307680130005]","[0.0, 0.0, -3.1957933970261365e-06, 0.00011933333735214546, -0.04375659301877022, 1.0, 0.016333334147930145, -3.1957933970261365e-06, 0.0, 0.0, 1.0172526572205243e-06, -0.016214000061154366, 0.0, 0.0]","[0.0, 0.0, 1.0, 0.5899035930633545, 0.0, 0.9011340141296387, 0.5568718910217285, 0.5159888863563538]",-6.589559178670012
5.949999999999987,134.31134033203125,211.73846435546875,10.983369827270508,0.05908203125,0.2936553955078125,"[0.7167221307754517, 1.0, 0.15938109159469604, 0.9754796028137207]","[0.0, 0.0, -3.1957933970261365e-06, 0.00011933333735214546, -0.04375659301877022, 1.0, 0.016333334147930145, -3.1957933970261365e-06, 0.0, 0.0, 1.0172526572205243e-06, -0.016214000061154366, 0.0, 0.0]","[0.0, 0.0, 1.0, 0.5899035930633545, 0.0, 0.9011340141296387, 0.5568718910217285, 0.5159888863563538]",-6.391063613659198
5.999999999999987,134.3197479248047,212.28628540039062,10.950180053710938,0.056304931640625,0.28173828125,"[0.718900203704834, 1.0, 0.16810549795627594, 0.9734265804290771]","[0.0, 0.0, -3.1957933970261365e-06, 0.00011933333735214546, -0.04375659301877022, 1.0, 0.016333334147930145, -3.1957933970261365e-06, 0.0, 0.0, 1.0172526572205243e-06, -0.016214000061154366, 0.0, 0.0]","[0.0, 0.0, 1.0, 0.5899035930633545, 0.0, 0.9011340141296387, 0.5568718910217285, 0.5159888863563538]",-6.564257522849954
6.0499999999999865,134.32208251953125,212.83238220214844,10.912249565124512,0.053680419921875,0.26983642578125,"[0.7213893532752991, 1.0, 0.1607995629310608, 0.9773535132408142]","[0.0, 0.0, -3.1957933970261365e-06, 0.00011933333735214546, -0.04375659301877022, 1.0, 0.016333334147930145, -3.1957933970261365e-06, 0.0, 0.0, 1.0172526572205243e-06, -0.016214000061154366, 0.0, 0.0]","[0.0, 0.0, 1.0, 0.5899035930633545, 0.0, 0.9011340141296387, 0.5568718910217285, 0.5159888863563538]",-6.385677802365615
6.099999999999986,134.31863403320312,213.3763427734375,10.866909980773926,0.051239013671875,0.25396728515625,"[0.7243647575378418, 1.0, 0.17575427889823914, 0.976455569267273]","[0.0, 0.0, -3.1957933970261365e-06, 0.00011933333735214546, -0.04375659301877022, 1.0, 0.016333334147930145, -3.1957933970261365e-06, 0.0, 0.0, 1.0172526572205243e-06, -0.016214000061154366, 0.0, 0.0]","[0.0, 0.0, 1.0, 0.5899035930633545, 0.0, 0.9011340141296387, 0.5568718910217285, 0.5159888863563538]",-6.21764810072279
6.149999999999986,134.3096160888672,213.91796875,10.819339752197266,0.049072265625,0.24603271484375,"[0.7274864912033081, 1.0, 0.1576874554157257, 0.971234142780304]","[0.0, 0.0, -3.1957933970261365e-06, 0.00011933333735214546, -0.04375659301877022, 1.0, 0.016333334147930145, -3.1957933970261365e-06, 0.0, 0.0, 1.0172526572205243e-06, -0.016214000061154366, 0.0, 0.0]","[0.0, 0.0, 1.0, 0.5899035930633545, 0.0, 0.9011340141296387, 0.5568718910217285, 0.5159888863563538]",-6.06583390246193
6.199999999999986,134.29556274414062,214.45689392089844,10.765379905700684,0.04669189453125,0.2420654296875,"[0.7310276031494141, 1.0, 0.16615119576454163, 0.9760364294052124]","[0.0, 0.0, -3.1957933970261365e-06, 0.00011933333735214546, -0.04375659301877022, 1.0, 0.016333334147930145, -3.1957933970261365e-06, 0.0, 0.0, 1.0172526572205243e-06, -0.016214000061154366, 0.0, 0.0]","[0.0, 0.0, 1.0, 0.5899035930633545, 0.0, 0.9011340141296387, 0.5568718910217285, 0.5159888863563538]",-6.32988016269133
6.249999999999986,134.27642822265625,214.99295043945312,10.709839820861816,0.044891357421875,0.23809814453125,"[0.7346723675727844, 1.0, 0.1554580181837082, 0.9782562851905823]","[0.0, 0.0, -3.1957933970261365e-06, 0.00011933333735214546, -0.04375659301877022, 1.0, 0.016333334147930145, -3.1957933970261365e-06, 0.0, 0.0, 1.0172526572205243e-06, -0.016214000061154366, 0.0, 0.0]","[0.0, 0.0, 1.0, 0.5899035930633545, 0.0, 0.9011340141296387, 0.5568718910217285, 0.5159888863563538]",-6.218053615231085
6.299999999999986,134.25270080566406,215.5259552001953,10.650469779968262,0.043304443359375,0.23809814453125,"[0.7385684847831726, 1.0, 0.1621912121772766, 0.9773374795913696]","[0.0, 0.0, -3.1957933970261365e-06, 0.00011933333735214546, -0.04375659301877022, 1.0, 0.016333334147930145, -3.1957933970261365e-06, 0.0, 0.0, 1.0172526572205243e-06, -0.016214000061154366, 0.0, 0.0]","[0.0, 0.0, 1.0, 0.5899035930633545, 0.0, 0.9011340141296387, 0.5568718910217285, 0.5159888863563538]",-6.132598530560109
6.349999999999985,134.22439575195312,216.0557403564453,10.591309547424316,0.041259765625,0.23809814453125,"[0.7424508333206177, 1.0, 0.1481248289346695, 0.9769525527954102]","[0.0, 0.0, -3.1957933970261365e-06, 0.00011933333735214546, -0.04375659301877022, 1.0, 0.016333334147930145, -3.1957933970261365e-06, 0.0, 0.0, 1.0172526572205243e-06, -0.016214000061154366, 0.0, 0.0]","[0.0, 0.0, 1.0, 0.5899035930633545, 0.0, 0.9011340141296387, 0.5568718910217285, 0.5159888863563538]",-6.062608609937594
6.399999999999985,134.19224548339844,216.58233642578125,10.530329704284668,0.037322998046875,0.23809814453125,"[0.7464526295661926, 1.0, 0.14732131361961365, 0.9737226963043213]","[0.0, 0.0, -3.1957933970261365e-06, 0.00011933333735214546, -0.04375659301877022, 1.0, 0.016333334147930145, -3.1957933970261365e-06, 0.0, 0.0, 1.0172526572205243e-06, -0.016214000061154366, 0.0, 0.0]","[0.0, 0.0, 1.0, 0.5899035930633545, 0.0, 0.9011340141296387, 0.5568718910217285, 0.5159888863563538]",-6.519931875709646
6.449999999999985,134.15658569335938,217.10574340820312,10.470620155334473,0.03192138671875,0.23809814453125,"[0.7503710389137268, 1.0, 0.12484879046678543, 0.968812882900238]","[0.0, 0.0, -3.1957933970261365e-06, 0.00011933333735214546, -0.04375659301877022, 1.0, 0.016333334147930145, -3.1957933970261365e-06, 0.0, 0.0, 1.0172526572205243e-06, -0.016214000061154366, 0.0, 0.0]","[0.0, 0.0, 1.0, 0.5899035930633545, 0.0, 0.9011340141296387, 0.5568718910217285, 0.5159888863563538]",-6.520266494862524
6.499999999999985,134.1180419921875,217.6259002685547,10.409589767456055,0.028045654296875,0.23809814453125,"[0.7543761134147644, 1.0, 0.1261701136827469, 0.9772497415542603]","[0.0, 0.0, -3.1957933970261365e-06, 0.00011933333735214546, -0.04375659301877022, 1.0, 0.016333334147930145, -3.1957933970261365e-06, 0.0, 0.0, 1.0172526572205243e-06, -0.016214000061154366, 0.0, 0.0]","[0.0, 0.0, 1.0, 0.5899035930633545, 0.0, 0.9011340141296387, 0.5568718910217285, 0.5159888863563538]",-6.518236283739012
6.549999999999985,134.07644653320312,218.14279174804688,10.349459648132324,0.0274658203125,0.234130859375,"[0.7583221197128296, 1.0, 0.11619648337364197, 0.9803662896156311]","[0.0, 0.0, -3.1957933970261365e-06, 0.00011933333735214546, -0.04375659301877022, 1.0, 0.016333334147930145, -3.1957933970261365e-06, 0.0, 0.0, 1.0172526572205243e-06, -0.016214000061154366, 0.0, 0.0]","[0.0, 0.0, 1.0, 0.5899035930633545, 0.0, 0.9011340141296387, 0.5568718910217285, 0.5159888863563538]",-6.516448327920283
6.5999999999999845,134.03237915039062,218.65646362304688,10.288060188293457,0.0252685546875,0.23016357421875,"[0.7623514533042908, 1.0, 0.11913801729679108, 0.9767499566078186]","[0.0, 0.0, -3.1957933970261365e-06, 0.00011933333735214546, -0.04375659301877022, 1.0, 0.016333334147930145, -3.1957933970261365e-06, 0.0, 0.0, 1.0172526572205243e-06, -0.016214000061154366, 0.0, 0.0]","[0.0, 0.0, 1.0, 0.5899035930633545, 0.0, 0.9011340141296387, 0.5568718910217285, 0.5159888863563538]",-6.519939486828908
6.649999999999984,133.98681640625,219.1669464111328,10.227680206298828,0.011932373046875,0.23016357421875,"[0.7663138508796692, 1.0, 0.07525581866502762, 0.9462615251541138]","[0.0, 0.0, -3.1957933970261365e-06, 0.00011933333735214546, -0.04375659301877022, 1.0, 0.016333334147930145, -3.1957933970261365e-06, 0.0, 0.0, 1.0172526572205243e-06, -0.016214000061154366, 0.0, 0.0]","[0.0, 0.0, 1.0, 0.5899035930633545, 0.0, 0.9011340141296387, 0.5568718910217285, 0.5159888863563538]",-7.136389253902729
6.699999999999984,133.94178771972656,219.67449951171875,10.168970108032227,-0.00616455078125,0.3015899658203125,"[0.7701666355133057, 1.0, 0.07660703361034393, 0.9531653523445129]","[0.0, 0.0, -3.1957933970261365e-06, 0.00011933333735214546, -0.04375659301877022, 1.0, 0.016333334147930145, -3.1957933970261365e-06, 0.0, 0.0, 1.0172526572205243e-06, -0.016214000061154366, 0.0, 0.0]","[0.0, 0.0, 1.0, 0.5899035930633545, 0.0, 0.9011340141296387, 0.5568718910217285, 0.5159888863563538]",-7.260521599454297
6.749999999999984,133.8979034423828,220.17962646484375,10.123760223388672,-0.018585205078125,0.4642791748046875,"[0.7731335163116455, 1.0, 0.07871868461370468, 0.9540382623672485]","[0.0, 0.0, -3.1957933970261365e-06, 0.00011933333735214546, -0.04375659301877022, 1.0, 0.016333334147930145, -3.1957933970261365e-06, 0.0, 0.0, 1.0172526572205243e-06, -0.016214000061154366, 0.0, 0.0]","[0.0, 0.0, 1.0, 0.5899035930633545, 0.0, 0.9011340141296387, 0.5568718910217285, 0.5159888863563538]",-7.390551820633236
6.799999999999984,133.85610961914062,220.683349609375,10.103289604187012,-0.0289306640625,0.62890625,"[0.7744768857955933, 1.0, 0.06747208535671234, 0.9598495960235596]","[0.0, 0.0, -3.1957933970261365e-06, 0.00011933333735214546, -0.04375659301877022, 1.0, 0.016333334147930145, -3.1957933970261365e-06, 0.0, 0.0, 1.0172526572205243e-06, -0.016214000061154366, 0.0, 0.0]","[0.0, 0.0, 1.0, 0.5899035930633545, 0.0, 0.9011340141296387, 0.5568718910217285, 0.5159888863563538]",-7.591236602081024
6.849999999999984,133.8167266845703,221.18751525878906,10.120059967041016,-0.03753662109375,0.7109375,"[0.7733763456344604, 0.965499997138977, 0.08347295969724655, 0.9368724226951599]","[0.0, 0.0, -3.1957933970261365e-06, 0.00011933333735214546, -0.04375659301877022, 1.0, 0.016333334147930145, -3.1957933970261365e-06, 0.0, 0.0, 1.0172526572205243e-06, -0.016214000061154366, 0.0, 0.0]","[0.0, 0.0, 1.0, 0.5899035930633545, 0.0, 0.9011340141296387, 0.5568718910217285, 0.5159888863563538]",-8.483731717223389
6.8999999999999835,133.78073120117188,221.69384765625,10.169320106506348,-0.045806884765625,0.71875,"[0.7701436877250671, 0.9413999915122986, 0.12847867608070374, 0.9469127058982849]","[0.0, 0.0, -3.1957933970261365e-06, 0.00011933333735214546, -0.04375659301877022, 1.0, 0.016333334147930145, -3.1957933970261365e-06, 0.0, 0.0, 1.0172526572205243e-06, -0.016214000061154366, 0.0, 0.0]","[0.0, 0.0, 1.0, 0.5899035930633545, 0.0, 0.9011340141296387, 0.5568718910217285, 0.5159888863563538]",-8.668718069989993
6.949999999999983,133.74853515625,222.20376586914062,10.244830131530762,-0.05316162109375,0.7265625,"[0.7651883959770203, 0.9194999933242798, 0.17651735246181488, 0.9425379633903503]","[0.0, 0.0, -3.1957933970261365e-06, 0.00011933333735214546, -0.04375659301877022, 1.0, 0.016333334147930145, -3.1957933970261365e-06, 0.0, 0.0, 1.0172526572205243e-06, -0.016214000061154366, 0.0, 0.0]","[0.0, 0.0, 1.0, 0.5899035930633545, 0.0, 0.9011340141296387, 0.5568718910217285, 0.5159888863563538]",-8.844001691349916
6.999999999999983,133.72052001953125,222.71836853027344,10.339189529418945,-0.060943603515625,0.74609375,"[0.7589961290359497, 0.9269999861717224, 0.18473275005817413, 0.9592191576957703]","[0.0, 0.0, -3.1957933970261365e-06, 0.00011933333735214546, -0.04375659301877022, 1.0, 0.016333334147930145, -3.1957933970261365e-06, 0.0, 0.0, 1.0172526572205243e-06, -0.016214000061154366, 0.0, 0.0]","[0.0, 0.0, 1.0, 0.5899035930633545, 0.0, 0.9011340141296387, 0.5568718910217285, 0.5159888863563538]",-8.958747868676307
7.049999999999983,133.69802856445312,223.23837280273438,10.4485502243042,-0.0693359375,0.76953125,"[0.751819372177124, 0.7861999869346619, 0.24880748987197876, 0.9246158003807068]","[0.0, 0.0, -3.1957933970261365e-06, 0.00011933333735214546, -0.04375659301877022, 1.0, 0.016333334147930145, -3.1957933970261365e-06, 0.0, 0.0, 1.0172526572205243e-06, -0.016214000061154366, 0.0, 0.0]","[0.0, 0.0, 1.0, 0.5899035930633545, 0.0, 0.9011340141296387, 0.5568718910217285, 0.5159888863563538]",-9.466364908356077
7.099999999999983,133.68243408203125,223.76454162597656,10.573439598083496,-0.078704833984375,0.80078125,"[0.7436236143112183, 0.6862000226974487, 0.27439337968826294, 0.955388069152832]","[0.0, 0.0, -3.1957933970261365e-06, 0.00011933333735214546, -0.04375659301877022, 1.0, 0.016333334147930145, -3.1957933970261365e-06, 0.0, 0.0, 1.0172526572205243e-06, -0.016214000061154366, 0.0, 0.0]","[0.0, 0.0, 1.0, 0.5899035930633545, 0.0, 0.9011340141296387, 0.5568718910217285, 0.5159888863563538]",-9.471249928614402
7.149999999999983,133.67459106445312,224.297607421875,10.714960098266602,-0.089202880859375,0.8203125,"[0.7343363761901855, 0.6254000067710876, 0.3106500804424286, 0.9382925629615784]","[0.0, 0.0, -3.1957933970261365e-06, 0.00011933333735214546, -0.04375659301877022, 1.0, 0.016333334147930145, -3.1957933970261365e-06, 0.0, 0.0, 1.0172526572205243e-06, -0.016214000061154366, 0.0, 0.0]","[0.0, 0.0, 1.0, 0.5899035930633545, 0.0, 0.9011340141296387, 0.5568718910217285, 0.5159888863563538]",-9.459072042335102
7.199999999999982,133.6759796142578,224.83810424804688,10.868430137634277,-0.100311279296875,0.83203125,"[0.7242649793624878, 0.5914000272750854, 0.3429371416568756, 0.9485083222389221]","[0.0, 0.0, -3.1957933970261365e-06, 0.00011933333735214546, -0.04375659301877022, 1.0, 0.016333334147930145, -3.1957933970261365e-06, 0.0, 0.0, 1.0172526572205243e-06, -0.016214000061154366, 0.0, 0.0]","[0.0, 0.0, 1.0, 0.5899035930633545, 0.0, 0.9011340141296387, 0.5568718910217285, 0.5159888863563538]",-9.425775985539573
7.249999999999982,133.68797302246094,225.3863983154297,11.032930374145508,-0.1138916015625,0.84765625,"[0.7134697437286377, 0.5426999926567078, 0.3796338140964508, 0.9303786158561707]","[0.0, 0.0, -3.1957933970261365e-06, 0.00011933333735214546, -0.04375659301877022, 1.0, 0.016333334147930145, -3.1957933970261365e-06, 0.0, 0.0, 1.0172526572205243e-06, -0.016214000061154366, 0.0, 0.0]","[0.0, 0.0, 1.0, 0.5899035930633545, 0.0, 0.9011340141296387, 0.5568718910217285, 0.5159888863563538]",-9.84887470469222
7.299999999999982,133.7127227783203,225.942626953125,11.204999923706055,-0.131317138671875,0.86328125,"[0.7021777629852295, 0.4927000105381012, 0.42131075263023376, 0.9299076199531555]","[0.0, 0.0, -3.1957933970261365e-06, 0.00011933333735214546, -0.04375659301877022, 1.0, 0.016333334147930145, -3.1957933970261365e-06, 0.0, 0.0, 1.0172526572205243e-06, -0.016214000061154366, 0.0, 0.0]","[0.0, 0.0, 1.0, 0.5899035930633545, 0.0, 0.9011340141296387, 0.5568718910217285, 0.5159888863563538]",-9.767369883807664
7.349999999999982,133.75244140625,226.50657653808594,11.3789701461792,-0.152313232421875,0.875,"[0.6907610893249512, 0.4555000066757202, 0.46274158358573914, 0.915538489818573]","[0.0, 0.0, -3.1957933970261365e-06, 0.00011933333735214546, -0.04375659301877022, 1.0, 0.016333334147930145, -3.1957933970261365e-06, 0.0, 0.0, 1.0172526572205243e-06, -0.016214000061154366, 0.0, 0.0]","[0.0, 0.0, 1.0, 0.5899035930633545, 0.0, 0.9011340141296387, 0.5568718910217285, 0.5159888863563538]",-9.666512732317699
7.399999999999982,133.80978393554688,227.07760620117188,11.554479598999023,-0.175933837890625,0.8828125,"[0.6792433261871338, 0.43160000443458557, 0.5071542859077454, 0.9148489236831665]","[0.0, 0.0, -3.1957933970261365e-06, 0.00011933333735214546, -0.04375659301877022, 1.0, 0.016333334147930145, -3.1957933970261365e-06, 0.0, 0.0, 1.0172526572205243e-06, -0.016214000061154366, 0.0, 0.0]","[0.0, 0.0, 1.0, 0.5899035930633545, 0.0, 0.9011340141296387, 0.5568718910217285, 0.5159888863563538]",-9.527582684649179
7.4499999999999815,133.88726806640625,227.65464782714844,11.722900390625,-0.201507568359375,0.88671875,"[0.6681908369064331, 0.4212999939918518, 0.5453424453735352, 0.9042127132415771]","[0.0, 0.0, -3.1957933970261365e-06, 0.00011933333735214546, -0.04375659301877022, 1.0, 0.016333334147930145, -3.1957933970261365e-06, 0.0, 0.0, 1.0172526572205243e-06, -0.016214000061154366, 0.0, 0.0]","[0.0, 0.0, 1.0, 0.5899035930633545, 0.0, 0.9011340141296387, 0.5568718910217285, 0.5159888863563538]",-9.669016069072851
7.499999999999981,133.98585510253906,228.2371063232422,11.899809837341309,-0.22491455078125,0.89453125,"[0.6565812230110168, 0.4275999963283539, 0.5508052706718445, 0.9598837494850159]","[0.0, 0.0, -3.1957933970261365e-06, 0.00011933333735214546, -0.04375659301877022, 1.0, 0.016333334147930145, -3.1957933970261365e-06, 0.0, 0.0, 1.0172526572205243e-06, -0.016214000061154366, 0.0, 0.0]","[0.0, 0.0, 1.0, 0.5899035930633545, 0.0, 0.9011340141296387, 0.5568718910217285, 0.5159888863563538]",-9.404048688783254
7.549999999999981,134.10894775390625,228.82293701171875,12.053739547729492,-0.247467041015625,0.8984375,"[0.646479606628418, 0.384799987077713, 0.6171279549598694, 0.8521235585212708]","[0.0, 0.0, -3.1957933970261365e-06, 0.00011933333735214546, -0.04375659301877022, 1.0, 0.016333334147930145, -3.1957933970261365e-06, 0.0, 0.0, 1.0172526572205243e-06, -0.016214000061154366, 0.0, 0.0]","[0.0, 0.0, 1.0, 0.5899035930633545, 0.0, 0.9011340141296387, 0.5568718910217285, 0.5159888863563538]",-9.111341725177343
7.599999999999981,134.25946044921875,229.40980529785156,12.203909873962402,-0.266357421875,0.90234375,"[0.636624813079834, 0.373199999332428, 0.6390769481658936, 0.9169051051139832]","[0.0, 0.0, -3.1957933970261365e-06, 0.00011933333735214546, -0.04375659301877022, 1.0, 0.016333334147930145, -3.1957933970261365e-06, 0.0, 0.0, 1.0172526572205243e-06, -0.016214000061154366, 0.0, 0.0]","[0.0, 0.0, 1.0, 0.5899035930633545, 0.0, 0.9011340141296387, 0.5568718910217285, 0.5159888863563538]",-8.788992490324476
7.649999999999981,134.43896484375,229.99591064453125,12.350560188293457,-0.283294677734375,0.90625,"[0.6270009279251099, 0.3612000048160553, 0.6364158391952515, 0.9180063605308533]","[0.0, 0.0, -3.1957933970261365e-06, 0.00011933333735214546, -0.04375659301877022, 1.0, 0.016333334147930145, -3.1957933970261365e-06, 0.0, 0.0, 1.0172526572205243e-06, -0.016214000061154366, 0.0, 0.0]","[0.0, 0.0, 1.0, 0.5899035930633545, 0.0, 0.9011340141296387, 0.5568718910217285, 0.5159888863563538]",-8.68130332549394
7.699999999999981,134.64903259277344,230.57923889160156,12.495189666748047,-0.29534912109375,0.9140625,"[0.6175097227096558, 0.33379998803138733, 0.6360140442848206, 0.9231106638908386]","[0.0, 0.0, -3.1957933970261365e-06, 0.00011933333735214546, -0.04375659301877022, 1.0, 0.016333334147930145, -3.1957933970261365e-06, 0.0, 0.0, 1.0172526572205243e-06, -0.016214000061154366, 0.0, 0.0]","[0.0, 0.0, 1.0, 0.5899035930633545, 0.0, 0.9011340141296387, 0.5568718910217285, 0.5159888863563538]",-8.2964314331898
7.7499999999999805,134.89100646972656,231.1575927734375,12.639599800109863,-0.302093505859375,0.91796875,"[0.6080328822135925, 0.321399986743927, 0.6380566954612732, 0.9279448390007019]","[0.0, 0.0, -3.1957933970261365e-06, 0.00011933333735214546, -0.04375659301877022, 1.0, 0.016333334147930145, -3.1957933970261365e-06, 0.0, 0.0, 1.0172526572205243e-06, -0.016214000061154366, 0.0, 0.0]","[0.0, 0.0, 1.0, 0.5899035930633545, 0.0, 0.9011340141296387, 0.5568718910217285, 0.5159888863563538]",-7.900358125746807
7.79999999999998,135.1657257080078,231.72906494140625,12.787590026855469,-0.30145263671875,0.93359375,"[0.5983210802078247, 0.26269999146461487, 0.6442620158195496, 0.9356029629707336]","[0.0, 0.0, -3.1957933970261365e-06, 0.00011933333735214546, -0.04375659301877022, 1.0, 0.016333334147930145, -3.1957933970261365e-06, 0.0, 0.0, 1.0172526572205243e-06, -0.016214000061154366, 0.0, 0.0]","[0.0, 0.0, 1.0, 0.5899035930633545, 0.0, 0.9011340141296387, 0.5568718910217285, 0.5159888863563538]",-7.490784934727694
7.84999999999998,135.4739227294922,232.2915496826172,12.939029693603516,-0.3009033203125,0.95703125,"[0.5883829593658447, 0.17159999907016754, 0.6508461833000183, 0.9332845211029053]","[0.0, 0.0, -3.1957933970261365e-06, 0.00011933333735214546, -0.04375659301877022, 1.0, 0.016333334147930145, -3.1957933970261365e-06, 0.0, 0.0, 1.0172526572205243e-06, -0.016214000061154366, 0.0, 0.0]","[0.0, 0.0, 1.0, 0.5899035930633545, 0.0, 0.9011340141296387, 0.5568718910217285, 0.5159888863563538]",-7.3025632062084345
7.89999999999998,135.81622314453125,232.84286499023438,13.094420433044434,-0.300872802734375,0.9765625,"[0.5781855583190918, 0.09449999779462814, 0.6581432819366455, 0.9318440556526184]","[0.0, 0.0, -3.1957933970261365e-06, 0.00011933333735214546, -0.04375659301877022, 1.0, 0.016333334147930145, -3.1957933970261365e-06, 0.0, 0.0, 1.0172526572205243e-06, -0.016214000061154366, 0.0, 0.0]","[0.0, 0.0, 1.0, 0.5899035930633545, 0.0, 0.9011340141296387, 0.5568718910217285, 0.5159888863563538]",-6.88100258095585
7.94999999999998,136.19302368164062,233.3807373046875,13.254980087280273,-0.30047607421875,1.0,"[0.5676488876342773, 0.0, 0.6666277050971985, 0.9316410422325134]","[0.0, 0.0, -3.1957933970261365e-06, 0.00011933333735214546, -0.04375659301877022, 1.0, 0.016333334147930145, -3.1957933970261365e-06, 0.0, 0.0, 1.0172526572205243e-06, -0.016214000061154366, 0.0, 0.0]","[0.0, 0.0, 1.0, 0.5899035930633545, 0.0, 0.9011340141296387, 0.5568718910217285, 0.5159888863563538]",-6.447319711321328
7.99999999999998,136.60435485839844,233.90325927734375,13.425089836120605,-0.293548583984375,1.0,"[0.5564855337142944, 0.0, 0.6790018081665039, 0.9380152821540833]","[0.0, 0.0, -3.1957933970261365e-06, 0.00011933333735214546, -0.04375659301877022, 1.0, 0.016333334147930145, -3.1957933970261365e-06, 0.0, 0.0, 1.0172526572205243e-06, -0.016214000061154366, 0.0, 0.0]","[0.0, 0.0, 1.0, 0.5899035930633545, 0.0, 0.9011340141296387, 0.5568718910217285, 0.5159888863563538]",-6.015870807671534
8.04999999999998,137.04290771484375,234.40145874023438,13.296270370483398,-0.283660888671875,1.0,"[0.5649392604827881, 0.0, 0.5612981915473938, 0.6014500856399536]","[0.0, 0.0, -3.1957933970261365e-06, 0.00011933333735214546, -0.04375659301877022, 1.0, 0.016333334147930145, -3.1957933970261365e-06, 0.0, 0.0, 1.0172526572205243e-06, -0.016214000061154366, 0.0, 0.0]","[0.0, 0.0, 1.0, 0.5899035930633545, 0.0, 0.9011340141296387, 0.5568718910217285, 0.5159888863563538]",-5.824977245768844
8.09999999999998,137.50465393066406,234.87078857421875,13.199919700622559,-0.269317626953125,1.0,"[0.5712621808052063, 0.0, 0.5815349817276001, 0.9642480611801147]","[0.0, 0.0, -3.1957933970261365e-06, 0.00011933333735214546, -0.04375659301877022, 1.0, 0.016333334147930145, -3.1957933970261365e-06, 0.0, 0.0, 1.0172526572205243e-06, -0.016214000061154366, 0.0, 0.0]","[0.0, 0.0, 1.0, 0.5899035930633545, 0.0, 0.9011340141296387, 0.5568718910217285, 0.5159888863563538]",-5.408074876193872
8.14999999999998,137.993896484375,235.31591796875,13.394339561462402,-0.250946044921875,1.0,"[0.5585035085678101, 0.0, 0.6575419306755066, 0.6751238107681274]","[0.0, 0.0, -3.1957933970261365e-06, 0.00011933333735214546, -0.04375659301877022, 1.0, 0.016333334147930145, -3.1957933970261365e-06, 0.0, 0.0, 1.0172526572205243e-06, -0.016214000061154366, 0.0, 0.0]","[0.0, 0.0, 1.0, 0.5899035930633545, 0.0, 0.9011340141296387, 0.5568718910217285, 0.5159888863563538]",-5.002057764105267
8.199999999999982,138.5162353515625,235.7417449951172,13.617630004882812,-0.232391357421875,1.0,"[0.5438501834869385, 0.0, 0.736232578754425, 0.9447895288467407]","[0.0, 0.0, -3.1957933970261365e-06, 0.00011933333735214546, -0.04375659301877022, 1.0, 0.016333334147930145, -3.1957933970261365e-06, 0.0, 0.0, 1.0172526572205243e-06, -0.016214000061154366, 0.0, 0.0]","[0.0, 0.0, 1.0, 0.5899035930633545, 0.0, 0.9011340141296387, 0.5568718910217285, 0.5159888863563538]",-4.589926431235669
8.249999999999982,139.06895446777344,236.14573669433594,13.818779945373535,-0.21649169921875,1.0,"[0.5306498408317566, 0.0, 0.7180527448654175, 0.9048096537590027]","[0.0, 0.0, -3.1957933970261365e-06, 0.00011933333735214546, -0.04375659301877022, 1.0, 0.016333334147930145, -3.1957933970261365e-06, 0.0, 0.0, 1.0172526572205243e-06, -0.016214000061154366, 0.0, 0.0]","[0.0, 0.0, 1.0, 0.5899035930633545, 0.0, 0.9011340141296387, 0.5568718910217285, 0.5159888863563538]",-4.442655972437763
8.299999999999983,139.6497344970703,236.5261993408203,14.005319595336914,-0.202178955078125,1.0,"[0.5184082388877869, 0.0, 0.705730140209198, 0.9169350266456604]","[0.0, 0.0, -3.1957933970261365e-06, 0.00011933333735214546, -0.04375659301877022, 1.0, 0.016333334147930145, -3.1957933970261365e-06, 0.0, 0.0, 1.0172526572205243e-06, -0.016214000061154366, 0.0, 0.0]","[0.0, 0.0, 1.0, 0.5899035930633545, 0.0, 0.9011340141296387, 0.5568718910217285, 0.5159888863563538]",-4.024596069313761
8.349999999999984,140.25640869140625,236.88233947753906,14.184619903564453,-0.18670654296875,1.0,"[0.5066417455673218, 0.0, 0.6990743279457092, 0.9266793131828308]","[0.0, 0.0, -3.1957933970261365e-06, 0.00011933333735214546, -0.04375659301877022, 1.0, 0.016333334147930145, -3.1957933970261365e-06, 0.0, 0.0, 1.0172526572205243e-06, -0.016214000061154366, 0.0, 0.0]","[0.0, 0.0, 1.0, 0.5899035930633545, 0.0, 0.9011340141296387, 0.5568718910217285, 0.5159888863563538]",-3.6106750838980926
8.399999999999984,140.88705444335938,237.21383666992188,14.361200332641602,-0.171112060546875,1.0,"[0.495053768157959, 0.0, 0.6958597898483276, 0.9324802756309509]","[0.0, 0.0, -3.1957933970261365e-06, 0.00011933333735214546, -0.04375659301877022, 1.0, 0.016333334147930145, -3.1957933970261365e-06, 0.0, 0.0, 1.0172526572205243e-06, -0.016214000061154366, 0.0, 0.0]","[0.0, 0.0, 1.0, 0.5899035930633545, 0.0, 0.9011340141296387, 0.5568718910217285, 0.5159888863563538]",-3.202605302698122
8.449999999999985,141.53990173339844,237.52078247070312,14.538020133972168,-0.155670166015625,1.0,"[0.4834500551223755, 0.0, 0.6948522925376892, 0.9357249140739441]","[0.0, 0.0, -3.1957933970261365e-06, 0.00011933333735214546, -0.04375659301877022, 1.0, 0.016333334147930145, -3.1957933970261365e-06, 0.0, 0.0, 1.0172526572205243e-06, -0.016214000061154366, 0.0, 0.0]","[0.0, 0.0, 1.0, 0.5899035930633545, 0.0, 0.9011340141296387, 0.5568718910217285, 0.5159888863563538]",-3.063101323378304
8.499999999999986,142.21336364746094,237.80386352539062,14.718759536743164,-0.137359619140625,1.0,"[0.4715890884399414, 0.0, 0.6965327858924866, 0.9317086935043335]","[0.0, 0.0, -3.1957933970261365e-06, 0.00011933333735214546, -0.04375659301877022, 1.0, 0.016333334147930145, -3.1957933970261365e-06, 0.0, 0.0, 1.0172526572205243e-06, -0.016214000061154366, 0.0, 0.0]","[0.0, 0.0, 1.0, 0.5899035930633545, 0.0, 0.9011340141296387, 0.5568718910217285, 0.5159888863563538]",-2.6572686156667755
8.549999999999986,142.90599060058594,238.0642852783203,14.905380249023438,-0.11669921875,1.0,"[0.45934218168258667, 0.0, 0.6782408952713013, 0.9244874715805054]","[0.0, 0.0, -3.1957933970261365e-06, 0.00011933333735214546, -0.04375659301877022, 1.0, 0.016333334147930145, -3.1957933970261365e-06, 0.0, 0.0, 1.0172526572205243e-06, -0.016214000061154366, 0.0, 0.0]","[0.0, 0.0, 1.0, 0.5899035930633545, 0.0, 0.9011340141296387, 0.5568718910217285, 0.5159888863563538]",-2.254306092387727
8.599999999999987,143.61648559570312,238.30337524414062,15.096409797668457,-0.099334716796875,1.0,"[0.44680607318878174, 0.0, 0.6442558169364929, 0.9282505512237549]","[0.0, 0.0, -3.1957933970261365e-06, 0.00011933333735214546, -0.04375659301877022, 1.0, 0.016333334147930145, -3.1957933970261365e-06, 0.0, 0.0, 1.0172526572205243e-06, -0.016214000061154366, 0.0, 0.0]","[0.0, 0.0, 1.0, 0.5899035930633545, 0.0, 0.9011340141296387, 0.5568718910217285, 0.5159888863563538]",-1.8605559368190567
8.649999999999988,144.34385681152344,238.52113342285156,15.2847900390625,-0.08477783203125,1.0,"[0.4344435930252075, 0.0, 0.6382768750190735, 0.9493865370750427]","[0.0, 0.0, -3.1957933970261365e-06, 0.00011933333735214546, -0.04375659301877022, 1.0, 0.016333334147930145, -3.1957933970261365e-06, 0.0, 0.0, 1.0172526572205243e-06, -0.016214000061154366, 0.0, 0.0]","[0.0, 0.0, 1.0, 0.5899035930633545, 0.0, 0.9011340141296387, 0.5568718910217285, 0.5159888863563538]",-1.7293933124581145
8.699999999999989,145.08700561523438,238.7192840576172,15.48134994506836,-0.08099365234375,1.0,"[0.42154449224472046, 0.0, 0.5902215838432312, 0.9128592610359192]","[0.0, 0.0, -3.1957933970261365e-06, 0.00011933333735214546, -0.04375659301877022, 1.0, 0.016333334147930145, -3.1957933970261365e-06, 0.0, 0.0, 1.0172526572205243e-06, -0.016214000061154366, 0.0, 0.0]","[0.0, 0.0, 1.0, 0.5899035930633545, 0.0, 0.9011340141296387, 0.5568718910217285, 0.5159888863563538]",-1.3524813537083236
8.74999999999999,145.84510803222656,238.8987579345703,15.67770004272461,-0.07916259765625,1.0,"[0.40865910053253174, 0.0, 0.5787239670753479, 0.954532265663147]","[0.0, 0.0, -3.1957933970261365e-06, 0.00011933333735214546, -0.04375659301877022, 1.0, 0.016333334147930145, -3.1957933970261365e-06, 0.0, 0.0, 1.0172526572205243e-06, -0.016214000061154366, 0.0, 0.0]","[0.0, 0.0, 1.0, 0.5899035930633545, 0.0, 0.9011340141296387, 0.5568718910217285, 0.5159888863563538]",-1.0000349049670154
8.79999999999999,146.61746215820312,239.0598907470703,15.8748197555542,-0.0787353515625,1.0,"[0.39572328329086304, 0.0, 0.5651270747184753, 0.956312358379364]","[0.0, 0.0, -3.1957933970261365e-06, 0.00011933333735214546, -0.04375659301877022, 1.0, 0.016333334147930145, -3.1957933970261365e-06, 0.0, 0.0, 1.0172526572205243e-06, -0.016214000061154366, 0.0, 0.0]","[0.0, 0.0, 1.0, 0.5899035930633545, 0.0, 0.9011340141296387, 0.5568718910217285, 0.5159888863563538]",-0.6901039967306626
8.84999999999999,147.40341186523438,239.20326232910156,16.073299407958984,-0.07794189453125,1.0,"[0.382698118686676, 0.0, 0.5509006977081299, 0.9574283957481384]","[0.0, 0.0, -3.1957933970261365e-06, 0.00011933333735214546, -0.04375659301877022, 1.0, 0.016333334147930145, -3.1957933970261365e-06, 0.0, 0.0, 1.0172526572205243e-06, -0.016214000061154366, 0.0, 0.0]","[0.0, 0.0, 1.0, 0.5899035930633545, 0.0, 0.9011340141296387, 0.5568718910217285, 0.5159888863563538]",-0.5790272385876793
8.899999999999991,148.2024688720703,239.32945251464844,16.2735595703125,-0.07598876953125,1.0,"[0.36955612897872925, 0.0, 0.5367190837860107, 0.9576351046562195]","[0.0, 0.0, -3.1957933970261365e-06, 0.00011933333735214546, -0.04375659301877022, 1.0, 0.016333334147930145, -3.1957933970261365e-06, 0.0, 0.0, 1.0172526572205243e-06, -0.016214000061154366, 0.0, 0.0]","[0.0, 0.0, 1.0, 0.5899035930633545, 0.0, 0.9011340141296387, 0.5568718910217285, 0.5159888863563538]",-0.353177324901073
8.949999999999992,149.01417541503906,239.43899536132812,16.475400924682617,-0.073760986328125,1.0,"[0.3563104271888733, 0.0, 0.525068998336792, 0.9599643349647522]","[0.0, 0.0, -3.1957933970261365e-06, 0.00011933333735214546, -0.04375659301877022, 1.0, 0.016333334147930145, -3.1957933970261365e-06, 0.0, 0.0, 1.0172526572205243e-06, -0.016214000061154366, 0.0, 0.0]","[0.0, 0.0, 1.0, 0.5899035930633545, 0.0, 0.9011340141296387, 0.5568718910217285, 0.5159888863563538]",-0.26026885752804474
8.999999999999993,149.83819580078125,239.53231811523438,16.678850173950195,-0.070770263671875,1.0,"[0.3429591655731201, 0.0, 0.5143933892250061, 0.9605218768119812]","[0.0, 0.0, -3.1957933970261365e-06, 0.00011933333735214546, -0.04375659301877022, 1.0, 0.016333334147930145, -3.1957933970261365e-06, 0.0, 0.0, 1.0172526572205243e-06, -0.016214000061154366, 0.0, 0.0]","[0.0, 0.0, 1.0, 0.5899035930633545, 0.0, 0.9011340141296387, 0.5568718910217285, 0.5159888863563538]",-0.33408773548564574
9.049999999999994,150.67416381835938,239.61000061035156,16.884729385375977,-0.064727783203125,1.0,"[0.3294484615325928, 0.0, 0.49935516715049744, 0.954556405544281]","[0.0, 0.0, -3.1957933970261365e-06, 0.00011933333735214546, -0.04375659301877022, 1.0, 0.016333334147930145, -3.1957933970261365e-06, 0.0, 0.0, 1.0172526572205243e-06, -0.016214000061154366, 0.0, 0.0]","[0.0, 0.0, 1.0, 0.5899035930633545, 0.0, 0.9011340141296387, 0.5568718910217285, 0.5159888863563538]",-0.30813792193069456
9.099999999999994,151.52183532714844,239.67294311523438,17.092260360717773,-0.055572509765625,0.98046875,"[0.315829336643219, 0.10689999908208847, 0.4782351553440094, 0.9473464488983154]","[0.0, 0.0, -3.1957933970261365e-06, 0.00011933333735214546, -0.04375659301877022, 1.0, 0.016333334147930145, -3.1957933970261365e-06, 0.0, 0.0, 1.0172526572205243e-06, -0.016214000061154366, 0.0, 0.0]","[0.0, 0.0, 1.0, 0.5899035930633545, 0.0, 0.9011340141296387, 0.5568718910217285, 0.5159888863563538]",-0.5629206503942219
9.149999999999995,152.38072204589844,239.7216796875,17.29252052307129,-0.050933837890625,0.890625,"[0.302687406539917, 0.6065000295639038, 0.46225494146347046, 0.9538260698318481]","[0.0, 0.0, -3.1957933970261365e-06, 0.00011933333735214546, -0.04375659301877022, 1.0, 0.016333334147930145, -3.1957933970261365e-06, 0.0, 0.0, 1.0172526572205243e-06, -0.016214000061154366, 0.0, 0.0]","[0.0, 0.0, 1.0, 0.5899035930633545, 0.0, 0.9011340141296387, 0.5568718910217285, 0.5159888863563538]",-0.909183624695233
9.199999999999996,153.24984741210938,239.75637817382812,17.476049423217773,-0.047760009765625,0.81640625,"[0.2906433939933777, 1.0, 0.43923425674438477, 0.9468614459037781]","[0.0, 0.0, -3.1957933970261365e-06, 0.00011933333735214546, -0.04375659301877022, 1.0, 0.016333334147930145, -3.1957933970261365e-06, 0.0, 0.0, 1.0172526572205243e-06, -0.016214000061154366, 0.0, 0.0]","[0.0, 0.0, 1.0, 0.5899035930633545, 0.0, 0.9011340141296387, 0.5568718910217285, 0.5159888863563538]",-1.308029372476204
9.249999999999996,154.12803649902344,239.7774200439453,17.641820907592773,-0.045928955078125,0.8046875,"[0.27976471185684204, 1.0, 0.41678062081336975, 0.9494566917419434]","[0.0, 0.0, -3.1957933970261365e-06, 0.00011933333735214546, -0.04375659301877022, 1.0, 0.016333334147930145, -3.1957933970261365e-06, 0.0, 0.0, 1.0172526572205243e-06, -0.016214000061154366, 0.0, 0.0]","[0.0, 0.0, 1.0, 0.5899035930633545, 0.0, 0.9011340141296387, 0.5568718910217285, 0.5159888863563538]",-1.3415582912042248
9.299999999999997,155.0143280029297,239.78512573242188,17.7950496673584,-0.04412841796875,0.8046875,"[0.26970916986465454, 1.0, 0.3975841701030731, 0.9573459029197693]","[0.0, 0.0, -3.1957933970261365e-06, 0.00011933333735214546, -0.04375659301877022, 1.0, 0.016333334147930145, -3.1957933970261365e-06, 0.0, 0.0, 1.0172526572205243e-06, -0.016214000061154366, 0.0, 0.0]","[0.0, 0.0, 1.0, 0.5899035930633545, 0.0, 0.9011340141296387, 0.5568718910217285, 0.5159888863563538]",-1.7704989092283423
9.349999999999998,155.90802001953125,239.7799530029297,17.940160751342773,-0.041778564453125,0.8046875,"[0.2601863145828247, 1.0, 0.3806588649749756, 0.962630569934845]","[0.0, 0.0, -3.1957933970261365e-06, 0.00011933333735214546, -0.04375659301877022, 1.0, 0.016333334147930145, -3.1957933970261365e-06, 0.0, 0.0, 1.0172526572205243e-06, -0.016214000061154366, 0.0, 0.0]","[0.0, 0.0, 1.0, 0.5899035930633545, 0.0, 0.9011340141296387, 0.5568718910217285, 0.5159888863563538]",-2.2144516093960007
9.399999999999999,156.8087158203125,239.7625274658203,18.081979751586914,-0.037506103515625,0.828125,"[0.25087952613830566, 1.0, 0.3632988929748535, 0.962942898273468]","[0.0, 0.0, -3.1957933970261365e-06, 0.00011933333735214546, -0.04375659301877022, 1.0, 0.016333334147930145, -3.1957933970261365e-06, 0.0, 0.0, 1.0172526572205243e-06, -0.016214000061154366, 0.0, 0.0]","[0.0, 0.0, 1.0, 0.5899035930633545, 0.0, 0.9011340141296387, 0.5568718910217285, 0.5159888863563538]",-2.6631080459099423
9.45,157.71627807617188,239.7339324951172,18.22429084777832,-0.029693603515625,0.828125,"[0.24154043197631836, 1.0, 0.3370975852012634, 0.9544970989227295]","[0.0, 0.0, -3.1957933970261365e-06, 0.00011933333735214546, -0.04375659301877022, 1.0, 0.016333334147930145, -3.1957933970261365e-06, 0.0, 0.0, 1.0172526572205243e-06, -0.016214000061154366, 0.0, 0.0]","[0.0, 0.0, 1.0, 0.5899035930633545, 0.0, 0.9011340141296387, 0.5568718910217285, 0.5159888863563538]",-2.6586131439495793
9.5,158.63070678710938,239.69534301757812,18.367250442504883,-0.020782470703125,0.828125,"[0.23215878009796143, 1.0, 0.3074122965335846, 0.9505946040153503]","[0.0, 0.0, -3.1957933970261365e-06, 0.00011933333735214546, -0.04375659301877022, 1.0, 0.016333334147930145, -3.1957933970261365e-06, 0.0, 0.0, 1.0172526572205243e-06, -0.016214000061154366, 0.0, 0.0]","[0.0, 0.0, 1.0, 0.5899035930633545, 0.0, 0.9011340141296387, 0.5568718910217285, 0.5159888863563538]",-3.08189304342571
9.55,159.55197143554688,239.64822387695312,18.510940551757812,-0.01092529296875,0.828125,"[0.22272920608520508, 1.0, 0.27265802025794983, 0.944986879825592]","[0.0, 0.0, -3.1957933970261365e-06, 0.00011933333735214546, -0.04375659301877022, 1.0, 0.016333334147930145, -3.1957933970261365e-06, 0.0, 0.0, 1.0172526572205243e-06, -0.016214000061154366, 0.0, 0.0]","[0.0, 0.0, 1.0, 0.5899035930633545, 0.0, 0.9011340141296387, 0.5568718910217285, 0.5159888863563538]",-3.4900930996840795
9.600000000000001,160.48013305664062,239.5941619873047,18.655189514160156,-0.0009765625,0.828125,"[0.2132629156112671, 1.0, 0.23418593406677246, 0.9409030079841614]","[0.0, 0.0, -3.1957933970261365e-06, 0.00011933333735214546, -0.04375659301877022, 1.0, 0.016333334147930145, -3.1957933970261365e-06, 0.0, 0.0, 1.0172526572205243e-06, -0.016214000061154366, 0.0, 0.0]","[0.0, 0.0, 1.0, 0.5899035930633545, 0.0, 0.9011340141296387, 0.5568718910217285, 0.5159888863563538]",-3.9042100147865764
9.650000000000002,161.41525268554688,239.53448486328125,18.799619674682617,0.004150390625,0.828125,"[0.2037847638130188, 1.0, 0.20709757506847382, 0.9526882767677307]","[0.0, 0.0, -3.1957933970261365e-06, 0.00011933333735214546, -0.04375659301877022, 1.0, 0.016333334147930145, -3.1957933970261365e-06, 0.0, 0.0, 1.0172526572205243e-06, -0.016214000061154366, 0.0, 0.0]","[0.0, 0.0, 1.0, 0.5899035930633545, 0.0, 0.9011340141296387, 0.5568718910217285, 0.5159888863563538]",-3.836274135365043
9.700000000000003,162.35728454589844,239.46987915039062,18.942529678344727,0.0030517578125,0.8046875,"[0.1944063901901245, 1.0, 0.19408616423606873, 0.9681775569915771]","[0.0, 0.0, -3.1957933970261365e-06, 0.00011933333735214546, -0.04375659301877022, 1.0, 0.016333334147930145, -3.1957933970261365e-06, 0.0, 0.0, 1.0172526572205243e-06, -0.016214000061154366, 0.0, 0.0]","[0.0, 0.0, 1.0, 0.5899035930633545, 0.0, 0.9011340141296387, 0.5568718910217285, 0.5159888863563538]",-4.239431996307539
9.750000000000004,163.3060760498047,239.40115356445312,19.081159591674805,0.00164794921875,0.78125,"[0.18530887365341187, 1.0, 0.1768813282251358, 0.9655157327651978]","[0.0, 0.0, -3.1957933970261365e-06, 0.00011933333735214546, -0.04375659301877022, 1.0, 0.016333334147930145, -3.1957933970261365e-06, 0.0, 0.0, 1.0172526572205243e-06, -0.016214000061154366, 0.0, 0.0]","[0.0, 0.0, 1.0, 0.5899035930633545, 0.0, 0.9011340141296387, 0.5568718910217285, 0.5159888863563538]",-4.583876345925594
9.800000000000004,164.26132202148438,239.3291473388672,19.21047019958496,0.0010986328125,0.7109375,"[0.1768229603767395, 1.0, 0.15416043996810913, 0.9624491333961487]","[0.0, 0.0, -3.1957933970261365e-06, 0.00011933333735214546, -0.04375659301877022, 1.0, 0.016333334147930145, -3.1957933970261365e-06, 0.0, 0.0, 1.0172526572205243e-06, -0.016214000061154366, 0.0, 0.0]","[0.0, 0.0, 1.0, 0.5899035930633545, 0.0, 0.9011340141296387, 0.5568718910217285, 0.5159888863563538]",-4.901760869468506
9.850000000000005,165.22230529785156,239.25474548339844,19.32094955444336,0.001251220703125,0.59765625,"[0.16957277059555054, 1.0, 0.12453273683786392, 0.9573928713798523]","[0.0, 0.0, -3.1957933970261365e-06, 0.00011933333735214546, -0.04375659301877022, 1.0, 0.016333334147930145, -3.1957933970261365e-06, 0.0, 0.0, 1.0172526572205243e-06, -0.016214000061154366, 0.0, 0.0]","[0.0, 0.0, 1.0, 0.5899035930633545, 0.0, 0.9011340141296387, 0.5568718910217285, 0.5159888863563538]",-4.548941404055105
9.900000000000006,166.18785095214844,239.178955078125,19.40312957763672,0.004119873046875,0.4880828857421875,"[0.1641797423362732, 1.0, 0.08293011039495468, 0.947878360748291]","[0.0, 0.0, -3.1957933970261365e-06, 0.00011933333735214546, -0.04375659301877022, 1.0, 0.016333334147930145, -3.1957933970261365e-06, 0.0, 0.0, 1.0172526572205243e-06, -0.016214000061154366, 0.0, 0.0]","[0.0, 0.0, 1.0, 0.5899035930633545, 0.0, 0.9011340141296387, 0.5568718910217285, 0.5159888863563538]",-4.848729190236948
9.950000000000006,167.156494140625,239.10243225097656,19.45846939086914,0.007080078125,0.3730010986328125,"[0.16054809093475342, 1.0, 0.053732745349407196, 0.9590396881103516]","[0.0, 0.0, -3.1957933970261365e-06, 0.00011933333735214546, -0.04375659301877022, 1.0, 0.016333334147930145, -3.1957933970261365e-06, 0.0, 0.0, 1.0172526572205243e-06, -0.016214000061154366, 0.0, 0.0]","[0.0, 0.0, 1.0, 0.5899035930633545, 0.0, 0.9011340141296387, 0.5568718910217285, 0.5159888863563538]",-5.148303616134252
10.000000000000007,168.12710571289062,239.02609252929688,19.48509979248047,0.008056640625,0.25396728515625,"[0.15880054235458374, 1.0, 0.04231516644358635, 0.9318860769271851]","[0.0, 0.0, -3.1957933970261365e-06, 0.00011933333735214546, -0.04375659301877022, 1.0, 0.016333334147930145, -3.1957933970261365e-06, 0.0, 0.0, 1.0172526572205243e-06, -0.016214000061154366, 0.0, 0.0]","[0.0, 0.0, 1.0, 0.5899035930633545, 0.0, 0.9011340141296387, 0.5568718910217285, 0.5159888863563538]",-5.448337559028666
10.050000000000008,169.0978240966797,238.95095825195312,19.47068977355957,0.011688232421875,0.20000000298023224,"[0.15974611043930054, 1.0, 0.040947165340185165, 0.9442266225814819]","[0.0, 0.0, -3.1957933970261365e-06, 0.00011933333735214546, -0.04375659301877022, 1.0, 0.016333334147930145, -3.1957933970261365e-06, 0.0, 0.0, 1.0172526572205243e-06, -0.016214000061154366, 0.0, 0.0]","[0.0, 0.0, 1.0, 0.5899035930633545, 0.0, 0.9011340141296387, 0.5568718910217285, 0.5159888863563538]",-5.0811726013822724
10.100000000000009,170.0669708251953,238.87820434570312,19.4265193939209,0.018646240234375,0.20000000298023224,"[0.16264480352401733, 1.0, 0.10144834220409393, 0.9454445242881775]","[0.0, 0.0, -3.1957933970261365e-06, 0.00011933333735214546, -0.04375659301877022, 1.0, 0.016333334147930145, -3.1957933970261365e-06, 0.0, 0.0, 1.0172526572205243e-06, -0.016214000061154366, 0.0, 0.0]","[0.0, 0.0, 1.0, 0.5899035930633545, 0.0, 0.9011340141296387, 0.5568718910217285, 0.5159888863563538]",-5.374146035431784
10.15000000000001,171.03355407714844,238.8094024658203,19.363439559936523,0.027679443359375,0.20000000298023224,"[0.166784405708313, 1.0, 0.15139736235141754, 0.9467343688011169]","[0.0, 0.0, -3.1957933970261365e-06, 0.00011933333735214546, -0.04375659301877022, 1.0, 0.016333334147930145, -3.1957933970261365e-06, 0.0, 0.0, 1.0172526572205243e-06, -0.016214000061154366, 0.0, 0.0]","[0.0, 0.0, 1.0, 0.5899035930633545, 0.0, 0.9011340141296387, 0.5568718910217285, 0.5159888863563538]",-5.661586635911227
10.20000000000001,171.99696350097656,238.7461395263672,19.288150787353516,0.0364990234375,0.20000000298023224,"[0.17172521352767944, 1.0, 0.1958751529455185, 0.9491503238677979]","[0.0, 0.0, -3.1957933970261365e-06, 0.00011933333735214546, -0.04375659301877022, 1.0, 0.016333334147930145, -3.1957933970261365e-06, 0.0, 0.0, 1.0172526572205243e-06, -0.016214000061154366, 0.0, 0.0]","[0.0, 0.0, 1.0, 0.5899035930633545, 0.0, 0.9011340141296387, 0.5568718910217285, 0.5159888863563538]",-5.9427773946664475
10.25000000000001,172.95684814453125,238.68995666503906,19.204729080200195,0.04486083984375,0.20000000298023224,"[0.17719972133636475, 1.0, 0.23773978650569916, 0.9494001865386963]","[0.0, 0.0, -3.1957933970261365e-06, 0.00011933333735214546, -0.04375659301877022, 1.0, 0.016333334147930145, -3.1957933970261365e-06, 0.0, 0.0, 1.0172526572205243e-06, -0.016214000061154366, 0.0, 0.0]","[0.0, 0.0, 1.0, 0.5899035930633545, 0.0, 0.9011340141296387, 0.5568718910217285, 0.5159888863563538]",-5.547308505485828
10.300000000000011,173.912841796875,238.6426239013672,19.115270614624023,0.0540771484375,0.20000000298023224,"[0.1830703616142273, 1.0, 0.2823841869831085, 0.9448577165603638]","[0.0, 0.0, -3.1957933970261365e-06, 0.00011933333735214546, -0.04375659301877022, 1.0, 0.016333334147930145, -3.1957933970261365e-06, 0.0, 0.0, 1.0172526572205243e-06, -0.016214000061154366, 0.0, 0.0]","[0.0, 0.0, 1.0, 0.5899035930633545, 0.0, 0.9011340141296387, 0.5568718910217285, 0.5159888863563538]",-5.82062993973058
10.350000000000012,174.8646697998047,238.60623168945312,19.02042007446289,0.065277099609375,0.20000000298023224,"[0.18929487466812134, 1.0, 0.32605889439582825, 0.9374814629554749]","[0.0, 0.0, -3.1957933970261365e-06, 0.00011933333735214546, -0.04375659301877022, 1.0, 0.016333334147930145, -3.1957933970261365e-06, 0.0, 0.0, 1.0172526572205243e-06, -0.016214000061154366, 0.0, 0.0]","[0.0, 0.0, 1.0, 0.5899035930633545, 0.0, 0.9011340141296387, 0.5568718910217285, 0.5159888863563538]",-6.086966152940651
10.400000000000013,175.81198120117188,238.5832977294922,18.919109344482422,0.0809326171875,0.20000000298023224,"[0.19594335556030273, 1.0, 0.3808659315109253, 0.9236363768577576]","[0.0, 0.0, -3.1957933970261365e-06, 0.00011933333735214546, -0.04375659301877022, 1.0, 0.016333334147930145, -3.1957933970261365e-06, 0.0, 0.0, 1.0172526572205243e-06, -0.016214000061154366, 0.0, 0.0]","[0.0, 0.0, 1.0, 0.5899035930633545, 0.0, 0.9011340141296387, 0.5568718910217285, 0.5159888863563538]",-6.344463366053352
10.450000000000014,176.75424194335938,238.57669067382812,18.809980392456055,0.09942626953125,0.20000000298023224,"[0.20310485363006592, 1.0, 0.4413507580757141, 0.9154669642448425]","[0.0, 0.0, -3.1957933970261365e-06, 0.00011933333735214546, -0.04375659301877022, 1.0, 0.016333334147930145, -3.1957933970261365e-06, 0.0, 0.0, 1.0172526572205243e-06, -0.016214000061154366, 0.0, 0.0]","[0.0, 0.0, 1.0, 0.5899035930633545, 0.0, 0.9011340141296387, 0.5568718910217285, 0.5159888863563538]",-5.916784544387269
10.500000000000014,177.69091796875,238.5878448486328,18.70026969909668,0.121856689453125,0.20000000298023224,"[0.2103046178817749, 1.0, 0.4549652338027954, 0.9628117084503174]","[0.0, 0.0, -3.1957933970261365e-06, 0.00011933333735214546, -0.04375659301877022, 1.0, 0.016333334147930145, -3.1957933970261365e-06, 0.0, 0.0, 1.0172526572205243e-06, -0.016214000061154366, 0.0, 0.0]","[0.0, 0.0, 1.0, 0.5899035930633545, 0.0, 0.9011340141296387, 0.5568718910217285, 0.5159888863563538]",-6.153860604156558
10.550000000000015,178.62081909179688,238.62103271484375,18.56817054748535,0.145843505859375,0.20000000298023224,"[0.21897351741790771, 1.0, 0.5813046097755432, 0.8452735543251038]","[0.0, 0.0, -3.1957933970261365e-06, 0.00011933333735214546, -0.04375659301877022, 1.0, 0.016333334147930145, -3.1957933970261365e-06, 0.0, 0.0, 1.0172526572205243e-06, -0.016214000061154366, 0.0, 0.0]","[0.0, 0.0, 1.0, 0.5899035930633545, 0.0, 0.9011340141296387, 0.5568718910217285, 0.5159888863563538]",-6.380079020353012
10.600000000000016,179.5420684814453,238.68052673339844,18.419099807739258,0.1737060546875,0.20000000298023224,"[0.22875618934631348, 1.0, 0.6315740942955017, 0.8883860111236572]","[0.0, 0.0, -3.1957933970261365e-06, 0.00011933333735214546, -0.04375659301877022, 1.0, 0.016333334147930145, -3.1957933970261365e-06, 0.0, 0.0, 1.0172526572205243e-06, -0.016214000061154366, 0.0, 0.0]","[0.0, 0.0, 1.0, 0.5899035930633545, 0.0, 0.9011340141296387, 0.5568718910217285, 0.5159888863563538]",-6.5940473770344505
10.650000000000016,180.45266723632812,238.76927185058594,18.251649856567383,0.20306396484375,0.20000000298023224,"[0.23974502086639404, 1.0, 0.6419687867164612, 0.885343611240387]","[0.0, 0.0, -3.1957933970261365e-06, 0.00011933333735214546, -0.04375659301877022, 1.0, 0.016333334147930145, -3.1957933970261365e-06, 0.0, 0.0, 1.0172526572205243e-06, -0.016214000061154366, 0.0, 0.0]","[0.0, 0.0, 1.0, 0.5899035930633545, 0.0, 0.9011340141296387, 0.5568718910217285, 0.5159888863563538]",-6.1152765227053
10.700000000000017,181.35009765625,238.89041137695312,18.060779571533203,0.236480712890625,0.20000000298023224,"[0.25227075815200806, 1.0, 0.6547912359237671, 0.8743102550506592]","[0.0, 0.0, -3.1957933970261365e-06, 0.00011933333735214546, -0.04375659301877022, 1.0, 0.016333334147930145, -3.1957933970261365e-06, 0.0, 0.0, 1.0172526572205243e-06, -0.016214000061154366, 0.0, 0.0]","[0.0, 0.0, 1.0, 0.5899035930633545, 0.0, 0.9011340141296387, 0.5568718910217285, 0.5159888863563538]",-6.304948305141148
10.750000000000018,182.23126220703125,239.04673767089844,17.84486961364746,0.26806640625,0.20000000298023224,"[0.2664397358894348, 1.0, 0.6672808527946472, 0.8737670183181763]","[0.0, 0.0, -3.1957933970261365e-06, 0.00011933333735214546, -0.04375659301877022, 1.0, 0.016333334147930145, -3.1957933970261365e-06, 0.0, 0.0, 1.0172526572205243e-06, -0.016214000061154366, 0.0, 0.0]","[0.0, 0.0, 1.0, 0.5899035930633545, 0.0, 0.9011340141296387, 0.5568718910217285, 0.5159888863563538]",-6.481813654504308
10.800000000000018,183.0929718017578,239.24012756347656,17.607500076293945,0.29150390625,0.20000000298023224,"[0.2820169925689697, 1.0, 0.6752536296844482, 0.8829528093338013]","[0.0, 0.0, -3.1957933970261365e-06, 0.00011933333735214546, -0.04375659301877022, 1.0, 0.016333334147930145, -3.1957933970261365e-06, 0.0, 0.0, 1.0172526572205243e-06, -0.016214000061154366, 0.0, 0.0]","[0.0, 0.0, 1.0, 0.5899035930633545, 0.0, 0.9011340141296387, 0.5568718910217285, 0.5159888863563538]",-6.643338861342032
10.85000000000002,183.9318389892578,239.471923828125,17.349180221557617,0.31109619140625,0.20000000298023224,"[0.2989690899848938, 1.0, 0.6813217997550964, 0.8846722841262817]","[0.0, 0.0, -3.1957933970261365e-06, 0.00011933333735214546, -0.04375659301877022, 1.0, 0.016333334147930145, -3.1957933970261365e-06, 0.0, 0.0, 1.0172526572205243e-06, -0.016214000061154366, 0.0, 0.0]","[0.0, 0.0, 1.0, 0.5899035930633545, 0.0, 0.9011340141296387, 0.5568718910217285, 0.5159888863563538]",-6.115865567914178
10.90000000000002,184.74436950683594,239.74269104003906,17.070659637451172,0.327239990234375,0.20000000298023224,"[0.31724685430526733, 1.0, 0.6857745051383972, 0.8872544169425964]","[0.0, 0.0, -3.1957933970261365e-06, 0.00011933333735214546, -0.04375659301877022, 1.0, 0.016333334147930145, -3.1957933970261365e-06, 0.0, 0.0, 1.0172526572205243e-06, -0.016214000061154366, 0.0, 0.0]","[0.0, 0.0, 1.0, 0.5899035930633545, 0.0, 0.9011340141296387, 0.5568718910217285, 0.5159888863563538]",-6.243853952210912
10.95000000000002,185.52696228027344,240.05233764648438,16.773649215698242,0.3394775390625,0.20000000298023224,"[0.33673804998397827, 1.0, 0.6883912086486816, 0.8897954225540161]","[0.0, 0.0, -3.1957933970261365e-06, 0.00011933333735214546, -0.04375659301877022, 1.0, 0.016333334147930145, -3.1957933970261365e-06, 0.0, 0.0, 1.0172526572205243e-06, -0.016214000061154366, 0.0, 0.0]","[0.0, 0.0, 1.0, 0.5899035930633545, 0.0, 0.9011340141296387, 0.5568718910217285, 0.5159888863563538]",-6.352256726984829
11.000000000000021,186.2762451171875,240.400146484375,16.46194076538086,0.345458984375,0.20000000298023224,"[0.3571937680244446, 1.0, 0.6880448460578918, 0.8937908411026001]","[0.0, 0.0, -3.1957933970261365e-06, 0.00011933333735214546, -0.04375659301877022, 1.0, 0.016333334147930145, -3.1957933970261365e-06, 0.0, 0.0, 1.0172526572205243e-06, -0.016214000061154366, 0.0, 0.0]","[0.0, 0.0, 1.0, 0.5899035930633545, 0.0, 0.9011340141296387, 0.5568718910217285, 0.5159888863563538]",-6.441201566211514
11.050000000000022,186.98886108398438,240.78475952148438,16.137659072875977,0.348236083984375,0.20000000298023224,"[0.37847453355789185, 1.0, 0.6864923238754272, 0.8941172361373901]","[0.0, 0.0, -3.1957933970261365e-06, 0.00011933333735214546, -0.04375659301877022, 1.0, 0.016333334147930145, -3.1957933970261365e-06, 0.0, 0.0, 1.0172526572205243e-06, -0.016214000061154366, 0.0, 0.0]","[0.0, 0.0, 1.0, 0.5899035930633545, 0.0, 0.9011340141296387, 0.5568718910217285, 0.5159888863563538]",-5.843665038988153
11.100000000000023,187.66554260253906,241.20091247558594,15.820850372314453,0.3486328125,0.20000000298023224,"[0.39926499128341675, 1.0, 0.676358699798584, 0.8415717482566833]","[0.0, 0.0, -3.1957933970261365e-06, 0.00011933333735214546, -0.04375659301877022, 1.0, 0.016333334147930145, -3.1957933970261365e-06, 0.0, 0.0, 1.0172526572205243e-06, -0.016214000061154366, 0.0, 0.0]","[0.0, 0.0, 1.0, 0.5899035930633545, 0.0, 0.9011340141296387, 0.5568718910217285, 0.5159888863563538]",-5.911454061705107
11.150000000000023,188.30482482910156,241.64547729492188,15.464179992675781,0.3480224609375,0.20000000298023224,"[0.42267125844955444, 1.0, 0.6821380853652954, 0.8469609618186951]","[0.0, 0.0, -3.1957933970261365e-06, 0.00011933333735214546, -0.04375659301877022, 1.0, 0.016333334147930145, -3.1957933970261365e-06, 0.0, 0.0, 1.0172526572205243e-06, -0.016214000061154366, 0.0, 0.0]","[0.0, 0.0, 1.0, 0.5899035930633545, 0.0, 0.9011340141296387, 0.5568718910217285, 0.5159888863563538]",-5.973556604694816
11.200000000000024,188.8953094482422,242.12327575683594,15.095499992370605,0.347625732421875,0.20000000298023224,"[0.4468657970428467, 1.0, 0.6718751788139343, 0.8602670431137085]","[0.0, 0.0, -3.1957933970261365e-06, 0.00011933333735214546, -0.04375659301877022, 1.0, 0.016333334147930145, -3.1957933970261365e-06, 0.0, 0.0, 1.0172526572205243e-06, -0.016214000061154366, 0.0, 0.0]","[0.0, 0.0, 1.0, 0.5899035930633545, 0.0, 0.9011340141296387, 0.5568718910217285, 0.5159888863563538]",-6.025046227748112
11.250000000000025,189.4435577392578,242.62510681152344,14.792630195617676,0.347259521484375,0.20000000298023224,"[0.4667414426803589, 1.0, 0.639900267124176, 0.7049198150634766]","[0.0, 0.0, -3.1957933970261365e-06, 0.00011933333735214546, -0.04375659301877022, 1.0, 0.016333334147930145, -3.1957933970261365e-06, 0.0, 0.0, 1.0172526572205243e-06, -0.016214000061154366, 0.0, 0.0]","[0.0, 0.0, 1.0, 0.5899035930633545, 0.0, 0.9011340141296387, 0.5568718910217285, 0.5159888863563538]",-5.449727739031851
11.300000000000026,189.94390869140625,243.15052795410156,14.393179893493652,0.346466064453125,0.20000000298023224,"[0.4929550886154175, 1.0, 0.6791912317276001, 0.6629772782325745]","[0.0, 0.0, -3.1957933970261365e-06, 0.00011933333735214546, -0.04375659301877022, 1.0, 0.016333334147930145, -3.1957933970261365e-06, 0.0, 0.0, 1.0172526572205243e-06, -0.016214000061154366, 0.0, 0.0]","[0.0, 0.0, 1.0, 0.5899035930633545, 0.0, 0.9011340141296387, 0.5568718910217285, 0.5159888863563538]",-5.51778233036833
11.350000000000026,190.39442443847656,243.69699096679688,14.101059913635254,0.344635009765625,0.20000000298023224,"[0.5121253132820129, 1.0, 0.6234171390533447, 0.7053288817405701]","[0.0, 0.0, -3.1957933970261365e-06, 0.00011933333735214546, -0.04375659301877022, 1.0, 0.016333334147930145, -3.1957933970261365e-06, 0.0, 0.0, 1.0172526572205243e-06, -0.016214000061154366, 0.0, 0.0]","[0.0, 0.0, 1.0, 0.5899035930633545, 0.0, 0.9011340141296387, 0.5568718910217285, 0.5159888863563538]",-5.589708038489653
11.400000000000027,190.79226684570312,244.26075744628906,13.708060264587402,0.341094970703125,0.20000000298023224,"[0.5379157066345215, 1.0, 0.6990145444869995, 0.7335488796234131]","[0.0, 0.0, -3.1957933970261365e-06, 0.00011933333735214546, -0.04375659301877022, 1.0, 0.016333334147930145, -3.1957933970261365e-06, 0.0, 0.0, 1.0172526572205243e-06, -0.016214000061154366, 0.0, 0.0]","[0.0, 0.0, 1.0, 0.5899035930633545, 0.0, 0.9011340141296387, 0.5568718910217285, 0.5159888863563538]",-5.664273745103487
11.450000000000028,191.14413452148438,244.83572387695312,13.3851900100708,0.329833984375,0.20000000298023224,"[0.5591039657592773, 1.0, 0.669275164604187, 0.7910097241401672]","[0.0, 0.0, -3.1957933970261365e-06, 0.00011933333735214546, -0.04375659301877022, 1.0, 0.016333334147930145, -3.1957933970261365e-06, 0.0, 0.0, 1.0172526572205243e-06, -0.016214000061154366, 0.0, 0.0]","[0.0, 0.0, 1.0, 0.5899035930633545, 0.0, 0.9011340141296387, 0.5568718910217285, 0.5159888863563538]",-5.205235938006654
11.500000000000028,191.44302368164062,245.42138671875,13.111550331115723,0.3082275390625,0.20000000298023224,"[0.5770614147186279, 1.0, 0.6355701684951782, 0.9154192805290222]","[0.0, 0.0, -3.1957933970261365e-06, 0.00011933333735214546, -0.04375659301877022, 1.0, 0.016333334147930145, -3.1957933970261365e-06, 0.0, 0.0, 1.0172526572205243e-06, -0.016214000061154366, 0.0, 0.0]","[0.0, 0.0, 1.0, 0.5899035930633545, 0.0, 0.9011340141296387, 0.5568718910217285, 0.5159888863563538]",-5.306955081907433
11.55000000000003,191.69290161132812,246.01580810546875,12.854849815368652,0.2764892578125,0.20000000298023224,"[0.5939072370529175, 1.0, 0.6195934414863586, 0.8356587290763855]","[0.0, 0.0, -3.1957933970261365e-06, 0.00011933333735214546, -0.04375659301877022, 1.0, 0.016333334147930145, -3.1957933970261365e-06, 0.0, 0.0, 1.0172526572205243e-06, -0.016214000061154366, 0.0, 0.0]","[0.0, 0.0, 1.0, 0.5899035930633545, 0.0, 0.9011340141296387, 0.5568718910217285, 0.5159888863563538]",-5.413873886441455
11.60000000000003,191.896484375,246.6162872314453,12.615779876708984,0.233673095703125,0.20000000298023224,"[0.6095960736274719, 1.0, 0.6386659145355225, 0.768642246723175]","[0.0, 0.0, -3.1957933970261365e-06, 0.00011933333735214546, -0.04375659301877022, 1.0, 0.016333334147930145, -3.1957933970261365e-06, 0.0, 0.0, 1.0172526572205243e-06, -0.016214000061154366, 0.0, 0.0]","[0.0, 0.0, 1.0, 0.5899035930633545, 0.0, 0.9011340141296387, 0.5568718910217285, 0.5159888863563538]",-5.527196227318667
11.65000000000003,192.0548553466797,247.21388244628906,12.300700187683105,0.18951416015625,0.20000000298023224,"[0.6302729845046997, 1.0, 0.7224430441856384, 0.7811172604560852]","[0.0, 0.0, -3.1957933970261365e-06, 0.00011933333735214546, -0.04375659301877022, 1.0, 0.016333334147930145, -3.1957933970261365e-06, 0.0, 0.0, 1.0172526572205243e-06, -0.016214000061154366, 0.0, 0.0]","[0.0, 0.0, 1.0, 0.5899035930633545, 0.0, 0.9011340141296387, 0.5568718910217285, 0.5159888863563538]",-5.173661602367473
11.700000000000031,192.17477416992188,247.80682373046875,12.061479568481445,0.151885986328125,0.20000000298023224,"[0.6459717154502869, 1.0, 0.673542857170105, 0.8195337057113647]","[0.0, 0.0, -3.1957933970261365e-06, 0.00011933333735214546, -0.04375659301877022, 1.0, 0.016333334147930145, -3.1957933970261365e-06, 0.0, 0.0, 1.0172526572205243e-06, -0.016214000061154366, 0.0, 0.0]","[0.0, 0.0, 1.0, 0.5899035930633545, 0.0, 0.9011340141296387, 0.5568718910217285, 0.5159888863563538]",-5.303123344276132
11.750000000000032,192.25872802734375,248.3955078125,11.874600410461426,0.12689208984375,0.2103271484375,"[0.6582355499267578, 1.0, 0.6397252678871155, 0.8851526975631714]","[0.0, 0.0, -3.1957933970261365e-06, 0.00011933333735214546, -0.04375659301877022, 1.0, 0.016333334147930145, -3.1957933970261365e-06, 0.0, 0.0, 1.0172526572205243e-06, -0.016214000061154366, 0.0, 0.0]","[0.0, 0.0, 1.0, 0.5899035930633545, 0.0, 0.9011340141296387, 0.5568718910217285, 0.5159888863563538]",-5.438485897739609
11.800000000000033,192.31138610839844,248.9798126220703,11.719860076904297,0.111083984375,0.2261962890625,"[0.6683903336524963, 1.0, 0.6242958307266235, 0.8812324404716492]","[0.0, 0.0, -3.1957933970261365e-06, 0.00011933333735214546, -0.04375659301877022, 1.0, 0.016333334147930145, -3.1957933970261365e-06, 0.0, 0.0, 1.0172526572205243e-06, -0.016214000061154366, 0.0, 0.0]","[0.0, 0.0, 1.0, 0.5899035930633545, 0.0, 0.9011340141296387, 0.5568718910217285, 0.5159888863563538]",-5.5704649257003
11.850000000000033,192.33700561523438,249.55978393554688,11.603480339050293,0.097503662109375,0.25396728515625,"[0.6760276556015015, 1.0, 0.5540342926979065, 0.8825991749763489]","[0.0, 0.0, -3.1957933970261365e-06, 0.00011933333735214546, -0.04375659301877022, 1.0, 0.016333334147930145, -3.1957933970261365e-06, 0.0, 0.0, 1.0172526572205243e-06, -0.016214000061154366, 0.0, 0.0]","[0.0, 0.0, 1.0, 0.5899035930633545, 0.0, 0.9011340141296387, 0.5568718910217285, 0.5159888863563538]",-5.266439595777728
11.900000000000034,192.34033203125,250.13540649414062,11.504980087280273,0.0828857421875,0.28173828125,"[0.6824917197227478, 1.0, 0.4630272388458252, 0.8826659321784973]","[0.0, 0.0, -3.1957933970261365e-06, 0.00011933333735214546, -0.04375659301877022, 1.0, 0.016333334147930145, -3.1957933970261365e-06, 0.0, 0.0, 1.0172526572205243e-06, -0.016214000061154366, 0.0, 0.0]","[0.0, 0.0, 1.0, 0.5899035930633545, 0.0, 0.9011340141296387, 0.5568718910217285, 0.5159888863563538]",-5.43956009467108
11.950000000000035,192.32626342773438,250.70712280273438,11.426400184631348,0.063262939453125,0.3491973876953125,"[0.6876484751701355, 1.0, 0.3643213212490082, 0.8770602941513062]","[0.0, 0.0, -3.1957933970261365e-06, 0.00011933333735214546, -0.04375659301877022, 1.0, 0.016333334147930145, -3.1957933970261365e-06, 0.0, 0.0, 1.0172526572205243e-06, -0.016214000061154366, 0.0, 0.0]","[0.0, 0.0, 1.0, 0.5899035930633545, 0.0, 0.9011340141296387, 0.5568718910217285, 0.5159888863563538]",-5.63705811143702
12.000000000000036,192.2991943359375,251.2758331298828,11.386549949645996,0.045318603515625,0.412689208984375,"[0.6902636289596558, 1.0, 0.25904613733291626, 0.8919858336448669]","[0.0, 0.0, -3.1957933970261365e-06, 0.00011933333735214546, -0.04375659301877022, 1.0, 0.016333334147930145, -3.1957933970261365e-06, 0.0, 0.0, 1.0172526572205243e-06, -0.016214000061154366, 0.0, 0.0]","[0.0, 0.0, 1.0, 0.5899035930633545, 0.0, 0.9011340141296387, 0.5568718910217285, 0.5159888863563538]",-5.85403977817359
12.050000000000036,192.26243591308594,251.84222412109375,11.341620445251465,0.030487060546875,0.4603118896484375,"[0.6932121515274048, 1.0, 0.19876088201999664, 0.916506826877594]","[0.0, 0.0, -3.1957933970261365e-06, 0.00011933333735214546, -0.04375659301877022, 1.0, 0.016333334147930145, -3.1957933970261365e-06, 0.0, 0.0, 1.0172526572205243e-06, -0.016214000061154366, 0.0, 0.0]","[0.0, 0.0, 1.0, 0.5899035930633545, 0.0, 0.9011340141296387, 0.5568718910217285, 0.5159888863563538]",-5.769083882891794
12.100000000000037,192.21897888183594,252.40760803222656,11.347729682922363,0.0177001953125,0.5078125,"[0.6928111910820007, 1.0, 0.10220474749803543, 0.9114728569984436]","[0.0, 0.0, -3.1957933970261365e-06, 0.00011933333735214546, -0.04375659301877022, 1.0, 0.016333334147930145, -3.1957933970261365e-06, 0.0, 0.0, 1.0172526572205243e-06, -0.016214000061154366, 0.0, 0.0]","[0.0, 0.0, 1.0, 0.5899035930633545, 0.0, 0.9011340141296387, 0.5568718910217285, 0.5159888863563538]",-6.033454314797089
12.150000000000038,192.17086791992188,252.9727325439453,11.339960098266602,0.0079345703125,0.56640625,"[0.6933210492134094, 1.0, 0.06445415318012238, 0.9450204968452454]","[0.0, 0.0, -3.1957933970261365e-06, 0.00011933333735214546, -0.04375659301877022, 1.0, 0.016333334147930145, -3.1957933970261365e-06, 0.0, 0.0, 1.0172526572205243e-06, -0.016214000061154366, 0.0, 0.0]","[0.0, 0.0, 1.0, 0.5899035930633545, 0.0, 0.9011340141296387, 0.5568718910217285, 0.5159888863563538]",-6.316133702128438
12.200000000000038,192.1192169189453,253.5388641357422,11.384980201721191,0.00164794921875,0.640625,"[0.6903666257858276, 1.0, 0.08109204471111298, 0.9307705760002136]","[0.0, 0.0, -3.1957933970261365e-06, 0.00011933333735214546, -0.04375659301877022, 1.0, 0.016333334147930145, -3.1957933970261365e-06, 0.0, 0.0, 1.0172526572205243e-06, -0.016214000061154366, 0.0, 0.0]","[0.0, 0.0, 1.0, 0.5899035930633545, 0.0, 0.9011340141296387, 0.5568718910217285, 0.5159888863563538]",-6.614286596130185
12.250000000000039,192.0655975341797,254.10665893554688,11.41553020477295,-0.002593994140625,0.71875,"[0.6883618235588074, 1.0, 0.03325670212507248, 0.9432477355003357]","[0.0, 0.0, -3.1957933970261365e-06, 0.00011933333735214546, -0.04375659301877022, 1.0, 0.016333334147930145, -3.1957933970261365e-06, 0.0, 0.0, 1.0172526572205243e-06, -0.016214000061154366, 0.0, 0.0]","[0.0, 0.0, 1.0, 0.5899035930633545, 0.0, 0.9011340141296387, 0.5568718910217285, 0.5159888863563538]",-6.660648049309919
12.30000000000004,192.0109405517578,254.67788696289062,11.50940990447998,-0.004791259765625,0.7890625,"[0.6822010278701782, 0.7991999983787537, 0.08622065931558609, 0.911020815372467]","[0.0, 0.0, -3.1957933970261365e-06, 0.00011933333735214546, -0.04375659301877022, 1.0, 0.016333334147930145, -3.1957933970261365e-06, 0.0, 0.0, 1.0172526572205243e-06, -0.016214000061154366, 0.0, 0.0]","[0.0, 0.0, 1.0, 0.5899035930633545, 0.0, 0.9011340141296387, 0.5568718910217285, 0.5159888863563538]",-6.960882729782032
12.35000000000004,191.9554443359375,255.2540740966797,11.613329887390137,-0.006744384765625,0.8515625,"[0.6753813028335571, 0.5669000148773193, 0.1051960363984108, 0.9650263786315918]","[0.0, 0.0, -3.1957933970261365e-06, 0.00011933333735214546, -0.04375659301877022, 1.0, 0.016333334147930145, -3.1957933970261365e-06, 0.0, 0.0, 1.0172526572205243e-06, -0.016214000061154366, 0.0, 0.0]","[0.0, 0.0, 1.0, 0.5899035930633545, 0.0, 0.9011340141296387, 0.5568718910217285, 0.5159888863563538]",-7.258087758628031
12.400000000000041,191.89968872070312,255.83700561523438,11.762630462646484,-0.008544921875,0.90234375,"[0.6655835509300232, 0.37599998712539673, 0.15088394284248352, 0.9231530427932739]","[0.0, 0.0, -3.1957933970261365e-06, 0.00011933333735214546, -0.04375659301877022, 1.0, 0.016333334147930145, -3.1957933970261365e-06, 0.0, 0.0, 1.0172526572205243e-06, -0.016214000061154366, 0.0, 0.0]","[0.0, 0.0, 1.0, 0.5899035930633545, 0.0, 0.9011340141296387, 0.5568718910217285, 0.5159888863563538]",-7.551559155922844
12.450000000000042,191.84378051757812,256.4281311035156,11.936149597167969,-0.00970458984375,0.953125,"[0.6541964411735535, 0.1826999932527542, 0.1804632842540741, 0.9430853128433228]","[0.0, 0.0, -3.1957933970261365e-06, 0.00011933333735214546, -0.04375659301877022, 1.0, 0.016333334147930145, -3.1957933970261365e-06, 0.0, 0.0, 1.0172526572205243e-06, -0.016214000061154366, 0.0, 0.0]","[0.0, 0.0, 1.0, 0.5899035930633545, 0.0, 0.9011340141296387, 0.5568718910217285, 0.5159888863563538]",-7.534817411696185
12.500000000000043,191.7879180908203,257.02886962890625,12.137940406799316,-0.009979248046875,0.9765625,"[0.6409540176391602, 0.09260000288486481, 0.2057582437992096, 0.9374521970748901]","[0.0, 0.0, -3.1957933970261365e-06, 0.00011933333735214546, -0.04375659301877022, 1.0, 0.016333334147930145, -3.1957933970261365e-06, 0.0, 0.0, 1.0172526572205243e-06, -0.016214000061154366, 0.0, 0.0]","[0.0, 0.0, 1.0, 0.5899035930633545, 0.0, 0.9011340141296387, 0.5568718910217285, 0.5159888863563538]",-7.825577359991334
12.550000000000043,191.7321319580078,257.6404113769531,12.360210418701172,-0.009979248046875,0.984375,"[0.6263676881790161, 0.06270000338554382, 0.22638636827468872, 0.9437335729598999]","[0.0, 0.0, -3.1957933970261365e-06, 0.00011933333735214546, -0.04375659301877022, 1.0, 0.016333334147930145, -3.1957933970261365e-06, 0.0, 0.0, 1.0172526572205243e-06, -0.016214000061154366, 0.0, 0.0]","[0.0, 0.0, 1.0, 0.5899035930633545, 0.0, 0.9011340141296387, 0.5568718910217285, 0.5159888863563538]",-8.1204411156892
12.600000000000044,191.67648315429688,258.2635192871094,12.596699714660645,-0.009979248046875,0.9921875,"[0.6108481884002686, 0.03189999982714653, 0.2394615262746811, 0.9504966735839844]","[0.0, 0.0, -3.1957933970261365e-06, 0.00011933333735214546, -0.04375659301877022, 1.0, 0.016333334147930145, -3.1957933970261365e-06, 0.0, 0.0, 1.0172526572205243e-06, -0.016214000061154366, 0.0, 0.0]","[0.0, 0.0, 1.0, 0.5899035930633545, 0.0, 0.9011340141296387, 0.5568718910217285, 0.5159888863563538]",-8.410314806248254
12.650000000000045,191.6210174560547,258.8988342285156,12.843259811401367,-0.009979248046875,0.9921875,"[0.5946677923202515, 0.032499998807907104, 0.24943912029266357, 0.9540544748306274]","[0.0, 0.0, -3.1957933970261365e-06, 0.00011933333735214546, -0.04375659301877022, 1.0, 0.016333334147930145, -3.1957933970261365e-06, 0.0, 0.0, 1.0172526572205243e-06, -0.016214000061154366, 0.0, 0.0]","[0.0, 0.0, 1.0, 0.5899035930633545, 0.0, 0.9011340141296387, 0.5568718910217285, 0.5159888863563538]",-8.35958033944293
12.700000000000045,191.56581115722656,259.5467224121094,13.097640037536621,-0.009979248046875,1.0,"[0.5779742002487183, 0.0, 0.2570131719112396, 0.9565757513046265]","[0.0, 0.0, -3.1957933970261365e-06, 0.00011933333735214546, -0.04375659301877022, 1.0, 0.016333334147930145, -3.1957933970261365e-06, 0.0, 0.0, 1.0172526572205243e-06, -0.016214000061154366, 0.0, 0.0]","[0.0, 0.0, 1.0, 0.5899035930633545, 0.0, 0.9011340141296387, 0.5568718910217285, 0.5159888863563538]",-8.650002035774905
12.750000000000046,191.51095581054688,260.20751953125,13.358570098876953,-0.009979248046875,1.0,"[0.5608508586883545, 0.0, 0.2634386718273163, 0.9580144882202148]","[0.0, 0.0, -3.1957933970261365e-06, 0.00011933333735214546, -0.04375659301877022, 1.0, 0.016333334147930145, -3.1957933970261365e-06, 0.0, 0.0, 1.0172526572205243e-06, -0.016214000061154366, 0.0, 0.0]","[0.0, 0.0, 1.0, 0.5899035930633545, 0.0, 0.9011340141296387, 0.5568718910217285, 0.5159888863563538]",-8.943468205788891
12.800000000000047,191.45654296875,260.8815612792969,13.624500274658203,-0.010101318359375,1.0,"[0.5433993339538574, 0.0, 0.26882636547088623, 0.9597030878067017]","[0.0, 0.0, -3.1957933970261365e-06, 0.00011933333735214546, -0.04375659301877022, 1.0, 0.016333334147930145, -3.1957933970261365e-06, 0.0, 0.0, 1.0172526572205243e-06, -0.016214000061154366, 0.0, 0.0]","[0.0, 0.0, 1.0, 0.5899035930633545, 0.0, 0.9011340141296387, 0.5568718910217285, 0.5159888863563538]",-9.232472091272346
12.850000000000048,191.40292358398438,261.564453125,13.67788028717041,-0.01019287109375,1.0,"[0.5398962497711182, 0.0, 0.08221801370382309, 0.7413874268531799]","[0.0, 0.0, -3.1957933970261365e-06, 0.00011933333735214546, -0.04375659301877022, 1.0, 0.016333334147930145, -3.1957933970261365e-06, 0.0, 0.0, 1.0172526572205243e-06, -0.016214000061154366, 0.0, 0.0]","[0.0, 0.0, 1.0, 0.5899035930633545, 0.0, 0.9011340141296387, 0.5568718910217285, 0.5159888863563538]",-9.103480859635267
12.900000000000048,191.35096740722656,262.2472839355469,13.720219612121582,-0.010498046875,1.0,"[0.5371177792549133, 0.0, 0.0744127407670021, 0.9807640314102173]","[0.0, 0.0, -3.1957933970261365e-06, 0.00011933333735214546, -0.04375659301877022, 1.0, 0.016333334147930145, -3.1957933970261365e-06, 0.0, 0.0, 1.0172526572205243e-06, -0.016214000061154366, 0.0, 0.0]","[0.0, 0.0, 1.0, 0.5899035930633545, 0.0, 0.9011340141296387, 0.5568718910217285, 0.5159888863563538]",-9.347608843756825
12.950000000000049,191.300537109375,262.9318542480469,13.84397029876709,-0.010772705078125,1.0,"[0.5289967060089111, 0.0, 0.14668484032154083, 0.8867028951644897]","[0.0, 0.0, -3.1957933970261365e-06, 0.00011933333735214546, -0.04375659301877022, 1.0, 0.016333334147930145, -3.1957933970261365e-06, 0.0, 0.0, 1.0172526572205243e-06, -0.016214000061154366, 0.0, 0.0]","[0.0, 0.0, 1.0, 0.5899035930633545, 0.0, 0.9011340141296387, 0.5568718910217285, 0.5159888863563538]",-9.564388072153761
13.00000000000005,191.25079345703125,263.6320495605469,14.15625,-0.011566162109375,1.0,"[0.5085034966468811, 0.0, 0.31569454073905945, 0.7426803708076477]","[0.0, 0.0, -3.1957933970261365e-06, 0.00011933333735214546, -0.04375659301877022, 1.0, 0.016333334147930145, -3.1957933970261365e-06, 0.0, 0.0, 1.0172526572205243e-06, -0.016214000061154366, 0.0, 0.0]","[0.0, 0.0, 1.0, 0.5899035930633545, 0.0, 0.9011340141296387, 0.5568718910217285, 0.5159888863563538]",-9.761746593987121
13.05000000000005,191.20208740234375,264.3469543457031,14.433899879455566,-0.012939453125,1.0,"[0.49028289318084717, 0.0, 0.2898333668708801, 0.9237900972366333]","[0.0, 0.0, -3.1957933970261365e-06, 0.00011933333735214546, -0.04375659301877022, 1.0, 0.016333334147930145, -3.1957933970261365e-06, 0.0, 0.0, 1.0172526572205243e-06, -0.016214000061154366, 0.0, 0.0]","[0.0, 0.0, 1.0, 0.5899035930633545, 0.0, 0.9011340141296387, 0.5568718910217285, 0.5159888863563538]",-9.46727530008336
13.100000000000051,191.1548614501953,265.0751953125,14.689990043640137,-0.0157470703125,1.0,"[0.4734771251678467, 0.0, 0.27979472279548645, 0.9370685815811157]","[0.0, 0.0, -3.1957933970261365e-06, 0.00011933333735214546, -0.04375659301877022, 1.0, 0.016333334147930145, -3.1957933970261365e-06, 0.0, 0.0, 1.0172526572205243e-06, -0.016214000061154366, 0.0, 0.0]","[0.0, 0.0, 1.0, 0.5899035930633545, 0.0, 0.9011340141296387, 0.5568718910217285, 0.5159888863563538]",-9.69233955555417
13.150000000000052,191.10975646972656,265.8158264160156,14.931440353393555,-0.019927978515625,1.0,"[0.45763200521469116, 0.0, 0.27978944778442383, 0.9426877498626709]","[0.0, 0.0, -3.1957933970261365e-06, 0.00011933333735214546, -0.04375659301877022, 1.0, 0.016333334147930145, -3.1957933970261365e-06, 0.0, 0.0, 1.0172526572205243e-06, -0.016214000061154366, 0.0, 0.0]","[0.0, 0.0, 1.0, 0.5899035930633545, 0.0, 0.9011340141296387, 0.5568718910217285, 0.5159888863563538]",-9.905281273327576
13.200000000000053,191.0675506591797,266.568359375,15.162919998168945,-0.024993896484375,1.0,"[0.44244128465652466, 0.0, 0.28672483563423157, 0.9454808831214905]","[0.0, 0.0, -3.1957933970261365e-06, 0.00011933333735214546, -0.04375659301877022, 1.0, 0.016333334147930145, -3.1957933970261365e-06, 0.0, 0.0, 1.0172526572205243e-06, -0.016214000061154366, 0.0, 0.0]","[0.0, 0.0, 1.0, 0.5899035930633545, 0.0, 0.9011340141296387, 0.5568718910217285, 0.5159888863563538]",-10.062923288808957
13.250000000000053,191.02853393554688,267.3323669433594,15.388330459594727,-0.029998779296875,1.0,"[0.4276488423347473, 0.0, 0.2826606333255768, 0.9600117802619934]","[0.0, 0.0, -3.1957933970261365e-06, 0.00011933333735214546, -0.04375659301877022, 1.0, 0.016333334147930145, -3.1957933970261365e-06, 0.0, 0.0, 1.0172526572205243e-06, -0.016214000061154366, 0.0, 0.0]","[0.0, 0.0, 1.0, 0.5899035930633545, 0.0, 0.9011340141296387, 0.5568718910217285, 0.5159888863563538]",-9.516181785148534
13.300000000000054,190.9938507080078,268.1076354980469,15.608329772949219,-0.03436279296875,1.0,"[0.413211464881897, 0.0, 0.31030023097991943, 0.9328863024711609]","[0.0, 0.0, -3.1957933970261365e-06, 0.00011933333735214546, -0.04375659301877022, 1.0, 0.016333334147930145, -3.1957933970261365e-06, 0.0, 0.0, 1.0172526572205243e-06, -0.016214000061154366, 0.0, 0.0]","[0.0, 0.0, 1.0, 0.5899035930633545, 0.0, 0.9011340141296387, 0.5568718910217285, 0.5159888863563538]",-9.628497011044386
13.350000000000055,190.96446228027344,268.89404296875,15.825460433959961,-0.03839111328125,1.0,"[0.39896243810653687, 0.0, 0.3217208981513977, 0.9530425071716309]","[0.0, 0.0, -3.1957933970261365e-06, 0.00011933333735214546, -0.04375659301877022, 1.0, 0.016333334147930145, -3.1957933970261365e-06, 0.0, 0.0, 1.0172526572205243e-06, -0.016214000061154366, 0.0, 0.0]","[0.0, 0.0, 1.0, 0.5899035930633545, 0.0, 0.9011340141296387, 0.5568718910217285, 0.5159888863563538]",-9.754575823274434
13.400000000000055,190.94113159179688,269.6913757324219,16.040639877319336,-0.041717529296875,1.0,"[0.3848413825035095, 0.0, 0.3351758122444153, 0.9524035453796387]","[0.0, 0.0, -3.1957933970261365e-06, 0.00011933333735214546, -0.04375659301877022, 1.0, 0.016333334147930145, -3.1957933970261365e-06, 0.0, 0.0, 1.0172526572205243e-06, -0.016214000061154366, 0.0, 0.0]","[0.0, 0.0, 1.0, 0.5899035930633545, 0.0, 0.9011340141296387, 0.5568718910217285, 0.5159888863563538]",-9.893808578431193
13.450000000000056,190.9244842529297,270.4996032714844,16.254880905151367,-0.042755126953125,1.0,"[0.37078189849853516, 0.0, 0.34455031156539917, 0.9580028653144836]","[0.0, 0.0, -3.1957933970261365e-06, 0.00011933333735214546, -0.04375659301877022, 1.0, 0.016333334147930145, -3.1957933970261365e-06, 0.0, 0.0, 1.0172526572205243e-06, -0.016214000061154366, 0.0, 0.0]","[0.0, 0.0, 1.0, 0.5899035930633545, 0.0, 0.9011340141296387, 0.5568718910217285, 0.5159888863563538]",-9.394379805433228
13.500000000000057,190.91506958007812,271.3186340332031,16.468660354614258,-0.042938232421875,1.0,"[0.35675281286239624, 0.0, 0.3527894616127014, 0.9598579406738281]","[0.0, 0.0, -3.1957933970261365e-06, 0.00011933333735214546, -0.04375659301877022, 1.0, 0.016333334147930145, -3.1957933970261365e-06, 0.0, 0.0, 1.0172526572205243e-06, -0.016214000061154366, 0.0, 0.0]","[0.0, 0.0, 1.0, 0.5899035930633545, 0.0, 0.9011340141296387, 0.5568718910217285, 0.5159888863563538]",-9.529029107054585
13.550000000000058,190.9135284423828,272.1484069824219,16.682199478149414,-0.042755126953125,1.0,"[0.3427393436431885, 0.0, 0.3615032732486725, 0.9595927000045776]","[0.0, 0.0, -3.1957933970261365e-06, 0.00011933333735214546, -0.04375659301877022, 1.0, 0.016333334147930145, -3.1957933970261365e-06, 0.0, 0.0, 1.0172526572205243e-06, -0.016214000061154366, 0.0, 0.0]","[0.0, 0.0, 1.0, 0.5899035930633545, 0.0, 0.9011340141296387, 0.5568718910217285, 0.5159888863563538]",-9.698964215564686
13.600000000000058,190.92037963867188,272.98876953125,16.895750045776367,-0.042388916015625,1.0,"[0.3287252187728882, 0.0, 0.36880573630332947, 0.9611449241638184]","[0.0, 0.0, -3.1957933970261365e-06, 0.00011933333735214546, -0.04375659301877022, 1.0, 0.016333334147930145, -3.1957933970261365e-06, 0.0, 0.0, 1.0172526572205243e-06, -0.016214000061154366, 0.0, 0.0]","[0.0, 0.0, 1.0, 0.5899035930633545, 0.0, 0.9011340141296387, 0.5568718910217285, 0.5159888863563538]",-10.109565745842483
13.650000000000059,190.9359893798828,273.8397521972656,17.109739303588867,-0.040740966796875,1.0,"[0.3146823048591614, 0.0, 0.3720140755176544, 0.9654572010040283]","[0.0, 0.0, -3.1957933970261365e-06, 0.00011933333735214546, -0.04375659301877022, 1.0, 0.016333334147930145, -3.1957933970261365e-06, 0.0, 0.0, 1.0172526572205243e-06, -0.016214000061154366, 0.0, 0.0]","[0.0, 0.0, 1.0, 0.5899035930633545, 0.0, 0.9011340141296387, 0.5568718910217285, 0.5159888863563538]",-10.397602141964354
13.70000000000006,190.9604034423828,274.70123291015625,17.324750900268555,-0.03656005859375,1.0,"[0.3005722761154175, 0.0, 0.3676210939884186, 0.9666814208030701]","[0.0, 0.0, -3.1957933970261365e-06, 0.00011933333735214546, -0.04375659301877022, 1.0, 0.016333334147930145, -3.1957933970261365e-06, 0.0, 0.0, 1.0172526572205243e-06, -0.016214000061154366, 0.0, 0.0]","[0.0, 0.0, 1.0, 0.5899035930633545, 0.0, 0.9011340141296387, 0.5568718910217285, 0.5159888863563538]",-10.949815671662138
13.75000000000006,190.9934844970703,275.5732421875,17.54085922241211,-0.031585693359375,1.0,"[0.2863903045654297, 0.0, 0.3602149188518524, 0.9633285403251648]","[0.0, 0.0, -3.1957933970261365e-06, 0.00011933333735214546, -0.04375659301877022, 1.0, 0.016333334147930145, -3.1957933970261365e-06, 0.0, 0.0, 1.0172526572205243e-06, -0.016214000061154366, 0.0, 0.0]","[0.0, 0.0, 1.0, 0.5899035930633545, 0.0, 0.9011340141296387, 0.5568718910217285, 0.5159888863563538]",-11.490090792205716
13.800000000000061,191.0348663330078,276.45574951171875,17.75666046142578,-0.025543212890625,0.9765625,"[0.2722284197807312, 0.1347000002861023, 0.34649714827537537, 0.9580962657928467]","[0.0, 0.0, -3.1957933970261365e-06, 0.00011933333735214546, -0.04375659301877022, 1.0, 0.016333334147930145, -3.1957933970261365e-06, 0.0, 0.0, 1.0172526572205243e-06, -0.016214000061154366, 0.0, 0.0]","[0.0, 0.0, 1.0, 0.5899035930633545, 0.0, 0.9011340141296387, 0.5568718910217285, 0.5159888863563538]",-12.034766333346946
13.850000000000062,191.08404541015625,277.3485412597656,17.968589782714844,-0.019561767578125,0.9453125,"[0.258320689201355, 0.3183000087738037, 0.3275463581085205, 0.9544338583946228]","[0.0, 0.0, -3.1957933970261365e-06, 0.00011933333735214546, -0.04375659301877022, 1.0, 0.016333334147930145, -3.1957933970261365e-06, 0.0, 0.0, 1.0172526572205243e-06, -0.016214000061154366, 0.0, 0.0]","[0.0, 0.0, 1.0, 0.5899035930633545, 0.0, 0.9011340141296387, 0.5568718910217285, 0.5159888863563538]",-12.255305071970662
13.900000000000063,191.1403045654297,278.2512512207031,18.17181968688965,-0.01318359375,0.88671875,"[0.24498379230499268, 0.667900025844574, 0.30019426345825195, 0.9482247829437256]","[0.0, 0.0, -3.1957933970261365e-06, 0.00011933333735214546, -0.04375659301877022, 1.0, 0.016333334147930145, -3.1957933970261365e-06, 0.0, 0.0, 1.0172526572205243e-06, -0.016214000061154366, 0.0, 0.0]","[0.0, 0.0, 1.0, 0.5899035930633545, 0.0, 0.9011340141296387, 0.5568718910217285, 0.5159888863563538]",-12.833633678982153
13.950000000000063,191.2025604248047,279.163330078125,18.35824966430664,-0.004913330078125,0.7890625,"[0.23274946212768555, 1.0, 0.25689801573753357, 0.9362201690673828]","[0.0, 0.0, -3.1957933970261365e-06, 0.00011933333735214546, -0.04375659301877022, 1.0, 0.016333334147930145, -3.1957933970261365e-06, 0.0, 0.0, 1.0172526572205243e-06, -0.016214000061154366, 0.0, 0.0]","[0.0, 0.0, 1.0, 0.5899035930633545, 0.0, 0.9011340141296387, 0.5568718910217285, 0.5159888863563538]",-13.446690100836646
14.000000000000064,191.26901245117188,280.0836486816406,18.517580032348633,0.006439208984375,0.65625,"[0.22229349613189697, 1.0, 0.19199427962303162, 0.9204413294792175]","[0.0, 0.0, -3.1957933970261365e-06, 0.00011933333735214546, -0.04375659301877022, 1.0, 0.016333334147930145, -3.1957933970261365e-06, 0.0, 0.0, 1.0172526572205243e-06, -0.016214000061154366, 0.0, 0.0]","[0.0, 0.0, 1.0, 0.5899035930633545, 0.0, 0.9011340141296387, 0.5568718910217285, 0.5159888863563538]",-14.08712482280487
14.050000000000065,191.3376007080078,281.0106201171875,18.63953971862793,0.018524169921875,0.52734375,"[0.21428996324539185, 1.0, 0.11765670776367188, 0.9122698307037354]","[0.0, 0.0, -3.1957933970261365e-06, 0.00011933333735214546, -0.04375659301877022, 1.0, 0.016333334147930145, -3.1957933970261365e-06, 0.0, 0.0, 1.0172526572205243e-06, -0.016214000061154366, 0.0, 0.0]","[0.0, 0.0, 1.0, 0.5899035930633545, 0.0, 0.9011340141296387, 0.5568718910217285, 0.5159888863563538]",-14.480103872294821
14.100000000000065,191.4059295654297,281.9423828125,18.71940040588379,0.031036376953125,0.428558349609375,"[0.20904916524887085, 1.0, 0.11503559350967407, 0.9095308780670166]","[0.0, 0.0, -3.1957933970261365e-06, 0.00011933333735214546, -0.04375659301877022, 1.0, 0.016333334147930145, -3.1957933970261365e-06, 0.0, 0.0, 1.0172526572205243e-06, -0.016214000061154366, 0.0, 0.0]","[0.0, 0.0, 1.0, 0.5899035930633545, 0.0, 0.9011340141296387, 0.5568718910217285, 0.5159888863563538]",-15.145112719253191
14.150000000000066,191.4714813232422,282.8769836425781,18.75775909423828,0.04248046875,0.3293609619140625,"[0.20653188228607178, 1.0, 0.12967121601104736, 0.9153933525085449]","[0.0, 0.0, -3.1957933970261365e-06, 0.00011933333735214546, -0.04375659301877022, 1.0, 0.016333334147930145, -3.1957933970261365e-06, 0.0, 0.0, 1.0172526572205243e-06, -0.016214000061154366, 0.0, 0.0]","[0.0, 0.0, 1.0, 0.5899035930633545, 0.0, 0.9011340141296387, 0.5568718910217285, 0.5159888863563538]",-15.809005318759574
14.200000000000067,191.5314483642578,283.81256103515625,18.755599975585938,0.055084228515625,0.234130859375,"[0.2066735029220581, 1.0, 0.1489448994398117, 0.9158682823181152]","[0.0, 0.0, -3.1957933970261365e-06, 0.00011933333735214546, -0.04375659301877022, 1.0, 0.016333334147930145, -3.1957933970261365e-06, 0.0, 0.0, 1.0172526572205243e-06, -0.016214000061154366, 0.0, 0.0]","[0.0, 0.0, 1.0, 0.5899035930633545, 0.0, 0.9011340141296387, 0.5568718910217285, 0.5159888863563538]",-16.45481865136081
14.250000000000068,191.58421325683594,284.7474670410156,18.723440170288086,0.06610107421875,0.20000000298023224,"[0.2087840437889099, 1.0, 0.2030993402004242, 0.9483768939971924]","[0.0, 0.0, -3.1957933970261365e-06, 0.00011933333735214546, -0.04375659301877022, 1.0, 0.016333334147930145, -3.1957933970261365e-06, 0.0, 0.0, 1.0172526572205243e-06, -0.016214000061154366, 0.0, 0.0]","[0.0, 0.0, 1.0, 0.5899035930633545, 0.0, 0.9011340141296387, 0.5568718910217285, 0.5159888863563538]",-16.78242917932402
14.300000000000068,191.62635803222656,285.680419921875,18.6643009185791,0.076690673828125,0.20000000298023224,"[0.21266496181488037, 1.0, 0.3027942478656769, 0.8908487558364868]","[0.0, 0.0, -3.1957933970261365e-06, 0.00011933333735214546, -0.04375659301877022, 1.0, 0.016333334147930145, -3.1957933970261365e-06, 0.0, 0.0, 1.0172526572205243e-06, -0.016214000061154366, 0.0, 0.0]","[0.0, 0.0, 1.0, 0.5899035930633545, 0.0, 0.9011340141296387, 0.5568718910217285, 0.5159888863563538]",-17.401950486649664
14.350000000000069,191.65505981445312,286.61029052734375,18.586750030517578,0.0870361328125,0.20000000298023224,"[0.21775424480438232, 1.0, 0.3578878939151764, 0.9301312565803528]","[0.0, 0.0, -3.1957933970261365e-06, 0.00011933333735214546, -0.04375659301877022, 1.0, 0.016333334147930145, -3.1957933970261365e-06, 0.0, 0.0, 1.0172526572205243e-06, -0.016214000061154366, 0.0, 0.0]","[0.0, 0.0, 1.0, 0.5899035930633545, 0.0, 0.9011340141296387, 0.5568718910217285, 0.5159888863563538]",-18.013717853171435
14.40000000000007,191.66796875,287.53619384765625,18.495319366455078,0.098236083984375,0.20000000298023224,"[0.22375434637069702, 1.0, 0.4135577976703644, 0.9266201853752136]","[0.0, 0.0, -3.1957933970261365e-06, 0.00011933333735214546, -0.04375659301877022, 1.0, 0.016333334147930145, -3.1957933970261365e-06, 0.0, 0.0, 1.0172526572205243e-06, -0.016214000061154366, 0.0, 0.0]","[0.0, 0.0, 1.0, 0.5899035930633545, 0.0, 0.9011340141296387, 0.5568718910217285, 0.5159888863563538]",-18.625020172134068
14.45000000000007,191.66265869140625,288.4571838378906,18.392650604248047,0.10943603515625,0.20000000298023224,"[0.23049193620681763, 1.0, 0.4662800133228302, 0.9270325899124146]","[0.0, 0.0, -3.1957933970261365e-06, 0.00011933333735214546, -0.04375659301877022, 1.0, 0.016333334147930145, -3.1957933970261365e-06, 0.0, 0.0, 1.0172526572205243e-06, -0.016214000061154366, 0.0, 0.0]","[0.0, 0.0, 1.0, 0.5899035930633545, 0.0, 0.9011340141296387, 0.5568718910217285, 0.5159888863563538]",-18.915404477702488
14.500000000000071,191.6365509033203,289.372314453125,18.279460906982422,0.122100830078125,0.20000000298023224,"[0.23791992664337158, 1.0, 0.5199766755104065, 0.9237200617790222]","[0.0, 0.0, -3.1957933970261365e-06, 0.00011933333735214546, -0.04375659301877022, 1.0, 0.016333334147930145, -3.1957933970261365e-06, 0.0, 0.0, 1.0172526572205243e-06, -0.016214000061154366, 0.0, 0.0]","[0.0, 0.0, 1.0, 0.5899035930633545, 0.0, 0.9011340141296387, 0.5568718910217285, 0.5159888863563538]",-19.50100135836362
14.550000000000072,191.58734130859375,290.28045654296875,18.15648078918457,0.134521484375,0.20000000298023224,"[0.24599045515060425, 1.0, 0.5701406598091125, 0.9249854683876038]","[0.0, 0.0, -3.1957933970261365e-06, 0.00011933333735214546, -0.04375659301877022, 1.0, 0.016333334147930145, -3.1957933970261365e-06, 0.0, 0.0, 1.0172526572205243e-06, -0.016214000061154366, 0.0, 0.0]","[0.0, 0.0, 1.0, 0.5899035930633545, 0.0, 0.9011340141296387, 0.5568718910217285, 0.5159888863563538]",-20.067214742789464
14.600000000000072,191.5126190185547,291.18023681640625,18.022680282592773,0.149017333984375,0.20000000298023224,"[0.25477105379104614, 1.0, 0.6158536076545715, 0.9200171232223511]","[0.0, 0.0, -3.1957933970261365e-06, 0.00011933333735214546, -0.04375659301877022, 1.0, 0.016333334147930145, -3.1957933970261365e-06, 0.0, 0.0, 1.0172526572205243e-06, -0.016214000061154366, 0.0, 0.0]","[0.0, 0.0, 1.0, 0.5899035930633545, 0.0, 0.9011340141296387, 0.5568718910217285, 0.5159888863563538]",-20.602552247228783
14.650000000000073,191.41004943847656,292.07000732421875,17.87626075744629,0.16632080078125,0.20000000298023224,"[0.26437968015670776, 1.0, 0.6221112608909607, 0.9137043356895447]","[0.0, 0.0, -3.1957933970261365e-06, 0.00011933333735214546, -0.04375659301877022, 1.0, 0.016333334147930145, -3.1957933970261365e-06, 0.0, 0.0, 1.0172526572205243e-06, -0.016214000061154366, 0.0, 0.0]","[0.0, 0.0, 1.0, 0.5899035930633545, 0.0, 0.9011340141296387, 0.5568718910217285, 0.5159888863563538]",-20.67643112713324
14.700000000000074,191.27731323242188,292.94775390625,17.714370727539062,0.1876220703125,0.20000000298023224,"[0.27500367164611816, 1.0, 0.6301068663597107, 0.9048547148704529]","[0.0, 0.0, -3.1957933970261365e-06, 0.00011933333735214546, -0.04375659301877022, 1.0, 0.016333334147930145, -3.1957933970261365e-06, 0.0, 0.0, 1.0172526572205243e-06, -0.016214000061154366, 0.0, 0.0]","[0.0, 0.0, 1.0, 0.5899035930633545, 0.0, 0.9011340141296387, 0.5568718910217285, 0.5159888863563538]",-21.106775870937494
14.750000000000075,191.1123046875,293.8110046386719,17.53619956970215,0.210723876953125,0.20000000298023224,"[0.28669607639312744, 1.0, 0.6382584571838379, 0.9037600159645081]","[0.0, 0.0, -3.1957933970261365e-06, 0.00011933333735214546, -0.04375659301877022, 1.0, 0.016333334147930145, -3.1957933970261365e-06, 0.0, 0.0, 1.0172526572205243e-06, -0.016214000061154366, 0.0, 0.0]","[0.0, 0.0, 1.0, 0.5899035930633545, 0.0, 0.9011340141296387, 0.5568718910217285, 0.5159888863563538]",-21.49099903790832
14.800000000000075,190.91343688964844,294.6570739746094,17.340299606323242,0.232452392578125,0.20000000298023224,"[0.29955190420150757, 1.0, 0.6468281149864197, 0.8983653783798218]","[0.0, 0.0, -3.1957933970261365e-06, 0.00011933333735214546, -0.04375659301877022, 1.0, 0.016333334147930145, -3.1957933970261365e-06, 0.0, 0.0, 1.0172526572205243e-06, -0.016214000061154366, 0.0, 0.0]","[0.0, 0.0, 1.0, 0.5899035930633545, 0.0, 0.9011340141296387, 0.5568718910217285, 0.5159888863563538]",-21.831733296138328
14.850000000000076,190.67947387695312,295.4831848144531,17.129880905151367,0.249420166015625,0.20000000298023224,"[0.3133605122566223, 1.0, 0.6522294878959656, 0.9048758745193481]","[0.0, 0.0, -3.1957933970261365e-06, 0.00011933333735214546, -0.04375659301877022, 1.0, 0.016333334147930145, -3.1957933970261365e-06, 0.0, 0.0, 1.0172526572205243e-06, -0.016214000061154366, 0.0, 0.0]","[0.0, 0.0, 1.0, 0.5899035930633545, 0.0, 0.9011340141296387, 0.5568718910217285, 0.5159888863563538]",-21.626374669165852
14.900000000000077,190.4098663330078,296.28656005859375,16.90420913696289,0.263427734375,0.20000000298023224,"[0.32817012071609497, 1.0, 0.6573507785797119, 0.9003320932388306]","[0.0, 0.0, -3.1957933970261365e-06, 0.00011933333735214546, -0.04375659301877022, 1.0, 0.016333334147930145, -3.1957933970261365e-06, 0.0, 0.0, 1.0172526572205243e-06, -0.016214000061154366, 0.0, 0.0]","[0.0, 0.0, 1.0, 0.5899035930633545, 0.0, 0.9011340141296387, 0.5568718910217285, 0.5159888863563538]",-21.91684371650462
14.950000000000077,190.10430908203125,297.0643005371094,16.66683006286621,0.273834228515625,0.20000000298023224,"[0.34374797344207764, 1.0, 0.6594171524047852, 0.9055910706520081]","[0.0, 0.0, -3.1957933970261365e-06, 0.00011933333735214546, -0.04375659301877022, 1.0, 0.016333334147930145, -3.1957933970261365e-06, 0.0, 0.0, 1.0172526572205243e-06, -0.016214000061154366, 0.0, 0.0]","[0.0, 0.0, 1.0, 0.5899035930633545, 0.0, 0.9011340141296387, 0.5568718910217285, 0.5159888863563538]",-22.154452378093932
15.000000000000078,189.7630615234375,297.8134765625,16.418859481811523,0.281097412109375,0.20000000298023224,"[0.3600209355354309, 1.0, 0.6599692106246948, 0.9046427011489868]","[0.0, 0.0, -3.1957933970261365e-06, 0.00011933333735214546, -0.04375659301877022, 1.0, 0.016333334147930145, -3.1957933970261365e-06, 0.0, 0.0, 1.0172526572205243e-06, -0.016214000061154366, 0.0, 0.0]","[0.0, 0.0, 1.0, 0.5899035930633545, 0.0, 0.9011340141296387, 0.5568718910217285, 0.5159888863563538]",-22.328471560493565
15.050000000000079,189.3870391845703,298.5314025878906,16.163249969482422,0.284088134765625,0.20000000298023224,"[0.3767951726913452, 1.0, 0.6589564681053162, 0.9075448513031006]","[0.0, 0.0, -3.1957933970261365e-06, 0.00011933333735214546, -0.04375659301877022, 1.0, 0.016333334147930145, -3.1957933970261365e-06, 0.0, 0.0, 1.0172526572205243e-06, -0.016214000061154366, 0.0, 0.0]","[0.0, 0.0, 1.0, 0.5899035930633545, 0.0, 0.9011340141296387, 0.5568718910217285, 0.5159888863563538]",-21.89352506461564
15.10000000000008,188.97726440429688,299.2152404785156,15.901519775390625,0.28424072265625,0.20000000298023224,"[0.3939710855484009, 1.0, 0.6569235324859619, 0.9078211784362793]","[0.0, 0.0, -3.1957933970261365e-06, 0.00011933333735214546, -0.04375659301877022, 1.0, 0.016333334147930145, -3.1957933970261365e-06, 0.0, 0.0, 1.0172526572205243e-06, -0.016214000061154366, 0.0, 0.0]","[0.0, 0.0, 1.0, 0.5899035930633545, 0.0, 0.9011340141296387, 0.5568718910217285, 0.5159888863563538]",-22.220365746462694
15.15000000000008,188.53543090820312,299.862548828125,15.635649681091309,0.28369140625,0.20000000298023224,"[0.4114186763763428, 1.0, 0.6548184752464294, 0.9078869223594666]","[0.0, 0.0, -3.1957933970261365e-06, 0.00011933333735214546, -0.04375659301877022, 1.0, 0.016333334147930145, -3.1957933970261365e-06, 0.0, 0.0, 1.0172526572205243e-06, -0.016214000061154366, 0.0, 0.0]","[0.0, 0.0, 1.0, 0.5899035930633545, 0.0, 0.9011340141296387, 0.5568718910217285, 0.5159888863563538]",-22.464897661138643
15.200000000000081,188.0662384033203,300.4746398925781,15.382089614868164,0.283050537109375,0.20000000298023224,"[0.428058385848999, 1.0, 0.6449015140533447, 0.8467742204666138]","[0.0, 0.0, -3.1957933970261365e-06, 0.00011933333735214546, -0.04375659301877022, 1.0, 0.016333334147930145, -3.1957933970261365e-06, 0.0, 0.0, 1.0172526572205243e-06, -0.016214000061154366, 0.0, 0.0]","[0.0, 0.0, 1.0, 0.5899035930633545, 0.0, 0.9011340141296387, 0.5568718910217285, 0.5159888863563538]",-22.659390244351222
15.250000000000082,187.57080078125,301.0481262207031,15.089520454406738,0.282073974609375,0.20000000298023224,"[0.4472581148147583, 1.0, 0.6548808813095093, 0.8105034828186035]","[0.0, 0.0, -3.1957933970261365e-06, 0.00011933333735214546, -0.04375659301877022, 1.0, 0.016333334147930145, -3.1957933970261365e-06, 0.0, 0.0, 1.0172526572205243e-06, -0.016214000061154366, 0.0, 0.0]","[0.0, 0.0, 1.0, 0.5899035930633545, 0.0, 0.9011340141296387, 0.5568718910217285, 0.5159888863563538]",-22.27311444430971
15.300000000000082,187.04742431640625,301.5758056640625,14.806539535522461,0.28204345703125,0.20000000298023224,"[0.4658285975456238, 1.0, 0.6460316181182861, 0.898384690284729]","[0.0, 0.0, -3.1957933970261365e-06, 0.00011933333735214546, -0.04375659301877022, 1.0, 0.016333334147930145, -3.1957933970261365e-06, 0.0, 0.0, 1.0172526572205243e-06, -0.016214000061154366, 0.0, 0.0]","[0.0, 0.0, 1.0, 0.5899035930633545, 0.0, 0.9011340141296387, 0.5568718910217285, 0.5159888863563538]",-22.378307192340852
15.350000000000083,186.50238037109375,302.0607604980469,14.531240463256836,0.28204345703125,0.20000000298023224,"[0.483894944190979, 1.0, 0.6465424299240112, 0.8421939015388489]","[0.0, 0.0, -3.1957933970261365e-06, 0.00011933333735214546, -0.04375659301877022, 1.0, 0.016333334147930145, -3.1957933970261365e-06, 0.0, 0.0, 1.0172526572205243e-06, -0.016214000061154366, 0.0, 0.0]","[0.0, 0.0, 1.0, 0.5899035930633545, 0.0, 0.9011340141296387, 0.5568718910217285, 0.5159888863563538]",-22.462806804896932
15.400000000000084,185.93850708007812,302.5009765625,14.243399620056152,0.28204345703125,0.20000000298023224,"[0.5027843713760376, 1.0, 0.6461670398712158, 0.8792399764060974]","[0.0, 0.0, -3.1957933970261365e-06, 0.00011933333735214546, -0.04375659301877022, 1.0, 0.016333334147930145, -3.1957933970261365e-06, 0.0, 0.0, 1.0172526572205243e-06, -0.016214000061154366, 0.0, 0.0]","[0.0, 0.0, 1.0, 0.5899035930633545, 0.0, 0.9011340141296387, 0.5568718910217285, 0.5159888863563538]",-22.52575951859945
15.450000000000085,185.35801696777344,302.8958435058594,13.986120223999023,0.281890869140625,0.20000000298023224,"[0.5196682214736938, 1.0, 0.627117395401001, 0.8835867047309875]","[0.0, 0.0, -3.1957933970261365e-06, 0.00011933333735214546, -0.04375659301877022, 1.0, 0.016333334147930145, -3.1957933970261365e-06, 0.0, 0.0, 1.0172526572205243e-06, -0.016214000061154366, 0.0, 0.0]","[0.0, 0.0, 1.0, 0.5899035930633545, 0.0, 0.9011340141296387, 0.5568718910217285, 0.5159888863563538]",-21.91843093060539
15.500000000000085,184.762451171875,303.23944091796875,13.698860168457031,0.28045654296875,0.20000000298023224,"[0.5385194420814514, 1.0, 0.6529569625854492, 0.8468835353851318]","[0.0, 0.0, -3.1957933970261365e-06, 0.00011933333735214546, -0.04375659301877022, 1.0, 0.016333334147930145, -3.1957933970261365e-06, 0.0, 0.0, 1.0172526572205243e-06, -0.016214000061154366, 0.0, 0.0]","[0.0, 0.0, 1.0, 0.5899035930633545, 0.0, 0.9011340141296387, 0.5568718910217285, 0.5159888863563538]",-22.014199944747197
15.550000000000086,184.15701293945312,303.53790283203125,13.454890251159668,0.276824951171875,0.20000000298023224,"[0.5545299053192139, 1.0, 0.6367630958557129, 0.8122869729995728]","[0.0, 0.0, -3.1957933970261365e-06, 0.00011933333735214546, -0.04375659301877022, 1.0, 0.016333334147930145, -3.1957933970261365e-06, 0.0, 0.0, 1.0172526572205243e-06, -0.016214000061154366, 0.0, 0.0]","[0.0, 0.0, 1.0, 0.5899035930633545, 0.0, 0.9011340141296387, 0.5568718910217285, 0.5159888863563538]",-22.192316512388707
15.600000000000087,183.5441131591797,303.789306640625,13.207509994506836,0.266815185546875,0.20000000298023224,"[0.5707640647888184, 1.0, 0.6449108123779297, 0.8892775774002075]","[0.0, 0.0, -3.1957933970261365e-06, 0.00011933333735214546, -0.04375659301877022, 1.0, 0.016333334147930145, -3.1957933970261365e-06, 0.0, 0.0, 1.0172526572205243e-06, -0.016214000061154366, 0.0, 0.0]","[0.0, 0.0, 1.0, 0.5899035930633545, 0.0, 0.9011340141296387, 0.5568718910217285, 0.5159888863563538]",-22.32759989128719
15.650000000000087,182.92587280273438,303.9951171875,13.015629768371582,0.24664306640625,0.20000000298023224,"[0.5833561420440674, 1.0, 0.604340672492981, 0.9297993779182434]","[0.0, 0.0, -3.1957933970261365e-06, 0.00011933333735214546, -0.04375659301877022, 1.0, 0.016333334147930145, -3.1957933970261365e-06, 0.0, 0.0, 1.0172526572205243e-06, -0.016214000061154366, 0.0, 0.0]","[0.0, 0.0, 1.0, 0.5899035930633545, 0.0, 0.9011340141296387, 0.5568718910217285, 0.5159888863563538]",-22.11436900794214
15.700000000000088,182.30284118652344,304.1563720703125,12.879389762878418,0.2144775390625,0.20000000298023224,"[0.5922967791557312, 1.0, 0.5708122849464417, 0.871471107006073]","[0.0, 0.0, -3.1957933970261365e-06, 0.00011933333735214546, -0.04375659301877022, 1.0, 0.016333334147930145, -3.1957933970261365e-06, 0.0, 0.0, 1.0172526572205243e-06, -0.016214000061154366, 0.0, 0.0]","[0.0, 0.0, 1.0, 0.5899035930633545, 0.0, 0.9011340141296387, 0.5568718910217285, 0.5159888863563538]",-22.178218665479548
15.750000000000089,181.6791534423828,304.27484130859375,12.6496000289917,0.179473876953125,0.20000000298023224,"[0.6073765754699707, 1.0, 0.663020670413971, 0.7971944212913513]","[0.0, 0.0, -3.1957933970261365e-06, 0.00011933333735214546, -0.04375659301877022, 1.0, 0.016333334147930145, -3.1957933970261365e-06, 0.0, 0.0, 1.0172526572205243e-06, -0.016214000061154366, 0.0, 0.0]","[0.0, 0.0, 1.0, 0.5899035930633545, 0.0, 0.9011340141296387, 0.5568718910217285, 0.5159888863563538]",-22.218756235643767
15.80000000000009,181.06370544433594,304.3575439453125,12.389519691467285,0.14447021484375,0.20000000298023224,"[0.6244442462921143, 1.0, 0.706849217414856, 0.7547368407249451]","[0.0, 0.0, -3.1957933970261365e-06, 0.00011933333735214546, -0.04375659301877022, 1.0, 0.016333334147930145, -3.1957933970261365e-06, 0.0, 0.0, 1.0172526572205243e-06, -0.016214000061154366, 0.0, 0.0]","[0.0, 0.0, 1.0, 0.5899035930633545, 0.0, 0.9011340141296387, 0.5568718910217285, 0.5159888863563538]",-22.23786484062615
15.85000000000009,180.45530700683594,304.40936279296875,12.194160461425781,0.11444091796875,0.20000000298023224,"[0.637264609336853, 1.0, 0.6583204865455627, 0.8608906269073486]","[0.0, 0.0, -3.1957933970261365e-06, 0.00011933333735214546, -0.04375659301877022, 1.0, 0.016333334147930145, -3.1957933970261365e-06, 0.0, 0.0, 1.0172526572205243e-06, -0.016214000061154366, 0.0, 0.0]","[0.0, 0.0, 1.0, 0.5899035930633545, 0.0, 0.9011340141296387, 0.5568718910217285, 0.5159888863563538]",-22.000423041553738
15.900000000000091,179.8531036376953,304.4344177246094,12.037540435791016,0.083648681640625,0.20000000298023224,"[0.6475427150726318, 1.0, 0.5739498734474182, 0.8542181849479675]","[0.0, 0.0, -3.1957933970261365e-06, 0.00011933333735214546, -0.04375659301877022, 1.0, 0.016333334147930145, -3.1957933970261365e-06, 0.0, 0.0, 1.0172526572205243e-06, -0.016214000061154366, 0.0, 0.0]","[0.0, 0.0, 1.0, 0.5899035930633545, 0.0, 0.9011340141296387, 0.5568718910217285, 0.5159888863563538]",-22.072015010089736
15.950000000000092,179.25645446777344,304.4374694824219,11.915900230407715,0.057891845703125,0.20000000298023224,"[0.6555253267288208, 1.0, 0.46823692321777344, 0.8637199997901917]","[0.0, 0.0, -3.1957933970261365e-06, 0.00011933333735214546, -0.04375659301877022, 1.0, 0.016333334147930145, -3.1957933970261365e-06, 0.0, 0.0, 1.0172526572205243e-06, -0.016214000061154366, 0.0, 0.0]","[0.0, 0.0, 1.0, 0.5899035930633545, 0.0, 0.9011340141296387, 0.5568718910217285, 0.5159888863563538]",-22.150210859006584
16.000000000000092,178.66510009765625,304.42333984375,11.809599876403809,0.034881591796875,0.265869140625,"[0.6625012159347534, 1.0, 0.37378767132759094, 0.8728567957878113]","[0.0, 0.0, -3.1957933970261365e-06, 0.00011933333735214546, -0.04375659301877022, 1.0, 0.016333334147930145, -3.1957933970261365e-06, 0.0, 0.0, 1.0172526572205243e-06, -0.016214000061154366, 0.0, 0.0]","[0.0, 0.0, 1.0, 0.5899035930633545, 0.0, 0.9011340141296387, 0.5568718910217285, 0.5159888863563538]",-22.229527645458482
16.050000000000093,178.07821655273438,304.3966064453125,11.72500991821289,0.0157470703125,0.428558349609375,"[0.6680523753166199, 1.0, 0.2719076871871948, 0.8799579739570618]","[0.0, 0.0, -3.1957933970261365e-06, 0.00011933333735214546, -0.04375659301877022, 1.0, 0.016333334147930145, -3.1957933970261365e-06, 0.0, 0.0, 1.0172526572205243e-06, -0.016214000061154366, 0.0, 0.0]","[0.0, 0.0, 1.0, 0.5899035930633545, 0.0, 0.9011340141296387, 0.5568718910217285, 0.5159888863563538]",-22.07721535104873
16.100000000000094,177.49424743652344,304.3619689941406,11.690580368041992,-0.00494384765625,0.5859375,"[0.6703118085861206, 1.0, 0.138930544257164, 0.8763200640678406]","[0.0, 0.0, -3.1957933970261365e-06, 0.00011933333735214546, -0.04375659301877022, 1.0, 0.016333334147930145, -3.1957933970261365e-06, 0.0, 0.0, 1.0172526572205243e-06, -0.016214000061154366, 0.0, 0.0]","[0.0, 0.0, 1.0, 0.5899035930633545, 0.0, 0.9011340141296387, 0.5568718910217285, 0.5159888863563538]",-22.15325748290453
16.150000000000095,176.91122436523438,304.32305908203125,11.681830406188965,-0.02154541015625,0.70703125,"[0.6708860397338867, 1.0, 0.042061977088451385, 0.904761552810669]","[0.0, 0.0, -3.1957933970261365e-06, 0.00011933333735214546, -0.04375659301877022, 1.0, 0.016333334147930145, -3.1957933970261365e-06, 0.0, 0.0, 1.0172526572205243e-06, -0.016214000061154366, 0.0, 0.0]","[0.0, 0.0, 1.0, 0.5899035930633545, 0.0, 0.9011340141296387, 0.5568718910217285, 0.5159888863563538]",-22.237927634403334
16.200000000000095,176.32669067382812,304.2830505371094,11.726770401000977,-0.035125732421875,0.75390625,"[0.6679368615150452, 0.954200029373169, 0.05693107098340988, 0.9013262391090393]","[0.0, 0.0, -3.1957933970261365e-06, 0.00011933333735214546, -0.04375659301877022, 1.0, 0.016333334147930145, -3.1957933970261365e-06, 0.0, 0.0, 1.0172526572205243e-06, -0.016214000061154366, 0.0, 0.0]","[0.0, 0.0, 1.0, 0.5899035930633545, 0.0, 0.9011340141296387, 0.5568718910217285, 0.5159888863563538]",-22.33890970390656
16.250000000000096,175.7388458251953,304.24395751953125,11.801380157470703,-0.04296875,0.78515625,"[0.6630406379699707, 0.8345999717712402, 0.1358892321586609, 0.926505446434021]","[0.0, 0.0, -3.1957933970261365e-06, 0.00011933333735214546, -0.04375659301877022, 1.0, 0.016333334147930145, -3.1957933970261365e-06, 0.0, 0.0, 1.0172526572205243e-06, -0.016214000061154366, 0.0, 0.0]","[0.0, 0.0, 1.0, 0.5899035930633545, 0.0, 0.9011340141296387, 0.5568718910217285, 0.5159888863563538]",-22.20733429589873
16.300000000000097,175.1460723876953,304.2071533203125,11.908709526062012,-0.04534912109375,0.81640625,"[0.6559971570968628, 0.7168999910354614, 0.18165098130702972, 0.94102942943573]","[0.0, 0.0, -3.1957933970261365e-06, 0.00011933333735214546, -0.04375659301877022, 1.0, 0.016333334147930145, -3.1957933970261365e-06, 0.0, 0.0, 1.0172526572205243e-06, -0.016214000061154366, 0.0, 0.0]","[0.0, 0.0, 1.0, 0.5899035930633545, 0.0, 0.9011340141296387, 0.5568718910217285, 0.5159888863563538]",-22.33966974770156
16.350000000000097,174.54698181152344,304.17315673828125,12.041179656982422,-0.0430908203125,0.828125,"[0.6473038792610168, 0.6769000291824341, 0.2153635174036026, 0.9456350803375244]","[0.0, 0.0, -3.1957933970261365e-06, 0.00011933333735214546, -0.04375659301877022, 1.0, 0.016333334147930145, -3.1957933970261365e-06, 0.0, 0.0, 1.0172526572205243e-06, -0.016214000061154366, 0.0, 0.0]","[0.0, 0.0, 1.0, 0.5899035930633545, 0.0, 0.9011340141296387, 0.5568718910217285, 0.5159888863563538]",-22.49251456745801
16.400000000000098,173.94046020507812,304.1422119140625,12.194499969482422,-0.036529541015625,0.8359375,"[0.637242317199707, 0.6532999873161316, 0.22529803216457367, 0.9500587582588196]","[0.0, 0.0, -3.1957933970261365e-06, 0.00011933333735214546, -0.04375659301877022, 1.0, 0.016333334147930145, -3.1957933970261365e-06, 0.0, 0.0, 1.0172526572205243e-06, -0.016214000061154366, 0.0, 0.0]","[0.0, 0.0, 1.0, 0.5899035930633545, 0.0, 0.9011340141296387, 0.5568718910217285, 0.5159888863563538]",-22.663755473066203
16.4500000000001,173.32579040527344,304.11395263671875,12.36063003540039,-0.02734375,0.84375,"[0.6263401508331299, 0.630299985408783, 0.2243489921092987, 0.9571219682693481]","[0.0, 0.0, -3.1957933970261365e-06, 0.00011933333735214546, -0.04375659301877022, 1.0, 0.016333334147930145, -3.1957933970261365e-06, 0.0, 0.0, 1.0172526572205243e-06, -0.016214000061154366, 0.0, 0.0]","[0.0, 0.0, 1.0, 0.5899035930633545, 0.0, 0.9011340141296387, 0.5568718910217285, 0.5159888863563538]",-22.606296290485638
16.5000000000001,172.70248413085938,304.0877990722656,12.538590431213379,-0.0169677734375,0.859375,"[0.6146615743637085, 0.5751000046730042, 0.2129468023777008, 0.9471697807312012]","[0.0, 0.0, -3.1957933970261365e-06, 0.00011933333735214546, -0.04375659301877022, 1.0, 0.016333334147930145, -3.1957933970261365e-06, 0.0, 0.0, 1.0172526572205243e-06, -0.016214000061154366, 0.0, 0.0]","[0.0, 0.0, 1.0, 0.5899035930633545, 0.0, 0.9011340141296387, 0.5568718910217285, 0.5159888863563538]",-22.825411906209492
16.5500000000001,172.06991577148438,304.0627746582031,12.728360176086426,-0.0050048828125,0.91796875,"[0.6022080183029175, 0.3402999937534332, 0.19665230810642242, 0.9411488175392151]","[0.0, 0.0, -3.1957933970261365e-06, 0.00011933333735214546, -0.04375659301877022, 1.0, 0.016333334147930145, -3.1957933970261365e-06, 0.0, 0.0, 1.0172526572205243e-06, -0.016214000061154366, 0.0, 0.0]","[0.0, 0.0, 1.0, 0.5899035930633545, 0.0, 0.9011340141296387, 0.5568718910217285, 0.5159888863563538]",-23.07369586748836
16.6000000000001,171.42747497558594,304.03900146484375,12.931520462036133,-0.005126953125,0.91796875,"[0.5888757705688477, 0.3452000021934509, 0.21498329937458038, 0.9489076733589172]","[0.0, 0.0, -3.1957933970261365e-06, 0.00011933333735214546, -0.04375659301877022, 1.0, 0.016333334147930145, -3.1957933970261365e-06, 0.0, 0.0, 1.0172526572205243e-06, -0.016214000061154366, 0.0, 0.0]","[0.0, 0.0, 1.0, 0.5899035930633545, 0.0, 0.9011340141296387, 0.5568718910217285, 0.5159888863563538]",-23.347072303765838
16.6500000000001,170.7745819091797,304.0166320800781,13.143070220947266,-0.005340576171875,0.921875,"[0.5749928951263428, 0.33390000462532043, 0.22112350165843964, 0.9601718187332153]","[0.0, 0.0, -3.1957933970261365e-06, 0.00011933333735214546, -0.04375659301877022, 1.0, 0.016333334147930145, -3.1957933970261365e-06, 0.0, 0.0, 1.0172526572205243e-06, -0.016214000061154366, 0.0, 0.0]","[0.0, 0.0, 1.0, 0.5899035930633545, 0.0, 0.9011340141296387, 0.5568718910217285, 0.5159888863563538]",-23.416435086249916
16.700000000000102,170.11090087890625,303.99542236328125,13.361780166625977,-0.00537109375,0.9296875,"[0.5606402158737183, 0.3052999973297119, 0.22382326424121857, 0.9605403542518616]","[0.0, 0.0, -3.1957933970261365e-06, 0.00011933333735214546, -0.04375659301877022, 1.0, 0.016333334147930145, -3.1957933970261365e-06, 0.0, 0.0, 1.0172526572205243e-06, -0.016214000061154366, 0.0, 0.0]","[0.0, 0.0, 1.0, 0.5899035930633545, 0.0, 0.9011340141296387, 0.5568718910217285, 0.5159888863563538]",-23.746259465675106
16.750000000000103,169.43605041503906,303.9752197265625,13.586580276489258,-0.00537109375,0.93359375,"[0.5458877682685852, 0.2930000126361847, 0.2260013073682785, 0.9613171219825745]","[0.0, 0.0, -3.1957933970261365e-06, 0.00011933333735214546, -0.04375659301877022, 1.0, 0.016333334147930145, -3.1957933970261365e-06, 0.0, 0.0, 1.0172526572205243e-06, -0.016214000061154366, 0.0, 0.0]","[0.0, 0.0, 1.0, 0.5899035930633545, 0.0, 0.9011340141296387, 0.5568718910217285, 0.5159888863563538]",-24.10592859812237
16.800000000000104,168.74984741210938,303.9559020996094,13.816200256347656,-0.005523681640625,0.93359375,"[0.5308191180229187, 0.2978000044822693, 0.22825583815574646, 0.9626246094703674]","[0.0, 0.0, -3.1957933970261365e-06, 0.00011933333735214546, -0.04375659301877022, 1.0, 0.016333334147930145, -3.1957933970261365e-06, 0.0, 0.0, 1.0172526572205243e-06, -0.016214000061154366, 0.0, 0.0]","[0.0, 0.0, 1.0, 0.5899035930633545, 0.0, 0.9011340141296387, 0.5568718910217285, 0.5159888863563538]",-24.493766367679346
16.850000000000104,168.0520477294922,303.93743896484375,14.049759864807129,-0.0059814453125,0.9375,"[0.5154918432235718, 0.2849000096321106, 0.231302410364151, 0.9634066224098206]","[0.0, 0.0, -3.1957933970261365e-06, 0.00011933333735214546, -0.04375659301877022, 1.0, 0.016333334147930145, -3.1957933970261365e-06, 0.0, 0.0, 1.0172526572205243e-06, -0.016214000061154366, 0.0, 0.0]","[0.0, 0.0, 1.0, 0.5899035930633545, 0.0, 0.9011340141296387, 0.5568718910217285, 0.5159888863563538]",-24.71123979300886
16.900000000000105,167.344482421875,303.919921875,14.18710994720459,-0.006317138671875,0.9375,"[0.5064783096313477, 0.2904999852180481, 0.14626416563987732, 0.8673403859138489]","[0.0, 0.0, -3.1957933970261365e-06, 0.00011933333735214546, -0.04375659301877022, 1.0, 0.016333334147930145, -3.1957933970261365e-06, 0.0, 0.0, 1.0172526572205243e-06, -0.016214000061154366, 0.0, 0.0]","[0.0, 0.0, 1.0, 0.5899035930633545, 0.0, 0.9011340141296387, 0.5568718910217285, 0.5159888863563538]",-25.154703143553036
16.950000000000106,166.6370849609375,303.9035339355469,14.143320083618164,-0.00616455078125,0.9375,"[0.5093520283699036, 0.2922999858856201, 0.03089872933924198, 0.7798486351966858]","[0.0, 0.0, -3.1957933970261365e-06, 0.00011933333735214546, -0.04375659301877022, 1.0, 0.016333334147930145, -3.1957933970261365e-06, 0.0, 0.0, 1.0172526572205243e-06, -0.016214000061154366, 0.0, 0.0]","[0.0, 0.0, 1.0, 0.5899035930633545, 0.0, 0.9011340141296387, 0.5568718910217285, 0.5159888863563538]",-25.61109850012725
17.000000000000107,165.92898559570312,303.88824462890625,14.243579864501953,-0.006103515625,0.94140625,"[0.5027725696563721, 0.2745000123977661, 0.08659753203392029, 0.8160483837127686]","[0.0, 0.0, -3.1957933970261365e-06, 0.00011933333735214546, -0.04375659301877022, 1.0, 0.016333334147930145, -3.1957933970261365e-06, 0.0, 0.0, 1.0172526572205243e-06, -0.016214000061154366, 0.0, 0.0]","[0.0, 0.0, 1.0, 0.5899035930633545, 0.0, 0.9011340141296387, 0.5568718910217285, 0.5159888863563538]",-26.078757881863265
17.050000000000107,165.20816040039062,303.8736877441406,14.532380104064941,-0.00579833984375,0.94140625,"[0.48382019996643066, 0.27480000257492065, 0.27669844031333923, 0.743098258972168]","[0.0, 0.0, -3.1957933970261365e-06, 0.00011933333735214546, -0.04375659301877022, 1.0, 0.016333334147930145, -3.1957933970261365e-06, 0.0, 0.0, 1.0172526572205243e-06, -0.016214000061154366, 0.0, 0.0]","[0.0, 0.0, 1.0, 0.5899035930633545, 0.0, 0.9011340141296387, 0.5568718910217285, 0.5159888863563538]",-26.395502277415762
17.100000000000108,164.47348022460938,303.8599548339844,14.792169570922852,-0.005767822265625,0.94140625,"[0.46677160263061523, 0.28049999475479126, 0.25142112374305725, 0.9315648078918457]","[0.0, 0.0, -3.1957933970261365e-06, 0.00011933333735214546, -0.04375659301877022, 1.0, 0.016333334147930145, -3.1957933970261365e-06, 0.0, 0.0, 1.0172526572205243e-06, -0.016214000061154366, 0.0, 0.0]","[0.0, 0.0, 1.0, 0.5899035930633545, 0.0, 0.9011340141296387, 0.5568718910217285, 0.5159888863563538]",-26.914459501683016
17.15000000000011,163.72653198242188,303.84710693359375,15.028349876403809,-0.005767822265625,0.94140625,"[0.4512724280357361, 0.2856999933719635, 0.23089580237865448, 0.9398507475852966]","[0.0, 0.0, -3.1957933970261365e-06, 0.00011933333735214546, -0.04375659301877022, 1.0, 0.016333334147930145, -3.1957933970261365e-06, 0.0, 0.0, 1.0172526572205243e-06, -0.016214000061154366, 0.0, 0.0]","[0.0, 0.0, 1.0, 0.5899035930633545, 0.0, 0.9011340141296387, 0.5568718910217285, 0.5159888863563538]",-27.45985716440324
17.20000000000011,162.96836853027344,303.83514404296875,15.246709823608398,-0.005767822265625,0.91015625,"[0.4369426369667053, 0.44519999623298645, 0.21545889973640442, 0.9491081833839417]","[0.0, 0.0, -3.1957933970261365e-06, 0.00011933333735214546, -0.04375659301877022, 1.0, 0.016333334147930145, -3.1957933970261365e-06, 0.0, 0.0, 1.0172526572205243e-06, -0.016214000061154366, 0.0, 0.0]","[0.0, 0.0, 1.0, 0.5899035930633545, 0.0, 0.9011340141296387, 0.5568718910217285, 0.5159888863563538]",-28.026635533778077
17.25000000000011,162.19985961914062,303.82415771484375,15.448789596557617,-0.005767822265625,0.87890625,"[0.42368125915527344, 0.609000027179718, 0.20142944157123566, 0.9531406164169312]","[0.0, 0.0, -3.1957933970261365e-06, 0.00011933333735214546, -0.04375659301877022, 1.0, 0.016333334147930145, -3.1957933970261365e-06, 0.0, 0.0, 1.0172526572205243e-06, -0.016214000061154366, 0.0, 0.0]","[0.0, 0.0, 1.0, 0.5899035930633545, 0.0, 0.9011340141296387, 0.5568718910217285, 0.5159888863563538]",-28.466519888551364
17.30000000000011,161.42185974121094,303.8141784667969,15.632089614868164,-0.0057373046875,0.79296875,"[0.4116523265838623, 1.0, 0.18515866994857788, 0.9527456164360046]","[0.0, 0.0, -3.1957933970261365e-06, 0.00011933333735214546, -0.04375659301877022, 1.0, 0.016333334147930145, -3.1957933970261365e-06, 0.0, 0.0, 1.0172526572205243e-06, -0.016214000061154366, 0.0, 0.0]","[0.0, 0.0, 1.0, 0.5899035930633545, 0.0, 0.9011340141296387, 0.5568718910217285, 0.5159888863563538]",-29.07909070485046
17.35000000000011,160.63543701171875,303.80511474609375,15.792659759521484,-0.004974365234375,0.73046875,"[0.40111494064331055, 1.0, 0.1631762683391571, 0.9509016871452332]","[0.0, 0.0, -3.1957933970261365e-06, 0.00011933333735214546, -0.04375659301877022, 1.0, 0.016333334147930145, -3.1957933970261365e-06, 0.0, 0.0, 1.0172526572205243e-06, -0.016214000061154366, 0.0, 0.0]","[0.0, 0.0, 1.0, 0.5899035930633545, 0.0, 0.9011340141296387, 0.5568718910217285, 0.5159888863563538]",-29.705096429645028
17.400000000000112,159.841796875,303.796875,15.928019523620605,-0.0029296875,0.640625,"[0.39223212003707886, 1.0, 0.13522285223007202, 0.9503358602523804]","[0.0, 0.0, -3.1957933970261365e-06, 0.00011933333735214546, -0.04375659301877022, 1.0, 0.016333334147930145, -3.1957933970261365e-06, 0.0, 0.0, 1.0172526572205243e-06, -0.016214000061154366, 0.0, 0.0]","[0.0, 0.0, 1.0, 0.5899035930633545, 0.0, 0.9011340141296387, 0.5568718910217285, 0.5159888863563538]",-30.341680842225994
17.450000000000113,159.0423126220703,303.7890625,16.035890579223633,0.000518798828125,0.56640625,"[0.38515305519104004, 1.0, 0.10100395232439041, 0.9496122598648071]","[0.0, 0.0, -3.1957933970261365e-06, 0.00011933333735214546, -0.04375659301877022, 1.0, 0.016333334147930145, -3.1957933970261365e-06, 0.0, 0.0, 1.0172526572205243e-06, -0.016214000061154366, 0.0, 0.0]","[0.0, 0.0, 1.0, 0.5899035930633545, 0.0, 0.9011340141296387, 0.5568718910217285, 0.5159888863563538]",-30.845022707578295
17.500000000000114,158.23828125,303.78143310546875,16.11747932434082,0.002044677734375,0.51171875,"[0.3797988295555115, 1.0, 0.07383472472429276, 0.9562165141105652]","[0.0, 0.0, -3.1957933970261365e-06, 0.00011933333735214546, -0.04375659301877022, 1.0, 0.016333334147930145, -3.1957933970261365e-06, 0.0, 0.0, 1.0172526572205243e-06, -0.016214000061154366, 0.0, 0.0]","[0.0, 0.0, 1.0, 0.5899035930633545, 0.0, 0.9011340141296387, 0.5568718910217285, 0.5159888863563538]",-31.487846062515708
17.550000000000114,157.43087768554688,303.77386474609375,16.177629470825195,0.00286865234375,0.4960174560546875,"[0.37585151195526123, 1.0, 0.05424439534544945, 0.9652041792869568]","[0.0, 0.0, -3.1957933970261365e-06, 0.00011933333735214546, -0.04375659301877022, 1.0, 0.016333334147930145, -3.1957933970261365e-06, 0.0, 0.0, 1.0172526572205243e-06, -0.016214000061154366, 0.0, 0.0]","[0.0, 0.0, 1.0, 0.5899035930633545, 0.0, 0.9011340141296387, 0.5568718910217285, 0.5159888863563538]",-32.130296255327586
17.600000000000115,156.62100219726562,303.76629638671875,16.22209930419922,0.00286865234375,0.4801483154296875,"[0.37293320894241333, 1.0, 0.042251426726579666, 0.9747377038002014]","[0.0, 0.0, -3.1957933970261365e-06, 0.00011933333735214546, -0.04375659301877022, 1.0, 0.016333334147930145, -3.1957933970261365e-06, 0.0, 0.0, 1.0172526572205243e-06, -0.016214000061154366, 0.0, 0.0]","[0.0, 0.0, 1.0, 0.5899035930633545, 0.0, 0.9011340141296387, 0.5568718910217285, 0.5159888863563538]",-32.770642046302285
17.650000000000116,155.809326171875,303.75860595703125,16.253110885620117,0.002044677734375,0.440460205078125,"[0.9041990637779236, 1.0, 0.03006725385785103, 0.979735791683197]","[0.0, 0.0, -3.1957933970261365e-06, 0.00011933333735214546, -0.04375659301877022, 1.0, 0.016333334147930145, -3.1957933970261365e-06, 0.0, 0.0, 1.0172526572205243e-06, -0.016214000061154366, 0.0, 0.0]","[0.0, 0.0, 1.0, 0.5899035930633545, 0.0, 0.9011340141296387, 0.5568718910217285, 0.5159888863563538]",-33.23751782574596
17.700000000000117,154.9965362548828,303.7509765625,16.267520904541016,0.0003662109375,0.3491973876953125,"[0.9037262201309204, 1.0, 0.014736702665686607, 0.9776159524917603]","[0.0, 0.0, -3.1957933970261365e-06, 0.00011933333735214546, -0.04375659301877022, 1.0, 0.016333334147930145, -3.1957933970261365e-06, 0.0, 0.0, 1.0172526572205243e-06, -0.016214000061154366, 0.0, 0.0]","[0.0, 0.0, 1.0, 0.5899035930633545, 0.0, 0.9011340141296387, 0.5568718910217285, 0.5159888863563538]",-33.86093447810516
17.750000000000117,154.1837158203125,303.743408203125,16.25904083251953,-0.0006103515625,0.2261962890625,"[0.9040044546127319, 1.0, 0.005389978177845478, 0.9711588025093079]","[0.0, 0.0, -3.1957933970261365e-06, 0.00011933333735214546, -0.04375659301877022, 1.0, 0.016333334147930145, -3.1957933970261365e-06, 0.0, 0.0, 1.0172526572205243e-06, -0.016214000061154366, 0.0, 0.0]","[0.0, 0.0, 1.0, 0.5899035930633545, 0.0, 0.9011340141296387, 0.5568718910217285, 0.5159888863563538]",-34.48412319849736
17.800000000000118,153.37205505371094,303.73590087890625,16.227359771728516,-0.00091552734375,0.20000000298023224,"[0.9050440192222595, 1.0, 0.029090112075209618, 0.9677873849868774]","[0.0, 0.0, -3.1957933970261365e-06, 0.00011933333735214546, -0.04375659301877022, 1.0, 0.016333334147930145, -3.1957933970261365e-06, 0.0, 0.0, 1.0172526572205243e-06, -0.016214000061154366, 0.0, 0.0]","[0.0, 0.0, 1.0, 0.5899035930633545, 0.0, 0.9011340141296387, 0.5568718910217285, 0.5159888863563538]",-35.109319860748165
17.85000000000012,152.5625,303.7284851074219,16.180030822753906,-0.00115966796875,0.20000000298023224,"[0.9065970182418823, 1.0, 0.0435626395046711, 0.9747022390365601]","[0.0, 0.0, -3.1957933970261365e-06, 0.00011933333735214546, -0.04375659301877022, 1.0, 0.016333334147930145, -3.1957933970261365e-06, 0.0, 0.0, 1.0172526572205243e-06, -0.016214000061154366, 0.0, 0.0]","[0.0, 0.0, 1.0, 0.5899035930633545, 0.0, 0.9011340141296387, 0.5568718910217285, 0.5159888863563538]",-35.54053486198052
17.90000000000012,151.75558471679688,303.72119140625,16.12318992614746,-0.001800537109375,0.20000000298023224,"[0.9084620475769043, 1.0, 0.05431472510099411, 0.9803447723388672]","[0.0, 0.0, -3.1957933970261365e-06, 0.00011933333735214546, -0.04375659301877022, 1.0, 0.016333334147930145, -3.1957933970261365e-06, 0.0, 0.0, 1.0172526572205243e-06, -0.016214000061154366, 0.0, 0.0]","[0.0, 0.0, 1.0, 0.5899035930633545, 0.0, 0.9011340141296387, 0.5568718910217285, 0.5159888863563538]",-36.15257505981244
17.95000000000012,150.95166015625,303.7142639160156,16.060609817504883,-0.002777099609375,0.20000000298023224,"[0.9105154275894165, 1.0, 0.06283604353666306, 0.9832841157913208]","[0.0, 0.0, -3.1957933970261365e-06, 0.00011933333735214546, -0.04375659301877022, 1.0, 0.016333334147930145, -3.1957933970261365e-06, 0.0, 0.0, 1.0172526572205243e-06, -0.016214000061154366, 0.0, 0.0]","[0.0, 0.0, 1.0, 0.5899035930633545, 0.0, 0.9011340141296387, 0.5568718910217285, 0.5159888863563538]",-36.76091424807824
18.00000000000012,150.15093994140625,303.7078552246094,15.994629859924316,-0.003936767578125,0.20000000298023224,"[0.9126803874969482, 1.0, 0.06989187002182007, 0.9846780896186829]","[0.0, 0.0, -3.1957933970261365e-06, 0.00011933333735214546, -0.04375659301877022, 1.0, 0.016333334147930145, -3.1957933970261365e-06, 0.0, 0.0, 1.0172526572205243e-06, -0.016214000061154366, 0.0, 0.0]","[0.0, 0.0, 1.0, 0.5899035930633545, 0.0, 0.9011340141296387, 0.5568718910217285, 0.5159888863563538]",-37.364795330725
18.05000000000012,149.35353088378906,303.7020568847656,15.926690101623535,-0.00469970703125,0.20000000298023224,"[0.9149096608161926, 1.0, 0.07450857013463974, 0.9866146445274353]","[0.0, 0.0, -3.1957933970261365e-06, 0.00011933333735214546, -0.04375659301877022, 1.0, 0.016333334147930145, -3.1957933970261365e-06, 0.0, 0.0, 1.0172526572205243e-06, -0.016214000061154366, 0.0, 0.0]","[0.0, 0.0, 1.0, 0.5899035930633545, 0.0, 0.9011340141296387, 0.5568718910217285, 0.5159888863563538]",-37.75457710630007
18.100000000000122,148.5595245361328,303.6969909667969,15.85770034790039,-0.004974365234375,0.20000000298023224,"[0.9171733856201172, 1.0, 0.07713627070188522, 0.988265872001648]","[0.0, 0.0, -3.1957933970261365e-06, 0.00011933333735214546, -0.04375659301877022, 1.0, 0.016333334147930145, -3.1957933970261365e-06, 0.0, 0.0, 1.0172526572205243e-06, -0.016214000061154366, 0.0, 0.0]","[0.0, 0.0, 1.0, 0.5899035930633545, 0.0, 0.9011340141296387, 0.5568718910217285, 0.5159888863563538]",-38.340624529422534
18.150000000000123,147.76890563964844,303.6927795410156,15.788200378417969,-0.005157470703125,0.20000000298023224,"[0.9194537997245789, 1.0, 0.07929186522960663, 0.9886000752449036]","[0.0, 0.0, -3.1957933970261365e-06, 0.00011933333735214546, -0.04375659301877022, 1.0, 0.016333334147930145, -3.1957933970261365e-06, 0.0, 0.0, 1.0172526572205243e-06, -0.016214000061154366, 0.0, 0.0]","[0.0, 0.0, 1.0, 0.5899035930633545, 0.0, 0.9011340141296387, 0.5568718910217285, 0.5159888863563538]",-38.911986414176496
18.200000000000124,146.9817657470703,303.68939208984375,15.718549728393555,-0.005340576171875,0.20000000298023224,"[0.9217392206192017, 1.0, 0.08113274723291397, 0.9887639284133911]","[0.0, 0.0, -3.1957933970261365e-06, 0.00011933333735214546, -0.04375659301877022, 1.0, 0.016333334147930145, -3.1957933970261365e-06, 0.0, 0.0, 1.0172526572205243e-06, -0.016214000061154366, 0.0, 0.0]","[0.0, 0.0, 1.0, 0.5899035930633545, 0.0, 0.9011340141296387, 0.5568718910217285, 0.5159888863563538]",-39.47217013864752
18.250000000000124,146.19802856445312,303.6869812011719,15.650580406188965,-0.005340576171875,0.23016357421875,"[0.9239694476127625, 1.0, 0.08060351014137268, 0.9884323477745056]","[0.0, 0.0, -3.1957933970261365e-06, 0.00011933333735214546, -0.04375659301877022, 1.0, 0.016333334147930145, -3.1957933970261365e-06, 0.0, 0.0, 1.0172526572205243e-06, -0.016214000061154366, 0.0, 0.0]","[0.0, 0.0, 1.0, 0.5899035930633545, 0.0, 0.9011340141296387, 0.5568718910217285, 0.5159888863563538]",-39.7998401753502
18.300000000000125,145.41751098632812,303.68560791015625,15.586739540100098,-0.005340576171875,0.25396728515625,"[0.9260641932487488, 1.0, 0.0778312087059021, 0.9863186478614807]","[0.0, 0.0, -3.1957933970261365e-06, 0.00011933333735214546, -0.04375659301877022, 1.0, 0.016333334147930145, -3.1957933970261365e-06, 0.0, 0.0, 1.0172526572205243e-06, -0.016214000061154366, 0.0, 0.0]","[0.0, 0.0, 1.0, 0.5899035930633545, 0.0, 0.9011340141296387, 0.5568718910217285, 0.5159888863563538]",-40.34766969960994
18.350000000000126,144.64002990722656,303.68524169921875,15.528129577636719,-0.005157470703125,0.27777099609375,"[0.9279873371124268, 1.0, 0.07327692210674286, 0.9858044385910034]","[0.0, 0.0, -3.1957933970261365e-06, 0.00011933333735214546, -0.04375659301877022, 1.0, 0.016333334147930145, -3.1957933970261365e-06, 0.0, 0.0, 1.0172526572205243e-06, -0.016214000061154366, 0.0, 0.0]","[0.0, 0.0, 1.0, 0.5899035930633545, 0.0, 0.9011340141296387, 0.5568718910217285, 0.5159888863563538]",-40.892179665004285
18.400000000000126,143.86524963378906,303.6858215332031,15.475919723510742,-0.004730224609375,0.3095245361328125,"[0.9297004342079163, 1.0, 0.06679604202508926, 0.9851074814796448]","[0.0, 0.0, -3.1957933970261365e-06, 0.00011933333735214546, -0.04375659301877022, 1.0, 0.016333334147930145, -3.1957933970261365e-06, 0.0, 0.0, 1.0172526572205243e-06, -0.016214000061154366, 0.0, 0.0]","[0.0, 0.0, 1.0, 0.5899035930633545, 0.0, 0.9011340141296387, 0.5568718910217285, 0.5159888863563538]",-41.421994138365065
18.450000000000127,143.09283447265625,303.687255859375,15.431320190429688,-0.003204345703125,0.3412628173828125,"[0.9311638474464417, 1.0, 0.05565318837761879, 0.9831880331039429]","[0.0, 0.0, -3.1957933970261365e-06, 0.00011933333735214546, -0.04375659301877022, 1.0, 0.016333334147930145, -3.1957933970261365e-06, 0.0, 0.0, 1.0172526572205243e-06, -0.016214000061154366, 0.0, 0.0]","[0.0, 0.0, 1.0, 0.5899035930633545, 0.0, 0.9011340141296387, 0.5568718910217285, 0.5159888863563538]",-41.94283750383469
