sim_time,x,y,speed,steer,throttle,style_scores,alert_state,alert_raw,alert_score
0.05,234.2699737548828,55.84001922607422,0.9800000190734863,0.0,0.5,"[0.3768119812011719, 0.15489999949932098, 0.0, 0.9431818127632141]","[0.0, 0.0, 4.261057711119065e-06, 4.966666892869398e-05, -0.01592736318707466, 1.0, 0.016333334147930145, 4.261057711119065e-06, 0.0, 0.0, -0.9999986290931702, -0.016283666715025902, 0.0, 0.0]","[1.0, 0.0, 0.0, 1.0728093385696411, 1.0, 0.5487349629402161, 0.4499238133430481, 0.5869569182395935]",1.0
0.1,234.2699737548828,55.84001922607422,1.4700000286102295,0.0,0.5,"[0.4089679718017578, 0.23229999840259552, 0.0, 0.9659090638160706]","[0.0, 0.0, 4.261057711119065e-06, 4.966666892869398e-05, -0.01592736318707466, 1.0, 0.016333334147930145, 4.261057711119065e-06, 0.0, 0.0, -0.9999986290931702, -0.016283666715025902, 0.0, 0.0]","[1.0, 0.0, 0.0, 1.0728093385696411, 1.0, 0.5487349629402161, 0.4499238133430481, 0.5869569182395935]",1.0
0.15000000000000002,234.2699737548828,55.84001922607422,1.9600000381469727,0.0,0.5,"[0.44112396240234375, 0.30970001220703125, 0.0, 0.9659090042114258]","[0.0, 0.0, 4.261057711119065e-06, 4.966666892869398e-05, -0.01592736318707466, 1.0, 0.016333334147930145, 4.261057711119065e-06, 0.0, 0.0, -0.9999986290931702, -0.016283666715025902, 0.0, 0.0]","[1.0, 0.0, 0.0, 1.0728093385696411, 1.0, 0.5487349629402161, 0.4499238133430481, 0.5869569182395935]",1.0
0.2,234.2699737548828,55.84001922607422,1.125920057296753,0.0,0.5,"[0.3863878846168518, 0.17149999737739563, 0.0, 0.5113636255264282]","[0.0, 0.0, 4.261057711119065e-06, 4.966666892869398e-05, -0.01592736318707466, 1.0, 0.016333334147930145, 4.261057711119065e-06, 0.0, 0.0, -0.9999986290931702, -0.016283666715025902, 0.0, 0.0]","[1.0, 0.0, 0.0, 1.0728093385696411, 1.0, 0.5487349629402161, 0.4499238133430481, 0.5869569182395935]",1.0
0.25,234.2699737548828,55.84001922607422,0.5760599970817566,0.0,0.5,"[0.35030362010002136, 0.09049999713897705, 0.0, 0.7075186371803284]","[0.0, 0.0, 4.261057711119065e-06, 4.966666892869398e-05, -0.01592736318707466, 1.0, 0.016333334147930145, 4.261057711119065e-06, 0.0, 0.0, -0.9999986290931702, -0.016283666715025902, 0.0, 0.0]","[1.0, 0.0, 0.0, 1.0728093385696411, 1.0, 0.5487349629402161, 0.4499238133430481, 0.5869569182395935]",0.9772278890123988
0.3,234.2699737548828,55.84001922607422,0.2510800063610077,0.0,0.5,"[0.3289770185947418, 0.04039999842643738, 0.0, 0.7614768147468567]","[0.0, 0.0, 4.261057711119065e-06, 4.966666892869398e-05, -0.01592736318707466, 1.0, 0.016333334147930145, 4.261057711119065e-06, 0.0, 0.0, -0.9999986290931702, -0.016283666715025902, 0.0, 0.0]","[1.0, 0.0, 0.0, 1.0728093385696411, 1.0, 0.5487349629402161, 0.4499238133430481, 0.5869569182395935]",0.8898907156608039
0.35,234.2699737548828,55.84001922607422,0.06662999838590622,0.0,0.5,"[0.3168725371360779, 0.010900000110268593, 0.0, 0.8470976948738098]","[0.0, 0.0, 4.261057711119065e-06, 4.966666892869398e-05, -0.01592736318707466, 1.0, 0.016333334147930145, 4.261057711119065e-06, 0.0, 0.0, -0.9999986290931702, -0.016283666715025902, 0.0, 0.0]","[1.0, 0.0, 0.0, 1.0728093385696411, 1.0, 0.5487349629402161, 0.4499238133430481, 0.5869569182395935]",0.7773273682137383
0.39999999999999997,234.2699737548828,55.84001922607422,0.031599998474121094,0.0,0.5,"[0.314573734998703, 0.005200000014156103, 0.0, 0.9168357253074646]","[0.0, 0.0, 4.261057711119065e-06, 4.966666892869398e-05, -0.01592736318707466, 1.0, 0.016333334147930145, 4.261057711119065e-06, 0.0, 0.0, -0.9999986290931702, -0.016283666715025902, 0.0, 0.0]","[1.0, 0.0, 0.0, 1.0728093385696411, 1.0, 0.5487349629402161, 0.4499238133430481, 0.5869569182395935]",0.46497484558984714
0.44999999999999996,234.2699737548828,55.84001922607422,0.07818999886512756,0.0,0.5,"[0.31763118505477905, 0.012900000438094139, 0.0, 0.9467031955718994]","[0.0, 0.0, 4.261057711119065e-06, 4.966666892869398e-05, -0.01592736318707466, 1.0, 0.016333334147930145, 4.261057711119065e-06, 0.0, 0.0, -0.9999986290931702, -0.016283666715025902, 0.0, 0.0]","[1.0, 0.0, 0.0, 1.0728093385696411, 1.0, 0.5487349629402161, 0.4499238133430481, 0.5869569182395935]",0.2558536566915852
0.49999999999999994,234.2699737548828,55.84001922607422,0.09489999711513519,0.0,0.5,"[0.3187277615070343, 0.015699999406933784, 0.0, 0.9705612659454346]","[0.0, 0.0, 4.261057711119065e-06, 4.966666892869398e-05, -0.01592736318707466, 1.0, 0.016333334147930145, 4.261057711119065e-06, 0.0, 0.0, -0.9999986290931702, -0.016283666715025902, 0.0, 0.0]","[1.0, 0.0, 0.0, 1.0728093385696411, 1.0, 0.5487349629402161, 0.4499238133430481, 0.5869569182395935]",0.024977142590820844
0.5499999999999999,234.2699737548828,55.84001922607422,0.09520000219345093,0.0,0.5,"[0.31874746084213257, 0.015799999237060547, 0.0, 0.9850340485572815]","[0.0, 0.0, 4.261057711119065e-06, 4.966666892869398e-05, -0.01592736318707466, 1.0, 0.016333334147930145, 4.261057711119065e-06, 0.0, 0.0, -0.9999986290931702, -0.016283666715025902, 0.0, 0.0]","[1.0, 0.0, 0.0, 1.0728093385696411, 1.0, 0.5487349629402161, 0.4499238133430481, 0.5869569182395935]",-0.21720099574834717
0.6,234.2699737548828,55.84001922607422,0.08722999691963196,0.0,0.5,"[0.3182244300842285, 0.014499999582767487, 0.0, 0.9914026260375977]","[0.0, 0.0, 4.261057711119065e-06, 4.966666892869398e-05, -0.01592736318707466, 1.0, 0.016333334147930145, 4.261057711119065e-06, 0.0, 0.0, -0.9999986290931702, -0.016283666715025902, 0.0, 0.0]","[1.0, 0.0, 0.0, 1.0728093385696411, 1.0, 0.5487349629402161, 0.4499238133430481, 0.5869569182395935]",-0.4769654043799063
0.65,234.2699737548828,55.84001922607422,0.07580000162124634,0.0,0.5,"[0.3174743354320526, 0.012600000016391277, 0.0, 0.9952910542488098]","[0.0, 0.0, 4.261057711119065e-06, 4.966666892869398e-05, -0.01592736318707466, 1.0, 0.016333334147930145, 4.261057711119065e-06, 0.0, 0.0, -0.9999986290931702, -0.016283666715025902, 0.0, 0.0]","[1.0, 0.0, 0.0, 1.0728093385696411, 1.0, 0.5487349629402161, 0.4499238133430481, 0.5869569182395935]",-1.0905184452846748
0.7000000000000001,234.2699737548828,55.84001922607422,0.0636100023984909,0.0,0.5,"[0.3166743814945221, 0.010599999688565731, 0.0, 0.9976430535316467]","[0.0, 0.0, 4.261057711119065e-06, 4.966666892869398e-05, -0.01592736318707466, 1.0, 0.016333334147930145, 4.261057711119065e-06, 0.0, 0.0, -0.9999986290931702, -0.016283666715025902, 0.0, 0.0]","[1.0, 0.0, 0.0, 1.0728093385696411, 1.0, 0.5487349629402161, 0.4499238133430481, 0.5869569182395935]",-1.4143242746752227
0.7500000000000001,234.2699737548828,55.84001922607422,0.052060000598430634,0.0,0.5,"[0.31591641902923584, 0.00860000029206276, 0.0, 0.9978299140930176]","[0.0, 0.0, 4.261057711119065e-06, 4.966666892869398e-05, -0.01592736318707466, 1.0, 0.016333334147930145, 4.261057711119065e-06, 0.0, 0.0, -0.9999986290931702, -0.016283666715025902, 0.0, 0.0]","[1.0, 0.0, 0.0, 1.0728093385696411, 1.0, 0.5487349629402161, 0.4499238133430481, 0.5869569182395935]",-1.746439735353151
0.8000000000000002,234.2699737548828,55.84001922607422,0.041839998215436935,0.0,0.5,"[0.31524571776390076, 0.006899999920278788, 0.0, 0.9974133372306824]","[0.0, 0.0, 4.261057711119065e-06, 4.966666892869398e-05, -0.01592736318707466, 1.0, 0.016333334147930145, 4.261057711119065e-06, 0.0, 0.0, -0.9999986290931702, -0.016283666715025902, 0.0, 0.0]","[1.0, 0.0, 0.0, 1.0728093385696411, 1.0, 0.5487349629402161, 0.4499238133430481, 0.5869569182395935]",-2.4862047273125327
0.8500000000000002,234.2699737548828,55.84001922607422,0.03313999995589256,0.0,0.5,"[0.3146747946739197, 0.005499999970197678, 0.0, 0.9974219799041748]","[0.0, 0.0, 4.261057711119065e-06, 4.966666892869398e-05, -0.01592736318707466, 1.0, 0.016333334147930145, 4.261057711119065e-06, 0.0, 0.0, -0.9999986290931702, -0.016283666715025902, 0.0, 0.0]","[1.0, 0.0, 0.0, 1.0728093385696411, 1.0, 0.5487349629402161, 0.4499238133430481, 0.5869569182395935]",-2.8710560097984477
0.9000000000000002,234.2699737548828,55.84001922607422,0.025949999690055847,0.0,0.5,"[0.3142029643058777, 0.00430000014603138, 0.0, 0.9976477026939392]","[0.0, 0.0, 4.261057711119065e-06, 4.966666892869398e-05, -0.01592736318707466, 1.0, 0.016333334147930145, 4.261057711119065e-06, 0.0, 0.0, -0.9999986290931702, -0.016283666715025902, 0.0, 0.0]","[1.0, 0.0, 0.0, 1.0728093385696411, 1.0, 0.5487349629402161, 0.4499238133430481, 0.5869569182395935]",-3.270999509673313
0.9500000000000003,234.2699737548828,55.84001922607422,0.02012999914586544,0.0,0.5,"[0.31382104754447937, 0.0032999999821186066, 0.0, 0.9979605674743652]","[0.0, 0.0, 4.261057711119065e-06, 4.966666892869398e-05, -0.01592736318707466, 1.0, 0.016333334147930145, 4.261057711119065e-06, 0.0, 0.0, -0.9999986290931702, -0.016283666715025902, 0.0, 0.0]","[1.0, 0.0, 0.0, 1.0728093385696411, 1.0, 0.5487349629402161, 0.4499238133430481, 0.5869569182395935]",-3.6870337109805345
1.0000000000000002,234.2699737548828,55.84001922607422,0.01549999974668026,0.0,0.5,"[0.31351718306541443, 0.0026000000070780516, 0.0, 0.9982937574386597]","[0.0, 0.0, 4.261057711119065e-06, 4.966666892869398e-05, -0.01592736318707466, 1.0, 0.016333334147930145, 4.261057711119065e-06, 0.0, 0.0, -0.9999986290931702, -0.016283666715025902, 0.0, 0.0]","[1.0, 0.0, 0.0, 1.0728093385696411, 1.0, 0.5487349629402161, 0.4499238133430481, 0.5869569182395935]",-4.113000340232302
1.0500000000000003,234.2699737548828,55.84001922607422,0.011850000359117985,0.0,0.5,"[0.31327763199806213, 0.0020000000949949026, 0.0, 0.9986023902893066]","[0.0, 0.0, 4.261057711119065e-06, 4.966666892869398e-05, -0.01592736318707466, 1.0, 0.016333334147930145, 4.261057711119065e-06, 0.0, 0.0, -0.9999986290931702, -0.016283666715025902, 0.0, 0.0]","[1.0, 0.0, 0.0, 1.0728093385696411, 1.0, 0.5487349629402161, 0.4499238133430481, 0.5869569182395935]",-5.004308563994978
1.1000000000000003,234.2699737548828,55.84001922607422,0.00901000015437603,0.0,0.5,"[0.3130912780761719, 0.001500000013038516, 0.0, 0.9988795518875122]","[0.0, 0.0, 4.261057711119065e-06, 4.966666892869398e-05, -0.01592736318707466, 1.0, 0.016333334147930145, 4.261057711119065e-06, 0.0, 0.0, -0.9999986290931702, -0.016283666715025902, 0.0, 0.0]","[1.0, 0.0, 0.0, 1.0728093385696411, 1.0, 0.5487349629402161, 0.4499238133430481, 0.5869569182395935]",-5.467681544016257
1.1500000000000004,234.2699737548828,55.84001922607422,0.006819999776780605,0.0,0.5,"[0.3129475712776184, 0.0010999999940395355, 0.0, 0.9991140365600586]","[0.0, 0.0, 4.261057711119065e-06, 4.966666892869398e-05, -0.01592736318707466, 1.0, 0.016333334147930145, 4.261057711119065e-06, 0.0, 0.0, -0.9999986290931702, -0.016283666715025902, 0.0, 0.0]","[1.0, 0.0, 0.0, 1.0728093385696411, 1.0, 0.5487349629402161, 0.4499238133430481, 0.5869569182395935]",-5.953635561008634
1.2000000000000004,234.2699737548828,55.84001922607422,0.005140000022947788,0.0,0.5,"[0.31283730268478394, 0.0008999999845400453, 0.0, 0.9993056654930115]","[0.0, 0.0, 4.261057711119065e-06, 4.966666892869398e-05, -0.01592736318707466, 1.0, 0.016333334147930145, 4.261057711119065e-06, 0.0, 0.0, -0.9999986290931702, -0.016283666715025902, 0.0, 0.0]","[1.0, 0.0, 0.0, 1.0728093385696411, 1.0, 0.5487349629402161, 0.4499238133430481, 0.5869569182395935]",-6.4642159279308125
1.2500000000000004,234.2699737548828,55.84001922607422,0.003860000055283308,0.0,0.5,"[0.3127533197402954, 0.0006000000284984708, 0.0, 0.9994618892669678]","[0.0, 0.0, 4.261057711119065e-06, 4.966666892869398e-05, -0.01592736318707466, 1.0, 0.016333334147930145, 4.261057711119065e-06, 0.0, 0.0, -0.9999986290931702, -0.016283666715025902, 0.0, 0.0]","[1.0, 0.0, 0.0, 1.0728093385696411, 1.0, 0.5487349629402161, 0.4499238133430481, 0.5869569182395935]",-7.4704770681463675
1.3000000000000005,234.2699737548828,55.84001922607422,0.0028800000436604023,0.0,0.5,"[0.31268900632858276, 0.0005000000237487257, 0.0, 0.9995846152305603]","[0.0, 0.0, 4.261057711119065e-06, 4.966666892869398e-05, -0.01592736318707466, 1.0, 0.016333334147930145, 4.261057711119065e-06, 0.0, 0.0, -0.9999986290931702, -0.016283666715025902, 0.0, 0.0]","[1.0, 0.0, 0.0, 1.0728093385696411, 1.0, 0.5487349629402161, 0.4499238133430481, 0.5869569182395935]",-7.984449026995556
1.3500000000000005,234.2699737548828,55.84001922607422,0.00215000007301569,0.0,0.5,"[0.31264111399650574, 0.00039999998989515007, 0.0, 0.9996843934059143]","[0.0, 0.0, 4.261057711119065e-06, 4.966666892869398e-05, -0.01592736318707466, 1.0, 0.016333334147930145, 4.261057711119065e-06, 0.0, 0.0, -0.9999986290931702, -0.016283666715025902, 0.0, 0.0]","[1.0, 0.0, 0.0, 1.0728093385696411, 1.0, 0.5487349629402161, 0.4499238133430481, 0.5869569182395935]",-8.557622417079894
1.4000000000000006,234.2699737548828,55.84001922607422,0.0002800000074785203,0.0,0.5,"[0.3125183582305908, 0.0, 0.0, 0.998715341091156]","[0.0, 0.0, 4.261057711119065e-06, 4.966666892869398e-05, -0.01592736318707466, 1.0, 0.016333334147930145, 4.261057711119065e-06, 0.0, 0.0, -0.9999986290931702, -0.016283666715025902, 0.0, 0.0]","[1.0, 0.0, 0.0, 1.0728093385696411, 1.0, 0.5487349629402161, 0.4499238133430481, 0.5869569182395935]",-9.13088473817597
1.4500000000000006,234.2699737548828,55.84001922607422,0.0006200000061653554,0.0,0.5,"[0.3125406801700592, 9.999999747378752e-05, 0.0, 0.997954249382019]","[0.0, 0.0, 4.261057711119065e-06, 4.966666892869398e-05, -0.01592736318707466, 1.0, 0.016333334147930145, 4.261057711119065e-06, 0.0, 0.0, -0.9999986290931702, -0.016283666715025902, 0.0, 0.0]","[1.0, 0.0, 0.0, 1.0728093385696411, 1.0, 0.5487349629402161, 0.4499238133430481, 0.5869569182395935]",-10.268331666583649
1.5000000000000007,234.2699737548828,55.84001922607422,0.0007300000288523734,0.0,0.5,"[0.312547892332077, 9.999999747378752e-05, 0.0, 0.9997859597206116]","[0.0, 0.0, 4.261057711119065e-06, 4.966666892869398e-05, -0.01592736318707466, 1.0, 0.016333334147930145, 4.261057711119065e-06, 0.0, 0.0, -0.9999986290931702, -0.016283666715025902, 0.0, 0.0]","[1.0, 0.0, 0.0, 1.0728093385696411, 1.0, 0.5487349629402161, 0.4499238133430481, 0.5869569182395935]",-10.834831734646201
1.5500000000000007,234.2699737548828,55.84001922607422,0.0007300000288523734,0.0,0.5,"[0.312547892332077, 9.999999747378752e-05, 0.0, 0.9998922348022461]","[0.0, 0.0, 4.261057711119065e-06, 4.966666892869398e-05, -0.01592736318707466, 1.0, 0.016333334147930145, 4.261057711119065e-06, 0.0, 0.0, -0.9999986290931702, -0.016283666715025902, 0.0, 0.0]","[1.0, 0.0, 0.0, 1.0728093385696411, 1.0, 0.5487349629402161, 0.4499238133430481, 0.5869569182395935]",-11.460496163952122
1.6000000000000008,234.2699737548828,55.84001922607422,0.0006600000197067857,0.0,0.5,"[0.3125433027744293, 9.999999747378752e-05, 0.0, 0.9999362230300903]","[0.0, 0.0, 4.261057711119065e-06, 4.966666892869398e-05, -0.01592736318707466, 1.0, 0.016333334147930145, 4.261057711119065e-06, 0.0, 0.0, -0.9999986290931702, -0.016283666715025902, 0.0, 0.0]","[1.0, 0.0, 0.0, 1.0728093385696411, 1.0, 0.5487349629402161, 0.4499238133430481, 0.5869569182395935]",-12.438582268818866
1.6500000000000008,234.2699737548828,55.84001922607422,0.0005699999746866524,0.0,0.5,"[0.31253740191459656, 9.999999747378752e-05, 0.0, 0.999966025352478]","[0.0, 0.0, 4.261057711119065e-06, 4.966666892869398e-05, -0.01592736318707466, 1.0, 0.016333334147930145, 4.261057711119065e-06, 0.0, 0.0, -0.9999986290931702, -0.016283666715025902, 0.0, 0.0]","[1.0, 0.0, 0.0, 1.0728093385696411, 1.0, 0.5487349629402161, 0.4499238133430481, 0.5869569182395935]",-12.906379855755997
1.7000000000000008,234.2699737548828,55.84001922607422,0.0004799999878741801,0.0,0.5,"[0.3125315010547638, 9.999999747378752e-05, 0.0, 0.9999830722808838]","[0.0, 0.0, 4.261057711119065e-06, 4.966666892869398e-05, -0.01592736318707466, 1.0, 0.016333334147930145, 4.261057711119065e-06, 0.0, 0.0, -0.9999986290931702, -0.016283666715025902, 0.0, 0.0]","[1.0, 0.0, 0.0, 1.0728093385696411, 1.0, 0.5487349629402161, 0.4499238133430481, 0.5869569182395935]",-13.375904058399351
1.7500000000000009,234.2699737548828,55.84001922607422,0.00039000000106170774,0.0,0.5,"[0.31252560019493103, 9.999999747378752e-05, 0.0, 0.9999823570251465]","[0.0, 0.0, 4.261057711119065e-06, 4.966666892869398e-05, -0.01592736318707466, 1.0, 0.016333334147930145, 4.261057711119065e-06, 0.0, 0.0, -0.9999986290931702, -0.016283666715025902, 0.0, 0.0]","[1.0, 0.0, 0.0, 1.0728093385696411, 1.0, 0.5487349629402161, 0.4499238133430481, 0.5869569182395935]",-13.849347466998152
1.800000000000001,234.2699737548828,55.84001922607422,0.0003100000030826777,0.0,0.5,"[0.3125203251838684, 9.999999747378752e-05, 0.0, 0.9999797344207764]","[0.0, 0.0, 4.261057711119065e-06, 4.966666892869398e-05, -0.01592736318707466, 1.0, 0.016333334147930145, 4.261057711119065e-06, 0.0, 0.0, -0.9999986290931702, -0.016283666715025902, 0.0, 0.0]","[1.0, 0.0, 0.0, 1.0728093385696411, 1.0, 0.5487349629402161, 0.4499238133430481, 0.5869569182395935]",-14.845140515494894
1.850000000000001,234.2699737548828,55.84001922607422,9.999999747378752e-05,0.0,0.5,"[0.3125065565109253, 0.0, 0.0, 0.9998496770858765]","[0.0, 0.0, 4.261057711119065e-06, 4.966666892869398e-05, -0.01592736318707466, 1.0, 0.016333334147930145, 4.261057711119065e-06, 0.0, 0.0, -0.9999986290931702, -0.016283666715025902, 0.0, 0.0]","[1.0, 0.0, 0.0, 1.0728093385696411, 1.0, 0.5487349629402161, 0.4499238133430481, 0.5869569182395935]",-15.349144511467678
1.900000000000001,234.2699737548828,55.84001922607422,0.00014000000373926014,0.0,0.5,"[0.3125092089176178, 0.0, 0.0, 0.9997657537460327]","[0.0, 0.0, 4.261057711119065e-06, 4.966666892869398e-05, -0.01592736318707466, 1.0, 0.016333334147930145, 4.261057711119065e-06, 0.0, 0.0, -0.9999986290931702, -0.016283666715025902, 0.0, 0.0]","[1.0, 0.0, 0.0, 1.0728093385696411, 1.0, 0.5487349629402161, 0.4499238133430481, 0.5869569182395935]",-15.869271585745796
1.950000000000001,234.2699737548828,55.84001922607422,0.0001500000071246177,0.0,0.5,"[0.3125098645687103, 0.0, 0.0, 0.9999684691429138]","[0.0, 0.0, 4.261057711119065e-06, 4.966666892869398e-05, -0.01592736318707466, 1.0, 0.016333334147930145, 4.261057711119065e-06, 0.0, 0.0, -0.9999986290931702, -0.016283666715025902, 0.0, 0.0]","[1.0, 0.0, 0.0, 1.0728093385696411, 1.0, 0.5487349629402161, 0.4499238133430481, 0.5869569182395935]",-16.391299652129387
2.000000000000001,234.2699737548828,55.84001922607422,0.00014000000373926014,0.0,0.5,"[0.3125092089176178, 0.0, 0.0, 0.9999837279319763]","[0.0, 0.0, 4.261057711119065e-06, 4.966666892869398e-05, -0.01592736318707466, 1.0, 0.016333334147930145, 4.261057711119065e-06, 0.0, 0.0, -0.9999986290931702, -0.016283666715025902, 0.0, 0.0]","[1.0, 0.0, 0.0, 1.0728093385696411, 1.0, 0.5487349629402161, 0.4499238133430481, 0.5869569182395935]",-17.45571883697029
2.0500000000000007,234.2699737548828,55.84001922607422,0.00013000000035390258,0.0,0.5,"[0.31250855326652527, 0.0, 0.0, 0.9999919533729553]","[0.0, 0.0, 4.261057711119065e-06, 4.966666892869398e-05, -0.01592736318707466, 1.0, 0.016333334147930145, 4.261057711119065e-06, 0.0, 0.0, -0.9999986290931702, -0.016283666715025902, 0.0, 0.0]","[1.0, 0.0, 0.0, 1.0728093385696411, 1.0, 0.5487349629402161, 0.4499238133430481, 0.5869569182395935]",-17.99988468661936
2.1000000000000005,234.2699737548828,55.84001922607422,0.00011000000085914508,0.0,0.5,"[0.3125072121620178, 0.0, 0.0, 0.9999945163726807]","[0.0, 0.0, 4.261057711119065e-06, 4.966666892869398e-05, -0.01592736318707466, 1.0, 0.016333334147930145, 4.261057711119065e-06, 0.0, 0.0, -0.9999986290931702, -0.016283666715025902, 0.0, 0.0]","[1.0, 0.0, 0.0, 1.0728093385696411, 1.0, 0.5487349629402161, 0.4499238133430481, 0.5869569182395935]",-18.574731949862173
2.1500000000000004,234.2699737548828,55.84001922607422,9.000000136438757e-05,0.0,0.5,"[0.31250593066215515, 0.0, 0.0, 0.9999963045120239]","[0.0, 0.0, 4.261057711119065e-06, 4.966666892869398e-05, -0.01592736318707466, 1.0, 0.016333334147930145, 4.261057711119065e-06, 0.0, 0.0, -0.9999986290931702, -0.016283666715025902, 0.0, 0.0]","[1.0, 0.0, 0.0, 1.0728093385696411, 1.0, 0.5487349629402161, 0.4499238133430481, 0.5869569182395935]",-19.20849815335162
2.2,234.2699737548828,55.84001922607422,7.000000186963007e-05,0.0,0.5,"[0.3125045895576477, 0.0, 0.0, 0.9999958276748657]","[0.0, 0.0, 4.261057711119065e-06, 4.966666892869398e-05, -0.01592736318707466, 1.0, 0.016333334147930145, 4.261057711119065e-06, 0.0, 0.0, -0.9999986290931702, -0.016283666715025902, 0.0, 0.0]","[1.0, 0.0, 0.0, 1.0728093385696411, 1.0, 0.5487349629402161, 0.4499238133430481, 0.5869569182395935]",-20.01248888461066
2.25,234.2699737548828,55.84001922607422,1.9999999494757503e-05,0.0,0.5,"[0.31250131130218506, 0.0, 0.0, 0.9999579191207886]","[0.0, 0.0, 4.261057711119065e-06, 4.966666892869398e-05, -0.01592736318707466, 1.0, 0.016333334147930145, 4.261057711119065e-06, 0.0, 0.0, -0.9999986290931702, -0.016283666715025902, 0.0, 0.0]","[1.0, 0.0, 0.0, 1.0728093385696411, 1.0, 0.5487349629402161, 0.4499238133430481, 0.5869569182395935]",-20.37691808964019
2.3,234.2699737548828,55.84001922607422,2.9999999242136255e-05,0.0,0.5,"[0.3125019669532776, 0.0, 0.0, 0.9999379515647888]","[0.0, 0.0, 4.261057711119065e-06, 4.966666892869398e-05, -0.01592736318707466, 1.0, 0.016333334147930145, 4.261057711119065e-06, 0.0, 0.0, -0.9999986290931702, -0.016283666715025902, 0.0, 0.0]","[1.0, 0.0, 0.0, 1.0728093385696411, 1.0, 0.5487349629402161, 0.4499238133430481, 0.5869569182395935]",-20.737211331033947
2.3499999999999996,234.2699737548828,55.84001922607422,2.9999999242136255e-05,0.0,0.5,"[0.3125019669532776, 0.0, 0.0, 0.9999930262565613]","[0.0, 0.0, 4.261057711119065e-06, 4.966666892869398e-05, -0.01592736318707466, 1.0, 0.016333334147930145, 4.261057711119065e-06, 0.0, 0.0, -0.9999986290931702, -0.016283666715025902, 0.0, 0.0]","[1.0, 0.0, 0.0, 1.0728093385696411, 1.0, 0.5487349629402161, 0.4499238133430481, 0.5869569182395935]",-21.102378465045494
2.3999999999999995,234.2699737548828,55.84001922607422,2.9999999242136255e-05,0.0,0.5,"[0.3125019669532776, 0.0, 0.0, 0.999996542930603]","[0.0, 0.0, 4.261057711119065e-06, 4.966666892869398e-05, -0.01592736318707466, 1.0, 0.016333334147930145, 4.261057711119065e-06, 0.0, 0.0, -0.9999986290931702, -0.016283666715025902, 0.0, 0.0]","[1.0, 0.0, 0.0, 1.0728093385696411, 1.0, 0.5487349629402161, 0.4499238133430481, 0.5869569182395935]",-21.84473992171834
2.4499999999999993,234.2699737548828,55.84001922607422,2.9999999242136255e-05,0.0,0.5,"[0.3125019669532776, 0.0, 0.0, 0.999997615814209]","[0.0, 0.0, 4.261057711119065e-06, 4.966666892869398e-05, -0.01592736318707466, 1.0, 0.016333334147930145, 4.261057711119065e-06, 0.0, 0.0, -0.9999986290931702, -0.016283666715025902, 0.0, 0.0]","[1.0, 0.0, 0.0, 1.0728093385696411, 1.0, 0.5487349629402161, 0.4499238133430481, 0.5869569182395935]",-22.225396383523154
2.499999999999999,234.2699737548828,55.84001922607422,1.9999999494757503e-05,0.0,0.5,"[0.31250131130218506, 0.0, 0.0, 0.9999974966049194]","[0.0, 0.0, 4.261057711119065e-06, 4.966666892869398e-05, -0.01592736318707466, 1.0, 0.016333334147930145, 4.261057711119065e-06, 0.0, 0.0, -0.9999986290931702, -0.016283666715025902, 0.0, 0.0]","[1.0, 0.0, 0.0, 1.0728093385696411, 1.0, 0.5487349629402161, 0.4499238133430481, 0.5869569182395935]",-22.599191641187407
2.549999999999999,234.2699737548828,55.84001922607422,1.9999999494757503e-05,0.0,0.5,"[0.31250131130218506, 0.0, 0.0, 0.9999998807907104]","[0.0, 0.0, 4.261057711119065e-06, 4.966666892869398e-05, -0.01592736318707466, 1.0, 0.016333334147930145, 4.261057711119065e-06, 0.0, 0.0, -0.9999986290931702, -0.016283666715025902, 0.0, 0.0]","[1.0, 0.0, 0.0, 1.0728093385696411, 1.0, 0.5487349629402161, 0.4499238133430481, 0.5869569182395935]",-22.932979026557906
2.5999999999999988,234.2699737548828,55.84001922607422,1.9999999494757503e-05,0.0,0.5,"[0.31250131130218506, 0.0, 0.0, 0.9999997019767761]","[0.0, 0.0, 4.261057711119065e-06, 4.966666892869398e-05, -0.01592736318707466, 1.0, 0.016333334147930145, 4.261057711119065e-06, 0.0, 0.0, -0.9999986290931702, -0.016283666715025902, 0.0, 0.0]","[1.0, 0.0, 0.0, 1.0728093385696411, 1.0, 0.5487349629402161, 0.4499238133430481, 0.5869569182395935]",-23.550841800881564
2.6499999999999986,234.2699737548828,55.84001922607422,0.0,0.0,0.5,"[0.3125, 0.0, 0.0, 0.9999859929084778]","[0.0, 0.0, 4.261057711119065e-06, 4.966666892869398e-05, -0.01592736318707466, 1.0, 0.016333334147930145, 4.261057711119065e-06, 0.0, 0.0, -0.9999986290931702, -0.016283666715025902, 0.0, 0.0]","[1.0, 0.0, 0.0, 1.0728093385696411, 1.0, 0.5487349629402161, 0.4499238133430481, 0.5869569182395935]",-23.85366154332111
2.6999999999999984,234.2699737548828,55.84001922607422,0.0,0.0,0.5,"[0.3125, 0.0, 0.0, 0.9999815225601196]","[0.0, 0.0, 4.261057711119065e-06, 4.966666892869398e-05, -0.01592736318707466, 1.0, 0.016333334147930145, 4.261057711119065e-06, 0.0, 0.0, -0.9999986290931702, -0.016283666715025902, 0.0, 0.0]","[1.0, 0.0, 0.0, 1.0728093385696411, 1.0, 0.5487349629402161, 0.4499238133430481, 0.5869569182395935]",-24.16836420748745
2.7499999999999982,234.2699737548828,55.84001922607422,9.999999747378752e-06,0.0,0.5,"[0.31250065565109253, 0.0, 0.0, 0.9999966621398926]","[0.0, 0.0, 4.261057711119065e-06, 4.966666892869398e-05, -0.01592736318707466, 1.0, 0.016333334147930145, 4.261057711119065e-06, 0.0, 0.0, -0.9999986290931702, -0.016283666715025902, 0.0, 0.0]","[1.0, 0.0, 0.0, 1.0728093385696411, 1.0, 0.5487349629402161, 0.4499238133430481, 0.5869569182395935]",-24.48966671671582
2.799999999999998,234.2699737548828,55.84001922607422,9.999999747378752e-06,0.0,0.5,"[0.31250065565109253, 0.0, 0.0, 0.9999980926513672]","[0.0, 0.0, 4.261057711119065e-06, 4.966666892869398e-05, -0.01592736318707466, 1.0, 0.016333334147930145, 4.261057711119065e-06, 0.0, 0.0, -0.9999986290931702, -0.016283666715025902, 0.0, 0.0]","[1.0, 0.0, 0.0, 1.0728093385696411, 1.0, 0.5487349629402161, 0.4499238133430481, 0.5869569182395935]",-25.163876703711406
2.849999999999998,234.2699737548828,55.84001922607422,9.999999747378752e-06,0.0,0.5,"[0.31250065565109253, 0.0, 0.0, 0.9999997615814209]","[0.0, 0.0, 4.261057711119065e-06, 4.966666892869398e-05, -0.01592736318707466, 1.0, 0.016333334147930145, 4.261057711119065e-06, 0.0, 0.0, -0.9999986290931702, -0.016283666715025902, 0.0, 0.0]","[1.0, 0.0, 0.0, 1.0728093385696411, 1.0, 0.5487349629402161, 0.4499238133430481, 0.5869569182395935]",-25.519746456648722
2.8999999999999977,234.2699737548828,55.84001922607422,9.999999747378752e-06,0.0,0.5,"[0.31250065565109253, 0.0, 0.0, 0.9999994039535522]","[0.0, 0.0, 4.261057711119065e-06, 4.966666892869398e-05, -0.01592736318707466, 1.0, 0.016333334147930145, 4.261057711119065e-06, 0.0, 0.0, -0.9999986290931702, -0.016283666715025902, 0.0, 0.0]","[1.0, 0.0, 0.0, 1.0728093385696411, 1.0, 0.5487349629402161, 0.4499238133430481, 0.5869569182395935]",-25.88897812827032
2.9499999999999975,234.2699737548828,55.84001922607422,9.999999747378752e-06,0.0,0.5,"[0.31250065565109253, 0.0, 0.0, 0.9999994039535522]","[0.0, 0.0, 4.261057711119065e-06, 4.966666892869398e-05, -0.01592736318707466, 1.0, 0.016333334147930145, 4.261057711119065e-06, 0.0, 0.0, -0.9999986290931702, -0.016283666715025902, 0.0, 0.0]","[1.0, 0.0, 0.0, 1.0728093385696411, 1.0, 0.5487349629402161, 0.4499238133430481, 0.5869569182395935]",-26.26871287806323
2.9999999999999973,234.2699737548828,55.84001922607422,0.0,0.0,0.5,"[0.3125, 0.0, 0.0, 0.9999976754188538]","[0.0, 0.0, 4.261057711119065e-06, 4.966666892869398e-05, -0.01592736318707466, 1.0, 0.016333334147930145, 4.261057711119065e-06, 0.0, 0.0, -0.9999986290931702, -0.016283666715025902, 0.0, 0.0]","[1.0, 0.0, 0.0, 1.0728093385696411, 1.0, 0.5487349629402161, 0.4499238133430481, 0.5869569182395935]",-27.08679547120725
3.049999999999997,234.2699737548828,55.84001922607422,0.0,0.0,0.5,"[0.3125, 0.0, 0.0, 0.9999999403953552]","[0.0, 0.0, 4.261057711119065e-06, 4.966666892869398e-05, -0.01592736318707466, 1.0, 0.016333334147930145, 4.261057711119065e-06, 0.0, 0.0, -0.9999986290931702, -0.016283666715025902, 0.0, 0.0]","[1.0, 0.0, 0.0, 1.0728093385696411, 1.0, 0.5487349629402161, 0.4499238133430481, 0.5869569182395935]",-27.521555624519884
3.099999999999997,234.2699737548828,55.84001922607422,0.0,0.0,0.5,"[0.3125, 0.0, 0.0, 0.9999990463256836]","[0.0, 0.0, 4.261057711119065e-06, 4.966666892869398e-05, -0.01592736318707466, 1.0, 0.016333334147930145, 4.261057711119065e-06, 0.0, 0.0, -0.9999986290931702, -0.016283666715025902, 0.0, 0.0]","[1.0, 0.0, 0.0, 1.0728093385696411, 1.0, 0.5487349629402161, 0.4499238133430481, 0.5869569182395935]",-27.97317308629996
3.149999999999997,234.2699737548828,55.84001922607422,0.0,0.0,0.5,"[0.3125, 0.0, 0.0, 0.9999974966049194]","[0.0, 0.0, 4.261057711119065e-06, 4.966666892869398e-05, -0.01592736318707466, 1.0, 0.016333334147930145, 4.261057711119065e-06, 0.0, 0.0, -0.9999986290931702, -0.016283666715025902, 0.0, 0.0]","[1.0, 0.0, 0.0, 1.0728093385696411, 1.0, 0.5487349629402161, 0.4499238133430481, 0.5869569182395935]",-28.44425423251641
3.1999999999999966,234.2699737548828,55.84001922607422,0.0,0.0,0.5,"[0.3125, 0.0, 0.0, 0.9999990463256836]","[0.0, 0.0, 4.261057711119065e-06, 4.966666892869398e-05, -0.01592736318707466, 1.0, 0.016333334147930145, 4.261057711119065e-06, 0.0, 0.0, -0.9999986290931702, -0.016283666715025902, 0.0, 0.0]","[1.0, 0.0, 0.0, 1.0728093385696411, 1.0, 0.5487349629402161, 0.4499238133430481, 0.5869569182395935]",-29.449000336025676
3.2499999999999964,234.2699737548828,55.84001922607422,0.0,0.0,0.5,"[0.3125, 0.0, 0.0, 0.9999995827674866]","[0.0, 0.0, 4.261057711119065e-06, 4.966666892869398e-05, -0.01592736318707466, 1.0, 0.016333334147930145, 4.261057711119065e-06, 0.0, 0.0, -0.9999986290931702, -0.016283666715025902, 0.0, 0.0]","[1.0, 0.0, 0.0, 1.0728093385696411, 1.0, 0.5487349629402161, 0.4499238133430481, 0.5869569182395935]",-29.959486231930835
3.2999999999999963,234.2699737548828,55.84001922607422,0.0,0.0,0.5,"[0.3125, 0.0, 0.0, 0.999999463558197]","[0.0, 0.0, 4.261057711119065e-06, 4.966666892869398e-05, -0.01592736318707466, 1.0, 0.016333334147930145, 4.261057711119065e-06, 0.0, 0.0, -0.9999986290931702, -0.016283666715025902, 0.0, 0.0]","[1.0, 0.0, 0.0, 1.0728093385696411, 1.0, 0.5487349629402161, 0.4499238133430481, 0.5869569182395935]",-30.465414471044785
3.349999999999996,234.2699737548828,55.84001922607422,0.0,0.0,0.5,"[0.3125, 0.0, 0.0, 0.9999989867210388]","[0.0, 0.0, 4.261057711119065e-06, 4.966666892869398e-05, -0.01592736318707466, 1.0, 0.016333334147930145, 4.261057711119065e-06, 0.0, 0.0, -0.9999986290931702, -0.016283666715025902, 0.0, 0.0]","[1.0, 0.0, 0.0, 1.0728093385696411, 1.0, 0.5487349629402161, 0.4499238133430481, 0.5869569182395935]",-30.983199755916825
3.399999999999996,234.2699737548828,55.84001922607422,0.0,0.0,0.5,"[0.3125, 0.0, 0.0, 0.9999986290931702]","[0.0, 0.0, 4.261057711119065e-06, 4.966666892869398e-05, -0.01592736318707466, 1.0, 0.016333334147930145, 4.261057711119065e-06, 0.0, 0.0, -0.9999986290931702, -0.016283666715025902, 0.0, 0.0]","[1.0, 0.0, 0.0, 1.0728093385696411, 1.0, 0.5487349629402161, 0.4499238133430481, 0.5869569182395935]",-32.04523779544003
3.4499999999999957,234.2699737548828,55.84001922607422,0.0,0.0,0.5,"[0.3125, 0.0, 0.0, 0.9999988675117493]","[0.0, 0.0, 4.261057711119065e-06, 4.966666892869398e-05, -0.01592736318707466, 1.0, 0.016333334147930145, 4.261057711119065e-06, 0.0, 0.0, -0.9999986290931702, -0.016283666715025902, 0.0, 0.0]","[1.0, 0.0, 0.0, 1.0728093385696411, 1.0, 0.5487349629402161, 0.4499238133430481, 0.5869569182395935]",-32.64452409358466
3.4999999999999956,234.2699737548828,55.84001922607422,0.0,0.0,0.5,"[0.3125, 0.0, 0.0, 0.9999982118606567]","[0.0, 0.0, 4.261057711119065e-06, 4.966666892869398e-05, -0.01592736318707466, 1.0, 0.016333334147930145, 4.261057711119065e-06, 0.0, 0.0, -0.9999986290931702, -0.016283666715025902, 0.0, 0.0]","[1.0, 0.0, 0.0, 1.0728093385696411, 1.0, 0.5487349629402161, 0.4499238133430481, 0.5869569182395935]",-33.26912643236096
3.5499999999999954,234.2699737548828,55.84001922607422,0.0,0.0,0.5,"[0.3125, 0.0, 0.0, 0.9999982714653015]","[0.0, 0.0, 4.261057711119065e-06, 4.966666892869398e-05, -0.01592736318707466, 1.0, 0.016333334147930145, 4.261057711119065e-06, 0.0, 0.0, -0.9999986290931702, -0.016283666715025902, 0.0, 0.0]","[1.0, 0.0, 0.0, 1.0728093385696411, 1.0, 0.5487349629402161, 0.4499238133430481, 0.5869569182395935]",-33.8872009486678
3.599999999999995,234.2699737548828,55.84001922607422,0.0,0.0,0.5,"[0.3125, 0.0, 0.0, 1.0]","[0.0, 0.0, 4.261057711119065e-06, 4.966666892869398e-05, -0.01592736318707466, 1.0, 0.016333334147930145, 4.261057711119065e-06, 0.0, 0.0, -0.9999986290931702, -0.016283666715025902, 0.0, 0.0]","[1.0, 0.0, 0.0, 1.0728093385696411, 1.0, 0.5487349629402161, 0.4499238133430481, 0.5869569182395935]",-35.167717012143356
3.649999999999995,234.2699737548828,55.84001922607422,0.0,0.0,0.5,"[0.3125, 0.0, 0.0, 1.0]","[0.0, 0.0, 4.261057711119065e-06, 4.966666892869398e-05, -0.01592736318707466, 1.0, 0.016333334147930145, 4.261057711119065e-06, 0.0, 0.0, -0.9999986290931702, -0.016283666715025902, 0.0, 0.0]","[1.0, 0.0, 0.0, 1.0728093385696411, 1.0, 0.5487349629402161, 0.4499238133430481, 0.5869569182395935]",-35.80103404422515
3.699999999999995,234.2699737548828,55.84001922607422,0.0,0.0,0.5,"[0.3125, 0.0, 0.0, 1.0]","[0.0, 0.0, 4.261057711119065e-06, 4.966666892869398e-05, -0.01592736318707466, 1.0, 0.016333334147930145, 4.261057711119065e-06, 0.0, 0.0, -0.9999986290931702, -0.016283666715025902, 0.0, 0.0]","[1.0, 0.0, 0.0, 1.0728093385696411, 1.0, 0.5487349629402161, 0.4499238133430481, 0.5869569182395935]",-36.42377026374013
3.7499999999999947,234.2699737548828,55.84001922607422,0.0,0.0,0.5,"[0.3125, 0.0, 0.0, 1.0]","[0.0, 0.0, 4.261057711119065e-06, 4.966666892869398e-05, -0.01592736318707466, 1.0, 0.016333334147930145, 4.261057711119065e-06, 0.0, 0.0, -0.9999986290931702, -0.016283666715025902, 0.0, 0.0]","[1.0, 0.0, 0.0, 1.0728093385696411, 1.0, 0.5487349629402161, 0.4499238133430481, 0.5869569182395935]",-37.03802944094526
3.7999999999999945,234.2699737548828,55.84001922607422,0.0,0.0,0.5,"[0.3125, 0.0, 0.0, 0.9999997019767761]","[0.0, 0.0, 4.261057711119065e-06, 4.966666892869398e-05, -0.01592736318707466, 1.0, 0.016333334147930145, 4.261057711119065e-06, 0.0, 0.0, -0.9999986290931702, -0.016283666715025902, 0.0, 0.0]","[1.0, 0.0, 0.0, 1.0728093385696411, 1.0, 0.5487349629402161, 0.4499238133430481, 0.5869569182395935]",-38.24384673038512
3.8499999999999943,234.2699737548828,55.84001922607422,0.0,0.0,0.5,"[0.3125, 0.0, 0.0, 0.9999998211860657]","[0.0, 0.0, 4.261057711119065e-06, 4.966666892869398e-05, -0.01592736318707466, 1.0, 0.016333334147930145, 4.261057711119065e-06, 0.0, 0.0, -0.9999986290931702, -0.016283666715025902, 0.0, 0.0]","[1.0, 0.0, 0.0, 1.0728093385696411, 1.0, 0.5487349629402161, 0.4499238133430481, 0.5869569182395935]",-38.83904457450791
3.899999999999994,234.2699737548828,55.84001922607422,0.0,0.0,0.5,"[0.3125, 0.0, 0.0, 0.9999991655349731]","[0.0, 0.0, 4.261057711119065e-06, 4.966666892869398e-05, -0.01592736318707466, 1.0, 0.016333334147930145, 4.261057711119065e-06, 0.0, 0.0, -0.9999986290931702, -0.016283666715025902, 0.0, 0.0]","[1.0, 0.0, 0.0, 1.0728093385696411, 1.0, 0.5487349629402161, 0.4499238133430481, 0.5869569182395935]",-39.42722627697569
3.949999999999994,234.2699737548828,55.84001922607422,0.0,0.0,0.5,"[0.3125, 0.0, 0.0, 0.9999996423721313]","[0.0, 0.0, 4.261057711119065e-06, 4.966666892869398e-05, -0.01592736318707466, 1.0, 0.016333334147930145, 4.261057711119065e-06, 0.0, 0.0, -0.9999986290931702, -0.016283666715025902, 0.0, 0.0]","[1.0, 0.0, 0.0, 1.0728093385696411, 1.0, 0.5487349629402161, 0.4499238133430481, 0.5869569182395935]",-40.06279518138825
3.999999999999994,234.2699737548828,55.84001922607422,0.0,0.0,0.5,"[0.3125, 0.0, 0.0, 0.9999996423721313]","[0.0, 0.0, 4.261057711119065e-06, 4.966666892869398e-05, -0.01592736318707466, 1.0, 0.016333334147930145, 4.261057711119065e-06, 0.0, 0.0, -0.9999986290931702, -0.016283666715025902, 0.0, 0.0]","[1.0, 0.0, 0.0, 1.0728093385696411, 1.0, 0.5487349629402161, 0.4499238133430481, 0.5869569182395935]",-41.08475547520727
4.049999999999994,234.2699737548828,55.84001922607422,0.0,0.0,0.5,"[0.3125, 0.0, 0.0, 0.9999994039535522]","[0.0, 0.0, 4.261057711119065e-06, 4.966666892869398e-05, -0.01592736318707466, 1.0, 0.016333334147930145, 4.261057711119065e-06, 0.0, 0.0, -0.9999986290931702, -0.016283666715025902, 0.0, 0.0]","[1.0, 0.0, 0.0, 1.0728093385696411, 1.0, 0.5487349629402161, 0.4499238133430481, 0.5869569182395935]",-41.32049096099718
4.099999999999993,234.2699737548828,55.84001922607422,0.0,0.0,0.5,"[0.3125, 0.0, 0.0, 0.9999997019767761]","[0.0, 0.0, 4.261057711119065e-06, 4.966666892869398e-05, -0.01592736318707466, 1.0, 0.016333334147930145, 4.261057711119065e-06, 0.0, 0.0, -0.9999986290931702, -0.016283666715025902, 0.0, 0.0]","[1.0, 0.0, 0.0, 1.0728093385696411, 1.0, 0.5487349629402161, 0.4499238133430481, 0.5869569182395935]",-41.565943232414774
4.149999999999993,234.2699737548828,55.84001922607422,0.0,0.0,0.5,"[0.3125, 0.0, 0.0, 0.9999997615814209]","[0.0, 0.0, 4.261057711119065e-06, 4.966666892869398e-05, -0.01592736318707466, 1.0, 0.016333334147930145, 4.261057711119065e-06, 0.0, 0.0, -0.9999986290931702, -0.016283666715025902, 0.0, 0.0]","[1.0, 0.0, 0.0, 1.0728093385696411, 1.0, 0.5487349629402161, 0.4499238133430481, 0.5869569182395935]",-41.83674244963312
4.199999999999993,234.2699737548828,55.84001922607422,0.0,0.0,0.5,"[0.3125, 0.0, 0.0, 0.9999997615814209]","[0.0, 0.0, 4.261057711119065e-06, 4.966666892869398e-05, -0.01592736318707466, 1.0, 0.016333334147930145, 4.261057711119065e-06, 0.0, 0.0, -0.9999986290931702, -0.016283666715025902, 0.0, 0.0]","[1.0, 0.0, 0.0, 1.0728093385696411, 1.0, 0.5487349629402161, 0.4499238133430481, 0.5869569182395935]",-42.45569196388272
4.249999999999993,234.2699737548828,55.84001922607422,0.0,0.0,0.5,"[0.3125, 0.0, 0.0, 1.0]","[0.0, 0.0, 4.261057711119065e-06, 4.966666892869398e-05, -0.01592736318707466, 1.0, 0.016333334147930145, 4.261057711119065e-06, 0.0, 0.0, -0.9999986290931702, -0.016283666715025902, 0.0, 0.0]","[1.0, 0.0, 0.0, 1.0728093385696411, 1.0, 0.5487349629402161, 0.4499238133430481, 0.5869569182395935]",-42.781020917426936
4.299999999999993,234.2699737548828,55.84001922607422,0.0,0.0,0.5,"[0.3125, 0.0, 0.0, 1.0]","[0.0, 0.0, 4.261057711119065e-06, 4.966666892869398e-05, -0.01592736318707466, 1.0, 0.016333334147930145, 4.261057711119065e-06, 0.0, 0.0, -0.9999986290931702, -0.016283666715025902, 0.0, 0.0]","[1.0, 0.0, 0.0, 1.0728093385696411, 1.0, 0.5487349629402161, 0.4499238133430481, 0.5869569182395935]",-43.11238608170475
4.3499999999999925,234.2699737548828,55.84001922607422,0.0,0.0,0.5,"[0.3125, 0.0, 0.0, 0.9999992251396179]","[0.0, 0.0, 4.261057711119065e-06, 4.966666892869398e-05, -0.01592736318707466, 1.0, 0.016333334147930145, 4.261057711119065e-06, 0.0, 0.0, -0.9999986290931702, -0.016283666715025902, 0.0, 0.0]","[1.0, 0.0, 0.0, 1.0728093385696411, 1.0, 0.5487349629402161, 0.4499238133430481, 0.5869569182395935]",-43.40198050278207
4.399999999999992,234.2699737548828,55.84001922607422,0.0,0.0,0.5,"[0.3125, 0.0, 0.0, 0.9999992251396179]","[0.0, 0.0, 4.261057711119065e-06, 4.966666892869398e-05, -0.01592736318707466, 1.0, 0.016333334147930145, 4.261057711119065e-06, 0.0, 0.0, -0.9999986290931702, -0.016283666715025902, 0.0, 0.0]","[1.0, 0.0, 0.0, 1.0728093385696411, 1.0, 0.5487349629402161, 0.4499238133430481, 0.5869569182395935]",-43.91617740316032
4.449999999999992,234.2699737548828,55.84001922607422,0.0,0.0,0.5,"[0.3125, 0.0, 0.0, 1.0]","[0.0, 0.0, 4.261057711119065e-06, 4.966666892869398e-05, -0.01592736318707466, 1.0, 0.016333334147930145, 4.261057711119065e-06, 0.0, 0.0, -0.9999986290931702, -0.016283666715025902, 0.0, 0.0]","[1.0, 0.0, 0.0, 1.0728093385696411, 1.0, 0.5487349629402161, 0.4499238133430481, 0.5869569182395935]",-44.15201356577229
4.499999999999992,234.2699737548828,55.84001922607422,0.0,0.0,0.5,"[0.3125, 0.0, 0.0, 1.0]","[0.0, 0.0, 4.261057711119065e-06, 4.966666892869398e-05, -0.01592736318707466, 1.0, 0.016333334147930145, 4.261057711119065e-06, 0.0, 0.0, -0.9999986290931702, -0.016283666715025902, 0.0, 0.0]","[1.0, 0.0, 0.0, 1.0728093385696411, 1.0, 0.5487349629402161, 0.4499238133430481, 0.5869569182395935]",-44.39428738232891
4.549999999999992,234.2699737548828,55.84001922607422,0.0,0.0,0.5,"[0.3125, 0.0, 0.0, 1.0]","[0.0, 0.0, 4.261057711119065e-06, 4.966666892869398e-05, -0.01592736318707466, 1.0, 0.016333334147930145, 4.261057711119065e-06, 0.0, 0.0, -0.9999986290931702, -0.016283666715025902, 0.0, 0.0]","[1.0, 0.0, 0.0, 1.0728093385696411, 1.0, 0.5487349629402161, 0.4499238133430481, 0.5869569182395935]",-44.64399070344579
4.599999999999992,234.2699737548828,55.84001922607422,0.0,0.0,0.5,"[0.3125, 0.0, 0.0, 1.0]","[0.0, 0.0, 4.261057711119065e-06, 4.966666892869398e-05, -0.01592736318707466, 1.0, 0.016333334147930145, 4.261057711119065e-06, 0.0, 0.0, -0.9999986290931702, -0.016283666715025902, 0.0, 0.0]","[1.0, 0.0, 0.0, 1.0728093385696411, 1.0, 0.5487349629402161, 0.4499238133430481, 0.5869569182395935]",-45.17589609452606
4.6499999999999915,234.2699737548828,55.84001922607422,0.0,0.0,0.5,"[0.3125, 0.0, 0.0, 1.0]","[0.0, 0.0, 4.261057711119065e-06, 4.966666892869398e-05, -0.01592736318707466, 1.0, 0.016333334147930145, 4.261057711119065e-06, 0.0, 0.0, -0.9999986290931702, -0.016283666715025902, 0.0, 0.0]","[1.0, 0.0, 0.0, 1.0728093385696411, 1.0, 0.5487349629402161, 0.4499238133430481, 0.5869569182395935]",-45.45225272780106
4.699999999999991,234.2699737548828,55.84001922607422,0.0,0.0,0.5,"[0.3125, 0.0, 0.0, 1.0]","[0.0, 0.0, 4.261057711119065e-06, 4.966666892869398e-05, -0.01592736318707466, 1.0, 0.016333334147930145, 4.261057711119065e-06, 0.0, 0.0, -0.9999986290931702, -0.016283666715025902, 0.0, 0.0]","[1.0, 0.0, 0.0, 1.0728093385696411, 1.0, 0.5487349629402161, 0.4499238133430481, 0.5869569182395935]",-45.7293428533341
4.749999999999991,234.2699737548828,55.84001922607422,0.0,0.0,0.5,"[0.3125, 0.0, 0.0, 0.9999992847442627]","[0.0, 0.0, 4.261057711119065e-06, 4.966666892869398e-05, -0.01592736318707466, 1.0, 0.016333334147930145, 4.261057711119065e-06, 0.0, 0.0, -0.9999986290931702, -0.016283666715025902, 0.0, 0.0]","[1.0, 0.0, 0.0, 1.0728093385696411, 1.0, 0.5487349629402161, 0.4499238133430481, 0.5869569182395935]",-46.01401261033986
4.799999999999991,234.2699737548828,55.84001922607422,0.0,0.0,0.5,"[0.3125, 0.0, 0.0, 0.9999992847442627]","[0.0, 0.0, 4.261057711119065e-06, 4.966666892869398e-05, -0.01592736318707466, 1.0, 0.016333334147930145, 4.261057711119065e-06, 0.0, 0.0, -0.9999986290931702, -0.016283666715025902, 0.0, 0.0]","[1.0, 0.0, 0.0, 1.0728093385696411, 1.0, 0.5487349629402161, 0.4499238133430481, 0.5869569182395935]",-46.62894494057634
4.849999999999991,234.2699737548828,55.84001922607422,0.0,0.0,0.5,"[0.3125, 0.0, 0.0, 1.0]","[0.0, 0.0, 4.261057711119065e-06, 4.966666892869398e-05, -0.01592736318707466, 1.0, 0.016333334147930145, 4.261057711119065e-06, 0.0, 0.0, -0.9999986290931702, -0.016283666715025902, 0.0, 0.0]","[1.0, 0.0, 0.0, 1.0728093385696411, 1.0, 0.5487349629402161, 0.4499238133430481, 0.5869569182395935]",-46.95162619365052
4.899999999999991,234.2699737548828,55.84001922607422,0.0,0.0,0.5,"[0.3125, 0.0, 0.0, 1.0]","[0.0, 0.0, 4.261057711119065e-06, 4.966666892869398e-05, -0.01592736318707466, 1.0, 0.016333334147930145, 4.261057711119065e-06, 0.0, 0.0, -0.9999986290931702, -0.016283666715025902, 0.0, 0.0]","[1.0, 0.0, 0.0, 1.0728093385696411, 1.0, 0.5487349629402161, 0.4499238133430481, 0.5869569182395935]",-47.279719839602066
4.94999999999999,234.2699737548828,55.84001922607422,0.0,0.0,0.5,"[0.3125, 0.0, 0.0, 0.9999997019767761]","[0.0, 0.0, 4.261057711119065e-06, 4.966666892869398e-05, -0.01592736318707466, 1.0, 0.016333334147930145, 4.261057711119065e-06, 0.0, 0.0, -0.9999986290931702, -0.016283666715025902, 0.0, 0.0]","[1.0, 0.0, 0.0, 1.0728093385696411, 1.0, 0.5487349629402161, 0.4499238133430481, 0.5869569182395935]",-47.617896894784344
4.99999999999999,234.2699737548828,55.84001922607422,0.0,0.0,0.5,"[0.3125, 0.0, 0.0, 0.9999994039535522]","[0.0, 0.0, 4.261057711119065e-06, 4.966666892869398e-05, -0.01592736318707466, 1.0, 0.016333334147930145, 4.261057711119065e-06, 0.0, 0.0, -0.9999986290931702, -0.016283666715025902, 0.0, 0.0]","[1.0, 0.0, 0.0, 1.0728093385696411, 1.0, 0.5487349629402161, 0.4499238133430481, 0.5869569182395935]",-48.31855057276189
5.04999999999999,234.2699737548828,55.84001922607422,0.0,0.0,0.5,"[0.3125, 0.0, 0.0, 0.9999997019767761]","[0.0, 0.0, 4.261057711119065e-06, 4.966666892869398e-05, -0.01592736318707466, 1.0, 0.016333334147930145, 4.261057711119065e-06, 0.0, 0.0, -0.9999986290931702, -0.016283666715025902, 0.0, 0.0]","[1.0, 0.0, 0.0, 1.0728093385696411, 1.0, 0.5487349629402161, 0.4499238133430481, 0.5869569182395935]",-48.68493451443529
5.09999999999999,234.2699737548828,55.84001922607422,0.0,0.0,0.5,"[0.3125, 0.0, 0.0, 1.0]","[0.0, 0.0, 4.261057711119065e-06, 4.966666892869398e-05, -0.01592736318707466, 1.0, 0.016333334147930145, 4.261057711119065e-06, 0.0, 0.0, -0.9999986290931702, -0.016283666715025902, 0.0, 0.0]","[1.0, 0.0, 0.0, 1.0728093385696411, 1.0, 0.5487349629402161, 0.4499238133430481, 0.5869569182395935]",-49.06901954186046
5.14999999999999,234.2699737548828,55.84001922607422,0.0,0.0,0.5,"[0.3125, 0.0, 0.0, 1.0]","[0.0, 0.0, 4.261057711119065e-06, 4.966666892869398e-05, -0.01592736318707466, 1.0, 0.016333334147930145, 4.261057711119065e-06, 0.0, 0.0, -0.9999986290931702, -0.016283666715025902, 0.0, 0.0]","[1.0, 0.0, 0.0, 1.0728093385696411, 1.0, 0.5487349629402161, 0.4499238133430481, 0.5869569182395935]",-49.460051394154014
5.1999999999999895,234.2699737548828,55.84001922607422,0.0,0.0,0.5,"[0.3125, 0.0, 0.0, 0.9999993443489075]","[0.0, 0.0, 4.261057711119065e-06, 4.966666892869398e-05, -0.01592736318707466, 1.0, 0.016333334147930145, 4.261057711119065e-06, 0.0, 0.0, -0.9999986290931702, -0.016283666715025902, 0.0, 0.0]","[1.0, 0.0, 0.0, 1.0728093385696411, 1.0, 0.5487349629402161, 0.4499238133430481, 0.5869569182395935]",-50.294034131379384
5.249999999999989,234.2699737548828,55.84001922607422,0.0,0.0,0.5,"[0.3125, 0.0, 0.0, 0.9999993443489075]","[0.0, 0.0, 4.261057711119065e-06, 4.966666892869398e-05, -0.01592736318707466, 1.0, 0.016333334147930145, 4.261057711119065e-06, 0.0, 0.0, -0.9999986290931702, -0.016283666715025902, 0.0, 0.0]","[1.0, 0.0, 0.0, 1.0728093385696411, 1.0, 0.5487349629402161, 0.4499238133430481, 0.5869569182395935]",-50.74225989167137
5.299999999999989,234.2699737548828,55.84001922607422,0.0,0.0,0.5,"[0.3125, 0.0, 0.0, 0.9999997019767761]","[0.0, 0.0, 4.261057711119065e-06, 4.966666892869398e-05, -0.01592736318707466, 1.0, 0.016333334147930145, 4.261057711119065e-06, 0.0, 0.0, -0.9999986290931702, -0.016283666715025902, 0.0, 0.0]","[1.0, 0.0, 0.0, 1.0728093385696411, 1.0, 0.5487349629402161, 0.4499238133430481, 0.5869569182395935]",-51.2152042544803
5.349999999999989,234.2699737548828,55.84001922607422,0.0,0.0,0.5,"[0.3125, 0.0, 0.0, 0.9999994039535522]","[0.0, 0.0, 4.261057711119065e-06, 4.966666892869398e-05, -0.01592736318707466, 1.0, 0.016333334147930145, 4.261057711119065e-06, 0.0, 0.0, -0.9999986290931702, -0.016283666715025902, 0.0, 0.0]","[1.0, 0.0, 0.0, 1.0728093385696411, 1.0, 0.5487349629402161, 0.4499238133430481, 0.5869569182395935]",-51.71717055168887
5.399999999999989,234.2699737548828,55.84001922607422,0.0,0.0,0.5,"[0.3125, 0.0, 0.0, 0.9999997019767761]","[0.0, 0.0, 4.261057711119065e-06, 4.966666892869398e-05, -0.01592736318707466, 1.0, 0.016333334147930145, 4.261057711119065e-06, 0.0, 0.0, -0.9999986290931702, -0.016283666715025902, 0.0, 0.0]","[1.0, 0.0, 0.0, 1.0728093385696411, 1.0, 0.5487349629402161, 0.4499238133430481, 0.5869569182395935]",-52.73705296067351
5.449999999999989,234.2699737548828,55.84001922607422,0.0,0.0,0.5,"[0.3125, 0.0, 0.0, 1.0]","[0.0, 0.0, 4.261057711119065e-06, 4.966666892869398e-05, -0.01592736318707466, 1.0, 0.016333334147930145, 4.261057711119065e-06, 0.0, 0.0, -0.9999986290931702, -0.016283666715025902, 0.0, 0.0]","[1.0, 0.0, 0.0, 1.0728093385696411, 1.0, 0.5487349629402161, 0.4499238133430481, 0.5869569182395935]",-53.238672594605966
5.4999999999999885,234.2699737548828,55.84001922607422,0.0,0.0,0.5,"[0.3125, 0.0, 0.0, 0.9999997019767761]","[0.0, 0.0, 4.261057711119065e-06, 4.966666892869398e-05, -0.01592736318707466, 1.0, 0.016333334147930145, 4.261057711119065e-06, 0.0, 0.0, -0.9999986290931702, -0.016283666715025902, 0.0, 0.0]","[1.0, 0.0, 0.0, 1.0728093385696411, 1.0, 0.5487349629402161, 0.4499238133430481, 0.5869569182395935]",-53.792141750051854
5.549999999999988,234.2699737548828,55.84001922607422,0.0,0.0,0.5,"[0.3125, 0.0, 0.0, 0.9999997019767761]","[0.0, 0.0, 4.261057711119065e-06, 4.966666892869398e-05, -0.01592736318707466, 1.0, 0.016333334147930145, 4.261057711119065e-06, 0.0, 0.0, -0.9999986290931702, -0.016283666715025902, 0.0, 0.0]","[1.0, 0.0, 0.0, 1.0728093385696411, 1.0, 0.5487349629402161, 0.4499238133430481, 0.5869569182395935]",-54.38406739017819
5.599999999999988,234.2699737548828,55.84001922607422,0.0,0.0,0.5,"[0.3125, 0.0, 0.0, 0.9999995231628418]","[0.0, 0.0, 4.261057711119065e-06, 4.966666892869398e-05, -0.01592736318707466, 1.0, 0.016333334147930145, 4.261057711119065e-06, 0.0, 0.0, -0.9999986290931702, -0.016283666715025902, 0.0, 0.0]","[1.0, 0.0, 0.0, 1.0728093385696411, 1.0, 0.5487349629402161, 0.4499238133430481, 0.5869569182395935]",-55.557510899924274
5.649999999999988,234.2699737548828,55.84001922607422,0.0,0.0,0.5,"[0.3125, 0.0, 0.0, 0.9999995231628418]","[0.0, 0.0, 4.261057711119065e-06, 4.966666892869398e-05, -0.01592736318707466, 1.0, 0.016333334147930145, 4.261057711119065e-06, 0.0, 0.0, -0.9999986290931702, -0.016283666715025902, 0.0, 0.0]","[1.0, 0.0, 0.0, 1.0728093385696411, 1.0, 0.5487349629402161, 0.4499238133430481, 0.5869569182395935]",-56.1439471729811
5.699999999999988,234.2699737548828,55.84001922607422,0.0,0.0,0.5,"[0.3125, 0.0, 0.0, 0.9999997019767761]","[0.0, 0.0, 4.261057711119065e-06, 4.966666892869398e-05, -0.01592736318707466, 1.0, 0.016333334147930145, 4.261057711119065e-06, 0.0, 0.0, -0.9999986290931702, -0.016283666715025902, 0.0, 0.0]","[1.0, 0.0, 0.0, 1.0728093385696411, 1.0, 0.5487349629402161, 0.4499238133430481, 0.5869569182395935]",-56.735864810636336
5.749999999999988,234.2699737548828,55.84001922607422,0.0,0.0,0.5,"[0.3125, 0.0, 0.0, 0.9999994039535522]","[0.0, 0.0, 4.261057711119065e-06, 4.966666892869398e-05, -0.01592736318707466, 1.0, 0.016333334147930145, 4.261057711119065e-06, 0.0, 0.0, -0.9999986290931702, -0.016283666715025902, 0.0, 0.0]","[1.0, 0.0, 0.0, 1.0728093385696411, 1.0, 0.5487349629402161, 0.4499238133430481, 0.5869569182395935]",-57.379342089056905
5.799999999999987,234.2699737548828,55.84001922607422,0.0,0.0,0.5,"[0.3125, 0.0, 0.0, 0.9999997019767761]","[0.0, 0.0, 4.261057711119065e-06, 4.966666892869398e-05, -0.01592736318707466, 1.0, 0.016333334147930145, 4.261057711119065e-06, 0.0, 0.0, -0.9999986290931702, -0.016283666715025902, 0.0, 0.0]","[1.0, 0.0, 0.0, 1.0728093385696411, 1.0, 0.5487349629402161, 0.4499238133430481, 0.5869569182395935]",-58.329566214270905
5.849999999999987,234.2699737548828,55.84001922607422,0.0,0.0,0.5,"[0.3125, 0.0, 0.0, 1.0]","[0.0, 0.0, 4.261057711119065e-06, 4.966666892869398e-05, -0.01592736318707466, 1.0, 0.016333334147930145, 4.261057711119065e-06, 0.0, 0.0, -0.9999986290931702, -0.016283666715025902, 0.0, 0.0]","[1.0, 0.0, 0.0, 1.0728093385696411, 1.0, 0.5487349629402161, 0.4499238133430481, 0.5869569182395935]",-58.528727278999945
5.899999999999987,234.2699737548828,55.84001922607422,0.0,0.0,0.5,"[0.3125, 0.0, 0.0, 1.0]","[0.0, 0.0, 4.261057711119065e-06, 4.966666892869398e-05, -0.01592736318707466, 1.0, 0.016333334147930145, 4.261057711119065e-06, 0.0, 0.0, -0.9999986290931702, -0.016283666715025902, 0.0, 0.0]","[1.0, 0.0, 0.0, 1.0728093385696411, 1.0, 0.5487349629402161, 0.4499238133430481, 0.5869569182395935]",-58.74902844008919
5.949999999999987,234.2699737548828,55.84001922607422,0.0,0.0,0.5,"[0.3125, 0.0, 0.0, 0.9999997019767761]","[0.0, 0.0, 4.261057711119065e-06, 4.966666892869398e-05, -0.01592736318707466, 1.0, 0.016333334147930145, 4.261057711119065e-06, 0.0, 0.0, -0.9999986290931702, -0.016283666715025902, 0.0, 0.0]","[1.0, 0.0, 0.0, 1.0728093385696411, 1.0, 0.5487349629402161, 0.4499238133430481, 0.5869569182395935]",-58.97908145735266
5.999999999999987,234.2699737548828,55.84001922607422,0.0,0.0,0.5,"[0.3125, 0.0, 0.0, 0.9999997019767761]","[0.0, 0.0, 4.261057711119065e-06, 4.966666892869398e-05, -0.01592736318707466, 1.0, 0.016333334147930145, 4.261057711119065e-06, 0.0, 0.0, -0.9999986290931702, -0.016283666715025902, 0.0, 0.0]","[1.0, 0.0, 0.0, 1.0728093385696411, 1.0, 0.5487349629402161, 0.4499238133430481, 0.5869569182395935]",-59.52484461182577
6.0499999999999865,234.2699737548828,55.84001922607422,0.0,0.0,0.5,"[0.3125, 0.0, 0.0, 0.9999995827674866]","[0.0, 0.0, 4.261057711119065e-06, 4.966666892869398e-05, -0.01592736318707466, 1.0, 0.016333334147930145, 4.261057711119065e-06, 0.0, 0.0, -0.9999986290931702, -0.016283666715025902, 0.0, 0.0]","[1.0, 0.0, 0.0, 1.0728093385696411, 1.0, 0.5487349629402161, 0.4499238133430481, 0.5869569182395935]",-59.81168976781907
6.099999999999986,234.2699737548828,55.84001922607422,0.0,0.0,0.5,"[0.3125, 0.0, 0.0, 0.9999995827674866]","[0.0, 0.0, 4.261057711119065e-06, 4.966666892869398e-05, -0.01592736318707466, 1.0, 0.016333334147930145, 4.261057711119065e-06, 0.0, 0.0, -0.9999986290931702, -0.016283666715025902, 0.0, 0.0]","[1.0, 0.0, 0.0, 1.0728093385696411, 1.0, 0.5487349629402161, 0.4499238133430481, 0.5869569182395935]",-60.11036046327152
6.149999999999986,234.2699737548828,55.84001922607422,0.0,0.0,0.5,"[0.3125, 0.0, 0.0, 1.0]","[0.0, 0.0, 4.261057711119065e-06, 4.966666892869398e-05, -0.01592736318707466, 1.0, 0.016333334147930145, 4.261057711119065e-06, 0.0, 0.0, -0.9999986290931702, -0.016283666715025902, 0.0, 0.0]","[1.0, 0.0, 0.0, 1.0728093385696411, 1.0, 0.5487349629402161, 0.4499238133430481, 0.5869569182395935]",-60.39689662068973
6.199999999999986,234.2699737548828,55.84001922607422,0.0,0.0,0.5,"[0.3125, 0.0, 0.0, 1.0]","[0.0, 0.0, 4.261057711119065e-06, 4.966666892869398e-05, -0.01592736318707466, 1.0, 0.016333334147930145, 4.261057711119065e-06, 0.0, 0.0, -0.9999986290931702, -0.016283666715025902, 0.0, 0.0]","[1.0, 0.0, 0.0, 1.0728093385696411, 1.0, 0.5487349629402161, 0.4499238133430481, 0.5869569182395935]",-60.94418366307332
6.249999999999986,234.2699737548828,55.84001922607422,0.0,0.0,0.5,"[0.3125, 0.0, 0.0, 1.0]","[0.0, 0.0, 4.261057711119065e-06, 4.966666892869398e-05, -0.01592736318707466, 1.0, 0.016333334147930145, 4.261057711119065e-06, 0.0, 0.0, -0.9999986290931702, -0.016283666715025902, 0.0, 0.0]","[1.0, 0.0, 0.0, 1.0728093385696411, 1.0, 0.5487349629402161, 0.4499238133430481, 0.5869569182395935]",-61.226495059919685
6.299999999999986,234.2699737548828,55.84001922607422,0.0,0.0,0.5,"[0.3125, 0.0, 0.0, 1.0]","[0.0, 0.0, 4.261057711119065e-06, 4.966666892869398e-05, -0.01592736318707466, 1.0, 0.016333334147930145, 4.261057711119065e-06, 0.0, 0.0, -0.9999986290931702, -0.016283666715025902, 0.0, 0.0]","[1.0, 0.0, 0.0, 1.0728093385696411, 1.0, 0.5487349629402161, 0.4499238133430481, 0.5869569182395935]",-61.51043702125588
6.349999999999985,234.2699737548828,55.84001922607422,0.0,0.0,0.5,"[0.3125, 0.0, 0.0, 1.0]","[0.0, 0.0, 4.261057711119065e-06, 4.966666892869398e-05, -0.01592736318707466, 1.0, 0.016333334147930145, 4.261057711119065e-06, 0.0, 0.0, -0.9999986290931702, -0.016283666715025902, 0.0, 0.0]","[1.0, 0.0, 0.0, 1.0728093385696411, 1.0, 0.5487349629402161, 0.4499238133430481, 0.5869569182395935]",-61.79120410502159
6.399999999999985,234.2699737548828,55.84001922607422,0.0,0.0,0.5,"[0.3125, 0.0, 0.0, 1.0]","[0.0, 0.0, 4.261057711119065e-06, 4.966666892869398e-05, -0.01592736318707466, 1.0, 0.016333334147930145, 4.261057711119065e-06, 0.0, 0.0, -0.9999986290931702, -0.016283666715025902, 0.0, 0.0]","[1.0, 0.0, 0.0, 1.0728093385696411, 1.0, 0.5487349629402161, 0.4499238133430481, 0.5869569182395935]",-62.359994688183136
6.449999999999985,234.2699737548828,55.84001922607422,0.0,0.0,0.5,"[0.3125, 0.0, 0.0, 0.9999992847442627]","[0.0, 0.0, 4.261057711119065e-06, 4.966666892869398e-05, -0.01592736318707466, 1.0, 0.016333334147930145, 4.261057711119065e-06, 0.0, 0.0, -0.9999986290931702, -0.016283666715025902, 0.0, 0.0]","[1.0, 0.0, 0.0, 1.0728093385696411, 1.0, 0.5487349629402161, 0.4499238133430481, 0.5869569182395935]",-62.66076495668646
6.499999999999985,234.2699737548828,55.84001922607422,0.0,0.0,0.5,"[0.3125, 0.0, 0.0, 0.9999992847442627]","[0.0, 0.0, 4.261057711119065e-06, 4.966666892869398e-05, -0.01592736318707466, 1.0, 0.016333334147930145, 4.261057711119065e-06, 0.0, 0.0, -0.9999986290931702, -0.016283666715025902, 0.0, 0.0]","[1.0, 0.0, 0.0, 1.0728093385696411, 1.0, 0.5487349629402161, 0.4499238133430481, 0.5869569182395935]",-62.975251295149974
6.549999999999985,234.2699737548828,55.84001922607422,0.0,0.0,0.5,"[0.3125, 0.0, 0.0, 1.0]","[0.0, 0.0, 4.261057711119065e-06, 4.966666892869398e-05, -0.01592736318707466, 1.0, 0.016333334147930145, 4.261057711119065e-06, 0.0, 0.0, -0.9999986290931702, -0.016283666715025902, 0.0, 0.0]","[1.0, 0.0, 0.0, 1.0728093385696411, 1.0, 0.5487349629402161, 0.4499238133430481, 0.5869569182395935]",-63.29603333259011
6.5999999999999845,234.2699737548828,55.84001922607422,0.0,0.0,0.5,"[0.3125, 0.0, 0.0, 1.0]","[0.0, 0.0, 4.261057711119065e-06, 4.966666892869398e-05, -0.01592736318707466, 1.0, 0.016333334147930145, 4.261057711119065e-06, 0.0, 0.0, -0.9999986290931702, -0.016283666715025902, 0.0, 0.0]","[1.0, 0.0, 0.0, 1.0728093385696411, 1.0, 0.5487349629402161, 0.4499238133430481, 0.5869569182395935]",-63.625459778959566
6.649999999999984,234.2699737548828,55.84001922607422,0.0,0.0,0.5,"[0.3125, 0.0, 0.0, 1.0]","[0.0, 0.0, 4.261057711119065e-06, 4.966666892869398e-05, -0.01592736318707466, 1.0, 0.016333334147930145, 4.261057711119065e-06, 0.0, 0.0, -0.9999986290931702, -0.016283666715025902, 0.0, 0.0]","[1.0, 0.0, 0.0, 1.0728093385696411, 1.0, 0.5487349629402161, 0.4499238133430481, 0.5869569182395935]",-64.27150524240328
6.699999999999984,234.2699737548828,55.84001922607422,0.0,0.0,0.5,"[0.3125, 0.0, 0.0, 1.0]","[0.0, 0.0, 4.261057711119065e-06, 4.966666892869398e-05, -0.01592736318707466, 1.0, 0.016333334147930145, 4.261057711119065e-06, 0.0, 0.0, -0.9999986290931702, -0.016283666715025902, 0.0, 0.0]","[1.0, 0.0, 0.0, 1.0728093385696411, 1.0, 0.5487349629402161, 0.4499238133430481, 0.5869569182395935]",-64.57338053479177
6.749999999999984,234.2699737548828,55.84001922607422,0.0,0.0,0.5,"[0.3125, 0.0, 0.0, 1.0]","[0.0, 0.0, 4.261057711119065e-06, 4.966666892869398e-05, -0.01592736318707466, 1.0, 0.016333334147930145, 4.261057711119065e-06, 0.0, 0.0, -0.9999986290931702, -0.016283666715025902, 0.0, 0.0]","[1.0, 0.0, 0.0, 1.0728093385696411, 1.0, 0.5487349629402161, 0.4499238133430481, 0.5869569182395935]",-64.87431229410245
6.799999999999984,234.2699737548828,55.84001922607422,0.0,0.0,0.5,"[0.3125, 0.0, 0.0, 1.0]","[0.0, 0.0, 4.261057711119065e-06, 4.966666892869398e-05, -0.01592736318707466, 1.0, 0.016333334147930145, 4.261057711119065e-06, 0.0, 0.0, -0.9999986290931702, -0.016283666715025902, 0.0, 0.0]","[1.0, 0.0, 0.0, 1.0728093385696411, 1.0, 0.5487349629402161, 0.4499238133430481, 0.5869569182395935]",-65.17162978257475
6.849999999999984,234.2699737548828,55.84001922607422,0.0,0.0,0.5,"[0.3125, 0.0, 0.0, 0.9999992847442627]","[0.0, 0.0, 4.261057711119065e-06, 4.966666892869398e-05, -0.01592736318707466, 1.0, 0.016333334147930145, 4.261057711119065e-06, 0.0, 0.0, -0.9999986290931702, -0.016283666715025902, 0.0, 0.0]","[1.0, 0.0, 0.0, 1.0728093385696411, 1.0, 0.5487349629402161, 0.4499238133430481, 0.5869569182395935]",-65.77167849246518
6.8999999999999835,234.2699737548828,55.84001922607422,0.0,0.0,0.5,"[0.3125, 0.0, 0.0, 0.9999992847442627]","[0.0, 0.0, 4.261057711119065e-06, 4.966666892869398e-05, -0.01592736318707466, 1.0, 0.016333334147930145, 4.261057711119065e-06, 0.0, 0.0, -0.9999986290931702, -0.016283666715025902, 0.0, 0.0]","[1.0, 0.0, 0.0, 1.0728093385696411, 1.0, 0.5487349629402161, 0.4499238133430481, 0.5869569182395935]",-66.05897025415683
6.949999999999983,234.2699737548828,55.84001922607422,0.0,0.0,0.5,"[0.3125, 0.0, 0.0, 1.0]","[0.0, 0.0, 4.261057711119065e-06, 4.966666892869398e-05, -0.01592736318707466, 1.0, 0.016333334147930145, 4.261057711119065e-06, 0.0, 0.0, -0.9999986290931702, -0.016283666715025902, 0.0, 0.0]","[1.0, 0.0, 0.0, 1.0728093385696411, 1.0, 0.5487349629402161, 0.4499238133430481, 0.5869569182395935]",-66.34197135134586
6.999999999999983,234.2699737548828,55.84001922607422,0.0,0.0,0.5,"[0.3125, 0.0, 0.0, 1.0]","[0.0, 0.0, 4.261057711119065e-06, 4.966666892869398e-05, -0.01592736318707466, 1.0, 0.016333334147930145, 4.261057711119065e-06, 0.0, 0.0, -0.9999986290931702, -0.016283666715025902, 0.0, 0.0]","[1.0, 0.0, 0.0, 1.0728093385696411, 1.0, 0.5487349629402161, 0.4499238133430481, 0.5869569182395935]",-66.62775875126914
7.049999999999983,234.2699737548828,55.84001922607422,0.0,0.0,0.5,"[0.3125, 0.0, 0.0, 1.0]","[0.0, 0.0, 4.261057711119065e-06, 4.966666892869398e-05, -0.01592736318707466, 1.0, 0.016333334147930145, 4.261057711119065e-06, 0.0, 0.0, -0.9999986290931702, -0.016283666715025902, 0.0, 0.0]","[1.0, 0.0, 0.0, 1.0728093385696411, 1.0, 0.5487349629402161, 0.4499238133430481, 0.5869569182395935]",-67.19676736739288
7.099999999999983,234.2699737548828,55.84001922607422,0.0,0.0,0.5,"[0.3125, 0.0, 0.0, 1.0]","[0.0, 0.0, 4.261057711119065e-06, 4.966666892869398e-05, -0.01592736318707466, 1.0, 0.016333334147930145, 4.261057711119065e-06, 0.0, 0.0, -0.9999986290931702, -0.016283666715025902, 0.0, 0.0]","[1.0, 0.0, 0.0, 1.0728093385696411, 1.0, 0.5487349629402161, 0.4499238133430481, 0.5869569182395935]",-67.48860258691244
7.149999999999983,234.2699737548828,55.84001922607422,0.0,0.0,0.5,"[0.3125, 0.0, 0.0, 1.0]","[0.0, 0.0, 4.261057711119065e-06, 4.966666892869398e-05, -0.01592736318707466, 1.0, 0.016333334147930145, 4.261057711119065e-06, 0.0, 0.0, -0.9999986290931702, -0.016283666715025902, 0.0, 0.0]","[1.0, 0.0, 0.0, 1.0728093385696411, 1.0, 0.5487349629402161, 0.4499238133430481, 0.5869569182395935]",-67.7792591495378
7.199999999999982,234.2699737548828,55.84001922607422,0.0,0.0,0.5,"[0.3125, 0.0, 0.0, 0.9999997019767761]","[0.0, 0.0, 4.261057711119065e-06, 4.966666892869398e-05, -0.01592736318707466, 1.0, 0.016333334147930145, 4.261057711119065e-06, 0.0, 0.0, -0.9999986290931702, -0.016283666715025902, 0.0, 0.0]","[1.0, 0.0, 0.0, 1.0728093385696411, 1.0, 0.5487349629402161, 0.4499238133430481, 0.5869569182395935]",-68.07215543438467
7.249999999999982,234.2699737548828,55.84001922607422,0.0,0.0,0.5,"[0.3125, 0.0, 0.0, 0.9999994039535522]","[0.0, 0.0, 4.261057711119065e-06, 4.966666892869398e-05, -0.01592736318707466, 1.0, 0.016333334147930145, 4.261057711119065e-06, 0.0, 0.0, -0.9999986290931702, -0.016283666715025902, 0.0, 0.0]","[1.0, 0.0, 0.0, 1.0728093385696411, 1.0, 0.5487349629402161, 0.4499238133430481, 0.5869569182395935]",-68.66787341336988
7.299999999999982,234.2699737548828,55.84001922607422,0.0,0.0,0.5,"[0.3125, 0.0, 0.0, 0.9999990463256836]","[0.0, 0.0, 4.261057711119065e-06, 4.966666892869398e-05, -0.01592736318707466, 1.0, 0.016333334147930145, 4.261057711119065e-06, 0.0, 0.0, -0.9999986290931702, -0.016283666715025902, 0.0, 0.0]","[1.0, 0.0, 0.0, 1.0728093385696411, 1.0, 0.5487349629402161, 0.4499238133430481, 0.5869569182395935]",-68.96377233016193
7.349999999999982,234.2699737548828,55.84001922607422,0.0,0.0,0.5,"[0.3125, 0.0, 0.0, 0.9999992847442627]","[0.0, 0.0, 4.261057711119065e-06, 4.966666892869398e-05, -0.01592736318707466, 1.0, 0.016333334147930145, 4.261057711119065e-06, 0.0, 0.0, -0.9999986290931702, -0.016283666715025902, 0.0, 0.0]","[1.0, 0.0, 0.0, 1.0728093385696411, 1.0, 0.5487349629402161, 0.4499238133430481, 0.5869569182395935]",-69.25910145739144
7.399999999999982,234.2699737548828,55.84001922607422,0.0,0.0,0.5,"[0.3125, 0.0, 0.0, 1.0]","[0.0, 0.0, 4.261057711119065e-06, 4.966666892869398e-05, -0.01592736318707466, 1.0, 0.016333334147930145, 4.261057711119065e-06, 0.0, 0.0, -0.9999986290931702, -0.016283666715025902, 0.0, 0.0]","[1.0, 0.0, 0.0, 1.0728093385696411, 1.0, 0.5487349629402161, 0.4499238133430481, 0.5869569182395935]",-69.55310844370031
7.4499999999999815,234.2699737548828,55.84001922607422,0.0,0.0,0.5,"[0.3125, 0.0, 0.0, 1.0]","[0.0, 0.0, 4.261057711119065e-06, 4.966666892869398e-05, -0.01592736318707466, 1.0, 0.016333334147930145, 4.261057711119065e-06, 0.0, 0.0, -0.9999986290931702, -0.016283666715025902, 0.0, 0.0]","[1.0, 0.0, 0.0, 1.0728093385696411, 1.0, 0.5487349629402161, 0.4499238133430481, 0.5869569182395935]",-70.12132507553918
7.499999999999981,234.2699737548828,55.84001922607422,0.0,0.0,0.5,"[0.3125, 0.0, 0.0, 1.0]","[0.0, 0.0, 4.261057711119065e-06, 4.966666892869398e-05, -0.01592736318707466, 1.0, 0.016333334147930145, 4.261057711119065e-06, 0.0, 0.0, -0.9999986290931702, -0.016283666715025902, 0.0, 0.0]","[1.0, 0.0, 0.0, 1.0728093385696411, 1.0, 0.5487349629402161, 0.4499238133430481, 0.5869569182395935]",-70.39704314466634
7.549999999999981,234.2699737548828,55.84001922607422,0.0,0.0,0.5,"[0.3125, 0.0, 0.0, 1.0]","[0.0, 0.0, 4.261057711119065e-06, 4.966666892869398e-05, -0.01592736318707466, 1.0, 0.016333334147930145, 4.261057711119065e-06, 0.0, 0.0, -0.9999986290931702, -0.016283666715025902, 0.0, 0.0]","[1.0, 0.0, 0.0, 1.0728093385696411, 1.0, 0.5487349629402161, 0.4499238133430481, 0.5869569182395935]",-70.66632038974204
7.599999999999981,234.2699737548828,55.84001922607422,0.0,0.0,0.5,"[0.3125, 0.0, 0.0, 1.0]","[0.0, 0.0, 4.261057711119065e-06, 4.966666892869398e-05, -0.01592736318707466, 1.0, 0.016333334147930145, 4.261057711119065e-06, 0.0, 0.0, -0.9999986290931702, -0.016283666715025902, 0.0, 0.0]","[1.0, 0.0, 0.0, 1.0728093385696411, 1.0, 0.5487349629402161, 0.4499238133430481, 0.5869569182395935]",-70.91906584145858
7.649999999999981,234.2699737548828,55.84001922607422,0.0,0.0,0.5,"[0.3125, 0.0, 0.0, 1.0]","[0.0, 0.0, 4.261057711119065e-06, 4.966666892869398e-05, -0.01592736318707466, 1.0, 0.016333334147930145, 4.261057711119065e-06, 0.0, 0.0, -0.9999986290931702, -0.016283666715025902, 0.0, 0.0]","[1.0, 0.0, 0.0, 1.0728093385696411, 1.0, 0.5487349629402161, 0.4499238133430481, 0.5869569182395935]",-71.39703897620697
7.699999999999981,234.2699737548828,55.84001922607422,0.0,0.0,0.5,"[0.3125, 0.0, 0.0, 0.9999992847442627]","[0.0, 0.0, 4.261057711119065e-06, 4.966666892869398e-05, -0.01592736318707466, 1.0, 0.016333334147930145, 4.261057711119065e-06, 0.0, 0.0, -0.9999986290931702, -0.016283666715025902, 0.0, 0.0]","[1.0, 0.0, 0.0, 1.0728093385696411, 1.0, 0.5487349629402161, 0.4499238133430481, 0.5869569182395935]",-71.6263020887766
7.7499999999999805,234.2699737548828,55.84001922607422,0.0,0.0,0.5,"[0.3125, 0.0, 0.0, 0.9999992847442627]","[0.0, 0.0, 4.261057711119065e-06, 4.966666892869398e-05, -0.01592736318707466, 1.0, 0.016333334147930145, 4.261057711119065e-06, 0.0, 0.0, -0.9999986290931702, -0.016283666715025902, 0.0, 0.0]","[1.0, 0.0, 0.0, 1.0728093385696411, 1.0, 0.5487349629402161, 0.4499238133430481, 0.5869569182395935]",-71.85267847487985
7.79999999999998,234.2699737548828,55.84001922607422,0.0,0.0,0.5,"[0.3125, 0.0, 0.0, 1.0]","[0.0, 0.0, 4.261057711119065e-06, 4.966666892869398e-05, -0.01592736318707466, 1.0, 0.016333334147930145, 4.261057711119065e-06, 0.0, 0.0, -0.9999986290931702, -0.016283666715025902, 0.0, 0.0]","[1.0, 0.0, 0.0, 1.0728093385696411, 1.0, 0.5487349629402161, 0.4499238133430481, 0.5869569182395935]",-72.06827216642684
7.84999999999998,234.2699737548828,55.84001922607422,0.0,0.0,0.5,"[0.3125, 0.0, 0.0, 1.0]","[0.0, 0.0, 4.261057711119065e-06, 4.966666892869398e-05, -0.01592736318707466, 1.0, 0.016333334147930145, 4.261057711119065e-06, 0.0, 0.0, -0.9999986290931702, -0.016283666715025902, 0.0, 0.0]","[1.0, 0.0, 0.0, 1.0728093385696411, 1.0, 0.5487349629402161, 0.4499238133430481, 0.5869569182395935]",-72.46496461996918
7.89999999999998,234.2699737548828,55.84001922607422,0.0,0.0,0.5,"[0.3125, 0.0, 0.0, 1.0]","[0.0, 0.0, 4.261057711119065e-06, 4.966666892869398e-05, -0.01592736318707466, 1.0, 0.016333334147930145, 4.261057711119065e-06, 0.0, 0.0, -0.9999986290931702, -0.016283666715025902, 0.0, 0.0]","[1.0, 0.0, 0.0, 1.0728093385696411, 1.0, 0.5487349629402161, 0.4499238133430481, 0.5869569182395935]",-72.65477977413826
7.94999999999998,234.2699737548828,55.84001922607422,0.0,0.0,0.5,"[0.3125, 0.0, 0.0, 0.9999997019767761]","[0.0, 0.0, 4.261057711119065e-06, 4.966666892869398e-05, -0.01592736318707466, 1.0, 0.016333334147930145, 4.261057711119065e-06, 0.0, 0.0, -0.9999986290931702, -0.016283666715025902, 0.0, 0.0]","[1.0, 0.0, 0.0, 1.0728093385696411, 1.0, 0.5487349629402161, 0.4499238133430481, 0.5869569182395935]",-72.83794118263725
7.99999999999998,234.2699737548828,55.84001922607422,0.0,0.0,0.5,"[0.3125, 0.0, 0.0, 0.9999994039535522]","[0.0, 0.0, 4.261057711119065e-06, 4.966666892869398e-05, -0.01592736318707466, 1.0, 0.016333334147930145, 4.261057711119065e-06, 0.0, 0.0, -0.9999986290931702, -0.016283666715025902, 0.0, 0.0]","[1.0, 0.0, 0.0, 1.0728093385696411, 1.0, 0.5487349629402161, 0.4499238133430481, 0.5869569182395935]",-73.00738956093954
8.04999999999998,234.2699737548828,55.84001922607422,0.0,0.0,0.5,"[0.3125, 0.0, 0.0, 0.9999997019767761]","[0.0, 0.0, 4.261057711119065e-06, 4.966666892869398e-05, -0.01592736318707466, 1.0, 0.016333334147930145, 4.261057711119065e-06, 0.0, 0.0, -0.9999986290931702, -0.016283666715025902, 0.0, 0.0]","[1.0, 0.0, 0.0, 1.0728093385696411, 1.0, 0.5487349629402161, 0.4499238133430481, 0.5869569182395935]",-73.34629526341418
8.09999999999998,234.2699737548828,55.84001922607422,0.0,0.0,0.5,"[0.3125, 0.0, 0.0, 0.999999463558197]","[0.0, 0.0, 4.261057711119065e-06, 4.966666892869398e-05, -0.01592736318707466, 1.0, 0.016333334147930145, 4.261057711119065e-06, 0.0, 0.0, -0.9999986290931702, -0.016283666715025902, 0.0, 0.0]","[1.0, 0.0, 0.0, 1.0728093385696411, 1.0, 0.5487349629402161, 0.4499238133430481, 0.5869569182395935]",-73.5061544294449
8.14999999999998,234.2699737548828,55.84001922607422,0.0,0.0,0.5,"[0.3125, 0.0, 0.0, 0.9999995231628418]","[0.0, 0.0, 4.261057711119065e-06, 4.966666892869398e-05, -0.01592736318707466, 1.0, 0.016333334147930145, 4.261057711119065e-06, 0.0, 0.0, -0.9999986290931702, -0.016283666715025902, 0.0, 0.0]","[1.0, 0.0, 0.0, 1.0728093385696411, 1.0, 0.5487349629402161, 0.4499238133430481, 0.5869569182395935]",-73.66019005513049
8.199999999999982,234.2699737548828,55.84001922607422,0.0,0.0,0.5,"[0.3125, 0.0, 0.0, 0.9999997019767761]","[0.0, 0.0, 4.261057711119065e-06, 4.966666892869398e-05, -0.01592736318707466, 1.0, 0.016333334147930145, 4.261057711119065e-06, 0.0, 0.0, -0.9999986290931702, -0.016283666715025902, 0.0, 0.0]","[1.0, 0.0, 0.0, 1.0728093385696411, 1.0, 0.5487349629402161, 0.4499238133430481, 0.5869569182395935]",-73.8132822366579
8.249999999999982,234.2699737548828,55.84001922607422,0.0,0.0,0.5,"[0.3125, 0.0, 0.0, 1.0]","[0.0, 0.0, 4.261057711119065e-06, 4.966666892869398e-05, -0.01592736318707466, 1.0, 0.016333334147930145, 4.261057711119065e-06, 0.0, 0.0, -0.9999986290931702, -0.016283666715025902, 0.0, 0.0]","[1.0, 0.0, 0.0, 1.0728093385696411, 1.0, 0.5487349629402161, 0.4499238133430481, 0.5869569182395935]",-74.09734806196288
8.299999999999983,234.2699737548828,55.84001922607422,0.0,0.0,0.5,"[0.3125, 0.0, 0.0, 1.0]","[0.0, 0.0, 4.261057711119065e-06, 4.966666892869398e-05, -0.01592736318707466, 1.0, 0.016333334147930145, 4.261057711119065e-06, 0.0, 0.0, -0.9999986290931702, -0.016283666715025902, 0.0, 0.0]","[1.0, 0.0, 0.0, 1.0728093385696411, 1.0, 0.5487349629402161, 0.4499238133430481, 0.5869569182395935]",-74.22498203060186
8.349999999999984,234.2699737548828,55.84001922607422,0.0,0.0,0.5,"[0.3125, 0.0, 0.0, 0.9999997019767761]","[0.0, 0.0, 4.261057711119065e-06, 4.966666892869398e-05, -0.01592736318707466, 1.0, 0.016333334147930145, 4.261057711119065e-06, 0.0, 0.0, -0.9999986290931702, -0.016283666715025902, 0.0, 0.0]","[1.0, 0.0, 0.0, 1.0728093385696411, 1.0, 0.5487349629402161, 0.4499238133430481, 0.5869569182395935]",-74.34520162693937
8.399999999999984,234.2699737548828,55.84001922607422,0.0,0.0,0.5,"[0.3125, 0.0, 0.0, 0.9999994039535522]","[0.0, 0.0, 4.261057711119065e-06, 4.966666892869398e-05, -0.01592736318707466, 1.0, 0.016333334147930145, 4.261057711119065e-06, 0.0, 0.0, -0.9999986290931702, -0.016283666715025902, 0.0, 0.0]","[1.0, 0.0, 0.0, 1.0728093385696411, 1.0, 0.5487349629402161, 0.4499238133430481, 0.5869569182395935]",-74.45956861055723
8.449999999999985,234.2699737548828,55.84001922607422,0.0,0.0,0.5,"[0.3125, 0.0, 0.0, 0.9999997019767761]","[0.0, 0.0, 4.261057711119065e-06, 4.966666892869398e-05, -0.01592736318707466, 1.0, 0.016333334147930145, 4.261057711119065e-06, 0.0, 0.0, -0.9999986290931702, -0.016283666715025902, 0.0, 0.0]","[1.0, 0.0, 0.0, 1.0728093385696411, 1.0, 0.5487349629402161, 0.4499238133430481, 0.5869569182395935]",-74.68962496563411
8.499999999999986,234.2699737548828,55.84001922607422,0.0,0.0,0.5,"[0.3125, 0.0, 0.0, 1.0]","[0.0, 0.0, 4.261057711119065e-06, 4.966666892869398e-05, -0.01592736318707466, 1.0, 0.016333334147930145, 4.261057711119065e-06, 0.0, 0.0, -0.9999986290931702, -0.016283666715025902, 0.0, 0.0]","[1.0, 0.0, 0.0, 1.0728093385696411, 1.0, 0.5487349629402161, 0.4499238133430481, 0.5869569182395935]",-74.802897351026
8.549999999999986,234.2699737548828,55.84001922607422,0.0,0.0,0.5,"[0.3125, 0.0, 0.0, 0.9999992847442627]","[0.0, 0.0, 4.261057711119065e-06, 4.966666892869398e-05, -0.01592736318707466, 1.0, 0.016333334147930145, 4.261057711119065e-06, 0.0, 0.0, -0.9999986290931702, -0.016283666715025902, 0.0, 0.0]","[1.0, 0.0, 0.0, 1.0728093385696411, 1.0, 0.5487349629402161, 0.4499238133430481, 0.5869569182395935]",-74.91029637541556
8.599999999999987,234.2699737548828,55.84001922607422,0.0,0.0,0.5,"[0.3125, 0.0, 0.0, 0.9999992847442627]","[0.0, 0.0, 4.261057711119065e-06, 4.966666892869398e-05, -0.01592736318707466, 1.0, 0.016333334147930145, 4.261057711119065e-06, 0.0, 0.0, -0.9999986290931702, -0.016283666715025902, 0.0, 0.0]","[1.0, 0.0, 0.0, 1.0728093385696411, 1.0, 0.5487349629402161, 0.4499238133430481, 0.5869569182395935]",-75.01618729143125
8.649999999999988,234.2699737548828,55.84001922607422,0.0,0.0,0.5,"[0.3125, 0.0, 0.0, 1.0]","[0.0, 0.0, 4.261057711119065e-06, 4.966666892869398e-05, -0.01592736318707466, 1.0, 0.016333334147930145, 4.261057711119065e-06, 0.0, 0.0, -0.9999986290931702, -0.016283666715025902, 0.0, 0.0]","[1.0, 0.0, 0.0, 1.0728093385696411, 1.0, 0.5487349629402161, 0.4499238133430481, 0.5869569182395935]",-75.21534932198006
8.699999999999989,234.2699737548828,55.84001922607422,0.0,0.0,0.5,"[0.3125, 0.0, 0.0, 1.0]","[0.0, 0.0, 4.261057711119065e-06, 4.966666892869398e-05, -0.01592736318707466, 1.0, 0.016333334147930145, 4.261057711119065e-06, 0.0, 0.0, -0.9999986290931702, -0.016283666715025902, 0.0, 0.0]","[1.0, 0.0, 0.0, 1.0728093385696411, 1.0, 0.5487349629402161, 0.4499238133430481, 0.5869569182395935]",-75.31129976292941
8.74999999999999,234.2699737548828,55.84001922607422,0.0,0.0,0.5,"[0.3125, 0.0, 0.0, 1.0]","[0.0, 0.0, 4.261057711119065e-06, 4.966666892869398e-05, -0.01592736318707466, 1.0, 0.016333334147930145, 4.261057711119065e-06, 0.0, 0.0, -0.9999986290931702, -0.016283666715025902, 0.0, 0.0]","[1.0, 0.0, 0.0, 1.0728093385696411, 1.0, 0.5487349629402161, 0.4499238133430481, 0.5869569182395935]",-75.40658911905197
8.79999999999999,234.2699737548828,55.84001922607422,0.0,0.0,0.5,"[0.3125, 0.0, 0.0, 1.0]","[0.0, 0.0, 4.261057711119065e-06, 4.966666892869398e-05, -0.01592736318707466, 1.0, 0.016333334147930145, 4.261057711119065e-06, 0.0, 0.0, -0.9999986290931702, -0.016283666715025902, 0.0, 0.0]","[1.0, 0.0, 0.0, 1.0728093385696411, 1.0, 0.5487349629402161, 0.4499238133430481, 0.5869569182395935]",-75.50220759896789
8.84999999999999,234.2699737548828,55.84001922607422,0.0,0.0,0.5,"[0.3125, 0.0, 0.0, 1.0]","[0.0, 0.0, 4.261057711119065e-06, 4.966666892869398e-05, -0.01592736318707466, 1.0, 0.016333334147930145, 4.261057711119065e-06, 0.0, 0.0, -0.9999986290931702, -0.016283666715025902, 0.0, 0.0]","[1.0, 0.0, 0.0, 1.0728093385696411, 1.0, 0.5487349629402161, 0.4499238133430481, 0.5869569182395935]",-75.68876148178225
8.899999999999991,234.2699737548828,55.84001922607422,0.0,0.0,0.5,"[0.3125, 0.0, 0.0, 1.0]","[0.0, 0.0, 4.261057711119065e-06, 4.966666892869398e-05, -0.01592736318707466, 1.0, 0.016333334147930145, 4.261057711119065e-06, 0.0, 0.0, -0.9999986290931702, -0.016283666715025902, 0.0, 0.0]","[1.0, 0.0, 0.0, 1.0728093385696411, 1.0, 0.5487349629402161, 0.4499238133430481, 0.5869569182395935]",-75.78394383781777
8.949999999999992,234.2699737548828,55.84001922607422,0.0,0.0,0.5,"[0.3125, 0.0, 0.0, 0.9999992847442627]","[0.0, 0.0, 4.261057711119065e-06, 4.966666892869398e-05, -0.01592736318707466, 1.0, 0.016333334147930145, 4.261057711119065e-06, 0.0, 0.0, -0.9999986290931702, -0.016283666715025902, 0.0, 0.0]","[1.0, 0.0, 0.0, 1.0728093385696411, 1.0, 0.5487349629402161, 0.4499238133430481, 0.5869569182395935]",-75.8807644957583
8.999999999999993,234.2699737548828,55.84001922607422,0.0,0.0003662109375,0.20000000298023224,"[0.5625, 0.0, 0.0, 0.9772554039955139]","[0.0, 0.0, 4.261057711119065e-06, 4.966666892869398e-05, -0.01592736318707466, 1.0, 0.016333334147930145, 4.261057711119065e-06, 0.0, 0.0, -0.9999986290931702, -0.016283666715025902, 0.0, 0.0]","[1.0, 0.0, 0.0, 1.0728093385696411, 1.0, 0.5487349629402161, 0.4499238133430481, 0.5869569182395935]",-75.97846878684022
9.049999999999994,234.26611328125,55.8399543762207,0.0785600021481514,0.0003662109375,0.20000000298023224,"[0.5676554441452026, 0.02070000022649765, 0.07206065952777863, 0.8938013315200806]","[0.0, 0.0, 4.261057711119065e-06, 4.966666892869398e-05, -0.01592736318707466, 1.0, 0.016333334147930145, 4.261057711119065e-06, 0.0, 0.0, -0.9999986290931702, -0.016283666715025902, 0.0, 0.0]","[1.0, 0.0, 0.0, 1.0728093385696411, 1.0, 0.5487349629402161, 0.4499238133430481, 0.5869569182395935]",-76.17597146887621
9.099999999999994,234.26039123535156,55.83991622924805,0.11071000248193741,0.0003662109375,0.20000000298023224,"[0.5697653293609619, 0.02930000051856041, 0.028413625434041023, 0.9381427764892578]","[0.0, 0.0, 4.261057711119065e-06, 4.966666892869398e-05, -0.01592736318707466, 1.0, 0.016333334147930145, 4.261057711119065e-06, 0.0, 0.0, -0.9999986290931702, -0.016283666715025902, 0.0, 0.0]","[1.0, 0.0, 0.0, 1.0728093385696411, 1.0, 0.5487349629402161, 0.4499238133430481, 0.5869569182395935]",-76.27412989331995
9.149999999999995,234.2552947998047,55.83992004394531,0.09658999741077423,0.0003662109375,0.20000000298023224,"[0.5688387155532837, 0.025599999353289604, 0.004514900967478752, 0.9433603286743164]","[0.0, 0.0, 4.261057711119065e-06, 4.966666892869398e-05, -0.01592736318707466, 1.0, 0.016333334147930145, 4.261057711119065e-06, 0.0, 0.0, -0.9999986290931702, -0.016283666715025902, 0.0, 0.0]","[1.0, 0.0, 0.0, 1.0728093385696411, 1.0, 0.5487349629402161, 0.4499238133430481, 0.5869569182395935]",-76.37640827687038
9.199999999999996,234.2502899169922,55.83992385864258,0.10286000370979309,0.0003662109375,0.20000000298023224,"[0.5692501068115234, 0.027300000190734863, 0.0019695826340466738, 0.9750447869300842]","[0.0, 0.0, 4.261057711119065e-06, 4.966666892869398e-05, -0.01592736318707466, 1.0, 0.016333334147930145, 4.261057711119065e-06, 0.0, 0.0, -0.9999986290931702, -0.016283666715025902, 0.0, 0.0]","[1.0, 0.0, 0.0, 1.0728093385696411, 1.0, 0.5487349629402161, 0.4499238133430481, 0.5869569182395935]",-76.4816549598151
9.249999999999996,234.2455596923828,55.83992385864258,0.091559998691082,0.0003662109375,0.20000000298023224,"[0.5685085654258728, 0.024299999698996544, 0.006905143149197102, 0.9776784181594849]","[0.0, 0.0, 4.261057711119065e-06, 4.966666892869398e-05, -0.01592736318707466, 1.0, 0.016333334147930145, 4.261057711119065e-06, 0.0, 0.0, -0.9999986290931702, -0.016283666715025902, 0.0, 0.0]","[1.0, 0.0, 0.0, 1.0728093385696411, 1.0, 0.5487349629402161, 0.4499238133430481, 0.5869569182395935]",-76.71037211322293
9.299999999999997,234.24073791503906,55.83992385864258,0.10019999742507935,0.0003662109375,0.20000000298023224,"[0.5690755844116211, 0.026599999517202377, 0.004110593814402819, 0.9752312302589417]","[0.0, 0.0, 4.261057711119065e-06, 4.966666892869398e-05, -0.01592736318707466, 1.0, 0.016333334147930145, 4.261057711119065e-06, 0.0, 0.0, -0.9999986290931702, -0.016283666715025902, 0.0, 0.0]","[1.0, 0.0, 0.0, 1.0728093385696411, 1.0, 0.5487349629402161, 0.4499238133430481, 0.5869569182395935]",-76.82897552511623
9.349999999999998,234.23605346679688,55.83992385864258,0.09036999940872192,0.0003662109375,0.20000000298023224,"[0.568430483341217, 0.024000000208616257, 0.005439559929072857, 0.9768075346946716]","[0.0, 0.0, 4.261057711119065e-06, 4.966666892869398e-05, -0.01592736318707466, 1.0, 0.016333334147930145, 4.261057711119065e-06, 0.0, 0.0, -0.9999986290931702, -0.016283666715025902, 0.0, 0.0]","[1.0, 0.0, 0.0, 1.0728093385696411, 1.0, 0.5487349629402161, 0.4499238133430481, 0.5869569182395935]",-76.95489445658922
9.399999999999999,234.23126220703125,55.83993148803711,0.10091999918222427,0.0003662109375,0.20000000298023224,"[0.569122850894928, 0.026799999177455902, 0.005792439915239811, 0.9744220972061157]","[0.0, 0.0, 4.261057711119065e-06, 4.966666892869398e-05, -0.01592736318707466, 1.0, 0.016333334147930145, 4.261057711119065e-06, 0.0, 0.0, -0.9999986290931702, -0.016283666715025902, 0.0, 0.0]","[1.0, 0.0, 0.0, 1.0728093385696411, 1.0, 0.5487349629402161, 0.4499238133430481, 0.5869569182395935]",-77.08849265438728
9.45,234.22645568847656,55.83992385864258,0.09167999774217606,0.0003662109375,0.20000000298023224,"[0.5685164928436279, 0.024399999529123306, 0.0047049676068127155, 0.9752713441848755]","[0.0, 0.0, 4.261057711119065e-06, 4.966666892869398e-05, -0.01592736318707466, 1.0, 0.016333334147930145, 4.261057711119065e-06, 0.0, 0.0, -0.9999986290931702, -0.016283666715025902, 0.0, 0.0]","[1.0, 0.0, 0.0, 1.0728093385696411, 1.0, 0.5487349629402161, 0.4499238133430481, 0.5869569182395935]",-77.37454054371445
9.5,234.22164916992188,55.83992385864258,0.09945999830961227,0.0003662109375,0.20000000298023224,"[0.5690270662307739, 0.026399999856948853, 0.003877098672091961, 0.9788050651550293]","[0.0, 0.0, 4.261057711119065e-06, 4.966666892869398e-05, -0.01592736318707466, 1.0, 0.016333334147930145, 4.261057711119065e-06, 0.0, 0.0, -0.9999986290931702, -0.016283666715025902, 0.0, 0.0]","[1.0, 0.0, 0.0, 1.0728093385696411, 1.0, 0.5487349629402161, 0.4499238133430481, 0.5869569182395935]",-77.5169397142122
9.55,234.21701049804688,55.83993148803711,0.08912999927997589,0.0003662109375,0.20000000298023224,"[0.5683491230010986, 0.02370000071823597, 0.005984087474644184, 0.9771053194999695]","[0.0, 0.0, 4.261057711119065e-06, 4.966666892869398e-05, -0.01592736318707466, 1.0, 0.016333334147930145, 4.261057711119065e-06, 0.0, 0.0, -0.9999986290931702, -0.016283666715025902, 0.0, 0.0]","[1.0, 0.0, 0.0, 1.0728093385696411, 1.0, 0.5487349629402161, 0.4499238133430481, 0.5869569182395935]",-77.66775137220102
9.600000000000001,234.2122039794922,55.83993148803711,0.10080999881029129,0.0003662109375,0.20000000298023224,"[0.5691156387329102, 0.026799999177455902, 0.006505846511572599, 0.9723847508430481]","[0.0, 0.0, 4.261057711119065e-06, 4.966666892869398e-05, -0.01592736318707466, 1.0, 0.016333334147930145, 4.261057711119065e-06, 0.0, 0.0, -0.9999986290931702, -0.016283666715025902, 0.0, 0.0]","[1.0, 0.0, 0.0, 1.0728093385696411, 1.0, 0.5487349629402161, 0.4499238133430481, 0.5869569182395935]",-77.834874356924
9.650000000000002,234.20753479003906,55.83993148803711,0.08918999880552292,0.0003662109375,0.20000000298023224,"[0.5683530569076538, 0.02370000071823597, 0.006206593010574579, 0.970770001411438]","[0.0, 0.0, 4.261057711119065e-06, 4.966666892869398e-05, -0.01592736318707466, 1.0, 0.016333334147930145, 4.261057711119065e-06, 0.0, 0.0, -0.9999986290931702, -0.016283666715025902, 0.0, 0.0]","[1.0, 0.0, 0.0, 1.0728093385696411, 1.0, 0.5487349629402161, 0.4499238133430481, 0.5869569182395935]",-78.18240910909077
9.700000000000003,234.20285034179688,55.83993148803711,0.09780000150203705,0.0003662109375,0.20000000298023224,"[0.5689180493354797, 0.026000000536441803, 0.0040608360432088375, 0.9748408794403076]","[0.0, 0.0, 4.261057711119065e-06, 4.966666892869398e-05, -0.01592736318707466, 1.0, 0.016333334147930145, 4.261057711119065e-06, 0.0, 0.0, -0.9999986290931702, -0.016283666715025902, 0.0, 0.0]","[1.0, 0.0, 0.0, 1.0728093385696411, 1.0, 0.5487349629402161, 0.4499238133430481, 0.5869569182395935]",-78.35734938708863
9.750000000000004,234.1981201171875,55.83992385864258,0.09046000242233276,0.0003662109375,0.20000000298023224,"[0.5684363842010498, 0.024000000208616257, 0.0036991648375988007, 0.98011714220047]","[0.0, 0.0, 4.261057711119065e-06, 4.966666892869398e-05, -0.01592736318707466, 1.0, 0.016333334147930145, 4.261057711119065e-06, 0.0, 0.0, -0.9999986290931702, -0.016283666715025902, 0.0, 0.0]","[1.0, 0.0, 0.0, 1.0728093385696411, 1.0, 0.5487349629402161, 0.4499238133430481, 0.5869569182395935]",-78.54827964319186
9.800000000000004,234.193359375,55.83992385864258,0.09842000156641006,0.0003662109375,0.20000000298023224,"[0.5689587593078613, 0.026100000366568565, 0.00434013269841671, 0.9807671308517456]","[0.0, 0.0, 4.261057711119065e-06, 4.966666892869398e-05, -0.01592736318707466, 1.0, 0.016333334147930145, 4.261057711119065e-06, 0.0, 0.0, -0.9999986290931702, -0.016283666715025902, 0.0, 0.0]","[1.0, 0.0, 0.0, 1.0728093385696411, 1.0, 0.5487349629402161, 0.4499238133430481, 0.5869569182395935]",-78.76398174743017
9.850000000000005,234.1887664794922,55.83993148803711,0.08760000020265579,0.0003662109375,0.20000000298023224,"[0.5682487487792969, 0.02329999953508377, 0.006263296585530043, 0.9762879014015198]","[0.0, 0.0, 4.261057711119065e-06, 4.966666892869398e-05, -0.01592736318707466, 1.0, 0.016333334147930145, 4.261057711119065e-06, 0.0, 0.0, -0.9999986290931702, -0.016283666715025902, 0.0, 0.0]","[1.0, 0.0, 0.0, 1.0728093385696411, 1.0, 0.5487349629402161, 0.4499238133430481, 0.5869569182395935]",-79.12249086974361
9.900000000000006,234.1840362548828,55.83992385864258,0.09887000173330307,0.0003662109375,0.20000000298023224,"[0.5689882636070251, 0.02630000002682209, 0.006159032694995403, 0.9722907543182373]","[0.0, 0.0, 4.261057711119065e-06, 4.966666892869398e-05, -0.01592736318707466, 1.0, 0.016333334147930145, 4.261057711119065e-06, 0.0, 0.0, -0.9999986290931702, -0.016283666715025902, 0.0, 0.0]","[1.0, 0.0, 0.0, 1.0728093385696411, 1.0, 0.5487349629402161, 0.4499238133430481, 0.5869569182395935]",-79.29955572192048
9.950000000000006,234.17938232421875,55.83993148803711,0.0881199985742569,0.0003662109375,0.20000000298023224,"[0.5682828426361084, 0.023399999365210533, 0.005653714761137962, 0.9724263548851013]","[0.0, 0.0, 4.261057711119065e-06, 4.966666892869398e-05, -0.01592736318707466, 1.0, 0.016333334147930145, 4.261057711119065e-06, 0.0, 0.0, -0.9999986290931702, -0.016283666715025902, 0.0, 0.0]","[1.0, 0.0, 0.0, 1.0728093385696411, 1.0, 0.5487349629402161, 0.4499238133430481, 0.5869569182395935]",-79.47479767434162
10.000000000000007,234.17469787597656,55.83993148803711,0.09729000180959702,0.0003662109375,0.20000000298023224,"[0.5688846111297607, 0.025800000876188278, 0.004607473034411669, 0.9751819968223572]","[0.0, 0.0, 4.261057711119065e-06, 4.966666892869398e-05, -0.01592736318707466, 1.0, 0.016333334147930145, 4.261057711119065e-06, 0.0, 0.0, -0.9999986290931702, -0.016283666715025902, 0.0, 0.0]","[1.0, 0.0, 0.0, 1.0728093385696411, 1.0, 0.5487349629402161, 0.4499238133430481, 0.5869569182395935]",-79.65113711458044
10.050000000000008,234.1700897216797,55.83993148803711,0.08978000283241272,0.0003662109375,0.20000000298023224,"[0.5683917999267578, 0.023800000548362732, 0.0038442197255790234, 0.9790791869163513]","[0.0, 0.0, 4.261057711119065e-06, 4.966666892869398e-05, -0.01592736318707466, 1.0, 0.016333334147930145, 4.261057711119065e-06, 0.0, 0.0, -0.9999986290931702, -0.016283666715025902, 0.0, 0.0]","[1.0, 0.0, 0.0, 1.0728093385696411, 1.0, 0.5487349629402161, 0.4499238133430481, 0.5869569182395935]",-80.01879088143222
10.100000000000009,234.16525268554688,55.83992385864258,0.10038000345230103,0.0003662109375,0.20000000298023224,"[0.5690873861312866, 0.02669999934732914, 0.006194110494107008, 0.9769644737243652]","[0.0, 0.0, 4.261057711119065e-06, 4.966666892869398e-05, -0.01592736318707466, 1.0, 0.016333334147930145, 4.261057711119065e-06, 0.0, 0.0, -0.9999986290931702, -0.016283666715025902, 0.0, 0.0]","[1.0, 0.0, 0.0, 1.0728093385696411, 1.0, 0.5487349629402161, 0.4499238133430481, 0.5869569182395935]",-80.20262558500639
10.15000000000001,234.16058349609375,55.83993148803711,0.08906999975442886,0.0003662109375,0.20000000298023224,"[0.5683451890945435, 0.02370000071823597, 0.006210374180227518, 0.9724854826927185]","[0.0, 0.0, 4.261057711119065e-06, 4.966666892869398e-05, -0.01592736318707466, 1.0, 0.016333334147930145, 4.261057711119065e-06, 0.0, 0.0, -0.9999986290931702, -0.016283666715025902, 0.0, 0.0]","[1.0, 0.0, 0.0, 1.0728093385696411, 1.0, 0.5487349629402161, 0.4499238133430481, 0.5869569182395935]",-80.41029262115829
10.20000000000001,234.15589904785156,55.83993148803711,0.09683000296354294,0.0003662109375,0.20000000298023224,"[0.5688543915748596, 0.025699999183416367, 0.0034872964024543762, 0.9763546586036682]","[0.0, 0.0, 4.261057711119065e-06, 4.966666892869398e-05, -0.01592736318707466, 1.0, 0.016333334147930145, 4.261057711119065e-06, 0.0, 0.0, -0.9999986290931702, -0.016283666715025902, 0.0, 0.0]","[1.0, 0.0, 0.0, 1.0728093385696411, 1.0, 0.5487349629402161, 0.4499238133430481, 0.5869569182395935]",-80.62112367766859
10.25000000000001,234.1512908935547,55.83993148803711,0.09070999920368195,0.0003662109375,0.20000000298023224,"[0.5684528350830078, 0.02410000003874302, 0.0031082199420779943, 0.9826266169548035]","[0.0, 0.0, 4.261057711119065e-06, 4.966666892869398e-05, -0.01592736318707466, 1.0, 0.016333334147930145, 4.261057711119065e-06, 0.0, 0.0, -0.9999986290931702, -0.016283666715025902, 0.0, 0.0]","[1.0, 0.0, 0.0, 1.0728093385696411, 1.0, 0.5487349629402161, 0.4499238133430481, 0.5869569182395935]",-81.04938912543386
10.300000000000011,234.14651489257812,55.839935302734375,0.09836000204086304,0.0003662109375,0.20000000298023224,"[0.5689548254013062, 0.026100000366568565, 0.004330988507717848, 0.9825317859649658]","[0.0, 0.0, 4.261057711119065e-06, 4.966666892869398e-05, -0.01592736318707466, 1.0, 0.016333334147930145, 4.261057711119065e-06, 0.0, 0.0, -0.9999986290931702, -0.016283666715025902, 0.0, 0.0]","[1.0, 0.0, 0.0, 1.0728093385696411, 1.0, 0.5487349629402161, 0.4499238133430481, 0.5869569182395935]",-81.26360647030317
10.350000000000012,234.1419219970703,55.83993148803711,0.08741000294685364,0.0003662109375,0.20000000298023224,"[0.568236231803894, 0.02319999970495701, 0.006395868957042694, 0.9764909744262695]","[0.0, 0.0, 4.261057711119065e-06, 4.966666892869398e-05, -0.01592736318707466, 1.0, 0.016333334147930145, 4.261057711119065e-06, 0.0, 0.0, -0.9999986290931702, -0.016283666715025902, 0.0, 0.0]","[1.0, 0.0, 0.0, 1.0728093385696411, 1.0, 0.5487349629402161, 0.4499238133430481, 0.5869569182395935]",-81.48220744232691
10.400000000000013,234.13722229003906,55.83993148803711,0.09830000251531601,0.0003662109375,0.20000000298023224,"[0.568950891494751, 0.026100000366568565, 0.0058552962727844715, 0.972680389881134]","[0.0, 0.0, 4.261057711119065e-06, 4.966666892869398e-05, -0.01592736318707466, 1.0, 0.016333334147930145, 4.261057711119065e-06, 0.0, 0.0, -0.9999986290931702, -0.016283666715025902, 0.0, 0.0]","[1.0, 0.0, 0.0, 1.0728093385696411, 1.0, 0.5487349629402161, 0.4499238133430481, 0.5869569182395935]",-81.7231353215919
10.450000000000014,234.1324920654297,55.839935302734375,0.08968000113964081,0.0003662109375,0.20000000298023224,"[0.5683852434158325, 0.023800000548362732, 0.0042508128099143505, 0.9757139682769775]","[0.0, 0.0, 4.261057711119065e-06, 4.966666892869398e-05, -0.01592736318707466, 1.0, 0.016333334147930145, 4.261057711119065e-06, 0.0, 0.0, -0.9999986290931702, -0.016283666715025902, 0.0, 0.0]","[1.0, 0.0, 0.0, 1.0728093385696411, 1.0, 0.5487349629402161, 0.4499238133430481, 0.5869569182395935]",-82.11840549956122
10.500000000000014,234.1277618408203,55.839935302734375,0.09794999659061432,0.0003662109375,0.20000000298023224,"[0.5689278841018677, 0.026000000536441803, 0.004381714854389429, 0.9789063930511475]","[0.0, 0.0, 4.261057711119065e-06, 4.966666892869398e-05, -0.01592736318707466, 1.0, 0.016333334147930145, 4.261057711119065e-06, 0.0, 0.0, -0.9999986290931702, -0.016283666715025902, 0.0, 0.0]","[1.0, 0.0, 0.0, 1.0728093385696411, 1.0, 0.5487349629402161, 0.4499238133430481, 0.5869569182395935]",-82.29930965627712
10.550000000000015,234.12318420410156,55.839935302734375,0.08748999983072281,0.0003662109375,0.20000000298023224,"[0.5682414770126343, 0.02319999970495701, 0.005951297469437122, 0.9763893485069275]","[0.0, 0.0, 4.261057711119065e-06, 4.966666892869398e-05, -0.01592736318707466, 1.0, 0.016333334147930145, 4.261057711119065e-06, 0.0, 0.0, -0.9999986290931702, -0.016283666715025902, 0.0, 0.0]","[1.0, 0.0, 0.0, 1.0728093385696411, 1.0, 0.5487349629402161, 0.4499238133430481, 0.5869569182395935]",-82.48389680401435
10.600000000000016,234.1184539794922,55.839935302734375,0.09897000342607498,0.0003662109375,0.20000000298023224,"[0.5689948797225952, 0.02630000002682209, 0.0063300225883722305, 0.9724685549736023]","[0.0, 0.0, 4.261057711119065e-06, 4.966666892869398e-05, -0.01592736318707466, 1.0, 0.016333334147930145, 4.261057711119065e-06, 0.0, 0.0, -0.9999986290931702, -0.016283666715025902, 0.0, 0.0]","[1.0, 0.0, 0.0, 1.0728093385696411, 1.0, 0.5487349629402161, 0.4499238133430481, 0.5869569182395935]",-82.67781403120125
10.650000000000016,234.1138153076172,55.839935302734375,0.08805999904870987,0.0003662109375,0.20000000298023224,"[0.5682789087295532, 0.023399999365210533, 0.005697670858353376, 0.9719504714012146]","[0.0, 0.0, 4.261057711119065e-06, 4.966666892869398e-05, -0.01592736318707466, 1.0, 0.016333334147930145, 4.261057711119065e-06, 0.0, 0.0, -0.9999986290931702, -0.016283666715025902, 0.0, 0.0]","[1.0, 0.0, 0.0, 1.0728093385696411, 1.0, 0.5487349629402161, 0.4499238133430481, 0.5869569182395935]",-83.10415866653055
10.700000000000017,234.109130859375,55.83993148803711,0.097120001912117,0.0003662109375,0.20000000298023224,"[0.568873405456543, 0.025800000876188278, 0.00450523104518652, 0.9751446843147278]","[0.0, 0.0, 4.261057711119065e-06, 4.966666892869398e-05, -0.01592736318707466, 1.0, 0.016333334147930145, 4.261057711119065e-06, 0.0, 0.0, -0.9999986290931702, -0.016283666715025902, 0.0, 0.0]","[1.0, 0.0, 0.0, 1.0728093385696411, 1.0, 0.5487349629402161, 0.4499238133430481, 0.5869569182395935]",-83.32008187533647
10.750000000000018,234.1045379638672,55.839935302734375,0.088639996945858,0.0003662109375,0.20000000298023224,"[0.5683169364929199, 0.023499999195337296, 0.004452131688594818, 0.9780358672142029]","[0.0, 0.0, 4.261057711119065e-06, 4.966666892869398e-05, -0.01592736318707466, 1.0, 0.016333334147930145, 4.261057711119065e-06, 0.0, 0.0, -0.9999986290931702, -0.016283666715025902, 0.0, 0.0]","[1.0, 0.0, 0.0, 1.0728093385696411, 1.0, 0.5487349629402161, 0.4499238133430481, 0.5869569182395935]",-83.53815244651494
10.800000000000018,234.099853515625,55.839935302734375,0.09731999784708023,0.0003662109375,0.20000000298023224,"[0.5688865780830383, 0.025800000876188278, 0.004658549092710018, 0.9784367680549622]","[0.0, 0.0, 4.261057711119065e-06, 4.966666892869398e-05, -0.01592736318707466, 1.0, 0.016333334147930145, 4.261057711119065e-06, 0.0, 0.0, -0.9999986290931702, -0.016283666715025902, 0.0, 0.0]","[1.0, 0.0, 0.0, 1.0728093385696411, 1.0, 0.5487349629402161, 0.4499238133430481, 0.5869569182395935]",-83.78457294114123
10.85000000000002,234.0952911376953,55.839935302734375,0.08737999945878983,0.0003662109375,0.20000000298023224,"[0.5682342648506165, 0.02319999970495701, 0.005523867439478636, 0.9765765070915222]","[0.0, 0.0, 4.261057711119065e-06, 4.966666892869398e-05, -0.01592736318707466, 1.0, 0.016333334147930145, 4.261057711119065e-06, 0.0, 0.0, -0.9999986290931702, -0.016283666715025902, 0.0, 0.0]","[1.0, 0.0, 0.0, 1.0728093385696411, 1.0, 0.5487349629402161, 0.4499238133430481, 0.5869569182395935]",-84.28519332685198
10.90000000000002,234.09054565429688,55.839935302734375,0.09976000338792801,0.0003662109375,0.20000000298023224,"[0.569046676158905, 0.026499999687075615, 0.007089670747518539, 0.9718713760375977]","[0.0, 0.0, 4.261057711119065e-06, 4.966666892869398e-05, -0.01592736318707466, 1.0, 0.016333334147930145, 4.261057711119065e-06, 0.0, 0.0, -0.9999986290931702, -0.016283666715025902, 0.0, 0.0]","[1.0, 0.0, 0.0, 1.0728093385696411, 1.0, 0.5487349629402161, 0.4499238133430481, 0.5869569182395935]",-84.5385371487382
10.95000000000002,234.08583068847656,55.839935302734375,0.08896999806165695,0.0003662109375,0.20000000298023224,"[0.5683386325836182, 0.023600000888109207, 0.005451252683997154, 0.9710440635681152]","[0.0, 0.0, 4.261057711119065e-06, 4.966666892869398e-05, -0.01592736318707466, 1.0, 0.016333334147930145, 4.261057711119065e-06, 0.0, 0.0, -0.9999986290931702, -0.016283666715025902, 0.0, 0.0]","[1.0, 0.0, 0.0, 1.0728093385696411, 1.0, 0.5487349629402161, 0.4499238133430481, 0.5869569182395935]",-84.79122941411994
11.000000000000021,234.08114624023438,55.839935302734375,0.09729000180959702,0.0003662109375,0.20000000298023224,"[0.5688846111297607, 0.025800000876188278, 0.004005626775324345, 0.976262092590332]","[0.0, 0.0, 4.261057711119065e-06, 4.966666892869398e-05, -0.01592736318707466, 1.0, 0.016333334147930145, 4.261057711119065e-06, 0.0, 0.0, -0.9999986290931702, -0.016283666715025902, 0.0, 0.0]","[1.0, 0.0, 0.0, 1.0728093385696411, 1.0, 0.5487349629402161, 0.4499238133430481, 0.5869569182395935]",-85.04431206540832
11.050000000000022,234.07655334472656,55.839935302734375,0.08786000311374664,0.0003662109375,0.20000000298023224,"[0.5682657957077026, 0.02329999953508377, 0.005231208633631468, 0.9776761531829834]","[0.0, 0.0, 4.261057711119065e-06, 4.966666892869398e-05, -0.01592736318707466, 1.0, 0.016333334147930145, 4.261057711119065e-06, 0.0, 0.0, -0.9999986290931702, -0.016283666715025902, 0.0, 0.0]","[1.0, 0.0, 0.0, 1.0728093385696411, 1.0, 0.5487349629402161, 0.4499238133430481, 0.5869569182395935]",-85.62819277072904
11.100000000000023,234.07186889648438,55.839935302734375,0.097120001912117,0.0003662109375,0.20000000298023224,"[0.568873405456543, 0.025800000876188278, 0.004888703115284443, 0.9766373038291931]","[0.0, 0.0, 4.261057711119065e-06, 4.966666892869398e-05, -0.01592736318707466, 1.0, 0.016333334147930145, 4.261057711119065e-06, 0.0, 0.0, -0.9999986290931702, -0.016283666715025902, 0.0, 0.0]","[1.0, 0.0, 0.0, 1.0728093385696411, 1.0, 0.5487349629402161, 0.4499238133430481, 0.5869569182395935]",-85.92565935010259
11.150000000000023,234.06716918945312,55.83993911743164,0.09051000326871872,0.0003662109375,0.20000000298023224,"[0.5684396624565125, 0.024000000208616257, 0.0031172747258096933, 0.9803251624107361]","[0.0, 0.0, 4.261057711119065e-06, 4.966666892869398e-05, -0.01592736318707466, 1.0, 0.016333334147930145, 4.261057711119065e-06, 0.0, 0.0, -0.9999986290931702, -0.016283666715025902, 0.0, 0.0]","[1.0, 0.0, 0.0, 1.0728093385696411, 1.0, 0.5487349629402161, 0.4499238133430481, 0.5869569182395935]",-86.23352764102931
11.200000000000024,234.0623779296875,55.839935302734375,0.09904000163078308,0.0003662109375,0.20000000298023224,"[0.5689994096755981, 0.02630000002682209, 0.0049479566514492035, 0.9808692336082458]","[0.0, 0.0, 4.261057711119065e-06, 4.966666892869398e-05, -0.01592736318707466, 1.0, 0.016333334147930145, 4.261057711119065e-06, 0.0, 0.0, -0.9999986290931702, -0.016283666715025902, 0.0, 0.0]","[1.0, 0.0, 0.0, 1.0728093385696411, 1.0, 0.5487349629402161, 0.4499238133430481, 0.5869569182395935]",-86.54728686060022
11.250000000000025,234.0577850341797,55.839935302734375,0.08806999772787094,0.0003662109375,0.20000000298023224,"[0.568279504776001, 0.023399999365210533, 0.006315956357866526, 0.9754237532615662]","[0.0, 0.0, 4.261057711119065e-06, 4.966666892869398e-05, -0.01592736318707466, 1.0, 0.016333334147930145, 4.261057711119065e-06, 0.0, 0.0, -0.9999986290931702, -0.016283666715025902, 0.0, 0.0]","[1.0, 0.0, 0.0, 1.0728093385696411, 1.0, 0.5487349629402161, 0.4499238133430481, 0.5869569182395935]",-87.20543027724732
11.300000000000026,234.05308532714844,55.839935302734375,0.09841000288724899,0.0003662109375,0.20000000298023224,"[0.5689581036567688, 0.026100000366568565, 0.005388571880757809, 0.9733590483665466]","[0.0, 0.0, 4.261057711119065e-06, 4.966666892869398e-05, -0.01592736318707466, 1.0, 0.016333334147930145, 4.261057711119065e-06, 0.0, 0.0, -0.9999986290931702, -0.016283666715025902, 0.0, 0.0]","[1.0, 0.0, 0.0, 1.0728093385696411, 1.0, 0.5487349629402161, 0.4499238133430481, 0.5869569182395935]",-87.54275071175071
11.350000000000026,234.04849243164062,55.839935302734375,0.08804000169038773,0.0003662109375,0.20000000298023224,"[0.5682775974273682, 0.023399999365210533, 0.0055068135261535645, 0.9740983843803406]","[0.0, 0.0, 4.261057711119065e-06, 4.966666892869398e-05, -0.01592736318707466, 1.0, 0.016333334147930145, 4.261057711119065e-06, 0.0, 0.0, -0.9999986290931702, -0.016283666715025902, 0.0, 0.0]","[1.0, 0.0, 0.0, 1.0728093385696411, 1.0, 0.5487349629402161, 0.4499238133430481, 0.5869569182395935]",-87.88609015415378
11.400000000000027,234.04380798339844,55.839935302734375,0.09769999980926514,0.0003662109375,0.20000000298023224,"[0.5689114928245544, 0.02590000070631504, 0.005005890037864447, 0.975014865398407]","[0.0, 0.0, 4.261057711119065e-06, 4.966666892869398e-05, -0.01592736318707466, 1.0, 0.016333334147930145, 4.261057711119065e-06, 0.0, 0.0, -0.9999986290931702, -0.016283666715025902, 0.0, 0.0]","[1.0, 0.0, 0.0, 1.0728093385696411, 1.0, 0.5487349629402161, 0.4499238133430481, 0.5869569182395935]",-88.22988074098879
11.450000000000028,234.0392303466797,55.839935302734375,0.0877700001001358,0.0003662109375,0.20000000298023224,"[0.5682598352432251, 0.02329999953508377, 0.00534901162609458, 0.9754719734191895]","[0.0, 0.0, 4.261057711119065e-06, 4.966666892869398e-05, -0.01592736318707466, 1.0, 0.016333334147930145, 4.261057711119065e-06, 0.0, 0.0, -0.9999986290931702, -0.016283666715025902, 0.0, 0.0]","[1.0, 0.0, 0.0, 1.0728093385696411, 1.0, 0.5487349629402161, 0.4499238133430481, 0.5869569182395935]",-88.93371619721354
11.500000000000028,234.03448486328125,55.839935302734375,0.09926000237464905,0.0003662109375,0.20000000298023224,"[0.5690138936042786, 0.026399999856948853, 0.006471121218055487, 0.9730696082115173]","[0.0, 0.0, 4.261057711119065e-06, 4.966666892869398e-05, -0.01592736318707466, 1.0, 0.016333334147930145, 4.261057711119065e-06, 0.0, 0.0, -0.9999986290931702, -0.016283666715025902, 0.0, 0.0]","[1.0, 0.0, 0.0, 1.0728093385696411, 1.0, 0.5487349629402161, 0.4499238133430481, 0.5869569182395935]",-89.28469681674248
11.55000000000003,234.0298309326172,55.839935302734375,0.0881199985742569,0.0003662109375,0.20000000298023224,"[0.5682828426361084, 0.023399999365210533, 0.0058785052970051765, 0.9716598987579346]","[0.0, 0.0, 4.261057711119065e-06, 4.966666892869398e-05, -0.01592736318707466, 1.0, 0.016333334147930145, 4.261057711119065e-06, 0.0, 0.0, -0.9999986290931702, -0.016283666715025902, 0.0, 0.0]","[1.0, 0.0, 0.0, 1.0728093385696411, 1.0, 0.5487349629402161, 0.4499238133430481, 0.5869569182395935]",-89.63102646329364
11.60000000000003,234.025146484375,55.839935302734375,0.09735000133514404,0.0003662109375,0.20000000298023224,"[0.5688885450363159, 0.02590000070631504, 0.004563780501484871, 0.9746661186218262]","[0.0, 0.0, 4.261057711119065e-06, 4.966666892869398e-05, -0.01592736318707466, 1.0, 0.016333334147930145, 4.261057711119065e-06, 0.0, 0.0, -0.9999986290931702, -0.016283666715025902, 0.0, 0.0]","[1.0, 0.0, 0.0, 1.0728093385696411, 1.0, 0.5487349629402161, 0.4499238133430481, 0.5869569182395935]",-89.9677859226869
11.65000000000003,234.02052307128906,55.839935302734375,0.08984000235795975,0.0003662109375,0.20000000298023224,"[0.568395733833313, 0.023900000378489494, 0.003739164676517248, 0.979121744632721]","[0.0, 0.0, 4.261057711119065e-06, 4.966666892869398e-05, -0.01592736318707466, 1.0, 0.016333334147930145, 4.261057711119065e-06, 0.0, 0.0, -0.9999986290931702, -0.016283666715025902, 0.0, 0.0]","[1.0, 0.0, 0.0, 1.0728093385696411, 1.0, 0.5487349629402161, 0.4499238133430481, 0.5869569182395935]",-90.6003706443731
11.700000000000031,234.01580810546875,55.83993911743164,0.09747999906539917,0.0003662109375,0.20000000298023224,"[0.5688970685005188, 0.02590000070631504, 0.004072703421115875, 0.9809929132461548]","[0.0, 0.0, 4.261057711119065e-06, 4.966666892869398e-05, -0.01592736318707466, 1.0, 0.016333334147930145, 4.261057711119065e-06, 0.0, 0.0, -0.9999986290931702, -0.016283666715025902, 0.0, 0.0]","[1.0, 0.0, 0.0, 1.0728093385696411, 1.0, 0.5487349629402161, 0.4499238133430481, 0.5869569182395935]",-90.88790657287572
11.750000000000032,234.01119995117188,55.839935302734375,0.088919997215271,0.0003662109375,0.20000000298023224,"[0.5683352947235107, 0.023600000888109207, 0.004756220616400242, 0.9796421527862549]","[0.0, 0.0, 4.261057711119065e-06, 4.966666892869398e-05, -0.01592736318707466, 1.0, 0.016333334147930145, 4.261057711119065e-06, 0.0, 0.0, -0.9999986290931702, -0.016283666715025902, 0.0, 0.0]","[1.0, 0.0, 0.0, 1.0728093385696411, 1.0, 0.5487349629402161, 0.4499238133430481, 0.5869569182395935]",-91.15832926094517
11.800000000000033,234.0065155029297,55.83993911743164,0.09722000360488892,0.0003662109375,0.20000000298023224,"[0.568880021572113, 0.025800000876188278, 0.004388835746794939, 0.9788774847984314]","[0.0, 0.0, 4.261057711119065e-06, 4.966666892869398e-05, -0.01592736318707466, 1.0, 0.016333334147930145, 4.261057711119065e-06, 0.0, 0.0, -0.9999986290931702, -0.016283666715025902, 0.0, 0.0]","[1.0, 0.0, 0.0, 1.0728093385696411, 1.0, 0.5487349629402161, 0.4499238133430481, 0.5869569182395935]",-91.39813787808535
11.850000000000033,234.0018310546875,55.83993911743164,0.09244000166654587,0.0003662109375,0.20000000298023224,"[0.5685663223266602, 0.02459999918937683, 0.0020839557982981205, 0.9837654829025269]","[0.0, 0.0, 4.261057711119065e-06, 4.966666892869398e-05, -0.01592736318707466, 1.0, 0.016333334147930145, 4.261057711119065e-06, 0.0, 0.0, -0.9999986290931702, -0.016283666715025902, 0.0, 0.0]","[1.0, 0.0, 0.0, 1.0728093385696411, 1.0, 0.5487349629402161, 0.4499238133430481, 0.5869569182395935]",-91.8055295618096
11.900000000000034,233.9969940185547,55.839935302734375,0.09963999688625336,0.0003662109375,0.20000000298023224,"[0.5690388083457947, 0.026499999687075615, 0.004320967476814985, 0.9847627878189087]","[0.0, 0.0, 4.261057711119065e-06, 4.966666892869398e-05, -0.01592736318707466, 1.0, 0.016333334147930145, 4.261057711119065e-06, 0.0, 0.0, -0.9999986290931702, -0.016283666715025902, 0.0, 0.0]","[1.0, 0.0, 0.0, 1.0728093385696411, 1.0, 0.5487349629402161, 0.4499238133430481, 0.5869569182395935]",-91.96839047254167
11.950000000000035,233.9923553466797,55.83993911743164,0.08756999671459198,0.0003662109375,0.20000000298023224,"[0.5682467222213745, 0.02329999953508377, 0.00725740659981966, 0.9755809307098389]","[0.0, 0.0, 4.261057711119065e-06, 4.966666892869398e-05, -0.01592736318707466, 1.0, 0.016333334147930145, 4.261057711119065e-06, 0.0, 0.0, -0.9999986290931702, -0.016283666715025902, 0.0, 0.0]","[1.0, 0.0, 0.0, 1.0728093385696411, 1.0, 0.5487349629402161, 0.4499238133430481, 0.5869569182395935]",-92.10456450157108
12.000000000000036,233.9876708984375,55.83993911743164,0.09722000360488892,0.0003662109375,0.20000000298023224,"[0.568880021572113, 0.025800000876188278, 0.004690548405051231, 0.9730095863342285]","[0.0, 0.0, 4.261057711119065e-06, 4.966666892869398e-05, -0.01592736318707466, 1.0, 0.016333334147930145, 4.261057711119065e-06, 0.0, 0.0, -0.9999986290931702, -0.016283666715025902, 0.0, 0.0]","[1.0, 0.0, 0.0, 1.0728093385696411, 1.0, 0.5487349629402161, 0.4499238133430481, 0.5869569182395935]",-92.2134262641152
12.050000000000036,233.98306274414062,55.83993911743164,0.08889000117778778,0.0003662109375,0.20000000298023224,"[0.5683333873748779, 0.023600000888109207, 0.004248879384249449, 0.9775581359863281]","[0.0, 0.0, 4.261057711119065e-06, 4.966666892869398e-05, -0.01592736318707466, 1.0, 0.016333334147930145, 4.261057711119065e-06, 0.0, 0.0, -0.9999986290931702, -0.016283666715025902, 0.0, 0.0]","[1.0, 0.0, 0.0, 1.0728093385696411, 1.0, 0.5487349629402161, 0.4499238133430481, 0.5869569182395935]",-92.35273257637148
12.100000000000037,233.97837829589844,55.83993911743164,0.0976099967956543,0.0003662109375,0.20000000298023224,"[0.5689055919647217, 0.02590000070631504, 0.0047246599569916725, 0.97858065366745]","[0.0, 0.0, 4.261057711119065e-06, 4.966666892869398e-05, -0.01592736318707466, 1.0, 0.016333334147930145, 4.261057711119065e-06, 0.0, 0.0, -0.9999986290931702, -0.016283666715025902, 0.0, 0.0]","[1.0, 0.0, 0.0, 1.0728093385696411, 1.0, 0.5487349629402161, 0.4499238133430481, 0.5869569182395935]",-92.37483251596714
12.150000000000038,233.97364807128906,55.83993911743164,0.09032999724149704,0.0003662109375,0.20000000298023224,"[0.5684278607368469, 0.024000000208616257, 0.0036727029364556074, 0.9800881147384644]","[0.0, 0.0, 4.261057711119065e-06, 4.966666892869398e-05, -0.01592736318707466, 1.0, 0.016333334147930145, 4.261057711119065e-06, 0.0, 0.0, -0.9999986290931702, -0.016283666715025902, 0.0, 0.0]","[1.0, 0.0, 0.0, 1.0728093385696411, 1.0, 0.5487349629402161, 0.4499238133430481, 0.5869569182395935]",-92.36434788943701
12.200000000000038,233.96888732910156,55.83993911743164,0.09860999882221222,0.0003662109375,0.20000000298023224,"[0.5689712166786194, 0.026200000196695328, 0.004628395661711693, 0.9804186820983887]","[0.0, 0.0, 4.261057711119065e-06, 4.966666892869398e-05, -0.01592736318707466, 1.0, 0.016333334147930145, 4.261057711119065e-06, 0.0, 0.0, -0.9999986290931702, -0.016283666715025902, 0.0, 0.0]","[1.0, 0.0, 0.0, 1.0728093385696411, 1.0, 0.5487349629402161, 0.4499238133430481, 0.5869569182395935]",-92.33201542505229
12.250000000000039,233.96429443359375,55.83993911743164,0.08865000307559967,0.0003662109375,0.20000000298023224,"[0.5683176517486572, 0.023499999195337296, 0.005609582643955946, 0.9770107865333557]","[0.0, 0.0, 4.261057711119065e-06, 4.966666892869398e-05, -0.01592736318707466, 1.0, 0.016333334147930145, 4.261057711119065e-06, 0.0, 0.0, -0.9999986290931702, -0.016283666715025902, 0.0, 0.0]","[1.0, 0.0, 0.0, 1.0728093385696411, 1.0, 0.5487349629402161, 0.4499238133430481, 0.5869569182395935]",-92.22272504726763
12.30000000000004,233.95957946777344,55.83993911743164,0.09790000319480896,0.0003662109375,0.20000000298023224,"[0.5689246654510498, 0.026000000536441803, 0.004770901519805193, 0.9759870767593384]","[0.0, 0.0, 4.261057711119065e-06, 4.966666892869398e-05, -0.01592736318707466, 1.0, 0.016333334147930145, 4.261057711119065e-06, 0.0, 0.0, -0.9999986290931702, -0.016283666715025902, 0.0, 0.0]","[1.0, 0.0, 0.0, 1.0728093385696411, 1.0, 0.5487349629402161, 0.4499238133430481, 0.5869569182395935]",-92.1490369428524
12.35000000000004,233.9550018310547,55.83993911743164,0.08789999783039093,0.0003662109375,0.20000000298023224,"[0.5682684183120728, 0.02329999953508377, 0.00543287955224514, 0.9758690595626831]","[0.0, 0.0, 4.261057711119065e-06, 4.966666892869398e-05, -0.01592736318707466, 1.0, 0.016333334147930145, 4.261057711119065e-06, 0.0, 0.0, -0.9999986290931702, -0.016283666715025902, 0.0, 0.0]","[1.0, 0.0, 0.0, 1.0728093385696411, 1.0, 0.5487349629402161, 0.4499238133430481, 0.5869569182395935]",-92.06733027551613
12.400000000000041,233.9502716064453,55.83993911743164,0.09890999644994736,0.0003662109375,0.20000000298023224,"[0.56899094581604, 0.02630000002682209, 0.006090461742132902, 0.9736149311065674]","[0.0, 0.0, 4.261057711119065e-06, 4.966666892869398e-05, -0.01592736318707466, 1.0, 0.016333334147930145, 4.261057711119065e-06, 0.0, 0.0, -0.9999986290931702, -0.016283666715025902, 0.0, 0.0]","[1.0, 0.0, 0.0, 1.0728093385696411, 1.0, 0.5487349629402161, 0.4499238133430481, 0.5869569182395935]",-91.97899514931264
12.450000000000042,233.9456024169922,55.83993911743164,0.08851999789476395,0.0003662109375,0.20000000298023224,"[0.5683090686798096, 0.023499999195337296, 0.005444395821541548, 0.9732277393341064]","[0.0, 0.0, 4.261057711119065e-06, 4.966666892869398e-05, -0.01592736318707466, 1.0, 0.016333334147930145, 4.261057711119065e-06, 0.0, 0.0, -0.9999986290931702, -0.016283666715025902, 0.0, 0.0]","[1.0, 0.0, 0.0, 1.0728093385696411, 1.0, 0.5487349629402161, 0.4499238133430481, 0.5869569182395935]",-91.78768415855109
12.500000000000043,233.94091796875,55.83993911743164,0.09814000129699707,0.0003662109375,0.20000000298023224,"[0.5689404010772705, 0.026100000366568565, 0.004989626817405224, 0.975027322769165]","[0.0, 0.0, 4.261057711119065e-06, 4.966666892869398e-05, -0.01592736318707466, 1.0, 0.016333334147930145, 4.261057711119065e-06, 0.0, 0.0, -0.9999986290931702, -0.016283666715025902, 0.0, 0.0]","[1.0, 0.0, 0.0, 1.0728093385696411, 1.0, 0.5487349629402161, 0.4499238133430481, 0.5869569182395935]",-91.67775272007331
12.550000000000043,233.9363250732422,55.83993911743164,0.08807999640703201,0.0003662109375,0.20000000298023224,"[0.5682802200317383, 0.023399999365210533, 0.005416087806224823, 0.975369393825531]","[0.0, 0.0, 4.261057711119065e-06, 4.966666892869398e-05, -0.01592736318707466, 1.0, 0.016333334147930145, 4.261057711119065e-06, 0.0, 0.0, -0.9999986290931702, -0.016283666715025902, 0.0, 0.0]","[1.0, 0.0, 0.0, 1.0728093385696411, 1.0, 0.5487349629402161, 0.4499238133430481, 0.5869569182395935]",-91.55467274027977
12.600000000000044,233.9315948486328,55.83993911743164,0.09882999956607819,0.0003662109375,0.20000000298023224,"[0.5689857006072998, 0.026200000196695328, 0.005873055197298527, 0.9738848805427551]","[0.0, 0.0, 4.261057711119065e-06, 4.966666892869398e-05, -0.01592736318707466, 1.0, 0.016333334147930145, 4.261057711119065e-06, 0.0, 0.0, -0.9999986290931702, -0.016283666715025902, 0.0, 0.0]","[1.0, 0.0, 0.0, 1.0728093385696411, 1.0, 0.5487349629402161, 0.4499238133430481, 0.5869569182395935]",-91.41591758616332
12.650000000000045,233.92686462402344,55.839935302734375,0.09065999835729599,0.0003662109375,0.20000000298023224,"[0.5684494972229004, 0.02410000003874302, 0.003944088239222765, 0.9765142202377319]","[0.0, 0.0, 4.261057711119065e-06, 4.966666892869398e-05, -0.01592736318707466, 1.0, 0.016333334147930145, 4.261057711119065e-06, 0.0, 0.0, -0.9999986290931702, -0.016283666715025902, 0.0, 0.0]","[1.0, 0.0, 0.0, 1.0728093385696411, 1.0, 0.5487349629402161, 0.4499238133430481, 0.5869569182395935]",-91.0925997951804
12.700000000000045,233.922119140625,55.83993911743164,0.09822999686002731,0.0003662109375,0.20000000298023224,"[0.5689463019371033, 0.026100000366568565, 0.0039041757117956877, 0.980332612991333]","[0.0, 0.0, 4.261057711119065e-06, 4.966666892869398e-05, -0.01592736318707466, 1.0, 0.016333334147930145, 4.261057711119065e-06, 0.0, 0.0, -0.9999986290931702, -0.016283666715025902, 0.0, 0.0]","[1.0, 0.0, 0.0, 1.0728093385696411, 1.0, 0.5487349629402161, 0.4499238133430481, 0.5869569182395935]",-90.91595702090679
12.750000000000046,233.91751098632812,55.83993911743164,0.08782999962568283,0.0003662109375,0.20000000298023224,"[0.5682637691497803, 0.02329999953508377, 0.006010460667312145, 0.9773408770561218]","[0.0, 0.0, 4.261057711119065e-06, 4.966666892869398e-05, -0.01592736318707466, 1.0, 0.016333334147930145, 4.261057711119065e-06, 0.0, 0.0, -0.9999986290931702, -0.016283666715025902, 0.0, 0.0]","[1.0, 0.0, 0.0, 1.0728093385696411, 1.0, 0.5487349629402161, 0.4499238133430481, 0.5869569182395935]",-90.73395674618222
12.800000000000047,233.91281127929688,55.83993911743164,0.09764000028371811,0.0003662109375,0.20000000298023224,"[0.5689075589179993, 0.02590000070631504, 0.005097143817692995, 0.9747771620750427]","[0.0, 0.0, 4.261057711119065e-06, 4.966666892869398e-05, -0.01592736318707466, 1.0, 0.016333334147930145, 4.261057711119065e-06, 0.0, 0.0, -0.9999986290931702, -0.016283666715025902, 0.0, 0.0]","[1.0, 0.0, 0.0, 1.0728093385696411, 1.0, 0.5487349629402161, 0.4499238133430481, 0.5869569182395935]",-90.5472499043574
12.850000000000048,233.90814208984375,55.83993911743164,0.09158000349998474,0.0003662109375,0.20000000298023224,"[0.5685099363327026, 0.024299999698996544, 0.002759033115580678, 0.9802476763725281]","[0.0, 0.0, 4.261057711119065e-06, 4.966666892869398e-05, -0.01592736318707466, 1.0, 0.016333334147930145, 4.261057711119065e-06, 0.0, 0.0, -0.9999986290931702, -0.016283666715025902, 0.0, 0.0]","[1.0, 0.0, 0.0, 1.0728093385696411, 1.0, 0.5487349629402161, 0.4499238133430481, 0.5869569182395935]",-90.15129092812722
12.900000000000048,233.90333557128906,55.83993911743164,0.09978999942541122,0.0003662109375,0.20000000298023224,"[0.5690486431121826, 0.026499999687075615, 0.0047924392856657505, 0.9818172454833984]","[0.0, 0.0, 4.261057711119065e-06, 4.966666892869398e-05, -0.01592736318707466, 1.0, 0.016333334147930145, 4.261057711119065e-06, 0.0, 0.0, -0.9999986290931702, -0.016283666715025902, 0.0, 0.0]","[1.0, 0.0, 0.0, 1.0728093385696411, 1.0, 0.5487349629402161, 0.4499238133430481, 0.5869569182395935]",-89.94012724664692
12.950000000000049,233.898681640625,55.83993911743164,0.08822000026702881,0.0003662109375,0.20000000298023224,"[0.5682893991470337, 0.023399999365210533, 0.0067450543865561485, 0.9750417470932007]","[0.0, 0.0, 4.261057711119065e-06, 4.966666892869398e-05, -0.01592736318707466, 1.0, 0.016333334147930145, 4.261057711119065e-06, 0.0, 0.0, -0.9999986290931702, -0.016283666715025902, 0.0, 0.0]","[1.0, 0.0, 0.0, 1.0728093385696411, 1.0, 0.5487349629402161, 0.4499238133430481, 0.5869569182395935]",-89.7236777296573
13.00000000000005,233.8939971923828,55.83993911743164,0.09807000309228897,0.0003662109375,0.20000000298023224,"[0.5689358115196228, 0.026000000536441803, 0.004967560525983572, 0.9733012318611145]","[0.0, 0.0, 4.261057711119065e-06, 4.966666892869398e-05, -0.01592736318707466, 1.0, 0.016333334147930145, 4.261057711119065e-06, 0.0, 0.0, -0.9999986290931702, -0.016283666715025902, 0.0, 0.0]","[1.0, 0.0, 0.0, 1.0728093385696411, 1.0, 0.5487349629402161, 0.4499238133430481, 0.5869569182395935]",-89.49503926179358
13.05000000000005,233.88925170898438,55.83993911743164,0.09138000011444092,0.0003662109375,0.20000000298023224,"[0.5684967637062073, 0.024299999698996544, 0.003019692376255989, 0.9795404076576233]","[0.0, 0.0, 4.261057711119065e-06, 4.966666892869398e-05, -0.01592736318707466, 1.0, 0.016333334147930145, 4.261057711119065e-06, 0.0, 0.0, -0.9999986290931702, -0.016283666715025902, 0.0, 0.0]","[1.0, 0.0, 0.0, 1.0728093385696411, 1.0, 0.5487349629402161, 0.4499238133430481, 0.5869569182395935]",-88.99118645149757
13.100000000000051,233.8844451904297,55.83993911743164,0.09884999692440033,0.0003662109375,0.20000000298023224,"[0.5689870119094849, 0.02630000002682209, 0.004077802412211895, 0.9822136759757996]","[0.0, 0.0, 4.261057711119065e-06, 4.966666892869398e-05, -0.01592736318707466, 1.0, 0.016333334147930145, 4.261057711119065e-06, 0.0, 0.0, -0.9999986290931702, -0.016283666715025902, 0.0, 0.0]","[1.0, 0.0, 0.0, 1.0728093385696411, 1.0, 0.5487349629402161, 0.4499238133430481, 0.5869569182395935]",-88.72578671934468
13.150000000000052,233.87982177734375,55.83993911743164,0.08816000074148178,0.0003662109375,0.20000000298023224,"[0.5682854652404785, 0.023399999365210533, 0.006263032089918852, 0.9770690202713013]","[0.0, 0.0, 4.261057711119065e-06, 4.966666892869398e-05, -0.01592736318707466, 1.0, 0.016333334147930145, 4.261057711119065e-06, 0.0, 0.0, -0.9999986290931702, -0.016283666715025902, 0.0, 0.0]","[1.0, 0.0, 0.0, 1.0728093385696411, 1.0, 0.5487349629402161, 0.4499238133430481, 0.5869569182395935]",-88.45264527689663
13.200000000000053,233.87503051757812,55.83993911743164,0.10119999945163727,0.0003662109375,0.20000000298023224,"[0.5691412091255188, 0.026900000870227814, 0.007499604485929012, 0.9700870513916016]","[0.0, 0.0, 4.261057711119065e-06, 4.966666892869398e-05, -0.01592736318707466, 1.0, 0.016333334147930145, 4.261057711119065e-06, 0.0, 0.0, -0.9999986290931702, -0.016283666715025902, 0.0, 0.0]","[1.0, 0.0, 0.0, 1.0728093385696411, 1.0, 0.5487349629402161, 0.4499238133430481, 0.5869569182395935]",-88.17239130709444
13.250000000000053,233.87025451660156,55.83993911743164,0.09070999920368195,0.0003662109375,0.20000000298023224,"[0.5684528350830078, 0.02410000003874302, 0.0051831211894750595, 0.9706375598907471]","[0.0, 0.0, 4.261057711119065e-06, 4.966666892869398e-05, -0.01592736318707466, 1.0, 0.016333334147930145, 4.261057711119065e-06, 0.0, 0.0, -0.9999986290931702, -0.016283666715025902, 0.0, 0.0]","[1.0, 0.0, 0.0, 1.0728093385696411, 1.0, 0.5487349629402161, 0.4499238133430481, 0.5869569182395935]",-87.59390403214152
13.300000000000054,233.86550903320312,55.83993911743164,0.09830000251531601,0.0003662109375,0.20000000298023224,"[0.568950891494751, 0.026100000366568565, 0.0035217583645135164, 0.9776003360748291]","[0.0, 0.0, 4.261057711119065e-06, 4.966666892869398e-05, -0.01592736318707466, 1.0, 0.016333334147930145, 4.261057711119065e-06, 0.0, 0.0, -0.9999986290931702, -0.016283666715025902, 0.0, 0.0]","[1.0, 0.0, 0.0, 1.0728093385696411, 1.0, 0.5487349629402161, 0.4499238133430481, 0.5869569182395935]",-87.29179206706239
13.350000000000055,233.86087036132812,55.83994674682617,0.08968999981880188,0.0003662109375,0.20000000298023224,"[0.5683858394622803, 0.023800000548362732, 0.0048124827444553375, 0.9796074628829956]","[0.0, 0.0, 4.261057711119065e-06, 4.966666892869398e-05, -0.01592736318707466, 1.0, 0.016333334147930145, 4.261057711119065e-06, 0.0, 0.0, -0.9999986290931702, -0.016283666715025902, 0.0, 0.0]","[1.0, 0.0, 0.0, 1.0728093385696411, 1.0, 0.5487349629402161, 0.4499238133430481, 0.5869569182395935]",-86.98143154557532
13.400000000000055,233.85610961914062,55.83993911743164,0.09835000336170197,0.0003662109375,0.20000000298023224,"[0.5689541697502136, 0.026100000366568565, 0.004596923012286425, 0.978323757648468]","[0.0, 0.0, 4.261057711119065e-06, 4.966666892869398e-05, -0.01592736318707466, 1.0, 0.016333334147930145, 4.261057711119065e-06, 0.0, 0.0, -0.9999986290931702, -0.016283666715025902, 0.0, 0.0]","[1.0, 0.0, 0.0, 1.0728093385696411, 1.0, 0.5487349629402161, 0.4499238133430481, 0.5869569182395935]",-86.656002634382
13.450000000000056,233.85150146484375,55.83994674682617,0.08890999853610992,0.0003662109375,0.20000000298023224,"[0.568334698677063, 0.023600000888109207, 0.005188132170587778, 0.9772689342498779]","[0.0, 0.0, 4.261057711119065e-06, 4.966666892869398e-05, -0.01592736318707466, 1.0, 0.016333334147930145, 4.261057711119065e-06, 0.0, 0.0, -0.9999986290931702, -0.016283666715025902, 0.0, 0.0]","[1.0, 0.0, 0.0, 1.0728093385696411, 1.0, 0.5487349629402161, 0.4499238133430481, 0.5869569182395935]",-85.95808238477008
13.500000000000057,233.8467254638672,55.83994674682617,0.09876000136137009,0.0003662109375,0.20000000298023224,"[0.5689810514450073, 0.026200000196695328, 0.005298900883644819, 0.9758453965187073]","[0.0, 0.0, 4.261057711119065e-06, 4.966666892869398e-05, -0.01592736318707466, 1.0, 0.016333334147930145, 4.261057711119065e-06, 0.0, 0.0, -0.9999986290931702, -0.016283666715025902, 0.0, 0.0]","[1.0, 0.0, 0.0, 1.0728093385696411, 1.0, 0.5487349629402161, 0.4499238133430481, 0.5869569182395935]",-85.58490331193764
13.550000000000058,233.84214782714844,55.83994674682617,0.089369997382164,0.0003662109375,0.20000000298023224,"[0.5683648586273193, 0.02370000071823597, 0.004974065348505974, 0.9759167432785034]","[0.0, 0.0, 4.261057711119065e-06, 4.966666892869398e-05, -0.01592736318707466, 1.0, 0.016333334147930145, 4.261057711119065e-06, 0.0, 0.0, -0.9999986290931702, -0.016283666715025902, 0.0, 0.0]","[1.0, 0.0, 0.0, 1.0728093385696411, 1.0, 0.5487349629402161, 0.4499238133430481, 0.5869569182395935]",-85.21926491645033
13.600000000000058,233.83718872070312,55.83993911743164,0.1039699986577034,0.0003662109375,0.20000000298023224,"[0.569322943687439, 0.02759999968111515, 0.00869925320148468, 0.9696173667907715]","[0.0, 0.0, 4.261057711119065e-06, 4.966666892869398e-05, -0.01592736318707466, 1.0, 0.016333334147930145, 4.261057711119065e-06, 0.0, 0.0, -0.9999986290931702, -0.016283666715025902, 0.0, 0.0]","[1.0, 0.0, 0.0, 1.0728093385696411, 1.0, 0.5487349629402161, 0.4499238133430481, 0.5869569182395935]",-84.85615421411065
13.650000000000059,233.8323516845703,55.83993911743164,0.09128999710083008,0.0003662109375,0.20000000298023224,"[0.5684908628463745, 0.02419999986886978, 0.0063936710357666016, 0.9659767150878906]","[0.0, 0.0, 4.261057711119065e-06, 4.966666892869398e-05, -0.01592736318707466, 1.0, 0.016333334147930145, 4.261057711119065e-06, 0.0, 0.0, -0.9999986290931702, -0.016283666715025902, 0.0, 0.0]","[1.0, 0.0, 0.0, 1.0728093385696411, 1.0, 0.5487349629402161, 0.4499238133430481, 0.5869569182395935]",-84.07591481065863
13.70000000000006,233.8275604248047,55.83993911743164,0.09880000352859497,0.0003662109375,0.20000000298023224,"[0.5689836740493774, 0.026200000196695328, 0.003086417680606246, 0.9751079678535461]","[0.0, 0.0, 4.261057711119065e-06, 4.966666892869398e-05, -0.01592736318707466, 1.0, 0.016333334147930145, 4.261057711119065e-06, 0.0, 0.0, -0.9999986290931702, -0.016283666715025902, 0.0, 0.0]","[1.0, 0.0, 0.0, 1.0728093385696411, 1.0, 0.5487349629402161, 0.4499238133430481, 0.5869569182395935]",-83.67979007616124
13.75000000000006,233.8229217529297,55.83994674682617,0.08930999785661697,0.0003662109375,0.20000000298023224,"[0.5683609247207642, 0.02370000071823597, 0.005392615217715502, 0.978596568107605]","[0.0, 0.0, 4.261057711119065e-06, 4.966666892869398e-05, -0.01592736318707466, 1.0, 0.016333334147930145, 4.261057711119065e-06, 0.0, 0.0, -0.9999986290931702, -0.016283666715025902, 0.0, 0.0]","[1.0, 0.0, 0.0, 1.0728093385696411, 1.0, 0.5487349629402161, 0.4499238133430481, 0.5869569182395935]",-83.27507385232151
13.800000000000061,233.8181915283203,55.83994674682617,0.09856999665498734,0.0003662109375,0.20000000298023224,"[0.5689685940742493, 0.026200000196695328, 0.004888439550995827, 0.9765520691871643]","[0.0, 0.0, 4.261057711119065e-06, 4.966666892869398e-05, -0.01592736318707466, 1.0, 0.016333334147930145, 4.261057711119065e-06, 0.0, 0.0, -0.9999986290931702, -0.016283666715025902, 0.0, 0.0]","[1.0, 0.0, 0.0, 1.0728093385696411, 1.0, 0.5487349629402161, 0.4499238133430481, 0.5869569182395935]",-82.83826567319763
13.850000000000062,233.81361389160156,55.83994674682617,0.0895100012421608,0.0003662109375,0.20000000298023224,"[0.5683740377426147, 0.023800000548362732, 0.004866198170930147, 0.9769993424415588]","[0.0, 0.0, 4.261057711119065e-06, 4.966666892869398e-05, -0.01592736318707466, 1.0, 0.016333334147930145, 4.261057711119065e-06, 0.0, 0.0, -0.9999986290931702, -0.016283666715025902, 0.0, 0.0]","[1.0, 0.0, 0.0, 1.0728093385696411, 1.0, 0.5487349629402161, 0.4499238133430481, 0.5869569182395935]",-81.92901887055967
13.900000000000063,233.8086700439453,55.83993911743164,0.10305000096559525,0.0003662109375,0.20000000298023224,"[0.5692626237869263, 0.027400000020861626, 0.008005800656974316, 0.9713765382766724]","[0.0, 0.0, 4.261057711119065e-06, 4.966666892869398e-05, -0.01592736318707466, 1.0, 0.016333334147930145, 4.261057711119065e-06, 0.0, 0.0, -0.9999986290931702, -0.016283666715025902, 0.0, 0.0]","[1.0, 0.0, 0.0, 1.0728093385696411, 1.0, 0.5487349629402161, 0.4499238133430481, 0.5869569182395935]",-81.45800819334819
13.950000000000063,233.80389404296875,55.83993911743164,0.09048999845981598,0.0003662109375,0.20000000298023224,"[0.5684383511543274, 0.024000000208616257, 0.00650180084630847, 0.9673902988433838]","[0.0, 0.0, 4.261057711119065e-06, 4.966666892869398e-05, -0.01592736318707466, 1.0, 0.016333334147930145, 4.261057711119065e-06, 0.0, 0.0, -0.9999986290931702, -0.016283666715025902, 0.0, 0.0]","[1.0, 0.0, 0.0, 1.0728093385696411, 1.0, 0.5487349629402161, 0.4499238133430481, 0.5869569182395935]",-80.99308289476781
14.000000000000064,233.7991180419922,55.83994674682617,0.09914000332355499,0.0003662109375,0.20000000298023224,"[0.5690060257911682, 0.02630000002682209, 0.003917626570910215, 0.9737024903297424]","[0.0, 0.0, 4.261057711119065e-06, 4.966666892869398e-05, -0.01592736318707466, 1.0, 0.016333334147930145, 4.261057711119065e-06, 0.0, 0.0, -0.9999986290931702, -0.016283666715025902, 0.0, 0.0]","[1.0, 0.0, 0.0, 1.0728093385696411, 1.0, 0.5487349629402161, 0.4499238133430481, 0.5869569182395935]",-80.53291986615884
14.050000000000065,233.7944793701172,55.83994674682617,0.09074000269174576,0.0003662109375,0.20000000298023224,"[0.5684547424316406, 0.02410000003874302, 0.0045526158064603806, 0.9785903692245483]","[0.0, 0.0, 4.261057711119065e-06, 4.966666892869398e-05, -0.01592736318707466, 1.0, 0.016333334147930145, 4.261057711119065e-06, 0.0, 0.0, -0.9999986290931702, -0.016283666715025902, 0.0, 0.0]","[1.0, 0.0, 0.0, 1.0728093385696411, 1.0, 0.5487349629402161, 0.4499238133430481, 0.5869569182395935]",-79.62918124252766
14.100000000000065,233.7895965576172,55.83993911743164,0.10135000199079514,0.0003662109375,0.20000000298023224,"[0.5691510438919067, 0.026900000870227814, 0.0060509005561470985, 0.9759194254875183]","[0.0, 0.0, 4.261057711119065e-06, 4.966666892869398e-05, -0.01592736318707466, 1.0, 0.016333334147930145, 4.261057711119065e-06, 0.0, 0.0, -0.9999986290931702, -0.016283666715025902, 0.0, 0.0]","[1.0, 0.0, 0.0, 1.0728093385696411, 1.0, 0.5487349629402161, 0.4499238133430481, 0.5869569182395935]",-79.18287911683093
14.150000000000066,233.78488159179688,55.83994674682617,0.09010999649763107,0.0003662109375,0.20000000298023224,"[0.5684133768081665, 0.023900000378489494, 0.0061447033658623695, 0.9726026654243469]","[0.0, 0.0, 4.261057711119065e-06, 4.966666892869398e-05, -0.01592736318707466, 1.0, 0.016333334147930145, 4.261057711119065e-06, 0.0, 0.0, -0.9999986290931702, -0.016283666715025902, 0.0, 0.0]","[1.0, 0.0, 0.0, 1.0728093385696411, 1.0, 0.5487349629402161, 0.4499238133430481, 0.5869569182395935]",-78.74205527724952
14.200000000000067,233.7801055908203,55.83994674682617,0.09839999675750732,0.0003662109375,0.20000000298023224,"[0.5689574480056763, 0.026100000366568565, 0.003903032746165991, 0.9757792353630066]","[0.0, 0.0, 4.261057711119065e-06, 4.966666892869398e-05, -0.01592736318707466, 1.0, 0.016333334147930145, 4.261057711119065e-06, 0.0, 0.0, -0.9999986290931702, -0.016283666715025902, 0.0, 0.0]","[1.0, 0.0, 0.0, 1.0728093385696411, 1.0, 0.5487349629402161, 0.4499238133430481, 0.5869569182395935]",-78.30720257812204
14.250000000000068,233.77536010742188,55.83994674682617,0.09282000362873077,0.0003662109375,0.20000000298023224,"[0.568591296672821, 0.024700000882148743, 0.0026540658436715603, 0.9826858043670654]","[0.0, 0.0, 4.261057711119065e-06, 4.966666892869398e-05, -0.01592736318707466, 1.0, 0.016333334147930145, 4.261057711119065e-06, 0.0, 0.0, -0.9999986290931702, -0.016283666715025902, 0.0, 0.0]","[1.0, 0.0, 0.0, 1.0728093385696411, 1.0, 0.5487349629402161, 0.4499238133430481, 0.5869569182395935]",-77.46039557330094
14.300000000000068,233.77052307128906,55.83994674682617,0.10001000016927719,0.0003662109375,0.20000000298023224,"[0.5690630674362183, 0.026599999517202377, 0.004164219368249178, 0.983803391456604]","[0.0, 0.0, 4.261057711119065e-06, 4.966666892869398e-05, -0.01592736318707466, 1.0, 0.016333334147930145, 4.261057711119065e-06, 0.0, 0.0, -0.9999986290931702, -0.016283666715025902, 0.0, 0.0]","[1.0, 0.0, 0.0, 1.0728093385696411, 1.0, 0.5487349629402161, 0.4499238133430481, 0.5869569182395935]",-77.04272745375833
14.350000000000069,233.76585388183594,55.83994674682617,0.08883000165224075,0.0003662109375,0.20000000298023224,"[0.5683294534683228, 0.023600000888109207, 0.006668219808489084, 0.9767593741416931]","[0.0, 0.0, 4.261057711119065e-06, 4.966666892869398e-05, -0.01592736318707466, 1.0, 0.016333334147930145, 4.261057711119065e-06, 0.0, 0.0, -0.9999986290931702, -0.016283666715025902, 0.0, 0.0]","[1.0, 0.0, 0.0, 1.0728093385696411, 1.0, 0.5487349629402161, 0.4499238133430481, 0.5869569182395935]",-76.62958107380383
14.40000000000007,233.76109313964844,55.83995056152344,0.1003900021314621,0.0003662109375,0.20000000298023224,"[0.5690880417823792, 0.02669999934732914, 0.006262505427002907, 0.971476137638092]","[0.0, 0.0, 4.261057711119065e-06, 4.966666892869398e-05, -0.01592736318707466, 1.0, 0.016333334147930145, 4.261057711119065e-06, 0.0, 0.0, -0.9999986290931702, -0.016283666715025902, 0.0, 0.0]","[1.0, 0.0, 0.0, 1.0728093385696411, 1.0, 0.5487349629402161, 0.4499238133430481, 0.5869569182395935]",-76.22130001635412
14.45000000000007,233.7562713623047,55.83993911743164,0.09143999963998795,0.0003662109375,0.20000000298023224,"[0.5685007572174072, 0.024299999698996544, 0.004334330093115568, 0.9744282960891724]","[0.0, 0.0, 4.261057711119065e-06, 4.966666892869398e-05, -0.01592736318707466, 1.0, 0.016333334147930145, 4.261057711119065e-06, 0.0, 0.0, -0.9999986290931702, -0.016283666715025902, 0.0, 0.0]","[1.0, 0.0, 0.0, 1.0728093385696411, 1.0, 0.5487349629402161, 0.4499238133430481, 0.5869569182395935]",-75.4208234664365
14.500000000000071,233.75143432617188,55.83994674682617,0.09956000000238419,0.0003662109375,0.20000000298023224,"[0.5690335631370544, 0.026399999856948853, 0.004160968121141195, 0.9786922931671143]","[0.0, 0.0, 4.261057711119065e-06, 4.966666892869398e-05, -0.01592736318707466, 1.0, 0.016333334147930145, 4.261057711119065e-06, 0.0, 0.0, -0.9999986290931702, -0.016283666715025902, 0.0, 0.0]","[1.0, 0.0, 0.0, 1.0728093385696411, 1.0, 0.5487349629402161, 0.4499238133430481, 0.5869569182395935]",-75.02490247023289
14.550000000000072,233.74679565429688,55.83994674682617,0.08882000297307968,0.0003662109375,0.20000000298023224,"[0.5683287382125854, 0.023600000888109207, 0.00616703275591135, 0.976249635219574]","[0.0, 0.0, 4.261057711119065e-06, 4.966666892869398e-05, -0.01592736318707466, 1.0, 0.016333334147930145, 4.261057711119065e-06, 0.0, 0.0, -0.9999986290931702, -0.016283666715025902, 0.0, 0.0]","[1.0, 0.0, 0.0, 1.0728093385696411, 1.0, 0.5487349629402161, 0.4499238133430481, 0.5869569182395935]",-74.6328062138701
14.600000000000072,233.7420196533203,55.83994674682617,0.09939999878406525,0.0003662109375,0.20000000298023224,"[0.569023072719574, 0.026399999856948853, 0.005605889484286308, 0.9733381867408752]","[0.0, 0.0, 4.261057711119065e-06, 4.966666892869398e-05, -0.01592736318707466, 1.0, 0.016333334147930145, 4.261057711119065e-06, 0.0, 0.0, -0.9999986290931702, -0.016283666715025902, 0.0, 0.0]","[1.0, 0.0, 0.0, 1.0728093385696411, 1.0, 0.5487349629402161, 0.4499238133430481, 0.5869569182395935]",-74.24473992646593
14.650000000000073,233.73731994628906,55.83994674682617,0.09010999649763107,0.0003662109375,0.20000000298023224,"[0.5684133768081665, 0.023900000378489494, 0.004755252506583929, 0.9752506017684937]","[0.0, 0.0, 4.261057711119065e-06, 4.966666892869398e-05, -0.01592736318707466, 1.0, 0.016333334147930145, 4.261057711119065e-06, 0.0, 0.0, -0.9999986290931702, -0.016283666715025902, 0.0, 0.0]","[1.0, 0.0, 0.0, 1.0728093385696411, 1.0, 0.5487349629402161, 0.4499238133430481, 0.5869569182395935]",-73.66040384799236
14.700000000000074,233.73257446289062,55.83994674682617,0.09853000193834305,0.0003662109375,0.20000000298023224,"[0.5689659714698792, 0.026200000196695328, 0.004327208735048771, 0.9778432250022888]","[0.0, 0.0, 4.261057711119065e-06, 4.966666892869398e-05, -0.01592736318707466, 1.0, 0.016333334147930145, 4.261057711119065e-06, 0.0, 0.0, -0.9999986290931702, -0.016283666715025902, 0.0, 0.0]","[1.0, 0.0, 0.0, 1.0728093385696411, 1.0, 0.5487349629402161, 0.4499238133430481, 0.5869569182395935]",-73.39824695815068
14.750000000000075,233.7278289794922,55.83994674682617,0.09154000133275986,0.0003662109375,0.20000000298023224,"[0.5685072541236877, 0.024299999698996544, 0.003487824695184827, 0.9808216094970703]","[0.0, 0.0, 4.261057711119065e-06, 4.966666892869398e-05, -0.01592736318707466, 1.0, 0.016333334147930145, 4.261057711119065e-06, 0.0, 0.0, -0.9999986290931702, -0.016283666715025902, 0.0, 0.0]","[1.0, 0.0, 0.0, 1.0728093385696411, 1.0, 0.5487349629402161, 0.4499238133430481, 0.5869569182395935]",-73.13725135739745
14.800000000000075,233.7229766845703,55.83994674682617,0.09971000254154205,0.0003662109375,0.20000000298023224,"[0.5690433979034424, 0.026499999687075615, 0.004564133007079363, 0.9809158444404602]","[0.0, 0.0, 4.261057711119065e-06, 4.966666892869398e-05, -0.01592736318707466, 1.0, 0.016333334147930145, 4.261057711119065e-06, 0.0, 0.0, -0.9999986290931702, -0.016283666715025902, 0.0, 0.0]","[1.0, 0.0, 0.0, 1.0728093385696411, 1.0, 0.5487349629402161, 0.4499238133430481, 0.5869569182395935]",-72.86807932798804
14.850000000000076,233.7183074951172,55.83994674682617,0.08912000060081482,0.0003662109375,0.20000000298023224,"[0.5683484673500061, 0.02370000071823597, 0.006101362407207489, 0.976324200630188]","[0.0, 0.0, 4.261057711119065e-06, 4.966666892869398e-05, -0.01592736318707466, 1.0, 0.016333334147930145, 4.261057711119065e-06, 0.0, 0.0, -0.9999986290931702, -0.016283666715025902, 0.0, 0.0]","[1.0, 0.0, 0.0, 1.0728093385696411, 1.0, 0.5487349629402161, 0.4499238133430481, 0.5869569182395935]",-72.29236667064882
14.900000000000077,233.7134552001953,55.83995056152344,0.10349000245332718,0.0003662109375,0.20000000298023224,"[0.5692914724349976, 0.027499999850988388, 0.008401493541896343, 0.968469500541687]","[0.0, 0.0, 4.261057711119065e-06, 4.966666892869398e-05, -0.01592736318707466, 1.0, 0.016333334147930145, 4.261057711119065e-06, 0.0, 0.0, -0.9999986290931702, -0.016283666715025902, 0.0, 0.0]","[1.0, 0.0, 0.0, 1.0728093385696411, 1.0, 0.5487349629402161, 0.4499238133430481, 0.5869569182395935]",-71.99914343402898
14.950000000000077,233.70864868164062,55.83995056152344,0.09148000180721283,0.0003662109375,0.20000000298023224,"[0.5685033202171326, 0.024299999698996544, 0.0059632533229887486, 0.9670471549034119]","[0.0, 0.0, 4.261057711119065e-06, 4.966666892869398e-05, -0.01592736318707466, 1.0, 0.016333334147930145, 4.261057711119065e-06, 0.0, 0.0, -0.9999986290931702, -0.016283666715025902, 0.0, 0.0]","[1.0, 0.0, 0.0, 1.0728093385696411, 1.0, 0.5487349629402161, 0.4499238133430481, 0.5869569182395935]",-71.71271771801445
15.000000000000078,233.70379638671875,55.83995056152344,0.0997999981045723,0.0003662109375,0.20000000298023224,"[0.5690493583679199, 0.026499999687075615, 0.003793758573010564, 0.9748461842536926]","[0.0, 0.0, 4.261057711119065e-06, 4.966666892869398e-05, -0.01592736318707466, 1.0, 0.016333334147930145, 4.261057711119065e-06, 0.0, 0.0, -0.9999986290931702, -0.016283666715025902, 0.0, 0.0]","[1.0, 0.0, 0.0, 1.0728093385696411, 1.0, 0.5487349629402161, 0.4499238133430481, 0.5869569182395935]",-71.41637271797015
15.050000000000079,233.69911193847656,55.83995056152344,0.08897999674081802,0.0003662109375,0.20000000298023224,"[0.5683392882347107, 0.023600000888109207, 0.006187604274600744, 0.975883960723877]","[0.0, 0.0, 4.261057711119065e-06, 4.966666892869398e-05, -0.01592736318707466, 1.0, 0.016333334147930145, 4.261057711119065e-06, 0.0, 0.0, -0.9999986290931702, -0.016283666715025902, 0.0, 0.0]","[1.0, 0.0, 0.0, 1.0728093385696411, 1.0, 0.5487349629402161, 0.4499238133430481, 0.5869569182395935]",-70.73549003403829
15.10000000000008,233.69427490234375,55.8399543762207,0.10256999731063843,0.0003662109375,0.20000000298023224,"[0.5692310929298401, 0.0272000003606081, 0.007868924178183079, 0.9691740870475769]","[0.0, 0.0, 4.261057711119065e-06, 4.966666892869398e-05, -0.01592736318707466, 1.0, 0.016333334147930145, 4.261057711119065e-06, 0.0, 0.0, -0.9999986290931702, -0.016283666715025902, 0.0, 0.0]","[1.0, 0.0, 0.0, 1.0728093385696411, 1.0, 0.5487349629402161, 0.4499238133430481, 0.5869569182395935]",-70.39342198638442
15.15000000000008,233.6893310546875,55.83994674682617,0.09371999651193619,0.0003662109375,0.20000000298023224,"[0.5686503052711487, 0.024900000542402267, 0.003930901177227497, 0.9721097946166992]","[0.0, 0.0, 4.261057711119065e-06, 4.966666892869398e-05, -0.01592736318707466, 1.0, 0.016333334147930145, 4.261057711119065e-06, 0.0, 0.0, -0.9999986290931702, -0.016283666715025902, 0.0, 0.0]","[1.0, 0.0, 0.0, 1.0728093385696411, 1.0, 0.5487349629402161, 0.4499238133430481, 0.5869569182395935]",-70.05233068211639
15.200000000000081,233.68443298339844,55.83994674682617,0.10090000182390213,0.0003662109375,0.20000000298023224,"[0.5691215395927429, 0.026799999177455902, 0.0035032087471336126, 0.9800446033477783]","[0.0, 0.0, 4.261057711119065e-06, 4.966666892869398e-05, -0.01592736318707466, 1.0, 0.016333334147930145, 4.261057711119065e-06, 0.0, 0.0, -0.9999986290931702, -0.016283666715025902, 0.0, 0.0]","[1.0, 0.0, 0.0, 1.0728093385696411, 1.0, 0.5487349629402161, 0.4499238133430481, 0.5869569182395935]",-69.71262197333388
15.250000000000082,233.6797332763672,55.83995056152344,0.08923999965190887,0.0003662109375,0.20000000298023224,"[0.5683563351631165, 0.02370000071823597, 0.006995691452175379, 0.9761139750480652]","[0.0, 0.0, 4.261057711119065e-06, 4.966666892869398e-05, -0.01592736318707466, 1.0, 0.016333334147930145, 4.261057711119065e-06, 0.0, 0.0, -0.9999986290931702, -0.016283666715025902, 0.0, 0.0]","[1.0, 0.0, 0.0, 1.0728093385696411, 1.0, 0.5487349629402161, 0.4499238133430481, 0.5869569182395935]",-69.04631933652787
15.300000000000082,233.67495727539062,55.83994674682617,0.09900999814271927,0.0003662109375,0.20000000298023224,"[0.5689975023269653, 0.02630000002682209, 0.0048947688192129135, 0.9732915163040161]","[0.0, 0.0, 4.261057711119065e-06, 4.966666892869398e-05, -0.01592736318707466, 1.0, 0.016333334147930145, 4.261057711119065e-06, 0.0, 0.0, -0.9999986290931702, -0.016283666715025902, 0.0, 0.0]","[1.0, 0.0, 0.0, 1.0728093385696411, 1.0, 0.5487349629402161, 0.4499238133430481, 0.5869569182395935]",-68.71781883355995
15.350000000000083,233.6700897216797,55.83994674682617,0.09367000311613083,0.0003662109375,0.20000000298023224,"[0.568647027015686, 0.024900000542402267, 0.002103561069816351, 0.9813919067382812]","[0.0, 0.0, 4.261057711119065e-06, 4.966666892869398e-05, -0.01592736318707466, 1.0, 0.016333334147930145, 4.261057711119065e-06, 0.0, 0.0, -0.9999986290931702, -0.016283666715025902, 0.0, 0.0]","[1.0, 0.0, 0.0, 1.0728093385696411, 1.0, 0.5487349629402161, 0.4499238133430481, 0.5869569182395935]",-68.39344808740134
15.400000000000084,233.66519165039062,55.83994674682617,0.1008400022983551,0.0003662109375,0.20000000298023224,"[0.569117546081543, 0.026799999177455902, 0.004125626292079687, 0.9841654896736145]","[0.0, 0.0, 4.261057711119065e-06, 4.966666892869398e-05, -0.01592736318707466, 1.0, 0.016333334147930145, 4.261057711119065e-06, 0.0, 0.0, -0.9999986290931702, -0.016283666715025902, 0.0, 0.0]","[1.0, 0.0, 0.0, 1.0728093385696411, 1.0, 0.5487349629402161, 0.4499238133430481, 0.5869569182395935]",-68.07375120884419
15.450000000000085,233.66046142578125,55.83995056152344,0.0895100012421608,0.0003662109375,0.20000000298023224,"[0.5683740377426147, 0.023800000548362732, 0.0067588575184345245, 0.9765799045562744]","[0.0, 0.0, 4.261057711119065e-06, 4.966666892869398e-05, -0.01592736318707466, 1.0, 0.016333334147930145, 4.261057711119065e-06, 0.0, 0.0, -0.9999986290931702, -0.016283666715025902, 0.0, 0.0]","[1.0, 0.0, 0.0, 1.0728093385696411, 1.0, 0.5487349629402161, 0.4499238133430481, 0.5869569182395935]",-67.45127052361322
15.500000000000085,233.65565490722656,55.83994674682617,0.10030999779701233,0.0003662109375,0.20000000298023224,"[0.5690827965736389, 0.026599999517202377, 0.005717098247259855, 0.9723105430603027]","[0.0, 0.0, 4.261057711119065e-06, 4.966666892869398e-05, -0.01592736318707466, 1.0, 0.016333334147930145, 4.261057711119065e-06, 0.0, 0.0, -0.9999986290931702, -0.016283666715025902, 0.0, 0.0]","[1.0, 0.0, 0.0, 1.0728093385696411, 1.0, 0.5487349629402161, 0.4499238133430481, 0.5869569182395935]",-67.14584076596783
15.550000000000086,233.6509552001953,55.83995056152344,0.08957000076770782,0.0003662109375,0.20000000298023224,"[0.5683779716491699, 0.023800000548362732, 0.005725099705159664, 0.9730090498924255]","[0.0, 0.0, 4.261057711119065e-06, 4.966666892869398e-05, -0.01592736318707466, 1.0, 0.016333334147930145, 4.261057711119065e-06, 0.0, 0.0, -0.9999986290931702, -0.016283666715025902, 0.0, 0.0]","[1.0, 0.0, 0.0, 1.0728093385696411, 1.0, 0.5487349629402161, 0.4499238133430481, 0.5869569182395935]",-66.84540420245335
15.600000000000087,233.64614868164062,55.83995056152344,0.0996600016951561,0.0003662109375,0.20000000298023224,"[0.5690401196479797, 0.026499999687075615, 0.005270769353955984, 0.9739469289779663]","[0.0, 0.0, 4.261057711119065e-06, 4.966666892869398e-05, -0.01592736318707466, 1.0, 0.016333334147930145, 4.261057711119065e-06, 0.0, 0.0, -0.9999986290931702, -0.016283666715025902, 0.0, 0.0]","[1.0, 0.0, 0.0, 1.0728093385696411, 1.0, 0.5487349629402161, 0.4499238133430481, 0.5869569182395935]",-66.54988889291815
15.650000000000087,233.6414031982422,55.83994674682617,0.09057000279426575,0.0003662109375,0.20000000298023224,"[0.5684435963630676, 0.02410000003874302, 0.004663560539484024, 0.9760569334030151]","[0.0, 0.0, 4.261057711119065e-06, 4.966666892869398e-05, -0.01592736318707466, 1.0, 0.016333334147930145, 4.261057711119065e-06, 0.0, 0.0, -0.9999986290931702, -0.016283666715025902, 0.0, 0.0]","[1.0, 0.0, 0.0, 1.0728093385696411, 1.0, 0.5487349629402161, 0.4499238133430481, 0.5869569182395935]",-65.97655307037006
15.700000000000088,233.63661193847656,55.83995056152344,0.09909000247716904,0.0003662109375,0.20000000298023224,"[0.5690027475357056, 0.02630000002682209, 0.004445010330528021, 0.978013277053833]","[0.0, 0.0, 4.261057711119065e-06, 4.966666892869398e-05, -0.01592736318707466, 1.0, 0.016333334147930145, 4.261057711119065e-06, 0.0, 0.0, -0.9999986290931702, -0.016283666715025902, 0.0, 0.0]","[1.0, 0.0, 0.0, 1.0728093385696411, 1.0, 0.5487349629402161, 0.4499238133430481, 0.5869569182395935]",-65.72724025590499
15.750000000000089,233.63194274902344,55.83995056152344,0.09070000052452087,0.0003662109375,0.20000000298023224,"[0.5684521198272705, 0.02410000003874302, 0.004510768689215183, 0.9787470102310181]","[0.0, 0.0, 4.261057711119065e-06, 4.966666892869398e-05, -0.01592736318707466, 1.0, 0.016333334147930145, 4.261057711119065e-06, 0.0, 0.0, -0.9999986290931702, -0.016283666715025902, 0.0, 0.0]","[1.0, 0.0, 0.0, 1.0728093385696411, 1.0, 0.5487349629402161, 0.4499238133430481, 0.5869569182395935]",-65.53822233811923
15.80000000000009,233.62713623046875,55.83995056152344,0.09877000004053116,0.0003662109375,0.20000000298023224,"[0.5689817667007446, 0.026200000196695328, 0.004248438868671656, 0.9793587923049927]","[0.0, 0.0, 4.261057711119065e-06, 4.966666892869398e-05, -0.01592736318707466, 1.0, 0.016333334147930145, 4.261057711119065e-06, 0.0, 0.0, -0.9999986290931702, -0.016283666715025902, 0.0, 0.0]","[1.0, 0.0, 0.0, 1.0728093385696411, 1.0, 0.5487349629402161, 0.4499238133430481, 0.5869569182395935]",-65.33257628834014
15.85000000000009,233.6223602294922,55.83995056152344,0.09527000039815903,0.0003662109375,0.20000000298023224,"[0.5687520503997803, 0.025299999862909317, 0.0013283519074320793, 0.9856138825416565]","[0.0, 0.0, 4.261057711119065e-06, 4.966666892869398e-05, -0.01592736318707466, 1.0, 0.016333334147930145, 4.261057711119065e-06, 0.0, 0.0, -0.9999986290931702, -0.016283666715025902, 0.0, 0.0]","[1.0, 0.0, 0.0, 1.0728093385696411, 1.0, 0.5487349629402161, 0.4499238133430481, 0.5869569182395935]",-65.1178463841988
