scenario,route_completion,driving_score,pref_score,reward,collision_env_rate,collision_car_rate,dist_to_center,lane_invasion_rate,speeding_rate,episode_duration,route_completion_std,driving_score_std,pref_score_std,reward_std,collision_env_rate_std,collision_car_rate_std,dist_to_center_std,lane_invasion_rate_std,speeding_rate_std,episode_duration_std
intersection,0.433,0.064,0.525,2122.922,0.217,0.0,1.783,0.531,226.85,674.6,0.386,0.012,0.035,1782.212,0.189,0.0,0.233,0.096,279.346,530.701
traffic_high,0.412,0.156,0.53,2045.3909912109373,0.313,0.0,2.435,0.367,227.447,748.2,0.025,0.134,0.013,210.9720001220703,0.258,0.0,0.215,0.119,190.174,64.322
traffic_low,0.98,0.834,0.52,1561.6829833984375,0.0,0.0,2.096,0.427,0.0,542.0,0.0,0.015,0.021,94.06500244140624,0.0,0.0,0.116,0.045,0.0,23.571
tunnel,0.538,0.45,0.454,1131.4129638671875,0.0,0.0,1.511,0.117,0.0,405.8,0.01,0.006,0.014,13.866999626159668,0.0,0.0,0.116,0.033,0.0,18.946
roundabout,0.272,0.05,0.538,445.822998046875,1.863,0.0,1.861,0.248,0.0,161.0,0.0,0.0,0.0,0.0020000000949949,0.0,0.0,0.0,0.0,0.0,0.0
highway,0.082,0.05,0.354,162.84500122070312,0.0,0.0,1.64,0.973,0.0,82.2,0.0,0.0,0.0,0.5189999938011169,0.0,0.0,0.021,0.005,0.0,0.4
crossing,0.571,0.106,0.483,781.3880004882812,0.93,0.0,2.517,0.304,0.0,367.0,0.001,0.022,0.013,50.67300033569336,0.153,0.0,0.264,0.079,0.0,11.189
mean,0.47,0.244,0.486,1178.781,0.475,0.0,1.978,0.424,64.9,425.829,0.06,0.027,0.014,307.473,0.086,0.0,0.138,0.054,67.074,92.733
